ply
format ascii 1.0
element vertex 8598
property float x
property float y
property float z
property uchar red
property uchar green
property uchar blue
end_header
20 0 0 158 216 229
20 1 0 158 216 229
20 2 0 158 216 229
20 3 0 158 216 229
20 4 0 158 216 229
20 5 0 158 216 229
20 6 0 158 216 229
20 7 0 158 216 229
20 8 0 158 216 229
20 9 0 158 216 229
20 10 0 158 216 229
20 11 0 158 216 229
20 12 0 158 216 229
20 13 0 158 216 229
20 14 0 158 216 229
20 15 0 158 216 229
20 16 0 158 216 229
20 17 0 158 216 229
20 18 0 158 216 229
20 19 0 158 216 229
20 20 0 158 216 229
20 21 0 158 216 229
20 22 0 158 216 229
20 23 0 158 216 229
20 24 0 158 216 229
20 25 0 158 216 229
20 26 0 158 216 229
20 27 0 158 216 229
20 28 0 158 216 229
20 29 0 158 216 229
20 30 0 158 216 229
20 31 0 158 216 229
20 32 0 158 216 229
21 0 0 43 160 4
21 0 1 158 216 229
21 1 0 158 216 229
21 1 1 158 216 229
21 2 0 158 216 229
21 2 1 158 216 229
21 3 0 158 216 229
21 3 1 158 216 229
21 4 0 158 216 229
21 4 1 158 216 229
21 5 0 158 216 229
21 5 1 158 216 229
21 6 0 158 216 229
21 6 1 158 216 229
21 7 0 158 216 229
21 7 1 158 216 229
21 8 0 158 216 229
21 8 1 158 216 229
21 9 0 158 216 229
21 9 1 158 216 229
21 10 0 158 216 229
21 10 1 158 216 229
21 11 0 158 216 229
21 11 1 158 216 229
21 12 0 158 216 229
21 12 1 158 216 229
21 13 0 158 216 229
21 13 1 158 216 229
21 14 0 158 216 229
21 14 1 158 216 229
21 15 0 158 216 229
21 15 1 158 216 229
21 16 0 158 216 229
21 16 1 158 216 229
21 17 0 158 216 229
21 17 1 158 216 229
21 18 0 158 216 229
21 18 1 158 216 229
21 19 0 158 216 229
21 19 1 158 216 229
21 20 0 158 216 229
21 20 1 158 216 229
21 21 0 158 216 229
21 21 1 158 216 229
21 22 0 158 216 229
21 22 1 158 216 229
21 23 0 158 216 229
21 23 1 158 216 229
21 24 0 158 216 229
21 24 1 158 216 229
21 25 0 158 216 229
21 25 1 158 216 229
21 26 0 158 216 229
21 26 1 158 216 229
21 27 0 158 216 229
21 27 1 158 216 229
21 28 0 158 216 229
21 28 1 158 216 229
21 29 0 158 216 229
21 29 1 158 216 229
21 30 0 158 216 229
21 30 1 158 216 229
21 31 0 158 216 229
21 31 1 158 216 229
21 32 0 214 38 40
21 32 1 158 216 229
22 0 0 43 160 4
22 0 1 43 160 4
22 0 2 43 160 4
22 1 1 158 216 229
22 1 2 158 216 229
22 1 3 158 216 229
22 2 1 158 216 229
22 2 2 158 216 229
22 2 3 158 216 229
22 3 1 158 216 229
22 3 2 158 216 229
22 3 3 158 216 229
22 4 1 158 216 229
22 4 2 158 216 229
22 4 3 158 216 229
22 5 1 158 216 229
22 5 2 158 216 229
22 5 3 158 216 229
22 6 1 158 216 229
22 6 2 158 216 229
22 6 3 158 216 229
22 7 1 158 216 229
22 7 2 158 216 229
22 7 3 158 216 229
22 8 1 158 216 229
22 8 2 158 216 229
22 8 3 158 216 229
22 9 1 158 216 229
22 9 2 158 216 229
22 9 3 158 216 229
22 10 1 158 216 229
22 10 2 158 216 229
22 10 3 158 216 229
22 11 1 158 216 229
22 11 2 158 216 229
22 11 3 158 216 229
22 12 1 158 216 229
22 12 2 158 216 229
22 12 3 158 216 229
22 13 1 158 216 229
22 13 2 158 216 229
22 13 3 158 216 229
22 14 1 158 216 229
22 14 2 158 216 229
22 14 3 158 216 229
22 15 1 158 216 229
22 15 2 158 216 229
22 15 3 158 216 229
22 16 1 158 216 229
22 16 2 158 216 229
22 16 3 158 216 229
22 17 1 158 216 229
22 17 2 158 216 229
22 17 3 158 216 229
22 18 1 158 216 229
22 18 2 158 216 229
22 18 3 158 216 229
22 19 1 158 216 229
22 19 2 158 216 229
22 19 3 158 216 229
22 20 1 158 216 229
22 20 2 158 216 229
22 20 3 158 216 229
22 21 1 158 216 229
22 21 2 158 216 229
22 21 3 158 216 229
22 22 1 158 216 229
22 22 2 158 216 229
22 22 3 158 216 229
22 23 1 158 216 229
22 23 2 158 216 229
22 23 3 158 216 229
22 24 1 158 216 229
22 24 2 158 216 229
22 24 3 158 216 229
22 25 1 158 216 229
22 25 2 158 216 229
22 25 3 158 216 229
22 26 1 158 216 229
22 26 2 158 216 229
22 26 3 158 216 229
22 27 1 158 216 229
22 27 2 158 216 229
22 27 3 158 216 229
22 28 1 158 216 229
22 28 2 158 216 229
22 28 3 158 216 229
22 29 1 158 216 229
22 29 2 158 216 229
22 29 3 158 216 229
22 30 1 158 216 229
22 30 2 158 216 229
22 30 3 158 216 229
22 31 1 158 216 229
22 31 2 158 216 229
22 31 3 158 216 229
22 32 0 214 38 40
22 32 1 214 38 40
22 32 2 158 216 229
22 32 3 158 216 229
23 0 0 43 160 4
23 0 1 43 160 4
23 0 2 43 160 4
23 0 3 43 160 4
23 0 4 158 216 229
23 1 3 158 216 229
23 1 4 158 216 229
23 2 3 158 216 229
23 2 4 158 216 229
23 3 3 158 216 229
23 3 4 158 216 229
23 4 3 158 216 229
23 4 4 158 216 229
23 5 3 158 216 229
23 5 4 158 216 229
23 6 3 158 216 229
23 6 4 158 216 229
23 7 3 158 216 229
23 7 4 158 216 229
23 8 3 158 216 229
23 8 4 158 216 229
23 9 3 158 216 229
23 9 4 158 216 229
23 10 3 158 216 229
23 10 4 158 216 229
23 11 3 158 216 229
23 11 4 158 216 229
23 12 3 158 216 229
23 12 4 158 216 229
23 13 3 158 216 229
23 13 4 158 216 229
23 14 3 158 216 229
23 14 4 158 216 229
23 15 3 158 216 229
23 15 4 158 216 229
23 16 3 158 216 229
23 16 4 158 216 229
23 17 3 158 216 229
23 17 4 158 216 229
23 18 3 158 216 229
23 18 4 158 216 229
23 19 3 158 216 229
23 19 4 158 216 229
23 20 3 158 216 229
23 20 4 158 216 229
23 21 3 158 216 229
23 21 4 158 216 229
23 22 3 158 216 229
23 22 4 158 216 229
23 23 3 158 216 229
23 23 4 158 216 229
23 24 3 158 216 229
23 24 4 158 216 229
23 25 3 158 216 229
23 25 4 158 216 229
23 26 3 158 216 229
23 26 4 158 216 229
23 27 3 158 216 229
23 27 4 158 216 229
23 28 3 158 216 229
23 28 4 158 216 229
23 29 3 158 216 229
23 29 4 158 216 229
23 30 3 158 216 229
23 30 4 158 216 229
23 31 3 158 216 229
23 31 4 158 216 229
23 32 0 214 38 40
23 32 1 214 38 40
23 32 2 214 38 40
23 32 3 214 38 40
23 32 4 158 216 229
24 0 0 43 160 4
24 0 1 43 160 4
24 0 2 43 160 4
24 0 3 43 160 4
24 0 4 43 160 4
24 0 5 43 160 4
24 1 4 158 216 229
24 1 5 158 216 229
24 1 6 158 216 229
24 2 4 158 216 229
24 2 5 158 216 229
24 2 6 158 216 229
24 3 4 158 216 229
24 3 5 158 216 229
24 3 6 158 216 229
24 4 4 158 216 229
24 4 5 158 216 229
24 4 6 158 216 229
24 5 4 158 216 229
24 5 5 158 216 229
24 5 6 158 216 229
24 6 4 158 216 229
24 6 5 158 216 229
24 6 6 158 216 229
24 7 4 158 216 229
24 7 5 158 216 229
24 7 6 158 216 229
24 8 4 158 216 229
24 8 5 158 216 229
24 8 6 158 216 229
24 9 4 158 216 229
24 9 5 158 216 229
24 9 6 158 216 229
24 10 4 158 216 229
24 10 5 158 216 229
24 10 6 158 216 229
24 11 4 158 216 229
24 11 5 158 216 229
24 11 6 158 216 229
24 12 4 158 216 229
24 12 5 158 216 229
24 12 6 158 216 229
24 13 4 158 216 229
24 13 5 158 216 229
24 13 6 158 216 229
24 14 4 158 216 229
24 14 5 158 216 229
24 14 6 158 216 229
24 15 4 158 216 229
24 15 5 158 216 229
24 15 6 158 216 229
24 16 4 158 216 229
24 16 5 158 216 229
24 16 6 158 216 229
24 17 4 158 216 229
24 17 5 158 216 229
24 17 6 158 216 229
24 18 4 158 216 229
24 18 5 158 216 229
24 18 6 158 216 229
24 19 4 158 216 229
24 19 5 158 216 229
24 19 6 158 216 229
24 20 4 158 216 229
24 20 5 158 216 229
24 20 6 158 216 229
24 21 4 158 216 229
24 21 5 158 216 229
24 21 6 158 216 229
24 22 4 158 216 229
24 22 5 158 216 229
24 22 6 158 216 229
24 23 4 158 216 229
24 23 5 158 216 229
24 23 6 158 216 229
24 24 4 158 216 229
24 24 5 158 216 229
24 24 6 158 216 229
24 25 4 158 216 229
24 25 5 158 216 229
24 25 6 158 216 229
24 26 4 158 216 229
24 26 5 158 216 229
24 26 6 158 216 229
24 27 4 158 216 229
24 27 5 158 216 229
24 27 6 158 216 229
24 28 4 158 216 229
24 28 5 158 216 229
24 28 6 158 216 229
24 29 4 158 216 229
24 29 5 158 216 229
24 29 6 158 216 229
24 30 4 158 216 229
24 30 5 158 216 229
24 30 6 158 216 229
24 31 4 158 216 229
24 31 5 158 216 229
24 31 6 158 216 229
24 32 0 214 38 40
24 32 1 214 38 40
24 32 2 214 38 40
24 32 3 214 38 40
24 32 4 214 38 40
24 32 5 158 216 229
24 32 6 158 216 229
25 0 0 43 160 4
25 0 1 43 160 4
25 0 2 43 160 4
25 0 3 43 160 4
25 0 4 43 160 4
25 0 5 43 160 4
25 0 6 43 160 4
25 0 7 158 216 229
25 1 6 158 216 229
25 1 7 158 216 229
25 2 6 158 216 229
25 2 7 158 216 229
25 3 6 158 216 229
25 3 7 158 216 229
25 4 6 158 216 229
25 4 7 158 216 229
25 5 6 158 216 229
25 5 7 158 216 229
25 6 6 158 216 229
25 6 7 158 216 229
25 7 6 158 216 229
25 7 7 158 216 229
25 8 6 158 216 229
25 8 7 158 216 229
25 9 6 158 216 229
25 9 7 158 216 229
25 10 6 158 216 229
25 10 7 158 216 229
25 11 6 158 216 229
25 11 7 158 216 229
25 12 6 158 216 229
25 12 7 158 216 229
25 13 6 158 216 229
25 13 7 158 216 229
25 14 6 158 216 229
25 14 7 158 216 229
25 15 6 158 216 229
25 15 7 158 216 229
25 16 6 158 216 229
25 16 7 158 216 229
25 17 6 158 216 229
25 17 7 158 216 229
25 18 6 158 216 229
25 18 7 158 216 229
25 19 6 158 216 229
25 19 7 158 216 229
25 20 6 158 216 229
25 20 7 158 216 229
25 21 6 158 216 229
25 21 7 158 216 229
25 22 6 158 216 229
25 22 7 158 216 229
25 23 6 158 216 229
25 23 7 158 216 229
25 24 6 158 216 229
25 24 7 158 216 229
25 25 6 158 216 229
25 25 7 158 216 229
25 26 6 158 216 229
25 26 7 158 216 229
25 27 6 158 216 229
25 27 7 158 216 229
25 28 6 158 216 229
25 28 7 158 216 229
25 29 6 158 216 229
25 29 7 158 216 229
25 30 6 158 216 229
25 30 7 158 216 229
25 31 6 158 216 229
25 31 7 158 216 229
25 32 0 214 38 40
25 32 1 214 38 40
25 32 2 214 38 40
25 32 3 214 38 40
25 32 4 214 38 40
25 32 5 214 38 40
25 32 6 214 38 40
25 32 7 158 216 229
26 0 0 43 160 4
26 0 1 43 160 4
26 0 2 43 160 4
26 0 3 43 160 4
26 0 4 43 160 4
26 0 5 43 160 4
26 0 6 43 160 4
26 0 7 43 160 4
26 0 8 43 160 4
26 1 7 158 216 229
26 1 8 158 216 229
26 1 9 158 216 229
26 2 7 158 216 229
26 2 8 158 216 229
26 2 9 158 216 229
26 3 7 158 216 229
26 3 8 158 216 229
26 3 9 158 216 229
26 4 7 158 216 229
26 4 8 158 216 229
26 4 9 158 216 229
26 5 7 158 216 229
26 5 8 158 216 229
26 5 9 158 216 229
26 6 7 158 216 229
26 6 8 158 216 229
26 6 9 158 216 229
26 7 7 158 216 229
26 7 8 158 216 229
26 7 9 158 216 229
26 8 7 158 216 229
26 8 8 158 216 229
26 8 9 158 216 229
26 9 7 158 216 229
26 9 8 158 216 229
26 9 9 158 216 229
26 10 7 158 216 229
26 10 8 158 216 229
26 10 9 158 216 229
26 11 7 158 216 229
26 11 8 158 216 229
26 11 9 158 216 229
26 12 7 158 216 229
26 12 8 158 216 229
26 12 9 158 216 229
26 13 7 158 216 229
26 13 8 158 216 229
26 13 9 158 216 229
26 14 7 158 216 229
26 14 8 158 216 229
26 14 9 158 216 229
26 15 7 158 216 229
26 15 8 158 216 229
26 15 9 158 216 229
26 16 7 158 216 229
26 16 8 158 216 229
26 16 9 158 216 229
26 17 7 158 216 229
26 17 8 158 216 229
26 17 9 158 216 229
26 18 7 158 216 229
26 18 8 158 216 229
26 18 9 158 216 229
26 19 7 158 216 229
26 19 8 158 216 229
26 19 9 158 216 229
26 20 7 158 216 229
26 20 8 158 216 229
26 20 9 158 216 229
26 21 7 158 216 229
26 21 8 158 216 229
26 21 9 158 216 229
26 22 7 158 216 229
26 22 8 158 216 229
26 22 9 158 216 229
26 23 7 158 216 229
26 23 8 158 216 229
26 23 9 158 216 229
26 24 7 158 216 229
26 24 8 158 216 229
26 24 9 158 216 229
26 25 7 158 216 229
26 25 8 158 216 229
26 25 9 158 216 229
26 26 7 158 216 229
26 26 8 158 216 229
26 26 9 158 216 229
26 27 7 158 216 229
26 27 8 158 216 229
26 27 9 158 216 229
26 28 7 158 216 229
26 28 8 158 216 229
26 28 9 158 216 229
26 29 7 158 216 229
26 29 8 158 216 229
26 29 9 158 216 229
26 30 7 158 216 229
26 30 8 158 216 229
26 30 9 158 216 229
26 31 7 158 216 229
26 31 8 158 216 229
26 31 9 158 216 229
26 32 0 214 38 40
26 32 1 214 38 40
26 32 2 214 38 40
26 32 3 214 38 40
26 32 4 214 38 40
26 32 5 214 38 40
26 32 6 214 38 40
26 32 7 214 38 40
26 32 8 158 216 229
26 32 9 158 216 229
27 0 0 43 160 4
27 0 1 43 160 4
27 0 2 43 160 4
27 0 3 43 160 4
27 0 4 43 160 4
27 0 5 43 160 4
27 0 6 43 160 4
27 0 7 43 160 4
27 0 8 43 160 4
27 0 9 43 160 4
27 0 10 158 216 229
27 1 9 158 216 229
27 1 10 158 216 229
27 2 9 158 216 229
27 2 10 158 216 229
27 3 9 158 216 229
27 3 10 158 216 229
27 4 9 158 216 229
27 4 10 158 216 229
27 5 9 158 216 229
27 5 10 158 216 229
27 6 9 158 216 229
27 6 10 158 216 229
27 7 9 158 216 229
27 7 10 158 216 229
27 8 9 158 216 229
27 8 10 158 216 229
27 9 9 158 216 229
27 9 10 158 216 229
27 10 9 158 216 229
27 10 10 158 216 229
27 11 9 158 216 229
27 11 10 158 216 229
27 12 9 158 216 229
27 12 10 158 216 229
27 13 9 158 216 229
27 13 10 158 216 229
27 14 9 158 216 229
27 14 10 158 216 229
27 15 9 158 216 229
27 15 10 158 216 229
27 16 9 158 216 229
27 16 10 158 216 229
27 17 9 158 216 229
27 17 10 158 216 229
27 18 9 158 216 229
27 18 10 158 216 229
27 19 9 158 216 229
27 19 10 158 216 229
27 20 9 158 216 229
27 20 10 158 216 229
27 21 9 158 216 229
27 21 10 158 216 229
27 22 9 158 216 229
27 22 10 158 216 229
27 23 9 158 216 229
27 23 10 158 216 229
27 24 9 158 216 229
27 24 10 158 216 229
27 25 9 158 216 229
27 25 10 158 216 229
27 26 9 158 216 229
27 26 10 158 216 229
27 27 9 158 216 229
27 27 10 158 216 229
27 28 9 158 216 229
27 28 10 158 216 229
27 29 9 158 216 229
27 29 10 158 216 229
27 30 9 158 216 229
27 30 10 158 216 229
27 31 9 158 216 229
27 31 10 158 216 229
27 32 0 214 38 40
27 32 1 214 38 40
27 32 2 214 38 40
27 32 3 214 38 40
27 32 4 214 38 40
27 32 5 214 38 40
27 32 6 214 38 40
27 32 7 214 38 40
27 32 8 214 38 40
27 32 9 214 38 40
27 32 10 158 216 229
28 0 0 43 160 4
28 0 1 43 160 4
28 0 2 43 160 4
28 0 3 43 160 4
28 0 4 43 160 4
28 0 5 43 160 4
28 0 6 43 160 4
28 0 7 43 160 4
28 0 8 43 160 4
28 0 9 43 160 4
28 0 10 43 160 4
28 0 11 114 158 206
28 0 12 114 158 206
28 1 10 158 216 229
28 1 11 158 216 229
28 1 12 114 158 206
28 1 13 114 158 206
28 2 10 158 216 229
28 2 11 158 216 229
28 2 12 114 158 206
28 2 13 114 158 206
28 3 10 158 216 229
28 3 11 158 216 229
28 3 12 114 158 206
28 3 13 114 158 206
28 4 10 158 216 229
28 4 11 158 216 229
28 4 12 114 158 206
28 4 13 114 158 206
28 5 10 158 216 229
28 5 11 158 216 229
28 5 12 114 158 206
28 5 13 114 158 206
28 6 10 158 216 229
28 6 11 158 216 229
28 6 12 114 158 206
28 6 13 114 158 206
28 7 10 158 216 229
28 7 11 158 216 229
28 7 12 114 158 206
28 7 13 114 158 206
28 8 10 158 216 229
28 8 11 158 216 229
28 8 12 114 158 206
28 8 13 114 158 206
28 9 10 158 216 229
28 9 11 158 216 229
28 9 12 114 158 206
28 9 13 114 158 206
28 10 10 158 216 229
28 10 11 158 216 229
28 10 12 114 158 206
28 10 13 114 158 206
28 11 10 158 216 229
28 11 11 158 216 229
28 11 12 114 158 206
28 11 13 114 158 206
28 12 10 158 216 229
28 12 11 158 216 229
28 12 12 114 158 206
28 12 13 114 158 206
28 13 10 158 216 229
28 13 11 158 216 229
28 13 12 114 158 206
28 13 13 114 158 206
28 14 10 158 216 229
28 14 11 158 216 229
28 14 12 114 158 206
28 14 13 114 158 206
28 15 10 158 216 229
28 15 11 158 216 229
28 15 12 114 158 206
28 15 13 114 158 206
28 16 10 158 216 229
28 16 11 158 216 229
28 16 12 114 158 206
28 16 13 114 158 206
28 17 10 158 216 229
28 17 11 158 216 229
28 17 12 114 158 206
28 17 13 114 158 206
28 18 10 158 216 229
28 18 11 158 216 229
28 18 12 114 158 206
28 18 13 114 158 206
28 19 10 158 216 229
28 19 11 158 216 229
28 19 12 114 158 206
28 19 13 114 158 206
28 20 10 158 216 229
28 20 11 158 216 229
28 20 12 114 158 206
28 20 13 114 158 206
28 21 10 158 216 229
28 21 11 158 216 229
28 21 12 114 158 206
28 21 13 114 158 206
28 22 10 158 216 229
28 22 11 158 216 229
28 22 12 114 158 206
28 22 13 114 158 206
28 23 10 158 216 229
28 23 11 158 216 229
28 23 12 114 158 206
28 23 13 114 158 206
28 24 10 158 216 229
28 24 11 158 216 229
28 24 12 114 158 206
28 24 13 114 158 206
28 25 10 158 216 229
28 25 11 158 216 229
28 25 12 114 158 206
28 25 13 114 158 206
28 26 10 158 216 229
28 26 11 158 216 229
28 26 12 114 158 206
28 26 13 114 158 206
28 27 10 158 216 229
28 27 11 158 216 229
28 27 12 114 158 206
28 27 13 114 158 206
28 28 10 158 216 229
28 28 11 158 216 229
28 28 12 114 158 206
28 28 13 114 158 206
28 29 10 158 216 229
28 29 11 158 216 229
28 29 12 114 158 206
28 29 13 114 158 206
28 30 10 158 216 229
28 30 11 158 216 229
28 30 12 114 158 206
28 30 13 114 158 206
28 31 10 158 216 229
28 31 11 158 216 229
28 31 12 114 158 206
28 32 0 214 38 40
28 32 1 214 38 40
28 32 2 214 38 40
28 32 3 214 38 40
28 32 4 214 38 40
28 32 5 214 38 40
28 32 6 214 38 40
28 32 7 214 38 40
28 32 8 214 38 40
28 32 9 214 38 40
28 32 10 214 38 40
28 32 11 158 216 229
29 0 0 43 160 4
29 0 1 43 160 4
29 0 2 43 160 4
29 0 3 43 160 4
29 0 4 43 160 4
29 0 5 43 160 4
29 0 6 43 160 4
29 0 7 43 160 4
29 0 8 43 160 4
29 0 9 43 160 4
29 0 10 43 160 4
29 0 11 43 160 4
29 0 12 114 158 206
29 0 13 114 158 206
29 0 14 114 158 206
29 1 11 114 158 206
29 1 12 114 158 206
29 1 13 114 158 206
29 1 14 114 158 206
29 2 11 114 158 206
29 2 12 114 158 206
29 2 13 114 158 206
29 2 14 114 158 206
29 3 11 114 158 206
29 3 12 114 158 206
29 3 13 114 158 206
29 3 14 114 158 206
29 4 11 114 158 206
29 4 12 114 158 206
29 4 13 114 158 206
29 4 14 114 158 206
29 5 11 114 158 206
29 5 12 114 158 206
29 5 13 114 158 206
29 5 14 114 158 206
29 6 11 114 158 206
29 6 12 114 158 206
29 6 13 114 158 206
29 6 14 114 158 206
29 7 11 114 158 206
29 7 12 114 158 206
29 7 13 114 158 206
29 7 14 114 158 206
29 8 11 114 158 206
29 8 12 114 158 206
29 8 13 114 158 206
29 8 14 114 158 206
29 9 11 114 158 206
29 9 12 114 158 206
29 9 13 114 158 206
29 9 14 114 158 206
29 10 11 114 158 206
29 10 12 114 158 206
29 10 13 114 158 206
29 10 14 114 158 206
29 11 11 114 158 206
29 11 12 114 158 206
29 11 13 114 158 206
29 11 14 114 158 206
29 12 11 114 158 206
29 12 12 114 158 206
29 12 13 114 158 206
29 12 14 114 158 206
29 13 11 114 158 206
29 13 12 114 158 206
29 13 13 114 158 206
29 13 14 114 158 206
29 14 11 114 158 206
29 14 12 114 158 206
29 14 13 114 158 206
29 14 14 114 158 206
29 15 11 114 158 206
29 15 12 114 158 206
29 15 13 114 158 206
29 15 14 114 158 206
29 16 11 114 158 206
29 16 12 114 158 206
29 16 13 114 158 206
29 16 14 114 158 206
29 17 11 114 158 206
29 17 12 114 158 206
29 17 13 114 158 206
29 17 14 114 158 206
29 18 11 114 158 206
29 18 12 114 158 206
29 18 13 114 158 206
29 18 14 114 158 206
29 19 11 114 158 206
29 19 12 114 158 206
29 19 13 114 158 206
29 19 14 114 158 206
29 20 11 114 158 206
29 20 12 114 158 206
29 20 13 114 158 206
29 20 14 114 158 206
29 21 11 114 158 206
29 21 12 114 158 206
29 21 13 114 158 206
29 21 14 114 158 206
29 22 11 114 158 206
29 22 12 114 158 206
29 22 13 114 158 206
29 22 14 114 158 206
29 23 11 114 158 206
29 23 12 114 158 206
29 23 13 114 158 206
29 23 14 114 158 206
29 24 11 114 158 206
29 24 12 114 158 206
29 24 13 114 158 206
29 24 14 114 158 206
29 25 11 114 158 206
29 25 12 114 158 206
29 25 13 114 158 206
29 25 14 114 158 206
29 26 11 114 158 206
29 26 12 114 158 206
29 26 13 114 158 206
29 26 14 114 158 206
29 27 11 114 158 206
29 27 12 114 158 206
29 27 13 114 158 206
29 27 14 114 158 206
29 28 11 114 158 206
29 28 12 114 158 206
29 28 13 114 158 206
29 28 14 114 158 206
29 29 11 114 158 206
29 29 12 114 158 206
29 29 13 114 158 206
29 29 14 114 158 206
29 30 11 114 158 206
29 30 12 114 158 206
29 30 13 114 158 206
29 30 14 114 158 206
29 31 11 114 158 206
29 31 12 114 158 206
29 31 13 114 158 206
29 31 14 114 158 206
29 32 0 214 38 40
29 32 1 214 38 40
29 32 2 214 38 40
29 32 3 214 38 40
29 32 4 214 38 40
29 32 5 214 38 40
29 32 6 214 38 40
29 32 7 214 38 40
29 32 8 214 38 40
29 32 9 214 38 40
29 32 10 214 38 40
29 32 11 214 38 40
29 32 12 214 38 40
29 32 13 158 216 229
30 0 0 43 160 4
30 0 1 43 160 4
30 0 2 255 186 119
30 0 3 43 160 4
30 0 4 43 160 4
30 0 5 43 160 4
30 0 6 43 160 4
30 0 7 43 160 4
30 0 8 43 160 4
30 0 9 43 160 4
30 0 10 43 160 4
30 0 11 43 160 4
30 0 12 43 160 4
30 0 13 114 158 206
30 0 14 114 158 206
30 0 15 114 158 206
30 1 1 255 186 119
30 1 2 255 186 119
30 1 3 255 186 119
30 1 12 114 158 206
30 1 13 114 158 206
30 1 14 114 158 206
30 1 15 114 158 206
30 1 16 114 158 206
30 2 1 255 186 119
30 2 2 255 186 119
30 2 3 255 186 119
30 2 12 114 158 206
30 2 13 114 158 206
30 2 14 114 158 206
30 2 15 114 158 206
30 2 16 114 158 206
30 3 1 255 186 119
30 3 2 255 186 119
30 3 3 255 186 119
30 3 12 114 158 206
30 3 13 114 158 206
30 3 14 114 158 206
30 3 15 114 158 206
30 3 16 114 158 206
30 4 1 255 186 119
30 4 2 255 186 119
30 4 3 255 186 119
30 4 12 114 158 206
30 4 13 114 158 206
30 4 14 114 158 206
30 4 15 114 158 206
30 4 16 114 158 206
30 5 1 255 186 119
30 5 2 255 186 119
30 5 3 255 186 119
30 5 12 114 158 206
30 5 13 114 158 206
30 5 14 114 158 206
30 5 15 114 158 206
30 5 16 114 158 206
30 6 1 255 186 119
30 6 2 255 186 119
30 6 3 255 186 119
30 6 12 114 158 206
30 6 13 114 158 206
30 6 14 114 158 206
30 6 15 114 158 206
30 6 16 114 158 206
30 7 1 255 186 119
30 7 2 255 186 119
30 7 3 255 186 119
30 7 12 114 158 206
30 7 13 114 158 206
30 7 14 114 158 206
30 7 15 114 158 206
30 7 16 114 158 206
30 8 12 114 158 206
30 8 13 114 158 206
30 8 14 114 158 206
30 8 15 114 158 206
30 8 16 114 158 206
30 9 12 114 158 206
30 9 13 114 158 206
30 9 14 114 158 206
30 9 15 114 158 206
30 9 16 114 158 206
30 10 12 114 158 206
30 10 13 114 158 206
30 10 14 114 158 206
30 10 15 114 158 206
30 10 16 114 158 206
30 11 12 114 158 206
30 11 13 114 158 206
30 11 14 114 158 206
30 11 15 114 158 206
30 11 16 114 158 206
30 12 12 114 158 206
30 12 13 114 158 206
30 12 14 114 158 206
30 12 15 114 158 206
30 12 16 114 158 206
30 13 12 114 158 206
30 13 13 114 158 206
30 13 14 114 158 206
30 13 15 114 158 206
30 13 16 114 158 206
30 14 12 114 158 206
30 14 13 114 158 206
30 14 14 114 158 206
30 14 15 114 158 206
30 14 16 114 158 206
30 15 12 114 158 206
30 15 13 114 158 206
30 15 14 114 158 206
30 15 15 114 158 206
30 15 16 114 158 206
30 16 12 114 158 206
30 16 13 114 158 206
30 16 14 114 158 206
30 16 15 114 158 206
30 16 16 114 158 206
30 17 12 114 158 206
30 17 13 114 158 206
30 17 14 114 158 206
30 17 15 114 158 206
30 17 16 114 158 206
30 18 12 114 158 206
30 18 13 114 158 206
30 18 14 114 158 206
30 18 15 114 158 206
30 18 16 114 158 206
30 19 12 114 158 206
30 19 13 114 158 206
30 19 14 114 158 206
30 19 15 114 158 206
30 19 16 114 158 206
30 20 12 114 158 206
30 20 13 114 158 206
30 20 14 114 158 206
30 20 15 114 158 206
30 20 16 114 158 206
30 21 12 114 158 206
30 21 13 114 158 206
30 21 14 114 158 206
30 21 15 114 158 206
30 21 16 114 158 206
30 22 12 114 158 206
30 22 13 114 158 206
30 22 14 114 158 206
30 22 15 114 158 206
30 22 16 114 158 206
30 23 12 114 158 206
30 23 13 114 158 206
30 23 14 114 158 206
30 23 15 114 158 206
30 23 16 114 158 206
30 24 12 114 158 206
30 24 13 114 158 206
30 24 14 114 158 206
30 24 15 114 158 206
30 24 16 114 158 206
30 25 12 114 158 206
30 25 13 114 158 206
30 25 14 114 158 206
30 25 15 114 158 206
30 25 16 114 158 206
30 26 12 114 158 206
30 26 13 114 158 206
30 26 14 114 158 206
30 26 15 114 158 206
30 26 16 114 158 206
30 27 12 114 158 206
30 27 13 114 158 206
30 27 14 114 158 206
30 27 15 114 158 206
30 27 16 114 158 206
30 28 12 114 158 206
30 28 13 114 158 206
30 28 14 114 158 206
30 28 15 114 158 206
30 28 16 114 158 206
30 29 12 114 158 206
30 29 13 114 158 206
30 29 14 114 158 206
30 29 15 114 158 206
30 29 16 114 158 206
30 30 12 114 158 206
30 30 13 114 158 206
30 30 14 114 158 206
30 30 15 114 158 206
30 30 16 114 158 206
30 31 12 114 158 206
30 31 13 114 158 206
30 31 14 114 158 206
30 31 15 114 158 206
30 32 0 214 38 40
30 32 1 214 38 40
30 32 2 214 38 40
30 32 3 214 38 40
30 32 4 214 38 40
30 32 5 214 38 40
30 32 6 214 38 40
30 32 7 214 38 40
30 32 8 214 38 40
30 32 9 214 38 40
30 32 10 214 38 40
30 32 11 214 38 40
30 32 12 214 38 40
30 32 13 214 38 40
30 32 14 158 216 229
31 0 0 43 160 4
31 0 1 255 186 119
31 0 2 255 186 119
31 0 3 255 186 119
31 0 4 43 160 4
31 0 5 43 160 4
31 0 6 43 160 4
31 0 7 43 160 4
31 0 8 43 160 4
31 0 9 43 160 4
31 0 10 43 160 4
31 0 11 43 160 4
31 0 12 43 160 4
31 0 13 43 160 4
31 0 14 43 160 4
31 0 15 114 158 206
31 0 16 114 158 206
31 0 17 114 158 206
31 1 0 255 186 119
31 1 1 255 186 119
31 1 2 255 186 119
31 1 3 255 186 119
31 1 4 255 186 119
31 1 14 114 158 206
31 1 15 114 158 206
31 1 16 114 158 206
31 1 17 114 158 206
31 2 0 255 186 119
31 2 1 255 186 119
31 2 2 255 186 119
31 2 3 255 186 119
31 2 4 255 186 119
31 2 14 114 158 206
31 2 15 114 158 206
31 2 16 114 158 206
31 2 17 114 158 206
31 3 0 255 186 119
31 3 1 255 186 119
31 3 2 255 186 119
31 3 3 255 186 119
31 3 4 255 186 119
31 3 14 114 158 206
31 3 15 114 158 206
31 3 16 114 158 206
31 3 17 114 158 206
31 4 0 255 186 119
31 4 1 255 186 119
31 4 2 255 186 119
31 4 3 255 186 119
31 4 4 255 186 119
31 4 14 114 158 206
31 4 15 114 158 206
31 4 16 114 158 206
31 4 17 114 158 206
31 5 0 255 186 119
31 5 1 255 186 119
31 5 2 255 186 119
31 5 3 255 186 119
31 5 4 255 186 119
31 5 14 114 158 206
31 5 15 114 158 206
31 5 16 114 158 206
31 5 17 114 158 206
31 6 0 255 186 119
31 6 1 255 186 119
31 6 2 255 186 119
31 6 3 255 186 119
31 6 4 255 186 119
31 6 14 114 158 206
31 6 15 114 158 206
31 6 16 114 158 206
31 6 17 114 158 206
31 7 1 255 186 119
31 7 2 255 186 119
31 7 3 255 186 119
31 7 4 255 186 119
31 7 14 114 158 206
31 7 15 114 158 206
31 7 16 114 158 206
31 7 17 114 158 206
31 8 14 114 158 206
31 8 15 114 158 206
31 8 16 114 158 206
31 8 17 114 158 206
31 9 14 114 158 206
31 9 15 114 158 206
31 9 16 114 158 206
31 9 17 114 158 206
31 10 14 114 158 206
31 10 15 114 158 206
31 10 16 114 158 206
31 10 17 114 158 206
31 11 14 114 158 206
31 11 15 114 158 206
31 11 16 114 158 206
31 11 17 114 158 206
31 12 14 114 158 206
31 12 15 114 158 206
31 12 16 114 158 206
31 12 17 114 158 206
31 13 14 114 158 206
31 13 15 114 158 206
31 13 16 114 158 206
31 13 17 114 158 206
31 14 14 114 158 206
31 14 15 114 158 206
31 14 16 114 158 206
31 14 17 114 158 206
31 15 14 114 158 206
31 15 15 114 158 206
31 15 16 114 158 206
31 15 17 114 158 206
31 16 14 114 158 206
31 16 15 114 158 206
31 16 16 114 158 206
31 16 17 114 158 206
31 17 14 114 158 206
31 17 15 114 158 206
31 17 16 114 158 206
31 17 17 114 158 206
31 18 14 114 158 206
31 18 15 114 158 206
31 18 16 114 158 206
31 18 17 114 158 206
31 19 14 114 158 206
31 19 15 114 158 206
31 19 16 114 158 206
31 19 17 114 158 206
31 20 14 114 158 206
31 20 15 114 158 206
31 20 16 114 158 206
31 20 17 114 158 206
31 21 14 114 158 206
31 21 15 114 158 206
31 21 16 114 158 206
31 21 17 114 158 206
31 22 14 114 158 206
31 22 15 114 158 206
31 22 16 114 158 206
31 22 17 114 158 206
31 23 14 114 158 206
31 23 15 114 158 206
31 23 16 114 158 206
31 23 17 114 158 206
31 24 14 114 158 206
31 24 15 114 158 206
31 24 16 114 158 206
31 24 17 114 158 206
31 25 14 114 158 206
31 25 15 114 158 206
31 25 16 114 158 206
31 25 17 114 158 206
31 26 14 114 158 206
31 26 15 114 158 206
31 26 16 114 158 206
31 26 17 114 158 206
31 27 14 114 158 206
31 27 15 114 158 206
31 27 16 114 158 206
31 27 17 114 158 206
31 28 14 114 158 206
31 28 15 114 158 206
31 28 16 114 158 206
31 28 17 114 158 206
31 29 14 114 158 206
31 29 15 114 158 206
31 29 16 114 158 206
31 29 17 114 158 206
31 30 14 114 158 206
31 30 15 114 158 206
31 30 16 114 158 206
31 30 17 114 158 206
31 31 14 114 158 206
31 31 15 114 158 206
31 31 16 114 158 206
31 31 17 114 158 206
31 32 0 214 38 40
31 32 1 214 38 40
31 32 2 214 38 40
31 32 3 214 38 40
31 32 4 214 38 40
31 32 5 214 38 40
31 32 6 214 38 40
31 32 7 214 38 40
31 32 8 214 38 40
31 32 9 214 38 40
31 32 10 214 38 40
31 32 11 214 38 40
31 32 12 214 38 40
31 32 13 214 38 40
31 32 14 214 38 40
31 32 15 214 38 40
31 32 16 158 216 229
32 0 0 255 186 119
32 0 1 255 186 119
32 0 2 255 186 119
32 0 3 255 186 119
32 0 4 255 186 119
32 0 5 255 186 119
32 0 6 43 160 4
32 0 7 43 160 4
32 0 8 43 160 4
32 0 9 43 160 4
32 0 10 43 160 4
32 0 11 43 160 4
32 0 12 43 160 4
32 0 13 43 160 4
32 0 14 43 160 4
32 0 15 43 160 4
32 0 16 114 158 206
32 0 17 114 158 206
32 0 18 114 158 206
32 1 0 255 186 119
32 1 1 255 186 119
32 1 2 255 186 119
32 1 3 255 186 119
32 1 4 255 186 119
32 1 5 255 186 119
32 1 6 255 186 119
32 1 15 114 158 206
32 1 16 114 158 206
32 1 17 114 158 206
32 1 18 114 158 206
32 1 19 114 158 206
32 2 0 255 186 119
32 2 1 255 186 119
32 2 2 255 186 119
32 2 3 255 186 119
32 2 4 255 186 119
32 2 5 255 186 119
32 2 6 255 186 119
32 2 15 114 158 206
32 2 16 114 158 206
32 2 17 114 158 206
32 2 18 114 158 206
32 2 19 114 158 206
32 3 0 255 186 119
32 3 1 255 186 119
32 3 2 255 186 119
32 3 3 255 186 119
32 3 4 255 186 119
32 3 5 255 186 119
32 3 6 255 186 119
32 3 15 114 158 206
32 3 16 114 158 206
32 3 17 114 158 206
32 3 18 114 158 206
32 3 19 114 158 206
32 4 0 255 186 119
32 4 1 255 186 119
32 4 2 255 186 119
32 4 3 255 186 119
32 4 4 255 186 119
32 4 5 255 186 119
32 4 6 255 186 119
32 4 15 114 158 206
32 4 16 114 158 206
32 4 17 114 158 206
32 4 18 114 158 206
32 4 19 114 158 206
32 5 0 255 186 119
32 5 1 255 186 119
32 5 2 255 186 119
32 5 3 255 186 119
32 5 4 255 186 119
32 5 5 255 186 119
32 5 6 255 186 119
32 5 15 114 158 206
32 5 16 114 158 206
32 5 17 114 158 206
32 5 18 114 158 206
32 5 19 114 158 206
32 6 0 255 186 119
32 6 1 255 186 119
32 6 2 255 186 119
32 6 3 255 186 119
32 6 4 255 186 119
32 6 5 255 186 119
32 6 6 255 186 119
32 6 15 114 158 206
32 6 16 114 158 206
32 6 17 114 158 206
32 6 18 114 158 206
32 6 19 114 158 206
32 7 0 255 186 119
32 7 1 255 186 119
32 7 2 255 186 119
32 7 3 255 186 119
32 7 4 255 186 119
32 7 5 255 186 119
32 7 15 114 158 206
32 7 16 114 158 206
32 7 17 114 158 206
32 7 18 114 158 206
32 7 19 114 158 206
32 8 15 114 158 206
32 8 16 114 158 206
32 8 17 114 158 206
32 8 18 114 158 206
32 8 19 114 158 206
32 9 15 114 158 206
32 9 16 114 158 206
32 9 17 114 158 206
32 9 18 114 158 206
32 9 19 114 158 206
32 10 15 114 158 206
32 10 16 114 158 206
32 10 17 114 158 206
32 10 18 114 158 206
32 10 19 114 158 206
32 11 15 114 158 206
32 11 16 114 158 206
32 11 17 114 158 206
32 11 18 114 158 206
32 11 19 114 158 206
32 12 15 114 158 206
32 12 16 114 158 206
32 12 17 114 158 206
32 12 18 114 158 206
32 12 19 114 158 206
32 13 15 114 158 206
32 13 16 114 158 206
32 13 17 114 158 206
32 13 18 114 158 206
32 13 19 114 158 206
32 14 15 114 158 206
32 14 16 114 158 206
32 14 17 114 158 206
32 14 18 114 158 206
32 14 19 114 158 206
32 15 15 114 158 206
32 15 16 114 158 206
32 15 17 114 158 206
32 15 18 114 158 206
32 15 19 114 158 206
32 16 15 114 158 206
32 16 16 114 158 206
32 16 17 114 158 206
32 16 18 114 158 206
32 16 19 114 158 206
32 17 15 114 158 206
32 17 16 114 158 206
32 17 17 114 158 206
32 17 18 114 158 206
32 17 19 114 158 206
32 18 15 114 158 206
32 18 16 114 158 206
32 18 17 114 158 206
32 18 18 114 158 206
32 18 19 114 158 206
32 19 15 114 158 206
32 19 16 114 158 206
32 19 17 114 158 206
32 19 18 114 158 206
32 19 19 114 158 206
32 20 15 114 158 206
32 20 16 114 158 206
32 20 17 114 158 206
32 20 18 114 158 206
32 20 19 114 158 206
32 21 15 114 158 206
32 21 16 114 158 206
32 21 17 114 158 206
32 21 18 114 158 206
32 21 19 114 158 206
32 22 15 114 158 206
32 22 16 114 158 206
32 22 17 114 158 206
32 22 18 114 158 206
32 22 19 114 158 206
32 23 15 114 158 206
32 23 16 114 158 206
32 23 17 114 158 206
32 23 18 114 158 206
32 23 19 114 158 206
32 24 15 114 158 206
32 24 16 114 158 206
32 24 17 114 158 206
32 24 18 114 158 206
32 24 19 114 158 206
32 25 15 114 158 206
32 25 16 114 158 206
32 25 17 114 158 206
32 25 18 114 158 206
32 25 19 114 158 206
32 26 15 114 158 206
32 26 16 114 158 206
32 26 17 114 158 206
32 26 18 114 158 206
32 26 19 114 158 206
32 27 15 114 158 206
32 27 16 114 158 206
32 27 17 114 158 206
32 27 18 114 158 206
32 27 19 114 158 206
32 28 15 114 158 206
32 28 16 114 158 206
32 28 17 114 158 206
32 28 18 114 158 206
32 28 19 114 158 206
32 29 15 114 158 206
32 29 16 114 158 206
32 29 17 114 158 206
32 29 18 114 158 206
32 29 19 114 158 206
32 30 15 114 158 206
32 30 16 114 158 206
32 30 17 114 158 206
32 30 18 114 158 206
32 30 19 114 158 206
32 31 15 114 158 206
32 31 16 114 158 206
32 31 17 114 158 206
32 31 18 114 158 206
32 31 19 114 158 206
32 32 0 214 38 40
32 32 1 214 38 40
32 32 2 214 38 40
32 32 3 214 38 40
32 32 4 214 38 40
32 32 5 214 38 40
32 32 6 214 38 40
32 32 7 214 38 40
32 32 8 214 38 40
32 32 9 214 38 40
32 32 10 214 38 40
32 32 11 214 38 40
32 32 12 214 38 40
32 32 13 214 38 40
32 32 14 214 38 40
32 32 15 214 38 40
32 32 16 214 38 40
32 32 17 158 216 229
33 0 0 255 186 119
33 0 1 255 186 119
33 0 2 255 186 119
33 0 3 255 186 119
33 0 4 255 186 119
33 0 5 255 186 119
33 0 6 255 186 119
33 0 7 43 160 4
33 0 8 43 160 4
33 0 9 43 160 4
33 0 10 43 160 4
33 0 11 43 160 4
33 0 12 43 160 4
33 0 13 43 160 4
33 0 14 43 160 4
33 0 15 43 160 4
33 0 16 43 160 4
33 0 17 43 160 4
33 0 18 114 158 206
33 0 19 114 158 206
33 1 0 255 186 119
33 1 1 255 186 119
33 1 2 255 186 119
33 1 3 255 186 119
33 1 4 255 186 119
33 1 5 255 186 119
33 1 6 255 186 119
33 1 7 255 186 119
33 1 16 114 158 206
33 1 17 114 158 206
33 1 18 114 158 206
33 1 19 114 158 206
33 1 20 114 158 206
33 2 0 255 186 119
33 2 1 255 186 119
33 2 2 255 186 119
33 2 3 255 186 119
33 2 4 255 186 119
33 2 5 255 186 119
33 2 6 255 186 119
33 2 7 255 186 119
33 2 16 114 158 206
33 2 17 114 158 206
33 2 18 114 158 206
33 2 19 114 158 206
33 2 20 114 158 206
33 3 0 255 186 119
33 3 1 255 186 119
33 3 2 255 186 119
33 3 3 255 186 119
33 3 4 255 186 119
33 3 5 255 186 119
33 3 6 255 186 119
33 3 7 255 186 119
33 3 16 114 158 206
33 3 17 114 158 206
33 3 18 114 158 206
33 3 19 114 158 206
33 3 20 114 158 206
33 4 0 255 186 119
33 4 1 255 186 119
33 4 2 255 186 119
33 4 3 255 186 119
33 4 4 255 186 119
33 4 5 255 186 119
33 4 6 255 186 119
33 4 7 255 186 119
33 4 16 114 158 206
33 4 17 114 158 206
33 4 18 114 158 206
33 4 19 114 158 206
33 4 20 114 158 206
33 5 0 255 186 119
33 5 1 255 186 119
33 5 2 255 186 119
33 5 3 255 186 119
33 5 4 255 186 119
33 5 5 255 186 119
33 5 6 255 186 119
33 5 7 255 186 119
33 5 16 114 158 206
33 5 17 114 158 206
33 5 18 114 158 206
33 5 19 114 158 206
33 5 20 114 158 206
33 6 0 255 186 119
33 6 1 255 186 119
33 6 2 255 186 119
33 6 3 255 186 119
33 6 4 255 186 119
33 6 5 255 186 119
33 6 6 255 186 119
33 6 7 255 186 119
33 6 16 114 158 206
33 6 17 114 158 206
33 6 18 114 158 206
33 6 19 114 158 206
33 6 20 114 158 206
33 7 0 255 186 119
33 7 1 255 186 119
33 7 2 255 186 119
33 7 3 255 186 119
33 7 4 255 186 119
33 7 5 255 186 119
33 7 6 255 186 119
33 7 7 255 186 119
33 7 16 114 158 206
33 7 17 114 158 206
33 7 18 114 158 206
33 7 19 114 158 206
33 7 20 114 158 206
33 8 16 114 158 206
33 8 17 114 158 206
33 8 18 114 158 206
33 8 19 114 158 206
33 8 20 114 158 206
33 9 16 114 158 206
33 9 17 114 158 206
33 9 18 114 158 206
33 9 19 114 158 206
33 9 20 114 158 206
33 10 16 114 158 206
33 10 17 114 158 206
33 10 18 114 158 206
33 10 19 114 158 206
33 10 20 114 158 206
33 11 16 114 158 206
33 11 17 114 158 206
33 11 18 114 158 206
33 11 19 114 158 206
33 11 20 114 158 206
33 12 16 114 158 206
33 12 17 114 158 206
33 12 18 114 158 206
33 12 19 114 158 206
33 12 20 114 158 206
33 13 16 114 158 206
33 13 17 114 158 206
33 13 18 114 158 206
33 13 19 114 158 206
33 13 20 114 158 206
33 14 16 114 158 206
33 14 17 114 158 206
33 14 18 114 158 206
33 14 19 114 158 206
33 14 20 114 158 206
33 15 16 114 158 206
33 15 17 114 158 206
33 15 18 114 158 206
33 15 19 114 158 206
33 15 20 114 158 206
33 16 16 114 158 206
33 16 17 114 158 206
33 16 18 114 158 206
33 16 19 114 158 206
33 16 20 114 158 206
33 17 16 114 158 206
33 17 17 114 158 206
33 17 18 114 158 206
33 17 19 114 158 206
33 17 20 114 158 206
33 18 16 114 158 206
33 18 17 114 158 206
33 18 18 114 158 206
33 18 19 114 158 206
33 18 20 114 158 206
33 19 16 114 158 206
33 19 17 114 158 206
33 19 18 114 158 206
33 19 19 114 158 206
33 19 20 114 158 206
33 20 16 114 158 206
33 20 17 114 158 206
33 20 18 114 158 206
33 20 19 114 158 206
33 20 20 114 158 206
33 21 16 114 158 206
33 21 17 114 158 206
33 21 18 114 158 206
33 21 19 114 158 206
33 21 20 114 158 206
33 22 16 114 158 206
33 22 17 114 158 206
33 22 18 114 158 206
33 22 19 114 158 206
33 22 20 114 158 206
33 23 16 114 158 206
33 23 17 114 158 206
33 23 18 114 158 206
33 23 19 114 158 206
33 23 20 114 158 206
33 24 16 114 158 206
33 24 17 114 158 206
33 24 18 114 158 206
33 24 19 114 158 206
33 24 20 114 158 206
33 25 16 114 158 206
33 25 17 114 158 206
33 25 18 114 158 206
33 25 19 114 158 206
33 25 20 114 158 206
33 26 16 114 158 206
33 26 17 114 158 206
33 26 18 114 158 206
33 26 19 114 158 206
33 26 20 114 158 206
33 27 16 114 158 206
33 27 17 114 158 206
33 27 18 114 158 206
33 27 19 114 158 206
33 27 20 114 158 206
33 28 16 114 158 206
33 28 17 114 158 206
33 28 18 114 158 206
33 28 19 114 158 206
33 28 20 114 158 206
33 29 16 114 158 206
33 29 17 114 158 206
33 29 18 114 158 206
33 29 19 114 158 206
33 29 20 114 158 206
33 30 16 114 158 206
33 30 17 114 158 206
33 30 18 114 158 206
33 30 19 114 158 206
33 30 20 114 158 206
33 31 17 114 158 206
33 31 18 114 158 206
33 31 19 114 158 206
33 31 20 114 158 206
33 32 0 214 38 40
33 32 1 214 38 40
33 32 2 214 38 40
33 32 3 214 38 40
33 32 4 214 38 40
33 32 5 214 38 40
33 32 6 214 38 40
33 32 7 214 38 40
33 32 8 214 38 40
33 32 9 214 38 40
33 32 10 214 38 40
33 32 11 214 38 40
33 32 12 214 38 40
33 32 13 214 38 40
33 32 14 214 38 40
33 32 15 214 38 40
33 32 16 214 38 40
33 32 17 214 38 40
33 32 18 158 216 229
33 32 19 158 216 229
34 0 0 255 186 119
34 0 1 255 186 119
34 0 2 255 186 119
34 0 3 255 186 119
34 0 4 255 186 119
34 0 5 255 186 119
34 0 6 255 186 119
34 0 7 43 160 4
34 0 8 43 160 4
34 0 9 43 160 4
34 0 10 43 160 4
34 0 11 43 160 4
34 0 12 43 160 4
34 0 13 43 160 4
34 0 14 43 160 4
34 0 15 43 160 4
34 0 16 43 160 4
34 0 17 43 160 4
34 0 18 43 160 4
34 0 19 43 160 4
34 0 20 114 158 206
34 0 21 114 158 206
34 1 0 255 186 119
34 1 1 255 186 119
34 1 2 255 186 119
34 1 3 255 186 119
34 1 4 255 186 119
34 1 5 255 186 119
34 1 6 255 186 119
34 1 7 255 186 119
34 1 8 255 186 119
34 1 9 255 186 119
34 1 18 114 158 206
34 1 19 114 158 206
34 1 20 114 158 206
34 1 21 114 158 206
34 2 0 255 186 119
34 2 1 255 186 119
34 2 2 255 186 119
34 2 3 255 186 119
34 2 4 255 186 119
34 2 5 255 186 119
34 2 6 255 186 119
34 2 7 255 186 119
34 2 8 255 186 119
34 2 9 255 186 119
34 2 18 114 158 206
34 2 19 114 158 206
34 2 20 114 158 206
34 2 21 114 158 206
34 3 0 255 186 119
34 3 1 255 186 119
34 3 2 255 186 119
34 3 3 255 186 119
34 3 4 255 186 119
34 3 5 255 186 119
34 3 6 255 186 119
34 3 7 255 186 119
34 3 8 255 186 119
34 3 9 255 186 119
34 3 18 114 158 206
34 3 19 114 158 206
34 3 20 114 158 206
34 3 21 114 158 206
34 4 0 255 186 119
34 4 1 255 186 119
34 4 2 255 186 119
34 4 3 255 186 119
34 4 4 255 186 119
34 4 5 255 186 119
34 4 6 255 186 119
34 4 7 255 186 119
34 4 8 255 186 119
34 4 9 255 186 119
34 4 18 114 158 206
34 4 19 114 158 206
34 4 20 114 158 206
34 4 21 114 158 206
34 5 0 255 186 119
34 5 1 255 186 119
34 5 2 255 186 119
34 5 3 255 186 119
34 5 4 255 186 119
34 5 5 255 186 119
34 5 6 255 186 119
34 5 7 255 186 119
34 5 8 255 186 119
34 5 9 255 186 119
34 5 18 114 158 206
34 5 19 114 158 206
34 5 20 114 158 206
34 5 21 114 158 206
34 6 0 255 186 119
34 6 1 255 186 119
34 6 2 255 186 119
34 6 3 255 186 119
34 6 4 255 186 119
34 6 5 255 186 119
34 6 6 255 186 119
34 6 7 255 186 119
34 6 8 255 186 119
34 6 9 255 186 119
34 6 18 114 158 206
34 6 19 114 158 206
34 6 20 114 158 206
34 6 21 114 158 206
34 7 0 255 186 119
34 7 1 255 186 119
34 7 2 255 186 119
34 7 3 255 186 119
34 7 4 255 186 119
34 7 5 255 186 119
34 7 6 255 186 119
34 7 7 255 186 119
34 7 8 255 186 119
34 7 18 114 158 206
34 7 19 114 158 206
34 7 20 114 158 206
34 7 21 114 158 206
34 8 18 114 158 206
34 8 19 114 158 206
34 8 20 114 158 206
34 8 21 114 158 206
34 9 18 114 158 206
34 9 19 114 158 206
34 9 20 114 158 206
34 9 21 114 158 206
34 10 18 114 158 206
34 10 19 114 158 206
34 10 20 114 158 206
34 10 21 114 158 206
34 11 18 114 158 206
34 11 19 114 158 206
34 11 20 114 158 206
34 11 21 114 158 206
34 12 18 114 158 206
34 12 19 114 158 206
34 12 20 114 158 206
34 12 21 114 158 206
34 13 18 114 158 206
34 13 19 114 158 206
34 13 20 114 158 206
34 13 21 114 158 206
34 14 18 114 158 206
34 14 19 114 158 206
34 14 20 114 158 206
34 14 21 114 158 206
34 15 18 114 158 206
34 15 19 114 158 206
34 15 20 114 158 206
34 15 21 114 158 206
34 16 18 114 158 206
34 16 19 114 158 206
34 16 20 114 158 206
34 16 21 114 158 206
34 17 18 114 158 206
34 17 19 114 158 206
34 17 20 114 158 206
34 17 21 114 158 206
34 18 18 114 158 206
34 18 19 114 158 206
34 18 20 114 158 206
34 18 21 114 158 206
34 19 18 114 158 206
34 19 19 114 158 206
34 19 20 114 158 206
34 19 21 114 158 206
34 20 18 114 158 206
34 20 19 114 158 206
34 20 20 114 158 206
34 20 21 114 158 206
34 21 18 114 158 206
34 21 19 114 158 206
34 21 20 114 158 206
34 21 21 114 158 206
34 22 18 114 158 206
34 22 19 114 158 206
34 22 20 114 158 206
34 22 21 114 158 206
34 23 18 114 158 206
34 23 19 114 158 206
34 23 20 114 158 206
34 23 21 114 158 206
34 24 18 114 158 206
34 24 19 114 158 206
34 24 20 114 158 206
34 24 21 114 158 206
34 25 18 114 158 206
34 25 19 114 158 206
34 25 20 114 158 206
34 25 21 114 158 206
34 26 18 114 158 206
34 26 19 114 158 206
34 26 20 114 158 206
34 26 21 114 158 206
34 27 18 114 158 206
34 27 19 114 158 206
34 27 20 114 158 206
34 27 21 114 158 206
34 28 18 114 158 206
34 28 19 114 158 206
34 28 20 114 158 206
34 28 21 114 158 206
34 29 18 114 158 206
34 29 19 114 158 206
34 29 20 114 158 206
34 29 21 114 158 206
34 30 18 114 158 206
34 30 19 114 158 206
34 30 20 114 158 206
34 30 21 114 158 206
34 31 18 114 158 206
34 31 19 114 158 206
34 31 20 114 158 206
34 31 21 114 158 206
34 32 0 214 38 40
34 32 1 214 38 40
34 32 2 214 38 40
34 32 3 214 38 40
34 32 4 214 38 40
34 32 5 214 38 40
34 32 6 214 38 40
34 32 7 214 38 40
34 32 8 214 38 40
34 32 9 214 38 40
34 32 10 214 38 40
34 32 11 214 38 40
34 32 12 214 38 40
34 32 13 214 38 40
34 32 14 214 38 40
34 32 15 214 38 40
34 32 16 214 38 40
34 32 17 214 38 40
34 32 18 214 38 40
34 32 19 214 38 40
34 32 20 158 216 229
35 0 0 255 186 119
35 0 1 255 186 119
35 0 2 255 186 119
35 0 3 255 186 119
35 0 4 255 186 119
35 0 5 255 186 119
35 0 6 255 186 119
35 0 7 43 160 4
35 0 8 43 160 4
35 0 9 43 160 4
35 0 10 43 160 4
35 0 11 43 160 4
35 0 12 43 160 4
35 0 13 43 160 4
35 0 14 43 160 4
35 0 15 43 160 4
35 0 16 43 160 4
35 0 17 43 160 4
35 0 18 43 160 4
35 0 19 43 160 4
35 0 20 43 160 4
35 0 21 114 158 206
35 0 22 114 158 206
35 1 0 255 186 119
35 1 1 255 186 119
35 1 2 255 186 119
35 1 3 255 186 119
35 1 4 255 186 119
35 1 5 255 186 119
35 1 6 255 186 119
35 1 7 255 186 119
35 1 8 255 186 119
35 1 9 255 186 119
35 1 10 255 186 119
35 1 19 114 158 206
35 1 20 114 158 206
35 1 21 114 158 206
35 1 22 114 158 206
35 1 23 114 158 206
35 2 0 255 186 119
35 2 1 255 186 119
35 2 2 255 186 119
35 2 3 255 186 119
35 2 4 255 186 119
35 2 5 255 186 119
35 2 6 255 186 119
35 2 7 255 186 119
35 2 8 255 186 119
35 2 9 255 186 119
35 2 10 255 186 119
35 2 19 114 158 206
35 2 20 114 158 206
35 2 21 114 158 206
35 2 22 114 158 206
35 2 23 114 158 206
35 3 0 255 186 119
35 3 1 255 186 119
35 3 2 255 186 119
35 3 3 255 186 119
35 3 4 255 186 119
35 3 5 255 186 119
35 3 6 255 186 119
35 3 7 255 186 119
35 3 8 255 186 119
35 3 9 255 186 119
35 3 10 255 186 119
35 3 19 114 158 206
35 3 20 114 158 206
35 3 21 114 158 206
35 3 22 114 158 206
35 3 23 114 158 206
35 4 0 255 186 119
35 4 1 255 186 119
35 4 2 255 186 119
35 4 3 255 186 119
35 4 4 255 186 119
35 4 5 255 186 119
35 4 6 255 186 119
35 4 7 255 186 119
35 4 8 255 186 119
35 4 9 255 186 119
35 4 10 255 186 119
35 4 19 114 158 206
35 4 20 114 158 206
35 4 21 114 158 206
35 4 22 114 158 206
35 4 23 114 158 206
35 5 0 255 186 119
35 5 1 255 186 119
35 5 2 255 186 119
35 5 3 255 186 119
35 5 4 255 186 119
35 5 5 255 186 119
35 5 6 255 186 119
35 5 7 255 186 119
35 5 8 255 186 119
35 5 9 255 186 119
35 5 10 255 186 119
35 5 19 114 158 206
35 5 20 114 158 206
35 5 21 114 158 206
35 5 22 114 158 206
35 5 23 114 158 206
35 6 0 255 186 119
35 6 1 255 186 119
35 6 2 255 186 119
35 6 3 255 186 119
35 6 4 255 186 119
35 6 5 255 186 119
35 6 6 255 186 119
35 6 7 255 186 119
35 6 8 255 186 119
35 6 9 255 186 119
35 6 10 255 186 119
35 6 19 114 158 206
35 6 20 114 158 206
35 6 21 114 158 206
35 6 22 114 158 206
35 6 23 114 158 206
35 7 0 255 186 119
35 7 1 255 186 119
35 7 2 255 186 119
35 7 3 255 186 119
35 7 4 255 186 119
35 7 5 255 186 119
35 7 6 255 186 119
35 7 7 255 186 119
35 7 8 255 186 119
35 7 9 255 186 119
35 7 10 255 186 119
35 7 19 114 158 206
35 7 20 114 158 206
35 7 21 114 158 206
35 7 22 114 158 206
35 7 23 114 158 206
35 8 19 114 158 206
35 8 20 114 158 206
35 8 21 114 158 206
35 8 22 114 158 206
35 8 23 114 158 206
35 9 19 114 158 206
35 9 20 114 158 206
35 9 21 114 158 206
35 9 22 114 158 206
35 9 23 114 158 206
35 10 19 114 158 206
35 10 20 114 158 206
35 10 21 114 158 206
35 10 22 114 158 206
35 10 23 114 158 206
35 11 19 114 158 206
35 11 20 114 158 206
35 11 21 114 158 206
35 11 22 114 158 206
35 11 23 114 158 206
35 12 19 114 158 206
35 12 20 114 158 206
35 12 21 114 158 206
35 12 22 114 158 206
35 12 23 114 158 206
35 13 19 114 158 206
35 13 20 114 158 206
35 13 21 114 158 206
35 13 22 114 158 206
35 13 23 114 158 206
35 14 19 114 158 206
35 14 20 114 158 206
35 14 21 114 158 206
35 14 22 114 158 206
35 14 23 114 158 206
35 15 19 114 158 206
35 15 20 114 158 206
35 15 21 114 158 206
35 15 22 114 158 206
35 15 23 114 158 206
35 16 19 114 158 206
35 16 20 114 158 206
35 16 21 114 158 206
35 16 22 114 158 206
35 16 23 114 158 206
35 17 19 114 158 206
35 17 20 114 158 206
35 17 21 114 158 206
35 17 22 114 158 206
35 17 23 114 158 206
35 18 19 114 158 206
35 18 20 114 158 206
35 18 21 114 158 206
35 18 22 114 158 206
35 18 23 114 158 206
35 19 19 114 158 206
35 19 20 114 158 206
35 19 21 114 158 206
35 19 22 114 158 206
35 19 23 114 158 206
35 20 19 114 158 206
35 20 20 114 158 206
35 20 21 114 158 206
35 20 22 114 158 206
35 20 23 114 158 206
35 21 19 114 158 206
35 21 20 114 158 206
35 21 21 114 158 206
35 21 22 114 158 206
35 21 23 114 158 206
35 22 19 114 158 206
35 22 20 114 158 206
35 22 21 114 158 206
35 22 22 114 158 206
35 22 23 114 158 206
35 23 19 114 158 206
35 23 20 114 158 206
35 23 21 114 158 206
35 23 22 114 158 206
35 23 23 114 158 206
35 24 19 114 158 206
35 24 20 114 158 206
35 24 21 114 158 206
35 24 22 114 158 206
35 24 23 114 158 206
35 25 19 114 158 206
35 25 20 114 158 206
35 25 21 114 158 206
35 25 22 114 158 206
35 25 23 114 158 206
35 26 19 114 158 206
35 26 20 114 158 206
35 26 21 114 158 206
35 26 22 114 158 206
35 26 23 114 158 206
35 27 19 114 158 206
35 27 20 114 158 206
35 27 21 114 158 206
35 27 22 114 158 206
35 27 23 114 158 206
35 28 19 114 158 206
35 28 20 114 158 206
35 28 21 114 158 206
35 28 22 114 158 206
35 28 23 114 158 206
35 29 19 114 158 206
35 29 20 114 158 206
35 29 21 114 158 206
35 29 22 114 158 206
35 29 23 114 158 206
35 30 19 114 158 206
35 30 20 114 158 206
35 30 21 114 158 206
35 30 22 114 158 206
35 30 23 114 158 206
35 31 19 114 158 206
35 31 20 114 158 206
35 31 21 114 158 206
35 31 22 114 158 206
35 31 23 114 158 206
35 32 0 214 38 40
35 32 1 214 38 40
35 32 2 214 38 40
35 32 3 214 38 40
35 32 4 214 38 40
35 32 5 214 38 40
35 32 6 214 38 40
35 32 7 214 38 40
35 32 8 214 38 40
35 32 9 214 38 40
35 32 10 214 38 40
35 32 11 214 38 40
35 32 12 214 38 40
35 32 13 214 38 40
35 32 14 214 38 40
35 32 15 214 38 40
35 32 16 214 38 40
35 32 17 214 38 40
35 32 18 214 38 40
35 32 19 214 38 40
35 32 20 214 38 40
35 32 21 158 216 229
35 32 22 158 216 229
36 0 0 255 186 119
36 0 1 255 186 119
36 0 2 255 186 119
36 0 3 255 186 119
36 0 4 255 186 119
36 0 5 255 186 119
36 0 6 255 186 119
36 0 7 43 160 4
36 0 8 43 160 4
36 0 9 43 160 4
36 0 10 43 160 4
36 0 11 43 160 4
36 0 12 43 160 4
36 0 13 43 160 4
36 0 14 43 160 4
36 0 15 43 160 4
36 0 16 43 160 4
36 0 17 43 160 4
36 0 18 43 160 4
36 0 19 43 160 4
36 0 20 43 160 4
36 0 21 43 160 4
36 0 22 43 160 4
36 0 23 114 158 206
36 1 0 255 186 119
36 1 1 255 186 119
36 1 2 255 186 119
36 1 3 255 186 119
36 1 4 255 186 119
36 1 5 255 186 119
36 1 6 255 186 119
36 1 7 255 186 119
36 1 8 255 186 119
36 1 9 255 186 119
36 1 10 255 186 119
36 1 11 255 186 119
36 1 21 114 158 206
36 1 22 114 158 206
36 1 23 114 158 206
36 1 24 158 216 229
36 2 0 255 186 119
36 2 1 255 186 119
36 2 2 255 186 119
36 2 3 255 186 119
36 2 4 255 186 119
36 2 5 255 186 119
36 2 6 255 186 119
36 2 7 255 186 119
36 2 8 255 186 119
36 2 9 255 186 119
36 2 10 255 186 119
36 2 11 255 186 119
36 2 21 114 158 206
36 2 22 114 158 206
36 2 23 114 158 206
36 2 24 158 216 229
36 3 0 255 186 119
36 3 1 255 186 119
36 3 2 255 186 119
36 3 3 255 186 119
36 3 4 255 186 119
36 3 5 255 186 119
36 3 6 255 186 119
36 3 7 255 186 119
36 3 8 255 186 119
36 3 9 255 186 119
36 3 10 255 186 119
36 3 11 255 186 119
36 3 21 114 158 206
36 3 22 114 158 206
36 3 23 114 158 206
36 3 24 158 216 229
36 4 0 255 186 119
36 4 1 255 186 119
36 4 2 255 186 119
36 4 3 255 186 119
36 4 4 255 186 119
36 4 5 255 186 119
36 4 6 255 186 119
36 4 7 255 186 119
36 4 8 255 186 119
36 4 9 255 186 119
36 4 10 255 186 119
36 4 11 255 186 119
36 4 21 114 158 206
36 4 22 114 158 206
36 4 23 114 158 206
36 4 24 158 216 229
36 5 0 255 186 119
36 5 1 255 186 119
36 5 2 255 186 119
36 5 3 255 186 119
36 5 4 255 186 119
36 5 5 255 186 119
36 5 6 255 186 119
36 5 7 255 186 119
36 5 8 255 186 119
36 5 9 255 186 119
36 5 10 255 186 119
36 5 11 255 186 119
36 5 21 114 158 206
36 5 22 114 158 206
36 5 23 114 158 206
36 5 24 158 216 229
36 6 0 255 186 119
36 6 1 255 186 119
36 6 2 255 186 119
36 6 3 255 186 119
36 6 4 255 186 119
36 6 5 255 186 119
36 6 6 255 186 119
36 6 7 255 186 119
36 6 8 255 186 119
36 6 9 255 186 119
36 6 10 255 186 119
36 6 11 255 186 119
36 6 21 114 158 206
36 6 22 114 158 206
36 6 23 114 158 206
36 6 24 158 216 229
36 7 0 255 186 119
36 7 1 255 186 119
36 7 2 255 186 119
36 7 3 255 186 119
36 7 4 255 186 119
36 7 5 255 186 119
36 7 6 255 186 119
36 7 7 255 186 119
36 7 8 255 186 119
36 7 9 255 186 119
36 7 10 255 186 119
36 7 11 255 186 119
36 7 21 114 158 206
36 7 22 114 158 206
36 7 23 114 158 206
36 7 24 158 216 229
36 8 21 114 158 206
36 8 22 114 158 206
36 8 23 114 158 206
36 8 24 158 216 229
36 9 21 114 158 206
36 9 22 114 158 206
36 9 23 114 158 206
36 9 24 158 216 229
36 10 21 114 158 206
36 10 22 114 158 206
36 10 23 114 158 206
36 10 24 158 216 229
36 11 21 114 158 206
36 11 22 114 158 206
36 11 23 114 158 206
36 11 24 158 216 229
36 12 21 114 158 206
36 12 22 114 158 206
36 12 23 114 158 206
36 12 24 158 216 229
36 13 21 114 158 206
36 13 22 114 158 206
36 13 23 114 158 206
36 13 24 158 216 229
36 14 21 114 158 206
36 14 22 114 158 206
36 14 23 114 158 206
36 14 24 158 216 229
36 15 21 114 158 206
36 15 22 114 158 206
36 15 23 114 158 206
36 15 24 158 216 229
36 16 21 114 158 206
36 16 22 114 158 206
36 16 23 114 158 206
36 16 24 158 216 229
36 17 21 114 158 206
36 17 22 114 158 206
36 17 23 114 158 206
36 17 24 158 216 229
36 18 21 114 158 206
36 18 22 114 158 206
36 18 23 114 158 206
36 18 24 158 216 229
36 19 21 114 158 206
36 19 22 114 158 206
36 19 23 114 158 206
36 19 24 158 216 229
36 20 21 114 158 206
36 20 22 114 158 206
36 20 23 114 158 206
36 20 24 158 216 229
36 21 21 114 158 206
36 21 22 114 158 206
36 21 23 114 158 206
36 21 24 158 216 229
36 22 21 114 158 206
36 22 22 114 158 206
36 22 23 114 158 206
36 22 24 158 216 229
36 23 21 114 158 206
36 23 22 114 158 206
36 23 23 114 158 206
36 23 24 158 216 229
36 24 21 114 158 206
36 24 22 114 158 206
36 24 23 114 158 206
36 24 24 158 216 229
36 25 21 114 158 206
36 25 22 114 158 206
36 25 23 114 158 206
36 25 24 158 216 229
36 26 21 114 158 206
36 26 22 114 158 206
36 26 23 114 158 206
36 26 24 158 216 229
36 27 21 114 158 206
36 27 22 114 158 206
36 27 23 114 158 206
36 27 24 158 216 229
36 28 21 114 158 206
36 28 22 114 158 206
36 28 23 114 158 206
36 28 24 158 216 229
36 29 21 114 158 206
36 29 22 114 158 206
36 29 23 114 158 206
36 29 24 158 216 229
36 30 21 114 158 206
36 30 22 114 158 206
36 30 23 114 158 206
36 30 24 158 216 229
36 31 21 114 158 206
36 31 22 114 158 206
36 31 23 114 158 206
36 31 24 158 216 229
36 32 0 214 38 40
36 32 1 214 38 40
36 32 2 214 38 40
36 32 3 214 38 40
36 32 4 214 38 40
36 32 5 214 38 40
36 32 6 214 38 40
36 32 7 214 38 40
36 32 8 214 38 40
36 32 9 214 38 40
36 32 10 214 38 40
36 32 11 214 38 40
36 32 12 214 38 40
36 32 13 214 38 40
36 32 14 214 38 40
36 32 15 214 38 40
36 32 16 214 38 40
36 32 17 214 38 40
36 32 18 214 38 40
36 32 19 214 38 40
36 32 20 214 38 40
36 32 21 214 38 40
36 32 22 214 38 40
36 32 23 158 216 229
37 0 0 255 186 119
37 0 1 255 186 119
37 0 2 255 186 119
37 0 3 255 186 119
37 0 4 255 186 119
37 0 5 255 186 119
37 0 6 255 186 119
37 0 7 43 160 4
37 0 8 43 160 4
37 0 9 43 160 4
37 0 10 43 160 4
37 0 11 43 160 4
37 0 12 43 160 4
37 0 13 43 160 4
37 0 14 43 160 4
37 0 15 43 160 4
37 0 16 43 160 4
37 0 17 43 160 4
37 0 18 43 160 4
37 0 19 43 160 4
37 0 20 43 160 4
37 0 21 43 160 4
37 0 22 43 160 4
37 0 23 255 127 12
37 0 24 43 160 4
37 0 25 158 216 229
37 1 0 255 186 119
37 1 1 255 186 119
37 1 2 255 186 119
37 1 3 255 186 119
37 1 4 255 186 119
37 1 5 255 186 119
37 1 6 255 186 119
37 1 7 255 186 119
37 1 8 255 186 119
37 1 9 255 186 119
37 1 10 255 186 119
37 1 11 255 186 119
37 1 12 255 186 119
37 1 13 255 186 119
37 1 22 114 158 206
37 1 23 255 127 12
37 1 24 158 216 229
37 1 25 158 216 229
37 2 0 255 186 119
37 2 1 255 186 119
37 2 2 255 186 119
37 2 3 255 186 119
37 2 4 255 186 119
37 2 5 255 186 119
37 2 6 255 186 119
37 2 7 255 186 119
37 2 8 255 186 119
37 2 9 255 186 119
37 2 10 255 186 119
37 2 11 255 186 119
37 2 12 255 186 119
37 2 13 255 186 119
37 2 22 114 158 206
37 2 23 255 127 12
37 2 24 158 216 229
37 2 25 158 216 229
37 3 0 255 186 119
37 3 1 255 186 119
37 3 2 255 186 119
37 3 3 255 186 119
37 3 4 255 186 119
37 3 5 255 186 119
37 3 6 255 186 119
37 3 7 255 186 119
37 3 8 255 186 119
37 3 9 255 186 119
37 3 10 255 186 119
37 3 11 255 186 119
37 3 12 255 186 119
37 3 13 255 186 119
37 3 22 114 158 206
37 3 23 255 127 12
37 3 24 158 216 229
37 3 25 158 216 229
37 4 0 255 186 119
37 4 1 255 186 119
37 4 2 255 186 119
37 4 3 255 186 119
37 4 4 255 186 119
37 4 5 255 186 119
37 4 6 255 186 119
37 4 7 255 186 119
37 4 8 255 186 119
37 4 9 255 186 119
37 4 10 255 186 119
37 4 11 255 186 119
37 4 12 255 186 119
37 4 13 255 186 119
37 4 22 114 158 206
37 4 23 255 127 12
37 4 24 158 216 229
37 4 25 158 216 229
37 5 0 255 186 119
37 5 1 255 186 119
37 5 2 255 186 119
37 5 3 255 186 119
37 5 4 255 186 119
37 5 5 255 186 119
37 5 6 255 186 119
37 5 7 255 186 119
37 5 8 255 186 119
37 5 9 255 186 119
37 5 10 255 186 119
37 5 11 255 186 119
37 5 12 255 186 119
37 5 13 255 186 119
37 5 22 114 158 206
37 5 23 255 127 12
37 5 24 158 216 229
37 5 25 158 216 229
37 6 0 255 186 119
37 6 1 255 186 119
37 6 2 255 186 119
37 6 3 255 186 119
37 6 4 255 186 119
37 6 5 255 186 119
37 6 6 255 186 119
37 6 7 255 186 119
37 6 8 255 186 119
37 6 9 255 186 119
37 6 10 255 186 119
37 6 11 255 186 119
37 6 12 255 186 119
37 6 13 255 186 119
37 6 22 114 158 206
37 6 23 255 127 12
37 6 24 158 216 229
37 6 25 158 216 229
37 7 0 255 186 119
37 7 1 255 186 119
37 7 2 255 186 119
37 7 3 255 186 119
37 7 4 255 186 119
37 7 5 255 186 119
37 7 6 255 186 119
37 7 7 255 186 119
37 7 8 255 186 119
37 7 9 255 186 119
37 7 10 255 186 119
37 7 11 255 186 119
37 7 12 255 186 119
37 7 13 255 186 119
37 7 22 114 158 206
37 7 23 158 216 229
37 7 24 158 216 229
37 7 25 158 216 229
37 8 22 114 158 206
37 8 23 158 216 229
37 8 24 158 216 229
37 8 25 158 216 229
37 9 22 114 158 206
37 9 23 158 216 229
37 9 24 158 216 229
37 9 25 158 216 229
37 10 22 114 158 206
37 10 23 158 216 229
37 10 24 158 216 229
37 10 25 158 216 229
37 11 22 114 158 206
37 11 23 158 216 229
37 11 24 158 216 229
37 11 25 158 216 229
37 12 22 114 158 206
37 12 23 158 216 229
37 12 24 158 216 229
37 12 25 158 216 229
37 13 22 114 158 206
37 13 23 158 216 229
37 13 24 158 216 229
37 13 25 158 216 229
37 14 22 114 158 206
37 14 23 158 216 229
37 14 24 158 216 229
37 14 25 158 216 229
37 15 22 114 158 206
37 15 23 158 216 229
37 15 24 158 216 229
37 15 25 158 216 229
37 16 22 114 158 206
37 16 23 158 216 229
37 16 24 158 216 229
37 16 25 158 216 229
37 17 22 114 158 206
37 17 23 158 216 229
37 17 24 158 216 229
37 17 25 158 216 229
37 18 22 114 158 206
37 18 23 158 216 229
37 18 24 158 216 229
37 18 25 158 216 229
37 19 22 114 158 206
37 19 23 158 216 229
37 19 24 158 216 229
37 19 25 158 216 229
37 20 22 114 158 206
37 20 23 158 216 229
37 20 24 158 216 229
37 20 25 158 216 229
37 21 22 114 158 206
37 21 23 158 216 229
37 21 24 158 216 229
37 21 25 158 216 229
37 22 22 114 158 206
37 22 23 158 216 229
37 22 24 158 216 229
37 22 25 158 216 229
37 23 22 114 158 206
37 23 23 158 216 229
37 23 24 158 216 229
37 23 25 158 216 229
37 24 22 114 158 206
37 24 23 158 216 229
37 24 24 158 216 229
37 24 25 158 216 229
37 25 22 114 158 206
37 25 23 158 216 229
37 25 24 158 216 229
37 25 25 158 216 229
37 26 22 114 158 206
37 26 23 158 216 229
37 26 24 158 216 229
37 26 25 158 216 229
37 27 22 114 158 206
37 27 23 158 216 229
37 27 24 158 216 229
37 27 25 158 216 229
37 28 22 114 158 206
37 28 23 158 216 229
37 28 24 158 216 229
37 28 25 158 216 229
37 29 22 114 158 206
37 29 23 158 216 229
37 29 24 158 216 229
37 29 25 158 216 229
37 30 22 114 158 206
37 30 23 158 216 229
37 30 24 158 216 229
37 30 25 158 216 229
37 31 22 114 158 206
37 31 23 158 216 229
37 31 24 158 216 229
37 31 25 158 216 229
37 32 0 214 38 40
37 32 1 214 38 40
37 32 2 214 38 40
37 32 3 214 38 40
37 32 4 214 38 40
37 32 5 214 38 40
37 32 6 214 38 40
37 32 7 214 38 40
37 32 8 214 38 40
37 32 9 214 38 40
37 32 10 214 38 40
37 32 11 214 38 40
37 32 12 214 38 40
37 32 13 214 38 40
37 32 14 214 38 40
37 32 15 214 38 40
37 32 16 214 38 40
37 32 17 214 38 40
37 32 18 214 38 40
37 32 19 214 38 40
37 32 20 214 38 40
37 32 21 214 38 40
37 32 22 214 38 40
37 32 23 214 38 40
37 32 24 158 216 229
37 32 25 158 216 229
38 0 0 255 186 119
38 0 1 255 186 119
38 0 2 255 186 119
38 0 3 255 186 119
38 0 4 255 186 119
38 0 5 255 186 119
38 0 6 255 186 119
38 0 7 43 160 4
38 0 8 43 160 4
38 0 9 43 160 4
38 0 10 43 160 4
38 0 11 43 160 4
38 0 12 43 160 4
38 0 13 43 160 4
38 0 14 43 160 4
38 0 15 43 160 4
38 0 16 43 160 4
38 0 17 43 160 4
38 0 18 43 160 4
38 0 19 43 160 4
38 0 20 43 160 4
38 0 21 43 160 4
38 0 22 255 127 12
38 0 23 255 127 12
38 0 24 43 160 4
38 0 25 43 160 4
38 0 26 158 216 229
38 1 0 255 186 119
38 1 1 255 186 119
38 1 2 255 186 119
38 1 3 255 186 119
38 1 4 255 186 119
38 1 5 255 186 119
38 1 6 255 186 119
38 1 7 255 186 119
38 1 8 255 186 119
38 1 9 255 186 119
38 1 10 255 186 119
38 1 11 255 186 119
38 1 12 255 186 119
38 1 13 255 186 119
38 1 14 255 186 119
38 1 22 255 127 12
38 1 23 255 127 12
38 1 24 255 127 12
38 1 25 158 216 229
38 1 26 158 216 229
38 2 0 255 186 119
38 2 1 255 186 119
38 2 2 255 186 119
38 2 3 255 186 119
38 2 4 255 186 119
38 2 5 255 186 119
38 2 6 255 186 119
38 2 7 255 186 119
38 2 8 255 186 119
38 2 9 255 186 119
38 2 10 255 186 119
38 2 11 255 186 119
38 2 12 255 186 119
38 2 13 255 186 119
38 2 14 255 186 119
38 2 22 255 127 12
38 2 23 255 127 12
38 2 24 255 127 12
38 2 25 158 216 229
38 2 26 158 216 229
38 3 0 255 186 119
38 3 1 255 186 119
38 3 2 255 186 119
38 3 3 255 186 119
38 3 4 255 186 119
38 3 5 255 186 119
38 3 6 255 186 119
38 3 7 255 186 119
38 3 8 255 186 119
38 3 9 255 186 119
38 3 10 255 186 119
38 3 11 255 186 119
38 3 12 255 186 119
38 3 13 255 186 119
38 3 14 255 186 119
38 3 22 255 127 12
38 3 23 255 127 12
38 3 24 255 127 12
38 3 25 158 216 229
38 3 26 158 216 229
38 4 0 255 186 119
38 4 1 255 186 119
38 4 2 255 186 119
38 4 3 255 186 119
38 4 4 255 186 119
38 4 5 255 186 119
38 4 6 255 186 119
38 4 7 255 186 119
38 4 8 255 186 119
38 4 9 255 186 119
38 4 10 255 186 119
38 4 11 255 186 119
38 4 12 255 186 119
38 4 13 255 186 119
38 4 14 255 186 119
38 4 22 255 127 12
38 4 23 255 127 12
38 4 24 255 127 12
38 4 25 158 216 229
38 4 26 158 216 229
38 5 0 255 186 119
38 5 1 255 186 119
38 5 2 255 186 119
38 5 3 255 186 119
38 5 4 255 186 119
38 5 5 255 186 119
38 5 6 255 186 119
38 5 7 255 186 119
38 5 8 255 186 119
38 5 9 255 186 119
38 5 10 255 186 119
38 5 11 255 186 119
38 5 12 255 186 119
38 5 13 255 186 119
38 5 14 255 186 119
38 5 22 255 127 12
38 5 23 255 127 12
38 5 24 255 127 12
38 5 25 158 216 229
38 5 26 158 216 229
38 6 0 255 186 119
38 6 1 255 186 119
38 6 2 255 186 119
38 6 3 255 186 119
38 6 4 255 186 119
38 6 5 255 186 119
38 6 6 255 186 119
38 6 7 255 186 119
38 6 8 255 186 119
38 6 9 255 186 119
38 6 10 255 186 119
38 6 11 255 186 119
38 6 12 255 186 119
38 6 13 255 186 119
38 6 14 255 186 119
38 6 22 255 127 12
38 6 23 255 127 12
38 6 24 255 127 12
38 6 25 158 216 229
38 6 26 158 216 229
38 7 0 255 186 119
38 7 1 255 186 119
38 7 2 255 186 119
38 7 3 255 186 119
38 7 4 255 186 119
38 7 5 255 186 119
38 7 6 255 186 119
38 7 7 255 186 119
38 7 8 255 186 119
38 7 9 255 186 119
38 7 10 255 186 119
38 7 11 255 186 119
38 7 12 255 186 119
38 7 13 255 186 119
38 7 14 255 186 119
38 7 24 196 175 214
38 7 25 196 175 214
38 7 26 158 216 229
38 8 3 196 175 214
38 8 4 196 175 214
38 8 24 196 175 214
38 8 25 196 175 214
38 8 26 158 216 229
38 9 3 196 175 214
38 9 4 196 175 214
38 9 24 196 175 214
38 9 25 196 175 214
38 9 26 158 216 229
38 10 3 196 175 214
38 10 4 196 175 214
38 10 24 196 175 214
38 10 25 196 175 214
38 10 26 158 216 229
38 11 25 158 216 229
38 11 26 158 216 229
38 12 25 158 216 229
38 12 26 158 216 229
38 13 25 158 216 229
38 13 26 158 216 229
38 14 25 158 216 229
38 14 26 158 216 229
38 15 25 158 216 229
38 15 26 158 216 229
38 16 25 158 216 229
38 16 26 158 216 229
38 17 25 158 216 229
38 17 26 158 216 229
38 18 25 158 216 229
38 18 26 158 216 229
38 19 25 158 216 229
38 19 26 158 216 229
38 20 25 158 216 229
38 20 26 158 216 229
38 21 25 158 216 229
38 21 26 158 216 229
38 22 25 158 216 229
38 22 26 158 216 229
38 23 25 158 216 229
38 23 26 158 216 229
38 24 25 158 216 229
38 24 26 158 216 229
38 25 25 158 216 229
38 25 26 158 216 229
38 26 25 158 216 229
38 26 26 158 216 229
38 27 25 158 216 229
38 27 26 158 216 229
38 28 25 158 216 229
38 28 26 158 216 229
38 29 25 158 216 229
38 29 26 158 216 229
38 30 25 158 216 229
38 30 26 158 216 229
38 31 25 158 216 229
38 31 26 158 216 229
38 32 0 214 38 40
38 32 1 214 38 40
38 32 2 214 38 40
38 32 3 214 38 40
38 32 4 214 38 40
38 32 5 214 38 40
38 32 6 214 38 40
38 32 7 214 38 40
38 32 8 214 38 40
38 32 9 214 38 40
38 32 10 214 38 40
38 32 11 214 38 40
38 32 12 214 38 40
38 32 13 214 38 40
38 32 14 214 38 40
38 32 15 214 38 40
38 32 16 214 38 40
38 32 17 214 38 40
38 32 18 214 38 40
38 32 19 214 38 40
38 32 20 214 38 40
38 32 21 214 38 40
38 32 22 214 38 40
38 32 23 214 38 40
38 32 24 214 38 40
38 32 25 214 38 40
38 32 26 158 216 229
39 0 0 255 186 119
39 0 1 255 186 119
39 0 2 255 186 119
39 0 3 255 186 119
39 0 4 255 186 119
39 0 5 255 186 119
39 0 6 255 186 119
39 0 7 43 160 4
39 0 8 43 160 4
39 0 9 43 160 4
39 0 10 43 160 4
39 0 11 43 160 4
39 0 12 43 160 4
39 0 13 43 160 4
39 0 14 43 160 4
39 0 15 43 160 4
39 0 16 43 160 4
39 0 17 43 160 4
39 0 18 43 160 4
39 0 19 43 160 4
39 0 20 43 160 4
39 0 21 43 160 4
39 0 22 255 127 12
39 0 23 255 127 12
39 0 24 43 160 4
39 0 25 43 160 4
39 0 26 43 160 4
39 0 27 158 216 229
39 1 0 255 186 119
39 1 1 255 186 119
39 1 2 255 186 119
39 1 3 255 186 119
39 1 4 255 186 119
39 1 5 255 186 119
39 1 6 255 186 119
39 1 7 255 186 119
39 1 8 255 186 119
39 1 9 255 186 119
39 1 10 255 186 119
39 1 11 255 186 119
39 1 12 255 186 119
39 1 13 255 186 119
39 1 14 255 186 119
39 1 15 255 186 119
39 1 16 255 186 119
39 1 21 255 127 12
39 1 22 255 127 12
39 1 23 255 127 12
39 1 24 255 127 12
39 1 25 255 127 12
39 1 26 255 127 12
39 1 27 158 216 229
39 2 0 255 186 119
39 2 1 255 186 119
39 2 2 255 186 119
39 2 3 255 186 119
39 2 4 255 186 119
39 2 5 255 186 119
39 2 6 255 186 119
39 2 7 255 186 119
39 2 8 255 186 119
39 2 9 255 186 119
39 2 10 255 186 119
39 2 11 255 186 119
39 2 12 255 186 119
39 2 13 255 186 119
39 2 14 255 186 119
39 2 15 255 186 119
39 2 16 255 186 119
39 2 21 255 127 12
39 2 22 255 127 12
39 2 23 255 127 12
39 2 24 255 127 12
39 2 25 255 127 12
39 2 26 255 127 12
39 2 27 158 216 229
39 3 0 255 186 119
39 3 1 255 186 119
39 3 2 255 186 119
39 3 3 255 186 119
39 3 4 255 186 119
39 3 5 255 186 119
39 3 6 255 186 119
39 3 7 255 186 119
39 3 8 255 186 119
39 3 9 255 186 119
39 3 10 255 186 119
39 3 11 255 186 119
39 3 12 255 186 119
39 3 13 255 186 119
39 3 14 255 186 119
39 3 15 255 186 119
39 3 16 255 186 119
39 3 21 255 127 12
39 3 22 255 127 12
39 3 23 255 127 12
39 3 24 255 127 12
39 3 25 255 127 12
39 3 26 255 127 12
39 3 27 158 216 229
39 4 0 255 186 119
39 4 1 255 186 119
39 4 2 255 186 119
39 4 3 255 186 119
39 4 4 255 186 119
39 4 5 255 186 119
39 4 6 255 186 119
39 4 7 255 186 119
39 4 8 255 186 119
39 4 9 255 186 119
39 4 10 255 186 119
39 4 11 255 186 119
39 4 12 255 186 119
39 4 13 255 186 119
39 4 14 255 186 119
39 4 15 255 186 119
39 4 16 255 186 119
39 4 21 255 127 12
39 4 22 255 127 12
39 4 23 255 127 12
39 4 24 255 127 12
39 4 25 255 127 12
39 4 26 255 127 12
39 4 27 158 216 229
39 5 0 255 186 119
39 5 1 255 186 119
39 5 2 255 186 119
39 5 3 255 186 119
39 5 4 255 186 119
39 5 5 255 186 119
39 5 6 255 186 119
39 5 7 255 186 119
39 5 8 255 186 119
39 5 9 255 186 119
39 5 10 255 186 119
39 5 11 255 186 119
39 5 12 255 186 119
39 5 13 255 186 119
39 5 14 255 186 119
39 5 15 255 186 119
39 5 16 255 186 119
39 5 21 255 127 12
39 5 22 255 127 12
39 5 23 255 127 12
39 5 24 255 127 12
39 5 25 255 127 12
39 5 26 255 127 12
39 5 27 158 216 229
39 6 0 255 186 119
39 6 1 255 186 119
39 6 2 255 186 119
39 6 3 255 186 119
39 6 4 255 186 119
39 6 5 255 186 119
39 6 6 255 186 119
39 6 7 255 186 119
39 6 8 255 186 119
39 6 9 255 186 119
39 6 10 255 186 119
39 6 11 255 186 119
39 6 12 255 186 119
39 6 13 255 186 119
39 6 14 255 186 119
39 6 15 255 186 119
39 6 16 255 186 119
39 6 21 255 127 12
39 6 22 255 127 12
39 6 23 255 127 12
39 6 24 255 127 12
39 6 25 255 127 12
39 6 26 255 127 12
39 6 27 158 216 229
39 7 0 255 186 119
39 7 1 255 186 119
39 7 2 255 186 119
39 7 3 255 186 119
39 7 4 255 186 119
39 7 5 255 186 119
39 7 6 255 186 119
39 7 7 255 186 119
39 7 8 255 186 119
39 7 9 255 186 119
39 7 10 255 186 119
39 7 11 255 186 119
39 7 12 255 186 119
39 7 13 255 186 119
39 7 14 255 186 119
39 7 15 255 186 119
39 7 24 196 175 214
39 7 25 196 175 214
39 7 26 196 175 214
39 7 27 158 216 229
39 8 2 196 175 214
39 8 3 196 175 214
39 8 4 196 175 214
39 8 5 196 175 214
39 8 6 196 175 214
39 8 24 196 175 214
39 8 25 196 175 214
39 8 26 196 175 214
39 8 27 158 216 229
39 9 2 196 175 214
39 9 3 196 175 214
39 9 4 196 175 214
39 9 5 196 175 214
39 9 6 196 175 214
39 9 24 196 175 214
39 9 25 196 175 214
39 9 26 196 175 214
39 9 27 158 216 229
39 10 2 196 175 214
39 10 3 196 175 214
39 10 4 196 175 214
39 10 5 196 175 214
39 10 6 196 175 214
39 10 24 196 175 214
39 10 25 196 175 214
39 10 26 196 175 214
39 10 27 158 216 229
39 11 24 196 175 214
39 11 25 196 175 214
39 11 26 196 175 214
39 11 27 158 216 229
39 12 26 158 216 229
39 12 27 158 216 229
39 13 26 158 216 229
39 13 27 158 216 229
39 14 26 158 216 229
39 14 27 158 216 229
39 15 26 158 216 229
39 15 27 158 216 229
39 16 26 158 216 229
39 16 27 158 216 229
39 17 26 158 216 229
39 17 27 158 216 229
39 18 26 158 216 229
39 18 27 158 216 229
39 19 26 158 216 229
39 19 27 158 216 229
39 20 26 158 216 229
39 20 27 158 216 229
39 21 26 158 216 229
39 21 27 158 216 229
39 22 26 158 216 229
39 22 27 158 216 229
39 23 26 158 216 229
39 23 27 158 216 229
39 24 26 158 216 229
39 24 27 158 216 229
39 25 26 158 216 229
39 25 27 158 216 229
39 26 26 158 216 229
39 26 27 158 216 229
39 27 24 196 175 214
39 27 25 196 175 214
39 27 26 158 216 229
39 27 27 158 216 229
39 28 24 196 175 214
39 28 25 196 175 214
39 28 26 196 175 214
39 28 27 158 216 229
39 29 24 196 175 214
39 29 25 196 175 214
39 29 26 196 175 214
39 29 27 158 216 229
39 30 24 196 175 214
39 30 25 196 175 214
39 30 26 196 175 214
39 30 27 158 216 229
39 31 25 196 175 214
39 31 26 158 216 229
39 31 27 158 216 229
39 32 0 214 38 40
39 32 1 214 38 40
39 32 2 214 38 40
39 32 3 214 38 40
39 32 4 214 38 40
39 32 5 214 38 40
39 32 6 214 38 40
39 32 7 214 38 40
39 32 8 214 38 40
39 32 9 214 38 40
39 32 10 214 38 40
39 32 11 214 38 40
39 32 12 214 38 40
39 32 13 214 38 40
39 32 14 214 38 40
39 32 15 214 38 40
39 32 16 214 38 40
39 32 17 214 38 40
39 32 18 214 38 40
39 32 19 214 38 40
39 32 20 214 38 40
39 32 21 214 38 40
39 32 22 214 38 40
39 32 23 214 38 40
39 32 24 214 38 40
39 32 25 214 38 40
39 32 26 214 38 40
39 32 27 158 216 229
40 0 0 255 186 119
40 0 1 255 186 119
40 0 2 255 186 119
40 0 3 255 186 119
40 0 4 255 186 119
40 0 5 255 186 119
40 0 6 255 186 119
40 0 7 43 160 4
40 0 8 43 160 4
40 0 9 43 160 4
40 0 10 43 160 4
40 0 11 43 160 4
40 0 12 43 160 4
40 0 13 43 160 4
40 0 14 43 160 4
40 0 15 43 160 4
40 0 16 43 160 4
40 0 17 43 160 4
40 0 18 43 160 4
40 0 19 43 160 4
40 0 20 43 160 4
40 0 21 255 127 12
40 0 22 255 127 12
40 0 23 255 127 12
40 0 24 43 160 4
40 0 25 43 160 4
40 0 26 43 160 4
40 0 27 158 216 229
40 1 0 255 186 119
40 1 1 255 186 119
40 1 2 255 186 119
40 1 3 255 186 119
40 1 4 255 186 119
40 1 5 255 186 119
40 1 6 255 186 119
40 1 7 255 186 119
40 1 8 255 186 119
40 1 9 255 186 119
40 1 10 255 186 119
40 1 11 255 186 119
40 1 12 255 186 119
40 1 13 255 186 119
40 1 14 255 186 119
40 1 15 255 186 119
40 1 16 255 186 119
40 1 17 255 186 119
40 1 20 255 127 12
40 1 21 255 127 12
40 1 22 255 127 12
40 1 23 255 127 12
40 1 24 255 127 12
40 1 25 255 127 12
40 1 26 255 127 12
40 1 27 158 216 229
40 2 0 255 186 119
40 2 1 255 186 119
40 2 2 255 186 119
40 2 3 255 186 119
40 2 4 255 186 119
40 2 5 255 186 119
40 2 6 255 186 119
40 2 7 255 186 119
40 2 8 255 186 119
40 2 9 255 186 119
40 2 10 255 186 119
40 2 11 255 186 119
40 2 12 255 186 119
40 2 13 255 186 119
40 2 14 255 186 119
40 2 15 255 186 119
40 2 16 255 186 119
40 2 17 255 186 119
40 2 20 255 127 12
40 2 21 255 127 12
40 2 22 255 127 12
40 2 23 255 127 12
40 2 24 255 127 12
40 2 25 255 127 12
40 2 26 255 127 12
40 2 27 158 216 229
40 3 0 255 186 119
40 3 1 255 186 119
40 3 2 255 186 119
40 3 3 255 186 119
40 3 4 255 186 119
40 3 5 255 186 119
40 3 6 255 186 119
40 3 7 255 186 119
40 3 8 255 186 119
40 3 9 255 186 119
40 3 10 255 186 119
40 3 11 255 186 119
40 3 12 255 186 119
40 3 13 255 186 119
40 3 14 255 186 119
40 3 15 255 186 119
40 3 16 255 186 119
40 3 17 255 186 119
40 3 20 255 127 12
40 3 21 255 127 12
40 3 22 255 127 12
40 3 23 255 127 12
40 3 24 255 127 12
40 3 25 255 127 12
40 3 26 255 127 12
40 3 27 158 216 229
40 4 0 255 186 119
40 4 1 255 186 119
40 4 2 255 186 119
40 4 3 255 186 119
40 4 4 255 186 119
40 4 5 255 186 119
40 4 6 255 186 119
40 4 7 255 186 119
40 4 8 255 186 119
40 4 9 255 186 119
40 4 10 255 186 119
40 4 11 255 186 119
40 4 12 255 186 119
40 4 13 255 186 119
40 4 14 255 186 119
40 4 15 255 186 119
40 4 16 255 186 119
40 4 17 255 186 119
40 4 20 255 127 12
40 4 21 255 127 12
40 4 22 255 127 12
40 4 23 255 127 12
40 4 24 255 127 12
40 4 25 255 127 12
40 4 26 255 127 12
40 4 27 158 216 229
40 5 0 255 186 119
40 5 1 255 186 119
40 5 2 255 186 119
40 5 3 255 186 119
40 5 4 255 186 119
40 5 5 255 186 119
40 5 6 255 186 119
40 5 7 255 186 119
40 5 8 255 186 119
40 5 9 255 186 119
40 5 10 255 186 119
40 5 11 255 186 119
40 5 12 255 186 119
40 5 13 255 186 119
40 5 14 255 186 119
40 5 15 255 186 119
40 5 16 255 186 119
40 5 17 255 186 119
40 5 20 255 127 12
40 5 21 255 127 12
40 5 22 255 127 12
40 5 23 255 127 12
40 5 24 255 127 12
40 5 25 255 127 12
40 5 26 255 127 12
40 5 27 158 216 229
40 6 0 255 186 119
40 6 1 255 186 119
40 6 2 255 186 119
40 6 3 255 186 119
40 6 4 255 186 119
40 6 5 255 186 119
40 6 6 255 186 119
40 6 7 255 186 119
40 6 8 255 186 119
40 6 9 255 186 119
40 6 10 255 186 119
40 6 11 255 186 119
40 6 12 255 186 119
40 6 13 255 186 119
40 6 14 255 186 119
40 6 15 255 186 119
40 6 16 255 186 119
40 6 17 255 186 119
40 6 21 255 127 12
40 6 22 255 127 12
40 6 23 255 127 12
40 6 24 255 127 12
40 6 25 255 127 12
40 6 26 255 127 12
40 6 27 158 216 229
40 7 0 255 186 119
40 7 1 255 186 119
40 7 2 255 186 119
40 7 3 255 186 119
40 7 4 255 186 119
40 7 5 255 186 119
40 7 6 255 186 119
40 7 7 255 186 119
40 7 8 255 186 119
40 7 9 255 186 119
40 7 10 255 186 119
40 7 11 255 186 119
40 7 12 255 186 119
40 7 13 255 186 119
40 7 14 255 186 119
40 7 15 255 186 119
40 7 16 255 186 119
40 7 17 255 186 119
40 7 23 196 175 214
40 7 24 196 175 214
40 7 25 196 175 214
40 7 26 196 175 214
40 7 27 158 216 229
40 8 2 196 175 214
40 8 3 196 175 214
40 8 4 196 175 214
40 8 5 196 175 214
40 8 6 196 175 214
40 8 7 196 175 214
40 8 23 196 175 214
40 8 24 196 175 214
40 8 25 196 175 214
40 8 26 196 175 214
40 8 27 158 216 229
40 9 2 196 175 214
40 9 3 196 175 214
40 9 4 196 175 214
40 9 5 196 175 214
40 9 6 196 175 214
40 9 7 196 175 214
40 9 23 196 175 214
40 9 24 196 175 214
40 9 25 196 175 214
40 9 26 196 175 214
40 9 27 158 216 229
40 10 2 196 175 214
40 10 3 196 175 214
40 10 4 196 175 214
40 10 5 196 175 214
40 10 6 196 175 214
40 10 7 196 175 214
40 10 23 196 175 214
40 10 24 196 175 214
40 10 25 196 175 214
40 10 26 196 175 214
40 10 27 158 216 229
40 11 23 196 175 214
40 11 24 196 175 214
40 11 25 196 175 214
40 11 26 158 216 229
40 11 27 158 216 229
40 12 26 158 216 229
40 12 27 158 216 229
40 13 26 158 216 229
40 13 27 158 216 229
40 14 26 158 216 229
40 14 27 158 216 229
40 15 26 158 216 229
40 15 27 158 216 229
40 16 26 158 216 229
40 16 27 158 216 229
40 17 26 158 216 229
40 17 27 158 216 229
40 18 26 158 216 229
40 18 27 158 216 229
40 19 26 158 216 229
40 19 27 158 216 229
40 20 26 158 216 229
40 20 27 158 216 229
40 21 26 158 216 229
40 21 27 158 216 229
40 22 26 158 216 229
40 22 27 158 216 229
40 23 26 158 216 229
40 23 27 158 216 229
40 24 26 158 216 229
40 24 27 158 216 229
40 25 26 158 216 229
40 25 27 158 216 229
40 26 26 158 216 229
40 26 27 158 216 229
40 27 24 196 175 214
40 27 25 196 175 214
40 27 26 196 175 214
40 27 27 158 216 229
40 28 24 196 175 214
40 28 25 196 175 214
40 28 26 196 175 214
40 28 27 158 216 229
40 29 24 196 175 214
40 29 25 196 175 214
40 29 26 196 175 214
40 29 27 158 216 229
40 30 24 196 175 214
40 30 25 196 175 214
40 30 26 196 175 214
40 30 27 158 216 229
40 31 24 196 175 214
40 31 25 196 175 214
40 31 26 158 216 229
40 31 27 158 216 229
40 32 0 214 38 40
40 32 1 214 38 40
40 32 2 214 38 40
40 32 3 214 38 40
40 32 4 214 38 40
40 32 5 214 38 40
40 32 6 214 38 40
40 32 7 214 38 40
40 32 8 214 38 40
40 32 9 214 38 40
40 32 10 214 38 40
40 32 11 214 38 40
40 32 12 214 38 40
40 32 13 214 38 40
40 32 14 214 38 40
40 32 15 214 38 40
40 32 16 214 38 40
40 32 17 214 38 40
40 32 18 214 38 40
40 32 19 214 38 40
40 32 20 214 38 40
40 32 21 214 38 40
40 32 22 214 38 40
40 32 23 214 38 40
40 32 24 214 38 40
40 32 25 214 38 40
40 32 26 214 38 40
40 32 27 158 216 229
41 0 0 255 186 119
41 0 1 255 186 119
41 0 2 255 186 119
41 0 3 255 186 119
41 0 4 255 186 119
41 0 5 255 186 119
41 0 6 255 186 119
41 0 7 43 160 4
41 0 8 43 160 4
41 0 9 43 160 4
41 0 10 43 160 4
41 0 11 43 160 4
41 0 12 43 160 4
41 0 13 43 160 4
41 0 14 43 160 4
41 0 15 43 160 4
41 0 16 43 160 4
41 0 17 43 160 4
41 0 18 43 160 4
41 0 19 43 160 4
41 0 20 255 127 12
41 0 21 255 127 12
41 0 22 255 127 12
41 0 23 255 127 12
41 0 24 43 160 4
41 0 25 43 160 4
41 0 26 43 160 4
41 1 0 255 186 119
41 1 1 255 186 119
41 1 2 255 186 119
41 1 3 255 186 119
41 1 4 255 186 119
41 1 5 255 186 119
41 1 6 255 186 119
41 1 7 255 186 119
41 1 8 255 186 119
41 1 9 255 186 119
41 1 10 255 186 119
41 1 11 255 186 119
41 1 12 255 186 119
41 1 13 255 186 119
41 1 14 255 186 119
41 1 15 255 186 119
41 1 16 255 186 119
41 1 17 255 186 119
41 1 18 255 186 119
41 1 19 255 186 119
41 1 20 255 127 12
41 1 21 255 127 12
41 1 22 255 127 12
41 1 23 255 127 12
41 1 24 255 127 12
41 1 25 255 127 12
41 1 26 158 216 229
41 2 0 255 186 119
41 2 1 255 186 119
41 2 2 255 186 119
41 2 3 255 186 119
41 2 4 255 186 119
41 2 5 255 186 119
41 2 6 255 186 119
41 2 7 255 186 119
41 2 8 255 186 119
41 2 9 255 186 119
41 2 10 255 186 119
41 2 11 255 186 119
41 2 12 255 186 119
41 2 13 255 186 119
41 2 14 255 186 119
41 2 15 255 186 119
41 2 16 255 186 119
41 2 17 255 186 119
41 2 18 255 186 119
41 2 19 255 186 119
41 2 20 255 127 12
41 2 21 255 127 12
41 2 22 255 127 12
41 2 23 255 127 12
41 2 24 255 127 12
41 2 25 255 127 12
41 2 26 158 216 229
41 3 0 255 186 119
41 3 1 255 186 119
41 3 2 255 186 119
41 3 3 255 186 119
41 3 4 255 186 119
41 3 5 255 186 119
41 3 6 255 186 119
41 3 7 255 186 119
41 3 8 255 186 119
41 3 9 255 186 119
41 3 10 255 186 119
41 3 11 255 186 119
41 3 12 255 186 119
41 3 13 255 186 119
41 3 14 255 186 119
41 3 15 255 186 119
41 3 16 255 186 119
41 3 17 255 186 119
41 3 18 255 186 119
41 3 19 255 186 119
41 3 20 255 127 12
41 3 21 255 127 12
41 3 22 255 127 12
41 3 23 255 127 12
41 3 24 255 127 12
41 3 25 255 127 12
41 3 26 158 216 229
41 4 0 255 186 119
41 4 1 255 186 119
41 4 2 255 186 119
41 4 3 255 186 119
41 4 4 255 186 119
41 4 5 255 186 119
41 4 6 255 186 119
41 4 7 255 186 119
41 4 8 255 186 119
41 4 9 255 186 119
41 4 10 255 186 119
41 4 11 255 186 119
41 4 12 255 186 119
41 4 13 255 186 119
41 4 14 255 186 119
41 4 15 255 186 119
41 4 16 255 186 119
41 4 17 255 186 119
41 4 18 255 186 119
41 4 19 255 186 119
41 4 20 255 127 12
41 4 21 255 127 12
41 4 22 255 127 12
41 4 23 255 127 12
41 4 24 255 127 12
41 4 25 255 127 12
41 4 26 158 216 229
41 5 0 255 186 119
41 5 1 255 186 119
41 5 2 255 186 119
41 5 3 255 186 119
41 5 4 255 186 119
41 5 5 255 186 119
41 5 6 255 186 119
41 5 7 255 186 119
41 5 8 255 186 119
41 5 9 255 186 119
41 5 10 255 186 119
41 5 11 255 186 119
41 5 12 255 186 119
41 5 13 255 186 119
41 5 14 255 186 119
41 5 15 255 186 119
41 5 16 255 186 119
41 5 17 255 186 119
41 5 18 255 186 119
41 5 19 255 186 119
41 5 20 255 127 12
41 5 21 255 127 12
41 5 22 255 127 12
41 5 23 255 127 12
41 5 24 255 127 12
41 5 25 255 127 12
41 5 26 158 216 229
41 6 0 255 186 119
41 6 1 255 186 119
41 6 2 255 186 119
41 6 3 255 186 119
41 6 4 255 186 119
41 6 5 255 186 119
41 6 6 255 186 119
41 6 7 255 186 119
41 6 8 255 186 119
41 6 9 255 186 119
41 6 10 255 186 119
41 6 11 255 186 119
41 6 12 255 186 119
41 6 13 255 186 119
41 6 14 255 186 119
41 6 15 255 186 119
41 6 16 255 186 119
41 6 17 255 186 119
41 6 18 255 186 119
41 6 19 255 186 119
41 6 20 255 127 12
41 6 21 255 127 12
41 6 22 255 127 12
41 6 23 255 127 12
41 6 24 255 127 12
41 6 25 255 127 12
41 6 26 158 216 229
41 7 0 255 186 119
41 7 1 255 186 119
41 7 2 255 186 119
41 7 3 255 186 119
41 7 4 255 186 119
41 7 5 255 186 119
41 7 6 255 186 119
41 7 7 255 186 119
41 7 8 255 186 119
41 7 9 255 186 119
41 7 10 255 186 119
41 7 11 255 186 119
41 7 12 255 186 119
41 7 13 255 186 119
41 7 14 255 186 119
41 7 15 255 186 119
41 7 16 255 186 119
41 7 17 255 186 119
41 7 18 255 186 119
41 7 23 196 175 214
41 7 24 196 175 214
41 7 25 196 175 214
41 7 26 158 216 229
41 8 1 196 175 214
41 8 2 196 175 214
41 8 3 196 175 214
41 8 4 196 175 214
41 8 5 196 175 214
41 8 6 196 175 214
41 8 23 196 175 214
41 8 24 196 175 214
41 8 25 196 175 214
41 8 26 158 216 229
41 9 1 196 175 214
41 9 2 196 175 214
41 9 3 196 175 214
41 9 4 196 175 214
41 9 5 196 175 214
41 9 6 196 175 214
41 9 23 196 175 214
41 9 24 196 175 214
41 9 25 196 175 214
41 9 26 158 216 229
41 10 1 196 175 214
41 10 2 196 175 214
41 10 3 196 175 214
41 10 4 196 175 214
41 10 5 196 175 214
41 10 6 196 175 214
41 10 23 196 175 214
41 10 24 196 175 214
41 10 25 196 175 214
41 10 26 158 216 229
41 11 23 196 175 214
41 11 24 196 175 214
41 11 25 196 175 214
41 11 26 158 216 229
41 12 26 158 216 229
41 13 26 158 216 229
41 14 26 158 216 229
41 15 26 158 216 229
41 16 26 158 216 229
41 17 26 158 216 229
41 18 26 158 216 229
41 19 26 158 216 229
41 20 26 158 216 229
41 21 26 158 216 229
41 22 26 158 216 229
41 23 26 158 216 229
41 24 26 158 216 229
41 25 26 158 216 229
41 26 26 158 216 229
41 27 23 196 175 214
41 27 24 196 175 214
41 27 25 196 175 214
41 27 26 158 216 229
41 28 23 196 175 214
41 28 24 196 175 214
41 28 25 196 175 214
41 28 26 158 216 229
41 29 23 196 175 214
41 29 24 196 175 214
41 29 25 196 175 214
41 29 26 158 216 229
41 30 23 196 175 214
41 30 24 196 175 214
41 30 25 196 175 214
41 30 26 158 216 229
41 31 23 196 175 214
41 31 24 196 175 214
41 31 25 196 175 214
41 31 26 158 216 229
41 32 0 214 38 40
41 32 1 214 38 40
41 32 2 214 38 40
41 32 3 214 38 40
41 32 4 214 38 40
41 32 5 214 38 40
41 32 6 214 38 40
41 32 7 214 38 40
41 32 8 214 38 40
41 32 9 214 38 40
41 32 10 214 38 40
41 32 11 214 38 40
41 32 12 214 38 40
41 32 13 214 38 40
41 32 14 214 38 40
41 32 15 214 38 40
41 32 16 214 38 40
41 32 17 214 38 40
41 32 18 214 38 40
41 32 19 214 38 40
41 32 20 214 38 40
41 32 21 214 38 40
41 32 22 214 38 40
41 32 23 214 38 40
41 32 24 214 38 40
41 32 25 214 38 40
41 32 26 158 216 229
42 0 0 255 186 119
42 0 1 255 186 119
42 0 2 255 186 119
42 0 3 255 186 119
42 0 4 255 186 119
42 0 5 255 186 119
42 0 6 255 186 119
42 0 7 43 160 4
42 0 8 43 160 4
42 0 9 43 160 4
42 0 10 43 160 4
42 0 11 43 160 4
42 0 12 43 160 4
42 0 13 43 160 4
42 0 14 43 160 4
42 0 15 43 160 4
42 0 16 43 160 4
42 0 17 43 160 4
42 0 18 43 160 4
42 0 19 43 160 4
42 0 20 255 127 12
42 0 21 255 127 12
42 0 22 255 127 12
42 0 23 255 127 12
42 0 24 43 160 4
42 0 25 43 160 4
42 1 0 255 186 119
42 1 1 255 186 119
42 1 2 255 186 119
42 1 3 255 186 119
42 1 4 255 186 119
42 1 5 255 186 119
42 1 6 255 186 119
42 1 7 255 186 119
42 1 8 255 186 119
42 1 9 255 186 119
42 1 10 255 186 119
42 1 11 255 186 119
42 1 12 255 186 119
42 1 13 255 186 119
42 1 14 255 186 119
42 1 15 255 186 119
42 1 16 255 186 119
42 1 17 255 186 119
42 1 18 255 186 119
42 1 19 255 186 119
42 1 20 255 127 12
42 1 21 255 127 12
42 1 22 255 127 12
42 1 23 255 127 12
42 1 24 255 127 12
42 1 25 158 216 229
42 1 26 158 216 229
42 2 0 255 186 119
42 2 1 255 186 119
42 2 2 255 186 119
42 2 3 255 186 119
42 2 4 255 186 119
42 2 5 255 186 119
42 2 6 255 186 119
42 2 7 255 186 119
42 2 8 255 186 119
42 2 9 255 186 119
42 2 10 255 186 119
42 2 11 255 186 119
42 2 12 255 186 119
42 2 13 255 186 119
42 2 14 255 186 119
42 2 15 255 186 119
42 2 16 255 186 119
42 2 17 255 186 119
42 2 18 255 186 119
42 2 19 255 186 119
42 2 20 255 127 12
42 2 21 255 127 12
42 2 22 255 127 12
42 2 23 255 127 12
42 2 24 255 127 12
42 2 25 158 216 229
42 2 26 158 216 229
42 3 0 255 186 119
42 3 1 255 186 119
42 3 2 255 186 119
42 3 3 255 186 119
42 3 4 255 186 119
42 3 5 255 186 119
42 3 6 255 186 119
42 3 7 255 186 119
42 3 8 255 186 119
42 3 9 255 186 119
42 3 10 255 186 119
42 3 11 255 186 119
42 3 12 255 186 119
42 3 13 255 186 119
42 3 14 255 186 119
42 3 15 255 186 119
42 3 16 255 186 119
42 3 17 255 186 119
42 3 18 255 186 119
42 3 19 255 186 119
42 3 20 255 127 12
42 3 21 255 127 12
42 3 22 255 127 12
42 3 23 255 127 12
42 3 24 255 127 12
42 3 25 158 216 229
42 3 26 158 216 229
42 4 0 255 186 119
42 4 1 255 186 119
42 4 2 255 186 119
42 4 3 255 186 119
42 4 4 255 186 119
42 4 5 255 186 119
42 4 6 255 186 119
42 4 7 255 186 119
42 4 8 255 186 119
42 4 9 255 186 119
42 4 10 255 186 119
42 4 11 255 186 119
42 4 12 255 186 119
42 4 13 255 186 119
42 4 14 255 186 119
42 4 15 255 186 119
42 4 16 255 186 119
42 4 17 255 186 119
42 4 18 255 186 119
42 4 19 255 186 119
42 4 20 255 127 12
42 4 21 255 127 12
42 4 22 255 127 12
42 4 23 255 127 12
42 4 24 255 127 12
42 4 25 158 216 229
42 4 26 158 216 229
42 5 0 255 186 119
42 5 1 255 186 119
42 5 2 255 186 119
42 5 3 255 186 119
42 5 4 255 186 119
42 5 5 255 186 119
42 5 6 255 186 119
42 5 7 255 186 119
42 5 8 255 186 119
42 5 9 255 186 119
42 5 10 255 186 119
42 5 11 255 186 119
42 5 12 255 186 119
42 5 13 255 186 119
42 5 14 255 186 119
42 5 15 255 186 119
42 5 16 255 186 119
42 5 17 255 186 119
42 5 18 255 186 119
42 5 19 255 186 119
42 5 20 255 127 12
42 5 21 255 127 12
42 5 22 255 127 12
42 5 23 255 127 12
42 5 24 255 127 12
42 5 25 158 216 229
42 5 26 158 216 229
42 6 0 255 186 119
42 6 1 255 186 119
42 6 2 255 186 119
42 6 3 255 186 119
42 6 4 255 186 119
42 6 5 255 186 119
42 6 6 255 186 119
42 6 7 255 186 119
42 6 8 255 186 119
42 6 9 255 186 119
42 6 10 255 186 119
42 6 11 255 186 119
42 6 12 255 186 119
42 6 13 255 186 119
42 6 14 255 186 119
42 6 15 255 186 119
42 6 16 255 186 119
42 6 17 255 186 119
42 6 18 255 186 119
42 6 19 255 186 119
42 6 20 255 127 12
42 6 21 255 127 12
42 6 22 255 127 12
42 6 23 255 127 12
42 6 24 255 127 12
42 6 25 158 216 229
42 6 26 158 216 229
42 7 0 255 186 119
42 7 1 255 186 119
42 7 2 255 186 119
42 7 3 255 186 119
42 7 4 255 186 119
42 7 5 255 186 119
42 7 6 255 186 119
42 7 7 255 186 119
42 7 8 255 186 119
42 7 9 255 186 119
42 7 10 255 186 119
42 7 11 255 186 119
42 7 12 255 186 119
42 7 13 255 186 119
42 7 14 255 186 119
42 7 15 255 186 119
42 7 16 255 186 119
42 7 17 255 186 119
42 7 18 255 186 119
42 7 19 255 186 119
42 7 20 255 186 119
42 7 22 196 175 214
42 7 23 196 175 214
42 7 24 196 175 214
42 7 25 196 175 214
42 7 26 158 216 229
42 8 0 196 175 214
42 8 1 196 175 214
42 8 2 196 175 214
42 8 3 196 175 214
42 8 4 196 175 214
42 8 5 196 175 214
42 8 22 196 175 214
42 8 23 196 175 214
42 8 24 196 175 214
42 8 25 158 216 229
42 8 26 158 216 229
42 9 0 196 175 214
42 9 1 196 175 214
42 9 2 196 175 214
42 9 3 196 175 214
42 9 4 196 175 214
42 9 5 196 175 214
42 9 6 196 175 214
42 9 24 196 175 214
42 9 25 158 216 229
42 9 26 158 216 229
42 10 1 196 175 214
42 10 2 196 175 214
42 10 3 196 175 214
42 10 4 196 175 214
42 10 5 196 175 214
42 10 24 196 175 214
42 10 25 158 216 229
42 10 26 158 216 229
42 11 25 158 216 229
42 11 26 158 216 229
42 12 25 158 216 229
42 12 26 158 216 229
42 13 25 158 216 229
42 13 26 158 216 229
42 14 25 158 216 229
42 14 26 158 216 229
42 15 25 158 216 229
42 15 26 158 216 229
42 16 25 158 216 229
42 16 26 158 216 229
42 17 25 158 216 229
42 17 26 158 216 229
42 18 25 158 216 229
42 18 26 158 216 229
42 19 25 158 216 229
42 19 26 158 216 229
42 20 25 158 216 229
42 20 26 158 216 229
42 21 25 158 216 229
42 21 26 158 216 229
42 22 25 158 216 229
42 22 26 158 216 229
42 23 25 158 216 229
42 23 26 158 216 229
42 24 25 158 216 229
42 24 26 158 216 229
42 25 25 158 216 229
42 25 26 158 216 229
42 26 25 158 216 229
42 26 26 158 216 229
42 27 22 196 175 214
42 27 23 196 175 214
42 27 24 196 175 214
42 27 25 158 216 229
42 27 26 158 216 229
42 28 22 196 175 214
42 28 23 196 175 214
42 28 24 196 175 214
42 28 25 158 216 229
42 28 26 158 216 229
42 29 22 196 175 214
42 29 23 196 175 214
42 29 24 196 175 214
42 29 25 158 216 229
42 29 26 158 216 229
42 30 22 196 175 214
42 30 23 196 175 214
42 30 24 196 175 214
42 30 25 158 216 229
42 30 26 158 216 229
42 31 23 196 175 214
42 31 24 196 175 214
42 31 25 158 216 229
42 31 26 158 216 229
42 32 0 214 38 40
42 32 1 214 38 40
42 32 2 214 38 40
42 32 3 214 38 40
42 32 4 214 38 40
42 32 5 214 38 40
42 32 6 214 38 40
42 32 7 214 38 40
42 32 8 214 38 40
42 32 9 214 38 40
42 32 10 214 38 40
42 32 11 214 38 40
42 32 12 214 38 40
42 32 13 214 38 40
42 32 14 214 38 40
42 32 15 214 38 40
42 32 16 214 38 40
42 32 17 214 38 40
42 32 18 214 38 40
42 32 19 214 38 40
42 32 20 214 38 40
42 32 21 214 38 40
42 32 22 214 38 40
42 32 23 214 38 40
42 32 24 214 38 40
42 32 25 214 38 40
42 32 26 158 216 229
43 0 0 255 186 119
43 0 1 255 186 119
43 0 2 255 186 119
43 0 3 255 186 119
43 0 4 255 186 119
43 0 5 255 186 119
43 0 6 255 186 119
43 0 7 43 160 4
43 0 8 43 160 4
43 0 9 43 160 4
43 0 10 43 160 4
43 0 11 43 160 4
43 0 12 43 160 4
43 0 13 43 160 4
43 0 14 43 160 4
43 0 15 43 160 4
43 0 16 43 160 4
43 0 17 43 160 4
43 0 18 43 160 4
43 0 19 43 160 4
43 0 20 43 160 4
43 0 21 255 127 12
43 0 22 255 127 12
43 0 23 255 127 12
43 0 24 43 160 4
43 0 25 158 216 229
43 1 0 255 186 119
43 1 1 255 186 119
43 1 2 255 186 119
43 1 3 255 186 119
43 1 4 255 186 119
43 1 5 255 186 119
43 1 6 255 186 119
43 1 7 255 186 119
43 1 8 255 186 119
43 1 9 255 186 119
43 1 10 255 186 119
43 1 11 255 186 119
43 1 12 255 186 119
43 1 13 255 186 119
43 1 14 255 186 119
43 1 15 255 186 119
43 1 16 255 186 119
43 1 17 255 186 119
43 1 18 255 186 119
43 1 19 255 186 119
43 1 20 255 186 119
43 1 21 255 186 119
43 1 22 255 127 12
43 1 23 255 127 12
43 1 24 255 127 12
43 1 25 158 216 229
43 2 0 255 186 119
43 2 1 255 186 119
43 2 2 255 186 119
43 2 3 255 186 119
43 2 4 255 186 119
43 2 5 255 186 119
43 2 6 255 186 119
43 2 7 255 186 119
43 2 8 255 186 119
43 2 9 255 186 119
43 2 10 255 186 119
43 2 11 255 186 119
43 2 12 255 186 119
43 2 13 255 186 119
43 2 14 255 186 119
43 2 15 255 186 119
43 2 16 255 186 119
43 2 17 255 186 119
43 2 18 255 186 119
43 2 19 255 186 119
43 2 20 255 186 119
43 2 21 255 186 119
43 2 22 255 127 12
43 2 23 255 127 12
43 2 24 255 127 12
43 2 25 158 216 229
43 3 0 255 186 119
43 3 1 255 186 119
43 3 2 255 186 119
43 3 3 255 186 119
43 3 4 255 186 119
43 3 5 255 186 119
43 3 6 255 186 119
43 3 7 255 186 119
43 3 8 255 186 119
43 3 9 255 186 119
43 3 10 255 186 119
43 3 11 255 186 119
43 3 12 255 186 119
43 3 13 255 186 119
43 3 14 255 186 119
43 3 15 255 186 119
43 3 16 255 186 119
43 3 17 255 186 119
43 3 18 255 186 119
43 3 19 255 186 119
43 3 20 255 186 119
43 3 21 255 186 119
43 3 22 255 127 12
43 3 23 255 127 12
43 3 24 255 127 12
43 3 25 158 216 229
43 4 0 255 186 119
43 4 1 255 186 119
43 4 2 255 186 119
43 4 3 255 186 119
43 4 4 255 186 119
43 4 5 255 186 119
43 4 6 255 186 119
43 4 7 255 186 119
43 4 8 255 186 119
43 4 9 255 186 119
43 4 10 255 186 119
43 4 11 255 186 119
43 4 12 255 186 119
43 4 13 255 186 119
43 4 14 255 186 119
43 4 15 255 186 119
43 4 16 255 186 119
43 4 17 255 186 119
43 4 18 255 186 119
43 4 19 255 186 119
43 4 20 255 186 119
43 4 21 255 186 119
43 4 22 255 127 12
43 4 23 255 127 12
43 4 24 255 127 12
43 4 25 158 216 229
43 5 0 255 186 119
43 5 1 255 186 119
43 5 2 255 186 119
43 5 3 255 186 119
43 5 4 255 186 119
43 5 5 255 186 119
43 5 6 255 186 119
43 5 7 255 186 119
43 5 8 255 186 119
43 5 9 255 186 119
43 5 10 255 186 119
43 5 11 255 186 119
43 5 12 255 186 119
43 5 13 255 186 119
43 5 14 255 186 119
43 5 15 255 186 119
43 5 16 255 186 119
43 5 17 255 186 119
43 5 18 255 186 119
43 5 19 255 186 119
43 5 20 255 186 119
43 5 21 255 186 119
43 5 22 255 127 12
43 5 23 255 127 12
43 5 24 255 127 12
43 5 25 158 216 229
43 6 0 255 186 119
43 6 1 255 186 119
43 6 2 255 186 119
43 6 3 255 186 119
43 6 4 255 186 119
43 6 5 255 186 119
43 6 6 255 186 119
43 6 7 255 186 119
43 6 8 255 186 119
43 6 9 255 186 119
43 6 10 255 186 119
43 6 11 255 186 119
43 6 12 255 186 119
43 6 13 255 186 119
43 6 14 255 186 119
43 6 15 255 186 119
43 6 16 255 186 119
43 6 17 255 186 119
43 6 18 255 186 119
43 6 19 255 186 119
43 6 20 255 186 119
43 6 21 255 186 119
43 6 22 255 127 12
43 6 23 255 127 12
43 6 24 255 127 12
43 6 25 158 216 229
43 7 0 255 186 119
43 7 1 255 186 119
43 7 2 255 186 119
43 7 3 255 186 119
43 7 4 255 186 119
43 7 5 255 186 119
43 7 6 255 186 119
43 7 7 255 186 119
43 7 8 255 186 119
43 7 9 255 186 119
43 7 10 255 186 119
43 7 11 255 186 119
43 7 12 255 186 119
43 7 13 255 186 119
43 7 14 255 186 119
43 7 15 255 186 119
43 7 16 255 186 119
43 7 17 255 186 119
43 7 18 255 186 119
43 7 19 255 186 119
43 7 20 255 186 119
43 7 21 255 186 119
43 7 23 196 175 214
43 7 24 196 175 214
43 7 25 158 216 229
43 8 0 196 175 214
43 8 1 196 175 214
43 8 2 196 175 214
43 8 3 196 175 214
43 8 4 196 175 214
43 8 5 196 175 214
43 8 16 196 175 214
43 8 17 196 175 214
43 8 18 196 175 214
43 8 23 196 175 214
43 8 24 196 175 214
43 8 25 158 216 229
43 9 0 196 175 214
43 9 1 196 175 214
43 9 2 196 175 214
43 9 3 196 175 214
43 9 4 196 175 214
43 9 5 196 175 214
43 9 16 196 175 214
43 9 17 196 175 214
43 9 18 196 175 214
43 9 24 158 216 229
43 9 25 158 216 229
43 10 0 196 175 214
43 10 1 196 175 214
43 10 2 196 175 214
43 10 3 196 175 214
43 10 4 196 175 214
43 10 5 196 175 214
43 10 24 158 216 229
43 10 25 158 216 229
43 11 24 158 216 229
43 11 25 158 216 229
43 12 24 158 216 229
43 12 25 158 216 229
43 13 24 158 216 229
43 13 25 158 216 229
43 14 24 158 216 229
43 14 25 158 216 229
43 15 24 158 216 229
43 15 25 158 216 229
43 16 24 158 216 229
43 16 25 158 216 229
43 17 24 158 216 229
43 17 25 158 216 229
43 18 24 158 216 229
43 18 25 158 216 229
43 19 24 158 216 229
43 19 25 158 216 229
43 20 24 158 216 229
43 20 25 158 216 229
43 21 24 158 216 229
43 21 25 158 216 229
43 22 24 158 216 229
43 22 25 158 216 229
43 23 24 158 216 229
43 23 25 158 216 229
43 24 24 158 216 229
43 24 25 158 216 229
43 25 24 158 216 229
43 25 25 158 216 229
43 26 24 158 216 229
43 26 25 158 216 229
43 27 22 196 175 214
43 27 23 196 175 214
43 27 24 196 175 214
43 27 25 158 216 229
43 28 22 196 175 214
43 28 23 196 175 214
43 28 24 196 175 214
43 28 25 158 216 229
43 29 22 196 175 214
43 29 23 196 175 214
43 29 24 196 175 214
43 29 25 158 216 229
43 30 22 196 175 214
43 30 23 196 175 214
43 30 24 196 175 214
43 30 25 158 216 229
43 31 22 196 175 214
43 31 23 196 175 214
43 31 24 158 216 229
43 31 25 158 216 229
43 32 0 214 38 40
43 32 1 214 38 40
43 32 2 214 38 40
43 32 3 214 38 40
43 32 4 214 38 40
43 32 5 214 38 40
43 32 6 214 38 40
43 32 7 214 38 40
43 32 8 214 38 40
43 32 9 214 38 40
43 32 10 214 38 40
43 32 11 214 38 40
43 32 12 214 38 40
43 32 13 214 38 40
43 32 14 214 38 40
43 32 15 214 38 40
43 32 16 214 38 40
43 32 17 214 38 40
43 32 18 214 38 40
43 32 19 214 38 40
43 32 20 214 38 40
43 32 21 214 38 40
43 32 22 214 38 40
43 32 23 214 38 40
43 32 24 214 38 40
43 32 25 158 216 229
44 0 0 255 186 119
44 0 1 255 186 119
44 0 2 255 186 119
44 0 3 255 186 119
44 0 4 255 186 119
44 0 5 255 186 119
44 0 6 255 186 119
44 0 7 43 160 4
44 0 8 43 160 4
44 0 9 43 160 4
44 0 10 43 160 4
44 0 11 43 160 4
44 0 12 43 160 4
44 0 13 43 160 4
44 0 14 43 160 4
44 0 15 43 160 4
44 0 16 43 160 4
44 0 17 43 160 4
44 0 18 43 160 4
44 0 19 43 160 4
44 0 20 43 160 4
44 0 21 43 160 4
44 0 22 43 160 4
44 0 23 255 127 12
44 0 24 43 160 4
44 1 0 255 186 119
44 1 1 255 186 119
44 1 2 255 186 119
44 1 3 255 186 119
44 1 4 255 186 119
44 1 5 255 186 119
44 1 6 255 186 119
44 1 7 255 186 119
44 1 8 255 186 119
44 1 9 255 186 119
44 1 10 255 186 119
44 1 11 255 186 119
44 1 12 255 186 119
44 1 13 255 186 119
44 1 14 255 186 119
44 1 15 255 186 119
44 1 16 255 186 119
44 1 17 255 186 119
44 1 18 255 186 119
44 1 19 255 186 119
44 1 20 255 186 119
44 1 21 255 186 119
44 1 22 255 186 119
44 1 23 255 127 12
44 1 24 158 216 229
44 2 0 255 186 119
44 2 1 255 186 119
44 2 2 255 186 119
44 2 3 255 186 119
44 2 4 255 186 119
44 2 5 255 186 119
44 2 6 255 186 119
44 2 7 255 186 119
44 2 8 255 186 119
44 2 9 255 186 119
44 2 10 255 186 119
44 2 11 255 186 119
44 2 12 255 186 119
44 2 13 255 186 119
44 2 14 255 186 119
44 2 15 255 186 119
44 2 16 255 186 119
44 2 17 255 186 119
44 2 18 255 186 119
44 2 19 255 186 119
44 2 20 255 186 119
44 2 21 255 186 119
44 2 22 255 186 119
44 2 23 255 127 12
44 2 24 158 216 229
44 3 0 255 186 119
44 3 1 255 186 119
44 3 2 255 186 119
44 3 3 255 186 119
44 3 4 255 186 119
44 3 5 255 186 119
44 3 6 255 186 119
44 3 7 255 186 119
44 3 8 255 186 119
44 3 9 255 186 119
44 3 10 255 186 119
44 3 11 255 186 119
44 3 12 255 186 119
44 3 13 255 186 119
44 3 14 255 186 119
44 3 15 255 186 119
44 3 16 255 186 119
44 3 17 255 186 119
44 3 18 255 186 119
44 3 19 255 186 119
44 3 20 255 186 119
44 3 21 255 186 119
44 3 22 255 186 119
44 3 23 255 127 12
44 3 24 158 216 229
44 4 0 255 186 119
44 4 1 255 186 119
44 4 2 255 186 119
44 4 3 255 186 119
44 4 4 255 186 119
44 4 5 255 186 119
44 4 6 255 186 119
44 4 7 255 186 119
44 4 8 255 186 119
44 4 9 255 186 119
44 4 10 255 186 119
44 4 11 255 186 119
44 4 12 255 186 119
44 4 13 255 186 119
44 4 14 255 186 119
44 4 15 255 186 119
44 4 16 255 186 119
44 4 17 255 186 119
44 4 18 255 186 119
44 4 19 255 186 119
44 4 20 255 186 119
44 4 21 255 186 119
44 4 22 255 186 119
44 4 23 255 127 12
44 4 24 158 216 229
44 5 0 255 186 119
44 5 1 255 186 119
44 5 2 255 186 119
44 5 3 255 186 119
44 5 4 255 186 119
44 5 5 255 186 119
44 5 6 255 186 119
44 5 7 255 186 119
44 5 8 255 186 119
44 5 9 255 186 119
44 5 10 255 186 119
44 5 11 255 186 119
44 5 12 255 186 119
44 5 13 255 186 119
44 5 14 255 186 119
44 5 15 255 186 119
44 5 16 255 186 119
44 5 17 255 186 119
44 5 18 255 186 119
44 5 19 255 186 119
44 5 20 255 186 119
44 5 21 255 186 119
44 5 22 255 186 119
44 5 23 255 127 12
44 5 24 158 216 229
44 6 0 255 186 119
44 6 1 255 186 119
44 6 2 255 186 119
44 6 3 255 186 119
44 6 4 255 186 119
44 6 5 255 186 119
44 6 6 255 186 119
44 6 7 255 186 119
44 6 8 255 186 119
44 6 9 255 186 119
44 6 10 255 186 119
44 6 11 255 186 119
44 6 12 255 186 119
44 6 13 255 186 119
44 6 14 255 186 119
44 6 15 255 186 119
44 6 16 255 186 119
44 6 17 255 186 119
44 6 18 255 186 119
44 6 19 255 186 119
44 6 20 255 186 119
44 6 21 255 186 119
44 6 22 255 186 119
44 6 23 255 127 12
44 6 24 158 216 229
44 7 0 255 186 119
44 7 1 255 186 119
44 7 2 255 186 119
44 7 3 255 186 119
44 7 4 255 186 119
44 7 5 255 186 119
44 7 6 255 186 119
44 7 7 255 186 119
44 7 8 255 186 119
44 7 9 255 186 119
44 7 10 255 186 119
44 7 11 255 186 119
44 7 12 255 186 119
44 7 13 255 186 119
44 7 14 255 186 119
44 7 15 255 186 119
44 7 16 255 186 119
44 7 17 255 186 119
44 7 18 255 186 119
44 7 19 255 186 119
44 7 20 255 186 119
44 7 21 255 186 119
44 7 22 255 186 119
44 7 23 255 186 119
44 7 24 158 216 229
44 8 1 196 175 214
44 8 2 196 175 214
44 8 3 196 175 214
44 8 4 196 175 214
44 8 16 196 175 214
44 8 17 196 175 214
44 8 18 196 175 214
44 8 19 196 175 214
44 8 22 255 186 119
44 8 23 255 186 119
44 8 24 158 216 229
44 9 1 196 175 214
44 9 2 196 175 214
44 9 3 196 175 214
44 9 4 196 175 214
44 9 16 196 175 214
44 9 17 196 175 214
44 9 18 196 175 214
44 9 19 196 175 214
44 9 22 255 186 119
44 9 23 255 186 119
44 9 24 158 216 229
44 10 1 196 175 214
44 10 2 196 175 214
44 10 3 196 175 214
44 10 4 196 175 214
44 10 22 255 186 119
44 10 23 255 186 119
44 10 24 158 216 229
44 11 22 255 186 119
44 11 23 255 186 119
44 11 24 158 216 229
44 12 22 255 186 119
44 12 23 255 186 119
44 12 24 158 216 229
44 13 23 255 186 119
44 13 24 158 216 229
44 14 24 158 216 229
44 15 24 158 216 229
44 16 24 158 216 229
44 17 24 158 216 229
44 18 24 158 216 229
44 19 24 158 216 229
44 20 24 158 216 229
44 21 24 158 216 229
44 22 24 158 216 229
44 23 24 158 216 229
44 24 24 158 216 229
44 25 24 158 216 229
44 26 24 158 216 229
44 27 21 196 175 214
44 27 22 196 175 214
44 27 23 196 175 214
44 27 24 158 216 229
44 28 21 196 175 214
44 28 22 196 175 214
44 28 23 196 175 214
44 28 24 158 216 229
44 29 21 196 175 214
44 29 22 196 175 214
44 29 23 196 175 214
44 29 24 158 216 229
44 30 21 196 175 214
44 30 22 196 175 214
44 30 23 196 175 214
44 30 24 158 216 229
44 31 21 196 175 214
44 31 22 196 175 214
44 31 23 196 175 214
44 31 24 158 216 229
44 32 0 214 38 40
44 32 1 214 38 40
44 32 2 214 38 40
44 32 3 214 38 40
44 32 4 214 38 40
44 32 5 214 38 40
44 32 6 214 38 40
44 32 7 214 38 40
44 32 8 214 38 40
44 32 9 214 38 40
44 32 10 214 38 40
44 32 11 214 38 40
44 32 12 214 38 40
44 32 13 214 38 40
44 32 14 214 38 40
44 32 15 214 38 40
44 32 16 214 38 40
44 32 17 214 38 40
44 32 18 214 38 40
44 32 19 214 38 40
44 32 20 214 38 40
44 32 21 214 38 40
44 32 22 214 38 40
44 32 23 214 38 40
44 32 24 158 216 229
45 0 0 255 186 119
45 0 1 255 186 119
45 0 2 255 186 119
45 0 3 255 186 119
45 0 4 255 186 119
45 0 5 255 186 119
45 0 6 255 186 119
45 0 7 43 160 4
45 0 8 43 160 4
45 0 9 43 160 4
45 0 10 43 160 4
45 0 11 43 160 4
45 0 12 43 160 4
45 0 13 43 160 4
45 0 14 43 160 4
45 0 15 43 160 4
45 0 16 43 160 4
45 0 17 43 160 4
45 0 18 43 160 4
45 0 19 43 160 4
45 0 20 43 160 4
45 0 21 43 160 4
45 0 22 43 160 4
45 0 23 255 186 119
45 1 0 255 186 119
45 1 1 255 186 119
45 1 2 255 186 119
45 1 3 255 186 119
45 1 4 255 186 119
45 1 5 255 186 119
45 1 6 255 186 119
45 1 7 255 186 119
45 1 8 255 186 119
45 1 9 255 186 119
45 1 10 255 186 119
45 1 11 255 186 119
45 1 12 255 186 119
45 1 13 255 186 119
45 1 14 255 186 119
45 1 15 255 186 119
45 1 16 255 186 119
45 1 17 255 186 119
45 1 18 255 186 119
45 1 19 255 186 119
45 1 20 255 186 119
45 1 21 255 186 119
45 1 22 255 186 119
45 1 23 255 186 119
45 1 24 158 216 229
45 2 0 255 186 119
45 2 1 255 186 119
45 2 2 255 186 119
45 2 3 255 186 119
45 2 4 255 186 119
45 2 5 255 186 119
45 2 6 255 186 119
45 2 7 255 186 119
45 2 8 255 186 119
45 2 9 255 186 119
45 2 10 255 186 119
45 2 11 255 186 119
45 2 12 255 186 119
45 2 13 255 186 119
45 2 14 255 186 119
45 2 15 255 186 119
45 2 16 255 186 119
45 2 17 255 186 119
45 2 18 255 186 119
45 2 19 255 186 119
45 2 20 255 186 119
45 2 21 255 186 119
45 2 22 255 186 119
45 2 23 255 186 119
45 2 24 158 216 229
45 3 0 255 186 119
45 3 1 255 186 119
45 3 2 255 186 119
45 3 3 255 186 119
45 3 4 255 186 119
45 3 5 255 186 119
45 3 6 255 186 119
45 3 7 255 186 119
45 3 8 255 186 119
45 3 9 255 186 119
45 3 10 255 186 119
45 3 11 255 186 119
45 3 12 255 186 119
45 3 13 255 186 119
45 3 14 255 186 119
45 3 15 255 186 119
45 3 16 255 186 119
45 3 17 255 186 119
45 3 18 255 186 119
45 3 19 255 186 119
45 3 20 255 186 119
45 3 21 255 186 119
45 3 22 255 186 119
45 3 23 255 186 119
45 3 24 158 216 229
45 4 0 255 186 119
45 4 1 255 186 119
45 4 2 255 186 119
45 4 3 255 186 119
45 4 4 255 186 119
45 4 5 255 186 119
45 4 6 255 186 119
45 4 7 255 186 119
45 4 8 255 186 119
45 4 9 255 186 119
45 4 10 255 186 119
45 4 11 255 186 119
45 4 12 255 186 119
45 4 13 255 186 119
45 4 14 255 186 119
45 4 15 255 186 119
45 4 16 255 186 119
45 4 17 255 186 119
45 4 18 255 186 119
45 4 19 255 186 119
45 4 20 255 186 119
45 4 21 255 186 119
45 4 22 255 186 119
45 4 23 255 186 119
45 4 24 158 216 229
45 5 0 255 186 119
45 5 1 255 186 119
45 5 2 255 186 119
45 5 3 255 186 119
45 5 4 255 186 119
45 5 5 255 186 119
45 5 6 255 186 119
45 5 7 255 186 119
45 5 8 255 186 119
45 5 9 255 186 119
45 5 10 255 186 119
45 5 11 255 186 119
45 5 12 255 186 119
45 5 13 255 186 119
45 5 14 255 186 119
45 5 15 255 186 119
45 5 16 255 186 119
45 5 17 255 186 119
45 5 18 255 186 119
45 5 19 255 186 119
45 5 20 255 186 119
45 5 21 255 186 119
45 5 22 255 186 119
45 5 23 255 186 119
45 5 24 158 216 229
45 6 0 255 186 119
45 6 1 255 186 119
45 6 2 255 186 119
45 6 3 255 186 119
45 6 4 255 186 119
45 6 5 255 186 119
45 6 6 255 186 119
45 6 7 255 186 119
45 6 8 255 186 119
45 6 9 255 186 119
45 6 10 255 186 119
45 6 11 255 186 119
45 6 12 255 186 119
45 6 13 255 186 119
45 6 14 255 186 119
45 6 15 255 186 119
45 6 16 255 186 119
45 6 17 255 186 119
45 6 18 255 186 119
45 6 19 255 186 119
45 6 20 255 186 119
45 6 21 255 186 119
45 6 22 255 186 119
45 6 23 255 186 119
45 6 24 158 216 229
45 7 0 255 186 119
45 7 1 255 186 119
45 7 2 255 186 119
45 7 3 255 186 119
45 7 4 255 186 119
45 7 5 255 186 119
45 7 6 255 186 119
45 7 7 255 186 119
45 7 8 255 186 119
45 7 9 255 186 119
45 7 10 255 186 119
45 7 11 255 186 119
45 7 12 255 186 119
45 7 13 255 186 119
45 7 14 255 186 119
45 7 15 255 186 119
45 7 16 255 186 119
45 7 17 255 186 119
45 7 18 255 186 119
45 7 19 255 186 119
45 7 20 255 186 119
45 7 21 255 186 119
45 7 22 255 186 119
45 7 23 255 186 119
45 7 24 158 216 229
45 8 3 196 175 214
45 8 4 196 175 214
45 8 15 196 175 214
45 8 16 196 175 214
45 8 17 196 175 214
45 8 18 196 175 214
45 8 19 196 175 214
45 8 20 196 175 214
45 8 21 196 175 214
45 8 22 255 186 119
45 8 23 255 186 119
45 8 24 158 216 229
45 9 3 196 175 214
45 9 4 196 175 214
45 9 15 196 175 214
45 9 16 196 175 214
45 9 17 196 175 214
45 9 18 196 175 214
45 9 19 196 175 214
45 9 20 196 175 214
45 9 21 255 186 119
45 9 22 255 186 119
45 9 23 255 186 119
45 9 24 158 216 229
45 10 3 196 175 214
45 10 4 196 175 214
45 10 21 255 186 119
45 10 22 255 186 119
45 10 23 255 186 119
45 10 24 158 216 229
45 11 21 255 186 119
45 11 22 255 186 119
45 11 23 255 186 119
45 11 24 158 216 229
45 12 21 255 186 119
45 12 22 255 186 119
45 12 23 255 186 119
45 12 24 158 216 229
45 13 22 255 186 119
45 13 23 158 216 229
45 13 24 158 216 229
45 14 23 158 216 229
45 14 24 158 216 229
45 15 23 158 216 229
45 15 24 158 216 229
45 16 23 158 216 229
45 16 24 158 216 229
45 17 23 158 216 229
45 17 24 158 216 229
45 18 23 158 216 229
45 18 24 158 216 229
45 19 23 158 216 229
45 19 24 158 216 229
45 20 23 158 216 229
45 20 24 158 216 229
45 21 23 158 216 229
45 21 24 158 216 229
45 22 23 158 216 229
45 22 24 158 216 229
45 23 23 158 216 229
45 23 24 158 216 229
45 24 23 158 216 229
45 24 24 158 216 229
45 25 23 158 216 229
45 25 24 158 216 229
45 26 23 158 216 229
45 26 24 158 216 229
45 27 20 196 175 214
45 27 21 196 175 214
45 27 22 196 175 214
45 27 23 158 216 229
45 27 24 158 216 229
45 28 20 196 175 214
45 28 21 196 175 214
45 28 22 196 175 214
45 28 23 158 216 229
45 28 24 158 216 229
45 29 20 196 175 214
45 29 21 196 175 214
45 29 22 196 175 214
45 29 23 158 216 229
45 29 24 158 216 229
45 30 20 196 175 214
45 30 21 196 175 214
45 30 22 196 175 214
45 30 23 158 216 229
45 30 24 158 216 229
45 31 21 196 175 214
45 31 22 196 175 214
45 31 23 158 216 229
45 31 24 158 216 229
45 32 0 214 38 40
45 32 1 214 38 40
45 32 2 214 38 40
45 32 3 214 38 40
45 32 4 214 38 40
45 32 5 214 38 40
45 32 6 214 38 40
45 32 7 214 38 40
45 32 8 214 38 40
45 32 9 214 38 40
45 32 10 214 38 40
45 32 11 214 38 40
45 32 12 214 38 40
45 32 13 214 38 40
45 32 14 214 38 40
45 32 15 214 38 40
45 32 16 214 38 40
45 32 17 214 38 40
45 32 18 214 38 40
45 32 19 214 38 40
45 32 20 214 38 40
45 32 21 214 38 40
45 32 22 214 38 40
45 32 23 214 38 40
45 32 24 158 216 229
46 0 0 255 186 119
46 0 1 255 186 119
46 0 2 255 186 119
46 0 3 255 186 119
46 0 4 255 186 119
46 0 5 255 186 119
46 0 6 255 186 119
46 0 7 43 160 4
46 0 8 43 160 4
46 0 9 43 160 4
46 0 10 43 160 4
46 0 11 43 160 4
46 0 12 43 160 4
46 0 13 43 160 4
46 0 14 43 160 4
46 0 15 43 160 4
46 0 16 43 160 4
46 0 17 43 160 4
46 0 18 43 160 4
46 0 19 43 160 4
46 0 20 43 160 4
46 0 21 43 160 4
46 0 22 255 186 119
46 0 23 255 186 119
46 1 0 255 186 119
46 1 1 255 186 119
46 1 2 255 186 119
46 1 3 255 186 119
46 1 4 255 186 119
46 1 5 255 186 119
46 1 6 255 186 119
46 1 7 255 186 119
46 1 8 255 186 119
46 1 9 255 186 119
46 1 10 255 186 119
46 1 11 255 186 119
46 1 12 255 186 119
46 1 13 255 186 119
46 1 14 255 186 119
46 1 15 255 186 119
46 1 16 255 186 119
46 1 17 255 186 119
46 1 18 255 186 119
46 1 19 255 186 119
46 1 20 255 186 119
46 1 21 255 186 119
46 1 22 255 186 119
46 1 23 255 186 119
46 2 0 255 186 119
46 2 1 255 186 119
46 2 2 255 186 119
46 2 3 255 186 119
46 2 4 255 186 119
46 2 5 255 186 119
46 2 6 255 186 119
46 2 7 255 186 119
46 2 8 255 186 119
46 2 9 255 186 119
46 2 10 255 186 119
46 2 11 255 186 119
46 2 12 255 186 119
46 2 13 255 186 119
46 2 14 255 186 119
46 2 15 255 186 119
46 2 16 255 186 119
46 2 17 255 186 119
46 2 18 255 186 119
46 2 19 255 186 119
46 2 20 255 186 119
46 2 21 255 186 119
46 2 22 255 186 119
46 2 23 255 186 119
46 3 0 255 186 119
46 3 1 255 186 119
46 3 2 255 186 119
46 3 3 255 186 119
46 3 4 255 186 119
46 3 5 255 186 119
46 3 6 255 186 119
46 3 7 255 186 119
46 3 8 255 186 119
46 3 9 255 186 119
46 3 10 255 186 119
46 3 11 255 186 119
46 3 12 255 186 119
46 3 13 255 186 119
46 3 14 255 186 119
46 3 15 255 186 119
46 3 16 255 186 119
46 3 17 255 186 119
46 3 18 255 186 119
46 3 19 255 186 119
46 3 20 255 186 119
46 3 21 255 186 119
46 3 22 255 186 119
46 3 23 255 186 119
46 4 0 255 186 119
46 4 1 255 186 119
46 4 2 255 186 119
46 4 3 255 186 119
46 4 4 255 186 119
46 4 5 255 186 119
46 4 6 255 186 119
46 4 7 255 186 119
46 4 8 255 186 119
46 4 9 255 186 119
46 4 10 255 186 119
46 4 11 255 186 119
46 4 12 255 186 119
46 4 13 255 186 119
46 4 14 255 186 119
46 4 15 255 186 119
46 4 16 255 186 119
46 4 17 255 186 119
46 4 18 255 186 119
46 4 19 255 186 119
46 4 20 255 186 119
46 4 21 255 186 119
46 4 22 255 186 119
46 4 23 255 186 119
46 5 0 255 186 119
46 5 1 255 186 119
46 5 2 255 186 119
46 5 3 255 186 119
46 5 4 255 186 119
46 5 5 255 186 119
46 5 6 255 186 119
46 5 7 255 186 119
46 5 8 255 186 119
46 5 9 255 186 119
46 5 10 255 186 119
46 5 11 255 186 119
46 5 12 255 186 119
46 5 13 255 186 119
46 5 14 255 186 119
46 5 15 255 186 119
46 5 16 255 186 119
46 5 17 255 186 119
46 5 18 255 186 119
46 5 19 255 186 119
46 5 20 255 186 119
46 5 21 255 186 119
46 5 22 255 186 119
46 5 23 255 186 119
46 6 0 255 186 119
46 6 1 255 186 119
46 6 2 255 186 119
46 6 3 255 186 119
46 6 4 255 186 119
46 6 5 255 186 119
46 6 6 255 186 119
46 6 7 255 186 119
46 6 8 255 186 119
46 6 9 255 186 119
46 6 10 255 186 119
46 6 11 255 186 119
46 6 12 255 186 119
46 6 13 255 186 119
46 6 14 255 186 119
46 6 15 255 186 119
46 6 16 255 186 119
46 6 17 255 186 119
46 6 18 255 186 119
46 6 19 255 186 119
46 6 20 255 186 119
46 6 21 255 186 119
46 6 22 255 186 119
46 6 23 255 186 119
46 7 0 255 186 119
46 7 1 255 186 119
46 7 2 255 186 119
46 7 3 255 186 119
46 7 4 255 186 119
46 7 5 255 186 119
46 7 6 255 186 119
46 7 7 255 186 119
46 7 8 255 186 119
46 7 9 255 186 119
46 7 10 255 186 119
46 7 11 255 186 119
46 7 12 255 186 119
46 7 13 255 186 119
46 7 14 255 186 119
46 7 15 255 186 119
46 7 16 255 186 119
46 7 17 255 186 119
46 7 18 255 186 119
46 7 19 255 186 119
46 7 20 255 186 119
46 7 21 255 186 119
46 7 22 255 186 119
46 7 23 255 186 119
46 8 14 196 175 214
46 8 15 196 175 214
46 8 16 196 175 214
46 8 17 196 175 214
46 8 18 196 175 214
46 8 19 196 175 214
46 8 20 196 175 214
46 8 21 255 186 119
46 8 22 255 186 119
46 8 23 255 186 119
46 9 14 196 175 214
46 9 15 196 175 214
46 9 16 196 175 214
46 9 17 196 175 214
46 9 18 196 175 214
46 9 19 196 175 214
46 9 20 196 175 214
46 9 21 255 186 119
46 9 22 255 186 119
46 9 23 255 186 119
46 10 21 255 186 119
46 10 22 255 186 119
46 10 23 255 186 119
46 11 21 255 186 119
46 11 22 255 186 119
46 11 23 255 186 119
46 12 21 255 186 119
46 12 22 255 186 119
46 12 23 255 186 119
46 13 21 255 186 119
46 13 22 255 186 119
46 13 23 158 216 229
46 14 22 158 216 229
46 14 23 158 216 229
46 15 22 158 216 229
46 15 23 158 216 229
46 16 22 158 216 229
46 16 23 158 216 229
46 17 22 158 216 229
46 17 23 158 216 229
46 18 22 158 216 229
46 18 23 158 216 229
46 19 22 158 216 229
46 19 23 158 216 229
46 20 22 158 216 229
46 20 23 158 216 229
46 21 22 158 216 229
46 21 23 158 216 229
46 22 22 158 216 229
46 22 23 158 216 229
46 23 22 158 216 229
46 23 23 158 216 229
46 24 22 158 216 229
46 24 23 158 216 229
46 25 22 158 216 229
46 25 23 158 216 229
46 26 22 158 216 229
46 26 23 158 216 229
46 27 20 196 175 214
46 27 21 196 175 214
46 27 22 158 216 229
46 27 23 158 216 229
46 28 19 196 175 214
46 28 20 196 175 214
46 28 21 196 175 214
46 28 22 196 175 214
46 28 23 158 216 229
46 29 19 196 175 214
46 29 20 196 175 214
46 29 21 196 175 214
46 29 22 196 175 214
46 29 23 158 216 229
46 30 19 196 175 214
46 30 20 196 175 214
46 30 21 196 175 214
46 30 22 196 175 214
46 30 23 158 216 229
46 31 20 196 175 214
46 31 21 196 175 214
46 31 22 158 216 229
46 31 23 158 216 229
46 32 0 214 38 40
46 32 1 214 38 40
46 32 2 214 38 40
46 32 3 214 38 40
46 32 4 214 38 40
46 32 5 214 38 40
46 32 6 214 38 40
46 32 7 214 38 40
46 32 8 214 38 40
46 32 9 214 38 40
46 32 10 214 38 40
46 32 11 214 38 40
46 32 12 214 38 40
46 32 13 214 38 40
46 32 14 214 38 40
46 32 15 214 38 40
46 32 16 214 38 40
46 32 17 214 38 40
46 32 18 214 38 40
46 32 19 214 38 40
46 32 20 214 38 40
46 32 21 214 38 40
46 32 22 214 38 40
46 32 23 158 216 229
47 0 0 255 186 119
47 0 1 255 186 119
47 0 2 255 186 119
47 0 3 255 186 119
47 0 4 255 186 119
47 0 5 255 186 119
47 0 6 255 186 119
47 0 7 43 160 4
47 0 8 43 160 4
47 0 9 43 160 4
47 0 10 43 160 4
47 0 11 43 160 4
47 0 12 43 160 4
47 0 13 43 160 4
47 0 14 43 160 4
47 0 15 43 160 4
47 0 16 43 160 4
47 0 17 43 160 4
47 0 18 43 160 4
47 0 19 43 160 4
47 0 20 43 160 4
47 0 21 43 160 4
47 0 22 255 186 119
47 1 0 255 186 119
47 1 1 255 186 119
47 1 2 255 186 119
47 1 3 255 186 119
47 1 4 255 186 119
47 1 5 255 186 119
47 1 6 255 186 119
47 1 7 255 186 119
47 1 8 255 186 119
47 1 9 255 186 119
47 1 10 255 186 119
47 1 11 255 186 119
47 1 12 255 186 119
47 1 13 255 186 119
47 1 14 255 186 119
47 1 15 255 186 119
47 1 16 255 186 119
47 1 17 255 186 119
47 1 18 255 186 119
47 1 19 255 186 119
47 1 20 255 186 119
47 1 21 255 186 119
47 1 22 255 186 119
47 2 0 255 186 119
47 2 1 255 186 119
47 2 2 255 186 119
47 2 3 255 186 119
47 2 4 255 186 119
47 2 5 255 186 119
47 2 6 255 186 119
47 2 7 255 186 119
47 2 8 255 186 119
47 2 9 255 186 119
47 2 10 255 186 119
47 2 11 255 186 119
47 2 12 255 186 119
47 2 13 255 186 119
47 2 14 255 186 119
47 2 15 255 186 119
47 2 16 255 186 119
47 2 17 255 186 119
47 2 18 255 186 119
47 2 19 255 186 119
47 2 20 255 186 119
47 2 21 255 186 119
47 2 22 255 186 119
47 3 0 255 186 119
47 3 1 255 186 119
47 3 2 255 186 119
47 3 3 255 186 119
47 3 4 255 186 119
47 3 5 255 186 119
47 3 6 255 186 119
47 3 7 255 186 119
47 3 8 255 186 119
47 3 9 255 186 119
47 3 10 255 186 119
47 3 11 255 186 119
47 3 12 255 186 119
47 3 13 255 186 119
47 3 14 255 186 119
47 3 15 255 186 119
47 3 16 255 186 119
47 3 17 255 186 119
47 3 18 255 186 119
47 3 19 255 186 119
47 3 20 255 186 119
47 3 21 255 186 119
47 3 22 255 186 119
47 4 0 255 186 119
47 4 1 255 186 119
47 4 2 255 186 119
47 4 3 255 186 119
47 4 4 255 186 119
47 4 5 255 186 119
47 4 6 255 186 119
47 4 7 255 186 119
47 4 8 255 186 119
47 4 9 255 186 119
47 4 10 255 186 119
47 4 11 255 186 119
47 4 12 255 186 119
47 4 13 255 186 119
47 4 14 255 186 119
47 4 15 255 186 119
47 4 16 255 186 119
47 4 17 255 186 119
47 4 18 255 186 119
47 4 19 255 186 119
47 4 20 255 186 119
47 4 21 255 186 119
47 4 22 255 186 119
47 5 0 255 186 119
47 5 1 255 186 119
47 5 2 255 186 119
47 5 3 255 186 119
47 5 4 255 186 119
47 5 5 255 186 119
47 5 6 255 186 119
47 5 7 255 186 119
47 5 8 255 186 119
47 5 9 255 186 119
47 5 10 255 186 119
47 5 11 255 186 119
47 5 12 255 186 119
47 5 13 255 186 119
47 5 14 255 186 119
47 5 15 255 186 119
47 5 16 255 186 119
47 5 17 255 186 119
47 5 18 255 186 119
47 5 19 255 186 119
47 5 20 255 186 119
47 5 21 255 186 119
47 5 22 255 186 119
47 6 0 255 186 119
47 6 1 255 186 119
47 6 2 255 186 119
47 6 3 255 186 119
47 6 4 255 186 119
47 6 5 255 186 119
47 6 6 255 186 119
47 6 7 255 186 119
47 6 8 255 186 119
47 6 9 255 186 119
47 6 10 255 186 119
47 6 11 255 186 119
47 6 12 255 186 119
47 6 13 255 186 119
47 6 14 255 186 119
47 6 15 255 186 119
47 6 16 255 186 119
47 6 17 255 186 119
47 6 18 255 186 119
47 6 19 255 186 119
47 6 20 255 186 119
47 6 21 255 186 119
47 6 22 255 186 119
47 7 0 255 186 119
47 7 1 255 186 119
47 7 2 255 186 119
47 7 3 255 186 119
47 7 4 255 186 119
47 7 5 255 186 119
47 7 6 255 186 119
47 7 7 255 186 119
47 7 8 255 186 119
47 7 9 255 186 119
47 7 10 255 186 119
47 7 11 255 186 119
47 7 12 255 186 119
47 7 13 255 186 119
47 7 14 255 186 119
47 7 15 255 186 119
47 7 16 255 186 119
47 7 17 255 186 119
47 7 18 255 186 119
47 7 19 255 186 119
47 7 20 255 186 119
47 7 21 255 186 119
47 7 22 255 186 119
47 8 13 196 175 214
47 8 14 196 175 214
47 8 15 196 175 214
47 8 16 196 175 214
47 8 17 196 175 214
47 8 18 196 175 214
47 8 19 196 175 214
47 8 20 255 186 119
47 8 21 255 186 119
47 8 22 255 186 119
47 9 14 196 175 214
47 9 15 196 175 214
47 9 16 196 175 214
47 9 17 196 175 214
47 9 18 196 175 214
47 9 19 196 175 214
47 9 20 255 186 119
47 9 21 255 186 119
47 9 22 255 186 119
47 10 20 255 186 119
47 10 21 255 186 119
47 10 22 255 186 119
47 11 20 255 186 119
47 11 21 255 186 119
47 11 22 255 186 119
47 12 20 255 186 119
47 12 21 255 186 119
47 12 22 255 186 119
47 13 20 255 186 119
47 13 21 255 186 119
47 13 22 158 216 229
47 14 21 158 216 229
47 14 22 158 216 229
47 15 21 158 216 229
47 15 22 158 216 229
47 16 21 158 216 229
47 16 22 158 216 229
47 17 21 158 216 229
47 17 22 158 216 229
47 18 21 158 216 229
47 18 22 158 216 229
47 19 21 158 216 229
47 19 22 158 216 229
47 20 21 158 216 229
47 20 22 158 216 229
47 21 21 158 216 229
47 21 22 158 216 229
47 22 21 158 216 229
47 22 22 158 216 229
47 23 21 158 216 229
47 23 22 158 216 229
47 24 21 158 216 229
47 24 22 158 216 229
47 25 21 158 216 229
47 25 22 158 216 229
47 26 21 158 216 229
47 26 22 158 216 229
47 27 19 196 175 214
47 27 20 196 175 214
47 27 21 196 175 214
47 27 22 158 216 229
47 28 19 196 175 214
47 28 20 196 175 214
47 28 21 196 175 214
47 28 22 158 216 229
47 29 19 196 175 214
47 29 20 196 175 214
47 29 21 196 175 214
47 29 22 158 216 229
47 30 19 196 175 214
47 30 20 196 175 214
47 30 21 196 175 214
47 30 22 158 216 229
47 31 19 196 175 214
47 31 20 196 175 214
47 31 21 196 175 214
47 31 22 158 216 229
47 32 0 214 38 40
47 32 1 214 38 40
47 32 2 214 38 40
47 32 3 214 38 40
47 32 4 214 38 40
47 32 5 214 38 40
47 32 6 214 38 40
47 32 7 214 38 40
47 32 8 214 38 40
47 32 9 214 38 40
47 32 10 214 38 40
47 32 11 214 38 40
47 32 12 214 38 40
47 32 13 214 38 40
47 32 14 214 38 40
47 32 15 214 38 40
47 32 16 214 38 40
47 32 17 214 38 40
47 32 18 214 38 40
47 32 19 214 38 40
47 32 20 214 38 40
47 32 21 214 38 40
47 32 22 158 216 229
48 0 0 255 186 119
48 0 1 255 186 119
48 0 2 255 186 119
48 0 3 255 186 119
48 0 4 255 186 119
48 0 5 255 186 119
48 0 6 255 186 119
48 0 7 43 160 4
48 0 8 43 160 4
48 0 9 43 160 4
48 0 10 43 160 4
48 0 11 43 160 4
48 0 12 43 160 4
48 0 13 43 160 4
48 0 14 43 160 4
48 0 15 43 160 4
48 0 16 43 160 4
48 0 17 43 160 4
48 0 18 43 160 4
48 0 19 43 160 4
48 0 20 43 160 4
48 0 21 255 186 119
48 1 0 255 186 119
48 1 1 255 186 119
48 1 2 255 186 119
48 1 3 255 186 119
48 1 4 255 186 119
48 1 5 255 186 119
48 1 6 255 186 119
48 1 7 255 186 119
48 1 8 255 186 119
48 1 9 255 186 119
48 1 10 255 186 119
48 1 11 255 186 119
48 1 12 255 186 119
48 1 13 255 186 119
48 1 14 255 186 119
48 1 15 255 186 119
48 1 16 255 186 119
48 1 17 255 186 119
48 1 18 255 186 119
48 1 19 255 186 119
48 1 20 255 186 119
48 1 21 255 186 119
48 1 22 158 216 229
48 2 0 255 186 119
48 2 1 255 186 119
48 2 2 255 186 119
48 2 3 255 186 119
48 2 4 255 186 119
48 2 5 255 186 119
48 2 6 255 186 119
48 2 7 255 186 119
48 2 8 255 186 119
48 2 9 255 186 119
48 2 10 255 186 119
48 2 11 255 186 119
48 2 12 255 186 119
48 2 13 255 186 119
48 2 14 255 186 119
48 2 15 255 186 119
48 2 16 255 186 119
48 2 17 255 186 119
48 2 18 255 186 119
48 2 19 255 186 119
48 2 20 255 186 119
48 2 21 255 186 119
48 2 22 158 216 229
48 3 0 255 186 119
48 3 1 255 186 119
48 3 2 255 186 119
48 3 3 255 186 119
48 3 4 255 186 119
48 3 5 255 186 119
48 3 6 255 186 119
48 3 7 255 186 119
48 3 8 255 186 119
48 3 9 255 186 119
48 3 10 255 186 119
48 3 11 255 186 119
48 3 12 255 186 119
48 3 13 255 186 119
48 3 14 255 186 119
48 3 15 255 186 119
48 3 16 255 186 119
48 3 17 255 186 119
48 3 18 255 186 119
48 3 19 255 186 119
48 3 20 255 186 119
48 3 21 255 186 119
48 3 22 158 216 229
48 4 0 255 186 119
48 4 1 255 186 119
48 4 2 255 186 119
48 4 3 255 186 119
48 4 4 255 186 119
48 4 5 255 186 119
48 4 6 255 186 119
48 4 7 255 186 119
48 4 8 255 186 119
48 4 9 255 186 119
48 4 10 255 186 119
48 4 11 255 186 119
48 4 12 255 186 119
48 4 13 255 186 119
48 4 14 255 186 119
48 4 15 255 186 119
48 4 16 255 186 119
48 4 17 255 186 119
48 4 18 255 186 119
48 4 19 255 186 119
48 4 20 255 186 119
48 4 21 255 186 119
48 4 22 158 216 229
48 5 0 255 186 119
48 5 1 255 186 119
48 5 2 255 186 119
48 5 3 255 186 119
48 5 4 255 186 119
48 5 5 255 186 119
48 5 6 255 186 119
48 5 7 255 186 119
48 5 8 255 186 119
48 5 9 255 186 119
48 5 10 255 186 119
48 5 11 255 186 119
48 5 12 255 186 119
48 5 13 255 186 119
48 5 14 255 186 119
48 5 15 255 186 119
48 5 16 255 186 119
48 5 17 255 186 119
48 5 18 255 186 119
48 5 19 255 186 119
48 5 20 255 186 119
48 5 21 255 186 119
48 5 22 158 216 229
48 6 0 255 186 119
48 6 1 255 186 119
48 6 2 255 186 119
48 6 3 255 186 119
48 6 4 255 186 119
48 6 5 255 186 119
48 6 6 255 186 119
48 6 7 255 186 119
48 6 8 255 186 119
48 6 9 255 186 119
48 6 10 255 186 119
48 6 11 255 186 119
48 6 12 255 186 119
48 6 13 255 186 119
48 6 14 255 186 119
48 6 15 255 186 119
48 6 16 255 186 119
48 6 17 255 186 119
48 6 18 255 186 119
48 6 19 255 186 119
48 6 20 255 186 119
48 6 21 255 186 119
48 6 22 158 216 229
48 7 0 255 186 119
48 7 1 255 186 119
48 7 2 255 186 119
48 7 3 255 186 119
48 7 4 255 186 119
48 7 5 255 186 119
48 7 6 255 186 119
48 7 7 255 186 119
48 7 8 255 186 119
48 7 9 255 186 119
48 7 10 255 186 119
48 7 11 255 186 119
48 7 12 255 186 119
48 7 13 255 186 119
48 7 14 255 186 119
48 7 15 255 186 119
48 7 16 255 186 119
48 7 17 255 186 119
48 7 18 255 186 119
48 7 19 255 186 119
48 7 20 255 186 119
48 7 21 255 186 119
48 7 22 158 216 229
48 8 13 196 175 214
48 8 14 196 175 214
48 8 15 196 175 214
48 8 16 196 175 214
48 8 17 196 175 214
48 8 18 196 175 214
48 8 19 196 175 214
48 8 20 255 186 119
48 8 21 255 186 119
48 8 22 158 216 229
48 9 13 196 175 214
48 9 14 196 175 214
48 9 15 196 175 214
48 9 16 196 175 214
48 9 17 196 175 214
48 9 18 196 175 214
48 9 19 196 175 214
48 9 20 255 186 119
48 9 21 255 186 119
48 9 22 158 216 229
48 10 19 255 186 119
48 10 20 255 186 119
48 10 21 255 186 119
48 10 22 158 216 229
48 11 19 255 186 119
48 11 20 255 186 119
48 11 21 255 186 119
48 11 22 158 216 229
48 12 19 255 186 119
48 12 20 255 186 119
48 12 21 255 186 119
48 12 22 158 216 229
48 13 20 255 186 119
48 13 21 158 216 229
48 13 22 158 216 229
48 14 21 158 216 229
48 14 22 158 216 229
48 15 21 158 216 229
48 15 22 158 216 229
48 16 21 158 216 229
48 16 22 158 216 229
48 17 21 158 216 229
48 17 22 158 216 229
48 18 21 158 216 229
48 18 22 158 216 229
48 19 21 158 216 229
48 19 22 158 216 229
48 20 21 158 216 229
48 20 22 158 216 229
48 21 21 158 216 229
48 21 22 158 216 229
48 22 21 158 216 229
48 22 22 158 216 229
48 23 21 158 216 229
48 23 22 158 216 229
48 24 21 158 216 229
48 24 22 158 216 229
48 25 21 158 216 229
48 25 22 158 216 229
48 26 21 158 216 229
48 26 22 158 216 229
48 27 19 196 175 214
48 27 20 196 175 214
48 27 21 158 216 229
48 27 22 158 216 229
48 28 19 196 175 214
48 28 20 196 175 214
48 28 21 158 216 229
48 28 22 158 216 229
48 29 19 196 175 214
48 29 20 196 175 214
48 29 21 158 216 229
48 29 22 158 216 229
48 30 19 196 175 214
48 30 20 196 175 214
48 30 21 158 216 229
48 30 22 158 216 229
48 31 19 196 175 214
48 31 20 196 175 214
48 31 21 158 216 229
48 31 22 158 216 229
48 32 0 214 38 40
48 32 1 214 38 40
48 32 2 214 38 40
48 32 3 214 38 40
48 32 4 214 38 40
48 32 5 214 38 40
48 32 6 214 38 40
48 32 7 214 38 40
48 32 8 214 38 40
48 32 9 214 38 40
48 32 10 214 38 40
48 32 11 214 38 40
48 32 12 214 38 40
48 32 13 214 38 40
48 32 14 214 38 40
48 32 15 214 38 40
48 32 16 214 38 40
48 32 17 214 38 40
48 32 18 214 38 40
48 32 19 214 38 40
48 32 20 214 38 40
48 32 21 214 38 40
48 32 22 158 216 229
49 0 0 255 186 119
49 0 1 255 186 119
49 0 2 255 186 119
49 0 3 255 186 119
49 0 4 255 186 119
49 0 5 255 186 119
49 0 6 255 186 119
49 0 7 43 160 4
49 0 8 43 160 4
49 0 9 43 160 4
49 0 10 43 160 4
49 0 11 43 160 4
49 0 12 43 160 4
49 0 13 43 160 4
49 0 14 43 160 4
49 0 15 43 160 4
49 0 16 43 160 4
49 0 17 43 160 4
49 0 18 43 160 4
49 0 19 43 160 4
49 0 20 255 186 119
49 0 21 255 186 119
49 1 0 255 186 119
49 1 1 255 186 119
49 1 2 255 186 119
49 1 3 255 186 119
49 1 4 255 186 119
49 1 5 255 186 119
49 1 6 255 186 119
49 1 7 255 186 119
49 1 8 255 186 119
49 1 9 255 186 119
49 1 10 255 186 119
49 1 11 255 186 119
49 1 12 255 186 119
49 1 13 255 186 119
49 1 14 255 186 119
49 1 15 255 186 119
49 1 16 255 186 119
49 1 17 255 186 119
49 1 18 255 186 119
49 1 19 255 186 119
49 1 20 255 186 119
49 1 21 255 186 119
49 2 0 255 186 119
49 2 1 255 186 119
49 2 2 255 186 119
49 2 3 255 186 119
49 2 4 255 186 119
49 2 5 255 186 119
49 2 6 255 186 119
49 2 7 255 186 119
49 2 8 255 186 119
49 2 9 255 186 119
49 2 10 255 186 119
49 2 11 255 186 119
49 2 12 255 186 119
49 2 13 255 186 119
49 2 14 255 186 119
49 2 15 255 186 119
49 2 16 255 186 119
49 2 17 255 186 119
49 2 18 255 186 119
49 2 19 255 186 119
49 2 20 255 186 119
49 2 21 255 186 119
49 3 0 255 186 119
49 3 1 255 186 119
49 3 2 255 186 119
49 3 3 255 186 119
49 3 4 255 186 119
49 3 5 255 186 119
49 3 6 255 186 119
49 3 7 255 186 119
49 3 8 255 186 119
49 3 9 255 186 119
49 3 10 255 186 119
49 3 11 255 186 119
49 3 12 255 186 119
49 3 13 255 186 119
49 3 14 255 186 119
49 3 15 255 186 119
49 3 16 255 186 119
49 3 17 255 186 119
49 3 18 255 186 119
49 3 19 255 186 119
49 3 20 255 186 119
49 3 21 255 186 119
49 4 0 255 186 119
49 4 1 255 186 119
49 4 2 255 186 119
49 4 3 255 186 119
49 4 4 255 186 119
49 4 5 255 186 119
49 4 6 255 186 119
49 4 7 255 186 119
49 4 8 255 186 119
49 4 9 255 186 119
49 4 10 255 186 119
49 4 11 255 186 119
49 4 12 255 186 119
49 4 13 255 186 119
49 4 14 255 186 119
49 4 15 255 186 119
49 4 16 255 186 119
49 4 17 255 186 119
49 4 18 255 186 119
49 4 19 255 186 119
49 4 20 255 186 119
49 4 21 255 186 119
49 5 0 255 186 119
49 5 1 255 186 119
49 5 2 255 186 119
49 5 3 255 186 119
49 5 4 255 186 119
49 5 5 255 186 119
49 5 6 255 186 119
49 5 7 255 186 119
49 5 8 255 186 119
49 5 9 255 186 119
49 5 10 255 186 119
49 5 11 255 186 119
49 5 12 255 186 119
49 5 13 255 186 119
49 5 14 255 186 119
49 5 15 255 186 119
49 5 16 255 186 119
49 5 17 255 186 119
49 5 18 255 186 119
49 5 19 255 186 119
49 5 20 255 186 119
49 5 21 255 186 119
49 6 0 255 186 119
49 6 1 255 186 119
49 6 2 255 186 119
49 6 3 255 186 119
49 6 4 255 186 119
49 6 5 255 186 119
49 6 6 255 186 119
49 6 7 255 186 119
49 6 8 255 186 119
49 6 9 255 186 119
49 6 10 255 186 119
49 6 11 255 186 119
49 6 12 255 186 119
49 6 13 255 186 119
49 6 14 255 186 119
49 6 15 255 186 119
49 6 16 255 186 119
49 6 17 255 186 119
49 6 18 255 186 119
49 6 19 255 186 119
49 6 20 255 186 119
49 6 21 255 186 119
49 7 0 255 186 119
49 7 1 255 186 119
49 7 2 255 186 119
49 7 3 255 186 119
49 7 4 255 186 119
49 7 5 255 186 119
49 7 6 255 186 119
49 7 7 255 186 119
49 7 8 255 186 119
49 7 9 255 186 119
49 7 10 255 186 119
49 7 11 255 186 119
49 7 12 255 186 119
49 7 13 255 186 119
49 7 14 255 186 119
49 7 15 255 186 119
49 7 16 255 186 119
49 7 17 255 186 119
49 7 18 255 186 119
49 7 19 255 186 119
49 7 20 255 186 119
49 7 21 255 186 119
49 8 12 196 175 214
49 8 13 196 175 214
49 8 14 196 175 214
49 8 15 196 175 214
49 8 16 196 175 214
49 8 17 196 175 214
49 8 18 196 175 214
49 8 19 255 186 119
49 8 20 255 186 119
49 8 21 255 186 119
49 9 12 196 175 214
49 9 13 196 175 214
49 9 14 196 175 214
49 9 15 196 175 214
49 9 16 196 175 214
49 9 17 196 175 214
49 9 18 196 175 214
49 9 19 255 186 119
49 9 20 255 186 119
49 9 21 255 186 119
49 10 19 255 186 119
49 10 20 255 186 119
49 10 21 255 186 119
49 11 19 255 186 119
49 11 20 255 186 119
49 11 21 255 186 119
49 12 19 255 186 119
49 12 20 255 186 119
49 12 21 255 186 119
49 13 19 255 186 119
49 13 20 255 186 119
49 13 21 158 216 229
49 14 20 158 216 229
49 14 21 158 216 229
49 15 20 158 216 229
49 15 21 158 216 229
49 16 20 158 216 229
49 16 21 158 216 229
49 17 20 158 216 229
49 17 21 158 216 229
49 18 20 158 216 229
49 18 21 158 216 229
49 19 20 158 216 229
49 19 21 158 216 229
49 20 20 158 216 229
49 20 21 158 216 229
49 21 20 158 216 229
49 21 21 158 216 229
49 22 20 158 216 229
49 22 21 158 216 229
49 23 20 158 216 229
49 23 21 158 216 229
49 24 20 158 216 229
49 24 21 158 216 229
49 25 20 158 216 229
49 25 21 158 216 229
49 26 20 158 216 229
49 26 21 158 216 229
49 27 20 158 216 229
49 27 21 158 216 229
49 28 20 158 216 229
49 28 21 158 216 229
49 29 20 158 216 229
49 29 21 158 216 229
49 30 20 158 216 229
49 30 21 158 216 229
49 31 20 158 216 229
49 31 21 158 216 229
49 32 0 214 38 40
49 32 1 214 38 40
49 32 2 214 38 40
49 32 3 214 38 40
49 32 4 214 38 40
49 32 5 214 38 40
49 32 6 214 38 40
49 32 7 214 38 40
49 32 8 214 38 40
49 32 9 214 38 40
49 32 10 214 38 40
49 32 11 214 38 40
49 32 12 214 38 40
49 32 13 214 38 40
49 32 14 214 38 40
49 32 15 214 38 40
49 32 16 214 38 40
49 32 17 214 38 40
49 32 18 214 38 40
49 32 19 214 38 40
49 32 20 214 38 40
49 32 21 158 216 229
50 0 0 255 186 119
50 0 1 255 186 119
50 0 2 255 186 119
50 0 3 255 186 119
50 0 4 255 186 119
50 0 5 255 186 119
50 0 6 255 186 119
50 0 7 43 160 4
50 0 8 43 160 4
50 0 9 43 160 4
50 0 10 43 160 4
50 0 11 43 160 4
50 0 12 43 160 4
50 0 13 43 160 4
50 0 14 43 160 4
50 0 15 43 160 4
50 0 16 43 160 4
50 0 17 43 160 4
50 0 18 43 160 4
50 0 19 43 160 4
50 0 20 255 186 119
50 1 0 255 186 119
50 1 1 255 186 119
50 1 2 255 186 119
50 1 3 255 186 119
50 1 4 255 186 119
50 1 5 255 186 119
50 1 6 255 186 119
50 1 7 255 186 119
50 1 8 255 186 119
50 1 9 255 186 119
50 1 10 255 186 119
50 1 11 255 186 119
50 1 12 255 186 119
50 1 13 255 186 119
50 1 14 255 186 119
50 1 15 255 186 119
50 1 16 255 186 119
50 1 17 255 186 119
50 1 18 255 186 119
50 1 19 255 186 119
50 1 20 255 186 119
50 2 0 255 186 119
50 2 1 255 186 119
50 2 2 255 186 119
50 2 3 255 186 119
50 2 4 255 186 119
50 2 5 255 186 119
50 2 6 255 186 119
50 2 7 255 186 119
50 2 8 255 186 119
50 2 9 255 186 119
50 2 10 255 186 119
50 2 11 255 186 119
50 2 12 255 186 119
50 2 13 255 186 119
50 2 14 255 186 119
50 2 15 255 186 119
50 2 16 255 186 119
50 2 17 255 186 119
50 2 18 255 186 119
50 2 19 255 186 119
50 2 20 255 186 119
50 3 0 255 186 119
50 3 1 255 186 119
50 3 2 255 186 119
50 3 3 255 186 119
50 3 4 255 186 119
50 3 5 255 186 119
50 3 6 255 186 119
50 3 7 255 186 119
50 3 8 255 186 119
50 3 9 255 186 119
50 3 10 255 186 119
50 3 11 255 186 119
50 3 12 255 186 119
50 3 13 255 186 119
50 3 14 255 186 119
50 3 15 255 186 119
50 3 16 255 186 119
50 3 17 255 186 119
50 3 18 255 186 119
50 3 19 255 186 119
50 3 20 255 186 119
50 4 0 255 186 119
50 4 1 255 186 119
50 4 2 255 186 119
50 4 3 255 186 119
50 4 4 255 186 119
50 4 5 255 186 119
50 4 6 255 186 119
50 4 7 255 186 119
50 4 8 255 186 119
50 4 9 255 186 119
50 4 10 255 186 119
50 4 11 255 186 119
50 4 12 255 186 119
50 4 13 255 186 119
50 4 14 255 186 119
50 4 15 255 186 119
50 4 16 255 186 119
50 4 17 255 186 119
50 4 18 255 186 119
50 4 19 255 186 119
50 4 20 255 186 119
50 5 0 255 186 119
50 5 1 255 186 119
50 5 2 255 186 119
50 5 3 255 186 119
50 5 4 255 186 119
50 5 5 255 186 119
50 5 6 255 186 119
50 5 7 255 186 119
50 5 8 255 186 119
50 5 9 255 186 119
50 5 10 255 186 119
50 5 11 255 186 119
50 5 12 255 186 119
50 5 13 255 186 119
50 5 14 255 186 119
50 5 15 255 186 119
50 5 16 255 186 119
50 5 17 255 186 119
50 5 18 255 186 119
50 5 19 255 186 119
50 5 20 255 186 119
50 6 0 255 186 119
50 6 1 255 186 119
50 6 2 255 186 119
50 6 3 255 186 119
50 6 4 255 186 119
50 6 5 255 186 119
50 6 6 255 186 119
50 6 7 255 186 119
50 6 8 255 186 119
50 6 9 255 186 119
50 6 10 255 186 119
50 6 11 255 186 119
50 6 12 255 186 119
50 6 13 255 186 119
50 6 14 255 186 119
50 6 15 255 186 119
50 6 16 255 186 119
50 6 17 255 186 119
50 6 18 255 186 119
50 6 19 255 186 119
50 6 20 255 186 119
50 7 0 255 186 119
50 7 1 255 186 119
50 7 2 255 186 119
50 7 3 255 186 119
50 7 4 255 186 119
50 7 5 255 186 119
50 7 6 255 186 119
50 7 7 255 186 119
50 7 8 255 186 119
50 7 9 255 186 119
50 7 10 255 186 119
50 7 11 255 186 119
50 7 12 255 186 119
50 7 13 255 186 119
50 7 14 255 186 119
50 7 15 255 186 119
50 7 16 255 186 119
50 7 17 255 186 119
50 7 18 255 186 119
50 7 19 255 186 119
50 7 20 255 186 119
50 8 11 196 175 214
50 8 12 196 175 214
50 8 13 196 175 214
50 8 14 196 175 214
50 8 15 196 175 214
50 8 16 196 175 214
50 8 17 196 175 214
50 8 18 255 186 119
50 8 19 255 186 119
50 8 20 255 186 119
50 9 12 196 175 214
50 9 13 196 175 214
50 9 14 196 175 214
50 9 15 196 175 214
50 9 16 196 175 214
50 9 17 196 175 214
50 9 18 255 186 119
50 9 19 255 186 119
50 9 20 255 186 119
50 10 18 255 186 119
50 10 19 255 186 119
50 10 20 255 186 119
50 11 18 255 186 119
50 11 19 255 186 119
50 11 20 255 186 119
50 12 18 255 186 119
50 12 19 255 186 119
50 12 20 255 186 119
50 13 18 255 186 119
50 13 19 255 186 119
50 13 20 158 216 229
50 14 19 158 216 229
50 14 20 158 216 229
50 15 19 158 216 229
50 15 20 158 216 229
50 16 19 158 216 229
50 16 20 158 216 229
50 17 19 158 216 229
50 17 20 158 216 229
50 18 19 158 216 229
50 18 20 158 216 229
50 19 19 158 216 229
50 19 20 158 216 229
50 20 19 158 216 229
50 20 20 158 216 229
50 21 19 158 216 229
50 21 20 158 216 229
50 22 19 158 216 229
50 22 20 158 216 229
50 23 19 158 216 229
50 23 20 158 216 229
50 24 19 158 216 229
50 24 20 158 216 229
50 25 19 158 216 229
50 25 20 158 216 229
50 26 19 158 216 229
50 26 20 158 216 229
50 27 19 158 216 229
50 27 20 158 216 229
50 28 19 158 216 229
50 28 20 158 216 229
50 29 19 158 216 229
50 29 20 158 216 229
50 30 19 158 216 229
50 30 20 158 216 229
50 31 19 158 216 229
50 31 20 158 216 229
50 32 0 214 38 40
50 32 1 214 38 40
50 32 2 214 38 40
50 32 3 214 38 40
50 32 4 214 38 40
50 32 5 214 38 40
50 32 6 214 38 40
50 32 7 214 38 40
50 32 8 214 38 40
50 32 9 214 38 40
50 32 10 214 38 40
50 32 11 214 38 40
50 32 12 214 38 40
50 32 13 214 38 40
50 32 14 214 38 40
50 32 15 214 38 40
50 32 16 214 38 40
50 32 17 214 38 40
50 32 18 214 38 40
50 32 19 214 38 40
50 32 20 158 216 229
51 0 0 255 186 119
51 0 1 255 186 119
51 0 2 255 186 119
51 0 3 255 186 119
51 0 4 255 186 119
51 0 5 255 186 119
51 0 6 255 186 119
51 0 7 43 160 4
51 0 8 43 160 4
51 0 9 43 160 4
51 0 10 43 160 4
51 0 11 43 160 4
51 0 12 43 160 4
51 0 13 43 160 4
51 0 14 43 160 4
51 0 15 43 160 4
51 0 16 43 160 4
51 0 17 43 160 4
51 0 18 43 160 4
51 0 19 255 186 119
51 1 0 255 186 119
51 1 1 255 186 119
51 1 2 255 186 119
51 1 3 255 186 119
51 1 4 255 186 119
51 1 5 255 186 119
51 1 6 255 186 119
51 1 7 255 186 119
51 1 8 255 186 119
51 1 9 255 186 119
51 1 10 255 186 119
51 1 11 255 186 119
51 1 12 255 186 119
51 1 13 255 186 119
51 1 14 255 186 119
51 1 15 255 186 119
51 1 16 255 186 119
51 1 17 255 186 119
51 1 18 255 186 119
51 1 19 255 186 119
51 1 20 158 216 229
51 2 0 255 186 119
51 2 1 255 186 119
51 2 2 255 186 119
51 2 3 255 186 119
51 2 4 255 186 119
51 2 5 255 186 119
51 2 6 255 186 119
51 2 7 255 186 119
51 2 8 255 186 119
51 2 9 255 186 119
51 2 10 255 186 119
51 2 11 255 186 119
51 2 12 255 186 119
51 2 13 255 186 119
51 2 14 255 186 119
51 2 15 255 186 119
51 2 16 255 186 119
51 2 17 255 186 119
51 2 18 255 186 119
51 2 19 255 186 119
51 2 20 158 216 229
51 3 0 255 186 119
51 3 1 255 186 119
51 3 2 255 186 119
51 3 3 255 186 119
51 3 4 255 186 119
51 3 5 255 186 119
51 3 6 255 186 119
51 3 7 255 186 119
51 3 8 255 186 119
51 3 9 255 186 119
51 3 10 255 186 119
51 3 11 255 186 119
51 3 12 255 186 119
51 3 13 255 186 119
51 3 14 255 186 119
51 3 15 255 186 119
51 3 16 255 186 119
51 3 17 255 186 119
51 3 18 255 186 119
51 3 19 255 186 119
51 3 20 158 216 229
51 4 0 255 186 119
51 4 1 255 186 119
51 4 2 255 186 119
51 4 3 255 186 119
51 4 4 255 186 119
51 4 5 255 186 119
51 4 6 255 186 119
51 4 7 255 186 119
51 4 8 255 186 119
51 4 9 255 186 119
51 4 10 255 186 119
51 4 11 255 186 119
51 4 12 255 186 119
51 4 13 255 186 119
51 4 14 255 186 119
51 4 15 255 186 119
51 4 16 255 186 119
51 4 17 255 186 119
51 4 18 255 186 119
51 4 19 255 186 119
51 4 20 158 216 229
51 5 0 255 186 119
51 5 1 255 186 119
51 5 2 255 186 119
51 5 3 255 186 119
51 5 4 255 186 119
51 5 5 255 186 119
51 5 6 255 186 119
51 5 7 255 186 119
51 5 8 255 186 119
51 5 9 255 186 119
51 5 10 255 186 119
51 5 11 255 186 119
51 5 12 255 186 119
51 5 13 255 186 119
51 5 14 255 186 119
51 5 15 255 186 119
51 5 16 255 186 119
51 5 17 255 186 119
51 5 18 255 186 119
51 5 19 255 186 119
51 5 20 158 216 229
51 6 0 255 186 119
51 6 1 255 186 119
51 6 2 255 186 119
51 6 3 255 186 119
51 6 4 255 186 119
51 6 5 255 186 119
51 6 6 255 186 119
51 6 7 255 186 119
51 6 8 255 186 119
51 6 9 255 186 119
51 6 10 255 186 119
51 6 11 255 186 119
51 6 12 255 186 119
51 6 13 255 186 119
51 6 14 255 186 119
51 6 15 255 186 119
51 6 16 255 186 119
51 6 17 255 186 119
51 6 18 255 186 119
51 6 19 255 186 119
51 6 20 158 216 229
51 7 0 255 186 119
51 7 1 255 186 119
51 7 2 255 186 119
51 7 3 255 186 119
51 7 4 255 186 119
51 7 5 255 186 119
51 7 6 255 186 119
51 7 7 255 186 119
51 7 8 255 186 119
51 7 9 255 186 119
51 7 10 255 186 119
51 7 11 255 186 119
51 7 12 255 186 119
51 7 13 255 186 119
51 7 14 255 186 119
51 7 15 255 186 119
51 7 16 255 186 119
51 7 17 255 186 119
51 7 18 255 186 119
51 7 19 255 186 119
51 7 20 158 216 229
51 8 11 196 175 214
51 8 12 196 175 214
51 8 13 196 175 214
51 8 14 196 175 214
51 8 15 196 175 214
51 8 16 196 175 214
51 8 17 196 175 214
51 8 18 255 186 119
51 8 19 255 186 119
51 8 20 158 216 229
51 9 11 196 175 214
51 9 12 196 175 214
51 9 13 196 175 214
51 9 14 196 175 214
51 9 15 196 175 214
51 9 16 196 175 214
51 9 17 196 175 214
51 9 18 255 186 119
51 9 19 255 186 119
51 9 20 158 216 229
51 10 17 255 186 119
51 10 18 255 186 119
51 10 19 255 186 119
51 10 20 158 216 229
51 11 17 255 186 119
51 11 18 255 186 119
51 11 19 255 186 119
51 11 20 158 216 229
51 12 17 255 186 119
51 12 18 255 186 119
51 12 19 255 186 119
51 12 20 158 216 229
51 13 18 255 186 119
51 13 19 158 216 229
51 13 20 158 216 229
51 14 19 158 216 229
51 14 20 158 216 229
51 15 19 158 216 229
51 15 20 158 216 229
51 16 19 158 216 229
51 16 20 158 216 229
51 17 19 158 216 229
51 17 20 158 216 229
51 18 19 158 216 229
51 18 20 158 216 229
51 19 19 158 216 229
51 19 20 158 216 229
51 20 19 158 216 229
51 20 20 158 216 229
51 21 19 158 216 229
51 21 20 158 216 229
51 22 19 158 216 229
51 22 20 158 216 229
51 23 19 158 216 229
51 23 20 158 216 229
51 24 19 158 216 229
51 24 20 158 216 229
51 25 19 158 216 229
51 25 20 158 216 229
51 26 19 158 216 229
51 26 20 158 216 229
51 27 19 158 216 229
51 27 20 158 216 229
51 28 19 158 216 229
51 28 20 158 216 229
51 29 19 158 216 229
51 29 20 158 216 229
51 30 19 158 216 229
51 30 20 158 216 229
51 31 19 158 216 229
51 31 20 158 216 229
51 32 0 214 38 40
51 32 1 214 38 40
51 32 2 214 38 40
51 32 3 214 38 40
51 32 4 214 38 40
51 32 5 214 38 40
51 32 6 214 38 40
51 32 7 214 38 40
51 32 8 214 38 40
51 32 9 214 38 40
51 32 10 214 38 40
51 32 11 214 38 40
51 32 12 214 38 40
51 32 13 214 38 40
51 32 14 214 38 40
51 32 15 214 38 40
51 32 16 214 38 40
51 32 17 214 38 40
51 32 18 214 38 40
51 32 19 214 38 40
52 0 0 255 186 119
52 0 1 255 186 119
52 0 2 255 186 119
52 0 3 255 186 119
52 0 4 255 186 119
52 0 5 255 186 119
52 0 6 255 186 119
52 0 7 43 160 4
52 0 8 43 160 4
52 0 9 43 160 4
52 0 10 43 160 4
52 0 11 43 160 4
52 0 12 43 160 4
52 0 13 43 160 4
52 0 14 43 160 4
52 0 15 43 160 4
52 0 16 43 160 4
52 0 17 255 186 119
52 0 18 255 186 119
52 0 19 255 186 119
52 1 0 255 186 119
52 1 1 255 186 119
52 1 2 255 186 119
52 1 3 255 186 119
52 1 4 255 186 119
52 1 5 255 186 119
52 1 6 255 186 119
52 1 7 255 186 119
52 1 8 255 186 119
52 1 9 255 186 119
52 1 10 255 186 119
52 1 11 255 186 119
52 1 12 255 186 119
52 1 13 255 186 119
52 1 14 255 186 119
52 1 15 255 186 119
52 1 16 255 186 119
52 1 17 255 186 119
52 1 18 255 186 119
52 1 19 255 186 119
52 2 0 255 186 119
52 2 1 255 186 119
52 2 2 255 186 119
52 2 3 255 186 119
52 2 4 255 186 119
52 2 5 255 186 119
52 2 6 255 186 119
52 2 7 255 186 119
52 2 8 255 186 119
52 2 9 255 186 119
52 2 10 255 186 119
52 2 11 255 186 119
52 2 12 255 186 119
52 2 13 255 186 119
52 2 14 255 186 119
52 2 15 255 186 119
52 2 16 255 186 119
52 2 17 255 186 119
52 2 18 255 186 119
52 2 19 255 186 119
52 3 0 255 186 119
52 3 1 255 186 119
52 3 2 255 186 119
52 3 3 255 186 119
52 3 4 255 186 119
52 3 5 255 186 119
52 3 6 255 186 119
52 3 7 255 186 119
52 3 8 255 186 119
52 3 9 255 186 119
52 3 10 255 186 119
52 3 11 255 186 119
52 3 12 255 186 119
52 3 13 255 186 119
52 3 14 255 186 119
52 3 15 255 186 119
52 3 16 255 186 119
52 3 17 255 186 119
52 3 18 255 186 119
52 3 19 255 186 119
52 4 0 255 186 119
52 4 1 255 186 119
52 4 2 255 186 119
52 4 3 255 186 119
52 4 4 255 186 119
52 4 5 255 186 119
52 4 6 255 186 119
52 4 7 255 186 119
52 4 8 255 186 119
52 4 9 255 186 119
52 4 10 255 186 119
52 4 11 255 186 119
52 4 12 255 186 119
52 4 13 255 186 119
52 4 14 255 186 119
52 4 15 255 186 119
52 4 16 255 186 119
52 4 17 255 186 119
52 4 18 255 186 119
52 4 19 255 186 119
52 5 0 255 186 119
52 5 1 255 186 119
52 5 2 255 186 119
52 5 3 255 186 119
52 5 4 255 186 119
52 5 5 255 186 119
52 5 6 255 186 119
52 5 7 255 186 119
52 5 8 255 186 119
52 5 9 255 186 119
52 5 10 255 186 119
52 5 11 255 186 119
52 5 12 255 186 119
52 5 13 255 186 119
52 5 14 255 186 119
52 5 15 255 186 119
52 5 16 255 186 119
52 5 17 255 186 119
52 5 18 255 186 119
52 5 19 255 186 119
52 6 0 255 186 119
52 6 1 255 186 119
52 6 2 255 186 119
52 6 3 255 186 119
52 6 4 255 186 119
52 6 5 255 186 119
52 6 6 255 186 119
52 6 7 255 186 119
52 6 8 255 186 119
52 6 9 255 186 119
52 6 10 255 186 119
52 6 11 255 186 119
52 6 12 255 186 119
52 6 13 255 186 119
52 6 14 255 186 119
52 6 15 255 186 119
52 6 16 255 186 119
52 6 17 255 186 119
52 6 18 255 186 119
52 6 19 255 186 119
52 7 0 255 186 119
52 7 1 255 186 119
52 7 2 255 186 119
52 7 3 255 186 119
52 7 4 255 186 119
52 7 5 255 186 119
52 7 6 255 186 119
52 7 7 255 186 119
52 7 8 255 186 119
52 7 9 255 186 119
52 7 10 255 186 119
52 7 11 255 186 119
52 7 12 255 186 119
52 7 13 255 186 119
52 7 14 255 186 119
52 7 15 255 186 119
52 7 16 255 186 119
52 7 17 255 186 119
52 7 18 255 186 119
52 7 19 255 186 119
52 8 10 196 175 214
52 8 11 196 175 214
52 8 12 196 175 214
52 8 13 196 175 214
52 8 14 196 175 214
52 8 15 196 175 214
52 8 16 196 175 214
52 8 17 255 186 119
52 8 18 255 186 119
52 8 19 255 186 119
52 9 10 196 175 214
52 9 11 196 175 214
52 9 12 196 175 214
52 9 13 196 175 214
52 9 14 196 175 214
52 9 15 196 175 214
52 9 16 196 175 214
52 9 17 255 186 119
52 9 18 255 186 119
52 9 19 255 186 119
52 10 17 255 186 119
52 10 18 255 186 119
52 10 19 255 186 119
52 11 17 255 186 119
52 11 18 255 186 119
52 11 19 255 186 119
52 12 17 255 186 119
52 12 18 255 186 119
52 12 19 255 186 119
52 13 17 255 186 119
52 13 18 255 186 119
52 13 19 158 216 229
52 14 18 158 216 229
52 14 19 158 216 229
52 15 18 158 216 229
52 15 19 158 216 229
52 16 18 158 216 229
52 16 19 158 216 229
52 17 18 158 216 229
52 17 19 158 216 229
52 18 18 158 216 229
52 18 19 158 216 229
52 19 18 158 216 229
52 19 19 158 216 229
52 20 18 158 216 229
52 20 19 158 216 229
52 21 18 158 216 229
52 21 19 158 216 229
52 22 18 158 216 229
52 22 19 158 216 229
52 23 18 158 216 229
52 23 19 158 216 229
52 24 18 158 216 229
52 24 19 158 216 229
52 25 18 158 216 229
52 25 19 158 216 229
52 26 18 158 216 229
52 26 19 158 216 229
52 27 18 158 216 229
52 27 19 158 216 229
52 28 18 158 216 229
52 28 19 158 216 229
52 29 18 158 216 229
52 29 19 158 216 229
52 30 18 158 216 229
52 30 19 158 216 229
52 31 18 158 216 229
52 31 19 158 216 229
52 32 0 214 38 40
52 32 1 214 38 40
52 32 2 214 38 40
52 32 3 214 38 40
52 32 4 214 38 40
52 32 5 214 38 40
52 32 6 214 38 40
52 32 7 214 38 40
52 32 8 214 38 40
52 32 9 214 38 40
52 32 10 214 38 40
52 32 11 214 38 40
52 32 12 214 38 40
52 32 13 214 38 40
52 32 14 214 38 40
52 32 15 214 38 40
52 32 16 214 38 40
52 32 17 214 38 40
52 32 18 214 38 40
52 32 19 158 216 229
53 0 0 255 186 119
53 0 1 255 186 119
53 0 2 255 186 119
53 0 3 255 186 119
53 0 4 255 186 119
53 0 5 255 186 119
53 0 6 255 186 119
53 0 7 43 160 4
53 0 8 43 160 4
53 0 9 43 160 4
53 0 10 43 160 4
53 0 11 43 160 4
53 0 12 43 160 4
53 0 13 43 160 4
53 0 14 43 160 4
53 0 15 43 160 4
53 0 16 255 186 119
53 0 17 255 186 119
53 0 18 255 186 119
53 1 0 255 186 119
53 1 1 255 186 119
53 1 2 255 186 119
53 1 3 255 186 119
53 1 4 255 186 119
53 1 5 255 186 119
53 1 6 255 186 119
53 1 7 255 186 119
53 1 8 255 186 119
53 1 9 255 186 119
53 1 10 255 186 119
53 1 11 255 186 119
53 1 12 255 186 119
53 1 13 255 186 119
53 1 14 255 186 119
53 1 15 255 186 119
53 1 16 255 186 119
53 1 17 255 186 119
53 1 18 255 186 119
53 2 0 255 186 119
53 2 1 255 186 119
53 2 2 255 186 119
53 2 3 255 186 119
53 2 4 255 186 119
53 2 5 255 186 119
53 2 6 255 186 119
53 2 7 255 186 119
53 2 8 255 186 119
53 2 9 255 186 119
53 2 10 255 186 119
53 2 11 255 186 119
53 2 12 255 186 119
53 2 13 255 186 119
53 2 14 255 186 119
53 2 15 255 186 119
53 2 16 255 186 119
53 2 17 255 186 119
53 2 18 255 186 119
53 3 0 255 186 119
53 3 1 255 186 119
53 3 2 255 186 119
53 3 3 255 186 119
53 3 4 255 186 119
53 3 5 255 186 119
53 3 6 255 186 119
53 3 7 255 186 119
53 3 8 255 186 119
53 3 9 255 186 119
53 3 10 255 186 119
53 3 11 255 186 119
53 3 12 255 186 119
53 3 13 255 186 119
53 3 14 255 186 119
53 3 15 255 186 119
53 3 16 255 186 119
53 3 17 255 186 119
53 3 18 255 186 119
53 4 0 255 186 119
53 4 1 255 186 119
53 4 2 255 186 119
53 4 3 255 186 119
53 4 4 255 186 119
53 4 5 255 186 119
53 4 6 255 186 119
53 4 7 255 186 119
53 4 8 255 186 119
53 4 9 255 186 119
53 4 10 255 186 119
53 4 11 255 186 119
53 4 12 255 186 119
53 4 13 255 186 119
53 4 14 255 186 119
53 4 15 255 186 119
53 4 16 255 186 119
53 4 17 255 186 119
53 4 18 255 186 119
53 5 0 255 186 119
53 5 1 255 186 119
53 5 2 255 186 119
53 5 3 255 186 119
53 5 4 255 186 119
53 5 5 255 186 119
53 5 6 255 186 119
53 5 7 255 186 119
53 5 8 255 186 119
53 5 9 255 186 119
53 5 10 255 186 119
53 5 11 255 186 119
53 5 12 255 186 119
53 5 13 255 186 119
53 5 14 255 186 119
53 5 15 255 186 119
53 5 16 255 186 119
53 5 17 255 186 119
53 5 18 255 186 119
53 6 0 255 186 119
53 6 1 255 186 119
53 6 2 255 186 119
53 6 3 255 186 119
53 6 4 255 186 119
53 6 5 255 186 119
53 6 6 255 186 119
53 6 7 255 186 119
53 6 8 255 186 119
53 6 9 255 186 119
53 6 10 255 186 119
53 6 11 255 186 119
53 6 12 255 186 119
53 6 13 255 186 119
53 6 14 255 186 119
53 6 15 255 186 119
53 6 16 255 186 119
53 6 17 255 186 119
53 6 18 255 186 119
53 7 0 255 186 119
53 7 1 255 186 119
53 7 2 255 186 119
53 7 3 255 186 119
53 7 4 255 186 119
53 7 5 255 186 119
53 7 6 255 186 119
53 7 7 255 186 119
53 7 8 255 186 119
53 7 9 255 186 119
53 7 10 255 186 119
53 7 11 255 186 119
53 7 12 255 186 119
53 7 13 255 186 119
53 7 14 255 186 119
53 7 15 255 186 119
53 7 16 255 186 119
53 7 17 255 186 119
53 7 18 255 186 119
53 8 9 196 175 214
53 8 10 196 175 214
53 8 11 196 175 214
53 8 12 196 175 214
53 8 13 196 175 214
53 8 14 196 175 214
53 8 15 196 175 214
53 8 16 255 186 119
53 8 17 255 186 119
53 8 18 255 186 119
53 9 10 196 175 214
53 9 11 196 175 214
53 9 12 196 175 214
53 9 13 196 175 214
53 9 14 196 175 214
53 9 15 196 175 214
53 9 16 255 186 119
53 9 17 255 186 119
53 9 18 255 186 119
53 10 16 255 186 119
53 10 17 255 186 119
53 10 18 255 186 119
53 11 16 255 186 119
53 11 17 255 186 119
53 11 18 255 186 119
53 12 16 255 186 119
53 12 17 255 186 119
53 12 18 255 186 119
53 13 17 255 186 119
53 13 18 158 216 229
53 14 17 158 216 229
53 14 18 158 216 229
53 15 17 158 216 229
53 15 18 158 216 229
53 16 17 158 216 229
53 16 18 158 216 229
53 17 17 158 216 229
53 17 18 158 216 229
53 18 17 158 216 229
53 18 18 158 216 229
53 19 17 158 216 229
53 19 18 158 216 229
53 20 17 158 216 229
53 20 18 158 216 229
53 21 17 158 216 229
53 21 18 158 216 229
53 22 17 158 216 229
53 22 18 158 216 229
53 23 17 158 216 229
53 23 18 158 216 229
53 24 17 158 216 229
53 24 18 158 216 229
53 25 17 158 216 229
53 25 18 158 216 229
53 26 17 158 216 229
53 26 18 158 216 229
53 27 17 158 216 229
53 27 18 158 216 229
53 28 17 158 216 229
53 28 18 158 216 229
53 29 17 158 216 229
53 29 18 158 216 229
53 30 17 158 216 229
53 30 18 158 216 229
53 31 17 158 216 229
53 31 18 158 216 229
53 32 0 214 38 40
53 32 1 214 38 40
53 32 2 214 38 40
53 32 3 214 38 40
53 32 4 214 38 40
53 32 5 214 38 40
53 32 6 214 38 40
53 32 7 214 38 40
53 32 8 214 38 40
53 32 9 214 38 40
53 32 10 214 38 40
53 32 11 214 38 40
53 32 12 214 38 40
53 32 13 214 38 40
53 32 14 214 38 40
53 32 15 214 38 40
53 32 16 214 38 40
53 32 17 214 38 40
53 32 18 158 216 229
54 0 0 43 160 4
54 0 1 255 186 119
54 0 2 255 186 119
54 0 3 255 186 119
54 0 4 255 186 119
54 0 5 255 186 119
54 0 6 255 186 119
54 0 7 43 160 4
54 0 8 43 160 4
54 0 9 43 160 4
54 0 10 43 160 4
54 0 11 43 160 4
54 0 12 43 160 4
54 0 13 43 160 4
54 0 14 43 160 4
54 0 15 255 186 119
54 0 16 255 186 119
54 0 17 255 186 119
54 1 0 255 186 119
54 1 1 255 186 119
54 1 2 255 186 119
54 1 3 255 186 119
54 1 4 255 186 119
54 1 5 255 186 119
54 1 6 255 186 119
54 1 7 255 186 119
54 1 8 255 186 119
54 1 9 255 186 119
54 1 10 255 186 119
54 1 11 255 186 119
54 1 12 255 186 119
54 1 13 255 186 119
54 1 14 255 186 119
54 1 15 255 186 119
54 1 16 255 186 119
54 1 17 255 186 119
54 1 18 158 216 229
54 2 0 255 186 119
54 2 1 255 186 119
54 2 2 255 186 119
54 2 3 255 186 119
54 2 4 255 186 119
54 2 5 255 186 119
54 2 6 255 186 119
54 2 7 255 186 119
54 2 8 255 186 119
54 2 9 255 186 119
54 2 10 255 186 119
54 2 11 255 186 119
54 2 12 255 186 119
54 2 13 255 186 119
54 2 14 255 186 119
54 2 15 255 186 119
54 2 16 255 186 119
54 2 17 255 186 119
54 2 18 158 216 229
54 3 0 255 186 119
54 3 1 255 186 119
54 3 2 255 186 119
54 3 3 255 186 119
54 3 4 255 186 119
54 3 5 255 186 119
54 3 6 255 186 119
54 3 7 255 186 119
54 3 8 255 186 119
54 3 9 255 186 119
54 3 10 255 186 119
54 3 11 255 186 119
54 3 12 255 186 119
54 3 13 255 186 119
54 3 14 255 186 119
54 3 15 255 186 119
54 3 16 255 186 119
54 3 17 255 186 119
54 3 18 158 216 229
54 4 0 255 186 119
54 4 1 255 186 119
54 4 2 255 186 119
54 4 3 255 186 119
54 4 4 255 186 119
54 4 5 255 186 119
54 4 6 255 186 119
54 4 7 255 186 119
54 4 8 255 186 119
54 4 9 255 186 119
54 4 10 255 186 119
54 4 11 255 186 119
54 4 12 255 186 119
54 4 13 255 186 119
54 4 14 255 186 119
54 4 15 255 186 119
54 4 16 255 186 119
54 4 17 255 186 119
54 4 18 158 216 229
54 5 0 255 186 119
54 5 1 255 186 119
54 5 2 255 186 119
54 5 3 255 186 119
54 5 4 255 186 119
54 5 5 255 186 119
54 5 6 255 186 119
54 5 7 255 186 119
54 5 8 255 186 119
54 5 9 255 186 119
54 5 10 255 186 119
54 5 11 255 186 119
54 5 12 255 186 119
54 5 13 255 186 119
54 5 14 255 186 119
54 5 15 255 186 119
54 5 16 255 186 119
54 5 17 255 186 119
54 5 18 158 216 229
54 6 0 255 186 119
54 6 1 255 186 119
54 6 2 255 186 119
54 6 3 255 186 119
54 6 4 255 186 119
54 6 5 255 186 119
54 6 6 255 186 119
54 6 7 255 186 119
54 6 8 255 186 119
54 6 9 255 186 119
54 6 10 255 186 119
54 6 11 255 186 119
54 6 12 255 186 119
54 6 13 255 186 119
54 6 14 255 186 119
54 6 15 255 186 119
54 6 16 255 186 119
54 6 17 255 186 119
54 6 18 158 216 229
54 7 1 255 186 119
54 7 2 255 186 119
54 7 3 255 186 119
54 7 4 255 186 119
54 7 5 255 186 119
54 7 6 255 186 119
54 7 7 255 186 119
54 7 8 255 186 119
54 7 9 255 186 119
54 7 10 255 186 119
54 7 11 255 186 119
54 7 12 255 186 119
54 7 13 255 186 119
54 7 14 255 186 119
54 7 15 255 186 119
54 7 16 255 186 119
54 7 17 255 186 119
54 7 18 158 216 229
54 8 9 196 175 214
54 8 10 196 175 214
54 8 11 196 175 214
54 8 12 196 175 214
54 8 13 196 175 214
54 8 14 196 175 214
54 8 15 196 175 214
54 8 16 255 186 119
54 8 17 255 186 119
54 8 18 158 216 229
54 9 9 196 175 214
54 9 10 196 175 214
54 9 11 196 175 214
54 9 12 196 175 214
54 9 13 196 175 214
54 9 14 196 175 214
54 9 15 196 175 214
54 9 16 255 186 119
54 9 17 255 186 119
54 9 18 158 216 229
54 10 15 255 186 119
54 10 16 255 186 119
54 10 17 255 186 119
54 10 18 158 216 229
54 11 15 255 186 119
54 11 16 255 186 119
54 11 17 255 186 119
54 11 18 158 216 229
54 12 15 255 186 119
54 12 16 255 186 119
54 12 17 255 186 119
54 12 18 158 216 229
54 13 17 158 216 229
54 13 18 158 216 229
54 14 17 158 216 229
54 14 18 158 216 229
54 15 17 158 216 229
54 15 18 158 216 229
54 16 17 158 216 229
54 16 18 158 216 229
54 17 17 158 216 229
54 17 18 158 216 229
54 18 17 158 216 229
54 18 18 158 216 229
54 19 17 158 216 229
54 19 18 158 216 229
54 20 17 158 216 229
54 20 18 158 216 229
54 21 17 158 216 229
54 21 18 158 216 229
54 22 17 158 216 229
54 22 18 158 216 229
54 23 17 158 216 229
54 23 18 158 216 229
54 24 17 158 216 229
54 24 18 158 216 229
54 25 17 158 216 229
54 25 18 158 216 229
54 26 17 158 216 229
54 26 18 158 216 229
54 27 17 158 216 229
54 27 18 158 216 229
54 28 17 158 216 229
54 28 18 158 216 229
54 29 17 158 216 229
54 29 18 158 216 229
54 30 17 158 216 229
54 30 18 158 216 229
54 31 17 158 216 229
54 31 18 158 216 229
54 32 0 214 38 40
54 32 1 214 38 40
54 32 2 214 38 40
54 32 3 214 38 40
54 32 4 214 38 40
54 32 5 214 38 40
54 32 6 214 38 40
54 32 7 214 38 40
54 32 8 214 38 40
54 32 9 214 38 40
54 32 10 214 38 40
54 32 11 214 38 40
54 32 12 214 38 40
54 32 13 214 38 40
54 32 14 214 38 40
54 32 15 214 38 40
54 32 16 214 38 40
54 32 17 158 216 229
55 0 0 43 160 4
55 0 1 43 160 4
55 0 2 43 160 4
55 0 3 255 186 119
55 0 4 255 186 119
55 0 5 255 186 119
55 0 6 255 186 119
55 0 7 43 160 4
55 0 8 43 160 4
55 0 9 43 160 4
55 0 10 43 160 4
55 0 11 43 160 4
55 0 12 43 160 4
55 0 13 43 160 4
55 0 14 43 160 4
55 0 15 255 186 119
55 0 16 255 186 119
55 0 17 255 186 119
55 1 2 255 186 119
55 1 3 255 186 119
55 1 4 255 186 119
55 1 5 255 186 119
55 1 6 255 186 119
55 1 7 255 186 119
55 1 8 255 186 119
55 1 9 255 186 119
55 1 10 255 186 119
55 1 11 255 186 119
55 1 12 255 186 119
55 1 13 255 186 119
55 1 14 255 186 119
55 1 15 255 186 119
55 1 16 255 186 119
55 1 17 255 186 119
55 2 2 255 186 119
55 2 3 255 186 119
55 2 4 255 186 119
55 2 5 255 186 119
55 2 6 255 186 119
55 2 7 255 186 119
55 2 8 255 186 119
55 2 9 255 186 119
55 2 10 255 186 119
55 2 11 255 186 119
55 2 12 255 186 119
55 2 13 255 186 119
55 2 14 255 186 119
55 2 15 255 186 119
55 2 16 255 186 119
55 2 17 255 186 119
55 3 2 255 186 119
55 3 3 255 186 119
55 3 4 255 186 119
55 3 5 255 186 119
55 3 6 255 186 119
55 3 7 255 186 119
55 3 8 255 186 119
55 3 9 255 186 119
55 3 10 255 186 119
55 3 11 255 186 119
55 3 12 255 186 119
55 3 13 255 186 119
55 3 14 255 186 119
55 3 15 255 186 119
55 3 16 255 186 119
55 3 17 255 186 119
55 4 2 255 186 119
55 4 3 255 186 119
55 4 4 255 186 119
55 4 5 255 186 119
55 4 6 255 186 119
55 4 7 255 186 119
55 4 8 255 186 119
55 4 9 255 186 119
55 4 10 255 186 119
55 4 11 255 186 119
55 4 12 255 186 119
55 4 13 255 186 119
55 4 14 255 186 119
55 4 15 255 186 119
55 4 16 255 186 119
55 4 17 255 186 119
55 5 2 255 186 119
55 5 3 255 186 119
55 5 4 255 186 119
55 5 5 255 186 119
55 5 6 255 186 119
55 5 7 255 186 119
55 5 8 255 186 119
55 5 9 255 186 119
55 5 10 255 186 119
55 5 11 255 186 119
55 5 12 255 186 119
55 5 13 255 186 119
55 5 14 255 186 119
55 5 15 255 186 119
55 5 16 255 186 119
55 5 17 255 186 119
55 6 2 255 186 119
55 6 3 255 186 119
55 6 4 255 186 119
55 6 5 255 186 119
55 6 6 255 186 119
55 6 7 255 186 119
55 6 8 255 186 119
55 6 9 255 186 119
55 6 10 255 186 119
55 6 11 255 186 119
55 6 12 255 186 119
55 6 13 255 186 119
55 6 14 255 186 119
55 6 15 255 186 119
55 6 16 255 186 119
55 6 17 255 186 119
55 7 2 255 186 119
55 7 3 255 186 119
55 7 4 255 186 119
55 7 5 255 186 119
55 7 6 255 186 119
55 7 7 255 186 119
55 7 8 255 186 119
55 7 9 255 186 119
55 7 10 255 186 119
55 7 11 255 186 119
55 7 12 255 186 119
55 7 13 255 186 119
55 7 14 255 186 119
55 7 15 255 186 119
55 7 16 255 186 119
55 7 17 255 186 119
55 8 8 196 175 214
55 8 9 196 175 214
55 8 10 196 175 214
55 8 11 196 175 214
55 8 12 196 175 214
55 8 13 196 175 214
55 8 14 196 175 214
55 8 15 255 186 119
55 8 16 255 186 119
55 8 17 255 186 119
55 9 8 196 175 214
55 9 9 196 175 214
55 9 10 196 175 214
55 9 11 196 175 214
55 9 12 196 175 214
55 9 13 196 175 214
55 9 14 196 175 214
55 9 15 255 186 119
55 9 16 255 186 119
55 9 17 255 186 119
55 10 15 255 186 119
55 10 16 255 186 119
55 10 17 255 186 119
55 11 15 255 186 119
55 11 16 255 186 119
55 11 17 255 186 119
55 12 15 255 186 119
55 12 16 255 186 119
55 12 17 255 186 119
55 13 16 158 216 229
55 13 17 158 216 229
55 14 16 158 216 229
55 14 17 158 216 229
55 15 16 158 216 229
55 15 17 158 216 229
55 16 16 158 216 229
55 16 17 158 216 229
55 17 16 158 216 229
55 17 17 158 216 229
55 18 16 158 216 229
55 18 17 158 216 229
55 19 16 158 216 229
55 19 17 158 216 229
55 20 16 158 216 229
55 20 17 158 216 229
55 21 16 158 216 229
55 21 17 158 216 229
55 22 16 158 216 229
55 22 17 158 216 229
55 23 16 158 216 229
55 23 17 158 216 229
55 24 16 158 216 229
55 24 17 158 216 229
55 25 16 158 216 229
55 25 17 158 216 229
55 26 16 158 216 229
55 26 17 158 216 229
55 27 16 158 216 229
55 27 17 158 216 229
55 28 16 158 216 229
55 28 17 158 216 229
55 29 16 158 216 229
55 29 17 158 216 229
55 30 16 158 216 229
55 30 17 158 216 229
55 31 16 158 216 229
55 31 17 158 216 229
55 32 0 214 38 40
55 32 1 214 38 40
55 32 2 214 38 40
55 32 3 214 38 40
55 32 4 214 38 40
55 32 5 214 38 40
55 32 6 214 38 40
55 32 7 214 38 40
55 32 8 214 38 40
55 32 9 214 38 40
55 32 10 214 38 40
55 32 11 214 38 40
55 32 12 214 38 40
55 32 13 214 38 40
55 32 14 214 38 40
55 32 15 214 38 40
55 32 16 214 38 40
55 32 17 158 216 229
56 0 0 43 160 4
56 0 1 43 160 4
56 0 2 43 160 4
56 0 3 43 160 4
56 0 4 255 186 119
56 0 5 255 186 119
56 0 6 255 186 119
56 0 7 43 160 4
56 0 8 43 160 4
56 0 9 43 160 4
56 0 10 43 160 4
56 0 11 43 160 4
56 0 12 43 160 4
56 0 13 43 160 4
56 0 14 255 186 119
56 0 15 255 186 119
56 0 16 255 186 119
56 1 3 255 186 119
56 1 4 255 186 119
56 1 5 255 186 119
56 1 6 255 186 119
56 1 7 255 186 119
56 1 8 255 186 119
56 1 9 255 186 119
56 1 10 255 186 119
56 1 11 255 186 119
56 1 12 255 186 119
56 1 13 255 186 119
56 1 14 255 186 119
56 1 15 255 186 119
56 1 16 255 186 119
56 2 3 255 186 119
56 2 4 255 186 119
56 2 5 255 186 119
56 2 6 255 186 119
56 2 7 255 186 119
56 2 8 255 186 119
56 2 9 255 186 119
56 2 10 255 186 119
56 2 11 255 186 119
56 2 12 255 186 119
56 2 13 255 186 119
56 2 14 255 186 119
56 2 15 255 186 119
56 2 16 255 186 119
56 3 3 255 186 119
56 3 4 255 186 119
56 3 5 255 186 119
56 3 6 255 186 119
56 3 7 255 186 119
56 3 8 255 186 119
56 3 9 255 186 119
56 3 10 255 186 119
56 3 11 255 186 119
56 3 12 255 186 119
56 3 13 255 186 119
56 3 14 255 186 119
56 3 15 255 186 119
56 3 16 255 186 119
56 4 3 255 186 119
56 4 4 255 186 119
56 4 5 255 186 119
56 4 6 255 186 119
56 4 7 255 186 119
56 4 8 255 186 119
56 4 9 255 186 119
56 4 10 255 186 119
56 4 11 255 186 119
56 4 12 255 186 119
56 4 13 255 186 119
56 4 14 255 186 119
56 4 15 255 186 119
56 4 16 255 186 119
56 5 3 255 186 119
56 5 4 255 186 119
56 5 5 255 186 119
56 5 6 255 186 119
56 5 7 255 186 119
56 5 8 255 186 119
56 5 9 255 186 119
56 5 10 255 186 119
56 5 11 255 186 119
56 5 12 255 186 119
56 5 13 255 186 119
56 5 14 255 186 119
56 5 15 255 186 119
56 5 16 255 186 119
56 6 3 255 186 119
56 6 4 255 186 119
56 6 5 255 186 119
56 6 6 255 186 119
56 6 7 255 186 119
56 6 8 255 186 119
56 6 9 255 186 119
56 6 10 255 186 119
56 6 11 255 186 119
56 6 12 255 186 119
56 6 13 255 186 119
56 6 14 255 186 119
56 6 15 255 186 119
56 6 16 255 186 119
56 7 3 255 186 119
56 7 4 255 186 119
56 7 5 255 186 119
56 7 6 255 186 119
56 7 7 255 186 119
56 7 8 255 186 119
56 7 9 255 186 119
56 7 10 255 186 119
56 7 11 255 186 119
56 7 12 255 186 119
56 7 13 255 186 119
56 7 14 255 186 119
56 7 15 255 186 119
56 7 16 255 186 119
56 8 7 196 175 214
56 8 8 196 175 214
56 8 9 196 175 214
56 8 10 196 175 214
56 8 11 196 175 214
56 8 12 196 175 214
56 8 13 196 175 214
56 8 14 255 186 119
56 8 15 255 186 119
56 8 16 255 186 119
56 9 8 196 175 214
56 9 9 196 175 214
56 9 10 196 175 214
56 9 11 196 175 214
56 9 12 196 175 214
56 9 13 196 175 214
56 9 14 255 186 119
56 9 15 255 186 119
56 9 16 255 186 119
56 10 14 255 186 119
56 10 15 255 186 119
56 10 16 255 186 119
56 11 14 255 186 119
56 11 15 255 186 119
56 11 16 255 186 119
56 12 14 255 186 119
56 12 15 255 186 119
56 12 16 255 186 119
56 13 15 158 216 229
56 13 16 158 216 229
56 14 15 158 216 229
56 14 16 158 216 229
56 15 15 158 216 229
56 15 16 158 216 229
56 16 15 158 216 229
56 16 16 158 216 229
56 17 15 158 216 229
56 17 16 158 216 229
56 18 15 158 216 229
56 18 16 158 216 229
56 19 15 158 216 229
56 19 16 158 216 229
56 20 15 158 216 229
56 20 16 158 216 229
56 21 15 158 216 229
56 21 16 158 216 229
56 22 15 158 216 229
56 22 16 158 216 229
56 23 15 158 216 229
56 23 16 158 216 229
56 24 15 158 216 229
56 24 16 158 216 229
56 25 15 158 216 229
56 25 16 158 216 229
56 26 15 158 216 229
56 26 16 158 216 229
56 27 15 158 216 229
56 27 16 158 216 229
56 28 15 158 216 229
56 28 16 158 216 229
56 29 15 158 216 229
56 29 16 158 216 229
56 30 15 158 216 229
56 30 16 158 216 229
56 31 15 158 216 229
56 31 16 158 216 229
56 32 0 214 38 40
56 32 1 214 38 40
56 32 2 214 38 40
56 32 3 214 38 40
56 32 4 214 38 40
56 32 5 214 38 40
56 32 6 214 38 40
56 32 7 214 38 40
56 32 8 214 38 40
56 32 9 214 38 40
56 32 10 214 38 40
56 32 11 214 38 40
56 32 12 214 38 40
56 32 13 214 38 40
56 32 14 214 38 40
56 32 15 214 38 40
56 32 16 158 216 229
57 0 0 43 160 4
57 0 1 43 160 4
57 0 2 43 160 4
57 0 3 43 160 4
57 0 4 43 160 4
57 0 5 43 160 4
57 0 6 255 186 119
57 0 7 43 160 4
57 0 8 43 160 4
57 0 9 43 160 4
57 0 10 43 160 4
57 0 11 43 160 4
57 0 12 43 160 4
57 0 13 255 186 119
57 0 14 255 186 119
57 0 15 255 186 119
57 1 5 255 186 119
57 1 6 255 186 119
57 1 7 255 186 119
57 1 8 255 186 119
57 1 9 255 186 119
57 1 10 255 186 119
57 1 11 255 186 119
57 1 12 255 186 119
57 1 13 255 186 119
57 1 14 255 186 119
57 1 15 255 186 119
57 1 16 158 216 229
57 2 5 255 186 119
57 2 6 255 186 119
57 2 7 255 186 119
57 2 8 255 186 119
57 2 9 255 186 119
57 2 10 255 186 119
57 2 11 255 186 119
57 2 12 255 186 119
57 2 13 255 186 119
57 2 14 255 186 119
57 2 15 255 186 119
57 2 16 158 216 229
57 3 5 255 186 119
57 3 6 255 186 119
57 3 7 255 186 119
57 3 8 255 186 119
57 3 9 255 186 119
57 3 10 255 186 119
57 3 11 255 186 119
57 3 12 255 186 119
57 3 13 255 186 119
57 3 14 255 186 119
57 3 15 255 186 119
57 3 16 158 216 229
57 4 5 255 186 119
57 4 6 255 186 119
57 4 7 255 186 119
57 4 8 255 186 119
57 4 9 255 186 119
57 4 10 255 186 119
57 4 11 255 186 119
57 4 12 255 186 119
57 4 13 255 186 119
57 4 14 255 186 119
57 4 15 255 186 119
57 4 16 158 216 229
57 5 5 255 186 119
57 5 6 255 186 119
57 5 7 255 186 119
57 5 8 255 186 119
57 5 9 255 186 119
57 5 10 255 186 119
57 5 11 255 186 119
57 5 12 255 186 119
57 5 13 255 186 119
57 5 14 255 186 119
57 5 15 255 186 119
57 5 16 158 216 229
57 6 5 255 186 119
57 6 6 255 186 119
57 6 7 255 186 119
57 6 8 255 186 119
57 6 9 255 186 119
57 6 10 255 186 119
57 6 11 255 186 119
57 6 12 255 186 119
57 6 13 255 186 119
57 6 14 255 186 119
57 6 15 255 186 119
57 6 16 158 216 229
57 7 5 255 186 119
57 7 6 255 186 119
57 7 7 255 186 119
57 7 8 255 186 119
57 7 9 255 186 119
57 7 10 255 186 119
57 7 11 255 186 119
57 7 12 255 186 119
57 7 13 255 186 119
57 7 14 255 186 119
57 7 15 255 186 119
57 7 16 158 216 229
57 8 7 196 175 214
57 8 8 196 175 214
57 8 9 196 175 214
57 8 10 196 175 214
57 8 11 196 175 214
57 8 12 196 175 214
57 8 13 196 175 214
57 8 14 255 186 119
57 8 15 255 186 119
57 8 16 158 216 229
57 9 7 196 175 214
57 9 8 196 175 214
57 9 9 196 175 214
57 9 10 196 175 214
57 9 11 196 175 214
57 9 12 196 175 214
57 9 13 255 186 119
57 9 14 255 186 119
57 9 15 255 186 119
57 9 16 158 216 229
57 10 13 255 186 119
57 10 14 255 186 119
57 10 15 255 186 119
57 10 16 158 216 229
57 11 13 255 186 119
57 11 14 255 186 119
57 11 15 255 186 119
57 11 16 158 216 229
57 12 13 255 186 119
57 12 14 255 186 119
57 12 15 255 186 119
57 12 16 158 216 229
57 13 15 158 216 229
57 13 16 158 216 229
57 14 15 158 216 229
57 14 16 158 216 229
57 15 15 158 216 229
57 15 16 158 216 229
57 16 15 158 216 229
57 16 16 158 216 229
57 17 15 158 216 229
57 17 16 158 216 229
57 18 15 158 216 229
57 18 16 158 216 229
57 19 15 158 216 229
57 19 16 158 216 229
57 20 15 158 216 229
57 20 16 158 216 229
57 21 15 158 216 229
57 21 16 158 216 229
57 22 15 158 216 229
57 22 16 158 216 229
57 23 15 158 216 229
57 23 16 158 216 229
57 24 15 158 216 229
57 24 16 158 216 229
57 25 15 158 216 229
57 25 16 158 216 229
57 26 15 158 216 229
57 26 16 158 216 229
57 27 15 158 216 229
57 27 16 158 216 229
57 28 15 158 216 229
57 28 16 158 216 229
57 29 15 158 216 229
57 29 16 158 216 229
57 30 15 158 216 229
57 30 16 158 216 229
57 31 15 158 216 229
57 31 16 158 216 229
57 32 0 214 38 40
57 32 1 214 38 40
57 32 2 214 38 40
57 32 3 214 38 40
57 32 4 214 38 40
57 32 5 214 38 40
57 32 6 214 38 40
57 32 7 214 38 40
57 32 8 214 38 40
57 32 9 214 38 40
57 32 10 214 38 40
57 32 11 214 38 40
57 32 12 214 38 40
57 32 13 214 38 40
57 32 14 214 38 40
57 32 15 158 216 229
58 0 0 43 160 4
58 0 1 43 160 4
58 0 2 43 160 4
58 0 3 43 160 4
58 0 4 43 160 4
58 0 5 43 160 4
58 0 6 43 160 4
58 0 7 43 160 4
58 0 8 43 160 4
58 0 9 43 160 4
58 0 10 43 160 4
58 0 11 43 160 4
58 0 12 43 160 4
58 0 13 255 186 119
58 0 14 255 186 119
58 0 15 255 186 119
58 1 6 255 186 119
58 1 7 255 186 119
58 1 8 255 186 119
58 1 9 255 186 119
58 1 10 255 186 119
58 1 11 255 186 119
58 1 12 255 186 119
58 1 13 255 186 119
58 1 14 255 186 119
58 1 15 158 216 229
58 2 6 255 186 119
58 2 7 255 186 119
58 2 8 255 186 119
58 2 9 255 186 119
58 2 10 255 186 119
58 2 11 255 186 119
58 2 12 255 186 119
58 2 13 255 186 119
58 2 14 255 186 119
58 2 15 158 216 229
58 3 6 255 186 119
58 3 7 255 186 119
58 3 8 255 186 119
58 3 9 255 186 119
58 3 10 255 186 119
58 3 11 255 186 119
58 3 12 255 186 119
58 3 13 255 186 119
58 3 14 255 186 119
58 3 15 158 216 229
58 4 6 255 186 119
58 4 7 255 186 119
58 4 8 255 186 119
58 4 9 255 186 119
58 4 10 255 186 119
58 4 11 255 186 119
58 4 12 255 186 119
58 4 13 255 186 119
58 4 14 255 186 119
58 4 15 158 216 229
58 5 6 255 186 119
58 5 7 255 186 119
58 5 8 255 186 119
58 5 9 255 186 119
58 5 10 255 186 119
58 5 11 255 186 119
58 5 12 255 186 119
58 5 13 255 186 119
58 5 14 255 186 119
58 5 15 158 216 229
58 6 6 255 186 119
58 6 7 255 186 119
58 6 8 255 186 119
58 6 9 255 186 119
58 6 10 255 186 119
58 6 11 255 186 119
58 6 12 255 186 119
58 6 13 255 186 119
58 6 14 255 186 119
58 6 15 158 216 229
58 7 6 255 186 119
58 7 7 255 186 119
58 7 8 255 186 119
58 7 9 255 186 119
58 7 10 255 186 119
58 7 11 255 186 119
58 7 12 255 186 119
58 7 13 255 186 119
58 7 14 255 186 119
58 7 15 158 216 229
58 8 8 196 175 214
58 8 9 196 175 214
58 8 10 196 175 214
58 8 11 196 175 214
58 8 12 196 175 214
58 8 13 255 186 119
58 8 14 255 186 119
58 8 15 158 216 229
58 9 9 196 175 214
58 9 10 196 175 214
58 9 11 196 175 214
58 9 12 196 175 214
58 9 13 255 186 119
58 9 14 255 186 119
58 9 15 158 216 229
58 10 13 255 186 119
58 10 14 255 186 119
58 10 15 158 216 229
58 11 13 255 186 119
58 11 14 255 186 119
58 11 15 158 216 229
58 12 13 255 186 119
58 12 14 255 186 119
58 12 15 158 216 229
58 13 14 158 216 229
58 13 15 158 216 229
58 14 14 158 216 229
58 14 15 158 216 229
58 15 14 158 216 229
58 15 15 158 216 229
58 16 14 158 216 229
58 16 15 158 216 229
58 17 14 158 216 229
58 17 15 158 216 229
58 18 14 158 216 229
58 18 15 158 216 229
58 19 14 158 216 229
58 19 15 158 216 229
58 20 14 158 216 229
58 20 15 158 216 229
58 21 14 158 216 229
58 21 15 158 216 229
58 22 14 158 216 229
58 22 15 158 216 229
58 23 14 158 216 229
58 23 15 158 216 229
58 24 14 158 216 229
58 24 15 158 216 229
58 25 14 158 216 229
58 25 15 158 216 229
58 26 14 158 216 229
58 26 15 158 216 229
58 27 14 158 216 229
58 27 15 158 216 229
58 28 14 158 216 229
58 28 15 158 216 229
58 29 14 158 216 229
58 29 15 158 216 229
58 30 14 158 216 229
58 30 15 158 216 229
58 31 14 158 216 229
58 31 15 158 216 229
58 32 0 214 38 40
58 32 1 214 38 40
58 32 2 214 38 40
58 32 3 214 38 40
58 32 4 214 38 40
58 32 5 214 38 40
58 32 6 214 38 40
58 32 7 214 38 40
58 32 8 214 38 40
58 32 9 214 38 40
58 32 10 214 38 40
58 32 11 214 38 40
58 32 12 214 38 40
58 32 13 214 38 40
58 32 14 214 38 40
58 32 15 158 216 229
59 0 0 43 160 4
59 0 1 43 160 4
59 0 2 43 160 4
59 0 3 43 160 4
59 0 4 43 160 4
59 0 5 43 160 4
59 0 6 43 160 4
59 0 7 255 127 12
59 0 8 43 160 4
59 0 9 43 160 4
59 0 10 43 160 4
59 0 11 43 160 4
59 0 12 255 186 119
59 0 13 255 186 119
59 0 14 255 186 119
59 1 6 255 127 12
59 1 7 255 127 12
59 1 8 255 186 119
59 1 9 255 186 119
59 1 10 255 186 119
59 1 11 255 186 119
59 1 12 255 186 119
59 1 13 255 186 119
59 1 14 255 186 119
59 2 6 255 127 12
59 2 7 255 127 12
59 2 8 255 186 119
59 2 9 255 186 119
59 2 10 255 186 119
59 2 11 255 186 119
59 2 12 255 186 119
59 2 13 255 186 119
59 2 14 255 186 119
59 3 6 255 127 12
59 3 7 255 127 12
59 3 8 255 186 119
59 3 9 255 186 119
59 3 10 255 186 119
59 3 11 255 186 119
59 3 12 255 186 119
59 3 13 255 186 119
59 3 14 255 186 119
59 4 6 255 127 12
59 4 7 255 127 12
59 4 8 255 186 119
59 4 9 255 186 119
59 4 10 255 186 119
59 4 11 255 186 119
59 4 12 255 186 119
59 4 13 255 186 119
59 4 14 255 186 119
59 5 6 255 127 12
59 5 7 255 127 12
59 5 8 255 186 119
59 5 9 255 186 119
59 5 10 255 186 119
59 5 11 255 186 119
59 5 12 255 186 119
59 5 13 255 186 119
59 5 14 255 186 119
59 6 6 255 127 12
59 6 7 255 127 12
59 6 8 255 186 119
59 6 9 255 186 119
59 6 10 255 186 119
59 6 11 255 186 119
59 6 12 255 186 119
59 6 13 255 186 119
59 6 14 255 186 119
59 7 8 255 186 119
59 7 9 255 186 119
59 7 10 255 186 119
59 7 11 255 186 119
59 7 12 255 186 119
59 7 13 255 186 119
59 7 14 255 186 119
59 8 10 196 175 214
59 8 11 196 175 214
59 8 12 255 186 119
59 8 13 255 186 119
59 8 14 255 186 119
59 9 10 196 175 214
59 9 11 196 175 214
59 9 12 255 186 119
59 9 13 255 186 119
59 9 14 255 186 119
59 10 12 255 186 119
59 10 13 255 186 119
59 10 14 255 186 119
59 11 12 255 186 119
59 11 13 255 186 119
59 11 14 255 186 119
59 12 12 255 186 119
59 12 13 255 186 119
59 12 14 255 186 119
59 13 13 158 216 229
59 13 14 158 216 229
59 14 13 158 216 229
59 14 14 158 216 229
59 15 13 158 216 229
59 15 14 158 216 229
59 16 13 158 216 229
59 16 14 158 216 229
59 17 13 158 216 229
59 17 14 158 216 229
59 18 13 158 216 229
59 18 14 158 216 229
59 19 13 158 216 229
59 19 14 158 216 229
59 20 13 158 216 229
59 20 14 158 216 229
59 21 13 158 216 229
59 21 14 158 216 229
59 22 13 158 216 229
59 22 14 158 216 229
59 23 13 158 216 229
59 23 14 158 216 229
59 24 13 158 216 229
59 24 14 158 216 229
59 25 13 158 216 229
59 25 14 158 216 229
59 26 13 158 216 229
59 26 14 158 216 229
59 27 13 158 216 229
59 27 14 158 216 229
59 28 13 158 216 229
59 28 14 158 216 229
59 29 13 158 216 229
59 29 14 158 216 229
59 30 13 158 216 229
59 30 14 158 216 229
59 31 13 158 216 229
59 31 14 158 216 229
59 32 0 214 38 40
59 32 1 214 38 40
59 32 2 214 38 40
59 32 3 214 38 40
59 32 4 214 38 40
59 32 5 214 38 40
59 32 6 214 38 40
59 32 7 214 38 40
59 32 8 214 38 40
59 32 9 214 38 40
59 32 10 214 38 40
59 32 11 214 38 40
59 32 12 214 38 40
59 32 13 214 38 40
59 32 14 158 216 229
