ply
format ascii 1.0
element vertex 11835
property float x
property float y
property float z
property uchar red
property uchar green
property uchar blue
end_header
7 0 13 114 158 206
7 0 14 114 158 206
7 0 15 114 158 206
7 0 16 114 158 206
7 0 17 114 158 206
7 0 18 114 158 206
7 0 19 114 158 206
7 0 20 114 158 206
7 0 21 114 158 206
7 0 22 114 158 206
7 0 23 114 158 206
7 0 24 114 158 206
7 0 25 158 216 229
7 0 26 158 216 229
7 0 27 158 216 229
7 0 28 158 216 229
7 0 29 158 216 229
7 1 13 114 158 206
7 1 14 114 158 206
7 1 15 114 158 206
7 1 16 114 158 206
7 1 17 114 158 206
7 1 18 114 158 206
7 1 19 114 158 206
7 1 20 114 158 206
7 1 21 114 158 206
7 1 22 114 158 206
7 1 23 114 158 206
7 1 24 114 158 206
7 1 25 158 216 229
7 1 26 158 216 229
7 1 27 158 216 229
7 1 28 158 216 229
7 1 29 158 216 229
7 1 30 158 216 229
7 2 13 114 158 206
7 2 14 114 158 206
7 2 15 114 158 206
7 2 16 114 158 206
7 2 17 114 158 206
7 2 18 114 158 206
7 2 19 114 158 206
7 2 20 114 158 206
7 2 21 114 158 206
7 2 22 114 158 206
7 2 23 114 158 206
7 2 24 114 158 206
7 2 25 158 216 229
7 2 26 158 216 229
7 2 27 158 216 229
7 2 28 158 216 229
7 2 29 158 216 229
7 2 30 158 216 229
7 3 13 114 158 206
7 3 14 114 158 206
7 3 15 114 158 206
7 3 16 114 158 206
7 3 17 114 158 206
7 3 18 114 158 206
7 3 19 114 158 206
7 3 20 114 158 206
7 3 21 114 158 206
7 3 22 114 158 206
7 3 23 114 158 206
7 3 24 114 158 206
7 3 25 158 216 229
7 3 26 158 216 229
7 3 27 158 216 229
7 3 28 158 216 229
7 3 29 158 216 229
7 3 30 158 216 229
7 4 13 114 158 206
7 4 14 114 158 206
7 4 15 114 158 206
7 4 16 114 158 206
7 4 17 114 158 206
7 4 18 114 158 206
7 4 19 114 158 206
7 4 20 114 158 206
7 4 21 114 158 206
7 4 22 114 158 206
7 4 23 114 158 206
7 4 24 114 158 206
7 4 25 158 216 229
7 4 26 158 216 229
7 4 27 158 216 229
7 4 28 158 216 229
7 4 29 158 216 229
7 4 30 158 216 229
7 5 13 114 158 206
7 5 14 114 158 206
7 5 15 114 158 206
7 5 16 114 158 206
7 5 17 114 158 206
7 5 18 114 158 206
7 5 19 114 158 206
7 5 20 114 158 206
7 5 21 114 158 206
7 5 22 114 158 206
7 5 23 114 158 206
7 5 24 114 158 206
7 5 25 158 216 229
7 5 26 158 216 229
7 5 27 158 216 229
7 5 28 158 216 229
7 5 29 158 216 229
7 5 30 158 216 229
7 6 13 114 158 206
7 6 14 114 158 206
7 6 15 114 158 206
7 6 16 114 158 206
7 6 17 114 158 206
7 6 18 114 158 206
7 6 19 114 158 206
7 6 20 114 158 206
7 6 21 114 158 206
7 6 22 114 158 206
7 6 23 114 158 206
7 6 24 114 158 206
7 6 25 158 216 229
7 6 26 158 216 229
7 6 27 158 216 229
7 6 28 158 216 229
7 6 29 158 216 229
7 6 30 158 216 229
7 7 13 114 158 206
7 7 14 114 158 206
7 7 15 114 158 206
7 7 16 114 158 206
7 7 17 114 158 206
7 7 18 114 158 206
7 7 19 114 158 206
7 7 20 114 158 206
7 7 21 114 158 206
7 7 22 114 158 206
7 7 23 114 158 206
7 7 24 114 158 206
7 7 25 158 216 229
7 7 26 158 216 229
7 7 27 158 216 229
7 7 28 158 216 229
7 7 29 158 216 229
7 7 30 158 216 229
7 8 13 114 158 206
7 8 14 114 158 206
7 8 15 114 158 206
7 8 16 114 158 206
7 8 17 114 158 206
7 8 18 114 158 206
7 8 19 114 158 206
7 8 20 114 158 206
7 8 21 114 158 206
7 8 22 114 158 206
7 8 23 114 158 206
7 8 24 114 158 206
7 8 25 158 216 229
7 8 26 158 216 229
7 8 27 158 216 229
7 8 28 158 216 229
7 8 29 158 216 229
7 8 30 158 216 229
7 9 13 114 158 206
7 9 14 114 158 206
7 9 15 114 158 206
7 9 16 114 158 206
7 9 17 114 158 206
7 9 18 114 158 206
7 9 19 114 158 206
7 9 20 114 158 206
7 9 21 114 158 206
7 9 22 114 158 206
7 9 23 114 158 206
7 9 24 114 158 206
7 9 25 158 216 229
7 9 26 158 216 229
7 9 27 158 216 229
7 9 28 158 216 229
7 9 29 158 216 229
7 9 30 158 216 229
7 10 13 114 158 206
7 10 14 114 158 206
7 10 15 114 158 206
7 10 16 114 158 206
7 10 17 114 158 206
7 10 18 114 158 206
7 10 19 114 158 206
7 10 20 114 158 206
7 10 21 114 158 206
7 10 22 114 158 206
7 10 23 114 158 206
7 10 24 114 158 206
7 10 25 158 216 229
7 10 26 158 216 229
7 10 27 158 216 229
7 10 28 158 216 229
7 10 29 158 216 229
7 10 30 158 216 229
7 11 13 114 158 206
7 11 14 114 158 206
7 11 15 114 158 206
7 11 16 114 158 206
7 11 17 114 158 206
7 11 18 114 158 206
7 11 19 114 158 206
7 11 20 114 158 206
7 11 21 114 158 206
7 11 22 114 158 206
7 11 23 114 158 206
7 11 24 114 158 206
7 11 25 158 216 229
7 11 26 158 216 229
7 11 27 158 216 229
7 11 28 158 216 229
7 11 29 158 216 229
7 11 30 158 216 229
7 12 13 114 158 206
7 12 14 114 158 206
7 12 15 114 158 206
7 12 16 114 158 206
7 12 17 114 158 206
7 12 18 114 158 206
7 12 19 114 158 206
7 12 20 114 158 206
7 12 21 114 158 206
7 12 22 114 158 206
7 12 23 114 158 206
7 12 24 114 158 206
7 12 25 158 216 229
7 12 26 158 216 229
7 12 27 158 216 229
7 12 28 158 216 229
7 12 29 158 216 229
7 12 30 158 216 229
7 13 13 114 158 206
7 13 14 114 158 206
7 13 15 114 158 206
7 13 16 114 158 206
7 13 17 114 158 206
7 13 18 114 158 206
7 13 19 114 158 206
7 13 20 114 158 206
7 13 21 114 158 206
7 13 22 114 158 206
7 13 23 114 158 206
7 13 24 114 158 206
7 13 25 158 216 229
7 13 26 158 216 229
7 13 27 158 216 229
7 13 28 158 216 229
7 13 29 158 216 229
7 13 30 158 216 229
7 14 13 114 158 206
7 14 14 114 158 206
7 14 15 114 158 206
7 14 16 114 158 206
7 14 17 114 158 206
7 14 18 114 158 206
7 14 19 114 158 206
7 14 20 114 158 206
7 14 21 114 158 206
7 14 22 114 158 206
7 14 23 114 158 206
7 14 24 114 158 206
7 14 25 158 216 229
7 14 26 158 216 229
7 14 27 158 216 229
7 14 28 158 216 229
7 14 29 158 216 229
7 14 30 158 216 229
7 15 13 114 158 206
7 15 14 114 158 206
7 15 15 114 158 206
7 15 16 114 158 206
7 15 17 114 158 206
7 15 18 114 158 206
7 15 19 114 158 206
7 15 20 114 158 206
7 15 21 114 158 206
7 15 22 114 158 206
7 15 23 114 158 206
7 15 24 114 158 206
7 15 25 158 216 229
7 15 26 158 216 229
7 15 27 158 216 229
7 15 28 158 216 229
7 15 29 158 216 229
7 15 30 158 216 229
7 16 13 114 158 206
7 16 14 114 158 206
7 16 15 114 158 206
7 16 16 114 158 206
7 16 17 114 158 206
7 16 18 114 158 206
7 16 19 114 158 206
7 16 20 114 158 206
7 16 21 114 158 206
7 16 22 114 158 206
7 16 23 114 158 206
7 16 24 114 158 206
7 16 25 158 216 229
7 16 26 158 216 229
7 16 27 158 216 229
7 16 28 158 216 229
7 16 29 158 216 229
7 16 30 158 216 229
7 17 13 114 158 206
7 17 14 114 158 206
7 17 15 114 158 206
7 17 16 114 158 206
7 17 17 114 158 206
7 17 18 114 158 206
7 17 19 114 158 206
7 17 20 114 158 206
7 17 21 114 158 206
7 17 22 114 158 206
7 17 23 114 158 206
7 17 24 114 158 206
7 17 25 158 216 229
7 17 26 158 216 229
7 17 27 158 216 229
7 17 28 158 216 229
7 17 29 158 216 229
7 17 30 158 216 229
7 18 13 114 158 206
7 18 14 114 158 206
7 18 15 114 158 206
7 18 16 114 158 206
7 18 17 114 158 206
7 18 18 114 158 206
7 18 19 114 158 206
7 18 20 114 158 206
7 18 21 114 158 206
7 18 22 114 158 206
7 18 23 114 158 206
7 18 24 114 158 206
7 18 25 158 216 229
7 18 26 158 216 229
7 18 27 158 216 229
7 18 28 158 216 229
7 18 29 158 216 229
7 18 30 158 216 229
7 19 13 114 158 206
7 19 14 114 158 206
7 19 15 114 158 206
7 19 16 114 158 206
7 19 17 114 158 206
7 19 18 114 158 206
7 19 19 114 158 206
7 19 20 114 158 206
7 19 21 114 158 206
7 19 22 114 158 206
7 19 23 114 158 206
7 19 24 114 158 206
7 19 25 158 216 229
7 19 26 158 216 229
7 19 27 158 216 229
7 19 28 158 216 229
7 19 29 158 216 229
7 19 30 158 216 229
7 20 13 114 158 206
7 20 14 114 158 206
7 20 15 114 158 206
7 20 16 114 158 206
7 20 17 114 158 206
7 20 18 114 158 206
7 20 19 114 158 206
7 20 20 114 158 206
7 20 21 114 158 206
7 20 22 114 158 206
7 20 23 114 158 206
7 20 24 114 158 206
7 20 25 158 216 229
7 20 26 158 216 229
7 20 27 158 216 229
7 20 28 158 216 229
7 20 29 158 216 229
7 20 30 158 216 229
7 21 13 114 158 206
7 21 14 114 158 206
7 21 15 114 158 206
7 21 16 114 158 206
7 21 17 114 158 206
7 21 18 114 158 206
7 21 19 114 158 206
7 21 20 114 158 206
7 21 21 114 158 206
7 21 22 114 158 206
7 21 23 114 158 206
7 21 24 114 158 206
7 21 25 158 216 229
7 21 26 158 216 229
7 21 27 158 216 229
7 21 28 158 216 229
7 21 29 158 216 229
7 21 30 158 216 229
7 22 13 114 158 206
7 22 14 114 158 206
7 22 15 114 158 206
7 22 16 114 158 206
7 22 17 114 158 206
7 22 18 114 158 206
7 22 19 114 158 206
7 22 20 114 158 206
7 22 21 114 158 206
7 22 22 114 158 206
7 22 23 114 158 206
7 22 24 114 158 206
7 22 25 158 216 229
7 22 26 158 216 229
7 22 27 158 216 229
7 22 28 158 216 229
7 22 29 158 216 229
7 22 30 158 216 229
7 23 13 114 158 206
7 23 14 114 158 206
7 23 15 114 158 206
7 23 16 114 158 206
7 23 17 114 158 206
7 23 18 114 158 206
7 23 19 114 158 206
7 23 20 114 158 206
7 23 21 114 158 206
7 23 22 114 158 206
7 23 23 114 158 206
7 23 24 114 158 206
7 23 25 158 216 229
7 23 26 158 216 229
7 23 27 158 216 229
7 23 28 158 216 229
7 23 29 158 216 229
7 23 30 158 216 229
7 24 13 114 158 206
7 24 14 114 158 206
7 24 15 114 158 206
7 24 16 114 158 206
7 24 17 114 158 206
7 24 18 114 158 206
7 24 19 114 158 206
7 24 20 114 158 206
7 24 21 114 158 206
7 24 22 114 158 206
7 24 23 114 158 206
7 24 24 114 158 206
7 24 25 158 216 229
7 24 26 158 216 229
7 24 27 158 216 229
7 24 28 158 216 229
7 24 29 158 216 229
7 24 30 158 216 229
7 25 13 114 158 206
7 25 14 114 158 206
7 25 15 114 158 206
7 25 16 114 158 206
7 25 17 114 158 206
7 25 18 114 158 206
7 25 19 114 158 206
7 25 20 114 158 206
7 25 21 114 158 206
7 25 22 114 158 206
7 25 23 114 158 206
7 25 24 114 158 206
7 25 25 158 216 229
7 25 26 158 216 229
7 25 27 158 216 229
7 25 28 158 216 229
7 25 29 158 216 229
7 25 30 158 216 229
7 26 13 114 158 206
7 26 14 114 158 206
7 26 15 114 158 206
7 26 16 114 158 206
7 26 17 114 158 206
7 26 18 114 158 206
7 26 19 114 158 206
7 26 20 114 158 206
7 26 21 114 158 206
7 26 22 114 158 206
7 26 23 114 158 206
7 26 24 114 158 206
7 26 25 158 216 229
7 26 26 158 216 229
7 26 27 158 216 229
7 26 28 158 216 229
7 26 29 158 216 229
7 26 30 158 216 229
7 27 13 114 158 206
7 27 14 114 158 206
7 27 15 114 158 206
7 27 16 114 158 206
7 27 17 114 158 206
7 27 18 114 158 206
7 27 19 114 158 206
7 27 20 114 158 206
7 27 21 114 158 206
7 27 22 114 158 206
7 27 23 114 158 206
7 27 24 114 158 206
7 27 25 158 216 229
7 27 26 158 216 229
7 27 27 158 216 229
7 27 28 158 216 229
7 27 29 158 216 229
7 27 30 158 216 229
7 28 13 114 158 206
7 28 14 114 158 206
7 28 15 114 158 206
7 28 16 114 158 206
7 28 17 114 158 206
7 28 18 114 158 206
7 28 19 114 158 206
7 28 20 114 158 206
7 28 21 114 158 206
7 28 22 114 158 206
7 28 23 114 158 206
7 28 24 114 158 206
7 28 25 158 216 229
7 28 26 158 216 229
7 28 27 158 216 229
7 28 28 158 216 229
7 28 29 158 216 229
7 28 30 158 216 229
7 29 13 114 158 206
7 29 14 114 158 206
7 29 15 114 158 206
7 29 16 114 158 206
7 29 17 114 158 206
7 29 18 114 158 206
7 29 19 114 158 206
7 29 20 114 158 206
7 29 21 114 158 206
7 29 22 114 158 206
7 29 23 114 158 206
7 29 24 114 158 206
7 29 25 158 216 229
7 29 26 158 216 229
7 29 27 158 216 229
7 29 28 158 216 229
7 29 29 158 216 229
7 29 30 158 216 229
7 30 13 114 158 206
7 30 14 114 158 206
7 30 15 114 158 206
7 30 16 114 158 206
7 30 17 114 158 206
7 30 18 114 158 206
7 30 19 114 158 206
7 30 20 114 158 206
7 30 21 114 158 206
7 30 22 114 158 206
7 30 23 114 158 206
7 30 24 114 158 206
7 30 25 158 216 229
7 30 26 158 216 229
7 30 27 158 216 229
7 30 28 158 216 229
7 30 29 158 216 229
7 30 30 158 216 229
7 31 13 114 158 206
7 31 14 114 158 206
7 31 15 114 158 206
7 31 16 114 158 206
7 31 17 114 158 206
7 31 18 114 158 206
7 31 19 114 158 206
7 31 20 114 158 206
7 31 21 114 158 206
7 31 22 114 158 206
7 31 23 114 158 206
7 31 24 114 158 206
7 31 25 158 216 229
7 31 26 158 216 229
7 31 27 158 216 229
7 31 28 158 216 229
7 31 29 158 216 229
7 31 30 158 216 229
7 32 23 158 216 229
7 32 24 158 216 229
7 32 25 158 216 229
7 32 26 158 216 229
7 32 27 158 216 229
7 32 28 158 216 229
7 32 29 158 216 229
8 0 3 158 216 229
8 0 4 158 216 229
8 0 5 158 216 229
8 0 6 158 216 229
8 0 7 158 216 229
8 0 8 158 216 229
8 0 9 158 216 229
8 0 10 114 158 206
8 0 11 114 158 206
8 0 12 114 158 206
8 0 13 114 158 206
8 0 14 114 158 206
8 0 15 114 158 206
8 0 16 114 158 206
8 0 17 114 158 206
8 0 18 114 158 206
8 0 19 114 158 206
8 0 20 114 158 206
8 0 21 114 158 206
8 0 22 114 158 206
8 0 23 114 158 206
8 0 24 114 158 206
8 0 25 255 127 12
8 0 26 255 127 12
8 0 27 255 127 12
8 0 28 255 127 12
8 0 29 43 160 4
8 0 30 158 216 229
8 1 2 158 216 229
8 1 3 158 216 229
8 1 4 158 216 229
8 1 5 158 216 229
8 1 6 158 216 229
8 1 7 158 216 229
8 1 8 158 216 229
8 1 9 158 216 229
8 1 10 114 158 206
8 1 11 114 158 206
8 1 12 114 158 206
8 1 13 114 158 206
8 1 14 114 158 206
8 1 15 114 158 206
8 1 16 114 158 206
8 1 17 114 158 206
8 1 18 114 158 206
8 1 19 114 158 206
8 1 20 114 158 206
8 1 21 114 158 206
8 1 22 114 158 206
8 1 23 114 158 206
8 1 24 114 158 206
8 1 25 255 127 12
8 1 26 255 127 12
8 1 27 255 127 12
8 1 28 255 127 12
8 1 29 255 127 12
8 1 30 158 216 229
8 2 2 158 216 229
8 2 3 158 216 229
8 2 4 158 216 229
8 2 5 158 216 229
8 2 6 158 216 229
8 2 7 158 216 229
8 2 8 158 216 229
8 2 9 158 216 229
8 2 10 114 158 206
8 2 11 114 158 206
8 2 12 114 158 206
8 2 13 114 158 206
8 2 14 114 158 206
8 2 15 114 158 206
8 2 16 114 158 206
8 2 17 114 158 206
8 2 18 114 158 206
8 2 19 114 158 206
8 2 20 114 158 206
8 2 21 114 158 206
8 2 22 114 158 206
8 2 23 114 158 206
8 2 24 114 158 206
8 2 25 255 127 12
8 2 26 255 127 12
8 2 27 255 127 12
8 2 28 255 127 12
8 2 29 255 127 12
8 2 30 158 216 229
8 3 2 158 216 229
8 3 3 158 216 229
8 3 4 158 216 229
8 3 5 158 216 229
8 3 6 158 216 229
8 3 7 158 216 229
8 3 8 158 216 229
8 3 9 158 216 229
8 3 10 114 158 206
8 3 11 114 158 206
8 3 12 114 158 206
8 3 13 114 158 206
8 3 14 114 158 206
8 3 15 114 158 206
8 3 16 114 158 206
8 3 17 114 158 206
8 3 18 114 158 206
8 3 19 114 158 206
8 3 20 114 158 206
8 3 21 114 158 206
8 3 22 114 158 206
8 3 23 114 158 206
8 3 24 114 158 206
8 3 25 255 127 12
8 3 26 255 127 12
8 3 27 255 127 12
8 3 28 255 127 12
8 3 29 255 127 12
8 3 30 158 216 229
8 4 2 158 216 229
8 4 3 158 216 229
8 4 4 158 216 229
8 4 5 158 216 229
8 4 6 158 216 229
8 4 7 158 216 229
8 4 8 158 216 229
8 4 9 158 216 229
8 4 10 114 158 206
8 4 11 114 158 206
8 4 12 114 158 206
8 4 13 114 158 206
8 4 14 114 158 206
8 4 15 114 158 206
8 4 16 114 158 206
8 4 17 114 158 206
8 4 18 114 158 206
8 4 19 114 158 206
8 4 20 114 158 206
8 4 21 114 158 206
8 4 22 114 158 206
8 4 23 114 158 206
8 4 24 114 158 206
8 4 25 255 127 12
8 4 26 255 127 12
8 4 27 255 127 12
8 4 28 255 127 12
8 4 29 255 127 12
8 4 30 158 216 229
8 5 2 158 216 229
8 5 3 158 216 229
8 5 4 158 216 229
8 5 5 158 216 229
8 5 6 158 216 229
8 5 7 158 216 229
8 5 8 158 216 229
8 5 9 158 216 229
8 5 10 114 158 206
8 5 11 114 158 206
8 5 12 114 158 206
8 5 13 114 158 206
8 5 14 114 158 206
8 5 15 114 158 206
8 5 16 114 158 206
8 5 17 114 158 206
8 5 18 114 158 206
8 5 19 114 158 206
8 5 20 114 158 206
8 5 21 114 158 206
8 5 22 114 158 206
8 5 23 114 158 206
8 5 24 114 158 206
8 5 25 255 127 12
8 5 26 255 127 12
8 5 27 255 127 12
8 5 28 255 127 12
8 5 29 255 127 12
8 5 30 158 216 229
8 6 2 158 216 229
8 6 3 158 216 229
8 6 4 158 216 229
8 6 5 158 216 229
8 6 6 158 216 229
8 6 7 158 216 229
8 6 8 158 216 229
8 6 9 158 216 229
8 6 10 114 158 206
8 6 11 114 158 206
8 6 12 114 158 206
8 6 13 114 158 206
8 6 14 114 158 206
8 6 15 114 158 206
8 6 16 114 158 206
8 6 17 114 158 206
8 6 18 114 158 206
8 6 19 114 158 206
8 6 20 114 158 206
8 6 21 114 158 206
8 6 22 114 158 206
8 6 23 114 158 206
8 6 24 114 158 206
8 6 25 255 127 12
8 6 26 255 127 12
8 6 27 255 127 12
8 6 28 255 127 12
8 6 29 255 127 12
8 6 30 158 216 229
8 7 2 158 216 229
8 7 3 158 216 229
8 7 4 158 216 229
8 7 5 158 216 229
8 7 6 158 216 229
8 7 7 158 216 229
8 7 8 158 216 229
8 7 9 158 216 229
8 7 10 114 158 206
8 7 11 114 158 206
8 7 12 114 158 206
8 7 13 114 158 206
8 7 14 114 158 206
8 7 15 114 158 206
8 7 16 114 158 206
8 7 17 114 158 206
8 7 18 114 158 206
8 7 19 114 158 206
8 7 20 114 158 206
8 7 21 114 158 206
8 7 22 114 158 206
8 7 23 114 158 206
8 7 24 114 158 206
8 7 25 158 216 229
8 7 26 158 216 229
8 7 27 196 175 214
8 7 28 196 175 214
8 7 29 196 175 214
8 7 30 158 216 229
8 8 2 158 216 229
8 8 3 158 216 229
8 8 4 158 216 229
8 8 5 158 216 229
8 8 6 158 216 229
8 8 7 158 216 229
8 8 8 158 216 229
8 8 9 158 216 229
8 8 10 114 158 206
8 8 11 114 158 206
8 8 12 114 158 206
8 8 13 114 158 206
8 8 14 114 158 206
8 8 15 114 158 206
8 8 16 114 158 206
8 8 17 114 158 206
8 8 18 114 158 206
8 8 19 114 158 206
8 8 20 114 158 206
8 8 21 114 158 206
8 8 22 114 158 206
8 8 23 114 158 206
8 8 24 114 158 206
8 8 25 158 216 229
8 8 26 158 216 229
8 8 27 196 175 214
8 8 28 196 175 214
8 8 29 196 175 214
8 8 30 158 216 229
8 9 2 158 216 229
8 9 3 158 216 229
8 9 4 158 216 229
8 9 5 158 216 229
8 9 6 158 216 229
8 9 7 158 216 229
8 9 8 158 216 229
8 9 9 158 216 229
8 9 10 114 158 206
8 9 11 114 158 206
8 9 12 114 158 206
8 9 13 114 158 206
8 9 14 114 158 206
8 9 15 114 158 206
8 9 16 114 158 206
8 9 17 114 158 206
8 9 18 114 158 206
8 9 19 114 158 206
8 9 20 114 158 206
8 9 21 114 158 206
8 9 22 114 158 206
8 9 23 114 158 206
8 9 24 114 158 206
8 9 25 158 216 229
8 9 26 158 216 229
8 9 27 196 175 214
8 9 28 196 175 214
8 9 29 196 175 214
8 9 30 158 216 229
8 10 2 158 216 229
8 10 3 158 216 229
8 10 4 158 216 229
8 10 5 158 216 229
8 10 6 158 216 229
8 10 7 158 216 229
8 10 8 158 216 229
8 10 9 158 216 229
8 10 10 114 158 206
8 10 11 114 158 206
8 10 12 114 158 206
8 10 13 114 158 206
8 10 14 114 158 206
8 10 15 114 158 206
8 10 16 114 158 206
8 10 17 114 158 206
8 10 18 114 158 206
8 10 19 114 158 206
8 10 20 114 158 206
8 10 21 114 158 206
8 10 22 114 158 206
8 10 23 114 158 206
8 10 24 114 158 206
8 10 25 158 216 229
8 10 26 158 216 229
8 10 27 196 175 214
8 10 28 196 175 214
8 10 29 196 175 214
8 10 30 158 216 229
8 11 2 158 216 229
8 11 3 158 216 229
8 11 4 158 216 229
8 11 5 158 216 229
8 11 6 158 216 229
8 11 7 158 216 229
8 11 8 158 216 229
8 11 9 158 216 229
8 11 10 114 158 206
8 11 11 114 158 206
8 11 12 114 158 206
8 11 13 114 158 206
8 11 14 114 158 206
8 11 15 114 158 206
8 11 16 114 158 206
8 11 17 114 158 206
8 11 18 114 158 206
8 11 19 114 158 206
8 11 20 114 158 206
8 11 21 114 158 206
8 11 22 114 158 206
8 11 23 114 158 206
8 11 24 114 158 206
8 11 25 158 216 229
8 11 26 158 216 229
8 11 27 196 175 214
8 11 28 196 175 214
8 11 29 158 216 229
8 11 30 158 216 229
8 12 2 158 216 229
8 12 3 158 216 229
8 12 4 158 216 229
8 12 5 158 216 229
8 12 6 158 216 229
8 12 7 158 216 229
8 12 8 158 216 229
8 12 9 158 216 229
8 12 10 114 158 206
8 12 11 114 158 206
8 12 12 114 158 206
8 12 13 114 158 206
8 12 14 114 158 206
8 12 15 114 158 206
8 12 16 114 158 206
8 12 17 114 158 206
8 12 18 114 158 206
8 12 19 114 158 206
8 12 20 114 158 206
8 12 21 114 158 206
8 12 22 114 158 206
8 12 23 114 158 206
8 12 24 114 158 206
8 12 25 158 216 229
8 12 26 158 216 229
8 12 27 158 216 229
8 12 28 158 216 229
8 12 29 158 216 229
8 12 30 158 216 229
8 13 2 158 216 229
8 13 3 158 216 229
8 13 4 158 216 229
8 13 5 158 216 229
8 13 6 158 216 229
8 13 7 158 216 229
8 13 8 158 216 229
8 13 9 158 216 229
8 13 10 114 158 206
8 13 11 114 158 206
8 13 12 114 158 206
8 13 13 114 158 206
8 13 14 114 158 206
8 13 15 114 158 206
8 13 16 114 158 206
8 13 17 114 158 206
8 13 18 114 158 206
8 13 19 114 158 206
8 13 20 114 158 206
8 13 21 114 158 206
8 13 22 114 158 206
8 13 23 114 158 206
8 13 24 114 158 206
8 13 25 158 216 229
8 13 26 158 216 229
8 13 27 158 216 229
8 13 28 158 216 229
8 13 29 158 216 229
8 13 30 158 216 229
8 14 2 158 216 229
8 14 3 158 216 229
8 14 4 158 216 229
8 14 5 158 216 229
8 14 6 158 216 229
8 14 7 158 216 229
8 14 8 158 216 229
8 14 9 158 216 229
8 14 10 114 158 206
8 14 11 114 158 206
8 14 12 114 158 206
8 14 13 114 158 206
8 14 14 114 158 206
8 14 15 114 158 206
8 14 16 114 158 206
8 14 17 114 158 206
8 14 18 114 158 206
8 14 19 114 158 206
8 14 20 114 158 206
8 14 21 114 158 206
8 14 22 114 158 206
8 14 23 114 158 206
8 14 24 114 158 206
8 14 25 158 216 229
8 14 26 158 216 229
8 14 27 158 216 229
8 14 28 158 216 229
8 14 29 158 216 229
8 14 30 158 216 229
8 15 2 158 216 229
8 15 3 158 216 229
8 15 4 158 216 229
8 15 5 158 216 229
8 15 6 158 216 229
8 15 7 158 216 229
8 15 8 158 216 229
8 15 9 158 216 229
8 15 10 114 158 206
8 15 11 114 158 206
8 15 12 114 158 206
8 15 13 114 158 206
8 15 14 114 158 206
8 15 15 114 158 206
8 15 16 114 158 206
8 15 17 114 158 206
8 15 18 114 158 206
8 15 19 114 158 206
8 15 20 114 158 206
8 15 21 114 158 206
8 15 22 114 158 206
8 15 23 114 158 206
8 15 24 114 158 206
8 15 25 158 216 229
8 15 26 158 216 229
8 15 27 158 216 229
8 15 28 158 216 229
8 15 29 158 216 229
8 15 30 158 216 229
8 16 2 158 216 229
8 16 3 158 216 229
8 16 4 158 216 229
8 16 5 158 216 229
8 16 6 158 216 229
8 16 7 158 216 229
8 16 8 158 216 229
8 16 9 158 216 229
8 16 10 114 158 206
8 16 11 114 158 206
8 16 12 114 158 206
8 16 13 114 158 206
8 16 14 114 158 206
8 16 15 114 158 206
8 16 16 114 158 206
8 16 17 114 158 206
8 16 18 114 158 206
8 16 19 114 158 206
8 16 20 114 158 206
8 16 21 114 158 206
8 16 22 114 158 206
8 16 23 114 158 206
8 16 24 114 158 206
8 16 25 158 216 229
8 16 26 158 216 229
8 16 27 158 216 229
8 16 28 158 216 229
8 16 29 158 216 229
8 16 30 158 216 229
8 17 2 158 216 229
8 17 3 158 216 229
8 17 4 158 216 229
8 17 5 158 216 229
8 17 6 158 216 229
8 17 7 158 216 229
8 17 8 158 216 229
8 17 9 158 216 229
8 17 10 114 158 206
8 17 11 114 158 206
8 17 12 114 158 206
8 17 13 114 158 206
8 17 14 114 158 206
8 17 15 114 158 206
8 17 16 114 158 206
8 17 17 114 158 206
8 17 18 114 158 206
8 17 19 114 158 206
8 17 20 114 158 206
8 17 21 114 158 206
8 17 22 114 158 206
8 17 23 114 158 206
8 17 24 114 158 206
8 17 25 158 216 229
8 17 26 158 216 229
8 17 27 158 216 229
8 17 28 158 216 229
8 17 29 158 216 229
8 17 30 158 216 229
8 18 2 158 216 229
8 18 3 158 216 229
8 18 4 158 216 229
8 18 5 158 216 229
8 18 6 158 216 229
8 18 7 158 216 229
8 18 8 158 216 229
8 18 9 158 216 229
8 18 10 114 158 206
8 18 11 114 158 206
8 18 12 114 158 206
8 18 13 114 158 206
8 18 14 114 158 206
8 18 15 114 158 206
8 18 16 114 158 206
8 18 17 114 158 206
8 18 18 114 158 206
8 18 19 114 158 206
8 18 20 114 158 206
8 18 21 114 158 206
8 18 22 114 158 206
8 18 23 114 158 206
8 18 24 114 158 206
8 18 25 158 216 229
8 18 26 158 216 229
8 18 27 158 216 229
8 18 28 158 216 229
8 18 29 158 216 229
8 18 30 158 216 229
8 19 2 158 216 229
8 19 3 158 216 229
8 19 4 158 216 229
8 19 5 158 216 229
8 19 6 158 216 229
8 19 7 158 216 229
8 19 8 158 216 229
8 19 9 158 216 229
8 19 10 114 158 206
8 19 11 114 158 206
8 19 12 114 158 206
8 19 13 114 158 206
8 19 14 114 158 206
8 19 15 114 158 206
8 19 16 114 158 206
8 19 17 114 158 206
8 19 18 114 158 206
8 19 19 114 158 206
8 19 20 114 158 206
8 19 21 114 158 206
8 19 22 114 158 206
8 19 23 114 158 206
8 19 24 114 158 206
8 19 25 158 216 229
8 19 26 158 216 229
8 19 27 158 216 229
8 19 28 158 216 229
8 19 29 158 216 229
8 19 30 158 216 229
8 20 2 158 216 229
8 20 3 158 216 229
8 20 4 158 216 229
8 20 5 158 216 229
8 20 6 158 216 229
8 20 7 158 216 229
8 20 8 158 216 229
8 20 9 158 216 229
8 20 10 114 158 206
8 20 11 114 158 206
8 20 12 114 158 206
8 20 13 114 158 206
8 20 14 114 158 206
8 20 15 114 158 206
8 20 16 114 158 206
8 20 17 114 158 206
8 20 18 114 158 206
8 20 19 114 158 206
8 20 20 114 158 206
8 20 21 114 158 206
8 20 22 114 158 206
8 20 23 114 158 206
8 20 24 114 158 206
8 20 25 158 216 229
8 20 26 158 216 229
8 20 27 158 216 229
8 20 28 158 216 229
8 20 29 158 216 229
8 20 30 158 216 229
8 21 2 158 216 229
8 21 3 158 216 229
8 21 4 158 216 229
8 21 5 158 216 229
8 21 6 158 216 229
8 21 7 158 216 229
8 21 8 158 216 229
8 21 9 158 216 229
8 21 10 114 158 206
8 21 11 114 158 206
8 21 12 114 158 206
8 21 13 114 158 206
8 21 14 114 158 206
8 21 15 114 158 206
8 21 16 114 158 206
8 21 17 114 158 206
8 21 18 114 158 206
8 21 19 114 158 206
8 21 20 114 158 206
8 21 21 114 158 206
8 21 22 114 158 206
8 21 23 114 158 206
8 21 24 114 158 206
8 21 25 158 216 229
8 21 26 158 216 229
8 21 27 158 216 229
8 21 28 158 216 229
8 21 29 158 216 229
8 21 30 158 216 229
8 22 2 158 216 229
8 22 3 158 216 229
8 22 4 158 216 229
8 22 5 158 216 229
8 22 6 158 216 229
8 22 7 158 216 229
8 22 8 158 216 229
8 22 9 158 216 229
8 22 10 114 158 206
8 22 11 114 158 206
8 22 12 114 158 206
8 22 13 114 158 206
8 22 14 114 158 206
8 22 15 114 158 206
8 22 16 114 158 206
8 22 17 114 158 206
8 22 18 114 158 206
8 22 19 114 158 206
8 22 20 114 158 206
8 22 21 114 158 206
8 22 22 114 158 206
8 22 23 114 158 206
8 22 24 114 158 206
8 22 25 158 216 229
8 22 26 158 216 229
8 22 27 158 216 229
8 22 28 158 216 229
8 22 29 158 216 229
8 22 30 158 216 229
8 23 2 158 216 229
8 23 3 158 216 229
8 23 4 158 216 229
8 23 5 158 216 229
8 23 6 158 216 229
8 23 7 158 216 229
8 23 8 158 216 229
8 23 9 158 216 229
8 23 10 114 158 206
8 23 11 114 158 206
8 23 12 114 158 206
8 23 13 114 158 206
8 23 14 114 158 206
8 23 15 114 158 206
8 23 16 114 158 206
8 23 17 114 158 206
8 23 18 114 158 206
8 23 19 114 158 206
8 23 20 114 158 206
8 23 21 114 158 206
8 23 22 114 158 206
8 23 23 114 158 206
8 23 24 114 158 206
8 23 25 158 216 229
8 23 26 158 216 229
8 23 27 158 216 229
8 23 28 158 216 229
8 23 29 158 216 229
8 23 30 158 216 229
8 24 2 158 216 229
8 24 3 158 216 229
8 24 4 158 216 229
8 24 5 158 216 229
8 24 6 158 216 229
8 24 7 158 216 229
8 24 8 158 216 229
8 24 9 158 216 229
8 24 10 114 158 206
8 24 11 114 158 206
8 24 12 114 158 206
8 24 13 114 158 206
8 24 14 114 158 206
8 24 15 114 158 206
8 24 16 114 158 206
8 24 17 114 158 206
8 24 18 114 158 206
8 24 19 114 158 206
8 24 20 114 158 206
8 24 21 114 158 206
8 24 22 114 158 206
8 24 23 114 158 206
8 24 24 114 158 206
8 24 25 158 216 229
8 24 26 158 216 229
8 24 27 158 216 229
8 24 28 158 216 229
8 24 29 158 216 229
8 24 30 158 216 229
8 25 2 158 216 229
8 25 3 158 216 229
8 25 4 158 216 229
8 25 5 158 216 229
8 25 6 158 216 229
8 25 7 158 216 229
8 25 8 158 216 229
8 25 9 158 216 229
8 25 10 114 158 206
8 25 11 114 158 206
8 25 12 114 158 206
8 25 13 114 158 206
8 25 14 114 158 206
8 25 15 114 158 206
8 25 16 114 158 206
8 25 17 114 158 206
8 25 18 114 158 206
8 25 19 114 158 206
8 25 20 114 158 206
8 25 21 114 158 206
8 25 22 114 158 206
8 25 23 114 158 206
8 25 24 114 158 206
8 25 25 158 216 229
8 25 26 158 216 229
8 25 27 158 216 229
8 25 28 158 216 229
8 25 29 158 216 229
8 25 30 158 216 229
8 26 2 158 216 229
8 26 3 158 216 229
8 26 4 158 216 229
8 26 5 158 216 229
8 26 6 158 216 229
8 26 7 158 216 229
8 26 8 158 216 229
8 26 9 158 216 229
8 26 10 114 158 206
8 26 11 114 158 206
8 26 12 114 158 206
8 26 13 114 158 206
8 26 14 114 158 206
8 26 15 114 158 206
8 26 16 114 158 206
8 26 17 114 158 206
8 26 18 114 158 206
8 26 19 114 158 206
8 26 20 114 158 206
8 26 21 114 158 206
8 26 22 114 158 206
8 26 23 114 158 206
8 26 24 114 158 206
8 26 25 158 216 229
8 26 26 158 216 229
8 26 27 158 216 229
8 26 28 158 216 229
8 26 29 158 216 229
8 26 30 158 216 229
8 27 2 158 216 229
8 27 3 158 216 229
8 27 4 158 216 229
8 27 5 158 216 229
8 27 6 158 216 229
8 27 7 158 216 229
8 27 8 158 216 229
8 27 9 158 216 229
8 27 10 114 158 206
8 27 11 114 158 206
8 27 12 114 158 206
8 27 13 114 158 206
8 27 14 114 158 206
8 27 15 114 158 206
8 27 16 114 158 206
8 27 17 114 158 206
8 27 18 114 158 206
8 27 19 114 158 206
8 27 20 114 158 206
8 27 21 114 158 206
8 27 22 114 158 206
8 27 23 114 158 206
8 27 24 114 158 206
8 27 25 158 216 229
8 27 26 158 216 229
8 27 27 158 216 229
8 27 28 196 175 214
8 27 29 158 216 229
8 27 30 158 216 229
8 28 2 158 216 229
8 28 3 158 216 229
8 28 4 158 216 229
8 28 5 158 216 229
8 28 6 158 216 229
8 28 7 158 216 229
8 28 8 158 216 229
8 28 9 158 216 229
8 28 10 114 158 206
8 28 11 114 158 206
8 28 12 114 158 206
8 28 13 114 158 206
8 28 14 114 158 206
8 28 15 114 158 206
8 28 16 114 158 206
8 28 17 114 158 206
8 28 18 114 158 206
8 28 19 114 158 206
8 28 20 114 158 206
8 28 21 114 158 206
8 28 22 114 158 206
8 28 23 114 158 206
8 28 24 114 158 206
8 28 25 158 216 229
8 28 26 158 216 229
8 28 27 158 216 229
8 28 28 196 175 214
8 28 29 158 216 229
8 28 30 158 216 229
8 29 2 158 216 229
8 29 3 158 216 229
8 29 4 158 216 229
8 29 5 158 216 229
8 29 6 158 216 229
8 29 7 158 216 229
8 29 8 158 216 229
8 29 9 158 216 229
8 29 10 114 158 206
8 29 11 114 158 206
8 29 12 114 158 206
8 29 13 114 158 206
8 29 14 114 158 206
8 29 15 114 158 206
8 29 16 114 158 206
8 29 17 114 158 206
8 29 18 114 158 206
8 29 19 114 158 206
8 29 20 114 158 206
8 29 21 114 158 206
8 29 22 114 158 206
8 29 23 114 158 206
8 29 24 114 158 206
8 29 25 158 216 229
8 29 26 158 216 229
8 29 27 158 216 229
8 29 28 196 175 214
8 29 29 158 216 229
8 29 30 158 216 229
8 30 2 158 216 229
8 30 3 158 216 229
8 30 4 158 216 229
8 30 5 158 216 229
8 30 6 158 216 229
8 30 7 158 216 229
8 30 8 158 216 229
8 30 9 158 216 229
8 30 10 114 158 206
8 30 11 114 158 206
8 30 12 114 158 206
8 30 13 114 158 206
8 30 14 114 158 206
8 30 15 114 158 206
8 30 16 114 158 206
8 30 17 114 158 206
8 30 18 114 158 206
8 30 19 114 158 206
8 30 20 114 158 206
8 30 21 114 158 206
8 30 22 114 158 206
8 30 23 114 158 206
8 30 24 114 158 206
8 30 25 158 216 229
8 30 26 158 216 229
8 30 27 158 216 229
8 30 28 196 175 214
8 30 29 158 216 229
8 30 30 158 216 229
8 31 2 158 216 229
8 31 3 158 216 229
8 31 4 158 216 229
8 31 5 158 216 229
8 31 6 158 216 229
8 31 7 158 216 229
8 31 8 158 216 229
8 31 9 158 216 229
8 31 10 114 158 206
8 31 11 114 158 206
8 31 12 114 158 206
8 31 13 114 158 206
8 31 14 114 158 206
8 31 15 114 158 206
8 31 16 114 158 206
8 31 17 114 158 206
8 31 18 114 158 206
8 31 19 114 158 206
8 31 20 114 158 206
8 31 21 114 158 206
8 31 22 114 158 206
8 31 23 114 158 206
8 31 24 114 158 206
8 31 25 158 216 229
8 31 26 158 216 229
8 31 27 158 216 229
8 31 28 158 216 229
8 31 29 158 216 229
8 31 30 158 216 229
8 32 3 158 216 229
8 32 4 158 216 229
8 32 5 158 216 229
8 32 6 158 216 229
8 32 7 158 216 229
8 32 8 158 216 229
8 32 9 158 216 229
8 32 10 158 216 229
8 32 11 158 216 229
8 32 12 158 216 229
8 32 13 158 216 229
8 32 14 158 216 229
8 32 15 158 216 229
8 32 16 158 216 229
8 32 17 158 216 229
8 32 18 214 38 40
8 32 19 214 38 40
8 32 20 214 38 40
8 32 21 214 38 40
8 32 22 214 38 40
8 32 23 214 38 40
8 32 24 214 38 40
8 32 25 214 38 40
8 32 26 214 38 40
8 32 27 214 38 40
8 32 28 214 38 40
8 32 29 214 38 40
8 32 30 158 216 229
9 0 0 43 160 4
9 0 1 43 160 4
9 0 2 43 160 4
9 0 3 43 160 4
9 0 4 43 160 4
9 0 5 43 160 4
9 0 6 43 160 4
9 0 7 43 160 4
9 0 8 43 160 4
9 0 9 43 160 4
9 0 10 43 160 4
9 0 11 43 160 4
9 0 12 43 160 4
9 0 13 43 160 4
9 0 14 43 160 4
9 0 15 43 160 4
9 0 16 43 160 4
9 0 17 43 160 4
9 0 18 43 160 4
9 0 19 43 160 4
9 0 20 43 160 4
9 0 21 43 160 4
9 0 22 43 160 4
9 0 23 43 160 4
9 0 24 43 160 4
9 0 25 255 127 12
9 0 26 255 127 12
9 0 27 255 127 12
9 0 28 255 127 12
9 0 29 255 127 12
9 0 30 158 216 229
9 1 0 158 216 229
9 1 1 158 216 229
9 1 2 158 216 229
9 1 3 158 216 229
9 1 4 158 216 229
9 1 5 158 216 229
9 1 6 158 216 229
9 1 7 158 216 229
9 1 10 114 158 206
9 1 11 114 158 206
9 1 12 114 158 206
9 1 13 114 158 206
9 1 14 114 158 206
9 1 15 114 158 206
9 1 16 114 158 206
9 1 17 114 158 206
9 1 18 114 158 206
9 1 25 255 127 12
9 1 26 255 127 12
9 1 27 255 127 12
9 1 28 255 127 12
9 1 29 255 127 12
9 1 30 158 216 229
9 2 0 158 216 229
9 2 1 158 216 229
9 2 2 158 216 229
9 2 3 158 216 229
9 2 4 158 216 229
9 2 5 158 216 229
9 2 6 158 216 229
9 2 7 158 216 229
9 2 10 114 158 206
9 2 11 114 158 206
9 2 12 114 158 206
9 2 13 114 158 206
9 2 14 114 158 206
9 2 15 114 158 206
9 2 16 114 158 206
9 2 17 114 158 206
9 2 18 114 158 206
9 2 25 255 127 12
9 2 26 255 127 12
9 2 27 255 127 12
9 2 28 255 127 12
9 2 29 255 127 12
9 2 30 158 216 229
9 3 0 158 216 229
9 3 1 158 216 229
9 3 2 158 216 229
9 3 3 158 216 229
9 3 4 158 216 229
9 3 5 158 216 229
9 3 6 158 216 229
9 3 7 158 216 229
9 3 10 114 158 206
9 3 11 114 158 206
9 3 12 114 158 206
9 3 13 114 158 206
9 3 14 114 158 206
9 3 15 114 158 206
9 3 16 114 158 206
9 3 17 114 158 206
9 3 18 114 158 206
9 3 25 255 127 12
9 3 26 255 127 12
9 3 27 255 127 12
9 3 28 255 127 12
9 3 29 255 127 12
9 3 30 158 216 229
9 4 0 158 216 229
9 4 1 158 216 229
9 4 2 158 216 229
9 4 3 158 216 229
9 4 4 158 216 229
9 4 5 158 216 229
9 4 6 158 216 229
9 4 7 158 216 229
9 4 10 114 158 206
9 4 11 114 158 206
9 4 12 114 158 206
9 4 13 114 158 206
9 4 14 114 158 206
9 4 15 114 158 206
9 4 16 114 158 206
9 4 17 114 158 206
9 4 18 114 158 206
9 4 25 255 127 12
9 4 26 255 127 12
9 4 27 255 127 12
9 4 28 255 127 12
9 4 29 255 127 12
9 4 30 158 216 229
9 5 0 158 216 229
9 5 1 158 216 229
9 5 2 158 216 229
9 5 3 158 216 229
9 5 4 158 216 229
9 5 5 158 216 229
9 5 6 158 216 229
9 5 7 158 216 229
9 5 10 114 158 206
9 5 11 114 158 206
9 5 12 114 158 206
9 5 13 114 158 206
9 5 14 114 158 206
9 5 15 114 158 206
9 5 16 114 158 206
9 5 17 114 158 206
9 5 18 114 158 206
9 5 25 255 127 12
9 5 26 255 127 12
9 5 27 255 127 12
9 5 28 255 127 12
9 5 29 255 127 12
9 5 30 158 216 229
9 6 0 158 216 229
9 6 1 158 216 229
9 6 2 158 216 229
9 6 3 158 216 229
9 6 4 158 216 229
9 6 5 158 216 229
9 6 6 158 216 229
9 6 7 158 216 229
9 6 10 114 158 206
9 6 11 114 158 206
9 6 12 114 158 206
9 6 13 114 158 206
9 6 14 114 158 206
9 6 15 114 158 206
9 6 16 114 158 206
9 6 17 114 158 206
9 6 18 114 158 206
9 6 25 255 127 12
9 6 26 255 127 12
9 6 27 255 127 12
9 6 28 255 127 12
9 6 29 255 127 12
9 6 30 158 216 229
9 7 0 158 216 229
9 7 1 158 216 229
9 7 2 158 216 229
9 7 3 158 216 229
9 7 4 158 216 229
9 7 5 158 216 229
9 7 6 158 216 229
9 7 7 158 216 229
9 7 10 114 158 206
9 7 11 114 158 206
9 7 12 114 158 206
9 7 13 114 158 206
9 7 14 114 158 206
9 7 15 114 158 206
9 7 16 114 158 206
9 7 17 114 158 206
9 7 18 114 158 206
9 7 27 196 175 214
9 7 28 196 175 214
9 7 29 196 175 214
9 7 30 158 216 229
9 8 0 158 216 229
9 8 1 158 216 229
9 8 2 158 216 229
9 8 3 158 216 229
9 8 4 158 216 229
9 8 5 158 216 229
9 8 6 158 216 229
9 8 7 158 216 229
9 8 10 114 158 206
9 8 11 114 158 206
9 8 12 114 158 206
9 8 13 114 158 206
9 8 14 114 158 206
9 8 15 114 158 206
9 8 16 114 158 206
9 8 17 114 158 206
9 8 18 114 158 206
9 8 27 196 175 214
9 8 28 196 175 214
9 8 29 196 175 214
9 8 30 158 216 229
9 9 0 158 216 229
9 9 1 158 216 229
9 9 2 158 216 229
9 9 3 158 216 229
9 9 4 158 216 229
9 9 5 158 216 229
9 9 6 158 216 229
9 9 7 158 216 229
9 9 10 114 158 206
9 9 11 114 158 206
9 9 12 114 158 206
9 9 13 114 158 206
9 9 14 114 158 206
9 9 15 114 158 206
9 9 16 114 158 206
9 9 17 114 158 206
9 9 18 114 158 206
9 9 27 196 175 214
9 9 28 196 175 214
9 9 29 196 175 214
9 9 30 158 216 229
9 10 0 158 216 229
9 10 1 158 216 229
9 10 2 158 216 229
9 10 3 158 216 229
9 10 4 158 216 229
9 10 5 158 216 229
9 10 6 158 216 229
9 10 7 158 216 229
9 10 10 114 158 206
9 10 11 114 158 206
9 10 12 114 158 206
9 10 13 114 158 206
9 10 14 114 158 206
9 10 15 114 158 206
9 10 16 114 158 206
9 10 17 114 158 206
9 10 18 114 158 206
9 10 27 196 175 214
9 10 28 196 175 214
9 10 29 196 175 214
9 10 30 158 216 229
9 11 0 158 216 229
9 11 1 158 216 229
9 11 2 158 216 229
9 11 3 158 216 229
9 11 4 158 216 229
9 11 5 158 216 229
9 11 6 158 216 229
9 11 7 158 216 229
9 11 10 114 158 206
9 11 11 114 158 206
9 11 12 114 158 206
9 11 13 114 158 206
9 11 14 114 158 206
9 11 15 114 158 206
9 11 16 114 158 206
9 11 17 114 158 206
9 11 18 114 158 206
9 11 27 196 175 214
9 11 28 196 175 214
9 11 29 158 216 229
9 11 30 158 216 229
9 12 0 158 216 229
9 12 1 158 216 229
9 12 2 158 216 229
9 12 3 158 216 229
9 12 4 158 216 229
9 12 5 158 216 229
9 12 6 158 216 229
9 12 7 158 216 229
9 12 10 114 158 206
9 12 11 114 158 206
9 12 12 114 158 206
9 12 13 114 158 206
9 12 14 114 158 206
9 12 15 114 158 206
9 12 16 114 158 206
9 12 17 114 158 206
9 12 18 114 158 206
9 12 29 158 216 229
9 12 30 158 216 229
9 13 0 158 216 229
9 13 1 158 216 229
9 13 2 158 216 229
9 13 3 158 216 229
9 13 4 158 216 229
9 13 5 158 216 229
9 13 6 158 216 229
9 13 7 158 216 229
9 13 10 114 158 206
9 13 11 114 158 206
9 13 12 114 158 206
9 13 13 114 158 206
9 13 14 114 158 206
9 13 15 114 158 206
9 13 16 114 158 206
9 13 17 114 158 206
9 13 18 114 158 206
9 13 29 158 216 229
9 13 30 158 216 229
9 14 0 158 216 229
9 14 1 158 216 229
9 14 2 158 216 229
9 14 3 158 216 229
9 14 4 158 216 229
9 14 5 158 216 229
9 14 6 158 216 229
9 14 7 158 216 229
9 14 10 114 158 206
9 14 11 114 158 206
9 14 12 114 158 206
9 14 13 114 158 206
9 14 14 114 158 206
9 14 15 114 158 206
9 14 16 114 158 206
9 14 17 114 158 206
9 14 18 114 158 206
9 14 29 158 216 229
9 14 30 158 216 229
9 15 0 158 216 229
9 15 1 158 216 229
9 15 2 158 216 229
9 15 3 158 216 229
9 15 4 158 216 229
9 15 5 158 216 229
9 15 6 158 216 229
9 15 7 158 216 229
9 15 10 114 158 206
9 15 11 114 158 206
9 15 12 114 158 206
9 15 13 114 158 206
9 15 14 114 158 206
9 15 15 114 158 206
9 15 16 114 158 206
9 15 17 114 158 206
9 15 18 114 158 206
9 15 29 158 216 229
9 15 30 158 216 229
9 16 0 158 216 229
9 16 1 158 216 229
9 16 2 158 216 229
9 16 3 158 216 229
9 16 4 158 216 229
9 16 5 158 216 229
9 16 6 158 216 229
9 16 7 158 216 229
9 16 10 114 158 206
9 16 11 114 158 206
9 16 12 114 158 206
9 16 13 114 158 206
9 16 14 114 158 206
9 16 15 114 158 206
9 16 16 114 158 206
9 16 17 114 158 206
9 16 18 114 158 206
9 16 29 158 216 229
9 16 30 158 216 229
9 17 0 158 216 229
9 17 1 158 216 229
9 17 2 158 216 229
9 17 3 158 216 229
9 17 4 158 216 229
9 17 5 158 216 229
9 17 6 158 216 229
9 17 7 158 216 229
9 17 10 114 158 206
9 17 11 114 158 206
9 17 12 114 158 206
9 17 13 114 158 206
9 17 14 114 158 206
9 17 15 114 158 206
9 17 16 114 158 206
9 17 17 114 158 206
9 17 18 114 158 206
9 17 29 158 216 229
9 17 30 158 216 229
9 18 0 158 216 229
9 18 1 158 216 229
9 18 2 158 216 229
9 18 3 158 216 229
9 18 4 158 216 229
9 18 5 158 216 229
9 18 6 158 216 229
9 18 7 158 216 229
9 18 10 114 158 206
9 18 11 114 158 206
9 18 12 114 158 206
9 18 13 114 158 206
9 18 14 114 158 206
9 18 15 114 158 206
9 18 16 114 158 206
9 18 17 114 158 206
9 18 18 114 158 206
9 18 29 158 216 229
9 18 30 158 216 229
9 19 0 158 216 229
9 19 1 158 216 229
9 19 2 158 216 229
9 19 3 158 216 229
9 19 4 158 216 229
9 19 5 158 216 229
9 19 6 158 216 229
9 19 7 158 216 229
9 19 10 114 158 206
9 19 11 114 158 206
9 19 12 114 158 206
9 19 13 114 158 206
9 19 14 114 158 206
9 19 15 114 158 206
9 19 16 114 158 206
9 19 17 114 158 206
9 19 18 114 158 206
9 19 29 158 216 229
9 19 30 158 216 229
9 20 0 158 216 229
9 20 1 158 216 229
9 20 2 158 216 229
9 20 3 158 216 229
9 20 4 158 216 229
9 20 5 158 216 229
9 20 6 158 216 229
9 20 7 158 216 229
9 20 10 114 158 206
9 20 11 114 158 206
9 20 12 114 158 206
9 20 13 114 158 206
9 20 14 114 158 206
9 20 15 114 158 206
9 20 16 114 158 206
9 20 17 114 158 206
9 20 18 114 158 206
9 20 29 158 216 229
9 20 30 158 216 229
9 21 0 158 216 229
9 21 1 158 216 229
9 21 2 158 216 229
9 21 3 158 216 229
9 21 4 158 216 229
9 21 5 158 216 229
9 21 6 158 216 229
9 21 7 158 216 229
9 21 10 114 158 206
9 21 11 114 158 206
9 21 12 114 158 206
9 21 13 114 158 206
9 21 14 114 158 206
9 21 15 114 158 206
9 21 16 114 158 206
9 21 17 114 158 206
9 21 18 114 158 206
9 21 29 158 216 229
9 21 30 158 216 229
9 22 0 158 216 229
9 22 1 158 216 229
9 22 2 158 216 229
9 22 3 158 216 229
9 22 4 158 216 229
9 22 5 158 216 229
9 22 6 158 216 229
9 22 7 158 216 229
9 22 10 114 158 206
9 22 11 114 158 206
9 22 12 114 158 206
9 22 13 114 158 206
9 22 14 114 158 206
9 22 15 114 158 206
9 22 16 114 158 206
9 22 17 114 158 206
9 22 18 114 158 206
9 22 29 158 216 229
9 22 30 158 216 229
9 23 0 158 216 229
9 23 1 158 216 229
9 23 2 158 216 229
9 23 3 158 216 229
9 23 4 158 216 229
9 23 5 158 216 229
9 23 6 158 216 229
9 23 7 158 216 229
9 23 10 114 158 206
9 23 11 114 158 206
9 23 12 114 158 206
9 23 13 114 158 206
9 23 14 114 158 206
9 23 15 114 158 206
9 23 16 114 158 206
9 23 17 114 158 206
9 23 18 114 158 206
9 23 29 158 216 229
9 23 30 158 216 229
9 24 0 158 216 229
9 24 1 158 216 229
9 24 2 158 216 229
9 24 3 158 216 229
9 24 4 158 216 229
9 24 5 158 216 229
9 24 6 158 216 229
9 24 7 158 216 229
9 24 10 114 158 206
9 24 11 114 158 206
9 24 12 114 158 206
9 24 13 114 158 206
9 24 14 114 158 206
9 24 15 114 158 206
9 24 16 114 158 206
9 24 17 114 158 206
9 24 18 114 158 206
9 24 29 158 216 229
9 24 30 158 216 229
9 25 0 158 216 229
9 25 1 158 216 229
9 25 2 158 216 229
9 25 3 158 216 229
9 25 4 158 216 229
9 25 5 158 216 229
9 25 6 158 216 229
9 25 7 158 216 229
9 25 10 114 158 206
9 25 11 114 158 206
9 25 12 114 158 206
9 25 13 114 158 206
9 25 14 114 158 206
9 25 15 114 158 206
9 25 16 114 158 206
9 25 17 114 158 206
9 25 18 114 158 206
9 25 29 158 216 229
9 25 30 158 216 229
9 26 0 158 216 229
9 26 1 158 216 229
9 26 2 158 216 229
9 26 3 158 216 229
9 26 4 158 216 229
9 26 5 158 216 229
9 26 6 158 216 229
9 26 7 158 216 229
9 26 10 114 158 206
9 26 11 114 158 206
9 26 12 114 158 206
9 26 13 114 158 206
9 26 14 114 158 206
9 26 15 114 158 206
9 26 16 114 158 206
9 26 17 114 158 206
9 26 18 114 158 206
9 26 29 158 216 229
9 26 30 158 216 229
9 27 0 158 216 229
9 27 1 158 216 229
9 27 2 158 216 229
9 27 3 158 216 229
9 27 4 158 216 229
9 27 5 158 216 229
9 27 6 158 216 229
9 27 7 158 216 229
9 27 10 114 158 206
9 27 11 114 158 206
9 27 12 114 158 206
9 27 13 114 158 206
9 27 14 114 158 206
9 27 15 114 158 206
9 27 16 114 158 206
9 27 17 114 158 206
9 27 18 114 158 206
9 27 27 196 175 214
9 27 28 196 175 214
9 27 29 158 216 229
9 27 30 158 216 229
9 28 0 158 216 229
9 28 1 158 216 229
9 28 2 158 216 229
9 28 3 158 216 229
9 28 4 158 216 229
9 28 5 158 216 229
9 28 6 158 216 229
9 28 7 158 216 229
9 28 10 114 158 206
9 28 11 114 158 206
9 28 12 114 158 206
9 28 13 114 158 206
9 28 14 114 158 206
9 28 15 114 158 206
9 28 16 114 158 206
9 28 17 114 158 206
9 28 18 114 158 206
9 28 27 196 175 214
9 28 28 196 175 214
9 28 29 196 175 214
9 28 30 158 216 229
9 29 0 158 216 229
9 29 1 158 216 229
9 29 2 158 216 229
9 29 3 158 216 229
9 29 4 158 216 229
9 29 5 158 216 229
9 29 6 158 216 229
9 29 7 158 216 229
9 29 10 114 158 206
9 29 11 114 158 206
9 29 12 114 158 206
9 29 13 114 158 206
9 29 14 114 158 206
9 29 15 114 158 206
9 29 16 114 158 206
9 29 17 114 158 206
9 29 18 114 158 206
9 29 27 196 175 214
9 29 28 196 175 214
9 29 29 196 175 214
9 29 30 158 216 229
9 30 0 158 216 229
9 30 1 158 216 229
9 30 2 158 216 229
9 30 3 158 216 229
9 30 4 158 216 229
9 30 5 158 216 229
9 30 6 158 216 229
9 30 7 158 216 229
9 30 10 114 158 206
9 30 11 114 158 206
9 30 12 114 158 206
9 30 13 114 158 206
9 30 14 114 158 206
9 30 15 114 158 206
9 30 16 114 158 206
9 30 17 114 158 206
9 30 18 114 158 206
9 30 27 196 175 214
9 30 28 196 175 214
9 30 29 196 175 214
9 30 30 158 216 229
9 31 0 158 216 229
9 31 1 158 216 229
9 31 2 158 216 229
9 31 3 158 216 229
9 31 4 158 216 229
9 31 5 158 216 229
9 31 6 158 216 229
9 31 7 158 216 229
9 31 10 114 158 206
9 31 11 114 158 206
9 31 12 114 158 206
9 31 13 114 158 206
9 31 14 114 158 206
9 31 15 114 158 206
9 31 16 114 158 206
9 31 17 114 158 206
9 31 18 114 158 206
9 31 27 196 175 214
9 31 28 196 175 214
9 31 29 158 216 229
9 31 30 158 216 229
9 32 0 214 38 40
9 32 1 214 38 40
9 32 2 214 38 40
9 32 3 214 38 40
9 32 4 214 38 40
9 32 5 214 38 40
9 32 6 214 38 40
9 32 7 214 38 40
9 32 8 214 38 40
9 32 9 214 38 40
9 32 10 214 38 40
9 32 11 214 38 40
9 32 12 214 38 40
9 32 13 214 38 40
9 32 14 214 38 40
9 32 15 214 38 40
9 32 16 214 38 40
9 32 17 214 38 40
9 32 18 214 38 40
9 32 19 214 38 40
9 32 20 214 38 40
9 32 21 214 38 40
9 32 22 214 38 40
9 32 23 214 38 40
9 32 24 214 38 40
9 32 25 214 38 40
9 32 26 214 38 40
9 32 27 214 38 40
9 32 28 214 38 40
9 32 29 214 38 40
9 32 30 158 216 229
10 0 0 43 160 4
10 0 1 43 160 4
10 0 2 43 160 4
10 0 3 43 160 4
10 0 4 43 160 4
10 0 5 43 160 4
10 0 6 43 160 4
10 0 7 43 160 4
10 0 8 43 160 4
10 0 9 43 160 4
10 0 10 43 160 4
10 0 11 43 160 4
10 0 12 43 160 4
10 0 13 43 160 4
10 0 14 43 160 4
10 0 15 43 160 4
10 0 16 43 160 4
10 0 17 43 160 4
10 0 18 43 160 4
10 0 19 43 160 4
10 0 20 43 160 4
10 0 21 43 160 4
10 0 22 43 160 4
10 0 23 43 160 4
10 0 24 43 160 4
10 0 25 255 127 12
10 0 26 255 127 12
10 0 27 255 127 12
10 0 28 255 127 12
10 0 29 255 127 12
10 0 30 158 216 229
10 1 25 255 127 12
10 1 26 255 127 12
10 1 27 255 127 12
10 1 28 255 127 12
10 1 29 255 127 12
10 1 30 158 216 229
10 2 25 255 127 12
10 2 26 255 127 12
10 2 27 255 127 12
10 2 28 255 127 12
10 2 29 255 127 12
10 2 30 158 216 229
10 3 25 255 127 12
10 3 26 255 127 12
10 3 27 255 127 12
10 3 28 255 127 12
10 3 29 255 127 12
10 3 30 158 216 229
10 4 25 255 127 12
10 4 26 255 127 12
10 4 27 255 127 12
10 4 28 255 127 12
10 4 29 255 127 12
10 4 30 158 216 229
10 5 25 255 127 12
10 5 26 255 127 12
10 5 27 255 127 12
10 5 28 255 127 12
10 5 29 255 127 12
10 5 30 158 216 229
10 6 25 255 127 12
10 6 26 255 127 12
10 6 27 255 127 12
10 6 28 255 127 12
10 6 29 255 127 12
10 6 30 158 216 229
10 7 27 196 175 214
10 7 28 196 175 214
10 7 29 196 175 214
10 7 30 158 216 229
10 8 27 196 175 214
10 8 28 196 175 214
10 8 29 196 175 214
10 8 30 158 216 229
10 9 27 196 175 214
10 9 28 196 175 214
10 9 29 196 175 214
10 9 30 158 216 229
10 10 27 196 175 214
10 10 28 196 175 214
10 10 29 196 175 214
10 10 30 158 216 229
10 11 27 196 175 214
10 11 28 196 175 214
10 11 29 158 216 229
10 11 30 158 216 229
10 12 29 158 216 229
10 12 30 158 216 229
10 13 29 158 216 229
10 13 30 158 216 229
10 14 29 158 216 229
10 14 30 158 216 229
10 15 29 158 216 229
10 15 30 158 216 229
10 16 29 158 216 229
10 16 30 158 216 229
10 17 29 158 216 229
10 17 30 158 216 229
10 18 29 158 216 229
10 18 30 158 216 229
10 19 29 158 216 229
10 19 30 158 216 229
10 20 29 158 216 229
10 20 30 158 216 229
10 21 29 158 216 229
10 21 30 158 216 229
10 22 29 158 216 229
10 22 30 158 216 229
10 23 29 158 216 229
10 23 30 158 216 229
10 24 29 158 216 229
10 24 30 158 216 229
10 25 29 158 216 229
10 25 30 158 216 229
10 26 29 158 216 229
10 26 30 158 216 229
10 27 27 196 175 214
10 27 28 196 175 214
10 27 29 196 175 214
10 27 30 158 216 229
10 28 27 196 175 214
10 28 28 196 175 214
10 28 29 196 175 214
10 28 30 158 216 229
10 29 27 196 175 214
10 29 28 196 175 214
10 29 29 196 175 214
10 29 30 158 216 229
10 30 27 196 175 214
10 30 28 196 175 214
10 30 29 196 175 214
10 30 30 158 216 229
10 31 27 196 175 214
10 31 28 196 175 214
10 31 29 158 216 229
10 31 30 158 216 229
10 32 0 214 38 40
10 32 1 214 38 40
10 32 2 214 38 40
10 32 3 214 38 40
10 32 4 214 38 40
10 32 5 214 38 40
10 32 6 214 38 40
10 32 7 214 38 40
10 32 8 214 38 40
10 32 9 214 38 40
10 32 10 214 38 40
10 32 11 214 38 40
10 32 12 214 38 40
10 32 13 214 38 40
10 32 14 214 38 40
10 32 15 214 38 40
10 32 16 214 38 40
10 32 17 214 38 40
10 32 18 214 38 40
10 32 19 214 38 40
10 32 20 214 38 40
10 32 21 214 38 40
10 32 22 214 38 40
10 32 23 214 38 40
10 32 24 214 38 40
10 32 25 214 38 40
10 32 26 214 38 40
10 32 27 214 38 40
10 32 28 214 38 40
10 32 29 214 38 40
10 32 30 158 216 229
11 0 0 43 160 4
11 0 1 43 160 4
11 0 2 43 160 4
11 0 3 43 160 4
11 0 4 43 160 4
11 0 5 43 160 4
11 0 6 43 160 4
11 0 7 43 160 4
11 0 8 43 160 4
11 0 9 43 160 4
11 0 10 43 160 4
11 0 11 43 160 4
11 0 12 43 160 4
11 0 13 43 160 4
11 0 14 43 160 4
11 0 15 43 160 4
11 0 16 43 160 4
11 0 17 43 160 4
11 0 18 43 160 4
11 0 19 43 160 4
11 0 20 43 160 4
11 0 21 43 160 4
11 0 22 43 160 4
11 0 23 43 160 4
11 0 24 43 160 4
11 0 25 255 127 12
11 0 26 255 127 12
11 0 27 255 127 12
11 0 28 255 127 12
11 0 29 255 127 12
11 0 30 158 216 229
11 1 25 255 127 12
11 1 26 255 127 12
11 1 27 255 127 12
11 1 28 255 127 12
11 1 29 255 127 12
11 1 30 158 216 229
11 2 25 255 127 12
11 2 26 255 127 12
11 2 27 255 127 12
11 2 28 255 127 12
11 2 29 255 127 12
11 2 30 158 216 229
11 3 25 255 127 12
11 3 26 255 127 12
11 3 27 255 127 12
11 3 28 255 127 12
11 3 29 255 127 12
11 3 30 158 216 229
11 4 25 255 127 12
11 4 26 255 127 12
11 4 27 255 127 12
11 4 28 255 127 12
11 4 29 255 127 12
11 4 30 158 216 229
11 5 25 255 127 12
11 5 26 255 127 12
11 5 27 255 127 12
11 5 28 255 127 12
11 5 29 255 127 12
11 5 30 158 216 229
11 6 25 255 127 12
11 6 26 255 127 12
11 6 27 255 127 12
11 6 28 255 127 12
11 6 29 255 127 12
11 6 30 158 216 229
11 7 27 196 175 214
11 7 28 196 175 214
11 7 29 196 175 214
11 7 30 158 216 229
11 8 27 196 175 214
11 8 28 196 175 214
11 8 29 196 175 214
11 8 30 158 216 229
11 9 27 196 175 214
11 9 28 196 175 214
11 9 29 196 175 214
11 9 30 158 216 229
11 10 27 196 175 214
11 10 28 196 175 214
11 10 29 196 175 214
11 10 30 158 216 229
11 11 27 196 175 214
11 11 28 196 175 214
11 11 29 196 175 214
11 11 30 158 216 229
11 12 30 158 216 229
11 13 30 158 216 229
11 14 30 158 216 229
11 15 30 158 216 229
11 16 30 158 216 229
11 17 30 158 216 229
11 18 30 158 216 229
11 19 30 158 216 229
11 20 30 158 216 229
11 21 30 158 216 229
11 22 30 158 216 229
11 23 30 158 216 229
11 24 30 158 216 229
11 25 30 158 216 229
11 26 30 158 216 229
11 27 27 196 175 214
11 27 28 196 175 214
11 27 29 196 175 214
11 27 30 158 216 229
11 28 27 196 175 214
11 28 28 196 175 214
11 28 29 196 175 214
11 28 30 158 216 229
11 29 27 196 175 214
11 29 28 196 175 214
11 29 29 196 175 214
11 29 30 158 216 229
11 30 27 196 175 214
11 30 28 196 175 214
11 30 29 196 175 214
11 30 30 158 216 229
11 31 27 196 175 214
11 31 28 196 175 214
11 31 29 196 175 214
11 31 30 158 216 229
11 32 0 214 38 40
11 32 1 214 38 40
11 32 2 214 38 40
11 32 3 214 38 40
11 32 4 214 38 40
11 32 5 214 38 40
11 32 6 214 38 40
11 32 7 214 38 40
11 32 8 214 38 40
11 32 9 214 38 40
11 32 10 214 38 40
11 32 11 214 38 40
11 32 12 214 38 40
11 32 13 214 38 40
11 32 14 214 38 40
11 32 15 214 38 40
11 32 16 214 38 40
11 32 17 214 38 40
11 32 18 214 38 40
11 32 19 214 38 40
11 32 20 214 38 40
11 32 21 214 38 40
11 32 22 214 38 40
11 32 23 214 38 40
11 32 24 214 38 40
11 32 25 214 38 40
11 32 26 214 38 40
11 32 27 214 38 40
11 32 28 214 38 40
11 32 29 214 38 40
11 32 30 158 216 229
12 0 0 43 160 4
12 0 1 43 160 4
12 0 2 43 160 4
12 0 3 43 160 4
12 0 4 43 160 4
12 0 5 43 160 4
12 0 6 43 160 4
12 0 7 43 160 4
12 0 8 43 160 4
12 0 9 43 160 4
12 0 10 43 160 4
12 0 11 43 160 4
12 0 12 43 160 4
12 0 13 43 160 4
12 0 14 43 160 4
12 0 15 43 160 4
12 0 16 43 160 4
12 0 17 43 160 4
12 0 18 43 160 4
12 0 19 43 160 4
12 0 20 43 160 4
12 0 21 43 160 4
12 0 22 43 160 4
12 0 23 43 160 4
12 0 24 43 160 4
12 0 25 255 127 12
12 0 26 255 127 12
12 0 27 255 127 12
12 0 28 255 127 12
12 0 29 255 127 12
12 0 30 158 216 229
12 1 25 255 127 12
12 1 26 255 127 12
12 1 27 255 127 12
12 1 28 255 127 12
12 1 29 255 127 12
12 1 30 158 216 229
12 2 25 255 127 12
12 2 26 255 127 12
12 2 27 255 127 12
12 2 28 255 127 12
12 2 29 255 127 12
12 2 30 158 216 229
12 3 25 255 127 12
12 3 26 255 127 12
12 3 27 255 127 12
12 3 28 255 127 12
12 3 29 255 127 12
12 3 30 158 216 229
12 4 25 255 127 12
12 4 26 255 127 12
12 4 27 255 127 12
12 4 28 255 127 12
12 4 29 255 127 12
12 4 30 158 216 229
12 5 25 255 127 12
12 5 26 255 127 12
12 5 27 255 127 12
12 5 28 255 127 12
12 5 29 255 127 12
12 5 30 158 216 229
12 6 25 255 127 12
12 6 26 255 127 12
12 6 27 255 127 12
12 6 28 255 127 12
12 6 29 255 127 12
12 6 30 158 216 229
12 7 27 196 175 214
12 7 28 196 175 214
12 7 29 196 175 214
12 7 30 158 216 229
12 8 27 196 175 214
12 8 28 196 175 214
12 8 29 196 175 214
12 8 30 158 216 229
12 9 30 158 216 229
12 10 30 158 216 229
12 11 30 158 216 229
12 12 30 158 216 229
12 13 30 158 216 229
12 14 30 158 216 229
12 15 30 158 216 229
12 16 30 158 216 229
12 17 30 158 216 229
12 18 30 158 216 229
12 19 30 158 216 229
12 20 30 158 216 229
12 21 30 158 216 229
12 22 30 158 216 229
12 23 30 158 216 229
12 24 30 158 216 229
12 25 30 158 216 229
12 26 30 158 216 229
12 27 27 196 175 214
12 27 28 196 175 214
12 27 29 196 175 214
12 27 30 158 216 229
12 28 27 196 175 214
12 28 28 196 175 214
12 28 29 196 175 214
12 28 30 158 216 229
12 29 27 196 175 214
12 29 28 196 175 214
12 29 29 196 175 214
12 29 30 158 216 229
12 30 27 196 175 214
12 30 28 196 175 214
12 30 29 196 175 214
12 30 30 158 216 229
12 31 27 196 175 214
12 31 28 196 175 214
12 31 29 196 175 214
12 31 30 158 216 229
12 32 0 214 38 40
12 32 1 214 38 40
12 32 2 214 38 40
12 32 3 214 38 40
12 32 4 214 38 40
12 32 5 214 38 40
12 32 6 214 38 40
12 32 7 214 38 40
12 32 8 214 38 40
12 32 9 214 38 40
12 32 10 214 38 40
12 32 11 214 38 40
12 32 12 214 38 40
12 32 13 214 38 40
12 32 14 214 38 40
12 32 15 214 38 40
12 32 16 214 38 40
12 32 17 214 38 40
12 32 18 214 38 40
12 32 19 214 38 40
12 32 20 214 38 40
12 32 21 214 38 40
12 32 22 214 38 40
12 32 23 214 38 40
12 32 24 214 38 40
12 32 25 214 38 40
12 32 26 214 38 40
12 32 27 214 38 40
12 32 28 214 38 40
12 32 29 214 38 40
12 32 30 158 216 229
13 0 0 43 160 4
13 0 1 43 160 4
13 0 2 43 160 4
13 0 3 43 160 4
13 0 4 43 160 4
13 0 5 43 160 4
13 0 6 43 160 4
13 0 7 43 160 4
13 0 8 43 160 4
13 0 9 43 160 4
13 0 10 43 160 4
13 0 11 43 160 4
13 0 12 43 160 4
13 0 13 43 160 4
13 0 14 43 160 4
13 0 15 43 160 4
13 0 16 43 160 4
13 0 17 43 160 4
13 0 18 43 160 4
13 0 19 43 160 4
13 0 20 43 160 4
13 0 21 43 160 4
13 0 22 43 160 4
13 0 23 43 160 4
13 0 24 43 160 4
13 0 25 255 127 12
13 0 26 255 127 12
13 0 27 255 127 12
13 0 28 255 127 12
13 0 29 255 127 12
13 0 30 158 216 229
13 1 25 255 127 12
13 1 26 255 127 12
13 1 27 255 127 12
13 1 28 255 127 12
13 1 29 255 127 12
13 1 30 158 216 229
13 2 25 255 127 12
13 2 26 255 127 12
13 2 27 255 127 12
13 2 28 255 127 12
13 2 29 255 127 12
13 2 30 158 216 229
13 3 25 255 127 12
13 3 26 255 127 12
13 3 27 255 127 12
13 3 28 255 127 12
13 3 29 255 127 12
13 3 30 158 216 229
13 4 25 255 127 12
13 4 26 255 127 12
13 4 27 255 127 12
13 4 28 255 127 12
13 4 29 255 127 12
13 4 30 158 216 229
13 5 25 255 127 12
13 5 26 255 127 12
13 5 27 255 127 12
13 5 28 255 127 12
13 5 29 255 127 12
13 5 30 158 216 229
13 6 25 255 127 12
13 6 26 255 127 12
13 6 27 255 127 12
13 6 28 255 127 12
13 6 29 255 127 12
13 6 30 158 216 229
13 7 27 196 175 214
13 7 28 196 175 214
13 7 29 196 175 214
13 7 30 158 216 229
13 8 27 196 175 214
13 8 28 196 175 214
13 8 29 196 175 214
13 8 30 158 216 229
13 9 30 158 216 229
13 10 30 158 216 229
13 11 30 158 216 229
13 12 30 158 216 229
13 13 30 158 216 229
13 14 30 158 216 229
13 15 30 158 216 229
13 16 30 158 216 229
13 17 30 158 216 229
13 18 30 158 216 229
13 19 30 158 216 229
13 20 30 158 216 229
13 21 30 158 216 229
13 22 30 158 216 229
13 23 30 158 216 229
13 24 30 158 216 229
13 25 30 158 216 229
13 26 30 158 216 229
13 27 27 196 175 214
13 27 28 196 175 214
13 27 29 196 175 214
13 27 30 158 216 229
13 28 27 196 175 214
13 28 28 196 175 214
13 28 29 196 175 214
13 28 30 158 216 229
13 29 27 196 175 214
13 29 28 196 175 214
13 29 29 196 175 214
13 29 30 158 216 229
13 30 27 196 175 214
13 30 28 196 175 214
13 30 29 196 175 214
13 30 30 158 216 229
13 31 27 196 175 214
13 31 28 196 175 214
13 31 29 196 175 214
13 31 30 158 216 229
13 32 0 214 38 40
13 32 1 214 38 40
13 32 2 214 38 40
13 32 3 214 38 40
13 32 4 214 38 40
13 32 5 214 38 40
13 32 6 214 38 40
13 32 7 214 38 40
13 32 8 214 38 40
13 32 9 214 38 40
13 32 10 214 38 40
13 32 11 214 38 40
13 32 12 214 38 40
13 32 13 214 38 40
13 32 14 214 38 40
13 32 15 214 38 40
13 32 16 214 38 40
13 32 17 214 38 40
13 32 18 214 38 40
13 32 19 214 38 40
13 32 20 214 38 40
13 32 21 214 38 40
13 32 22 214 38 40
13 32 23 214 38 40
13 32 24 214 38 40
13 32 25 214 38 40
13 32 26 214 38 40
13 32 27 214 38 40
13 32 28 214 38 40
13 32 29 214 38 40
13 32 30 158 216 229
14 0 0 43 160 4
14 0 1 43 160 4
14 0 2 43 160 4
14 0 3 43 160 4
14 0 4 43 160 4
14 0 5 43 160 4
14 0 6 43 160 4
14 0 7 43 160 4
14 0 8 43 160 4
14 0 9 43 160 4
14 0 10 43 160 4
14 0 11 43 160 4
14 0 12 43 160 4
14 0 13 43 160 4
14 0 14 43 160 4
14 0 15 43 160 4
14 0 16 43 160 4
14 0 17 43 160 4
14 0 18 43 160 4
14 0 19 43 160 4
14 0 20 43 160 4
14 0 21 43 160 4
14 0 22 43 160 4
14 0 23 43 160 4
14 0 24 43 160 4
14 0 25 255 127 12
14 0 26 255 127 12
14 0 27 255 127 12
14 0 28 255 186 119
14 0 29 255 186 119
14 0 30 255 186 119
14 1 20 255 186 119
14 1 21 255 186 119
14 1 22 255 186 119
14 1 23 255 186 119
14 1 24 255 186 119
14 1 25 255 127 12
14 1 26 255 127 12
14 1 27 255 127 12
14 1 28 255 186 119
14 1 29 255 186 119
14 1 30 158 216 229
14 2 20 255 186 119
14 2 21 255 186 119
14 2 22 255 186 119
14 2 23 255 186 119
14 2 24 255 186 119
14 2 25 255 127 12
14 2 26 255 127 12
14 2 27 255 127 12
14 2 28 255 186 119
14 2 29 255 186 119
14 2 30 158 216 229
14 3 20 255 186 119
14 3 21 255 186 119
14 3 22 255 186 119
14 3 23 255 186 119
14 3 24 255 186 119
14 3 25 255 127 12
14 3 26 255 127 12
14 3 27 255 127 12
14 3 28 255 186 119
14 3 29 255 186 119
14 3 30 158 216 229
14 4 20 255 186 119
14 4 21 255 186 119
14 4 22 255 186 119
14 4 23 255 186 119
14 4 24 255 186 119
14 4 25 255 127 12
14 4 26 255 127 12
14 4 27 255 127 12
14 4 28 255 186 119
14 4 29 255 186 119
14 4 30 158 216 229
14 5 20 255 186 119
14 5 21 255 186 119
14 5 22 255 186 119
14 5 23 255 186 119
14 5 24 255 186 119
14 5 25 255 127 12
14 5 26 255 127 12
14 5 27 255 127 12
14 5 28 255 186 119
14 5 29 255 186 119
14 5 30 158 216 229
14 6 20 255 186 119
14 6 21 255 186 119
14 6 22 255 186 119
14 6 23 255 186 119
14 6 24 255 186 119
14 6 25 255 127 12
14 6 26 255 127 12
14 6 27 255 127 12
14 6 28 255 186 119
14 6 29 255 186 119
14 6 30 158 216 229
14 7 20 255 186 119
14 7 21 255 186 119
14 7 22 255 186 119
14 7 23 255 186 119
14 7 24 255 186 119
14 7 25 255 186 119
14 7 26 255 186 119
14 7 27 255 186 119
14 7 28 255 186 119
14 7 29 255 186 119
14 7 30 158 216 229
14 8 29 255 186 119
14 8 30 158 216 229
14 9 29 255 186 119
14 9 30 158 216 229
14 10 29 255 186 119
14 10 30 158 216 229
14 11 29 255 186 119
14 11 30 158 216 229
14 12 29 255 186 119
14 12 30 158 216 229
14 13 29 255 186 119
14 13 30 158 216 229
14 14 30 158 216 229
14 15 30 158 216 229
14 16 30 158 216 229
14 17 30 158 216 229
14 18 30 158 216 229
14 19 30 158 216 229
14 20 30 158 216 229
14 21 30 158 216 229
14 22 30 158 216 229
14 23 30 158 216 229
14 24 30 158 216 229
14 25 30 158 216 229
14 26 30 158 216 229
14 27 27 196 175 214
14 27 28 196 175 214
14 27 29 196 175 214
14 27 30 158 216 229
14 28 27 196 175 214
14 28 28 196 175 214
14 28 29 196 175 214
14 28 30 158 216 229
14 29 27 196 175 214
14 29 28 196 175 214
14 29 29 196 175 214
14 29 30 158 216 229
14 30 27 196 175 214
14 30 28 196 175 214
14 30 29 196 175 214
14 30 30 158 216 229
14 31 27 196 175 214
14 31 28 196 175 214
14 31 29 196 175 214
14 31 30 158 216 229
14 32 0 214 38 40
14 32 1 214 38 40
14 32 2 214 38 40
14 32 3 214 38 40
14 32 4 214 38 40
14 32 5 214 38 40
14 32 6 214 38 40
14 32 7 214 38 40
14 32 8 214 38 40
14 32 9 214 38 40
14 32 10 214 38 40
14 32 11 214 38 40
14 32 12 214 38 40
14 32 13 214 38 40
14 32 14 214 38 40
14 32 15 214 38 40
14 32 16 214 38 40
14 32 17 214 38 40
14 32 18 214 38 40
14 32 19 214 38 40
14 32 20 214 38 40
14 32 21 214 38 40
14 32 22 214 38 40
14 32 23 214 38 40
14 32 24 214 38 40
14 32 25 214 38 40
14 32 26 214 38 40
14 32 27 214 38 40
14 32 28 214 38 40
14 32 29 214 38 40
14 32 30 158 216 229
15 0 0 43 160 4
15 0 1 43 160 4
15 0 2 43 160 4
15 0 3 43 160 4
15 0 4 43 160 4
15 0 5 43 160 4
15 0 6 43 160 4
15 0 7 255 186 119
15 0 8 255 186 119
15 0 9 255 186 119
15 0 10 255 186 119
15 0 11 255 186 119
15 0 12 255 186 119
15 0 13 255 186 119
15 0 14 255 186 119
15 0 15 255 186 119
15 0 16 255 186 119
15 0 17 255 186 119
15 0 18 255 186 119
15 0 19 255 186 119
15 0 20 255 186 119
15 0 21 255 186 119
15 0 22 255 186 119
15 0 23 255 186 119
15 0 24 255 186 119
15 0 25 255 186 119
15 0 26 255 186 119
15 0 27 255 186 119
15 0 28 255 186 119
15 0 29 255 186 119
15 0 30 255 186 119
15 1 3 255 186 119
15 1 4 255 186 119
15 1 5 255 186 119
15 1 6 255 186 119
15 1 7 255 186 119
15 1 8 255 186 119
15 1 9 255 186 119
15 1 10 255 186 119
15 1 11 255 186 119
15 1 12 255 186 119
15 1 13 255 186 119
15 1 14 255 186 119
15 1 15 255 186 119
15 1 16 255 186 119
15 1 17 255 186 119
15 1 18 255 186 119
15 1 19 255 186 119
15 1 20 255 186 119
15 1 21 255 186 119
15 1 22 255 186 119
15 1 23 255 186 119
15 1 24 255 186 119
15 1 25 255 186 119
15 1 26 255 186 119
15 1 27 255 186 119
15 1 28 255 186 119
15 1 29 255 186 119
15 1 30 255 186 119
15 2 3 255 186 119
15 2 4 255 186 119
15 2 5 255 186 119
15 2 6 255 186 119
15 2 7 255 186 119
15 2 8 255 186 119
15 2 9 255 186 119
15 2 10 255 186 119
15 2 11 255 186 119
15 2 12 255 186 119
15 2 13 255 186 119
15 2 14 255 186 119
15 2 15 255 186 119
15 2 16 255 186 119
15 2 17 255 186 119
15 2 18 255 186 119
15 2 19 255 186 119
15 2 20 255 186 119
15 2 21 255 186 119
15 2 22 255 186 119
15 2 23 255 186 119
15 2 24 255 186 119
15 2 25 255 186 119
15 2 26 255 186 119
15 2 27 255 186 119
15 2 28 255 186 119
15 2 29 255 186 119
15 2 30 255 186 119
15 3 3 255 186 119
15 3 4 255 186 119
15 3 5 255 186 119
15 3 6 255 186 119
15 3 7 255 186 119
15 3 8 255 186 119
15 3 9 255 186 119
15 3 10 255 186 119
15 3 11 255 186 119
15 3 12 255 186 119
15 3 13 255 186 119
15 3 14 255 186 119
15 3 15 255 186 119
15 3 16 255 186 119
15 3 17 255 186 119
15 3 18 255 186 119
15 3 19 255 186 119
15 3 20 255 186 119
15 3 21 255 186 119
15 3 22 255 186 119
15 3 23 255 186 119
15 3 24 255 186 119
15 3 25 255 186 119
15 3 26 255 186 119
15 3 27 255 186 119
15 3 28 255 186 119
15 3 29 255 186 119
15 3 30 255 186 119
15 4 3 255 186 119
15 4 4 255 186 119
15 4 5 255 186 119
15 4 6 255 186 119
15 4 7 255 186 119
15 4 8 255 186 119
15 4 9 255 186 119
15 4 10 255 186 119
15 4 11 255 186 119
15 4 12 255 186 119
15 4 13 255 186 119
15 4 14 255 186 119
15 4 15 255 186 119
15 4 16 255 186 119
15 4 17 255 186 119
15 4 18 255 186 119
15 4 19 255 186 119
15 4 20 255 186 119
15 4 21 255 186 119
15 4 22 255 186 119
15 4 23 255 186 119
15 4 24 255 186 119
15 4 25 255 186 119
15 4 26 255 186 119
15 4 27 255 186 119
15 4 28 255 186 119
15 4 29 255 186 119
15 4 30 255 186 119
15 5 3 255 186 119
15 5 4 255 186 119
15 5 5 255 186 119
15 5 6 255 186 119
15 5 7 255 186 119
15 5 8 255 186 119
15 5 9 255 186 119
15 5 10 255 186 119
15 5 11 255 186 119
15 5 12 255 186 119
15 5 13 255 186 119
15 5 14 255 186 119
15 5 15 255 186 119
15 5 16 255 186 119
15 5 17 255 186 119
15 5 18 255 186 119
15 5 19 255 186 119
15 5 20 255 186 119
15 5 21 255 186 119
15 5 22 255 186 119
15 5 23 255 186 119
15 5 24 255 186 119
15 5 25 255 186 119
15 5 26 255 186 119
15 5 27 255 186 119
15 5 28 255 186 119
15 5 29 255 186 119
15 5 30 255 186 119
15 6 3 255 186 119
15 6 4 255 186 119
15 6 5 255 186 119
15 6 6 255 186 119
15 6 7 255 186 119
15 6 8 255 186 119
15 6 9 255 186 119
15 6 10 255 186 119
15 6 11 255 186 119
15 6 12 255 186 119
15 6 13 255 186 119
15 6 14 255 186 119
15 6 15 255 186 119
15 6 16 255 186 119
15 6 17 255 186 119
15 6 18 255 186 119
15 6 19 255 186 119
15 6 20 255 186 119
15 6 21 255 186 119
15 6 22 255 186 119
15 6 23 255 186 119
15 6 24 255 186 119
15 6 25 255 186 119
15 6 26 255 186 119
15 6 27 255 186 119
15 6 28 255 186 119
15 6 29 255 186 119
15 6 30 255 186 119
15 7 3 255 186 119
15 7 4 255 186 119
15 7 5 255 186 119
15 7 6 255 186 119
15 7 7 255 186 119
15 7 8 255 186 119
15 7 9 255 186 119
15 7 10 255 186 119
15 7 11 255 186 119
15 7 12 255 186 119
15 7 13 255 186 119
15 7 14 255 186 119
15 7 15 255 186 119
15 7 16 255 186 119
15 7 17 255 186 119
15 7 18 255 186 119
15 7 19 255 186 119
15 7 20 255 186 119
15 7 21 255 186 119
15 7 22 255 186 119
15 7 23 255 186 119
15 7 24 255 186 119
15 7 25 255 186 119
15 7 26 255 186 119
15 7 27 255 186 119
15 7 28 255 186 119
15 7 29 255 186 119
15 7 30 255 186 119
15 8 29 255 186 119
15 8 30 255 186 119
15 9 29 255 186 119
15 9 30 255 186 119
15 10 29 255 186 119
15 10 30 255 186 119
15 11 29 255 186 119
15 11 30 255 186 119
15 12 29 255 186 119
15 12 30 255 186 119
15 13 29 255 186 119
15 13 30 158 216 229
15 14 30 158 216 229
15 15 30 158 216 229
15 16 30 158 216 229
15 17 30 158 216 229
15 18 30 158 216 229
15 19 30 158 216 229
15 20 30 158 216 229
15 21 30 158 216 229
15 22 30 158 216 229
15 23 30 158 216 229
15 24 30 158 216 229
15 25 30 158 216 229
15 26 30 158 216 229
15 27 28 196 175 214
15 27 29 196 175 214
15 27 30 158 216 229
15 28 28 196 175 214
15 28 29 196 175 214
15 28 30 158 216 229
15 29 28 196 175 214
15 29 29 196 175 214
15 29 30 158 216 229
15 30 28 196 175 214
15 30 29 196 175 214
15 30 30 158 216 229
15 31 28 196 175 214
15 31 29 196 175 214
15 31 30 158 216 229
15 32 0 214 38 40
15 32 1 214 38 40
15 32 2 214 38 40
15 32 3 214 38 40
15 32 4 214 38 40
15 32 5 214 38 40
15 32 6 214 38 40
15 32 7 214 38 40
15 32 8 214 38 40
15 32 9 214 38 40
15 32 10 214 38 40
15 32 11 214 38 40
15 32 12 214 38 40
15 32 13 214 38 40
15 32 14 214 38 40
15 32 15 214 38 40
15 32 16 214 38 40
15 32 17 214 38 40
15 32 18 214 38 40
15 32 19 214 38 40
15 32 20 214 38 40
15 32 21 214 38 40
15 32 22 214 38 40
15 32 23 214 38 40
15 32 24 214 38 40
15 32 25 214 38 40
15 32 26 214 38 40
15 32 27 214 38 40
15 32 28 214 38 40
15 32 29 214 38 40
15 32 30 158 216 229
16 0 0 43 160 4
16 0 1 43 160 4
16 0 2 43 160 4
16 0 3 43 160 4
16 0 4 255 186 119
16 0 5 255 186 119
16 0 6 255 186 119
16 0 7 255 186 119
16 0 8 255 186 119
16 0 9 255 186 119
16 0 10 255 186 119
16 0 11 255 186 119
16 0 12 255 186 119
16 0 13 255 186 119
16 0 14 255 186 119
16 0 15 255 186 119
16 0 16 255 186 119
16 0 17 255 186 119
16 0 18 255 186 119
16 0 19 255 186 119
16 0 20 255 186 119
16 0 21 255 186 119
16 0 22 255 186 119
16 0 23 255 186 119
16 0 24 255 186 119
16 0 25 255 186 119
16 0 26 255 186 119
16 0 27 255 186 119
16 0 28 255 186 119
16 0 29 255 186 119
16 0 30 255 186 119
16 1 3 255 186 119
16 1 4 255 186 119
16 1 5 255 186 119
16 1 6 255 186 119
16 1 7 255 186 119
16 1 8 255 186 119
16 1 9 255 186 119
16 1 10 255 186 119
16 1 11 255 186 119
16 1 12 255 186 119
16 1 13 255 186 119
16 1 14 255 186 119
16 1 15 255 186 119
16 1 16 255 186 119
16 1 17 255 186 119
16 1 18 255 186 119
16 1 19 255 186 119
16 1 20 255 186 119
16 1 21 255 186 119
16 1 22 255 186 119
16 1 23 255 186 119
16 1 24 255 186 119
16 1 25 255 186 119
16 1 26 255 186 119
16 1 27 255 186 119
16 1 28 255 186 119
16 1 29 255 186 119
16 1 30 255 186 119
16 2 3 255 186 119
16 2 4 255 186 119
16 2 5 255 186 119
16 2 6 255 186 119
16 2 7 255 186 119
16 2 8 255 186 119
16 2 9 255 186 119
16 2 10 255 186 119
16 2 11 255 186 119
16 2 12 255 186 119
16 2 13 255 186 119
16 2 14 255 186 119
16 2 15 255 186 119
16 2 16 255 186 119
16 2 17 255 186 119
16 2 18 255 186 119
16 2 19 255 186 119
16 2 20 255 186 119
16 2 21 255 186 119
16 2 22 255 186 119
16 2 23 255 186 119
16 2 24 255 186 119
16 2 25 255 186 119
16 2 26 255 186 119
16 2 27 255 186 119
16 2 28 255 186 119
16 2 29 255 186 119
16 2 30 255 186 119
16 3 3 255 186 119
16 3 4 255 186 119
16 3 5 255 186 119
16 3 6 255 186 119
16 3 7 255 186 119
16 3 8 255 186 119
16 3 9 255 186 119
16 3 10 255 186 119
16 3 11 255 186 119
16 3 12 255 186 119
16 3 13 255 186 119
16 3 14 255 186 119
16 3 15 255 186 119
16 3 16 255 186 119
16 3 17 255 186 119
16 3 18 255 186 119
16 3 19 255 186 119
16 3 20 255 186 119
16 3 21 255 186 119
16 3 22 255 186 119
16 3 23 255 186 119
16 3 24 255 186 119
16 3 25 255 186 119
16 3 26 255 186 119
16 3 27 255 186 119
16 3 28 255 186 119
16 3 29 255 186 119
16 3 30 255 186 119
16 4 3 255 186 119
16 4 4 255 186 119
16 4 5 255 186 119
16 4 6 255 186 119
16 4 7 255 186 119
16 4 8 255 186 119
16 4 9 255 186 119
16 4 10 255 186 119
16 4 11 255 186 119
16 4 12 255 186 119
16 4 13 255 186 119
16 4 14 255 186 119
16 4 15 255 186 119
16 4 16 255 186 119
16 4 17 255 186 119
16 4 18 255 186 119
16 4 19 255 186 119
16 4 20 255 186 119
16 4 21 255 186 119
16 4 22 255 186 119
16 4 23 255 186 119
16 4 24 255 186 119
16 4 25 255 186 119
16 4 26 255 186 119
16 4 27 255 186 119
16 4 28 255 186 119
16 4 29 255 186 119
16 4 30 255 186 119
16 5 3 255 186 119
16 5 4 255 186 119
16 5 5 255 186 119
16 5 6 255 186 119
16 5 7 255 186 119
16 5 8 255 186 119
16 5 9 255 186 119
16 5 10 255 186 119
16 5 11 255 186 119
16 5 12 255 186 119
16 5 13 255 186 119
16 5 14 255 186 119
16 5 15 255 186 119
16 5 16 255 186 119
16 5 17 255 186 119
16 5 18 255 186 119
16 5 19 255 186 119
16 5 20 255 186 119
16 5 21 255 186 119
16 5 22 255 186 119
16 5 23 255 186 119
16 5 24 255 186 119
16 5 25 255 186 119
16 5 26 255 186 119
16 5 27 255 186 119
16 5 28 255 186 119
16 5 29 255 186 119
16 5 30 255 186 119
16 6 3 255 186 119
16 6 4 255 186 119
16 6 5 255 186 119
16 6 6 255 186 119
16 6 7 255 186 119
16 6 8 255 186 119
16 6 9 255 186 119
16 6 10 255 186 119
16 6 11 255 186 119
16 6 12 255 186 119
16 6 13 255 186 119
16 6 14 255 186 119
16 6 15 255 186 119
16 6 16 255 186 119
16 6 17 255 186 119
16 6 18 255 186 119
16 6 19 255 186 119
16 6 20 255 186 119
16 6 21 255 186 119
16 6 22 255 186 119
16 6 23 255 186 119
16 6 24 255 186 119
16 6 25 255 186 119
16 6 26 255 186 119
16 6 27 255 186 119
16 6 28 255 186 119
16 6 29 255 186 119
16 6 30 255 186 119
16 7 3 255 186 119
16 7 4 255 186 119
16 7 5 255 186 119
16 7 6 255 186 119
16 7 7 255 186 119
16 7 8 255 186 119
16 7 9 255 186 119
16 7 10 255 186 119
16 7 11 255 186 119
16 7 12 255 186 119
16 7 13 255 186 119
16 7 14 255 186 119
16 7 15 255 186 119
16 7 16 255 186 119
16 7 17 255 186 119
16 7 18 255 186 119
16 7 19 255 186 119
16 7 20 255 186 119
16 7 21 255 186 119
16 7 22 255 186 119
16 7 23 255 186 119
16 7 24 255 186 119
16 7 25 255 186 119
16 7 26 255 186 119
16 7 27 255 186 119
16 7 28 255 186 119
16 7 29 255 186 119
16 7 30 255 186 119
16 8 23 196 175 214
16 8 24 196 175 214
16 8 25 196 175 214
16 8 26 196 175 214
16 8 27 196 175 214
16 8 28 196 175 214
16 8 29 255 186 119
16 8 30 255 186 119
16 9 23 196 175 214
16 9 24 196 175 214
16 9 25 196 175 214
16 9 26 196 175 214
16 9 27 196 175 214
16 9 28 196 175 214
16 9 29 255 186 119
16 9 30 255 186 119
16 10 29 255 186 119
16 10 30 255 186 119
16 11 29 255 186 119
16 11 30 255 186 119
16 12 29 255 186 119
16 12 30 255 186 119
16 13 29 255 186 119
16 13 30 158 216 229
16 14 30 158 216 229
16 15 30 158 216 229
16 16 30 158 216 229
16 17 30 158 216 229
16 18 30 158 216 229
16 19 30 158 216 229
16 20 30 158 216 229
16 21 30 158 216 229
16 22 30 158 216 229
16 23 30 158 216 229
16 24 30 158 216 229
16 25 30 158 216 229
16 26 30 158 216 229
16 27 28 196 175 214
16 27 29 196 175 214
16 27 30 158 216 229
16 28 28 196 175 214
16 28 29 196 175 214
16 28 30 158 216 229
16 29 28 196 175 214
16 29 29 196 175 214
16 29 30 158 216 229
16 30 28 196 175 214
16 30 29 196 175 214
16 30 30 158 216 229
16 31 28 196 175 214
16 31 29 196 175 214
16 31 30 158 216 229
16 32 0 214 38 40
16 32 1 214 38 40
16 32 2 214 38 40
16 32 3 214 38 40
16 32 4 214 38 40
16 32 5 214 38 40
16 32 6 214 38 40
16 32 7 214 38 40
16 32 8 214 38 40
16 32 9 214 38 40
16 32 10 214 38 40
16 32 11 214 38 40
16 32 12 214 38 40
16 32 13 214 38 40
16 32 14 214 38 40
16 32 15 214 38 40
16 32 16 214 38 40
16 32 17 214 38 40
16 32 18 214 38 40
16 32 19 214 38 40
16 32 20 214 38 40
16 32 21 214 38 40
16 32 22 214 38 40
16 32 23 214 38 40
16 32 24 214 38 40
16 32 25 214 38 40
16 32 26 214 38 40
16 32 27 214 38 40
16 32 28 214 38 40
16 32 29 214 38 40
16 32 30 158 216 229
17 0 0 43 160 4
17 0 1 43 160 4
17 0 2 43 160 4
17 0 3 43 160 4
17 0 4 255 186 119
17 0 5 255 186 119
17 0 6 255 186 119
17 0 7 255 186 119
17 0 8 255 186 119
17 0 9 255 186 119
17 0 10 255 186 119
17 0 11 255 186 119
17 0 12 255 186 119
17 0 13 255 186 119
17 0 14 255 186 119
17 0 15 255 186 119
17 0 16 255 186 119
17 0 17 255 186 119
17 0 18 255 186 119
17 0 19 255 186 119
17 0 20 255 186 119
17 0 21 255 186 119
17 0 22 255 186 119
17 0 23 255 186 119
17 0 24 255 186 119
17 0 25 255 186 119
17 0 26 255 186 119
17 0 27 255 186 119
17 0 28 255 186 119
17 0 29 255 186 119
17 0 30 255 186 119
17 1 3 255 186 119
17 1 4 255 186 119
17 1 5 255 186 119
17 1 6 255 186 119
17 1 7 255 186 119
17 1 8 255 186 119
17 1 9 255 186 119
17 1 10 255 186 119
17 1 11 255 186 119
17 1 12 255 186 119
17 1 13 255 186 119
17 1 14 255 186 119
17 1 15 255 186 119
17 1 16 255 186 119
17 1 17 255 186 119
17 1 18 255 186 119
17 1 19 255 186 119
17 1 20 255 186 119
17 1 21 255 186 119
17 1 22 255 186 119
17 1 23 255 186 119
17 1 24 255 186 119
17 1 25 255 186 119
17 1 26 255 186 119
17 1 27 255 186 119
17 1 28 255 186 119
17 1 29 255 186 119
17 1 30 255 186 119
17 2 3 255 186 119
17 2 4 255 186 119
17 2 5 255 186 119
17 2 6 255 186 119
17 2 7 255 186 119
17 2 8 255 186 119
17 2 9 255 186 119
17 2 10 255 186 119
17 2 11 255 186 119
17 2 12 255 186 119
17 2 13 255 186 119
17 2 14 255 186 119
17 2 15 255 186 119
17 2 16 255 186 119
17 2 17 255 186 119
17 2 18 255 186 119
17 2 19 255 186 119
17 2 20 255 186 119
17 2 21 255 186 119
17 2 22 255 186 119
17 2 23 255 186 119
17 2 24 255 186 119
17 2 25 255 186 119
17 2 26 255 186 119
17 2 27 255 186 119
17 2 28 255 186 119
17 2 29 255 186 119
17 2 30 255 186 119
17 3 3 255 186 119
17 3 4 255 186 119
17 3 5 255 186 119
17 3 6 255 186 119
17 3 7 255 186 119
17 3 8 255 186 119
17 3 9 255 186 119
17 3 10 255 186 119
17 3 11 255 186 119
17 3 12 255 186 119
17 3 13 255 186 119
17 3 14 255 186 119
17 3 15 255 186 119
17 3 16 255 186 119
17 3 17 255 186 119
17 3 18 255 186 119
17 3 19 255 186 119
17 3 20 255 186 119
17 3 21 255 186 119
17 3 22 255 186 119
17 3 23 255 186 119
17 3 24 255 186 119
17 3 25 255 186 119
17 3 26 255 186 119
17 3 27 255 186 119
17 3 28 255 186 119
17 3 29 255 186 119
17 3 30 255 186 119
17 4 3 255 186 119
17 4 4 255 186 119
17 4 5 255 186 119
17 4 6 255 186 119
17 4 7 255 186 119
17 4 8 255 186 119
17 4 9 255 186 119
17 4 10 255 186 119
17 4 11 255 186 119
17 4 12 255 186 119
17 4 13 255 186 119
17 4 14 255 186 119
17 4 15 255 186 119
17 4 16 255 186 119
17 4 17 255 186 119
17 4 18 255 186 119
17 4 19 255 186 119
17 4 20 255 186 119
17 4 21 255 186 119
17 4 22 255 186 119
17 4 23 255 186 119
17 4 24 255 186 119
17 4 25 255 186 119
17 4 26 255 186 119
17 4 27 255 186 119
17 4 28 255 186 119
17 4 29 255 186 119
17 4 30 255 186 119
17 5 3 255 186 119
17 5 4 255 186 119
17 5 5 255 186 119
17 5 6 255 186 119
17 5 7 255 186 119
17 5 8 255 186 119
17 5 9 255 186 119
17 5 10 255 186 119
17 5 11 255 186 119
17 5 12 255 186 119
17 5 13 255 186 119
17 5 14 255 186 119
17 5 15 255 186 119
17 5 16 255 186 119
17 5 17 255 186 119
17 5 18 255 186 119
17 5 19 255 186 119
17 5 20 255 186 119
17 5 21 255 186 119
17 5 22 255 186 119
17 5 23 255 186 119
17 5 24 255 186 119
17 5 25 255 186 119
17 5 26 255 186 119
17 5 27 255 186 119
17 5 28 255 186 119
17 5 29 255 186 119
17 5 30 255 186 119
17 6 3 255 186 119
17 6 4 255 186 119
17 6 5 255 186 119
17 6 6 255 186 119
17 6 7 255 186 119
17 6 8 255 186 119
17 6 9 255 186 119
17 6 10 255 186 119
17 6 11 255 186 119
17 6 12 255 186 119
17 6 13 255 186 119
17 6 14 255 186 119
17 6 15 255 186 119
17 6 16 255 186 119
17 6 17 255 186 119
17 6 18 255 186 119
17 6 19 255 186 119
17 6 20 255 186 119
17 6 21 255 186 119
17 6 22 255 186 119
17 6 23 255 186 119
17 6 24 255 186 119
17 6 25 255 186 119
17 6 26 255 186 119
17 6 27 255 186 119
17 6 28 255 186 119
17 6 29 255 186 119
17 6 30 255 186 119
17 7 3 255 186 119
17 7 4 255 186 119
17 7 5 255 186 119
17 7 6 255 186 119
17 7 7 255 186 119
17 7 8 255 186 119
17 7 9 255 186 119
17 7 10 255 186 119
17 7 11 255 186 119
17 7 12 255 186 119
17 7 13 255 186 119
17 7 14 255 186 119
17 7 15 255 186 119
17 7 16 255 186 119
17 7 17 255 186 119
17 7 18 255 186 119
17 7 19 255 186 119
17 7 20 255 186 119
17 7 21 255 186 119
17 7 22 255 186 119
17 7 23 255 186 119
17 7 24 255 186 119
17 7 25 255 186 119
17 7 26 255 186 119
17 7 27 255 186 119
17 7 28 255 186 119
17 7 29 255 186 119
17 7 30 255 186 119
17 8 23 196 175 214
17 8 24 196 175 214
17 8 25 196 175 214
17 8 26 196 175 214
17 8 27 196 175 214
17 8 28 196 175 214
17 8 29 255 186 119
17 8 30 255 186 119
17 9 23 196 175 214
17 9 24 196 175 214
17 9 25 196 175 214
17 9 26 196 175 214
17 9 27 196 175 214
17 9 28 196 175 214
17 9 29 255 186 119
17 9 30 255 186 119
17 10 29 255 186 119
17 10 30 255 186 119
17 11 29 255 186 119
17 11 30 255 186 119
17 12 29 255 186 119
17 12 30 255 186 119
17 13 29 255 186 119
17 13 30 158 216 229
17 14 30 158 216 229
17 15 30 158 216 229
17 16 30 158 216 229
17 17 30 158 216 229
17 18 30 158 216 229
17 19 30 158 216 229
17 20 30 158 216 229
17 21 30 158 216 229
17 22 30 158 216 229
17 23 30 158 216 229
17 24 30 158 216 229
17 25 30 158 216 229
17 26 30 158 216 229
17 27 28 196 175 214
17 27 29 196 175 214
17 27 30 158 216 229
17 28 28 196 175 214
17 28 29 196 175 214
17 28 30 158 216 229
17 29 28 196 175 214
17 29 29 196 175 214
17 29 30 158 216 229
17 30 28 196 175 214
17 30 29 196 175 214
17 30 30 158 216 229
17 31 28 196 175 214
17 31 29 196 175 214
17 31 30 158 216 229
17 32 0 214 38 40
17 32 1 214 38 40
17 32 2 214 38 40
17 32 3 214 38 40
17 32 4 214 38 40
17 32 5 214 38 40
17 32 6 214 38 40
17 32 7 214 38 40
17 32 8 214 38 40
17 32 9 214 38 40
17 32 10 214 38 40
17 32 11 214 38 40
17 32 12 214 38 40
17 32 13 214 38 40
17 32 14 214 38 40
17 32 15 214 38 40
17 32 16 214 38 40
17 32 17 214 38 40
17 32 18 214 38 40
17 32 19 214 38 40
17 32 20 214 38 40
17 32 21 214 38 40
17 32 22 214 38 40
17 32 23 214 38 40
17 32 24 214 38 40
17 32 25 214 38 40
17 32 26 214 38 40
17 32 27 214 38 40
17 32 28 214 38 40
17 32 29 214 38 40
17 32 30 158 216 229
18 0 0 43 160 4
18 0 1 43 160 4
18 0 2 43 160 4
18 0 3 43 160 4
18 0 4 255 186 119
18 0 5 255 186 119
18 0 6 255 186 119
18 0 7 255 186 119
18 0 8 255 186 119
18 0 9 255 186 119
18 0 10 255 186 119
18 0 11 255 186 119
18 0 12 255 186 119
18 0 13 255 186 119
18 0 14 255 186 119
18 0 15 255 186 119
18 0 16 255 186 119
18 0 17 255 186 119
18 0 18 255 186 119
18 0 19 255 186 119
18 0 20 255 186 119
18 0 21 255 186 119
18 0 22 255 186 119
18 0 23 255 186 119
18 0 24 255 186 119
18 0 25 255 186 119
18 0 26 255 186 119
18 0 27 255 186 119
18 0 28 255 186 119
18 0 29 255 186 119
18 0 30 255 186 119
18 1 3 255 186 119
18 1 4 255 186 119
18 1 5 255 186 119
18 1 6 255 186 119
18 1 7 255 186 119
18 1 8 255 186 119
18 1 9 255 186 119
18 1 10 255 186 119
18 1 11 255 186 119
18 1 12 255 186 119
18 1 13 255 186 119
18 1 14 255 186 119
18 1 15 255 186 119
18 1 16 255 186 119
18 1 17 255 186 119
18 1 18 255 186 119
18 1 19 255 186 119
18 1 20 255 186 119
18 1 21 255 186 119
18 1 22 255 186 119
18 1 23 255 186 119
18 1 24 255 186 119
18 1 25 255 186 119
18 1 26 255 186 119
18 1 27 255 186 119
18 1 28 255 186 119
18 1 29 255 186 119
18 1 30 255 186 119
18 2 3 255 186 119
18 2 4 255 186 119
18 2 5 255 186 119
18 2 6 255 186 119
18 2 7 255 186 119
18 2 8 255 186 119
18 2 9 255 186 119
18 2 10 255 186 119
18 2 11 255 186 119
18 2 12 255 186 119
18 2 13 255 186 119
18 2 14 255 186 119
18 2 15 255 186 119
18 2 16 255 186 119
18 2 17 255 186 119
18 2 18 255 186 119
18 2 19 255 186 119
18 2 20 255 186 119
18 2 21 255 186 119
18 2 22 255 186 119
18 2 23 255 186 119
18 2 24 255 186 119
18 2 25 255 186 119
18 2 26 255 186 119
18 2 27 255 186 119
18 2 28 255 186 119
18 2 29 255 186 119
18 2 30 255 186 119
18 3 3 255 186 119
18 3 4 255 186 119
18 3 5 255 186 119
18 3 6 255 186 119
18 3 7 255 186 119
18 3 8 255 186 119
18 3 9 255 186 119
18 3 10 255 186 119
18 3 11 255 186 119
18 3 12 255 186 119
18 3 13 255 186 119
18 3 14 255 186 119
18 3 15 255 186 119
18 3 16 255 186 119
18 3 17 255 186 119
18 3 18 255 186 119
18 3 19 255 186 119
18 3 20 255 186 119
18 3 21 255 186 119
18 3 22 255 186 119
18 3 23 255 186 119
18 3 24 255 186 119
18 3 25 255 186 119
18 3 26 255 186 119
18 3 27 255 186 119
18 3 28 255 186 119
18 3 29 255 186 119
18 3 30 255 186 119
18 4 3 255 186 119
18 4 4 255 186 119
18 4 5 255 186 119
18 4 6 255 186 119
18 4 7 255 186 119
18 4 8 255 186 119
18 4 9 255 186 119
18 4 10 255 186 119
18 4 11 255 186 119
18 4 12 255 186 119
18 4 13 255 186 119
18 4 14 255 186 119
18 4 15 255 186 119
18 4 16 255 186 119
18 4 17 255 186 119
18 4 18 255 186 119
18 4 19 255 186 119
18 4 20 255 186 119
18 4 21 255 186 119
18 4 22 255 186 119
18 4 23 255 186 119
18 4 24 255 186 119
18 4 25 255 186 119
18 4 26 255 186 119
18 4 27 255 186 119
18 4 28 255 186 119
18 4 29 255 186 119
18 4 30 255 186 119
18 5 3 255 186 119
18 5 4 255 186 119
18 5 5 255 186 119
18 5 6 255 186 119
18 5 7 255 186 119
18 5 8 255 186 119
18 5 9 255 186 119
18 5 10 255 186 119
18 5 11 255 186 119
18 5 12 255 186 119
18 5 13 255 186 119
18 5 14 255 186 119
18 5 15 255 186 119
18 5 16 255 186 119
18 5 17 255 186 119
18 5 18 255 186 119
18 5 19 255 186 119
18 5 20 255 186 119
18 5 21 255 186 119
18 5 22 255 186 119
18 5 23 255 186 119
18 5 24 255 186 119
18 5 25 255 186 119
18 5 26 255 186 119
18 5 27 255 186 119
18 5 28 255 186 119
18 5 29 255 186 119
18 5 30 255 186 119
18 6 3 255 186 119
18 6 4 255 186 119
18 6 5 255 186 119
18 6 6 255 186 119
18 6 7 255 186 119
18 6 8 255 186 119
18 6 9 255 186 119
18 6 10 255 186 119
18 6 11 255 186 119
18 6 12 255 186 119
18 6 13 255 186 119
18 6 14 255 186 119
18 6 15 255 186 119
18 6 16 255 186 119
18 6 17 255 186 119
18 6 18 255 186 119
18 6 19 255 186 119
18 6 20 255 186 119
18 6 21 255 186 119
18 6 22 255 186 119
18 6 23 255 186 119
18 6 24 255 186 119
18 6 25 255 186 119
18 6 26 255 186 119
18 6 27 255 186 119
18 6 28 255 186 119
18 6 29 255 186 119
18 6 30 255 186 119
18 7 3 255 186 119
18 7 4 255 186 119
18 7 5 255 186 119
18 7 6 255 186 119
18 7 7 255 186 119
18 7 8 255 186 119
18 7 9 255 186 119
18 7 10 255 186 119
18 7 11 255 186 119
18 7 12 255 186 119
18 7 13 255 186 119
18 7 14 255 186 119
18 7 15 255 186 119
18 7 16 255 186 119
18 7 17 255 186 119
18 7 18 255 186 119
18 7 19 255 186 119
18 7 20 255 186 119
18 7 21 255 186 119
18 7 22 255 186 119
18 7 23 255 186 119
18 7 24 255 186 119
18 7 25 255 186 119
18 7 26 255 186 119
18 7 27 255 186 119
18 7 28 255 186 119
18 7 29 255 186 119
18 7 30 255 186 119
18 8 23 196 175 214
18 8 24 196 175 214
18 8 25 196 175 214
18 8 26 196 175 214
18 8 27 196 175 214
18 8 28 196 175 214
18 8 29 255 186 119
18 8 30 255 186 119
18 9 23 196 175 214
18 9 24 196 175 214
18 9 25 196 175 214
18 9 26 196 175 214
18 9 27 196 175 214
18 9 28 196 175 214
18 9 29 255 186 119
18 9 30 255 186 119
18 10 29 255 186 119
18 10 30 255 186 119
18 11 29 255 186 119
18 11 30 255 186 119
18 12 29 255 186 119
18 12 30 255 186 119
18 13 29 255 186 119
18 13 30 158 216 229
18 14 30 158 216 229
18 15 30 158 216 229
18 16 30 158 216 229
18 17 30 158 216 229
18 18 30 158 216 229
18 19 30 158 216 229
18 20 30 158 216 229
18 21 30 158 216 229
18 22 30 158 216 229
18 23 30 158 216 229
18 24 30 158 216 229
18 25 30 158 216 229
18 26 30 158 216 229
18 27 28 196 175 214
18 27 29 196 175 214
18 27 30 158 216 229
18 28 28 196 175 214
18 28 29 196 175 214
18 28 30 158 216 229
18 29 28 196 175 214
18 29 29 196 175 214
18 29 30 158 216 229
18 30 28 196 175 214
18 30 29 196 175 214
18 30 30 158 216 229
18 31 28 196 175 214
18 31 29 196 175 214
18 31 30 158 216 229
18 32 0 214 38 40
18 32 1 214 38 40
18 32 2 214 38 40
18 32 3 214 38 40
18 32 4 214 38 40
18 32 5 214 38 40
18 32 6 214 38 40
18 32 7 214 38 40
18 32 8 214 38 40
18 32 9 214 38 40
18 32 10 214 38 40
18 32 11 214 38 40
18 32 12 214 38 40
18 32 13 214 38 40
18 32 14 214 38 40
18 32 15 214 38 40
18 32 16 214 38 40
18 32 17 214 38 40
18 32 18 214 38 40
18 32 19 214 38 40
18 32 20 214 38 40
18 32 21 214 38 40
18 32 22 214 38 40
18 32 23 214 38 40
18 32 24 214 38 40
18 32 25 214 38 40
18 32 26 214 38 40
18 32 27 214 38 40
18 32 28 214 38 40
18 32 29 214 38 40
18 32 30 158 216 229
19 0 0 43 160 4
19 0 1 43 160 4
19 0 2 43 160 4
19 0 3 43 160 4
19 0 4 255 186 119
19 0 5 255 186 119
19 0 6 255 186 119
19 0 7 255 186 119
19 0 8 255 186 119
19 0 9 255 186 119
19 0 10 255 186 119
19 0 11 255 186 119
19 0 12 255 186 119
19 0 13 255 186 119
19 0 14 255 186 119
19 0 15 255 186 119
19 0 16 255 186 119
19 0 17 255 186 119
19 0 18 255 186 119
19 0 19 255 186 119
19 0 20 255 186 119
19 0 21 255 186 119
19 0 22 255 186 119
19 0 23 255 186 119
19 0 24 255 186 119
19 0 25 255 186 119
19 0 26 255 186 119
19 0 27 255 186 119
19 0 28 255 186 119
19 0 29 255 186 119
19 0 30 255 186 119
19 1 3 255 186 119
19 1 4 255 186 119
19 1 5 255 186 119
19 1 6 255 186 119
19 1 7 255 186 119
19 1 8 255 186 119
19 1 9 255 186 119
19 1 10 255 186 119
19 1 11 255 186 119
19 1 12 255 186 119
19 1 13 255 186 119
19 1 14 255 186 119
19 1 15 255 186 119
19 1 16 255 186 119
19 1 17 255 186 119
19 1 18 255 186 119
19 1 19 255 186 119
19 1 20 255 186 119
19 1 21 255 186 119
19 1 22 255 186 119
19 1 23 255 186 119
19 1 24 255 186 119
19 1 25 255 186 119
19 1 26 255 186 119
19 1 27 255 186 119
19 1 28 255 186 119
19 1 29 255 186 119
19 1 30 255 186 119
19 2 3 255 186 119
19 2 4 255 186 119
19 2 5 255 186 119
19 2 6 255 186 119
19 2 7 255 186 119
19 2 8 255 186 119
19 2 9 255 186 119
19 2 10 255 186 119
19 2 11 255 186 119
19 2 12 255 186 119
19 2 13 255 186 119
19 2 14 255 186 119
19 2 15 255 186 119
19 2 16 255 186 119
19 2 17 255 186 119
19 2 18 255 186 119
19 2 19 255 186 119
19 2 20 255 186 119
19 2 21 255 186 119
19 2 22 255 186 119
19 2 23 255 186 119
19 2 24 255 186 119
19 2 25 255 186 119
19 2 26 255 186 119
19 2 27 255 186 119
19 2 28 255 186 119
19 2 29 255 186 119
19 2 30 255 186 119
19 3 3 255 186 119
19 3 4 255 186 119
19 3 5 255 186 119
19 3 6 255 186 119
19 3 7 255 186 119
19 3 8 255 186 119
19 3 9 255 186 119
19 3 10 255 186 119
19 3 11 255 186 119
19 3 12 255 186 119
19 3 13 255 186 119
19 3 14 255 186 119
19 3 15 255 186 119
19 3 16 255 186 119
19 3 17 255 186 119
19 3 18 255 186 119
19 3 19 255 186 119
19 3 20 255 186 119
19 3 21 255 186 119
19 3 22 255 186 119
19 3 23 255 186 119
19 3 24 255 186 119
19 3 25 255 186 119
19 3 26 255 186 119
19 3 27 255 186 119
19 3 28 255 186 119
19 3 29 255 186 119
19 3 30 255 186 119
19 4 3 255 186 119
19 4 4 255 186 119
19 4 5 255 186 119
19 4 6 255 186 119
19 4 7 255 186 119
19 4 8 255 186 119
19 4 9 255 186 119
19 4 10 255 186 119
19 4 11 255 186 119
19 4 12 255 186 119
19 4 13 255 186 119
19 4 14 255 186 119
19 4 15 255 186 119
19 4 16 255 186 119
19 4 17 255 186 119
19 4 18 255 186 119
19 4 19 255 186 119
19 4 20 255 186 119
19 4 21 255 186 119
19 4 22 255 186 119
19 4 23 255 186 119
19 4 24 255 186 119
19 4 25 255 186 119
19 4 26 255 186 119
19 4 27 255 186 119
19 4 28 255 186 119
19 4 29 255 186 119
19 4 30 255 186 119
19 5 3 255 186 119
19 5 4 255 186 119
19 5 5 255 186 119
19 5 6 255 186 119
19 5 7 255 186 119
19 5 8 255 186 119
19 5 9 255 186 119
19 5 10 255 186 119
19 5 11 255 186 119
19 5 12 255 186 119
19 5 13 255 186 119
19 5 14 255 186 119
19 5 15 255 186 119
19 5 16 255 186 119
19 5 17 255 186 119
19 5 18 255 186 119
19 5 19 255 186 119
19 5 20 255 186 119
19 5 21 255 186 119
19 5 22 255 186 119
19 5 23 255 186 119
19 5 24 255 186 119
19 5 25 255 186 119
19 5 26 255 186 119
19 5 27 255 186 119
19 5 28 255 186 119
19 5 29 255 186 119
19 5 30 255 186 119
19 6 3 255 186 119
19 6 4 255 186 119
19 6 5 255 186 119
19 6 6 255 186 119
19 6 7 255 186 119
19 6 8 255 186 119
19 6 9 255 186 119
19 6 10 255 186 119
19 6 11 255 186 119
19 6 12 255 186 119
19 6 13 255 186 119
19 6 14 255 186 119
19 6 15 255 186 119
19 6 16 255 186 119
19 6 17 255 186 119
19 6 18 255 186 119
19 6 19 255 186 119
19 6 20 255 186 119
19 6 21 255 186 119
19 6 22 255 186 119
19 6 23 255 186 119
19 6 24 255 186 119
19 6 25 255 186 119
19 6 26 255 186 119
19 6 27 255 186 119
19 6 28 255 186 119
19 6 29 255 186 119
19 6 30 255 186 119
19 7 3 255 186 119
19 7 4 255 186 119
19 7 5 255 186 119
19 7 6 255 186 119
19 7 7 255 186 119
19 7 8 255 186 119
19 7 9 255 186 119
19 7 10 255 186 119
19 7 11 255 186 119
19 7 12 255 186 119
19 7 13 255 186 119
19 7 14 255 186 119
19 7 15 255 186 119
19 7 16 255 186 119
19 7 17 255 186 119
19 7 18 255 186 119
19 7 19 255 186 119
19 7 20 255 186 119
19 7 21 255 186 119
19 7 22 255 186 119
19 7 23 255 186 119
19 7 24 255 186 119
19 7 25 255 186 119
19 7 26 255 186 119
19 7 27 255 186 119
19 7 28 255 186 119
19 7 29 255 186 119
19 7 30 255 186 119
19 8 23 196 175 214
19 8 24 196 175 214
19 8 25 196 175 214
19 8 26 196 175 214
19 8 27 196 175 214
19 8 28 196 175 214
19 8 29 255 186 119
19 8 30 255 186 119
19 9 23 196 175 214
19 9 24 196 175 214
19 9 25 196 175 214
19 9 26 196 175 214
19 9 27 196 175 214
19 9 28 196 175 214
19 9 29 255 186 119
19 9 30 255 186 119
19 10 29 255 186 119
19 10 30 255 186 119
19 11 29 255 186 119
19 11 30 255 186 119
19 12 29 255 186 119
19 12 30 255 186 119
19 13 29 255 186 119
19 13 30 158 216 229
19 14 30 158 216 229
19 15 30 158 216 229
19 16 30 158 216 229
19 17 30 158 216 229
19 18 30 158 216 229
19 19 30 158 216 229
19 20 30 158 216 229
19 21 30 158 216 229
19 22 30 158 216 229
19 23 30 158 216 229
19 24 30 158 216 229
19 25 30 158 216 229
19 26 30 158 216 229
19 27 28 196 175 214
19 27 29 196 175 214
19 27 30 158 216 229
19 28 28 196 175 214
19 28 29 196 175 214
19 28 30 158 216 229
19 29 28 196 175 214
19 29 29 196 175 214
19 29 30 158 216 229
19 30 28 196 175 214
19 30 29 196 175 214
19 30 30 158 216 229
19 31 28 196 175 214
19 31 29 196 175 214
19 31 30 158 216 229
19 32 0 214 38 40
19 32 1 214 38 40
19 32 2 214 38 40
19 32 3 214 38 40
19 32 4 214 38 40
19 32 5 214 38 40
19 32 6 214 38 40
19 32 7 214 38 40
19 32 8 214 38 40
19 32 9 214 38 40
19 32 10 214 38 40
19 32 11 214 38 40
19 32 12 214 38 40
19 32 13 214 38 40
19 32 14 214 38 40
19 32 15 214 38 40
19 32 16 214 38 40
19 32 17 214 38 40
19 32 18 214 38 40
19 32 19 214 38 40
19 32 20 214 38 40
19 32 21 214 38 40
19 32 22 214 38 40
19 32 23 214 38 40
19 32 24 214 38 40
19 32 25 214 38 40
19 32 26 214 38 40
19 32 27 214 38 40
19 32 28 214 38 40
19 32 29 214 38 40
19 32 30 158 216 229
20 0 0 43 160 4
20 0 1 43 160 4
20 0 2 43 160 4
20 0 3 43 160 4
20 0 4 255 186 119
20 0 5 255 186 119
20 0 6 255 186 119
20 0 7 255 186 119
20 0 8 255 186 119
20 0 9 255 186 119
20 0 10 255 186 119
20 0 11 255 186 119
20 0 12 255 186 119
20 0 13 255 186 119
20 0 14 255 186 119
20 0 15 255 186 119
20 0 16 255 186 119
20 0 17 255 186 119
20 0 18 255 186 119
20 0 19 255 186 119
20 0 20 255 186 119
20 0 21 255 186 119
20 0 22 255 186 119
20 0 23 255 186 119
20 0 24 255 186 119
20 0 25 255 186 119
20 0 26 255 186 119
20 0 27 255 186 119
20 0 28 255 186 119
20 0 29 255 186 119
20 0 30 255 186 119
20 1 3 255 186 119
20 1 4 255 186 119
20 1 5 255 186 119
20 1 6 255 186 119
20 1 7 255 186 119
20 1 8 255 186 119
20 1 9 255 186 119
20 1 10 255 186 119
20 1 11 255 186 119
20 1 12 255 186 119
20 1 13 255 186 119
20 1 14 255 186 119
20 1 15 255 186 119
20 1 16 255 186 119
20 1 17 255 186 119
20 1 18 255 186 119
20 1 19 255 186 119
20 1 20 255 186 119
20 1 21 255 186 119
20 1 22 255 186 119
20 1 23 255 186 119
20 1 24 255 186 119
20 1 25 255 186 119
20 1 26 255 186 119
20 1 27 255 186 119
20 1 28 255 186 119
20 1 29 255 186 119
20 1 30 255 186 119
20 2 3 255 186 119
20 2 4 255 186 119
20 2 5 255 186 119
20 2 6 255 186 119
20 2 7 255 186 119
20 2 8 255 186 119
20 2 9 255 186 119
20 2 10 255 186 119
20 2 11 255 186 119
20 2 12 255 186 119
20 2 13 255 186 119
20 2 14 255 186 119
20 2 15 255 186 119
20 2 16 255 186 119
20 2 17 255 186 119
20 2 18 255 186 119
20 2 19 255 186 119
20 2 20 255 186 119
20 2 21 255 186 119
20 2 22 255 186 119
20 2 23 255 186 119
20 2 24 255 186 119
20 2 25 255 186 119
20 2 26 255 186 119
20 2 27 255 186 119
20 2 28 255 186 119
20 2 29 255 186 119
20 2 30 255 186 119
20 3 3 255 186 119
20 3 4 255 186 119
20 3 5 255 186 119
20 3 6 255 186 119
20 3 7 255 186 119
20 3 8 255 186 119
20 3 9 255 186 119
20 3 10 255 186 119
20 3 11 255 186 119
20 3 12 255 186 119
20 3 13 255 186 119
20 3 14 255 186 119
20 3 15 255 186 119
20 3 16 255 186 119
20 3 17 255 186 119
20 3 18 255 186 119
20 3 19 255 186 119
20 3 20 255 186 119
20 3 21 255 186 119
20 3 22 255 186 119
20 3 23 255 186 119
20 3 24 255 186 119
20 3 25 255 186 119
20 3 26 255 186 119
20 3 27 255 186 119
20 3 28 255 186 119
20 3 29 255 186 119
20 3 30 255 186 119
20 4 3 255 186 119
20 4 4 255 186 119
20 4 5 255 186 119
20 4 6 255 186 119
20 4 7 255 186 119
20 4 8 255 186 119
20 4 9 255 186 119
20 4 10 255 186 119
20 4 11 255 186 119
20 4 12 255 186 119
20 4 13 255 186 119
20 4 14 255 186 119
20 4 15 255 186 119
20 4 16 255 186 119
20 4 17 255 186 119
20 4 18 255 186 119
20 4 19 255 186 119
20 4 20 255 186 119
20 4 21 255 186 119
20 4 22 255 186 119
20 4 23 255 186 119
20 4 24 255 186 119
20 4 25 255 186 119
20 4 26 255 186 119
20 4 27 255 186 119
20 4 28 255 186 119
20 4 29 255 186 119
20 4 30 255 186 119
20 5 3 255 186 119
20 5 4 255 186 119
20 5 5 255 186 119
20 5 6 255 186 119
20 5 7 255 186 119
20 5 8 255 186 119
20 5 9 255 186 119
20 5 10 255 186 119
20 5 11 255 186 119
20 5 12 255 186 119
20 5 13 255 186 119
20 5 14 255 186 119
20 5 15 255 186 119
20 5 16 255 186 119
20 5 17 255 186 119
20 5 18 255 186 119
20 5 19 255 186 119
20 5 20 255 186 119
20 5 21 255 186 119
20 5 22 255 186 119
20 5 23 255 186 119
20 5 24 255 186 119
20 5 25 255 186 119
20 5 26 255 186 119
20 5 27 255 186 119
20 5 28 255 186 119
20 5 29 255 186 119
20 5 30 255 186 119
20 6 3 255 186 119
20 6 4 255 186 119
20 6 5 255 186 119
20 6 6 255 186 119
20 6 7 255 186 119
20 6 8 255 186 119
20 6 9 255 186 119
20 6 10 255 186 119
20 6 11 255 186 119
20 6 12 255 186 119
20 6 13 255 186 119
20 6 14 255 186 119
20 6 15 255 186 119
20 6 16 255 186 119
20 6 17 255 186 119
20 6 18 255 186 119
20 6 19 255 186 119
20 6 20 255 186 119
20 6 21 255 186 119
20 6 22 255 186 119
20 6 23 255 186 119
20 6 24 255 186 119
20 6 25 255 186 119
20 6 26 255 186 119
20 6 27 255 186 119
20 6 28 255 186 119
20 6 29 255 186 119
20 6 30 255 186 119
20 7 3 255 186 119
20 7 4 255 186 119
20 7 5 255 186 119
20 7 6 255 186 119
20 7 7 255 186 119
20 7 8 255 186 119
20 7 9 255 186 119
20 7 10 255 186 119
20 7 11 255 186 119
20 7 12 255 186 119
20 7 13 255 186 119
20 7 14 255 186 119
20 7 15 255 186 119
20 7 16 255 186 119
20 7 17 255 186 119
20 7 18 255 186 119
20 7 19 255 186 119
20 7 20 255 186 119
20 7 21 255 186 119
20 7 22 255 186 119
20 7 23 255 186 119
20 7 24 255 186 119
20 7 25 255 186 119
20 7 26 255 186 119
20 7 27 255 186 119
20 7 28 255 186 119
20 7 29 255 186 119
20 7 30 255 186 119
20 8 11 196 175 214
20 8 12 196 175 214
20 8 13 196 175 214
20 8 23 196 175 214
20 8 24 196 175 214
20 8 25 196 175 214
20 8 26 196 175 214
20 8 27 196 175 214
20 8 28 196 175 214
20 8 29 255 186 119
20 8 30 255 186 119
20 9 11 196 175 214
20 9 12 196 175 214
20 9 13 196 175 214
20 9 23 196 175 214
20 9 24 196 175 214
20 9 25 196 175 214
20 9 26 196 175 214
20 9 27 196 175 214
20 9 28 196 175 214
20 9 29 255 186 119
20 9 30 255 186 119
20 10 11 196 175 214
20 10 12 196 175 214
20 10 13 196 175 214
20 10 29 255 186 119
20 10 30 255 186 119
20 11 29 255 186 119
20 11 30 255 186 119
20 12 29 255 186 119
20 12 30 255 186 119
20 13 29 255 186 119
20 13 30 158 216 229
20 14 30 158 216 229
20 15 30 158 216 229
20 16 30 158 216 229
20 17 30 158 216 229
20 18 30 158 216 229
20 19 30 158 216 229
20 20 30 158 216 229
20 21 30 158 216 229
20 22 30 158 216 229
20 23 30 158 216 229
20 24 30 158 216 229
20 25 30 158 216 229
20 26 30 158 216 229
20 27 30 158 216 229
20 28 30 158 216 229
20 29 30 158 216 229
20 30 30 158 216 229
20 31 30 158 216 229
20 32 0 214 38 40
20 32 1 214 38 40
20 32 2 214 38 40
20 32 3 214 38 40
20 32 4 214 38 40
20 32 5 214 38 40
20 32 6 214 38 40
20 32 7 214 38 40
20 32 8 214 38 40
20 32 9 214 38 40
20 32 10 214 38 40
20 32 11 214 38 40
20 32 12 214 38 40
20 32 13 214 38 40
20 32 14 214 38 40
20 32 15 214 38 40
20 32 16 214 38 40
20 32 17 214 38 40
20 32 18 214 38 40
20 32 19 214 38 40
20 32 20 214 38 40
20 32 21 214 38 40
20 32 22 214 38 40
20 32 23 214 38 40
20 32 24 214 38 40
20 32 25 214 38 40
20 32 26 214 38 40
20 32 27 214 38 40
20 32 28 214 38 40
20 32 29 214 38 40
20 32 30 158 216 229
21 0 0 43 160 4
21 0 1 43 160 4
21 0 2 43 160 4
21 0 3 43 160 4
21 0 4 255 186 119
21 0 5 255 186 119
21 0 6 255 186 119
21 0 7 255 186 119
21 0 8 255 186 119
21 0 9 255 186 119
21 0 10 255 186 119
21 0 11 255 186 119
21 0 12 255 186 119
21 0 13 255 186 119
21 0 14 255 186 119
21 0 15 255 186 119
21 0 16 255 186 119
21 0 17 255 186 119
21 0 18 255 186 119
21 0 19 255 186 119
21 0 20 255 186 119
21 0 21 255 186 119
21 0 22 255 186 119
21 0 23 255 186 119
21 0 24 255 186 119
21 0 25 255 186 119
21 0 26 255 186 119
21 0 27 255 186 119
21 0 28 255 186 119
21 0 29 255 186 119
21 0 30 255 186 119
21 1 3 255 186 119
21 1 4 255 186 119
21 1 5 255 186 119
21 1 6 255 186 119
21 1 7 255 186 119
21 1 8 255 186 119
21 1 9 255 186 119
21 1 10 255 186 119
21 1 11 255 186 119
21 1 12 255 186 119
21 1 13 255 186 119
21 1 14 255 186 119
21 1 15 255 186 119
21 1 16 255 186 119
21 1 17 255 186 119
21 1 18 255 186 119
21 1 19 255 186 119
21 1 20 255 186 119
21 1 21 255 186 119
21 1 22 255 186 119
21 1 23 255 186 119
21 1 24 255 186 119
21 1 25 255 186 119
21 1 26 255 186 119
21 1 27 255 186 119
21 1 28 255 186 119
21 1 29 255 186 119
21 1 30 255 186 119
21 2 3 255 186 119
21 2 4 255 186 119
21 2 5 255 186 119
21 2 6 255 186 119
21 2 7 255 186 119
21 2 8 255 186 119
21 2 9 255 186 119
21 2 10 255 186 119
21 2 11 255 186 119
21 2 12 255 186 119
21 2 13 255 186 119
21 2 14 255 186 119
21 2 15 255 186 119
21 2 16 255 186 119
21 2 17 255 186 119
21 2 18 255 186 119
21 2 19 255 186 119
21 2 20 255 186 119
21 2 21 255 186 119
21 2 22 255 186 119
21 2 23 255 186 119
21 2 24 255 186 119
21 2 25 255 186 119
21 2 26 255 186 119
21 2 27 255 186 119
21 2 28 255 186 119
21 2 29 255 186 119
21 2 30 255 186 119
21 3 3 255 186 119
21 3 4 255 186 119
21 3 5 255 186 119
21 3 6 255 186 119
21 3 7 255 186 119
21 3 8 255 186 119
21 3 9 255 186 119
21 3 10 255 186 119
21 3 11 255 186 119
21 3 12 255 186 119
21 3 13 255 186 119
21 3 14 255 186 119
21 3 15 255 186 119
21 3 16 255 186 119
21 3 17 255 186 119
21 3 18 255 186 119
21 3 19 255 186 119
21 3 20 255 186 119
21 3 21 255 186 119
21 3 22 255 186 119
21 3 23 255 186 119
21 3 24 255 186 119
21 3 25 255 186 119
21 3 26 255 186 119
21 3 27 255 186 119
21 3 28 255 186 119
21 3 29 255 186 119
21 3 30 255 186 119
21 4 3 255 186 119
21 4 4 255 186 119
21 4 5 255 186 119
21 4 6 255 186 119
21 4 7 255 186 119
21 4 8 255 186 119
21 4 9 255 186 119
21 4 10 255 186 119
21 4 11 255 186 119
21 4 12 255 186 119
21 4 13 255 186 119
21 4 14 255 186 119
21 4 15 255 186 119
21 4 16 255 186 119
21 4 17 255 186 119
21 4 18 255 186 119
21 4 19 255 186 119
21 4 20 255 186 119
21 4 21 255 186 119
21 4 22 255 186 119
21 4 23 255 186 119
21 4 24 255 186 119
21 4 25 255 186 119
21 4 26 255 186 119
21 4 27 255 186 119
21 4 28 255 186 119
21 4 29 255 186 119
21 4 30 255 186 119
21 5 3 255 186 119
21 5 4 255 186 119
21 5 5 255 186 119
21 5 6 255 186 119
21 5 7 255 186 119
21 5 8 255 186 119
21 5 9 255 186 119
21 5 10 255 186 119
21 5 11 255 186 119
21 5 12 255 186 119
21 5 13 255 186 119
21 5 14 255 186 119
21 5 15 255 186 119
21 5 16 255 186 119
21 5 17 255 186 119
21 5 18 255 186 119
21 5 19 255 186 119
21 5 20 255 186 119
21 5 21 255 186 119
21 5 22 255 186 119
21 5 23 255 186 119
21 5 24 255 186 119
21 5 25 255 186 119
21 5 26 255 186 119
21 5 27 255 186 119
21 5 28 255 186 119
21 5 29 255 186 119
21 5 30 255 186 119
21 6 3 255 186 119
21 6 4 255 186 119
21 6 5 255 186 119
21 6 6 255 186 119
21 6 7 255 186 119
21 6 8 255 186 119
21 6 9 255 186 119
21 6 10 255 186 119
21 6 11 255 186 119
21 6 12 255 186 119
21 6 13 255 186 119
21 6 14 255 186 119
21 6 15 255 186 119
21 6 16 255 186 119
21 6 17 255 186 119
21 6 18 255 186 119
21 6 19 255 186 119
21 6 20 255 186 119
21 6 21 255 186 119
21 6 22 255 186 119
21 6 23 255 186 119
21 6 24 255 186 119
21 6 25 255 186 119
21 6 26 255 186 119
21 6 27 255 186 119
21 6 28 255 186 119
21 6 29 255 186 119
21 6 30 255 186 119
21 7 3 255 186 119
21 7 4 255 186 119
21 7 5 255 186 119
21 7 6 255 186 119
21 7 7 255 186 119
21 7 8 255 186 119
21 7 9 255 186 119
21 7 10 255 186 119
21 7 11 255 186 119
21 7 12 255 186 119
21 7 13 255 186 119
21 7 14 255 186 119
21 7 15 255 186 119
21 7 16 255 186 119
21 7 17 255 186 119
21 7 18 255 186 119
21 7 19 255 186 119
21 7 20 255 186 119
21 7 21 255 186 119
21 7 22 255 186 119
21 7 23 255 186 119
21 7 24 255 186 119
21 7 25 255 186 119
21 7 26 255 186 119
21 7 27 255 186 119
21 7 28 255 186 119
21 7 29 255 186 119
21 7 30 255 186 119
21 8 9 196 175 214
21 8 10 196 175 214
21 8 11 196 175 214
21 8 12 196 175 214
21 8 13 196 175 214
21 8 14 196 175 214
21 8 23 196 175 214
21 8 24 196 175 214
21 8 25 196 175 214
21 8 26 196 175 214
21 8 27 196 175 214
21 8 28 196 175 214
21 8 29 255 186 119
21 8 30 255 186 119
21 9 9 196 175 214
21 9 10 196 175 214
21 9 11 196 175 214
21 9 12 196 175 214
21 9 13 196 175 214
21 9 14 196 175 214
21 9 23 196 175 214
21 9 24 196 175 214
21 9 25 196 175 214
21 9 26 196 175 214
21 9 27 196 175 214
21 9 28 196 175 214
21 9 29 255 186 119
21 9 30 255 186 119
21 10 9 196 175 214
21 10 10 196 175 214
21 10 11 196 175 214
21 10 12 196 175 214
21 10 13 196 175 214
21 10 14 196 175 214
21 10 29 255 186 119
21 10 30 255 186 119
21 11 29 255 186 119
21 11 30 255 186 119
21 12 29 255 186 119
21 12 30 255 186 119
21 13 29 255 186 119
21 13 30 158 216 229
21 14 30 158 216 229
21 15 30 158 216 229
21 16 30 158 216 229
21 17 30 158 216 229
21 18 30 158 216 229
21 19 30 158 216 229
21 20 30 158 216 229
21 21 30 158 216 229
21 22 30 158 216 229
21 23 30 158 216 229
21 24 30 158 216 229
21 25 30 158 216 229
21 26 30 158 216 229
21 27 30 158 216 229
21 28 30 158 216 229
21 29 30 158 216 229
21 30 30 158 216 229
21 31 30 158 216 229
21 32 0 214 38 40
21 32 1 214 38 40
21 32 2 214 38 40
21 32 3 214 38 40
21 32 4 214 38 40
21 32 5 214 38 40
21 32 6 214 38 40
21 32 7 214 38 40
21 32 8 214 38 40
21 32 9 214 38 40
21 32 10 214 38 40
21 32 11 214 38 40
21 32 12 214 38 40
21 32 13 214 38 40
21 32 14 214 38 40
21 32 15 214 38 40
21 32 16 214 38 40
21 32 17 214 38 40
21 32 18 214 38 40
21 32 19 214 38 40
21 32 20 214 38 40
21 32 21 214 38 40
21 32 22 214 38 40
21 32 23 214 38 40
21 32 24 214 38 40
21 32 25 214 38 40
21 32 26 214 38 40
21 32 27 214 38 40
21 32 28 214 38 40
21 32 29 214 38 40
21 32 30 214 38 40
22 0 0 43 160 4
22 0 1 43 160 4
22 0 2 43 160 4
22 0 3 43 160 4
22 0 4 255 186 119
22 0 5 255 186 119
22 0 6 255 186 119
22 0 7 255 186 119
22 0 8 255 186 119
22 0 9 255 186 119
22 0 10 255 186 119
22 0 11 255 186 119
22 0 12 255 186 119
22 0 13 255 186 119
22 0 14 255 186 119
22 0 15 255 186 119
22 0 16 255 186 119
22 0 17 255 186 119
22 0 18 255 186 119
22 0 19 255 186 119
22 0 20 255 186 119
22 0 21 255 186 119
22 0 22 255 186 119
22 0 23 255 186 119
22 0 24 255 186 119
22 0 25 255 186 119
22 0 26 255 186 119
22 0 27 255 186 119
22 0 28 255 186 119
22 0 29 255 186 119
22 0 30 255 186 119
22 1 4 255 186 119
22 1 5 255 186 119
22 1 6 255 186 119
22 1 7 255 186 119
22 1 8 255 186 119
22 1 9 255 186 119
22 1 10 255 186 119
22 1 11 255 186 119
22 1 12 255 186 119
22 1 13 255 186 119
22 1 14 255 186 119
22 1 15 255 186 119
22 1 16 255 186 119
22 1 17 255 186 119
22 1 18 255 186 119
22 1 19 255 186 119
22 1 20 255 186 119
22 1 21 255 186 119
22 1 22 255 186 119
22 1 23 255 186 119
22 1 24 255 186 119
22 1 25 255 186 119
22 1 26 255 186 119
22 1 27 255 186 119
22 1 28 255 186 119
22 1 29 255 186 119
22 1 30 255 186 119
22 2 4 255 186 119
22 2 5 255 186 119
22 2 6 255 186 119
22 2 7 255 186 119
22 2 8 255 186 119
22 2 9 255 186 119
22 2 10 255 186 119
22 2 11 255 186 119
22 2 12 255 186 119
22 2 13 255 186 119
22 2 14 255 186 119
22 2 15 255 186 119
22 2 16 255 186 119
22 2 17 255 186 119
22 2 18 255 186 119
22 2 19 255 186 119
22 2 20 255 186 119
22 2 21 255 186 119
22 2 22 255 186 119
22 2 23 255 186 119
22 2 24 255 186 119
22 2 25 255 186 119
22 2 26 255 186 119
22 2 27 255 186 119
22 2 28 255 186 119
22 2 29 255 186 119
22 2 30 255 186 119
22 3 4 255 186 119
22 3 5 255 186 119
22 3 6 255 186 119
22 3 7 255 186 119
22 3 8 255 186 119
22 3 9 255 186 119
22 3 10 255 186 119
22 3 11 255 186 119
22 3 12 255 186 119
22 3 13 255 186 119
22 3 14 255 186 119
22 3 15 255 186 119
22 3 16 255 186 119
22 3 17 255 186 119
22 3 18 255 186 119
22 3 19 255 186 119
22 3 20 255 186 119
22 3 21 255 186 119
22 3 22 255 186 119
22 3 23 255 186 119
22 3 24 255 186 119
22 3 25 255 186 119
22 3 26 255 186 119
22 3 27 255 186 119
22 3 28 255 186 119
22 3 29 255 186 119
22 3 30 255 186 119
22 4 4 255 186 119
22 4 5 255 186 119
22 4 6 255 186 119
22 4 7 255 186 119
22 4 8 255 186 119
22 4 9 255 186 119
22 4 10 255 186 119
22 4 11 255 186 119
22 4 12 255 186 119
22 4 13 255 186 119
22 4 14 255 186 119
22 4 15 255 186 119
22 4 16 255 186 119
22 4 17 255 186 119
22 4 18 255 186 119
22 4 19 255 186 119
22 4 20 255 186 119
22 4 21 255 186 119
22 4 22 255 186 119
22 4 23 255 186 119
22 4 24 255 186 119
22 4 25 255 186 119
22 4 26 255 186 119
22 4 27 255 186 119
22 4 28 255 186 119
22 4 29 255 186 119
22 4 30 255 186 119
22 5 4 255 186 119
22 5 5 255 186 119
22 5 6 255 186 119
22 5 7 255 186 119
22 5 8 255 186 119
22 5 9 255 186 119
22 5 10 255 186 119
22 5 11 255 186 119
22 5 12 255 186 119
22 5 13 255 186 119
22 5 14 255 186 119
22 5 15 255 186 119
22 5 16 255 186 119
22 5 17 255 186 119
22 5 18 255 186 119
22 5 19 255 186 119
22 5 20 255 186 119
22 5 21 255 186 119
22 5 22 255 186 119
22 5 23 255 186 119
22 5 24 255 186 119
22 5 25 255 186 119
22 5 26 255 186 119
22 5 27 255 186 119
22 5 28 255 186 119
22 5 29 255 186 119
22 5 30 255 186 119
22 6 4 255 186 119
22 6 5 255 186 119
22 6 6 255 186 119
22 6 7 255 186 119
22 6 8 255 186 119
22 6 9 255 186 119
22 6 10 255 186 119
22 6 11 255 186 119
22 6 12 255 186 119
22 6 13 255 186 119
22 6 14 255 186 119
22 6 15 255 186 119
22 6 16 255 186 119
22 6 17 255 186 119
22 6 18 255 186 119
22 6 19 255 186 119
22 6 20 255 186 119
22 6 21 255 186 119
22 6 22 255 186 119
22 6 23 255 186 119
22 6 24 255 186 119
22 6 25 255 186 119
22 6 26 255 186 119
22 6 27 255 186 119
22 6 28 255 186 119
22 6 29 255 186 119
22 6 30 255 186 119
22 7 4 255 186 119
22 7 5 255 186 119
22 7 6 255 186 119
22 7 7 255 186 119
22 7 8 255 186 119
22 7 9 255 186 119
22 7 10 255 186 119
22 7 11 255 186 119
22 7 12 255 186 119
22 7 13 255 186 119
22 7 14 255 186 119
22 7 15 255 186 119
22 7 16 255 186 119
22 7 17 255 186 119
22 7 18 255 186 119
22 7 19 255 186 119
22 7 20 255 186 119
22 7 21 255 186 119
22 7 22 255 186 119
22 7 23 255 186 119
22 7 24 255 186 119
22 7 25 255 186 119
22 7 26 255 186 119
22 7 27 255 186 119
22 7 28 255 186 119
22 7 29 255 186 119
22 7 30 255 186 119
22 8 9 196 175 214
22 8 10 196 175 214
22 8 11 196 175 214
22 8 12 196 175 214
22 8 13 196 175 214
22 8 14 196 175 214
22 8 23 196 175 214
22 8 24 196 175 214
22 8 25 196 175 214
22 8 26 196 175 214
22 8 27 196 175 214
22 8 28 196 175 214
22 8 29 255 186 119
22 8 30 255 186 119
22 9 9 196 175 214
22 9 10 196 175 214
22 9 11 196 175 214
22 9 12 196 175 214
22 9 13 196 175 214
22 9 14 196 175 214
22 9 23 196 175 214
22 9 24 196 175 214
22 9 25 196 175 214
22 9 26 196 175 214
22 9 27 196 175 214
22 9 28 196 175 214
22 9 29 255 186 119
22 9 30 255 186 119
22 10 9 196 175 214
22 10 10 196 175 214
22 10 11 196 175 214
22 10 12 196 175 214
22 10 13 196 175 214
22 10 14 196 175 214
22 10 29 255 186 119
22 10 30 255 186 119
22 11 29 255 186 119
22 11 30 255 186 119
22 12 29 255 186 119
22 12 30 255 186 119
22 13 29 255 186 119
22 13 30 158 216 229
22 14 30 158 216 229
22 15 30 158 216 229
22 16 30 158 216 229
22 17 30 158 216 229
22 18 30 158 216 229
22 19 30 158 216 229
22 20 30 158 216 229
22 21 30 158 216 229
22 22 30 158 216 229
22 23 30 158 216 229
22 24 30 158 216 229
22 25 30 158 216 229
22 26 30 158 216 229
22 27 30 158 216 229
22 28 30 158 216 229
22 29 30 158 216 229
22 30 30 158 216 229
22 31 30 158 216 229
22 32 0 214 38 40
22 32 1 214 38 40
22 32 2 214 38 40
22 32 3 214 38 40
22 32 4 214 38 40
22 32 5 214 38 40
22 32 6 214 38 40
22 32 7 214 38 40
22 32 8 214 38 40
22 32 9 214 38 40
22 32 10 214 38 40
22 32 11 214 38 40
22 32 12 214 38 40
22 32 13 214 38 40
22 32 14 214 38 40
22 32 15 214 38 40
22 32 16 214 38 40
22 32 17 214 38 40
22 32 18 214 38 40
22 32 19 214 38 40
22 32 20 214 38 40
22 32 21 214 38 40
22 32 22 214 38 40
22 32 23 214 38 40
22 32 24 214 38 40
22 32 25 214 38 40
22 32 26 214 38 40
22 32 27 214 38 40
22 32 28 214 38 40
22 32 29 214 38 40
22 32 30 214 38 40
23 0 0 43 160 4
23 0 1 43 160 4
23 0 2 43 160 4
23 0 3 43 160 4
23 0 4 255 186 119
23 0 5 255 186 119
23 0 6 255 186 119
23 0 7 255 186 119
23 0 8 255 186 119
23 0 9 255 186 119
23 0 10 255 186 119
23 0 11 255 186 119
23 0 12 255 186 119
23 0 13 255 186 119
23 0 14 255 186 119
23 0 15 255 186 119
23 0 16 255 186 119
23 0 17 255 186 119
23 0 18 255 186 119
23 0 19 255 186 119
23 0 20 255 186 119
23 0 21 255 186 119
23 0 22 255 186 119
23 0 23 255 186 119
23 0 24 255 186 119
23 0 25 255 186 119
23 0 26 255 186 119
23 0 27 255 186 119
23 0 28 255 186 119
23 0 29 255 186 119
23 0 30 255 186 119
23 1 4 255 186 119
23 1 5 255 186 119
23 1 6 255 186 119
23 1 7 255 186 119
23 1 8 255 186 119
23 1 9 255 186 119
23 1 10 255 186 119
23 1 11 255 186 119
23 1 12 255 186 119
23 1 13 255 186 119
23 1 14 255 186 119
23 1 15 255 186 119
23 1 16 255 186 119
23 1 17 255 186 119
23 1 18 255 186 119
23 1 19 255 186 119
23 1 20 255 186 119
23 1 21 255 186 119
23 1 22 255 186 119
23 1 23 255 186 119
23 1 24 255 186 119
23 1 25 255 186 119
23 1 26 255 186 119
23 1 27 255 186 119
23 1 28 255 186 119
23 1 29 255 186 119
23 1 30 255 186 119
23 2 4 255 186 119
23 2 5 255 186 119
23 2 6 255 186 119
23 2 7 255 186 119
23 2 8 255 186 119
23 2 9 255 186 119
23 2 10 255 186 119
23 2 11 255 186 119
23 2 12 255 186 119
23 2 13 255 186 119
23 2 14 255 186 119
23 2 15 255 186 119
23 2 16 255 186 119
23 2 17 255 186 119
23 2 18 255 186 119
23 2 19 255 186 119
23 2 20 255 186 119
23 2 21 255 186 119
23 2 22 255 186 119
23 2 23 255 186 119
23 2 24 255 186 119
23 2 25 255 186 119
23 2 26 255 186 119
23 2 27 255 186 119
23 2 28 255 186 119
23 2 29 255 186 119
23 2 30 255 186 119
23 3 4 255 186 119
23 3 5 255 186 119
23 3 6 255 186 119
23 3 7 255 186 119
23 3 8 255 186 119
23 3 9 255 186 119
23 3 10 255 186 119
23 3 11 255 186 119
23 3 12 255 186 119
23 3 13 255 186 119
23 3 14 255 186 119
23 3 15 255 186 119
23 3 16 255 186 119
23 3 17 255 186 119
23 3 18 255 186 119
23 3 19 255 186 119
23 3 20 255 186 119
23 3 21 255 186 119
23 3 22 255 186 119
23 3 23 255 186 119
23 3 24 255 186 119
23 3 25 255 186 119
23 3 26 255 186 119
23 3 27 255 186 119
23 3 28 255 186 119
23 3 29 255 186 119
23 3 30 255 186 119
23 4 4 255 186 119
23 4 5 255 186 119
23 4 6 255 186 119
23 4 7 255 186 119
23 4 8 255 186 119
23 4 9 255 186 119
23 4 10 255 186 119
23 4 11 255 186 119
23 4 12 255 186 119
23 4 13 255 186 119
23 4 14 255 186 119
23 4 15 255 186 119
23 4 16 255 186 119
23 4 17 255 186 119
23 4 18 255 186 119
23 4 19 255 186 119
23 4 20 255 186 119
23 4 21 255 186 119
23 4 22 255 186 119
23 4 23 255 186 119
23 4 24 255 186 119
23 4 25 255 186 119
23 4 26 255 186 119
23 4 27 255 186 119
23 4 28 255 186 119
23 4 29 255 186 119
23 4 30 255 186 119
23 5 4 255 186 119
23 5 5 255 186 119
23 5 6 255 186 119
23 5 7 255 186 119
23 5 8 255 186 119
23 5 9 255 186 119
23 5 10 255 186 119
23 5 11 255 186 119
23 5 12 255 186 119
23 5 13 255 186 119
23 5 14 255 186 119
23 5 15 255 186 119
23 5 16 255 186 119
23 5 17 255 186 119
23 5 18 255 186 119
23 5 19 255 186 119
23 5 20 255 186 119
23 5 21 255 186 119
23 5 22 255 186 119
23 5 23 255 186 119
23 5 24 255 186 119
23 5 25 255 186 119
23 5 26 255 186 119
23 5 27 255 186 119
23 5 28 255 186 119
23 5 29 255 186 119
23 5 30 255 186 119
23 6 4 255 186 119
23 6 5 255 186 119
23 6 6 255 186 119
23 6 7 255 186 119
23 6 8 255 186 119
23 6 9 255 186 119
23 6 10 255 186 119
23 6 11 255 186 119
23 6 12 255 186 119
23 6 13 255 186 119
23 6 14 255 186 119
23 6 15 255 186 119
23 6 16 255 186 119
23 6 17 255 186 119
23 6 18 255 186 119
23 6 19 255 186 119
23 6 20 255 186 119
23 6 21 255 186 119
23 6 22 255 186 119
23 6 23 255 186 119
23 6 24 255 186 119
23 6 25 255 186 119
23 6 26 255 186 119
23 6 27 255 186 119
23 6 28 255 186 119
23 6 29 255 186 119
23 6 30 255 186 119
23 7 4 255 186 119
23 7 5 255 186 119
23 7 6 255 186 119
23 7 7 255 186 119
23 7 8 255 186 119
23 7 9 255 186 119
23 7 10 255 186 119
23 7 11 255 186 119
23 7 12 255 186 119
23 7 13 255 186 119
23 7 14 255 186 119
23 7 15 255 186 119
23 7 16 255 186 119
23 7 17 255 186 119
23 7 18 255 186 119
23 7 19 255 186 119
23 7 20 255 186 119
23 7 21 255 186 119
23 7 22 255 186 119
23 7 23 255 186 119
23 7 24 255 186 119
23 7 25 255 186 119
23 7 26 255 186 119
23 7 27 255 186 119
23 7 28 255 186 119
23 7 29 255 186 119
23 7 30 255 186 119
23 8 10 196 175 214
23 8 11 196 175 214
23 8 12 196 175 214
23 8 13 196 175 214
23 8 14 196 175 214
23 8 23 196 175 214
23 8 24 196 175 214
23 8 25 196 175 214
23 8 26 196 175 214
23 8 27 196 175 214
23 8 28 196 175 214
23 8 29 255 186 119
23 8 30 255 186 119
23 9 10 196 175 214
23 9 11 196 175 214
23 9 12 196 175 214
23 9 13 196 175 214
23 9 14 196 175 214
23 9 23 196 175 214
23 9 24 196 175 214
23 9 25 196 175 214
23 9 26 196 175 214
23 9 27 196 175 214
23 9 28 196 175 214
23 9 29 255 186 119
23 9 30 255 186 119
23 10 10 196 175 214
23 10 11 196 175 214
23 10 12 196 175 214
23 10 13 196 175 214
23 10 14 196 175 214
23 10 29 255 186 119
23 10 30 255 186 119
23 11 29 255 186 119
23 11 30 255 186 119
23 12 29 255 186 119
23 12 30 255 186 119
23 13 29 255 186 119
23 13 30 158 216 229
23 14 30 158 216 229
23 15 30 158 216 229
23 16 30 158 216 229
23 17 30 158 216 229
23 18 30 158 216 229
23 19 30 158 216 229
23 20 30 158 216 229
23 21 30 158 216 229
23 22 30 158 216 229
23 23 30 158 216 229
23 24 30 158 216 229
23 25 30 158 216 229
23 26 30 158 216 229
23 27 30 158 216 229
23 28 30 158 216 229
23 29 30 158 216 229
23 30 30 158 216 229
23 31 30 158 216 229
23 32 0 214 38 40
23 32 1 214 38 40
23 32 2 214 38 40
23 32 3 214 38 40
23 32 4 214 38 40
23 32 5 214 38 40
23 32 6 214 38 40
23 32 7 214 38 40
23 32 8 214 38 40
23 32 9 214 38 40
23 32 10 214 38 40
23 32 11 214 38 40
23 32 12 214 38 40
23 32 13 214 38 40
23 32 14 214 38 40
23 32 15 214 38 40
23 32 16 214 38 40
23 32 17 214 38 40
23 32 18 214 38 40
23 32 19 214 38 40
23 32 20 214 38 40
23 32 21 214 38 40
23 32 22 214 38 40
23 32 23 214 38 40
23 32 24 214 38 40
23 32 25 214 38 40
23 32 26 214 38 40
23 32 27 214 38 40
23 32 28 214 38 40
23 32 29 214 38 40
23 32 30 214 38 40
24 0 0 43 160 4
24 0 1 43 160 4
24 0 2 43 160 4
24 0 3 43 160 4
24 0 4 255 186 119
24 0 5 255 186 119
24 0 6 255 186 119
24 0 7 255 186 119
24 0 8 255 186 119
24 0 9 255 186 119
24 0 10 255 186 119
24 0 11 255 186 119
24 0 12 255 186 119
24 0 13 255 186 119
24 0 14 255 186 119
24 0 15 255 186 119
24 0 16 255 186 119
24 0 17 255 186 119
24 0 18 255 186 119
24 0 19 255 186 119
24 0 20 255 186 119
24 0 21 255 186 119
24 0 22 255 186 119
24 0 23 255 186 119
24 0 24 255 186 119
24 0 25 255 186 119
24 0 26 255 186 119
24 0 27 255 186 119
24 0 28 255 186 119
24 0 29 255 186 119
24 0 30 255 186 119
24 1 4 255 186 119
24 1 5 255 186 119
24 1 6 255 186 119
24 1 7 255 186 119
24 1 8 255 186 119
24 1 9 255 186 119
24 1 10 255 186 119
24 1 11 255 186 119
24 1 12 255 186 119
24 1 13 255 186 119
24 1 14 255 186 119
24 1 15 255 186 119
24 1 16 255 186 119
24 1 17 255 186 119
24 1 18 255 186 119
24 1 19 255 186 119
24 1 20 255 186 119
24 1 21 255 186 119
24 1 22 255 186 119
24 1 23 255 186 119
24 1 24 255 186 119
24 1 25 255 186 119
24 1 26 255 186 119
24 1 27 255 186 119
24 1 28 255 186 119
24 1 29 255 186 119
24 1 30 255 186 119
24 2 4 255 186 119
24 2 5 255 186 119
24 2 6 255 186 119
24 2 7 255 186 119
24 2 8 255 186 119
24 2 9 255 186 119
24 2 10 255 186 119
24 2 11 255 186 119
24 2 12 255 186 119
24 2 13 255 186 119
24 2 14 255 186 119
24 2 15 255 186 119
24 2 16 255 186 119
24 2 17 255 186 119
24 2 18 255 186 119
24 2 19 255 186 119
24 2 20 255 186 119
24 2 21 255 186 119
24 2 22 255 186 119
24 2 23 255 186 119
24 2 24 255 186 119
24 2 25 255 186 119
24 2 26 255 186 119
24 2 27 255 186 119
24 2 28 255 186 119
24 2 29 255 186 119
24 2 30 255 186 119
24 3 4 255 186 119
24 3 5 255 186 119
24 3 6 255 186 119
24 3 7 255 186 119
24 3 8 255 186 119
24 3 9 255 186 119
24 3 10 255 186 119
24 3 11 255 186 119
24 3 12 255 186 119
24 3 13 255 186 119
24 3 14 255 186 119
24 3 15 255 186 119
24 3 16 255 186 119
24 3 17 255 186 119
24 3 18 255 186 119
24 3 19 255 186 119
24 3 20 255 186 119
24 3 21 255 186 119
24 3 22 255 186 119
24 3 23 255 186 119
24 3 24 255 186 119
24 3 25 255 186 119
24 3 26 255 186 119
24 3 27 255 186 119
24 3 28 255 186 119
24 3 29 255 186 119
24 3 30 255 186 119
24 4 4 255 186 119
24 4 5 255 186 119
24 4 6 255 186 119
24 4 7 255 186 119
24 4 8 255 186 119
24 4 9 255 186 119
24 4 10 255 186 119
24 4 11 255 186 119
24 4 12 255 186 119
24 4 13 255 186 119
24 4 14 255 186 119
24 4 15 255 186 119
24 4 16 255 186 119
24 4 17 255 186 119
24 4 18 255 186 119
24 4 19 255 186 119
24 4 20 255 186 119
24 4 21 255 186 119
24 4 22 255 186 119
24 4 23 255 186 119
24 4 24 255 186 119
24 4 25 255 186 119
24 4 26 255 186 119
24 4 27 255 186 119
24 4 28 255 186 119
24 4 29 255 186 119
24 4 30 255 186 119
24 5 4 255 186 119
24 5 5 255 186 119
24 5 6 255 186 119
24 5 7 255 186 119
24 5 8 255 186 119
24 5 9 255 186 119
24 5 10 255 186 119
24 5 11 255 186 119
24 5 12 255 186 119
24 5 13 255 186 119
24 5 14 255 186 119
24 5 15 255 186 119
24 5 16 255 186 119
24 5 17 255 186 119
24 5 18 255 186 119
24 5 19 255 186 119
24 5 20 255 186 119
24 5 21 255 186 119
24 5 22 255 186 119
24 5 23 255 186 119
24 5 24 255 186 119
24 5 25 255 186 119
24 5 26 255 186 119
24 5 27 255 186 119
24 5 28 255 186 119
24 5 29 255 186 119
24 5 30 255 186 119
24 6 4 255 186 119
24 6 5 255 186 119
24 6 6 255 186 119
24 6 7 255 186 119
24 6 8 255 186 119
24 6 9 255 186 119
24 6 10 255 186 119
24 6 11 255 186 119
24 6 12 255 186 119
24 6 13 255 186 119
24 6 14 255 186 119
24 6 15 255 186 119
24 6 16 255 186 119
24 6 17 255 186 119
24 6 18 255 186 119
24 6 19 255 186 119
24 6 20 255 186 119
24 6 21 255 186 119
24 6 22 255 186 119
24 6 23 255 186 119
24 6 24 255 186 119
24 6 25 255 186 119
24 6 26 255 186 119
24 6 27 255 186 119
24 6 28 255 186 119
24 6 29 255 186 119
24 6 30 255 186 119
24 7 4 255 186 119
24 7 5 255 186 119
24 7 6 255 186 119
24 7 7 255 186 119
24 7 8 255 186 119
24 7 9 255 186 119
24 7 10 255 186 119
24 7 11 255 186 119
24 7 12 255 186 119
24 7 13 255 186 119
24 7 14 255 186 119
24 7 15 255 186 119
24 7 16 255 186 119
24 7 17 255 186 119
24 7 18 255 186 119
24 7 19 255 186 119
24 7 20 255 186 119
24 7 21 255 186 119
24 7 22 255 186 119
24 7 23 255 186 119
24 7 24 255 186 119
24 7 25 255 186 119
24 7 26 255 186 119
24 7 27 255 186 119
24 7 28 255 186 119
24 7 29 255 186 119
24 7 30 255 186 119
24 8 10 196 175 214
24 8 11 196 175 214
24 8 12 196 175 214
24 8 13 196 175 214
24 8 14 196 175 214
24 8 24 196 175 214
24 8 25 196 175 214
24 8 26 196 175 214
24 8 27 196 175 214
24 8 28 196 175 214
24 8 29 255 186 119
24 8 30 255 186 119
24 9 10 196 175 214
24 9 11 196 175 214
24 9 12 196 175 214
24 9 13 196 175 214
24 9 14 196 175 214
24 9 24 196 175 214
24 9 25 196 175 214
24 9 26 196 175 214
24 9 27 196 175 214
24 9 28 196 175 214
24 9 29 255 186 119
24 9 30 255 186 119
24 10 10 196 175 214
24 10 11 196 175 214
24 10 12 196 175 214
24 10 13 196 175 214
24 10 14 196 175 214
24 10 29 255 186 119
24 10 30 255 186 119
24 11 29 255 186 119
24 11 30 255 186 119
24 12 29 255 186 119
24 12 30 255 186 119
24 13 29 255 186 119
24 13 30 158 216 229
24 14 30 158 216 229
24 15 30 158 216 229
24 16 30 158 216 229
24 17 30 158 216 229
24 18 30 158 216 229
24 19 30 158 216 229
24 20 30 158 216 229
24 21 30 158 216 229
24 22 30 158 216 229
24 23 30 158 216 229
24 24 30 158 216 229
24 25 30 158 216 229
24 26 30 158 216 229
24 27 30 158 216 229
24 28 30 158 216 229
24 29 30 158 216 229
24 30 30 158 216 229
24 31 30 158 216 229
24 32 0 214 38 40
24 32 1 214 38 40
24 32 2 214 38 40
24 32 3 214 38 40
24 32 4 214 38 40
24 32 5 214 38 40
24 32 6 214 38 40
24 32 7 214 38 40
24 32 8 214 38 40
24 32 9 214 38 40
24 32 10 214 38 40
24 32 11 214 38 40
24 32 12 214 38 40
24 32 13 214 38 40
24 32 14 214 38 40
24 32 15 214 38 40
24 32 16 214 38 40
24 32 17 214 38 40
24 32 18 214 38 40
24 32 19 214 38 40
24 32 20 214 38 40
24 32 21 214 38 40
24 32 22 214 38 40
24 32 23 214 38 40
24 32 24 214 38 40
24 32 25 214 38 40
24 32 26 214 38 40
24 32 27 214 38 40
24 32 28 214 38 40
24 32 29 214 38 40
24 32 30 214 38 40
25 0 0 43 160 4
25 0 1 43 160 4
25 0 2 43 160 4
25 0 3 43 160 4
25 0 4 255 186 119
25 0 5 255 186 119
25 0 6 255 186 119
25 0 7 255 186 119
25 0 8 255 186 119
25 0 9 255 186 119
25 0 10 255 186 119
25 0 11 255 186 119
25 0 12 255 186 119
25 0 13 255 186 119
25 0 14 255 186 119
25 0 15 255 186 119
25 0 16 255 186 119
25 0 17 255 186 119
25 0 18 255 186 119
25 0 19 255 186 119
25 0 20 255 186 119
25 0 21 255 186 119
25 0 22 255 186 119
25 0 23 255 186 119
25 0 24 255 186 119
25 0 25 255 186 119
25 0 26 255 186 119
25 0 27 255 186 119
25 0 28 255 186 119
25 0 29 255 186 119
25 0 30 255 186 119
25 1 4 255 186 119
25 1 5 255 186 119
25 1 6 255 186 119
25 1 7 255 186 119
25 1 8 255 186 119
25 1 9 255 186 119
25 1 10 255 186 119
25 1 11 255 186 119
25 1 12 255 186 119
25 1 13 255 186 119
25 1 14 255 186 119
25 1 15 255 186 119
25 1 16 255 186 119
25 1 17 255 186 119
25 1 18 255 186 119
25 1 19 255 186 119
25 1 20 255 186 119
25 1 21 255 186 119
25 1 22 255 186 119
25 1 23 255 186 119
25 1 24 255 186 119
25 1 25 255 186 119
25 1 26 255 186 119
25 1 27 255 186 119
25 1 28 255 186 119
25 1 29 255 186 119
25 1 30 255 186 119
25 2 4 255 186 119
25 2 5 255 186 119
25 2 6 255 186 119
25 2 7 255 186 119
25 2 8 255 186 119
25 2 9 255 186 119
25 2 10 255 186 119
25 2 11 255 186 119
25 2 12 255 186 119
25 2 13 255 186 119
25 2 14 255 186 119
25 2 15 255 186 119
25 2 16 255 186 119
25 2 17 255 186 119
25 2 18 255 186 119
25 2 19 255 186 119
25 2 20 255 186 119
25 2 21 255 186 119
25 2 22 255 186 119
25 2 23 255 186 119
25 2 24 255 186 119
25 2 25 255 186 119
25 2 26 255 186 119
25 2 27 255 186 119
25 2 28 255 186 119
25 2 29 255 186 119
25 2 30 255 186 119
25 3 4 255 186 119
25 3 5 255 186 119
25 3 6 255 186 119
25 3 7 255 186 119
25 3 8 255 186 119
25 3 9 255 186 119
25 3 10 255 186 119
25 3 11 255 186 119
25 3 12 255 186 119
25 3 13 255 186 119
25 3 14 255 186 119
25 3 15 255 186 119
25 3 16 255 186 119
25 3 17 255 186 119
25 3 18 255 186 119
25 3 19 255 186 119
25 3 20 255 186 119
25 3 21 255 186 119
25 3 22 255 186 119
25 3 23 255 186 119
25 3 24 255 186 119
25 3 25 255 186 119
25 3 26 255 186 119
25 3 27 255 186 119
25 3 28 255 186 119
25 3 29 255 186 119
25 3 30 255 186 119
25 4 4 255 186 119
25 4 5 255 186 119
25 4 6 255 186 119
25 4 7 255 186 119
25 4 8 255 186 119
25 4 9 255 186 119
25 4 10 255 186 119
25 4 11 255 186 119
25 4 12 255 186 119
25 4 13 255 186 119
25 4 14 255 186 119
25 4 15 255 186 119
25 4 16 255 186 119
25 4 17 255 186 119
25 4 18 255 186 119
25 4 19 255 186 119
25 4 20 255 186 119
25 4 21 255 186 119
25 4 22 255 186 119
25 4 23 255 186 119
25 4 24 255 186 119
25 4 25 255 186 119
25 4 26 255 186 119
25 4 27 255 186 119
25 4 28 255 186 119
25 4 29 255 186 119
25 4 30 255 186 119
25 5 4 255 186 119
25 5 5 255 186 119
25 5 6 255 186 119
25 5 7 255 186 119
25 5 8 255 186 119
25 5 9 255 186 119
25 5 10 255 186 119
25 5 11 255 186 119
25 5 12 255 186 119
25 5 13 255 186 119
25 5 14 255 186 119
25 5 15 255 186 119
25 5 16 255 186 119
25 5 17 255 186 119
25 5 18 255 186 119
25 5 19 255 186 119
25 5 20 255 186 119
25 5 21 255 186 119
25 5 22 255 186 119
25 5 23 255 186 119
25 5 24 255 186 119
25 5 25 255 186 119
25 5 26 255 186 119
25 5 27 255 186 119
25 5 28 255 186 119
25 5 29 255 186 119
25 5 30 255 186 119
25 6 4 255 186 119
25 6 5 255 186 119
25 6 6 255 186 119
25 6 7 255 186 119
25 6 8 255 186 119
25 6 9 255 186 119
25 6 10 255 186 119
25 6 11 255 186 119
25 6 12 255 186 119
25 6 13 255 186 119
25 6 14 255 186 119
25 6 15 255 186 119
25 6 16 255 186 119
25 6 17 255 186 119
25 6 18 255 186 119
25 6 19 255 186 119
25 6 20 255 186 119
25 6 21 255 186 119
25 6 22 255 186 119
25 6 23 255 186 119
25 6 24 255 186 119
25 6 25 255 186 119
25 6 26 255 186 119
25 6 27 255 186 119
25 6 28 255 186 119
25 6 29 255 186 119
25 6 30 255 186 119
25 7 4 255 186 119
25 7 5 255 186 119
25 7 6 255 186 119
25 7 7 255 186 119
25 7 8 255 186 119
25 7 9 255 186 119
25 7 10 255 186 119
25 7 11 255 186 119
25 7 12 255 186 119
25 7 13 255 186 119
25 7 14 255 186 119
25 7 15 255 186 119
25 7 16 255 186 119
25 7 17 255 186 119
25 7 18 255 186 119
25 7 19 255 186 119
25 7 20 255 186 119
25 7 21 255 186 119
25 7 22 255 186 119
25 7 23 255 186 119
25 7 24 255 186 119
25 7 25 255 186 119
25 7 26 255 186 119
25 7 27 255 186 119
25 7 28 255 186 119
25 7 29 255 186 119
25 7 30 255 186 119
25 8 10 196 175 214
25 8 11 196 175 214
25 8 12 196 175 214
25 8 13 196 175 214
25 8 14 196 175 214
25 8 24 196 175 214
25 8 25 196 175 214
25 8 26 196 175 214
25 8 27 196 175 214
25 8 28 196 175 214
25 8 29 255 186 119
25 8 30 255 186 119
25 9 10 196 175 214
25 9 11 196 175 214
25 9 12 196 175 214
25 9 13 196 175 214
25 9 14 196 175 214
25 9 24 196 175 214
25 9 25 196 175 214
25 9 26 196 175 214
25 9 27 196 175 214
25 9 28 196 175 214
25 9 29 255 186 119
25 9 30 255 186 119
25 10 10 196 175 214
25 10 11 196 175 214
25 10 12 196 175 214
25 10 13 196 175 214
25 10 14 196 175 214
25 10 29 255 186 119
25 10 30 255 186 119
25 11 29 255 186 119
25 11 30 255 186 119
25 12 29 255 186 119
25 12 30 255 186 119
25 13 29 255 186 119
25 13 30 158 216 229
25 14 30 158 216 229
25 15 30 158 216 229
25 16 30 158 216 229
25 17 30 158 216 229
25 18 30 158 216 229
25 19 30 158 216 229
25 20 30 158 216 229
25 21 30 158 216 229
25 22 30 158 216 229
25 23 30 158 216 229
25 24 30 158 216 229
25 25 30 158 216 229
25 26 30 158 216 229
25 27 30 158 216 229
25 28 30 158 216 229
25 29 30 158 216 229
25 30 30 158 216 229
25 31 30 158 216 229
25 32 0 214 38 40
25 32 1 214 38 40
25 32 2 214 38 40
25 32 3 214 38 40
25 32 4 214 38 40
25 32 5 214 38 40
25 32 6 214 38 40
25 32 7 214 38 40
25 32 8 214 38 40
25 32 9 214 38 40
25 32 10 214 38 40
25 32 11 214 38 40
25 32 12 214 38 40
25 32 13 214 38 40
25 32 14 214 38 40
25 32 15 214 38 40
25 32 16 214 38 40
25 32 17 214 38 40
25 32 18 214 38 40
25 32 19 214 38 40
25 32 20 214 38 40
25 32 21 214 38 40
25 32 22 214 38 40
25 32 23 214 38 40
25 32 24 214 38 40
25 32 25 214 38 40
25 32 26 214 38 40
25 32 27 214 38 40
25 32 28 214 38 40
25 32 29 214 38 40
25 32 30 214 38 40
26 0 0 43 160 4
26 0 1 43 160 4
26 0 2 43 160 4
26 0 3 43 160 4
26 0 4 255 186 119
26 0 5 255 186 119
26 0 6 255 186 119
26 0 7 255 186 119
26 0 8 255 186 119
26 0 9 255 186 119
26 0 10 255 186 119
26 0 11 255 186 119
26 0 12 255 186 119
26 0 13 255 186 119
26 0 14 255 186 119
26 0 15 255 186 119
26 0 16 255 186 119
26 0 17 255 186 119
26 0 18 255 186 119
26 0 19 255 186 119
26 0 20 255 186 119
26 0 21 255 186 119
26 0 22 255 186 119
26 0 23 255 186 119
26 0 24 255 186 119
26 0 25 255 186 119
26 0 26 255 186 119
26 0 27 255 186 119
26 0 28 255 186 119
26 0 29 255 186 119
26 0 30 255 186 119
26 0 31 158 216 229
26 1 4 255 186 119
26 1 5 255 186 119
26 1 6 255 186 119
26 1 7 255 186 119
26 1 8 255 186 119
26 1 9 255 186 119
26 1 10 255 186 119
26 1 11 255 186 119
26 1 12 255 186 119
26 1 13 255 186 119
26 1 14 255 186 119
26 1 15 255 186 119
26 1 16 255 186 119
26 1 17 255 186 119
26 1 18 255 186 119
26 1 19 255 186 119
26 1 20 255 186 119
26 1 21 255 186 119
26 1 22 255 186 119
26 1 23 255 186 119
26 1 24 255 186 119
26 1 25 255 186 119
26 1 26 255 186 119
26 1 27 255 186 119
26 1 28 255 186 119
26 1 29 255 186 119
26 1 30 255 186 119
26 1 31 158 216 229
26 2 4 255 186 119
26 2 5 255 186 119
26 2 6 255 186 119
26 2 7 255 186 119
26 2 8 255 186 119
26 2 9 255 186 119
26 2 10 255 186 119
26 2 11 255 186 119
26 2 12 255 186 119
26 2 13 255 186 119
26 2 14 255 186 119
26 2 15 255 186 119
26 2 16 255 186 119
26 2 17 255 186 119
26 2 18 255 186 119
26 2 19 255 186 119
26 2 20 255 186 119
26 2 21 255 186 119
26 2 22 255 186 119
26 2 23 255 186 119
26 2 24 255 186 119
26 2 25 255 186 119
26 2 26 255 186 119
26 2 27 255 186 119
26 2 28 255 186 119
26 2 29 255 186 119
26 2 30 255 186 119
26 2 31 158 216 229
26 3 4 255 186 119
26 3 5 255 186 119
26 3 6 255 186 119
26 3 7 255 186 119
26 3 8 255 186 119
26 3 9 255 186 119
26 3 10 255 186 119
26 3 11 255 186 119
26 3 12 255 186 119
26 3 13 255 186 119
26 3 14 255 186 119
26 3 15 255 186 119
26 3 16 255 186 119
26 3 17 255 186 119
26 3 18 255 186 119
26 3 19 255 186 119
26 3 20 255 186 119
26 3 21 255 186 119
26 3 22 255 186 119
26 3 23 255 186 119
26 3 24 255 186 119
26 3 25 255 186 119
26 3 26 255 186 119
26 3 27 255 186 119
26 3 28 255 186 119
26 3 29 255 186 119
26 3 30 255 186 119
26 3 31 158 216 229
26 4 4 255 186 119
26 4 5 255 186 119
26 4 6 255 186 119
26 4 7 255 186 119
26 4 8 255 186 119
26 4 9 255 186 119
26 4 10 255 186 119
26 4 11 255 186 119
26 4 12 255 186 119
26 4 13 255 186 119
26 4 14 255 186 119
26 4 15 255 186 119
26 4 16 255 186 119
26 4 17 255 186 119
26 4 18 255 186 119
26 4 19 255 186 119
26 4 20 255 186 119
26 4 21 255 186 119
26 4 22 255 186 119
26 4 23 255 186 119
26 4 24 255 186 119
26 4 25 255 186 119
26 4 26 255 186 119
26 4 27 255 186 119
26 4 28 255 186 119
26 4 29 255 186 119
26 4 30 255 186 119
26 4 31 158 216 229
26 5 4 255 186 119
26 5 5 255 186 119
26 5 6 255 186 119
26 5 7 255 186 119
26 5 8 255 186 119
26 5 9 255 186 119
26 5 10 255 186 119
26 5 11 255 186 119
26 5 12 255 186 119
26 5 13 255 186 119
26 5 14 255 186 119
26 5 15 255 186 119
26 5 16 255 186 119
26 5 17 255 186 119
26 5 18 255 186 119
26 5 19 255 186 119
26 5 20 255 186 119
26 5 21 255 186 119
26 5 22 255 186 119
26 5 23 255 186 119
26 5 24 255 186 119
26 5 25 255 186 119
26 5 26 255 186 119
26 5 27 255 186 119
26 5 28 255 186 119
26 5 29 255 186 119
26 5 30 255 186 119
26 5 31 158 216 229
26 6 4 255 186 119
26 6 5 255 186 119
26 6 6 255 186 119
26 6 7 255 186 119
26 6 8 255 186 119
26 6 9 255 186 119
26 6 10 255 186 119
26 6 11 255 186 119
26 6 12 255 186 119
26 6 13 255 186 119
26 6 14 255 186 119
26 6 15 255 186 119
26 6 16 255 186 119
26 6 17 255 186 119
26 6 18 255 186 119
26 6 19 255 186 119
26 6 20 255 186 119
26 6 21 255 186 119
26 6 22 255 186 119
26 6 23 255 186 119
26 6 24 255 186 119
26 6 25 255 186 119
26 6 26 255 186 119
26 6 27 255 186 119
26 6 28 255 186 119
26 6 29 255 186 119
26 6 30 255 186 119
26 6 31 158 216 229
26 7 4 255 186 119
26 7 5 255 186 119
26 7 6 255 186 119
26 7 7 255 186 119
26 7 8 255 186 119
26 7 9 255 186 119
26 7 10 255 186 119
26 7 11 255 186 119
26 7 12 255 186 119
26 7 13 255 186 119
26 7 14 255 186 119
26 7 15 255 186 119
26 7 16 255 186 119
26 7 17 255 186 119
26 7 18 255 186 119
26 7 19 255 186 119
26 7 20 255 186 119
26 7 21 255 186 119
26 7 22 255 186 119
26 7 23 255 186 119
26 7 24 255 186 119
26 7 25 255 186 119
26 7 26 255 186 119
26 7 27 255 186 119
26 7 28 255 186 119
26 7 29 255 186 119
26 7 30 255 186 119
26 7 31 158 216 229
26 8 10 196 175 214
26 8 11 196 175 214
26 8 12 196 175 214
26 8 13 196 175 214
26 8 14 196 175 214
26 8 24 196 175 214
26 8 25 196 175 214
26 8 26 196 175 214
26 8 27 196 175 214
26 8 28 196 175 214
26 8 29 255 186 119
26 8 30 255 186 119
26 8 31 158 216 229
26 9 10 196 175 214
26 9 11 196 175 214
26 9 12 196 175 214
26 9 13 196 175 214
26 9 14 196 175 214
26 9 24 196 175 214
26 9 25 196 175 214
26 9 26 196 175 214
26 9 27 196 175 214
26 9 28 196 175 214
26 9 29 255 186 119
26 9 30 255 186 119
26 9 31 158 216 229
26 10 10 196 175 214
26 10 11 196 175 214
26 10 12 196 175 214
26 10 13 196 175 214
26 10 14 196 175 214
26 10 29 255 186 119
26 10 30 255 186 119
26 10 31 158 216 229
26 11 29 255 186 119
26 11 30 255 186 119
26 11 31 158 216 229
26 12 29 255 186 119
26 12 30 255 186 119
26 12 31 158 216 229
26 13 29 255 186 119
26 13 30 255 186 119
26 13 31 158 216 229
26 14 30 158 216 229
26 14 31 158 216 229
26 15 30 158 216 229
26 15 31 158 216 229
26 16 30 158 216 229
26 16 31 158 216 229
26 17 30 158 216 229
26 17 31 158 216 229
26 18 30 158 216 229
26 18 31 158 216 229
26 19 30 158 216 229
26 19 31 158 216 229
26 20 30 158 216 229
26 20 31 158 216 229
26 21 30 158 216 229
26 21 31 158 216 229
26 22 30 158 216 229
26 22 31 158 216 229
26 23 30 158 216 229
26 23 31 158 216 229
26 24 30 158 216 229
26 24 31 158 216 229
26 25 30 158 216 229
26 25 31 158 216 229
26 26 30 158 216 229
26 26 31 158 216 229
26 27 30 158 216 229
26 27 31 158 216 229
26 28 30 158 216 229
26 28 31 158 216 229
26 29 30 158 216 229
26 29 31 158 216 229
26 30 30 158 216 229
26 30 31 158 216 229
26 31 30 158 216 229
26 31 31 158 216 229
26 32 0 214 38 40
26 32 1 214 38 40
26 32 2 214 38 40
26 32 3 214 38 40
26 32 4 214 38 40
26 32 5 214 38 40
26 32 6 214 38 40
26 32 7 214 38 40
26 32 8 214 38 40
26 32 9 214 38 40
26 32 10 214 38 40
26 32 11 214 38 40
26 32 12 214 38 40
26 32 13 214 38 40
26 32 14 214 38 40
26 32 15 214 38 40
26 32 16 214 38 40
26 32 17 214 38 40
26 32 18 214 38 40
26 32 19 214 38 40
26 32 20 214 38 40
26 32 21 214 38 40
26 32 22 214 38 40
26 32 23 214 38 40
26 32 24 214 38 40
26 32 25 214 38 40
26 32 26 214 38 40
26 32 27 214 38 40
26 32 28 214 38 40
26 32 29 214 38 40
26 32 30 214 38 40
26 32 31 158 216 229
27 0 0 43 160 4
27 0 1 43 160 4
27 0 2 43 160 4
27 0 3 43 160 4
27 0 4 255 186 119
27 0 5 255 186 119
27 0 6 255 186 119
27 0 7 255 186 119
27 0 8 255 186 119
27 0 9 255 186 119
27 0 10 255 186 119
27 0 11 255 186 119
27 0 12 255 186 119
27 0 13 255 186 119
27 0 14 255 186 119
27 0 15 255 186 119
27 0 16 255 186 119
27 0 17 255 186 119
27 0 18 255 186 119
27 0 19 255 186 119
27 0 20 255 186 119
27 0 21 255 186 119
27 0 22 255 186 119
27 0 23 255 186 119
27 0 24 255 186 119
27 0 25 255 186 119
27 0 26 255 186 119
27 0 27 255 186 119
27 0 28 255 186 119
27 0 29 255 186 119
27 0 30 255 186 119
27 0 31 158 216 229
27 1 4 255 186 119
27 1 5 255 186 119
27 1 6 255 186 119
27 1 7 255 186 119
27 1 8 255 186 119
27 1 9 255 186 119
27 1 10 255 186 119
27 1 11 255 186 119
27 1 12 255 186 119
27 1 13 255 186 119
27 1 14 255 186 119
27 1 15 255 186 119
27 1 16 255 186 119
27 1 17 255 186 119
27 1 18 255 186 119
27 1 19 255 186 119
27 1 20 255 186 119
27 1 21 255 186 119
27 1 22 255 186 119
27 1 23 255 186 119
27 1 24 255 186 119
27 1 25 255 186 119
27 1 26 255 186 119
27 1 27 255 186 119
27 1 28 255 186 119
27 1 29 255 186 119
27 1 30 255 186 119
27 1 31 158 216 229
27 2 4 255 186 119
27 2 5 255 186 119
27 2 6 255 186 119
27 2 7 255 186 119
27 2 8 255 186 119
27 2 9 255 186 119
27 2 10 255 186 119
27 2 11 255 186 119
27 2 12 255 186 119
27 2 13 255 186 119
27 2 14 255 186 119
27 2 15 255 186 119
27 2 16 255 186 119
27 2 17 255 186 119
27 2 18 255 186 119
27 2 19 255 186 119
27 2 20 255 186 119
27 2 21 255 186 119
27 2 22 255 186 119
27 2 23 255 186 119
27 2 24 255 186 119
27 2 25 255 186 119
27 2 26 255 186 119
27 2 27 255 186 119
27 2 28 255 186 119
27 2 29 255 186 119
27 2 30 255 186 119
27 2 31 158 216 229
27 3 4 255 186 119
27 3 5 255 186 119
27 3 6 255 186 119
27 3 7 255 186 119
27 3 8 255 186 119
27 3 9 255 186 119
27 3 10 255 186 119
27 3 11 255 186 119
27 3 12 255 186 119
27 3 13 255 186 119
27 3 14 255 186 119
27 3 15 255 186 119
27 3 16 255 186 119
27 3 17 255 186 119
27 3 18 255 186 119
27 3 19 255 186 119
27 3 20 255 186 119
27 3 21 255 186 119
27 3 22 255 186 119
27 3 23 255 186 119
27 3 24 255 186 119
27 3 25 255 186 119
27 3 26 255 186 119
27 3 27 255 186 119
27 3 28 255 186 119
27 3 29 255 186 119
27 3 30 255 186 119
27 3 31 158 216 229
27 4 4 255 186 119
27 4 5 255 186 119
27 4 6 255 186 119
27 4 7 255 186 119
27 4 8 255 186 119
27 4 9 255 186 119
27 4 10 255 186 119
27 4 11 255 186 119
27 4 12 255 186 119
27 4 13 255 186 119
27 4 14 255 186 119
27 4 15 255 186 119
27 4 16 255 186 119
27 4 17 255 186 119
27 4 18 255 186 119
27 4 19 255 186 119
27 4 20 255 186 119
27 4 21 255 186 119
27 4 22 255 186 119
27 4 23 255 186 119
27 4 24 255 186 119
27 4 25 255 186 119
27 4 26 255 186 119
27 4 27 255 186 119
27 4 28 255 186 119
27 4 29 255 186 119
27 4 30 255 186 119
27 4 31 158 216 229
27 5 4 255 186 119
27 5 5 255 186 119
27 5 6 255 186 119
27 5 7 255 186 119
27 5 8 255 186 119
27 5 9 255 186 119
27 5 10 255 186 119
27 5 11 255 186 119
27 5 12 255 186 119
27 5 13 255 186 119
27 5 14 255 186 119
27 5 15 255 186 119
27 5 16 255 186 119
27 5 17 255 186 119
27 5 18 255 186 119
27 5 19 255 186 119
27 5 20 255 186 119
27 5 21 255 186 119
27 5 22 255 186 119
27 5 23 255 186 119
27 5 24 255 186 119
27 5 25 255 186 119
27 5 26 255 186 119
27 5 27 255 186 119
27 5 28 255 186 119
27 5 29 255 186 119
27 5 30 255 186 119
27 5 31 158 216 229
27 6 4 255 186 119
27 6 5 255 186 119
27 6 6 255 186 119
27 6 7 255 186 119
27 6 8 255 186 119
27 6 9 255 186 119
27 6 10 255 186 119
27 6 11 255 186 119
27 6 12 255 186 119
27 6 13 255 186 119
27 6 14 255 186 119
27 6 15 255 186 119
27 6 16 255 186 119
27 6 17 255 186 119
27 6 18 255 186 119
27 6 19 255 186 119
27 6 20 255 186 119
27 6 21 255 186 119
27 6 22 255 186 119
27 6 23 255 186 119
27 6 24 255 186 119
27 6 25 255 186 119
27 6 26 255 186 119
27 6 27 255 186 119
27 6 28 255 186 119
27 6 29 255 186 119
27 6 30 255 186 119
27 6 31 158 216 229
27 7 4 255 186 119
27 7 5 255 186 119
27 7 6 255 186 119
27 7 7 255 186 119
27 7 8 255 186 119
27 7 9 255 186 119
27 7 10 255 186 119
27 7 11 255 186 119
27 7 12 255 186 119
27 7 13 255 186 119
27 7 14 255 186 119
27 7 15 255 186 119
27 7 16 255 186 119
27 7 17 255 186 119
27 7 18 255 186 119
27 7 19 255 186 119
27 7 20 255 186 119
27 7 21 255 186 119
27 7 22 255 186 119
27 7 23 255 186 119
27 7 24 255 186 119
27 7 25 255 186 119
27 7 26 255 186 119
27 7 27 255 186 119
27 7 28 255 186 119
27 7 29 255 186 119
27 7 30 255 186 119
27 7 31 158 216 229
27 8 10 196 175 214
27 8 11 196 175 214
27 8 24 196 175 214
27 8 25 196 175 214
27 8 26 196 175 214
27 8 27 196 175 214
27 8 28 196 175 214
27 8 29 255 186 119
27 8 30 255 186 119
27 8 31 158 216 229
27 9 10 196 175 214
27 9 11 196 175 214
27 9 24 196 175 214
27 9 25 196 175 214
27 9 26 196 175 214
27 9 27 196 175 214
27 9 28 196 175 214
27 9 29 255 186 119
27 9 30 255 186 119
27 9 31 158 216 229
27 10 10 196 175 214
27 10 11 196 175 214
27 10 29 255 186 119
27 10 30 255 186 119
27 10 31 158 216 229
27 11 29 255 186 119
27 11 30 255 186 119
27 11 31 158 216 229
27 12 29 255 186 119
27 12 30 255 186 119
27 12 31 158 216 229
27 13 29 255 186 119
27 13 30 255 186 119
27 13 31 158 216 229
27 14 30 158 216 229
27 14 31 158 216 229
27 15 30 158 216 229
27 15 31 158 216 229
27 16 30 158 216 229
27 16 31 158 216 229
27 17 30 158 216 229
27 17 31 158 216 229
27 18 30 158 216 229
27 18 31 158 216 229
27 19 30 158 216 229
27 19 31 158 216 229
27 20 30 158 216 229
27 20 31 158 216 229
27 21 30 158 216 229
27 21 31 158 216 229
27 22 30 158 216 229
27 22 31 158 216 229
27 23 30 158 216 229
27 23 31 158 216 229
27 24 30 158 216 229
27 24 31 158 216 229
27 25 30 158 216 229
27 25 31 158 216 229
27 26 30 158 216 229
27 26 31 158 216 229
27 27 30 158 216 229
27 27 31 158 216 229
27 28 30 158 216 229
27 28 31 158 216 229
27 29 30 158 216 229
27 29 31 158 216 229
27 30 30 158 216 229
27 30 31 158 216 229
27 31 30 158 216 229
27 31 31 158 216 229
27 32 0 214 38 40
27 32 1 214 38 40
27 32 2 214 38 40
27 32 3 214 38 40
27 32 4 214 38 40
27 32 5 214 38 40
27 32 6 214 38 40
27 32 7 214 38 40
27 32 8 214 38 40
27 32 9 214 38 40
27 32 10 214 38 40
27 32 11 214 38 40
27 32 12 214 38 40
27 32 13 214 38 40
27 32 14 214 38 40
27 32 15 214 38 40
27 32 16 214 38 40
27 32 17 214 38 40
27 32 18 214 38 40
27 32 19 214 38 40
27 32 20 214 38 40
27 32 21 214 38 40
27 32 22 214 38 40
27 32 23 214 38 40
27 32 24 214 38 40
27 32 25 214 38 40
27 32 26 214 38 40
27 32 27 214 38 40
27 32 28 214 38 40
27 32 29 214 38 40
27 32 30 214 38 40
27 32 31 158 216 229
28 0 0 43 160 4
28 0 1 43 160 4
28 0 2 43 160 4
28 0 3 43 160 4
28 0 4 255 186 119
28 0 5 255 186 119
28 0 6 255 186 119
28 0 7 255 186 119
28 0 8 255 186 119
28 0 9 255 186 119
28 0 10 255 186 119
28 0 11 255 186 119
28 0 12 255 186 119
28 0 13 255 186 119
28 0 14 255 186 119
28 0 15 255 186 119
28 0 16 255 186 119
28 0 17 255 186 119
28 0 18 255 186 119
28 0 19 255 186 119
28 0 20 255 186 119
28 0 21 255 186 119
28 0 22 255 186 119
28 0 23 255 186 119
28 0 24 255 186 119
28 0 25 255 186 119
28 0 26 255 186 119
28 0 27 255 186 119
28 0 28 255 186 119
28 0 29 255 186 119
28 0 30 255 186 119
28 0 31 255 186 119
28 1 4 255 186 119
28 1 5 255 186 119
28 1 6 255 186 119
28 1 7 255 186 119
28 1 8 255 186 119
28 1 9 255 186 119
28 1 10 255 186 119
28 1 11 255 186 119
28 1 12 255 186 119
28 1 13 255 186 119
28 1 14 255 186 119
28 1 15 255 186 119
28 1 16 255 186 119
28 1 17 255 186 119
28 1 18 255 186 119
28 1 19 255 186 119
28 1 20 255 186 119
28 1 21 255 186 119
28 1 22 255 186 119
28 1 23 255 186 119
28 1 24 255 186 119
28 1 25 255 186 119
28 1 26 255 186 119
28 1 27 255 186 119
28 1 28 255 186 119
28 1 29 255 186 119
28 1 30 255 186 119
28 1 31 158 216 229
28 2 4 255 186 119
28 2 5 255 186 119
28 2 6 255 186 119
28 2 7 255 186 119
28 2 8 255 186 119
28 2 9 255 186 119
28 2 10 255 186 119
28 2 11 255 186 119
28 2 12 255 186 119
28 2 13 255 186 119
28 2 14 255 186 119
28 2 15 255 186 119
28 2 16 255 186 119
28 2 17 255 186 119
28 2 18 255 186 119
28 2 19 255 186 119
28 2 20 255 186 119
28 2 21 255 186 119
28 2 22 255 186 119
28 2 23 255 186 119
28 2 24 255 186 119
28 2 25 255 186 119
28 2 26 255 186 119
28 2 27 255 186 119
28 2 28 255 186 119
28 2 29 255 186 119
28 2 30 255 186 119
28 2 31 158 216 229
28 3 4 255 186 119
28 3 5 255 186 119
28 3 6 255 186 119
28 3 7 255 186 119
28 3 8 255 186 119
28 3 9 255 186 119
28 3 10 255 186 119
28 3 11 255 186 119
28 3 12 255 186 119
28 3 13 255 186 119
28 3 14 255 186 119
28 3 15 255 186 119
28 3 16 255 186 119
28 3 17 255 186 119
28 3 18 255 186 119
28 3 19 255 186 119
28 3 20 255 186 119
28 3 21 255 186 119
28 3 22 255 186 119
28 3 23 255 186 119
28 3 24 255 186 119
28 3 25 255 186 119
28 3 26 255 186 119
28 3 27 255 186 119
28 3 28 255 186 119
28 3 29 255 186 119
28 3 30 255 186 119
28 3 31 158 216 229
28 4 4 255 186 119
28 4 5 255 186 119
28 4 6 255 186 119
28 4 7 255 186 119
28 4 8 255 186 119
28 4 9 255 186 119
28 4 10 255 186 119
28 4 11 255 186 119
28 4 12 255 186 119
28 4 13 255 186 119
28 4 14 255 186 119
28 4 15 255 186 119
28 4 16 255 186 119
28 4 17 255 186 119
28 4 18 255 186 119
28 4 19 255 186 119
28 4 20 255 186 119
28 4 21 255 186 119
28 4 22 255 186 119
28 4 23 255 186 119
28 4 24 255 186 119
28 4 25 255 186 119
28 4 26 255 186 119
28 4 27 255 186 119
28 4 28 255 186 119
28 4 29 255 186 119
28 4 30 255 186 119
28 4 31 158 216 229
28 5 4 255 186 119
28 5 5 255 186 119
28 5 6 255 186 119
28 5 7 255 186 119
28 5 8 255 186 119
28 5 9 255 186 119
28 5 10 255 186 119
28 5 11 255 186 119
28 5 12 255 186 119
28 5 13 255 186 119
28 5 14 255 186 119
28 5 15 255 186 119
28 5 16 255 186 119
28 5 17 255 186 119
28 5 18 255 186 119
28 5 19 255 186 119
28 5 20 255 186 119
28 5 21 255 186 119
28 5 22 255 186 119
28 5 23 255 186 119
28 5 24 255 186 119
28 5 25 255 186 119
28 5 26 255 186 119
28 5 27 255 186 119
28 5 28 255 186 119
28 5 29 255 186 119
28 5 30 255 186 119
28 5 31 158 216 229
28 6 4 255 186 119
28 6 5 255 186 119
28 6 6 255 186 119
28 6 7 255 186 119
28 6 8 255 186 119
28 6 9 255 186 119
28 6 10 255 186 119
28 6 11 255 186 119
28 6 12 255 186 119
28 6 13 255 186 119
28 6 14 255 186 119
28 6 15 255 186 119
28 6 16 255 186 119
28 6 17 255 186 119
28 6 18 255 186 119
28 6 19 255 186 119
28 6 20 255 186 119
28 6 21 255 186 119
28 6 22 255 186 119
28 6 23 255 186 119
28 6 24 255 186 119
28 6 25 255 186 119
28 6 26 255 186 119
28 6 27 255 186 119
28 6 28 255 186 119
28 6 29 255 186 119
28 6 30 255 186 119
28 6 31 158 216 229
28 7 4 255 186 119
28 7 5 255 186 119
28 7 6 255 186 119
28 7 7 255 186 119
28 7 8 255 186 119
28 7 9 255 186 119
28 7 10 255 186 119
28 7 11 255 186 119
28 7 12 255 186 119
28 7 13 255 186 119
28 7 14 255 186 119
28 7 15 255 186 119
28 7 16 255 186 119
28 7 17 255 186 119
28 7 18 255 186 119
28 7 19 255 186 119
28 7 20 255 186 119
28 7 21 255 186 119
28 7 22 255 186 119
28 7 23 255 186 119
28 7 24 255 186 119
28 7 25 255 186 119
28 7 26 255 186 119
28 7 27 255 186 119
28 7 28 255 186 119
28 7 29 255 186 119
28 7 30 255 186 119
28 7 31 158 216 229
28 8 24 196 175 214
28 8 25 196 175 214
28 8 26 196 175 214
28 8 27 196 175 214
28 8 28 196 175 214
28 8 29 255 186 119
28 8 30 255 186 119
28 8 31 158 216 229
28 9 24 196 175 214
28 9 25 196 175 214
28 9 26 196 175 214
28 9 27 196 175 214
28 9 28 196 175 214
28 9 29 255 186 119
28 9 30 255 186 119
28 9 31 158 216 229
28 10 29 255 186 119
28 10 30 255 186 119
28 10 31 158 216 229
28 11 29 255 186 119
28 11 30 255 186 119
28 11 31 158 216 229
28 12 29 255 186 119
28 12 30 255 186 119
28 12 31 158 216 229
28 13 29 255 186 119
28 13 30 255 186 119
28 13 31 158 216 229
28 14 30 158 216 229
28 14 31 158 216 229
28 15 30 158 216 229
28 15 31 158 216 229
28 16 30 158 216 229
28 16 31 158 216 229
28 17 30 158 216 229
28 17 31 158 216 229
28 18 30 158 216 229
28 18 31 158 216 229
28 19 30 158 216 229
28 19 31 158 216 229
28 20 30 158 216 229
28 20 31 158 216 229
28 21 30 158 216 229
28 21 31 158 216 229
28 22 30 158 216 229
28 22 31 158 216 229
28 23 30 158 216 229
28 23 31 158 216 229
28 24 30 158 216 229
28 24 31 158 216 229
28 25 30 158 216 229
28 25 31 158 216 229
28 26 30 158 216 229
28 26 31 158 216 229
28 27 30 158 216 229
28 27 31 158 216 229
28 28 30 158 216 229
28 28 31 158 216 229
28 29 30 158 216 229
28 29 31 158 216 229
28 30 30 158 216 229
28 30 31 158 216 229
28 31 30 158 216 229
28 31 31 158 216 229
28 32 0 214 38 40
28 32 1 214 38 40
28 32 2 214 38 40
28 32 3 214 38 40
28 32 4 214 38 40
28 32 5 214 38 40
28 32 6 214 38 40
28 32 7 214 38 40
28 32 8 214 38 40
28 32 9 214 38 40
28 32 10 214 38 40
28 32 11 214 38 40
28 32 12 214 38 40
28 32 13 214 38 40
28 32 14 214 38 40
28 32 15 214 38 40
28 32 16 214 38 40
28 32 17 214 38 40
28 32 18 214 38 40
28 32 19 214 38 40
28 32 20 214 38 40
28 32 21 214 38 40
28 32 22 214 38 40
28 32 23 214 38 40
28 32 24 214 38 40
28 32 25 214 38 40
28 32 26 214 38 40
28 32 27 214 38 40
28 32 28 214 38 40
28 32 29 214 38 40
28 32 30 214 38 40
28 32 31 158 216 229
29 0 0 43 160 4
29 0 1 43 160 4
29 0 2 43 160 4
29 0 3 43 160 4
29 0 4 255 186 119
29 0 5 255 186 119
29 0 6 255 186 119
29 0 7 255 186 119
29 0 8 255 186 119
29 0 9 255 186 119
29 0 10 255 186 119
29 0 11 255 186 119
29 0 12 255 186 119
29 0 13 255 186 119
29 0 14 255 186 119
29 0 15 255 186 119
29 0 16 255 186 119
29 0 17 255 186 119
29 0 18 255 186 119
29 0 19 255 186 119
29 0 20 255 186 119
29 0 21 255 186 119
29 0 22 255 186 119
29 0 23 255 186 119
29 0 24 255 186 119
29 0 25 255 186 119
29 0 26 255 186 119
29 0 27 255 186 119
29 0 28 255 186 119
29 0 29 255 186 119
29 0 30 255 186 119
29 0 31 255 186 119
29 1 4 255 186 119
29 1 5 255 186 119
29 1 6 255 186 119
29 1 7 255 186 119
29 1 8 255 186 119
29 1 9 255 186 119
29 1 10 255 186 119
29 1 11 255 186 119
29 1 12 255 186 119
29 1 13 255 186 119
29 1 14 255 186 119
29 1 15 255 186 119
29 1 16 255 186 119
29 1 17 255 186 119
29 1 18 255 186 119
29 1 19 255 186 119
29 1 20 255 186 119
29 1 21 255 186 119
29 1 22 255 186 119
29 1 23 255 186 119
29 1 24 255 186 119
29 1 25 255 186 119
29 1 26 255 186 119
29 1 27 255 186 119
29 1 28 255 186 119
29 1 29 255 186 119
29 1 30 255 186 119
29 1 31 255 186 119
29 2 4 255 186 119
29 2 5 255 186 119
29 2 6 255 186 119
29 2 7 255 186 119
29 2 8 255 186 119
29 2 9 255 186 119
29 2 10 255 186 119
29 2 11 255 186 119
29 2 12 255 186 119
29 2 13 255 186 119
29 2 14 255 186 119
29 2 15 255 186 119
29 2 16 255 186 119
29 2 17 255 186 119
29 2 18 255 186 119
29 2 19 255 186 119
29 2 20 255 186 119
29 2 21 255 186 119
29 2 22 255 186 119
29 2 23 255 186 119
29 2 24 255 186 119
29 2 25 255 186 119
29 2 26 255 186 119
29 2 27 255 186 119
29 2 28 255 186 119
29 2 29 255 186 119
29 2 30 255 186 119
29 2 31 255 186 119
29 3 4 255 186 119
29 3 5 255 186 119
29 3 6 255 186 119
29 3 7 255 186 119
29 3 8 255 186 119
29 3 9 255 186 119
29 3 10 255 186 119
29 3 11 255 186 119
29 3 12 255 186 119
29 3 13 255 186 119
29 3 14 255 186 119
29 3 15 255 186 119
29 3 16 255 186 119
29 3 17 255 186 119
29 3 18 255 186 119
29 3 19 255 186 119
29 3 20 255 186 119
29 3 21 255 186 119
29 3 22 255 186 119
29 3 23 255 186 119
29 3 24 255 186 119
29 3 25 255 186 119
29 3 26 255 186 119
29 3 27 255 186 119
29 3 28 255 186 119
29 3 29 255 186 119
29 3 30 255 186 119
29 3 31 255 186 119
29 4 4 255 186 119
29 4 5 255 186 119
29 4 6 255 186 119
29 4 7 255 186 119
29 4 8 255 186 119
29 4 9 255 186 119
29 4 10 255 186 119
29 4 11 255 186 119
29 4 12 255 186 119
29 4 13 255 186 119
29 4 14 255 186 119
29 4 15 255 186 119
29 4 16 255 186 119
29 4 17 255 186 119
29 4 18 255 186 119
29 4 19 255 186 119
29 4 20 255 186 119
29 4 21 255 186 119
29 4 22 255 186 119
29 4 23 255 186 119
29 4 24 255 186 119
29 4 25 255 186 119
29 4 26 255 186 119
29 4 27 255 186 119
29 4 28 255 186 119
29 4 29 255 186 119
29 4 30 255 186 119
29 4 31 255 186 119
29 5 4 255 186 119
29 5 5 255 186 119
29 5 6 255 186 119
29 5 7 255 186 119
29 5 8 255 186 119
29 5 9 255 186 119
29 5 10 255 186 119
29 5 11 255 186 119
29 5 12 255 186 119
29 5 13 255 186 119
29 5 14 255 186 119
29 5 15 255 186 119
29 5 16 255 186 119
29 5 17 255 186 119
29 5 18 255 186 119
29 5 19 255 186 119
29 5 20 255 186 119
29 5 21 255 186 119
29 5 22 255 186 119
29 5 23 255 186 119
29 5 24 255 186 119
29 5 25 255 186 119
29 5 26 255 186 119
29 5 27 255 186 119
29 5 28 255 186 119
29 5 29 255 186 119
29 5 30 255 186 119
29 5 31 255 186 119
29 6 4 255 186 119
29 6 5 255 186 119
29 6 6 255 186 119
29 6 7 255 186 119
29 6 8 255 186 119
29 6 9 255 186 119
29 6 10 255 186 119
29 6 11 255 186 119
29 6 12 255 186 119
29 6 13 255 186 119
29 6 14 255 186 119
29 6 15 255 186 119
29 6 16 255 186 119
29 6 17 255 186 119
29 6 18 255 186 119
29 6 19 255 186 119
29 6 20 255 186 119
29 6 21 255 186 119
29 6 22 255 186 119
29 6 23 255 186 119
29 6 24 255 186 119
29 6 25 255 186 119
29 6 26 255 186 119
29 6 27 255 186 119
29 6 28 255 186 119
29 6 29 255 186 119
29 6 30 255 186 119
29 6 31 255 186 119
29 7 4 255 186 119
29 7 5 255 186 119
29 7 6 255 186 119
29 7 7 255 186 119
29 7 8 255 186 119
29 7 9 255 186 119
29 7 10 255 186 119
29 7 11 255 186 119
29 7 12 255 186 119
29 7 13 255 186 119
29 7 14 255 186 119
29 7 15 255 186 119
29 7 16 255 186 119
29 7 17 255 186 119
29 7 18 255 186 119
29 7 19 255 186 119
29 7 20 255 186 119
29 7 21 255 186 119
29 7 22 255 186 119
29 7 23 255 186 119
29 7 24 255 186 119
29 7 25 255 186 119
29 7 26 255 186 119
29 7 27 255 186 119
29 7 28 255 186 119
29 7 29 255 186 119
29 7 30 255 186 119
29 7 31 255 186 119
29 8 24 196 175 214
29 8 25 196 175 214
29 8 26 196 175 214
29 8 27 196 175 214
29 8 28 196 175 214
29 8 29 255 186 119
29 8 30 255 186 119
29 8 31 255 186 119
29 9 24 196 175 214
29 9 25 196 175 214
29 9 26 196 175 214
29 9 27 196 175 214
29 9 28 196 175 214
29 9 29 255 186 119
29 9 30 255 186 119
29 9 31 255 186 119
29 10 29 255 186 119
29 10 30 255 186 119
29 10 31 255 186 119
29 11 29 255 186 119
29 11 30 255 186 119
29 11 31 255 186 119
29 12 29 255 186 119
29 12 30 255 186 119
29 12 31 255 186 119
29 13 29 255 186 119
29 13 30 255 186 119
29 13 31 158 216 229
29 14 30 158 216 229
29 14 31 158 216 229
29 15 30 158 216 229
29 15 31 158 216 229
29 16 30 158 216 229
29 16 31 158 216 229
29 17 30 158 216 229
29 17 31 158 216 229
29 18 30 158 216 229
29 18 31 158 216 229
29 19 30 158 216 229
29 19 31 158 216 229
29 20 30 158 216 229
29 20 31 158 216 229
29 21 30 158 216 229
29 21 31 158 216 229
29 22 30 158 216 229
29 22 31 158 216 229
29 23 30 158 216 229
29 23 31 158 216 229
29 24 30 158 216 229
29 24 31 158 216 229
29 25 30 158 216 229
29 25 31 158 216 229
29 26 30 158 216 229
29 26 31 158 216 229
29 27 30 158 216 229
29 27 31 158 216 229
29 28 30 158 216 229
29 28 31 158 216 229
29 29 30 158 216 229
29 29 31 158 216 229
29 30 30 158 216 229
29 30 31 158 216 229
29 31 30 158 216 229
29 31 31 158 216 229
29 32 0 214 38 40
29 32 1 214 38 40
29 32 2 214 38 40
29 32 3 214 38 40
29 32 4 214 38 40
29 32 5 214 38 40
29 32 6 214 38 40
29 32 7 214 38 40
29 32 8 214 38 40
29 32 9 214 38 40
29 32 10 214 38 40
29 32 11 214 38 40
29 32 12 214 38 40
29 32 13 214 38 40
29 32 14 214 38 40
29 32 15 214 38 40
29 32 16 214 38 40
29 32 17 214 38 40
29 32 18 214 38 40
29 32 19 214 38 40
29 32 20 214 38 40
29 32 21 214 38 40
29 32 22 214 38 40
29 32 23 214 38 40
29 32 24 214 38 40
29 32 25 214 38 40
29 32 26 214 38 40
29 32 27 214 38 40
29 32 28 214 38 40
29 32 29 214 38 40
29 32 30 214 38 40
29 32 31 158 216 229
30 0 0 43 160 4
30 0 1 43 160 4
30 0 2 43 160 4
30 0 3 43 160 4
30 0 4 255 186 119
30 0 5 255 186 119
30 0 6 255 186 119
30 0 7 255 186 119
30 0 8 255 186 119
30 0 9 255 186 119
30 0 10 255 186 119
30 0 11 255 186 119
30 0 12 255 186 119
30 0 13 255 186 119
30 0 14 255 186 119
30 0 15 255 186 119
30 0 16 255 186 119
30 0 17 255 186 119
30 0 18 255 186 119
30 0 19 255 186 119
30 0 20 255 186 119
30 0 21 255 186 119
30 0 22 255 186 119
30 0 23 255 186 119
30 0 24 255 186 119
30 0 25 255 186 119
30 0 26 255 186 119
30 0 27 255 186 119
30 0 28 255 186 119
30 0 29 255 186 119
30 0 30 255 186 119
30 0 31 255 186 119
30 1 4 255 186 119
30 1 5 255 186 119
30 1 6 255 186 119
30 1 7 255 186 119
30 1 8 255 186 119
30 1 9 255 186 119
30 1 10 255 186 119
30 1 11 255 186 119
30 1 12 255 186 119
30 1 13 255 186 119
30 1 14 255 186 119
30 1 15 255 186 119
30 1 16 255 186 119
30 1 17 255 186 119
30 1 18 255 186 119
30 1 19 255 186 119
30 1 20 255 186 119
30 1 21 255 186 119
30 1 22 255 186 119
30 1 23 255 186 119
30 1 24 255 186 119
30 1 25 255 186 119
30 1 26 255 186 119
30 1 27 255 186 119
30 1 28 255 186 119
30 1 29 255 186 119
30 1 30 255 186 119
30 1 31 255 186 119
30 2 4 255 186 119
30 2 5 255 186 119
30 2 6 255 186 119
30 2 7 255 186 119
30 2 8 255 186 119
30 2 9 255 186 119
30 2 10 255 186 119
30 2 11 255 186 119
30 2 12 255 186 119
30 2 13 255 186 119
30 2 14 255 186 119
30 2 15 255 186 119
30 2 16 255 186 119
30 2 17 255 186 119
30 2 18 255 186 119
30 2 19 255 186 119
30 2 20 255 186 119
30 2 21 255 186 119
30 2 22 255 186 119
30 2 23 255 186 119
30 2 24 255 186 119
30 2 25 255 186 119
30 2 26 255 186 119
30 2 27 255 186 119
30 2 28 255 186 119
30 2 29 255 186 119
30 2 30 255 186 119
30 2 31 255 186 119
30 3 4 255 186 119
30 3 5 255 186 119
30 3 6 255 186 119
30 3 7 255 186 119
30 3 8 255 186 119
30 3 9 255 186 119
30 3 10 255 186 119
30 3 11 255 186 119
30 3 12 255 186 119
30 3 13 255 186 119
30 3 14 255 186 119
30 3 15 255 186 119
30 3 16 255 186 119
30 3 17 255 186 119
30 3 18 255 186 119
30 3 19 255 186 119
30 3 20 255 186 119
30 3 21 255 186 119
30 3 22 255 186 119
30 3 23 255 186 119
30 3 24 255 186 119
30 3 25 255 186 119
30 3 26 255 186 119
30 3 27 255 186 119
30 3 28 255 186 119
30 3 29 255 186 119
30 3 30 255 186 119
30 3 31 255 186 119
30 4 4 255 186 119
30 4 5 255 186 119
30 4 6 255 186 119
30 4 7 255 186 119
30 4 8 255 186 119
30 4 9 255 186 119
30 4 10 255 186 119
30 4 11 255 186 119
30 4 12 255 186 119
30 4 13 255 186 119
30 4 14 255 186 119
30 4 15 255 186 119
30 4 16 255 186 119
30 4 17 255 186 119
30 4 18 255 186 119
30 4 19 255 186 119
30 4 20 255 186 119
30 4 21 255 186 119
30 4 22 255 186 119
30 4 23 255 186 119
30 4 24 255 186 119
30 4 25 255 186 119
30 4 26 255 186 119
30 4 27 255 186 119
30 4 28 255 186 119
30 4 29 255 186 119
30 4 30 255 186 119
30 4 31 255 186 119
30 5 4 255 186 119
30 5 5 255 186 119
30 5 6 255 186 119
30 5 7 255 186 119
30 5 8 255 186 119
30 5 9 255 186 119
30 5 10 255 186 119
30 5 11 255 186 119
30 5 12 255 186 119
30 5 13 255 186 119
30 5 14 255 186 119
30 5 15 255 186 119
30 5 16 255 186 119
30 5 17 255 186 119
30 5 18 255 186 119
30 5 19 255 186 119
30 5 20 255 186 119
30 5 21 255 186 119
30 5 22 255 186 119
30 5 23 255 186 119
30 5 24 255 186 119
30 5 25 255 186 119
30 5 26 255 186 119
30 5 27 255 186 119
30 5 28 255 186 119
30 5 29 255 186 119
30 5 30 255 186 119
30 5 31 255 186 119
30 6 4 255 186 119
30 6 5 255 186 119
30 6 6 255 186 119
30 6 7 255 186 119
30 6 8 255 186 119
30 6 9 255 186 119
30 6 10 255 186 119
30 6 11 255 186 119
30 6 12 255 186 119
30 6 13 255 186 119
30 6 14 255 186 119
30 6 15 255 186 119
30 6 16 255 186 119
30 6 17 255 186 119
30 6 18 255 186 119
30 6 19 255 186 119
30 6 20 255 186 119
30 6 21 255 186 119
30 6 22 255 186 119
30 6 23 255 186 119
30 6 24 255 186 119
30 6 25 255 186 119
30 6 26 255 186 119
30 6 27 255 186 119
30 6 28 255 186 119
30 6 29 255 186 119
30 6 30 255 186 119
30 6 31 255 186 119
30 7 4 255 186 119
30 7 5 255 186 119
30 7 6 255 186 119
30 7 7 255 186 119
30 7 8 255 186 119
30 7 9 255 186 119
30 7 10 255 186 119
30 7 11 255 186 119
30 7 12 255 186 119
30 7 13 255 186 119
30 7 14 255 186 119
30 7 15 255 186 119
30 7 16 255 186 119
30 7 17 255 186 119
30 7 18 255 186 119
30 7 19 255 186 119
30 7 20 255 186 119
30 7 21 255 186 119
30 7 22 255 186 119
30 7 23 255 186 119
30 7 24 255 186 119
30 7 25 255 186 119
30 7 26 255 186 119
30 7 27 255 186 119
30 7 28 255 186 119
30 7 29 255 186 119
30 7 30 255 186 119
30 7 31 255 186 119
30 8 24 196 175 214
30 8 25 196 175 214
30 8 26 196 175 214
30 8 27 196 175 214
30 8 28 196 175 214
30 8 29 255 186 119
30 8 30 255 186 119
30 8 31 255 186 119
30 9 24 196 175 214
30 9 25 196 175 214
30 9 26 196 175 214
30 9 27 196 175 214
30 9 28 196 175 214
30 9 29 255 186 119
30 9 30 255 186 119
30 9 31 255 186 119
30 10 29 255 186 119
30 10 30 255 186 119
30 10 31 255 186 119
30 11 29 255 186 119
30 11 30 255 186 119
30 11 31 255 186 119
30 12 29 255 186 119
30 12 30 255 186 119
30 12 31 255 186 119
30 13 29 255 186 119
30 13 30 255 186 119
30 13 31 158 216 229
30 14 30 158 216 229
30 14 31 158 216 229
30 15 30 158 216 229
30 15 31 158 216 229
30 16 30 158 216 229
30 16 31 158 216 229
30 17 30 158 216 229
30 17 31 158 216 229
30 18 30 158 216 229
30 18 31 158 216 229
30 19 30 158 216 229
30 19 31 158 216 229
30 20 30 158 216 229
30 20 31 158 216 229
30 21 30 158 216 229
30 21 31 158 216 229
30 22 30 158 216 229
30 22 31 158 216 229
30 23 30 158 216 229
30 23 31 158 216 229
30 24 30 158 216 229
30 24 31 158 216 229
30 25 30 158 216 229
30 25 31 158 216 229
30 26 30 158 216 229
30 26 31 158 216 229
30 27 30 158 216 229
30 27 31 158 216 229
30 28 30 158 216 229
30 28 31 158 216 229
30 29 30 158 216 229
30 29 31 158 216 229
30 30 30 158 216 229
30 30 31 158 216 229
30 31 30 158 216 229
30 31 31 158 216 229
30 32 0 214 38 40
30 32 1 214 38 40
30 32 2 214 38 40
30 32 3 214 38 40
30 32 4 214 38 40
30 32 5 214 38 40
30 32 6 214 38 40
30 32 7 214 38 40
30 32 8 214 38 40
30 32 9 214 38 40
30 32 10 214 38 40
30 32 11 214 38 40
30 32 12 214 38 40
30 32 13 214 38 40
30 32 14 214 38 40
30 32 15 214 38 40
30 32 16 214 38 40
30 32 17 214 38 40
30 32 18 214 38 40
30 32 19 214 38 40
30 32 20 214 38 40
30 32 21 214 38 40
30 32 22 214 38 40
30 32 23 214 38 40
30 32 24 214 38 40
30 32 25 214 38 40
30 32 26 214 38 40
30 32 27 214 38 40
30 32 28 214 38 40
30 32 29 214 38 40
30 32 30 214 38 40
30 32 31 158 216 229
31 0 0 43 160 4
31 0 1 43 160 4
31 0 2 43 160 4
31 0 3 43 160 4
31 0 4 255 186 119
31 0 5 255 186 119
31 0 6 255 186 119
31 0 7 255 186 119
31 0 8 255 186 119
31 0 9 255 186 119
31 0 10 255 186 119
31 0 11 255 186 119
31 0 12 255 186 119
31 0 13 255 186 119
31 0 14 255 186 119
31 0 15 255 186 119
31 0 16 255 186 119
31 0 17 255 186 119
31 0 18 255 186 119
31 0 19 255 186 119
31 0 20 255 186 119
31 0 21 255 186 119
31 0 22 255 186 119
31 0 23 255 186 119
31 0 24 255 186 119
31 0 25 255 186 119
31 0 26 255 186 119
31 0 27 255 186 119
31 0 28 255 186 119
31 0 29 255 186 119
31 0 30 255 186 119
31 0 31 255 186 119
31 1 4 255 186 119
31 1 5 255 186 119
31 1 6 255 186 119
31 1 7 255 186 119
31 1 8 255 186 119
31 1 9 255 186 119
31 1 10 255 186 119
31 1 11 255 186 119
31 1 12 255 186 119
31 1 13 255 186 119
31 1 14 255 186 119
31 1 15 255 186 119
31 1 16 255 186 119
31 1 17 255 186 119
31 1 18 255 186 119
31 1 19 255 186 119
31 1 20 255 186 119
31 1 21 255 186 119
31 1 22 255 186 119
31 1 23 255 186 119
31 1 24 255 186 119
31 1 25 255 186 119
31 1 26 255 186 119
31 1 27 255 186 119
31 1 28 255 186 119
31 1 29 255 186 119
31 1 30 255 186 119
31 1 31 158 216 229
31 2 4 255 186 119
31 2 5 255 186 119
31 2 6 255 186 119
31 2 7 255 186 119
31 2 8 255 186 119
31 2 9 255 186 119
31 2 10 255 186 119
31 2 11 255 186 119
31 2 12 255 186 119
31 2 13 255 186 119
31 2 14 255 186 119
31 2 15 255 186 119
31 2 16 255 186 119
31 2 17 255 186 119
31 2 18 255 186 119
31 2 19 255 186 119
31 2 20 255 186 119
31 2 21 255 186 119
31 2 22 255 186 119
31 2 23 255 186 119
31 2 24 255 186 119
31 2 25 255 186 119
31 2 26 255 186 119
31 2 27 255 186 119
31 2 28 255 186 119
31 2 29 255 186 119
31 2 30 255 186 119
31 2 31 158 216 229
31 3 4 255 186 119
31 3 5 255 186 119
31 3 6 255 186 119
31 3 7 255 186 119
31 3 8 255 186 119
31 3 9 255 186 119
31 3 10 255 186 119
31 3 11 255 186 119
31 3 12 255 186 119
31 3 13 255 186 119
31 3 14 255 186 119
31 3 15 255 186 119
31 3 16 255 186 119
31 3 17 255 186 119
31 3 18 255 186 119
31 3 19 255 186 119
31 3 20 255 186 119
31 3 21 255 186 119
31 3 22 255 186 119
31 3 23 255 186 119
31 3 24 255 186 119
31 3 25 255 186 119
31 3 26 255 186 119
31 3 27 255 186 119
31 3 28 255 186 119
31 3 29 255 186 119
31 3 30 255 186 119
31 3 31 158 216 229
31 4 4 255 186 119
31 4 5 255 186 119
31 4 6 255 186 119
31 4 7 255 186 119
31 4 8 255 186 119
31 4 9 255 186 119
31 4 10 255 186 119
31 4 11 255 186 119
31 4 12 255 186 119
31 4 13 255 186 119
31 4 14 255 186 119
31 4 15 255 186 119
31 4 16 255 186 119
31 4 17 255 186 119
31 4 18 255 186 119
31 4 19 255 186 119
31 4 20 255 186 119
31 4 21 255 186 119
31 4 22 255 186 119
31 4 23 255 186 119
31 4 24 255 186 119
31 4 25 255 186 119
31 4 26 255 186 119
31 4 27 255 186 119
31 4 28 255 186 119
31 4 29 255 186 119
31 4 30 255 186 119
31 4 31 158 216 229
31 5 4 255 186 119
31 5 5 255 186 119
31 5 6 255 186 119
31 5 7 255 186 119
31 5 8 255 186 119
31 5 9 255 186 119
31 5 10 255 186 119
31 5 11 255 186 119
31 5 12 255 186 119
31 5 13 255 186 119
31 5 14 255 186 119
31 5 15 255 186 119
31 5 16 255 186 119
31 5 17 255 186 119
31 5 18 255 186 119
31 5 19 255 186 119
31 5 20 255 186 119
31 5 21 255 186 119
31 5 22 255 186 119
31 5 23 255 186 119
31 5 24 255 186 119
31 5 25 255 186 119
31 5 26 255 186 119
31 5 27 255 186 119
31 5 28 255 186 119
31 5 29 255 186 119
31 5 30 255 186 119
31 5 31 158 216 229
31 6 4 255 186 119
31 6 5 255 186 119
31 6 6 255 186 119
31 6 7 255 186 119
31 6 8 255 186 119
31 6 9 255 186 119
31 6 10 255 186 119
31 6 11 255 186 119
31 6 12 255 186 119
31 6 13 255 186 119
31 6 14 255 186 119
31 6 15 255 186 119
31 6 16 255 186 119
31 6 17 255 186 119
31 6 18 255 186 119
31 6 19 255 186 119
31 6 20 255 186 119
31 6 21 255 186 119
31 6 22 255 186 119
31 6 23 255 186 119
31 6 24 255 186 119
31 6 25 255 186 119
31 6 26 255 186 119
31 6 27 255 186 119
31 6 28 255 186 119
31 6 29 255 186 119
31 6 30 255 186 119
31 6 31 158 216 229
31 7 4 255 186 119
31 7 5 255 186 119
31 7 6 255 186 119
31 7 7 255 186 119
31 7 8 255 186 119
31 7 9 255 186 119
31 7 10 255 186 119
31 7 11 255 186 119
31 7 12 255 186 119
31 7 13 255 186 119
31 7 14 255 186 119
31 7 15 255 186 119
31 7 16 255 186 119
31 7 17 255 186 119
31 7 18 255 186 119
31 7 19 255 186 119
31 7 20 255 186 119
31 7 21 255 186 119
31 7 22 255 186 119
31 7 23 255 186 119
31 7 24 255 186 119
31 7 25 255 186 119
31 7 26 255 186 119
31 7 27 255 186 119
31 7 28 255 186 119
31 7 29 255 186 119
31 7 30 255 186 119
31 7 31 158 216 229
31 8 24 196 175 214
31 8 25 196 175 214
31 8 26 196 175 214
31 8 27 196 175 214
31 8 28 196 175 214
31 8 29 255 186 119
31 8 30 255 186 119
31 8 31 158 216 229
31 9 24 196 175 214
31 9 25 196 175 214
31 9 26 196 175 214
31 9 27 196 175 214
31 9 28 196 175 214
31 9 29 255 186 119
31 9 30 255 186 119
31 9 31 158 216 229
31 10 29 255 186 119
31 10 30 255 186 119
31 10 31 158 216 229
31 11 29 255 186 119
31 11 30 255 186 119
31 11 31 158 216 229
31 12 29 255 186 119
31 12 30 255 186 119
31 12 31 158 216 229
31 13 29 255 186 119
31 13 30 255 186 119
31 13 31 158 216 229
31 14 30 158 216 229
31 14 31 158 216 229
31 15 30 158 216 229
31 15 31 158 216 229
31 16 30 158 216 229
31 16 31 158 216 229
31 17 9 188 188 33
31 17 10 188 188 33
31 17 11 188 188 33
31 17 30 158 216 229
31 17 31 158 216 229
31 18 9 188 188 33
31 18 10 188 188 33
31 18 11 188 188 33
31 18 30 158 216 229
31 18 31 158 216 229
31 19 9 188 188 33
31 19 10 188 188 33
31 19 11 188 188 33
31 19 30 158 216 229
31 19 31 158 216 229
31 20 9 188 188 33
31 20 10 188 188 33
31 20 11 188 188 33
31 20 30 158 216 229
31 20 31 158 216 229
31 21 9 188 188 33
31 21 10 188 188 33
31 21 11 188 188 33
31 21 30 158 216 229
31 21 31 158 216 229
31 22 9 188 188 33
31 22 10 188 188 33
31 22 11 188 188 33
31 22 30 158 216 229
31 22 31 158 216 229
31 23 9 188 188 33
31 23 10 188 188 33
31 23 11 188 188 33
31 23 30 158 216 229
31 23 31 158 216 229
31 24 9 188 188 33
31 24 10 188 188 33
31 24 11 188 188 33
31 24 30 158 216 229
31 24 31 158 216 229
31 25 30 158 216 229
31 25 31 158 216 229
31 26 30 158 216 229
31 26 31 158 216 229
31 27 30 158 216 229
31 27 31 158 216 229
31 28 30 158 216 229
31 28 31 158 216 229
31 29 30 158 216 229
31 29 31 158 216 229
31 30 30 158 216 229
31 30 31 158 216 229
31 31 30 158 216 229
31 31 31 158 216 229
31 32 0 214 38 40
31 32 1 214 38 40
31 32 2 214 38 40
31 32 3 214 38 40
31 32 4 214 38 40
31 32 5 214 38 40
31 32 6 214 38 40
31 32 7 214 38 40
31 32 8 214 38 40
31 32 9 214 38 40
31 32 10 214 38 40
31 32 11 214 38 40
31 32 12 214 38 40
31 32 13 214 38 40
31 32 14 214 38 40
31 32 15 214 38 40
31 32 16 214 38 40
31 32 17 214 38 40
31 32 18 214 38 40
31 32 19 214 38 40
31 32 20 214 38 40
31 32 21 214 38 40
31 32 22 214 38 40
31 32 23 214 38 40
31 32 24 214 38 40
31 32 25 214 38 40
31 32 26 214 38 40
31 32 27 214 38 40
31 32 28 214 38 40
31 32 29 214 38 40
31 32 30 214 38 40
31 32 31 158 216 229
32 0 0 43 160 4
32 0 1 43 160 4
32 0 2 43 160 4
32 0 3 43 160 4
32 0 4 255 186 119
32 0 5 255 186 119
32 0 6 255 186 119
32 0 7 255 186 119
32 0 8 255 186 119
32 0 9 255 186 119
32 0 10 255 186 119
32 0 11 255 186 119
32 0 12 255 186 119
32 0 13 255 186 119
32 0 14 255 186 119
32 0 15 255 186 119
32 0 16 255 186 119
32 0 17 255 186 119
32 0 18 255 186 119
32 0 19 255 186 119
32 0 20 255 186 119
32 0 21 255 186 119
32 0 22 255 186 119
32 0 23 255 186 119
32 0 24 255 186 119
32 0 25 255 186 119
32 0 26 255 186 119
32 0 27 255 186 119
32 0 28 255 186 119
32 0 29 255 186 119
32 0 30 255 186 119
32 0 31 255 186 119
32 1 4 255 186 119
32 1 5 255 186 119
32 1 6 255 186 119
32 1 7 255 186 119
32 1 8 255 186 119
32 1 9 255 186 119
32 1 10 255 186 119
32 1 11 255 186 119
32 1 12 255 186 119
32 1 13 255 186 119
32 1 14 255 186 119
32 1 15 255 186 119
32 1 16 255 186 119
32 1 17 255 186 119
32 1 18 255 186 119
32 1 19 255 186 119
32 1 20 255 186 119
32 1 21 255 186 119
32 1 22 255 186 119
32 1 23 255 186 119
32 1 24 255 186 119
32 1 25 255 186 119
32 1 26 255 186 119
32 1 27 255 186 119
32 1 28 255 186 119
32 1 29 255 186 119
32 1 30 255 186 119
32 1 31 158 216 229
32 2 4 255 186 119
32 2 5 255 186 119
32 2 6 255 186 119
32 2 7 255 186 119
32 2 8 255 186 119
32 2 9 255 186 119
32 2 10 255 186 119
32 2 11 255 186 119
32 2 12 255 186 119
32 2 13 255 186 119
32 2 14 255 186 119
32 2 15 255 186 119
32 2 16 255 186 119
32 2 17 255 186 119
32 2 18 255 186 119
32 2 19 255 186 119
32 2 20 255 186 119
32 2 21 255 186 119
32 2 22 255 186 119
32 2 23 255 186 119
32 2 24 255 186 119
32 2 25 255 186 119
32 2 26 255 186 119
32 2 27 255 186 119
32 2 28 255 186 119
32 2 29 255 186 119
32 2 30 255 186 119
32 2 31 158 216 229
32 3 4 255 186 119
32 3 5 255 186 119
32 3 6 255 186 119
32 3 7 255 186 119
32 3 8 255 186 119
32 3 9 255 186 119
32 3 10 255 186 119
32 3 11 255 186 119
32 3 12 255 186 119
32 3 13 255 186 119
32 3 14 255 186 119
32 3 15 255 186 119
32 3 16 255 186 119
32 3 17 255 186 119
32 3 18 255 186 119
32 3 19 255 186 119
32 3 20 255 186 119
32 3 21 255 186 119
32 3 22 255 186 119
32 3 23 255 186 119
32 3 24 255 186 119
32 3 25 255 186 119
32 3 26 255 186 119
32 3 27 255 186 119
32 3 28 255 186 119
32 3 29 255 186 119
32 3 30 255 186 119
32 3 31 158 216 229
32 4 4 255 186 119
32 4 5 255 186 119
32 4 6 255 186 119
32 4 7 255 186 119
32 4 8 255 186 119
32 4 9 255 186 119
32 4 10 255 186 119
32 4 11 255 186 119
32 4 12 255 186 119
32 4 13 255 186 119
32 4 14 255 186 119
32 4 15 255 186 119
32 4 16 255 186 119
32 4 17 255 186 119
32 4 18 255 186 119
32 4 19 255 186 119
32 4 20 255 186 119
32 4 21 255 186 119
32 4 22 255 186 119
32 4 23 255 186 119
32 4 24 255 186 119
32 4 25 255 186 119
32 4 26 255 186 119
32 4 27 255 186 119
32 4 28 255 186 119
32 4 29 255 186 119
32 4 30 255 186 119
32 4 31 158 216 229
32 5 4 255 186 119
32 5 5 255 186 119
32 5 6 255 186 119
32 5 7 255 186 119
32 5 8 255 186 119
32 5 9 255 186 119
32 5 10 255 186 119
32 5 11 255 186 119
32 5 12 255 186 119
32 5 13 255 186 119
32 5 14 255 186 119
32 5 15 255 186 119
32 5 16 255 186 119
32 5 17 255 186 119
32 5 18 255 186 119
32 5 19 255 186 119
32 5 20 255 186 119
32 5 21 255 186 119
32 5 22 255 186 119
32 5 23 255 186 119
32 5 24 255 186 119
32 5 25 255 186 119
32 5 26 255 186 119
32 5 27 255 186 119
32 5 28 255 186 119
32 5 29 255 186 119
32 5 30 255 186 119
32 5 31 158 216 229
32 6 4 255 186 119
32 6 5 255 186 119
32 6 6 255 186 119
32 6 7 255 186 119
32 6 8 255 186 119
32 6 9 255 186 119
32 6 10 255 186 119
32 6 11 255 186 119
32 6 12 255 186 119
32 6 13 255 186 119
32 6 14 255 186 119
32 6 15 255 186 119
32 6 16 255 186 119
32 6 17 255 186 119
32 6 18 255 186 119
32 6 19 255 186 119
32 6 20 255 186 119
32 6 21 255 186 119
32 6 22 255 186 119
32 6 23 255 186 119
32 6 24 255 186 119
32 6 25 255 186 119
32 6 26 255 186 119
32 6 27 255 186 119
32 6 28 255 186 119
32 6 29 255 186 119
32 6 30 255 186 119
32 6 31 158 216 229
32 7 4 255 186 119
32 7 5 255 186 119
32 7 6 255 186 119
32 7 7 255 186 119
32 7 8 255 186 119
32 7 9 255 186 119
32 7 10 255 186 119
32 7 11 255 186 119
32 7 12 255 186 119
32 7 13 255 186 119
32 7 14 255 186 119
32 7 15 255 186 119
32 7 16 255 186 119
32 7 17 255 186 119
32 7 18 255 186 119
32 7 19 255 186 119
32 7 20 255 186 119
32 7 21 255 186 119
32 7 22 255 186 119
32 7 23 255 186 119
32 7 24 255 186 119
32 7 25 255 186 119
32 7 26 255 186 119
32 7 27 255 186 119
32 7 28 255 186 119
32 7 29 255 186 119
32 7 30 255 186 119
32 7 31 158 216 229
32 8 24 196 175 214
32 8 25 196 175 214
32 8 26 196 175 214
32 8 27 196 175 214
32 8 28 196 175 214
32 8 29 255 186 119
32 8 30 255 186 119
32 8 31 158 216 229
32 9 24 196 175 214
32 9 25 196 175 214
32 9 26 196 175 214
32 9 27 196 175 214
32 9 28 196 175 214
32 9 29 255 186 119
32 9 30 255 186 119
32 9 31 158 216 229
32 10 29 255 186 119
32 10 30 255 186 119
32 10 31 158 216 229
32 11 29 255 186 119
32 11 30 255 186 119
32 11 31 158 216 229
32 12 29 255 186 119
32 12 30 255 186 119
32 12 31 158 216 229
32 13 29 255 186 119
32 13 30 255 186 119
32 13 31 158 216 229
32 14 31 158 216 229
32 15 31 158 216 229
32 16 31 158 216 229
32 17 10 188 188 33
32 17 11 188 188 33
32 17 31 158 216 229
32 18 9 188 188 33
32 18 10 188 188 33
32 18 11 188 188 33
32 18 31 158 216 229
32 19 9 188 188 33
32 19 10 188 188 33
32 19 11 188 188 33
32 19 31 158 216 229
32 20 9 188 188 33
32 20 10 188 188 33
32 20 11 188 188 33
32 20 31 158 216 229
32 21 9 188 188 33
32 21 10 188 188 33
32 21 11 188 188 33
32 21 31 158 216 229
32 22 9 188 188 33
32 22 10 188 188 33
32 22 11 188 188 33
32 22 31 158 216 229
32 23 9 188 188 33
32 23 10 188 188 33
32 23 11 188 188 33
32 23 31 158 216 229
32 24 10 188 188 33
32 24 11 188 188 33
32 24 31 158 216 229
32 25 31 158 216 229
32 26 31 158 216 229
32 27 31 158 216 229
32 28 31 158 216 229
32 29 31 158 216 229
32 30 31 158 216 229
32 31 31 158 216 229
32 32 0 214 38 40
32 32 1 214 38 40
32 32 2 214 38 40
32 32 3 214 38 40
32 32 4 214 38 40
32 32 5 214 38 40
32 32 6 214 38 40
32 32 7 214 38 40
32 32 8 214 38 40
32 32 9 214 38 40
32 32 10 214 38 40
32 32 11 214 38 40
32 32 12 214 38 40
32 32 13 214 38 40
32 32 14 214 38 40
32 32 15 214 38 40
32 32 16 214 38 40
32 32 17 214 38 40
32 32 18 214 38 40
32 32 19 214 38 40
32 32 20 214 38 40
32 32 21 214 38 40
32 32 22 214 38 40
32 32 23 214 38 40
32 32 24 214 38 40
32 32 25 214 38 40
32 32 26 214 38 40
32 32 27 214 38 40
32 32 28 214 38 40
32 32 29 214 38 40
32 32 30 214 38 40
32 32 31 158 216 229
33 0 0 43 160 4
33 0 1 43 160 4
33 0 2 43 160 4
33 0 3 43 160 4
33 0 4 255 186 119
33 0 5 255 186 119
33 0 6 255 186 119
33 0 7 255 186 119
33 0 8 255 186 119
33 0 9 255 186 119
33 0 10 255 186 119
33 0 11 255 186 119
33 0 12 255 186 119
33 0 13 255 186 119
33 0 14 255 186 119
33 0 15 255 186 119
33 0 16 255 186 119
33 0 17 255 186 119
33 0 18 255 186 119
33 0 19 255 186 119
33 0 20 255 186 119
33 0 21 255 186 119
33 0 22 255 186 119
33 0 23 255 186 119
33 0 24 255 186 119
33 0 25 255 186 119
33 0 26 255 186 119
33 0 27 255 186 119
33 0 28 255 186 119
33 0 29 255 186 119
33 0 30 255 186 119
33 0 31 255 186 119
33 1 4 255 186 119
33 1 5 255 186 119
33 1 6 255 186 119
33 1 7 255 186 119
33 1 8 255 186 119
33 1 9 255 186 119
33 1 10 255 186 119
33 1 11 255 186 119
33 1 12 255 186 119
33 1 13 255 186 119
33 1 14 255 186 119
33 1 15 255 186 119
33 1 16 255 186 119
33 1 17 255 186 119
33 1 18 255 186 119
33 1 19 255 186 119
33 1 20 255 186 119
33 1 21 255 186 119
33 1 22 255 186 119
33 1 23 255 186 119
33 1 24 255 186 119
33 1 25 255 186 119
33 1 26 255 186 119
33 1 27 255 186 119
33 1 28 255 186 119
33 1 29 255 186 119
33 1 30 255 186 119
33 1 31 255 186 119
33 2 4 255 186 119
33 2 5 255 186 119
33 2 6 255 186 119
33 2 7 255 186 119
33 2 8 255 186 119
33 2 9 255 186 119
33 2 10 255 186 119
33 2 11 255 186 119
33 2 12 255 186 119
33 2 13 255 186 119
33 2 14 255 186 119
33 2 15 255 186 119
33 2 16 255 186 119
33 2 17 255 186 119
33 2 18 255 186 119
33 2 19 255 186 119
33 2 20 255 186 119
33 2 21 255 186 119
33 2 22 255 186 119
33 2 23 255 186 119
33 2 24 255 186 119
33 2 25 255 186 119
33 2 26 255 186 119
33 2 27 255 186 119
33 2 28 255 186 119
33 2 29 255 186 119
33 2 30 255 186 119
33 2 31 255 186 119
33 3 4 255 186 119
33 3 5 255 186 119
33 3 6 255 186 119
33 3 7 255 186 119
33 3 8 255 186 119
33 3 9 255 186 119
33 3 10 255 186 119
33 3 11 255 186 119
33 3 12 255 186 119
33 3 13 255 186 119
33 3 14 255 186 119
33 3 15 255 186 119
33 3 16 255 186 119
33 3 17 255 186 119
33 3 18 255 186 119
33 3 19 255 186 119
33 3 20 255 186 119
33 3 21 255 186 119
33 3 22 255 186 119
33 3 23 255 186 119
33 3 24 255 186 119
33 3 25 255 186 119
33 3 26 255 186 119
33 3 27 255 186 119
33 3 28 255 186 119
33 3 29 255 186 119
33 3 30 255 186 119
33 3 31 255 186 119
33 4 4 255 186 119
33 4 5 255 186 119
33 4 6 255 186 119
33 4 7 255 186 119
33 4 8 255 186 119
33 4 9 255 186 119
33 4 10 255 186 119
33 4 11 255 186 119
33 4 12 255 186 119
33 4 13 255 186 119
33 4 14 255 186 119
33 4 15 255 186 119
33 4 16 255 186 119
33 4 17 255 186 119
33 4 18 255 186 119
33 4 19 255 186 119
33 4 20 255 186 119
33 4 21 255 186 119
33 4 22 255 186 119
33 4 23 255 186 119
33 4 24 255 186 119
33 4 25 255 186 119
33 4 26 255 186 119
33 4 27 255 186 119
33 4 28 255 186 119
33 4 29 255 186 119
33 4 30 255 186 119
33 4 31 255 186 119
33 5 4 255 186 119
33 5 5 255 186 119
33 5 6 255 186 119
33 5 7 255 186 119
33 5 8 255 186 119
33 5 9 255 186 119
33 5 10 255 186 119
33 5 11 255 186 119
33 5 12 255 186 119
33 5 13 255 186 119
33 5 14 255 186 119
33 5 15 255 186 119
33 5 16 255 186 119
33 5 17 255 186 119
33 5 18 255 186 119
33 5 19 255 186 119
33 5 20 255 186 119
33 5 21 255 186 119
33 5 22 255 186 119
33 5 23 255 186 119
33 5 24 255 186 119
33 5 25 255 186 119
33 5 26 255 186 119
33 5 27 255 186 119
33 5 28 255 186 119
33 5 29 255 186 119
33 5 30 255 186 119
33 5 31 255 186 119
33 6 4 255 186 119
33 6 5 255 186 119
33 6 6 255 186 119
33 6 7 255 186 119
33 6 8 255 186 119
33 6 9 255 186 119
33 6 10 255 186 119
33 6 11 255 186 119
33 6 12 255 186 119
33 6 13 255 186 119
33 6 14 255 186 119
33 6 15 255 186 119
33 6 16 255 186 119
33 6 17 255 186 119
33 6 18 255 186 119
33 6 19 255 186 119
33 6 20 255 186 119
33 6 21 255 186 119
33 6 22 255 186 119
33 6 23 255 186 119
33 6 24 255 186 119
33 6 25 255 186 119
33 6 26 255 186 119
33 6 27 255 186 119
33 6 28 255 186 119
33 6 29 255 186 119
33 6 30 255 186 119
33 6 31 255 186 119
33 7 4 255 186 119
33 7 5 255 186 119
33 7 6 255 186 119
33 7 7 255 186 119
33 7 8 255 186 119
33 7 9 255 186 119
33 7 10 255 186 119
33 7 11 255 186 119
33 7 12 255 186 119
33 7 13 255 186 119
33 7 14 255 186 119
33 7 15 255 186 119
33 7 16 255 186 119
33 7 17 255 186 119
33 7 18 255 186 119
33 7 19 255 186 119
33 7 20 255 186 119
33 7 21 255 186 119
33 7 22 255 186 119
33 7 23 255 186 119
33 7 24 255 186 119
33 7 25 255 186 119
33 7 26 255 186 119
33 7 27 255 186 119
33 7 28 255 186 119
33 7 29 255 186 119
33 7 30 255 186 119
33 7 31 255 186 119
33 8 24 196 175 214
33 8 25 196 175 214
33 8 26 196 175 214
33 8 27 196 175 214
33 8 28 196 175 214
33 8 29 196 175 214
33 8 30 255 186 119
33 8 31 255 186 119
33 9 24 196 175 214
33 9 25 196 175 214
33 9 26 196 175 214
33 9 27 196 175 214
33 9 28 196 175 214
33 9 29 255 186 119
33 9 30 255 186 119
33 9 31 255 186 119
33 10 29 255 186 119
33 10 30 255 186 119
33 10 31 255 186 119
33 11 29 255 186 119
33 11 30 255 186 119
33 11 31 255 186 119
33 12 29 255 186 119
33 12 30 255 186 119
33 12 31 255 186 119
33 13 30 255 186 119
33 13 31 158 216 229
33 14 31 158 216 229
33 15 31 158 216 229
33 16 31 158 216 229
33 17 10 188 188 33
33 17 11 188 188 33
33 17 12 188 188 33
33 17 31 158 216 229
33 18 10 188 188 33
33 18 11 188 188 33
33 18 12 188 188 33
33 18 31 158 216 229
33 19 10 188 188 33
33 19 11 188 188 33
33 19 12 188 188 33
33 19 31 158 216 229
33 20 10 188 188 33
33 20 11 188 188 33
33 20 12 188 188 33
33 20 31 158 216 229
33 21 10 188 188 33
33 21 11 188 188 33
33 21 12 188 188 33
33 21 31 158 216 229
33 22 10 188 188 33
33 22 11 188 188 33
33 22 12 188 188 33
33 22 31 158 216 229
33 23 10 188 188 33
33 23 11 188 188 33
33 23 12 188 188 33
33 23 31 158 216 229
33 24 10 188 188 33
33 24 11 188 188 33
33 24 12 188 188 33
33 24 31 158 216 229
33 25 31 158 216 229
33 26 31 158 216 229
33 27 31 158 216 229
33 28 31 158 216 229
33 29 31 158 216 229
33 30 31 158 216 229
33 31 31 158 216 229
33 32 0 214 38 40
33 32 1 214 38 40
33 32 2 214 38 40
33 32 3 214 38 40
33 32 4 214 38 40
33 32 5 214 38 40
33 32 6 214 38 40
33 32 7 214 38 40
33 32 8 214 38 40
33 32 9 214 38 40
33 32 10 214 38 40
33 32 11 214 38 40
33 32 12 214 38 40
33 32 13 214 38 40
33 32 14 214 38 40
33 32 15 214 38 40
33 32 16 214 38 40
33 32 17 214 38 40
33 32 18 214 38 40
33 32 19 214 38 40
33 32 20 214 38 40
33 32 21 214 38 40
33 32 22 214 38 40
33 32 23 214 38 40
33 32 24 214 38 40
33 32 25 214 38 40
33 32 26 214 38 40
33 32 27 214 38 40
33 32 28 214 38 40
33 32 29 214 38 40
33 32 30 214 38 40
33 32 31 158 216 229
34 0 0 43 160 4
34 0 1 43 160 4
34 0 2 43 160 4
34 0 3 43 160 4
34 0 4 255 186 119
34 0 5 255 186 119
34 0 6 255 186 119
34 0 7 255 186 119
34 0 8 255 186 119
34 0 9 255 186 119
34 0 10 255 186 119
34 0 11 255 186 119
34 0 12 255 186 119
34 0 13 255 186 119
34 0 14 255 186 119
34 0 15 255 186 119
34 0 16 255 186 119
34 0 17 255 186 119
34 0 18 255 186 119
34 0 19 255 186 119
34 0 20 255 186 119
34 0 21 255 186 119
34 0 22 255 186 119
34 0 23 255 186 119
34 0 24 255 186 119
34 0 25 255 186 119
34 0 26 255 186 119
34 0 27 255 186 119
34 0 28 255 186 119
34 0 29 255 186 119
34 0 30 255 186 119
34 0 31 255 186 119
34 1 4 255 186 119
34 1 5 255 186 119
34 1 6 255 186 119
34 1 7 255 186 119
34 1 8 255 186 119
34 1 9 255 186 119
34 1 10 255 186 119
34 1 11 255 186 119
34 1 12 255 186 119
34 1 13 255 186 119
34 1 14 255 186 119
34 1 15 255 186 119
34 1 16 255 186 119
34 1 17 255 186 119
34 1 18 255 186 119
34 1 19 255 186 119
34 1 20 255 186 119
34 1 21 255 186 119
34 1 22 255 186 119
34 1 23 255 186 119
34 1 24 255 186 119
34 1 25 255 186 119
34 1 26 255 186 119
34 1 27 255 186 119
34 1 28 255 186 119
34 1 29 255 186 119
34 1 30 255 186 119
34 1 31 255 186 119
34 2 4 255 186 119
34 2 5 255 186 119
34 2 6 255 186 119
34 2 7 255 186 119
34 2 8 255 186 119
34 2 9 255 186 119
34 2 10 255 186 119
34 2 11 255 186 119
34 2 12 255 186 119
34 2 13 255 186 119
34 2 14 255 186 119
34 2 15 255 186 119
34 2 16 255 186 119
34 2 17 255 186 119
34 2 18 255 186 119
34 2 19 255 186 119
34 2 20 255 186 119
34 2 21 255 186 119
34 2 22 255 186 119
34 2 23 255 186 119
34 2 24 255 186 119
34 2 25 255 186 119
34 2 26 255 186 119
34 2 27 255 186 119
34 2 28 255 186 119
34 2 29 255 186 119
34 2 30 255 186 119
34 2 31 255 186 119
34 3 4 255 186 119
34 3 5 255 186 119
34 3 6 255 186 119
34 3 7 255 186 119
34 3 8 255 186 119
34 3 9 255 186 119
34 3 10 255 186 119
34 3 11 255 186 119
34 3 12 255 186 119
34 3 13 255 186 119
34 3 14 255 186 119
34 3 15 255 186 119
34 3 16 255 186 119
34 3 17 255 186 119
34 3 18 255 186 119
34 3 19 255 186 119
34 3 20 255 186 119
34 3 21 255 186 119
34 3 22 255 186 119
34 3 23 255 186 119
34 3 24 255 186 119
34 3 25 255 186 119
34 3 26 255 186 119
34 3 27 255 186 119
34 3 28 255 186 119
34 3 29 255 186 119
34 3 30 255 186 119
34 3 31 255 186 119
34 4 4 255 186 119
34 4 5 255 186 119
34 4 6 255 186 119
34 4 7 255 186 119
34 4 8 255 186 119
34 4 9 255 186 119
34 4 10 255 186 119
34 4 11 255 186 119
34 4 12 255 186 119
34 4 13 255 186 119
34 4 14 255 186 119
34 4 15 255 186 119
34 4 16 255 186 119
34 4 17 255 186 119
34 4 18 255 186 119
34 4 19 255 186 119
34 4 20 255 186 119
34 4 21 255 186 119
34 4 22 255 186 119
34 4 23 255 186 119
34 4 24 255 186 119
34 4 25 255 186 119
34 4 26 255 186 119
34 4 27 255 186 119
34 4 28 255 186 119
34 4 29 255 186 119
34 4 30 255 186 119
34 4 31 255 186 119
34 5 4 255 186 119
34 5 5 255 186 119
34 5 6 255 186 119
34 5 7 255 186 119
34 5 8 255 186 119
34 5 9 255 186 119
34 5 10 255 186 119
34 5 11 255 186 119
34 5 12 255 186 119
34 5 13 255 186 119
34 5 14 255 186 119
34 5 15 255 186 119
34 5 16 255 186 119
34 5 17 255 186 119
34 5 18 255 186 119
34 5 19 255 186 119
34 5 20 255 186 119
34 5 21 255 186 119
34 5 22 255 186 119
34 5 23 255 186 119
34 5 24 255 186 119
34 5 25 255 186 119
34 5 26 255 186 119
34 5 27 255 186 119
34 5 28 255 186 119
34 5 29 255 186 119
34 5 30 255 186 119
34 5 31 255 186 119
34 6 4 255 186 119
34 6 5 255 186 119
34 6 6 255 186 119
34 6 7 255 186 119
34 6 8 255 186 119
34 6 9 255 186 119
34 6 10 255 186 119
34 6 11 255 186 119
34 6 12 255 186 119
34 6 13 255 186 119
34 6 14 255 186 119
34 6 15 255 186 119
34 6 16 255 186 119
34 6 17 255 186 119
34 6 18 255 186 119
34 6 19 255 186 119
34 6 20 255 186 119
34 6 21 255 186 119
34 6 22 255 186 119
34 6 23 255 186 119
34 6 24 255 186 119
34 6 25 255 186 119
34 6 26 255 186 119
34 6 27 255 186 119
34 6 28 255 186 119
34 6 29 255 186 119
34 6 30 255 186 119
34 6 31 255 186 119
34 7 4 255 186 119
34 7 5 255 186 119
34 7 6 255 186 119
34 7 7 255 186 119
34 7 8 255 186 119
34 7 9 255 186 119
34 7 10 255 186 119
34 7 11 255 186 119
34 7 12 255 186 119
34 7 13 255 186 119
34 7 14 255 186 119
34 7 15 255 186 119
34 7 16 255 186 119
34 7 17 255 186 119
34 7 18 255 186 119
34 7 19 255 186 119
34 7 20 255 186 119
34 7 21 255 186 119
34 7 22 255 186 119
34 7 23 255 186 119
34 7 24 255 186 119
34 7 25 255 186 119
34 7 26 255 186 119
34 7 27 255 186 119
34 7 28 255 186 119
34 7 29 255 186 119
34 7 30 255 186 119
34 7 31 255 186 119
34 8 30 255 186 119
34 8 31 255 186 119
34 9 30 255 186 119
34 9 31 255 186 119
34 10 30 255 186 119
34 10 31 255 186 119
34 11 30 255 186 119
34 11 31 255 186 119
34 12 30 255 186 119
34 12 31 255 186 119
34 13 30 255 186 119
34 13 31 158 216 229
34 14 31 158 216 229
34 15 31 158 216 229
34 16 31 158 216 229
34 17 10 188 188 33
34 17 11 188 188 33
34 17 12 188 188 33
34 17 31 158 216 229
34 18 10 188 188 33
34 18 11 188 188 33
34 18 12 188 188 33
34 18 31 158 216 229
34 19 10 188 188 33
34 19 11 188 188 33
34 19 12 188 188 33
34 19 31 158 216 229
34 20 10 188 188 33
34 20 11 188 188 33
34 20 12 188 188 33
34 20 31 158 216 229
34 21 10 188 188 33
34 21 11 188 188 33
34 21 12 188 188 33
34 21 31 158 216 229
34 22 10 188 188 33
34 22 11 188 188 33
34 22 12 188 188 33
34 22 31 158 216 229
34 23 10 188 188 33
34 23 11 188 188 33
34 23 12 188 188 33
34 23 31 158 216 229
34 24 10 188 188 33
34 24 11 188 188 33
34 24 12 188 188 33
34 24 31 158 216 229
34 25 31 158 216 229
34 26 31 158 216 229
34 27 31 158 216 229
34 28 31 158 216 229
34 29 31 158 216 229
34 30 31 158 216 229
34 31 31 158 216 229
34 32 0 214 38 40
34 32 1 214 38 40
34 32 2 214 38 40
34 32 3 214 38 40
34 32 4 214 38 40
34 32 5 214 38 40
34 32 6 214 38 40
34 32 7 214 38 40
34 32 8 214 38 40
34 32 9 214 38 40
34 32 10 214 38 40
34 32 11 214 38 40
34 32 12 214 38 40
34 32 13 214 38 40
34 32 14 214 38 40
34 32 15 214 38 40
34 32 16 214 38 40
34 32 17 214 38 40
34 32 18 214 38 40
34 32 19 214 38 40
34 32 20 214 38 40
34 32 21 214 38 40
34 32 22 214 38 40
34 32 23 214 38 40
34 32 24 214 38 40
34 32 25 214 38 40
34 32 26 214 38 40
34 32 27 214 38 40
34 32 28 214 38 40
34 32 29 214 38 40
34 32 30 214 38 40
34 32 31 158 216 229
35 0 0 43 160 4
35 0 1 43 160 4
35 0 2 43 160 4
35 0 3 43 160 4
35 0 4 43 160 4
35 0 5 255 186 119
35 0 6 255 186 119
35 0 7 255 186 119
35 0 8 255 186 119
35 0 9 255 186 119
35 0 10 255 186 119
35 0 11 255 186 119
35 0 12 255 186 119
35 0 13 255 186 119
35 0 14 255 186 119
35 0 15 255 186 119
35 0 16 255 186 119
35 0 17 255 186 119
35 0 18 43 160 4
35 0 19 43 160 4
35 0 20 43 160 4
35 0 21 43 160 4
35 0 22 43 160 4
35 0 23 43 160 4
35 0 24 43 160 4
35 0 25 43 160 4
35 0 26 43 160 4
35 0 27 255 127 12
35 0 28 255 127 12
35 0 29 255 127 12
35 0 30 43 160 4
35 0 31 158 216 229
35 1 4 255 186 119
35 1 5 255 186 119
35 1 6 255 186 119
35 1 7 255 186 119
35 1 8 255 186 119
35 1 9 255 186 119
35 1 10 255 186 119
35 1 11 255 186 119
35 1 12 255 186 119
35 1 13 255 186 119
35 1 14 255 186 119
35 1 15 255 186 119
35 1 16 255 186 119
35 1 17 255 186 119
35 1 18 255 186 119
35 1 19 255 186 119
35 1 20 255 186 119
35 1 21 255 186 119
35 1 22 255 186 119
35 1 23 255 186 119
35 1 24 255 186 119
35 1 25 255 186 119
35 1 26 255 186 119
35 1 27 255 127 12
35 1 28 255 127 12
35 1 29 255 127 12
35 1 30 255 127 12
35 1 31 158 216 229
35 2 4 255 186 119
35 2 5 255 186 119
35 2 6 255 186 119
35 2 7 255 186 119
35 2 8 255 186 119
35 2 9 255 186 119
35 2 10 255 186 119
35 2 11 255 186 119
35 2 12 255 186 119
35 2 13 255 186 119
35 2 14 255 186 119
35 2 15 255 186 119
35 2 16 255 186 119
35 2 17 255 186 119
35 2 18 255 186 119
35 2 19 255 186 119
35 2 20 255 186 119
35 2 21 255 186 119
35 2 22 255 186 119
35 2 23 255 186 119
35 2 24 255 186 119
35 2 25 255 186 119
35 2 26 255 186 119
35 2 27 255 127 12
35 2 28 255 127 12
35 2 29 255 127 12
35 2 30 255 127 12
35 2 31 158 216 229
35 3 4 255 186 119
35 3 5 255 186 119
35 3 6 255 186 119
35 3 7 255 186 119
35 3 8 255 186 119
35 3 9 255 186 119
35 3 10 255 186 119
35 3 11 255 186 119
35 3 12 255 186 119
35 3 13 255 186 119
35 3 14 255 186 119
35 3 15 255 186 119
35 3 16 255 186 119
35 3 17 255 186 119
35 3 18 255 186 119
35 3 19 255 186 119
35 3 20 255 186 119
35 3 21 255 186 119
35 3 22 255 186 119
35 3 23 255 186 119
35 3 24 255 186 119
35 3 25 255 186 119
35 3 26 255 186 119
35 3 27 255 127 12
35 3 28 255 127 12
35 3 29 255 127 12
35 3 30 255 127 12
35 3 31 158 216 229
35 4 4 255 186 119
35 4 5 255 186 119
35 4 6 255 186 119
35 4 7 255 186 119
35 4 8 255 186 119
35 4 9 255 186 119
35 4 10 255 186 119
35 4 11 255 186 119
35 4 12 255 186 119
35 4 13 255 186 119
35 4 14 255 186 119
35 4 15 255 186 119
35 4 16 255 186 119
35 4 17 255 186 119
35 4 18 255 186 119
35 4 19 255 186 119
35 4 20 255 186 119
35 4 21 255 186 119
35 4 22 255 186 119
35 4 23 255 186 119
35 4 24 255 186 119
35 4 25 255 186 119
35 4 26 255 186 119
35 4 27 255 127 12
35 4 28 255 127 12
35 4 29 255 127 12
35 4 30 255 127 12
35 4 31 158 216 229
35 5 4 255 186 119
35 5 5 255 186 119
35 5 6 255 186 119
35 5 7 255 186 119
35 5 8 255 186 119
35 5 9 255 186 119
35 5 10 255 186 119
35 5 11 255 186 119
35 5 12 255 186 119
35 5 13 255 186 119
35 5 14 255 186 119
35 5 15 255 186 119
35 5 16 255 186 119
35 5 17 255 186 119
35 5 18 255 186 119
35 5 19 255 186 119
35 5 20 255 186 119
35 5 21 255 186 119
35 5 22 255 186 119
35 5 23 255 186 119
35 5 24 255 186 119
35 5 25 255 186 119
35 5 26 255 186 119
35 5 27 255 127 12
35 5 28 255 127 12
35 5 29 255 127 12
35 5 30 255 127 12
35 5 31 158 216 229
35 6 4 255 186 119
35 6 5 255 186 119
35 6 6 255 186 119
35 6 7 255 186 119
35 6 8 255 186 119
35 6 9 255 186 119
35 6 10 255 186 119
35 6 11 255 186 119
35 6 12 255 186 119
35 6 13 255 186 119
35 6 14 255 186 119
35 6 15 255 186 119
35 6 16 255 186 119
35 6 17 255 186 119
35 6 18 255 186 119
35 6 19 255 186 119
35 6 20 255 186 119
35 6 21 255 186 119
35 6 22 255 186 119
35 6 23 255 186 119
35 6 24 255 186 119
35 6 25 255 186 119
35 6 26 255 186 119
35 6 27 255 127 12
35 6 28 255 127 12
35 6 29 255 127 12
35 6 30 255 127 12
35 6 31 158 216 229
35 7 4 255 186 119
35 7 5 255 186 119
35 7 6 255 186 119
35 7 7 255 186 119
35 7 8 255 186 119
35 7 9 255 186 119
35 7 10 255 186 119
35 7 11 255 186 119
35 7 12 255 186 119
35 7 13 255 186 119
35 7 14 255 186 119
35 7 15 255 186 119
35 7 16 255 186 119
35 7 17 255 186 119
35 7 18 255 186 119
35 7 19 255 186 119
35 7 20 255 186 119
35 7 21 255 186 119
35 7 22 255 186 119
35 7 23 255 186 119
35 7 24 255 186 119
35 7 25 255 186 119
35 7 26 255 186 119
35 7 27 255 186 119
35 7 28 196 175 214
35 7 29 196 175 214
35 7 31 158 216 229
35 8 28 196 175 214
35 8 29 196 175 214
35 8 31 158 216 229
35 9 31 158 216 229
35 10 31 158 216 229
35 11 31 158 216 229
35 12 31 158 216 229
35 13 31 158 216 229
35 14 31 158 216 229
35 15 31 158 216 229
35 16 31 158 216 229
35 17 10 188 188 33
35 17 11 188 188 33
35 17 12 188 188 33
35 17 31 158 216 229
35 18 10 188 188 33
35 18 11 188 188 33
35 18 12 188 188 33
35 18 31 158 216 229
35 19 10 188 188 33
35 19 11 188 188 33
35 19 12 188 188 33
35 19 31 158 216 229
35 20 10 188 188 33
35 20 11 188 188 33
35 20 12 188 188 33
35 20 31 158 216 229
35 21 10 188 188 33
35 21 11 188 188 33
35 21 12 188 188 33
35 21 31 158 216 229
35 22 10 188 188 33
35 22 11 188 188 33
35 22 12 188 188 33
35 22 31 158 216 229
35 23 10 188 188 33
35 23 11 188 188 33
35 23 12 188 188 33
35 23 31 158 216 229
35 24 10 188 188 33
35 24 11 188 188 33
35 24 12 188 188 33
35 24 31 158 216 229
35 25 31 158 216 229
35 26 31 158 216 229
35 27 31 158 216 229
35 28 31 158 216 229
35 29 31 158 216 229
35 30 31 158 216 229
35 31 31 158 216 229
35 32 0 214 38 40
35 32 1 214 38 40
35 32 2 214 38 40
35 32 3 214 38 40
35 32 4 214 38 40
35 32 5 214 38 40
35 32 6 214 38 40
35 32 7 214 38 40
35 32 8 214 38 40
35 32 9 214 38 40
35 32 10 214 38 40
35 32 11 214 38 40
35 32 12 214 38 40
35 32 13 214 38 40
35 32 14 214 38 40
35 32 15 214 38 40
35 32 16 214 38 40
35 32 17 214 38 40
35 32 18 214 38 40
35 32 19 214 38 40
35 32 20 214 38 40
35 32 21 214 38 40
35 32 22 214 38 40
35 32 23 214 38 40
35 32 24 214 38 40
35 32 25 214 38 40
35 32 26 214 38 40
35 32 27 214 38 40
35 32 28 214 38 40
35 32 29 214 38 40
35 32 30 214 38 40
35 32 31 158 216 229
36 0 0 43 160 4
36 0 1 43 160 4
36 0 2 43 160 4
36 0 3 43 160 4
36 0 4 43 160 4
36 0 5 43 160 4
36 0 6 43 160 4
36 0 7 43 160 4
36 0 8 43 160 4
36 0 9 43 160 4
36 0 10 43 160 4
36 0 11 43 160 4
36 0 12 43 160 4
36 0 13 43 160 4
36 0 14 43 160 4
36 0 15 43 160 4
36 0 16 43 160 4
36 0 17 43 160 4
36 0 18 43 160 4
36 0 19 43 160 4
36 0 20 43 160 4
36 0 21 43 160 4
36 0 22 43 160 4
36 0 23 43 160 4
36 0 24 43 160 4
36 0 25 255 127 12
36 0 26 255 127 12
36 0 27 255 127 12
36 0 28 255 127 12
36 0 29 255 127 12
36 0 30 43 160 4
36 0 31 43 160 4
36 1 4 255 186 119
36 1 25 255 127 12
36 1 26 255 127 12
36 1 27 255 127 12
36 1 28 255 127 12
36 1 29 255 127 12
36 1 30 255 127 12
36 1 31 158 216 229
36 2 4 255 186 119
36 2 25 255 127 12
36 2 26 255 127 12
36 2 27 255 127 12
36 2 28 255 127 12
36 2 29 255 127 12
36 2 30 255 127 12
36 2 31 158 216 229
36 3 4 255 186 119
36 3 25 255 127 12
36 3 26 255 127 12
36 3 27 255 127 12
36 3 28 255 127 12
36 3 29 255 127 12
36 3 30 255 127 12
36 3 31 158 216 229
36 4 4 255 186 119
36 4 25 255 127 12
36 4 26 255 127 12
36 4 27 255 127 12
36 4 28 255 127 12
36 4 29 255 127 12
36 4 30 255 127 12
36 4 31 158 216 229
36 5 4 255 186 119
36 5 25 255 127 12
36 5 26 255 127 12
36 5 27 255 127 12
36 5 28 255 127 12
36 5 29 255 127 12
36 5 30 255 127 12
36 5 31 158 216 229
36 6 4 255 186 119
36 6 25 255 127 12
36 6 26 255 127 12
36 6 27 255 127 12
36 6 28 255 127 12
36 6 29 255 127 12
36 6 30 255 127 12
36 6 31 158 216 229
36 7 28 196 175 214
36 7 29 196 175 214
36 7 31 158 216 229
36 8 28 196 175 214
36 8 29 196 175 214
36 8 31 158 216 229
36 9 28 196 175 214
36 9 29 196 175 214
36 9 31 158 216 229
36 10 31 158 216 229
36 11 31 158 216 229
36 12 31 158 216 229
36 13 31 158 216 229
36 14 31 158 216 229
36 15 31 158 216 229
36 16 31 158 216 229
36 17 11 188 188 33
36 17 12 188 188 33
36 17 13 188 188 33
36 17 31 158 216 229
36 18 11 188 188 33
36 18 12 188 188 33
36 18 13 188 188 33
36 18 31 158 216 229
36 19 11 188 188 33
36 19 12 188 188 33
36 19 13 188 188 33
36 19 31 158 216 229
36 20 11 188 188 33
36 20 12 188 188 33
36 20 13 188 188 33
36 20 31 158 216 229
36 21 11 188 188 33
36 21 12 188 188 33
36 21 13 188 188 33
36 21 31 158 216 229
36 22 11 188 188 33
36 22 12 188 188 33
36 22 13 188 188 33
36 22 31 158 216 229
36 23 11 188 188 33
36 23 12 188 188 33
36 23 13 188 188 33
36 23 31 158 216 229
36 24 11 188 188 33
36 24 12 188 188 33
36 24 13 188 188 33
36 24 31 158 216 229
36 25 31 158 216 229
36 26 31 158 216 229
36 27 31 158 216 229
36 28 31 158 216 229
36 29 31 158 216 229
36 30 31 158 216 229
36 31 31 158 216 229
36 32 0 214 38 40
36 32 1 214 38 40
36 32 2 214 38 40
36 32 3 214 38 40
36 32 4 214 38 40
36 32 5 214 38 40
36 32 6 214 38 40
36 32 7 214 38 40
36 32 8 214 38 40
36 32 9 214 38 40
36 32 10 214 38 40
36 32 11 214 38 40
36 32 12 214 38 40
36 32 13 214 38 40
36 32 14 214 38 40
36 32 15 214 38 40
36 32 16 214 38 40
36 32 17 214 38 40
36 32 18 214 38 40
36 32 19 214 38 40
36 32 20 214 38 40
36 32 21 214 38 40
36 32 22 214 38 40
36 32 23 214 38 40
36 32 24 214 38 40
36 32 25 214 38 40
36 32 26 214 38 40
36 32 27 214 38 40
36 32 28 214 38 40
36 32 29 214 38 40
36 32 30 214 38 40
36 32 31 158 216 229
37 0 0 43 160 4
37 0 1 43 160 4
37 0 2 43 160 4
37 0 3 43 160 4
37 0 4 43 160 4
37 0 5 43 160 4
37 0 6 43 160 4
37 0 7 43 160 4
37 0 8 43 160 4
37 0 9 43 160 4
37 0 10 43 160 4
37 0 11 43 160 4
37 0 12 43 160 4
37 0 13 43 160 4
37 0 14 43 160 4
37 0 15 43 160 4
37 0 16 43 160 4
37 0 17 43 160 4
37 0 18 43 160 4
37 0 19 43 160 4
37 0 20 43 160 4
37 0 21 43 160 4
37 0 22 43 160 4
37 0 23 43 160 4
37 0 24 43 160 4
37 0 25 255 127 12
37 0 26 255 127 12
37 0 27 255 127 12
37 0 28 255 127 12
37 0 29 255 127 12
37 0 30 43 160 4
37 0 31 43 160 4
37 1 25 255 127 12
37 1 26 255 127 12
37 1 27 255 127 12
37 1 28 255 127 12
37 1 29 255 127 12
37 1 30 255 127 12
37 1 31 158 216 229
37 2 25 255 127 12
37 2 26 255 127 12
37 2 27 255 127 12
37 2 28 255 127 12
37 2 29 255 127 12
37 2 30 255 127 12
37 2 31 158 216 229
37 3 25 255 127 12
37 3 26 255 127 12
37 3 27 255 127 12
37 3 28 255 127 12
37 3 29 255 127 12
37 3 30 255 127 12
37 3 31 158 216 229
37 4 25 255 127 12
37 4 26 255 127 12
37 4 27 255 127 12
37 4 28 255 127 12
37 4 29 255 127 12
37 4 30 255 127 12
37 4 31 158 216 229
37 5 25 255 127 12
37 5 26 255 127 12
37 5 27 255 127 12
37 5 28 255 127 12
37 5 29 255 127 12
37 5 30 255 127 12
37 5 31 158 216 229
37 6 25 255 127 12
37 6 26 255 127 12
37 6 27 255 127 12
37 6 28 255 127 12
37 6 29 255 127 12
37 6 30 255 127 12
37 6 31 158 216 229
37 7 28 196 175 214
37 7 29 196 175 214
37 7 31 158 216 229
37 8 28 196 175 214
37 8 29 196 175 214
37 8 31 158 216 229
37 9 28 196 175 214
37 9 29 196 175 214
37 9 31 158 216 229
37 10 31 158 216 229
37 11 31 158 216 229
37 12 31 158 216 229
37 13 31 158 216 229
37 14 31 158 216 229
37 15 31 158 216 229
37 16 31 158 216 229
37 17 11 188 188 33
37 17 12 188 188 33
37 17 13 188 188 33
37 17 31 158 216 229
37 18 11 188 188 33
37 18 12 188 188 33
37 18 13 188 188 33
37 18 31 158 216 229
37 19 11 188 188 33
37 19 12 188 188 33
37 19 13 188 188 33
37 19 31 158 216 229
37 20 11 188 188 33
37 20 12 188 188 33
37 20 13 188 188 33
37 20 31 158 216 229
37 21 11 188 188 33
37 21 12 188 188 33
37 21 13 188 188 33
37 21 31 158 216 229
37 22 11 188 188 33
37 22 12 188 188 33
37 22 13 188 188 33
37 22 31 158 216 229
37 23 11 188 188 33
37 23 12 188 188 33
37 23 13 188 188 33
37 23 31 158 216 229
37 24 11 188 188 33
37 24 12 188 188 33
37 24 13 188 188 33
37 24 31 158 216 229
37 25 31 158 216 229
37 26 31 158 216 229
37 27 31 158 216 229
37 28 31 158 216 229
37 29 31 158 216 229
37 30 31 158 216 229
37 31 31 158 216 229
37 32 0 214 38 40
37 32 1 214 38 40
37 32 2 214 38 40
37 32 3 214 38 40
37 32 4 214 38 40
37 32 5 214 38 40
37 32 6 214 38 40
37 32 7 214 38 40
37 32 8 214 38 40
37 32 9 214 38 40
37 32 10 214 38 40
37 32 11 214 38 40
37 32 12 214 38 40
37 32 13 214 38 40
37 32 14 214 38 40
37 32 15 214 38 40
37 32 16 214 38 40
37 32 17 214 38 40
37 32 18 214 38 40
37 32 19 214 38 40
37 32 20 214 38 40
37 32 21 214 38 40
37 32 22 214 38 40
37 32 23 214 38 40
37 32 24 214 38 40
37 32 25 214 38 40
37 32 26 214 38 40
37 32 27 214 38 40
37 32 28 214 38 40
37 32 29 214 38 40
37 32 30 214 38 40
37 32 31 158 216 229
38 0 0 43 160 4
38 0 1 43 160 4
38 0 2 43 160 4
38 0 3 43 160 4
38 0 4 43 160 4
38 0 5 43 160 4
38 0 6 43 160 4
38 0 7 43 160 4
38 0 8 43 160 4
38 0 9 43 160 4
38 0 10 43 160 4
38 0 11 43 160 4
38 0 12 43 160 4
38 0 13 43 160 4
38 0 14 43 160 4
38 0 15 43 160 4
38 0 16 43 160 4
38 0 17 43 160 4
38 0 18 43 160 4
38 0 19 43 160 4
38 0 20 43 160 4
38 0 21 43 160 4
38 0 22 43 160 4
38 0 23 43 160 4
38 0 24 43 160 4
38 0 25 255 127 12
38 0 26 255 127 12
38 0 27 255 127 12
38 0 28 255 127 12
38 0 29 255 127 12
38 0 30 43 160 4
38 0 31 43 160 4
38 1 25 255 127 12
38 1 26 255 127 12
38 1 27 255 127 12
38 1 28 255 127 12
38 1 29 255 127 12
38 1 30 255 127 12
38 1 31 158 216 229
38 2 25 255 127 12
38 2 26 255 127 12
38 2 27 255 127 12
38 2 28 255 127 12
38 2 29 255 127 12
38 2 30 255 127 12
38 2 31 158 216 229
38 3 25 255 127 12
38 3 26 255 127 12
38 3 27 255 127 12
38 3 28 255 127 12
38 3 29 255 127 12
38 3 30 255 127 12
38 3 31 158 216 229
38 4 25 255 127 12
38 4 26 255 127 12
38 4 27 255 127 12
38 4 28 255 127 12
38 4 29 255 127 12
38 4 30 255 127 12
38 4 31 158 216 229
38 5 25 255 127 12
38 5 26 255 127 12
38 5 27 255 127 12
38 5 28 255 127 12
38 5 29 255 127 12
38 5 30 255 127 12
38 5 31 158 216 229
38 6 25 255 127 12
38 6 26 255 127 12
38 6 27 255 127 12
38 6 28 255 127 12
38 6 29 255 127 12
38 6 30 255 127 12
38 6 31 158 216 229
38 7 31 158 216 229
38 8 31 158 216 229
38 9 31 158 216 229
38 10 31 158 216 229
38 11 31 158 216 229
38 12 31 158 216 229
38 13 31 158 216 229
38 14 31 158 216 229
38 15 31 158 216 229
38 16 31 158 216 229
38 17 11 188 188 33
38 17 12 188 188 33
38 17 13 188 188 33
38 17 31 158 216 229
38 18 11 188 188 33
38 18 12 188 188 33
38 18 13 188 188 33
38 18 31 158 216 229
38 19 11 188 188 33
38 19 12 188 188 33
38 19 13 188 188 33
38 19 31 158 216 229
38 20 11 188 188 33
38 20 12 188 188 33
38 20 13 188 188 33
38 20 31 158 216 229
38 21 11 188 188 33
38 21 12 188 188 33
38 21 13 188 188 33
38 21 31 158 216 229
38 22 11 188 188 33
38 22 12 188 188 33
38 22 13 188 188 33
38 22 31 158 216 229
38 23 11 188 188 33
38 23 12 188 188 33
38 23 13 188 188 33
38 23 31 158 216 229
38 24 11 188 188 33
38 24 12 188 188 33
38 24 13 188 188 33
38 24 31 158 216 229
38 25 31 158 216 229
38 26 31 158 216 229
38 27 31 158 216 229
38 28 31 158 216 229
38 29 31 158 216 229
38 30 31 158 216 229
38 31 31 158 216 229
38 32 0 214 38 40
38 32 1 214 38 40
38 32 2 214 38 40
38 32 3 214 38 40
38 32 4 214 38 40
38 32 5 214 38 40
38 32 6 214 38 40
38 32 7 214 38 40
38 32 8 214 38 40
38 32 9 214 38 40
38 32 10 214 38 40
38 32 11 214 38 40
38 32 12 214 38 40
38 32 13 214 38 40
38 32 14 214 38 40
38 32 15 214 38 40
38 32 16 214 38 40
38 32 17 214 38 40
38 32 18 214 38 40
38 32 19 214 38 40
38 32 20 214 38 40
38 32 21 214 38 40
38 32 22 214 38 40
38 32 23 214 38 40
38 32 24 214 38 40
38 32 25 214 38 40
38 32 26 214 38 40
38 32 27 214 38 40
38 32 28 214 38 40
38 32 29 214 38 40
38 32 30 214 38 40
38 32 31 158 216 229
39 0 0 43 160 4
39 0 1 43 160 4
39 0 2 43 160 4
39 0 3 43 160 4
39 0 4 43 160 4
39 0 5 43 160 4
39 0 6 43 160 4
39 0 7 43 160 4
39 0 8 43 160 4
39 0 9 43 160 4
39 0 10 43 160 4
39 0 11 43 160 4
39 0 12 43 160 4
39 0 13 43 160 4
39 0 14 43 160 4
39 0 15 43 160 4
39 0 16 43 160 4
39 0 17 43 160 4
39 0 18 43 160 4
39 0 19 43 160 4
39 0 20 43 160 4
39 0 21 43 160 4
39 0 22 43 160 4
39 0 23 43 160 4
39 0 24 43 160 4
39 0 25 255 127 12
39 0 26 255 127 12
39 0 27 255 127 12
39 0 28 255 127 12
39 0 29 255 127 12
39 0 30 43 160 4
39 0 31 43 160 4
39 1 25 255 127 12
39 1 26 255 127 12
39 1 27 255 127 12
39 1 28 255 127 12
39 1 29 255 127 12
39 1 30 255 127 12
39 1 31 158 216 229
39 2 25 255 127 12
39 2 26 255 127 12
39 2 27 255 127 12
39 2 28 255 127 12
39 2 29 255 127 12
39 2 30 255 127 12
39 2 31 158 216 229
39 3 25 255 127 12
39 3 26 255 127 12
39 3 27 255 127 12
39 3 28 255 127 12
39 3 29 255 127 12
39 3 30 255 127 12
39 3 31 158 216 229
39 4 25 255 127 12
39 4 26 255 127 12
39 4 27 255 127 12
39 4 28 255 127 12
39 4 29 255 127 12
39 4 30 255 127 12
39 4 31 158 216 229
39 5 25 255 127 12
39 5 26 255 127 12
39 5 27 255 127 12
39 5 28 255 127 12
39 5 29 255 127 12
39 5 30 255 127 12
39 5 31 158 216 229
39 6 25 255 127 12
39 6 26 255 127 12
39 6 27 255 127 12
39 6 28 255 127 12
39 6 29 255 127 12
39 6 30 255 127 12
39 6 31 158 216 229
39 7 31 158 216 229
39 8 31 158 216 229
39 9 31 158 216 229
39 10 31 158 216 229
39 11 31 158 216 229
39 12 31 158 216 229
39 13 31 158 216 229
39 14 31 158 216 229
39 15 31 158 216 229
39 16 31 158 216 229
39 17 31 158 216 229
39 18 11 196 175 214
39 18 12 196 175 214
39 18 31 158 216 229
39 19 11 196 175 214
39 19 12 196 175 214
39 19 31 158 216 229
39 20 11 196 175 214
39 20 12 196 175 214
39 20 13 196 175 214
39 20 31 158 216 229
39 21 12 196 175 214
39 21 31 158 216 229
39 22 31 158 216 229
39 23 31 158 216 229
39 24 31 158 216 229
39 25 4 255 127 12
39 25 5 255 127 12
39 25 6 255 127 12
39 25 7 255 127 12
39 25 8 255 127 12
39 25 9 255 127 12
39 25 10 255 127 12
39 25 11 255 127 12
39 25 12 255 127 12
39 25 13 255 127 12
39 25 14 255 127 12
39 25 15 255 127 12
39 25 16 255 127 12
39 25 17 255 127 12
39 25 31 158 216 229
39 26 4 255 127 12
39 26 5 196 175 214
39 26 6 196 175 214
39 26 7 255 127 12
39 26 8 255 127 12
39 26 9 255 127 12
39 26 10 255 127 12
39 26 11 255 127 12
39 26 12 255 127 12
39 26 13 255 127 12
39 26 14 196 175 214
39 26 15 196 175 214
39 26 16 196 175 214
39 26 17 255 127 12
39 26 31 158 216 229
39 27 5 196 175 214
39 27 6 196 175 214
39 27 14 196 175 214
39 27 15 196 175 214
39 27 16 196 175 214
39 27 31 158 216 229
39 28 14 196 175 214
39 28 15 196 175 214
39 28 16 196 175 214
39 28 31 158 216 229
39 29 14 196 175 214
39 29 15 196 175 214
39 29 16 196 175 214
39 29 31 158 216 229
39 30 14 196 175 214
39 30 15 196 175 214
39 30 16 196 175 214
39 30 31 158 216 229
39 31 31 158 216 229
39 32 0 214 38 40
39 32 1 214 38 40
39 32 2 214 38 40
39 32 3 214 38 40
39 32 4 214 38 40
39 32 5 214 38 40
39 32 6 214 38 40
39 32 7 214 38 40
39 32 8 214 38 40
39 32 9 214 38 40
39 32 10 214 38 40
39 32 11 214 38 40
39 32 12 214 38 40
39 32 13 214 38 40
39 32 14 214 38 40
39 32 15 214 38 40
39 32 16 214 38 40
39 32 17 214 38 40
39 32 18 214 38 40
39 32 19 214 38 40
39 32 20 214 38 40
39 32 21 214 38 40
39 32 22 214 38 40
39 32 23 214 38 40
39 32 24 214 38 40
39 32 25 214 38 40
39 32 26 214 38 40
39 32 27 214 38 40
39 32 28 214 38 40
39 32 29 214 38 40
39 32 30 214 38 40
39 32 31 158 216 229
40 0 0 43 160 4
40 0 1 43 160 4
40 0 2 43 160 4
40 0 3 43 160 4
40 0 4 43 160 4
40 0 5 43 160 4
40 0 6 43 160 4
40 0 7 43 160 4
40 0 8 43 160 4
40 0 9 43 160 4
40 0 10 43 160 4
40 0 11 43 160 4
40 0 12 43 160 4
40 0 13 43 160 4
40 0 14 43 160 4
40 0 15 43 160 4
40 0 16 43 160 4
40 0 17 43 160 4
40 0 18 43 160 4
40 0 19 43 160 4
40 0 20 43 160 4
40 0 21 43 160 4
40 0 22 43 160 4
40 0 23 43 160 4
40 0 24 43 160 4
40 0 25 43 160 4
40 0 26 255 127 12
40 0 27 255 127 12
40 0 28 255 127 12
40 0 29 255 127 12
40 0 30 43 160 4
40 0 31 43 160 4
40 1 25 255 127 12
40 1 26 255 127 12
40 1 27 255 127 12
40 1 28 255 127 12
40 1 29 255 127 12
40 1 30 255 127 12
40 1 31 158 216 229
40 2 25 255 127 12
40 2 26 255 127 12
40 2 27 255 127 12
40 2 28 255 127 12
40 2 29 255 127 12
40 2 30 255 127 12
40 2 31 158 216 229
40 3 25 255 127 12
40 3 26 255 127 12
40 3 27 255 127 12
40 3 28 255 127 12
40 3 29 255 127 12
40 3 30 255 127 12
40 3 31 158 216 229
40 4 25 255 127 12
40 4 26 255 127 12
40 4 27 255 127 12
40 4 28 255 127 12
40 4 29 255 127 12
40 4 30 255 127 12
40 4 31 158 216 229
40 5 25 255 127 12
40 5 26 255 127 12
40 5 27 255 127 12
40 5 28 255 127 12
40 5 29 255 127 12
40 5 30 255 127 12
40 5 31 158 216 229
40 6 25 255 127 12
40 6 26 255 127 12
40 6 27 255 127 12
40 6 28 255 127 12
40 6 29 255 127 12
40 6 30 255 127 12
40 6 31 158 216 229
40 7 31 158 216 229
40 8 31 158 216 229
40 9 31 158 216 229
40 10 31 158 216 229
40 11 31 158 216 229
40 12 31 158 216 229
40 13 31 158 216 229
40 14 31 158 216 229
40 15 31 158 216 229
40 16 31 158 216 229
40 17 31 158 216 229
40 18 11 196 175 214
40 18 12 196 175 214
40 18 31 158 216 229
40 19 11 196 175 214
40 19 12 196 175 214
40 19 31 158 216 229
40 20 11 196 175 214
40 20 12 196 175 214
40 20 31 158 216 229
40 21 11 196 175 214
40 21 12 196 175 214
40 21 31 158 216 229
40 22 31 158 216 229
40 23 31 158 216 229
40 24 31 158 216 229
40 25 4 255 127 12
40 25 5 255 127 12
40 25 6 255 127 12
40 25 7 255 127 12
40 25 8 255 127 12
40 25 9 255 127 12
40 25 10 255 127 12
40 25 11 255 127 12
40 25 12 255 127 12
40 25 13 255 127 12
40 25 14 255 127 12
40 25 15 255 127 12
40 25 16 255 127 12
40 25 17 255 127 12
40 25 31 158 216 229
40 26 4 255 127 12
40 26 5 196 175 214
40 26 6 196 175 214
40 26 7 255 127 12
40 26 8 255 127 12
40 26 9 255 127 12
40 26 10 255 127 12
40 26 11 255 127 12
40 26 12 255 127 12
40 26 13 255 127 12
40 26 14 196 175 214
40 26 15 196 175 214
40 26 16 196 175 214
40 26 17 255 127 12
40 26 31 158 216 229
40 27 4 196 175 214
40 27 5 196 175 214
40 27 6 196 175 214
40 27 14 196 175 214
40 27 15 196 175 214
40 27 16 196 175 214
40 27 17 196 175 214
40 27 31 158 216 229
40 28 4 196 175 214
40 28 5 196 175 214
40 28 6 196 175 214
40 28 14 196 175 214
40 28 15 196 175 214
40 28 16 196 175 214
40 28 17 196 175 214
40 28 31 158 216 229
40 29 14 196 175 214
40 29 15 196 175 214
40 29 16 196 175 214
40 29 17 196 175 214
40 29 31 158 216 229
40 30 14 196 175 214
40 30 15 196 175 214
40 30 16 196 175 214
40 30 17 196 175 214
40 30 31 158 216 229
40 31 31 158 216 229
40 32 0 214 38 40
40 32 1 214 38 40
40 32 2 214 38 40
40 32 3 214 38 40
40 32 4 214 38 40
40 32 5 214 38 40
40 32 6 214 38 40
40 32 7 214 38 40
40 32 8 214 38 40
40 32 9 214 38 40
40 32 10 214 38 40
40 32 11 214 38 40
40 32 12 214 38 40
40 32 13 214 38 40
40 32 14 214 38 40
40 32 15 214 38 40
40 32 16 214 38 40
40 32 17 214 38 40
40 32 18 214 38 40
40 32 19 214 38 40
40 32 20 214 38 40
40 32 21 214 38 40
40 32 22 214 38 40
40 32 23 214 38 40
40 32 24 214 38 40
40 32 25 214 38 40
40 32 26 214 38 40
40 32 27 214 38 40
40 32 28 214 38 40
40 32 29 214 38 40
40 32 30 214 38 40
40 32 31 158 216 229
41 0 0 43 160 4
41 0 1 43 160 4
41 0 2 43 160 4
41 0 3 43 160 4
41 0 4 43 160 4
41 0 5 43 160 4
41 0 6 43 160 4
41 0 7 43 160 4
41 0 8 43 160 4
41 0 9 43 160 4
41 0 10 43 160 4
41 0 11 43 160 4
41 0 12 43 160 4
41 0 13 43 160 4
41 0 14 43 160 4
41 0 15 43 160 4
41 0 16 43 160 4
41 0 17 43 160 4
41 0 18 43 160 4
41 0 19 43 160 4
41 0 20 43 160 4
41 0 21 43 160 4
41 0 22 43 160 4
41 0 23 43 160 4
41 0 24 43 160 4
41 0 25 43 160 4
41 0 26 43 160 4
41 0 27 158 216 229
41 0 28 158 216 229
41 0 29 158 216 229
41 0 30 158 216 229
41 0 31 158 216 229
41 1 11 158 216 229
41 1 12 158 216 229
41 1 13 158 216 229
41 1 14 158 216 229
41 1 15 158 216 229
41 1 16 158 216 229
41 1 17 158 216 229
41 1 18 158 216 229
41 1 19 158 216 229
41 1 20 158 216 229
41 1 21 158 216 229
41 1 22 158 216 229
41 1 23 158 216 229
41 1 24 158 216 229
41 1 25 158 216 229
41 1 26 158 216 229
41 1 27 158 216 229
41 1 28 158 216 229
41 1 29 158 216 229
41 1 30 158 216 229
41 1 31 158 216 229
41 2 11 158 216 229
41 2 12 158 216 229
41 2 13 158 216 229
41 2 14 158 216 229
41 2 15 158 216 229
41 2 16 158 216 229
41 2 17 158 216 229
41 2 18 158 216 229
41 2 19 158 216 229
41 2 20 158 216 229
41 2 21 158 216 229
41 2 22 158 216 229
41 2 23 158 216 229
41 2 24 158 216 229
41 2 25 158 216 229
41 2 26 158 216 229
41 2 27 158 216 229
41 2 28 158 216 229
41 2 29 158 216 229
41 2 30 158 216 229
41 2 31 158 216 229
41 3 11 158 216 229
41 3 12 158 216 229
41 3 13 158 216 229
41 3 14 158 216 229
41 3 15 158 216 229
41 3 16 158 216 229
41 3 17 158 216 229
41 3 18 158 216 229
41 3 19 158 216 229
41 3 20 158 216 229
41 3 21 158 216 229
41 3 22 158 216 229
41 3 23 158 216 229
41 3 24 158 216 229
41 3 25 158 216 229
41 3 26 158 216 229
41 3 27 158 216 229
41 3 28 158 216 229
41 3 29 158 216 229
41 3 30 158 216 229
41 3 31 158 216 229
41 4 11 158 216 229
41 4 12 158 216 229
41 4 13 158 216 229
41 4 14 158 216 229
41 4 15 158 216 229
41 4 16 158 216 229
41 4 17 158 216 229
41 4 18 158 216 229
41 4 19 158 216 229
41 4 20 158 216 229
41 4 21 158 216 229
41 4 22 158 216 229
41 4 23 158 216 229
41 4 24 158 216 229
41 4 25 158 216 229
41 4 26 158 216 229
41 4 27 158 216 229
41 4 28 158 216 229
41 4 29 158 216 229
41 4 30 158 216 229
41 4 31 158 216 229
41 5 11 158 216 229
41 5 12 158 216 229
41 5 13 158 216 229
41 5 14 158 216 229
41 5 15 158 216 229
41 5 16 158 216 229
41 5 17 158 216 229
41 5 18 158 216 229
41 5 19 158 216 229
41 5 20 158 216 229
41 5 21 158 216 229
41 5 22 158 216 229
41 5 23 158 216 229
41 5 24 158 216 229
41 5 25 158 216 229
41 5 26 158 216 229
41 5 27 158 216 229
41 5 28 158 216 229
41 5 29 158 216 229
41 5 30 158 216 229
41 5 31 158 216 229
41 6 11 158 216 229
41 6 12 158 216 229
41 6 13 158 216 229
41 6 14 158 216 229
41 6 15 158 216 229
41 6 16 158 216 229
41 6 17 158 216 229
41 6 18 158 216 229
41 6 19 158 216 229
41 6 20 158 216 229
41 6 21 158 216 229
41 6 22 158 216 229
41 6 23 158 216 229
41 6 24 158 216 229
41 6 25 158 216 229
41 6 26 158 216 229
41 6 27 158 216 229
41 6 28 158 216 229
41 6 29 158 216 229
41 6 30 158 216 229
41 6 31 158 216 229
41 7 11 158 216 229
41 7 12 158 216 229
41 7 13 158 216 229
41 7 14 158 216 229
41 7 15 158 216 229
41 7 16 158 216 229
41 7 17 158 216 229
41 7 18 158 216 229
41 7 19 158 216 229
41 7 20 158 216 229
41 7 21 158 216 229
41 7 22 158 216 229
41 7 23 158 216 229
41 7 24 158 216 229
41 7 25 158 216 229
41 7 26 158 216 229
41 7 27 158 216 229
41 7 28 158 216 229
41 7 29 158 216 229
41 7 30 158 216 229
41 7 31 158 216 229
41 8 11 158 216 229
41 8 12 158 216 229
41 8 13 158 216 229
41 8 14 158 216 229
41 8 15 158 216 229
41 8 16 158 216 229
41 8 17 158 216 229
41 8 18 158 216 229
41 8 19 158 216 229
41 8 20 158 216 229
41 8 21 158 216 229
41 8 22 158 216 229
41 8 23 158 216 229
41 8 24 158 216 229
41 8 25 158 216 229
41 8 26 158 216 229
41 8 27 158 216 229
41 8 28 158 216 229
41 8 29 158 216 229
41 8 30 158 216 229
41 8 31 158 216 229
41 9 11 158 216 229
41 9 12 158 216 229
41 9 13 158 216 229
41 9 14 158 216 229
41 9 15 158 216 229
41 9 16 158 216 229
41 9 17 158 216 229
41 9 18 158 216 229
41 9 19 158 216 229
41 9 20 158 216 229
41 9 21 158 216 229
41 9 22 158 216 229
41 9 23 158 216 229
41 9 24 158 216 229
41 9 25 158 216 229
41 9 26 158 216 229
41 9 27 158 216 229
41 9 28 158 216 229
41 9 29 158 216 229
41 9 30 158 216 229
41 9 31 158 216 229
41 10 11 158 216 229
41 10 12 158 216 229
41 10 13 158 216 229
41 10 14 158 216 229
41 10 15 158 216 229
41 10 16 158 216 229
41 10 17 158 216 229
41 10 18 158 216 229
41 10 19 158 216 229
41 10 20 158 216 229
41 10 21 158 216 229
41 10 22 158 216 229
41 10 23 158 216 229
41 10 24 158 216 229
41 10 25 158 216 229
41 10 26 158 216 229
41 10 27 158 216 229
41 10 28 158 216 229
41 10 29 158 216 229
41 10 30 158 216 229
41 10 31 158 216 229
41 11 11 158 216 229
41 11 12 158 216 229
41 11 13 158 216 229
41 11 14 158 216 229
41 11 15 158 216 229
41 11 16 158 216 229
41 11 17 158 216 229
41 11 18 158 216 229
41 11 19 158 216 229
41 11 20 158 216 229
41 11 21 158 216 229
41 11 22 158 216 229
41 11 23 158 216 229
41 11 24 158 216 229
41 11 25 158 216 229
41 11 26 158 216 229
41 11 27 158 216 229
41 11 28 158 216 229
41 11 29 158 216 229
41 11 30 158 216 229
41 11 31 158 216 229
41 12 11 158 216 229
41 12 12 158 216 229
41 12 13 158 216 229
41 12 14 158 216 229
41 12 15 158 216 229
41 12 16 158 216 229
41 12 17 158 216 229
41 12 18 158 216 229
41 12 19 158 216 229
41 12 20 158 216 229
41 12 21 158 216 229
41 12 22 158 216 229
41 12 23 158 216 229
41 12 24 158 216 229
41 12 25 158 216 229
41 12 26 158 216 229
41 12 27 158 216 229
41 12 28 158 216 229
41 12 29 158 216 229
41 12 30 158 216 229
41 12 31 158 216 229
41 13 11 158 216 229
41 13 12 158 216 229
41 13 13 158 216 229
41 13 14 158 216 229
41 13 15 158 216 229
41 13 16 158 216 229
41 13 17 158 216 229
41 13 18 158 216 229
41 13 19 158 216 229
41 13 20 158 216 229
41 13 21 158 216 229
41 13 22 158 216 229
41 13 23 158 216 229
41 13 24 158 216 229
41 13 25 158 216 229
41 13 26 158 216 229
41 13 27 158 216 229
41 13 28 158 216 229
41 13 29 158 216 229
41 13 30 158 216 229
41 13 31 158 216 229
41 14 11 158 216 229
41 14 12 158 216 229
41 14 13 158 216 229
41 14 14 158 216 229
41 14 15 158 216 229
41 14 16 158 216 229
41 14 17 158 216 229
41 14 18 158 216 229
41 14 19 158 216 229
41 14 20 158 216 229
41 14 21 158 216 229
41 14 22 158 216 229
41 14 23 158 216 229
41 14 24 158 216 229
41 14 25 158 216 229
41 14 26 158 216 229
41 14 27 158 216 229
41 14 28 158 216 229
41 14 29 158 216 229
41 14 30 158 216 229
41 14 31 158 216 229
41 15 11 158 216 229
41 15 12 158 216 229
41 15 13 158 216 229
41 15 14 158 216 229
41 15 15 158 216 229
41 15 16 158 216 229
41 15 17 158 216 229
41 15 18 158 216 229
41 15 19 158 216 229
41 15 20 158 216 229
41 15 21 158 216 229
41 15 22 158 216 229
41 15 23 158 216 229
41 15 24 158 216 229
41 15 25 158 216 229
41 15 26 158 216 229
41 15 27 158 216 229
41 15 28 158 216 229
41 15 29 158 216 229
41 15 30 158 216 229
41 15 31 158 216 229
41 16 11 158 216 229
41 16 12 158 216 229
41 16 13 158 216 229
41 16 14 158 216 229
41 16 15 158 216 229
41 16 16 158 216 229
41 16 17 158 216 229
41 16 18 158 216 229
41 16 19 158 216 229
41 16 20 158 216 229
41 16 21 158 216 229
41 16 22 158 216 229
41 16 23 158 216 229
41 16 24 158 216 229
41 16 25 158 216 229
41 16 26 158 216 229
41 16 27 158 216 229
41 16 28 158 216 229
41 16 29 158 216 229
41 16 30 158 216 229
41 16 31 158 216 229
41 17 11 158 216 229
41 17 12 158 216 229
41 17 13 158 216 229
41 17 14 158 216 229
41 17 15 158 216 229
41 17 16 158 216 229
41 17 17 158 216 229
41 17 18 158 216 229
41 17 19 158 216 229
41 17 20 158 216 229
41 17 21 158 216 229
41 17 22 158 216 229
41 17 23 158 216 229
41 17 24 158 216 229
41 17 25 158 216 229
41 17 26 158 216 229
41 17 27 158 216 229
41 17 28 158 216 229
41 17 29 158 216 229
41 17 30 158 216 229
41 17 31 158 216 229
41 18 11 196 175 214
41 18 12 196 175 214
41 18 13 158 216 229
41 18 14 158 216 229
41 18 15 158 216 229
41 18 16 158 216 229
41 18 17 158 216 229
41 18 18 158 216 229
41 18 19 158 216 229
41 18 20 158 216 229
41 18 21 158 216 229
41 18 22 158 216 229
41 18 23 158 216 229
41 18 24 158 216 229
41 18 25 158 216 229
41 18 26 158 216 229
41 18 27 158 216 229
41 18 28 158 216 229
41 18 29 158 216 229
41 18 30 158 216 229
41 18 31 158 216 229
41 19 11 196 175 214
41 19 12 158 216 229
41 19 13 158 216 229
41 19 14 158 216 229
41 19 15 158 216 229
41 19 16 158 216 229
41 19 17 158 216 229
41 19 18 158 216 229
41 19 19 158 216 229
41 19 20 158 216 229
41 19 21 158 216 229
41 19 22 158 216 229
41 19 23 158 216 229
41 19 24 158 216 229
41 19 25 158 216 229
41 19 26 158 216 229
41 19 27 158 216 229
41 19 28 158 216 229
41 19 29 158 216 229
41 19 30 158 216 229
41 19 31 158 216 229
41 20 11 196 175 214
41 20 12 196 175 214
41 20 13 158 216 229
41 20 14 158 216 229
41 20 15 158 216 229
41 20 16 158 216 229
41 20 17 158 216 229
41 20 18 158 216 229
41 20 19 158 216 229
41 20 20 158 216 229
41 20 21 158 216 229
41 20 22 158 216 229
41 20 23 158 216 229
41 20 24 158 216 229
41 20 25 158 216 229
41 20 26 158 216 229
41 20 27 158 216 229
41 20 28 158 216 229
41 20 29 158 216 229
41 20 30 158 216 229
41 20 31 158 216 229
41 21 11 196 175 214
41 21 12 158 216 229
41 21 13 158 216 229
41 21 14 158 216 229
41 21 15 158 216 229
41 21 16 158 216 229
41 21 17 158 216 229
41 21 18 158 216 229
41 21 19 158 216 229
41 21 20 158 216 229
41 21 21 158 216 229
41 21 22 158 216 229
41 21 23 158 216 229
41 21 24 158 216 229
41 21 25 158 216 229
41 21 26 158 216 229
41 21 27 158 216 229
41 21 28 158 216 229
41 21 29 158 216 229
41 21 30 158 216 229
41 21 31 158 216 229
41 22 11 158 216 229
41 22 12 158 216 229
41 22 13 158 216 229
41 22 14 158 216 229
41 22 15 158 216 229
41 22 16 158 216 229
41 22 17 158 216 229
41 22 18 158 216 229
41 22 19 158 216 229
41 22 20 158 216 229
41 22 21 158 216 229
41 22 22 158 216 229
41 22 23 158 216 229
41 22 24 158 216 229
41 22 25 158 216 229
41 22 26 158 216 229
41 22 27 158 216 229
41 22 28 158 216 229
41 22 29 158 216 229
41 22 30 158 216 229
41 22 31 158 216 229
41 23 11 158 216 229
41 23 12 158 216 229
41 23 13 158 216 229
41 23 14 158 216 229
41 23 15 158 216 229
41 23 16 158 216 229
41 23 17 158 216 229
41 23 18 158 216 229
41 23 19 158 216 229
41 23 20 158 216 229
41 23 21 158 216 229
41 23 22 158 216 229
41 23 23 158 216 229
41 23 24 158 216 229
41 23 25 158 216 229
41 23 26 158 216 229
41 23 27 158 216 229
41 23 28 158 216 229
41 23 29 158 216 229
41 23 30 158 216 229
41 23 31 158 216 229
41 24 11 158 216 229
41 24 12 158 216 229
41 24 13 158 216 229
41 24 14 158 216 229
41 24 15 158 216 229
41 24 16 158 216 229
41 24 17 158 216 229
41 24 18 158 216 229
41 24 19 158 216 229
41 24 20 158 216 229
41 24 21 158 216 229
41 24 22 158 216 229
41 24 23 158 216 229
41 24 24 158 216 229
41 24 25 158 216 229
41 24 26 158 216 229
41 24 27 158 216 229
41 24 28 158 216 229
41 24 29 158 216 229
41 24 30 158 216 229
41 24 31 158 216 229
41 25 4 255 127 12
41 25 5 255 127 12
41 25 6 255 127 12
41 25 7 255 127 12
41 25 8 255 127 12
41 25 9 255 127 12
41 25 10 255 127 12
41 25 11 255 127 12
41 25 12 255 127 12
41 25 13 255 127 12
41 25 14 255 127 12
41 25 15 255 127 12
41 25 16 255 127 12
41 25 17 158 216 229
41 25 18 158 216 229
41 25 19 158 216 229
41 25 20 158 216 229
41 25 21 158 216 229
41 25 22 158 216 229
41 25 23 158 216 229
41 25 24 158 216 229
41 25 25 158 216 229
41 25 26 158 216 229
41 25 27 158 216 229
41 25 28 158 216 229
41 25 29 158 216 229
41 25 30 158 216 229
41 25 31 158 216 229
41 26 4 255 127 12
41 26 5 255 127 12
41 26 6 255 127 12
41 26 7 255 127 12
41 26 8 255 127 12
41 26 9 255 127 12
41 26 10 255 127 12
41 26 11 255 127 12
41 26 12 158 216 229
41 26 13 158 216 229
41 26 14 158 216 229
41 26 15 196 175 214
41 26 16 196 175 214
41 26 17 158 216 229
41 26 18 158 216 229
41 26 19 158 216 229
41 26 20 158 216 229
41 26 21 158 216 229
41 26 22 158 216 229
41 26 23 158 216 229
41 26 24 158 216 229
41 26 25 158 216 229
41 26 26 158 216 229
41 26 27 158 216 229
41 26 28 158 216 229
41 26 29 158 216 229
41 26 30 158 216 229
41 26 31 158 216 229
41 27 4 196 175 214
41 27 5 196 175 214
41 27 11 158 216 229
41 27 12 158 216 229
41 27 13 158 216 229
41 27 14 158 216 229
41 27 15 196 175 214
41 27 16 196 175 214
41 27 17 158 216 229
41 27 18 158 216 229
41 27 19 158 216 229
41 27 20 158 216 229
41 27 21 158 216 229
41 27 22 158 216 229
41 27 23 158 216 229
41 27 24 158 216 229
41 27 25 158 216 229
41 27 26 158 216 229
41 27 27 158 216 229
41 27 28 158 216 229
41 27 29 158 216 229
41 27 30 158 216 229
41 27 31 158 216 229
41 28 11 158 216 229
41 28 12 158 216 229
41 28 13 158 216 229
41 28 14 158 216 229
41 28 15 196 175 214
41 28 16 196 175 214
41 28 17 158 216 229
41 28 18 158 216 229
41 28 19 158 216 229
41 28 20 158 216 229
41 28 21 158 216 229
41 28 22 158 216 229
41 28 23 158 216 229
41 28 24 158 216 229
41 28 25 158 216 229
41 28 26 158 216 229
41 28 27 158 216 229
41 28 28 158 216 229
41 28 29 158 216 229
41 28 30 158 216 229
41 28 31 158 216 229
41 29 11 158 216 229
41 29 12 158 216 229
41 29 13 158 216 229
41 29 14 158 216 229
41 29 15 196 175 214
41 29 16 196 175 214
41 29 17 158 216 229
41 29 18 158 216 229
41 29 19 158 216 229
41 29 20 158 216 229
41 29 21 158 216 229
41 29 22 158 216 229
41 29 23 158 216 229
41 29 24 158 216 229
41 29 25 158 216 229
41 29 26 158 216 229
41 29 27 158 216 229
41 29 28 158 216 229
41 29 29 158 216 229
41 29 30 158 216 229
41 29 31 158 216 229
41 30 11 158 216 229
41 30 12 158 216 229
41 30 13 158 216 229
41 30 14 158 216 229
41 30 15 196 175 214
41 30 16 196 175 214
41 30 17 158 216 229
41 30 18 158 216 229
41 30 19 158 216 229
41 30 20 158 216 229
41 30 21 158 216 229
41 30 22 158 216 229
41 30 23 158 216 229
41 30 24 158 216 229
41 30 25 158 216 229
41 30 26 158 216 229
41 30 27 158 216 229
41 30 28 158 216 229
41 30 29 158 216 229
41 30 30 158 216 229
41 30 31 158 216 229
41 31 11 158 216 229
41 31 12 158 216 229
41 31 13 158 216 229
41 31 14 158 216 229
41 31 15 158 216 229
41 31 16 158 216 229
41 31 17 158 216 229
41 31 18 158 216 229
41 31 19 158 216 229
41 31 20 158 216 229
41 31 21 158 216 229
41 31 22 158 216 229
41 31 23 158 216 229
41 31 24 158 216 229
41 31 25 158 216 229
41 31 26 158 216 229
41 31 27 158 216 229
41 31 28 158 216 229
41 31 29 158 216 229
41 31 30 158 216 229
41 31 31 158 216 229
41 32 0 214 38 40
41 32 1 214 38 40
41 32 2 214 38 40
41 32 3 214 38 40
41 32 4 214 38 40
41 32 5 214 38 40
41 32 6 214 38 40
41 32 7 214 38 40
41 32 8 214 38 40
41 32 9 214 38 40
41 32 10 214 38 40
41 32 11 214 38 40
41 32 12 214 38 40
41 32 13 214 38 40
41 32 14 214 38 40
41 32 15 214 38 40
41 32 16 214 38 40
41 32 17 214 38 40
41 32 18 214 38 40
41 32 19 214 38 40
41 32 20 214 38 40
41 32 21 214 38 40
41 32 22 158 216 229
41 32 23 158 216 229
41 32 24 158 216 229
41 32 25 158 216 229
41 32 26 158 216 229
41 32 27 158 216 229
41 32 28 158 216 229
41 32 29 158 216 229
41 32 30 158 216 229
41 32 31 158 216 229
42 0 0 43 160 4
42 0 1 43 160 4
42 0 2 43 160 4
42 0 3 43 160 4
42 0 4 43 160 4
42 0 5 43 160 4
42 0 6 43 160 4
42 0 7 158 216 229
42 0 8 158 216 229
42 0 9 158 216 229
42 0 10 158 216 229
42 0 11 158 216 229
42 0 12 158 216 229
42 0 13 158 216 229
42 0 14 158 216 229
42 0 15 158 216 229
42 0 16 158 216 229
42 1 0 158 216 229
42 1 1 158 216 229
42 1 2 158 216 229
42 1 3 158 216 229
42 1 4 158 216 229
42 1 5 158 216 229
42 1 6 158 216 229
42 1 7 158 216 229
42 1 8 158 216 229
42 1 9 158 216 229
42 1 10 158 216 229
42 1 11 158 216 229
42 1 12 158 216 229
42 1 13 158 216 229
42 1 14 158 216 229
42 1 15 158 216 229
42 1 16 158 216 229
42 2 0 158 216 229
42 2 1 158 216 229
42 2 2 158 216 229
42 2 3 158 216 229
42 2 4 158 216 229
42 2 5 158 216 229
42 2 6 158 216 229
42 2 7 158 216 229
42 2 8 158 216 229
42 2 9 158 216 229
42 2 10 158 216 229
42 2 11 158 216 229
42 2 12 158 216 229
42 2 13 158 216 229
42 2 14 158 216 229
42 2 15 158 216 229
42 2 16 158 216 229
42 3 0 158 216 229
42 3 1 158 216 229
42 3 2 158 216 229
42 3 3 158 216 229
42 3 4 158 216 229
42 3 5 158 216 229
42 3 6 158 216 229
42 3 7 158 216 229
42 3 8 158 216 229
42 3 9 158 216 229
42 3 10 158 216 229
42 3 11 158 216 229
42 3 12 158 216 229
42 3 13 158 216 229
42 3 14 158 216 229
42 3 15 158 216 229
42 3 16 158 216 229
42 4 0 158 216 229
42 4 1 158 216 229
42 4 2 158 216 229
42 4 3 158 216 229
42 4 4 158 216 229
42 4 5 158 216 229
42 4 6 158 216 229
42 4 7 158 216 229
42 4 8 158 216 229
42 4 9 158 216 229
42 4 10 158 216 229
42 4 11 158 216 229
42 4 12 158 216 229
42 4 13 158 216 229
42 4 14 158 216 229
42 4 15 158 216 229
42 4 16 158 216 229
42 5 0 158 216 229
42 5 1 158 216 229
42 5 2 158 216 229
42 5 3 158 216 229
42 5 4 158 216 229
42 5 5 158 216 229
42 5 6 158 216 229
42 5 7 158 216 229
42 5 8 158 216 229
42 5 9 158 216 229
42 5 10 158 216 229
42 5 11 158 216 229
42 5 12 158 216 229
42 5 13 158 216 229
42 5 14 158 216 229
42 5 15 158 216 229
42 5 16 158 216 229
42 6 0 158 216 229
42 6 1 158 216 229
42 6 2 158 216 229
42 6 3 158 216 229
42 6 4 158 216 229
42 6 5 158 216 229
42 6 6 158 216 229
42 6 7 158 216 229
42 6 8 158 216 229
42 6 9 158 216 229
42 6 10 158 216 229
42 6 11 158 216 229
42 6 12 158 216 229
42 6 13 158 216 229
42 6 14 158 216 229
42 6 15 158 216 229
42 6 16 158 216 229
42 7 0 158 216 229
42 7 1 158 216 229
42 7 2 158 216 229
42 7 3 158 216 229
42 7 4 158 216 229
42 7 5 158 216 229
42 7 6 158 216 229
42 7 7 158 216 229
42 7 8 158 216 229
42 7 9 158 216 229
42 7 10 158 216 229
42 7 11 158 216 229
42 7 12 158 216 229
42 7 13 158 216 229
42 7 14 158 216 229
42 7 15 158 216 229
42 7 16 158 216 229
42 8 0 158 216 229
42 8 1 158 216 229
42 8 2 158 216 229
42 8 3 158 216 229
42 8 4 158 216 229
42 8 5 158 216 229
42 8 6 158 216 229
42 8 7 158 216 229
42 8 8 158 216 229
42 8 9 158 216 229
42 8 10 158 216 229
42 8 11 158 216 229
42 8 12 158 216 229
42 8 13 158 216 229
42 8 14 158 216 229
42 8 15 158 216 229
42 8 16 158 216 229
42 9 0 158 216 229
42 9 1 158 216 229
42 9 2 158 216 229
42 9 3 158 216 229
42 9 4 158 216 229
42 9 5 158 216 229
42 9 6 158 216 229
42 9 7 158 216 229
42 9 8 158 216 229
42 9 9 158 216 229
42 9 10 158 216 229
42 9 11 158 216 229
42 9 12 158 216 229
42 9 13 158 216 229
42 9 14 158 216 229
42 9 15 158 216 229
42 9 16 158 216 229
42 10 0 158 216 229
42 10 1 158 216 229
42 10 2 158 216 229
42 10 3 158 216 229
42 10 4 158 216 229
42 10 5 158 216 229
42 10 6 158 216 229
42 10 7 158 216 229
42 10 8 158 216 229
42 10 9 158 216 229
42 10 10 158 216 229
42 10 11 158 216 229
42 10 12 158 216 229
42 10 13 158 216 229
42 10 14 158 216 229
42 10 15 158 216 229
42 10 16 158 216 229
42 11 0 158 216 229
42 11 1 158 216 229
42 11 2 158 216 229
42 11 3 158 216 229
42 11 4 158 216 229
42 11 5 158 216 229
42 11 6 158 216 229
42 11 7 158 216 229
42 11 8 158 216 229
42 11 9 158 216 229
42 11 10 158 216 229
42 11 11 158 216 229
42 11 12 158 216 229
42 11 13 158 216 229
42 11 14 158 216 229
42 11 15 158 216 229
42 11 16 158 216 229
42 12 0 158 216 229
42 12 1 158 216 229
42 12 2 158 216 229
42 12 3 158 216 229
42 12 4 158 216 229
42 12 5 158 216 229
42 12 6 158 216 229
42 12 7 158 216 229
42 12 8 158 216 229
42 12 9 158 216 229
42 12 10 158 216 229
42 12 11 158 216 229
42 12 12 158 216 229
42 12 13 158 216 229
42 12 14 158 216 229
42 12 15 158 216 229
42 12 16 158 216 229
42 13 0 158 216 229
42 13 1 158 216 229
42 13 2 158 216 229
42 13 3 158 216 229
42 13 4 158 216 229
42 13 5 158 216 229
42 13 6 158 216 229
42 13 7 158 216 229
42 13 8 158 216 229
42 13 9 158 216 229
42 13 10 158 216 229
42 13 11 158 216 229
42 13 12 158 216 229
42 13 13 158 216 229
42 13 14 158 216 229
42 13 15 158 216 229
42 13 16 158 216 229
42 14 0 158 216 229
42 14 1 158 216 229
42 14 2 158 216 229
42 14 3 158 216 229
42 14 4 158 216 229
42 14 5 158 216 229
42 14 6 158 216 229
42 14 7 158 216 229
42 14 8 158 216 229
42 14 9 158 216 229
42 14 10 158 216 229
42 14 11 158 216 229
42 14 12 158 216 229
42 14 13 158 216 229
42 14 14 158 216 229
42 14 15 158 216 229
42 14 16 158 216 229
42 15 0 158 216 229
42 15 1 158 216 229
42 15 2 158 216 229
42 15 3 158 216 229
42 15 4 158 216 229
42 15 5 158 216 229
42 15 6 158 216 229
42 15 7 158 216 229
42 15 8 158 216 229
42 15 9 158 216 229
42 15 10 158 216 229
42 15 11 158 216 229
42 15 12 158 216 229
42 15 13 158 216 229
42 15 14 158 216 229
42 15 15 158 216 229
42 15 16 158 216 229
42 16 0 158 216 229
42 16 1 158 216 229
42 16 2 158 216 229
42 16 3 158 216 229
42 16 4 158 216 229
42 16 5 158 216 229
42 16 6 158 216 229
42 16 7 158 216 229
42 16 8 158 216 229
42 16 9 158 216 229
42 16 10 158 216 229
42 16 11 158 216 229
42 16 12 158 216 229
42 16 13 158 216 229
42 16 14 158 216 229
42 16 15 158 216 229
42 16 16 158 216 229
42 17 0 158 216 229
42 17 1 158 216 229
42 17 2 158 216 229
42 17 3 158 216 229
42 17 4 158 216 229
42 17 5 158 216 229
42 17 6 158 216 229
42 17 7 158 216 229
42 17 8 158 216 229
42 17 9 158 216 229
42 17 10 158 216 229
42 17 11 158 216 229
42 17 12 158 216 229
42 17 13 158 216 229
42 17 14 158 216 229
42 17 15 158 216 229
42 17 16 158 216 229
42 18 0 158 216 229
42 18 1 158 216 229
42 18 2 158 216 229
42 18 3 158 216 229
42 18 4 158 216 229
42 18 5 158 216 229
42 18 6 158 216 229
42 18 7 158 216 229
42 18 8 158 216 229
42 18 9 158 216 229
42 18 10 158 216 229
42 18 11 158 216 229
42 18 12 158 216 229
42 18 13 158 216 229
42 18 14 158 216 229
42 18 15 158 216 229
42 18 16 158 216 229
42 19 0 158 216 229
42 19 1 158 216 229
42 19 2 158 216 229
42 19 3 158 216 229
42 19 4 158 216 229
42 19 5 158 216 229
42 19 6 158 216 229
42 19 7 158 216 229
42 19 8 158 216 229
42 19 9 158 216 229
42 19 10 158 216 229
42 19 11 158 216 229
42 19 12 158 216 229
42 19 13 158 216 229
42 19 14 158 216 229
42 19 15 158 216 229
42 19 16 158 216 229
42 20 0 158 216 229
42 20 1 158 216 229
42 20 2 158 216 229
42 20 3 158 216 229
42 20 4 158 216 229
42 20 5 158 216 229
42 20 6 158 216 229
42 20 7 158 216 229
42 20 8 158 216 229
42 20 9 158 216 229
42 20 10 158 216 229
42 20 11 158 216 229
42 20 12 158 216 229
42 20 13 158 216 229
42 20 14 158 216 229
42 20 15 158 216 229
42 20 16 158 216 229
42 21 0 158 216 229
42 21 1 158 216 229
42 21 2 158 216 229
42 21 3 158 216 229
42 21 4 158 216 229
42 21 5 158 216 229
42 21 6 158 216 229
42 21 7 158 216 229
42 21 8 158 216 229
42 21 9 158 216 229
42 21 10 158 216 229
42 21 11 158 216 229
42 21 12 158 216 229
42 21 13 158 216 229
42 21 14 158 216 229
42 21 15 158 216 229
42 21 16 158 216 229
42 22 0 158 216 229
42 22 1 158 216 229
42 22 2 158 216 229
42 22 3 158 216 229
42 22 4 158 216 229
42 22 5 158 216 229
42 22 6 158 216 229
42 22 7 158 216 229
42 22 8 158 216 229
42 22 9 158 216 229
42 22 10 158 216 229
42 22 11 158 216 229
42 22 12 158 216 229
42 22 13 158 216 229
42 22 14 158 216 229
42 22 15 158 216 229
42 22 16 158 216 229
42 23 0 158 216 229
42 23 1 158 216 229
42 23 2 158 216 229
42 23 3 158 216 229
42 23 4 158 216 229
42 23 5 158 216 229
42 23 6 158 216 229
42 23 7 158 216 229
42 23 8 158 216 229
42 23 9 158 216 229
42 23 10 158 216 229
42 23 11 158 216 229
42 23 12 158 216 229
42 23 13 158 216 229
42 23 14 158 216 229
42 23 15 158 216 229
42 23 16 158 216 229
42 24 0 158 216 229
42 24 1 158 216 229
42 24 2 158 216 229
42 24 3 158 216 229
42 24 4 158 216 229
42 24 5 158 216 229
42 24 6 158 216 229
42 24 7 158 216 229
42 24 8 158 216 229
42 24 9 158 216 229
42 24 10 158 216 229
42 24 11 158 216 229
42 24 12 158 216 229
42 24 13 158 216 229
42 24 14 158 216 229
42 24 15 158 216 229
42 24 16 158 216 229
42 25 0 158 216 229
42 25 1 158 216 229
42 25 2 158 216 229
42 25 3 158 216 229
42 25 4 158 216 229
42 25 5 158 216 229
42 25 6 158 216 229
42 25 7 158 216 229
42 25 8 158 216 229
42 25 9 158 216 229
42 25 10 158 216 229
42 25 11 158 216 229
42 25 12 158 216 229
42 25 13 158 216 229
42 25 14 158 216 229
42 25 15 158 216 229
42 25 16 158 216 229
42 26 0 158 216 229
42 26 1 158 216 229
42 26 2 158 216 229
42 26 3 158 216 229
42 26 4 158 216 229
42 26 5 158 216 229
42 26 6 158 216 229
42 26 7 158 216 229
42 26 8 158 216 229
42 26 9 158 216 229
42 26 10 158 216 229
42 26 11 158 216 229
42 26 12 158 216 229
42 26 13 158 216 229
42 26 14 158 216 229
42 26 15 158 216 229
42 26 16 158 216 229
42 27 0 158 216 229
42 27 1 158 216 229
42 27 2 158 216 229
42 27 3 158 216 229
42 27 4 158 216 229
42 27 5 158 216 229
42 27 6 158 216 229
42 27 7 158 216 229
42 27 8 158 216 229
42 27 9 158 216 229
42 27 10 158 216 229
42 27 11 158 216 229
42 27 12 158 216 229
42 27 13 158 216 229
42 27 14 158 216 229
42 27 15 158 216 229
42 27 16 158 216 229
42 28 0 158 216 229
42 28 1 158 216 229
42 28 2 158 216 229
42 28 3 158 216 229
42 28 4 158 216 229
42 28 5 158 216 229
42 28 6 158 216 229
42 28 7 158 216 229
42 28 8 158 216 229
42 28 9 158 216 229
42 28 10 158 216 229
42 28 11 158 216 229
42 28 12 158 216 229
42 28 13 158 216 229
42 28 14 158 216 229
42 28 15 158 216 229
42 28 16 158 216 229
42 29 0 158 216 229
42 29 1 158 216 229
42 29 2 158 216 229
42 29 3 158 216 229
42 29 4 158 216 229
42 29 5 158 216 229
42 29 6 158 216 229
42 29 7 158 216 229
42 29 8 158 216 229
42 29 9 158 216 229
42 29 10 158 216 229
42 29 11 158 216 229
42 29 12 158 216 229
42 29 13 158 216 229
42 29 14 158 216 229
42 29 15 158 216 229
42 29 16 158 216 229
42 30 0 158 216 229
42 30 1 158 216 229
42 30 2 158 216 229
42 30 3 158 216 229
42 30 4 158 216 229
42 30 5 158 216 229
42 30 6 158 216 229
42 30 7 158 216 229
42 30 8 158 216 229
42 30 9 158 216 229
42 30 10 158 216 229
42 30 11 158 216 229
42 30 12 158 216 229
42 30 13 158 216 229
42 30 14 158 216 229
42 30 15 158 216 229
42 30 16 158 216 229
42 31 0 158 216 229
42 31 1 158 216 229
42 31 2 158 216 229
42 31 3 158 216 229
42 31 4 158 216 229
42 31 5 158 216 229
42 31 6 158 216 229
42 31 7 158 216 229
42 31 8 158 216 229
42 31 9 158 216 229
42 31 10 158 216 229
42 31 11 158 216 229
42 31 12 158 216 229
42 31 13 158 216 229
42 31 14 158 216 229
42 31 15 158 216 229
42 31 16 158 216 229
42 32 0 214 38 40
42 32 1 214 38 40
42 32 2 158 216 229
42 32 3 158 216 229
42 32 4 158 216 229
42 32 5 158 216 229
42 32 6 158 216 229
42 32 7 158 216 229
42 32 8 158 216 229
42 32 9 158 216 229
42 32 10 158 216 229
42 32 11 158 216 229
42 32 12 158 216 229
42 32 13 158 216 229
42 32 14 158 216 229
42 32 15 158 216 229
42 32 16 158 216 229
