ply
format ascii 1.0
element vertex 16523
property float x
property float y
property float z
property uchar red
property uchar green
property uchar blue
end_header
5 0 19 158 216 229
5 1 18 158 216 229
5 1 19 158 216 229
5 1 20 158 216 229
5 2 18 158 216 229
5 2 19 158 216 229
5 2 20 158 216 229
5 3 18 158 216 229
5 3 19 158 216 229
5 3 20 158 216 229
5 4 18 158 216 229
5 4 19 158 216 229
5 4 20 158 216 229
5 5 18 158 216 229
5 5 19 158 216 229
5 5 20 158 216 229
5 6 18 158 216 229
5 6 19 158 216 229
5 6 20 158 216 229
5 7 18 158 216 229
5 7 19 158 216 229
5 7 20 158 216 229
5 8 18 158 216 229
5 8 19 158 216 229
5 8 20 158 216 229
5 9 18 158 216 229
5 9 19 158 216 229
5 9 20 158 216 229
5 10 18 158 216 229
5 10 19 158 216 229
5 10 20 158 216 229
5 11 18 158 216 229
5 11 19 158 216 229
5 11 20 158 216 229
5 12 18 158 216 229
5 12 19 158 216 229
5 12 20 158 216 229
5 13 18 158 216 229
5 13 19 158 216 229
5 13 20 158 216 229
5 14 18 158 216 229
5 14 19 158 216 229
5 14 20 158 216 229
5 15 18 158 216 229
5 15 19 158 216 229
5 15 20 158 216 229
5 16 18 158 216 229
5 16 19 158 216 229
5 16 20 158 216 229
5 17 18 158 216 229
5 17 19 158 216 229
5 17 20 158 216 229
5 18 18 158 216 229
5 18 19 158 216 229
5 18 20 158 216 229
5 19 18 158 216 229
5 19 19 158 216 229
5 19 20 158 216 229
5 20 18 158 216 229
5 20 19 158 216 229
5 20 20 158 216 229
5 21 18 158 216 229
5 21 19 158 216 229
5 21 20 158 216 229
5 22 18 158 216 229
5 22 19 158 216 229
5 22 20 158 216 229
5 23 18 158 216 229
5 23 19 158 216 229
5 23 20 158 216 229
5 24 18 158 216 229
5 24 19 158 216 229
5 24 20 158 216 229
5 25 18 158 216 229
5 25 19 158 216 229
5 25 20 158 216 229
5 26 18 158 216 229
5 26 19 158 216 229
5 26 20 158 216 229
5 27 18 158 216 229
5 27 19 158 216 229
5 27 20 158 216 229
5 28 18 158 216 229
5 28 19 158 216 229
5 28 20 158 216 229
5 29 18 158 216 229
5 29 19 158 216 229
5 29 20 158 216 229
5 30 18 158 216 229
5 30 19 158 216 229
5 30 20 158 216 229
5 31 18 158 216 229
5 31 19 158 216 229
5 31 20 158 216 229
5 32 18 158 216 229
5 32 19 158 216 229
5 32 20 158 216 229
5 33 18 158 216 229
5 33 19 158 216 229
5 33 20 158 216 229
5 34 19 214 38 40
6 0 18 43 160 4
6 0 19 158 216 229
6 0 20 158 216 229
6 1 17 158 216 229
6 1 18 158 216 229
6 1 19 158 216 229
6 1 20 158 216 229
6 1 21 158 216 229
6 2 17 158 216 229
6 2 18 158 216 229
6 2 19 158 216 229
6 2 20 158 216 229
6 2 21 158 216 229
6 3 17 158 216 229
6 3 18 158 216 229
6 3 19 158 216 229
6 3 20 158 216 229
6 3 21 158 216 229
6 4 17 158 216 229
6 4 18 158 216 229
6 4 19 158 216 229
6 4 20 158 216 229
6 4 21 158 216 229
6 5 17 158 216 229
6 5 18 158 216 229
6 5 19 158 216 229
6 5 20 158 216 229
6 5 21 158 216 229
6 6 17 158 216 229
6 6 18 158 216 229
6 6 19 158 216 229
6 6 20 158 216 229
6 6 21 158 216 229
6 7 17 158 216 229
6 7 18 158 216 229
6 7 19 158 216 229
6 7 20 158 216 229
6 7 21 158 216 229
6 8 17 158 216 229
6 8 18 158 216 229
6 8 19 158 216 229
6 8 20 158 216 229
6 8 21 158 216 229
6 9 17 158 216 229
6 9 18 158 216 229
6 9 19 158 216 229
6 9 20 158 216 229
6 9 21 158 216 229
6 10 17 158 216 229
6 10 18 158 216 229
6 10 19 158 216 229
6 10 20 158 216 229
6 10 21 158 216 229
6 11 17 158 216 229
6 11 18 158 216 229
6 11 19 158 216 229
6 11 20 158 216 229
6 11 21 158 216 229
6 12 17 158 216 229
6 12 18 158 216 229
6 12 19 158 216 229
6 12 20 158 216 229
6 12 21 158 216 229
6 13 17 158 216 229
6 13 18 158 216 229
6 13 19 158 216 229
6 13 20 158 216 229
6 13 21 158 216 229
6 14 17 158 216 229
6 14 18 158 216 229
6 14 19 158 216 229
6 14 20 158 216 229
6 14 21 158 216 229
6 15 17 158 216 229
6 15 18 158 216 229
6 15 19 158 216 229
6 15 20 158 216 229
6 15 21 158 216 229
6 16 17 158 216 229
6 16 18 158 216 229
6 16 19 158 216 229
6 16 20 158 216 229
6 16 21 158 216 229
6 17 17 158 216 229
6 17 18 158 216 229
6 17 19 158 216 229
6 17 20 158 216 229
6 17 21 158 216 229
6 18 17 158 216 229
6 18 18 158 216 229
6 18 19 158 216 229
6 18 20 158 216 229
6 18 21 158 216 229
6 19 17 158 216 229
6 19 18 158 216 229
6 19 19 158 216 229
6 19 20 158 216 229
6 19 21 158 216 229
6 20 17 158 216 229
6 20 18 158 216 229
6 20 19 158 216 229
6 20 20 158 216 229
6 20 21 158 216 229
6 21 17 158 216 229
6 21 18 158 216 229
6 21 19 158 216 229
6 21 20 158 216 229
6 21 21 158 216 229
6 22 17 158 216 229
6 22 18 158 216 229
6 22 19 158 216 229
6 22 20 158 216 229
6 22 21 158 216 229
6 23 17 158 216 229
6 23 18 158 216 229
6 23 19 158 216 229
6 23 20 158 216 229
6 23 21 158 216 229
6 24 17 158 216 229
6 24 18 158 216 229
6 24 19 158 216 229
6 24 20 158 216 229
6 24 21 158 216 229
6 25 17 158 216 229
6 25 18 158 216 229
6 25 19 158 216 229
6 25 20 158 216 229
6 25 21 158 216 229
6 26 17 158 216 229
6 26 18 158 216 229
6 26 19 158 216 229
6 26 20 158 216 229
6 26 21 158 216 229
6 27 17 158 216 229
6 27 18 158 216 229
6 27 19 158 216 229
6 27 20 158 216 229
6 27 21 158 216 229
6 28 17 158 216 229
6 28 18 158 216 229
6 28 19 158 216 229
6 28 20 158 216 229
6 28 21 158 216 229
6 29 17 158 216 229
6 29 18 158 216 229
6 29 19 158 216 229
6 29 20 158 216 229
6 29 21 158 216 229
6 30 17 158 216 229
6 30 18 158 216 229
6 30 19 158 216 229
6 30 20 158 216 229
6 30 21 158 216 229
6 31 17 158 216 229
6 31 18 158 216 229
6 31 19 158 216 229
6 31 20 158 216 229
6 31 21 158 216 229
6 32 17 158 216 229
6 32 18 158 216 229
6 32 19 158 216 229
6 32 20 158 216 229
6 32 21 158 216 229
6 33 17 158 216 229
6 33 18 158 216 229
6 33 19 158 216 229
6 33 20 158 216 229
6 33 21 158 216 229
6 34 18 214 38 40
6 34 19 214 38 40
6 34 20 214 38 40
7 0 16 158 216 229
7 0 17 43 160 4
7 0 18 158 216 229
7 0 19 158 216 229
7 0 20 158 216 229
7 0 21 158 216 229
7 1 16 158 216 229
7 1 17 158 216 229
7 1 18 158 216 229
7 1 19 158 216 229
7 1 20 158 216 229
7 1 21 158 216 229
7 2 16 158 216 229
7 2 17 158 216 229
7 2 18 158 216 229
7 2 19 158 216 229
7 2 20 158 216 229
7 2 21 158 216 229
7 3 16 158 216 229
7 3 17 158 216 229
7 3 18 158 216 229
7 3 19 158 216 229
7 3 20 158 216 229
7 3 21 158 216 229
7 4 16 158 216 229
7 4 17 158 216 229
7 4 18 158 216 229
7 4 19 158 216 229
7 4 20 158 216 229
7 4 21 158 216 229
7 5 16 158 216 229
7 5 17 158 216 229
7 5 18 158 216 229
7 5 19 158 216 229
7 5 20 158 216 229
7 5 21 158 216 229
7 6 16 158 216 229
7 6 17 158 216 229
7 6 18 158 216 229
7 6 19 158 216 229
7 6 20 158 216 229
7 6 21 158 216 229
7 7 16 158 216 229
7 7 17 158 216 229
7 7 18 158 216 229
7 7 19 158 216 229
7 7 20 158 216 229
7 7 21 158 216 229
7 8 16 158 216 229
7 8 17 158 216 229
7 8 18 158 216 229
7 8 19 158 216 229
7 8 20 158 216 229
7 8 21 158 216 229
7 9 16 158 216 229
7 9 17 158 216 229
7 9 18 158 216 229
7 9 19 158 216 229
7 9 20 158 216 229
7 9 21 158 216 229
7 10 16 158 216 229
7 10 17 158 216 229
7 10 18 158 216 229
7 10 19 158 216 229
7 10 20 158 216 229
7 10 21 158 216 229
7 11 16 158 216 229
7 11 17 158 216 229
7 11 18 158 216 229
7 11 19 158 216 229
7 11 20 158 216 229
7 11 21 158 216 229
7 12 16 158 216 229
7 12 17 158 216 229
7 12 18 158 216 229
7 12 19 158 216 229
7 12 20 158 216 229
7 12 21 158 216 229
7 13 16 158 216 229
7 13 17 158 216 229
7 13 18 158 216 229
7 13 19 158 216 229
7 13 20 158 216 229
7 13 21 158 216 229
7 14 16 158 216 229
7 14 17 158 216 229
7 14 18 158 216 229
7 14 19 158 216 229
7 14 20 158 216 229
7 14 21 158 216 229
7 15 16 158 216 229
7 15 17 158 216 229
7 15 18 158 216 229
7 15 19 158 216 229
7 15 20 158 216 229
7 15 21 158 216 229
7 16 16 158 216 229
7 16 17 158 216 229
7 16 18 158 216 229
7 16 19 158 216 229
7 16 20 158 216 229
7 16 21 158 216 229
7 17 16 158 216 229
7 17 17 158 216 229
7 17 18 158 216 229
7 17 19 158 216 229
7 17 20 158 216 229
7 17 21 158 216 229
7 18 16 158 216 229
7 18 17 158 216 229
7 18 18 158 216 229
7 18 19 158 216 229
7 18 20 158 216 229
7 18 21 158 216 229
7 19 16 158 216 229
7 19 17 158 216 229
7 19 18 158 216 229
7 19 19 158 216 229
7 19 20 158 216 229
7 19 21 158 216 229
7 20 16 158 216 229
7 20 17 158 216 229
7 20 18 158 216 229
7 20 19 158 216 229
7 20 20 158 216 229
7 20 21 158 216 229
7 21 16 158 216 229
7 21 17 158 216 229
7 21 18 158 216 229
7 21 19 158 216 229
7 21 20 158 216 229
7 21 21 158 216 229
7 22 16 158 216 229
7 22 17 158 216 229
7 22 18 158 216 229
7 22 19 158 216 229
7 22 20 158 216 229
7 22 21 158 216 229
7 23 16 158 216 229
7 23 17 158 216 229
7 23 18 158 216 229
7 23 19 158 216 229
7 23 20 158 216 229
7 23 21 158 216 229
7 24 16 158 216 229
7 24 17 158 216 229
7 24 18 158 216 229
7 24 19 158 216 229
7 24 20 158 216 229
7 24 21 158 216 229
7 25 16 158 216 229
7 25 17 158 216 229
7 25 18 158 216 229
7 25 19 158 216 229
7 25 20 158 216 229
7 25 21 158 216 229
7 26 16 158 216 229
7 26 17 158 216 229
7 26 18 158 216 229
7 26 19 158 216 229
7 26 20 158 216 229
7 26 21 158 216 229
7 27 16 158 216 229
7 27 17 158 216 229
7 27 18 158 216 229
7 27 19 158 216 229
7 27 20 158 216 229
7 27 21 158 216 229
7 28 16 158 216 229
7 28 17 158 216 229
7 28 18 158 216 229
7 28 19 158 216 229
7 28 20 158 216 229
7 28 21 158 216 229
7 29 16 158 216 229
7 29 17 158 216 229
7 29 18 158 216 229
7 29 19 158 216 229
7 29 20 158 216 229
7 29 21 158 216 229
7 30 16 158 216 229
7 30 17 158 216 229
7 30 18 158 216 229
7 30 19 158 216 229
7 30 20 158 216 229
7 30 21 158 216 229
7 31 16 158 216 229
7 31 17 158 216 229
7 31 18 158 216 229
7 31 19 158 216 229
7 31 20 158 216 229
7 31 21 158 216 229
7 32 16 158 216 229
7 32 17 158 216 229
7 32 18 158 216 229
7 32 19 158 216 229
7 32 20 158 216 229
7 32 21 158 216 229
7 33 16 158 216 229
7 33 17 158 216 229
7 33 18 158 216 229
7 33 19 158 216 229
7 33 20 158 216 229
7 33 21 158 216 229
7 34 17 214 38 40
7 34 18 214 38 40
7 34 19 214 38 40
7 34 20 214 38 40
7 34 21 214 38 40
8 0 15 158 216 229
8 0 16 43 160 4
8 0 17 196 175 214
8 0 18 196 175 214
8 0 19 158 216 229
8 0 20 158 216 229
8 0 21 158 216 229
8 0 22 158 216 229
8 1 15 158 216 229
8 1 16 158 216 229
8 1 17 196 175 214
8 1 18 196 175 214
8 1 19 158 216 229
8 1 20 158 216 229
8 1 21 158 216 229
8 1 22 158 216 229
8 2 15 158 216 229
8 2 16 158 216 229
8 2 17 196 175 214
8 2 18 196 175 214
8 2 19 158 216 229
8 2 20 158 216 229
8 2 21 158 216 229
8 2 22 158 216 229
8 3 15 158 216 229
8 3 16 158 216 229
8 3 17 196 175 214
8 3 18 196 175 214
8 3 19 158 216 229
8 3 20 158 216 229
8 3 21 158 216 229
8 3 22 158 216 229
8 4 15 158 216 229
8 4 16 158 216 229
8 4 17 196 175 214
8 4 18 196 175 214
8 4 19 158 216 229
8 4 20 158 216 229
8 4 21 158 216 229
8 4 22 158 216 229
8 5 15 158 216 229
8 5 16 158 216 229
8 5 17 196 175 214
8 5 18 196 175 214
8 5 19 158 216 229
8 5 20 158 216 229
8 5 21 158 216 229
8 5 22 158 216 229
8 6 15 158 216 229
8 6 16 158 216 229
8 6 17 196 175 214
8 6 18 196 175 214
8 6 19 158 216 229
8 6 20 158 216 229
8 6 21 158 216 229
8 6 22 158 216 229
8 7 15 158 216 229
8 7 16 158 216 229
8 7 17 30 119 181
8 7 18 196 175 214
8 7 19 158 216 229
8 7 20 158 216 229
8 7 21 158 216 229
8 7 22 158 216 229
8 8 15 158 216 229
8 8 16 158 216 229
8 8 17 30 119 181
8 8 18 30 119 181
8 8 19 158 216 229
8 8 20 158 216 229
8 8 21 158 216 229
8 8 22 158 216 229
8 9 15 158 216 229
8 9 16 158 216 229
8 9 17 30 119 181
8 9 18 30 119 181
8 9 19 158 216 229
8 9 20 158 216 229
8 9 21 158 216 229
8 9 22 158 216 229
8 10 15 158 216 229
8 10 16 158 216 229
8 10 17 196 175 214
8 10 18 196 175 214
8 10 19 158 216 229
8 10 20 158 216 229
8 10 21 158 216 229
8 10 22 158 216 229
8 11 15 158 216 229
8 11 16 158 216 229
8 11 17 196 175 214
8 11 18 196 175 214
8 11 19 158 216 229
8 11 20 158 216 229
8 11 21 158 216 229
8 11 22 158 216 229
8 12 15 158 216 229
8 12 16 158 216 229
8 12 17 196 175 214
8 12 18 196 175 214
8 12 19 158 216 229
8 12 20 158 216 229
8 12 21 158 216 229
8 12 22 158 216 229
8 13 15 158 216 229
8 13 16 158 216 229
8 13 17 196 175 214
8 13 18 196 175 214
8 13 19 158 216 229
8 13 20 158 216 229
8 13 21 158 216 229
8 13 22 158 216 229
8 14 15 158 216 229
8 14 16 158 216 229
8 14 17 196 175 214
8 14 18 196 175 214
8 14 19 158 216 229
8 14 20 158 216 229
8 14 21 158 216 229
8 14 22 158 216 229
8 15 15 158 216 229
8 15 16 158 216 229
8 15 18 158 216 229
8 15 19 158 216 229
8 15 20 158 216 229
8 15 21 158 216 229
8 15 22 158 216 229
8 16 15 158 216 229
8 16 16 158 216 229
8 16 18 158 216 229
8 16 19 158 216 229
8 16 20 158 216 229
8 16 21 158 216 229
8 16 22 158 216 229
8 17 15 158 216 229
8 17 16 158 216 229
8 17 18 158 216 229
8 17 19 158 216 229
8 17 20 158 216 229
8 17 21 158 216 229
8 17 22 158 216 229
8 18 15 158 216 229
8 18 16 158 216 229
8 18 18 158 216 229
8 18 19 158 216 229
8 18 20 158 216 229
8 18 21 158 216 229
8 18 22 158 216 229
8 19 15 158 216 229
8 19 16 158 216 229
8 19 18 158 216 229
8 19 19 158 216 229
8 19 20 158 216 229
8 19 21 158 216 229
8 19 22 158 216 229
8 20 15 158 216 229
8 20 16 158 216 229
8 20 18 158 216 229
8 20 19 158 216 229
8 20 20 158 216 229
8 20 21 158 216 229
8 20 22 158 216 229
8 21 15 158 216 229
8 21 16 158 216 229
8 21 18 158 216 229
8 21 19 158 216 229
8 21 20 158 216 229
8 21 21 158 216 229
8 21 22 158 216 229
8 22 15 158 216 229
8 22 16 158 216 229
8 22 18 158 216 229
8 22 19 158 216 229
8 22 20 158 216 229
8 22 21 158 216 229
8 22 22 158 216 229
8 23 15 158 216 229
8 23 16 158 216 229
8 23 18 158 216 229
8 23 19 158 216 229
8 23 20 158 216 229
8 23 21 158 216 229
8 23 22 158 216 229
8 24 15 158 216 229
8 24 16 158 216 229
8 24 18 158 216 229
8 24 19 158 216 229
8 24 20 158 216 229
8 24 21 158 216 229
8 24 22 158 216 229
8 25 15 158 216 229
8 25 16 158 216 229
8 25 18 158 216 229
8 25 19 158 216 229
8 25 20 158 216 229
8 25 21 158 216 229
8 25 22 158 216 229
8 26 15 158 216 229
8 26 16 158 216 229
8 26 18 158 216 229
8 26 19 158 216 229
8 26 20 158 216 229
8 26 21 158 216 229
8 26 22 158 216 229
8 27 15 158 216 229
8 27 16 158 216 229
8 27 18 158 216 229
8 27 19 158 216 229
8 27 20 158 216 229
8 27 21 158 216 229
8 27 22 158 216 229
8 28 15 158 216 229
8 28 16 158 216 229
8 28 18 158 216 229
8 28 19 158 216 229
8 28 20 158 216 229
8 28 21 158 216 229
8 28 22 158 216 229
8 29 15 158 216 229
8 29 16 158 216 229
8 29 18 158 216 229
8 29 19 158 216 229
8 29 20 158 216 229
8 29 21 158 216 229
8 29 22 158 216 229
8 30 15 158 216 229
8 30 16 158 216 229
8 30 18 158 216 229
8 30 19 158 216 229
8 30 20 158 216 229
8 30 21 158 216 229
8 30 22 158 216 229
8 31 15 158 216 229
8 31 16 158 216 229
8 31 18 158 216 229
8 31 19 158 216 229
8 31 20 158 216 229
8 31 21 158 216 229
8 31 22 158 216 229
8 32 15 158 216 229
8 32 16 158 216 229
8 32 18 158 216 229
8 32 19 158 216 229
8 32 20 158 216 229
8 32 21 158 216 229
8 32 22 158 216 229
8 33 15 158 216 229
8 33 16 158 216 229
8 33 17 214 38 40
8 33 18 214 38 40
8 33 19 158 216 229
8 33 20 158 216 229
8 33 21 158 216 229
8 33 22 158 216 229
8 34 16 214 38 40
8 34 17 214 38 40
8 34 18 214 38 40
8 34 19 214 38 40
8 34 20 214 38 40
8 34 21 214 38 40
8 34 22 214 38 40
9 0 14 158 216 229
9 0 15 43 160 4
9 0 16 196 175 214
9 0 17 196 175 214
9 0 18 196 175 214
9 0 19 196 175 214
9 0 20 158 216 229
9 0 21 158 216 229
9 0 22 158 216 229
9 0 23 158 216 229
9 1 14 158 216 229
9 1 15 158 216 229
9 1 16 196 175 214
9 1 17 196 175 214
9 1 18 196 175 214
9 1 19 196 175 214
9 1 20 158 216 229
9 1 21 158 216 229
9 1 22 158 216 229
9 1 23 158 216 229
9 2 14 158 216 229
9 2 15 158 216 229
9 2 16 196 175 214
9 2 17 196 175 214
9 2 18 196 175 214
9 2 19 196 175 214
9 2 20 158 216 229
9 2 21 158 216 229
9 2 22 158 216 229
9 2 23 158 216 229
9 3 14 158 216 229
9 3 15 158 216 229
9 3 16 196 175 214
9 3 17 196 175 214
9 3 18 196 175 214
9 3 19 196 175 214
9 3 20 158 216 229
9 3 21 158 216 229
9 3 22 158 216 229
9 3 23 158 216 229
9 4 14 158 216 229
9 4 15 158 216 229
9 4 16 196 175 214
9 4 17 196 175 214
9 4 18 196 175 214
9 4 19 196 175 214
9 4 20 158 216 229
9 4 21 158 216 229
9 4 22 158 216 229
9 4 23 158 216 229
9 5 14 158 216 229
9 5 15 158 216 229
9 5 16 196 175 214
9 5 17 196 175 214
9 5 18 196 175 214
9 5 19 196 175 214
9 5 20 158 216 229
9 5 21 158 216 229
9 5 22 158 216 229
9 5 23 158 216 229
9 6 14 158 216 229
9 6 15 158 216 229
9 6 16 196 175 214
9 6 17 196 175 214
9 6 18 196 175 214
9 6 19 196 175 214
9 6 20 158 216 229
9 6 21 158 216 229
9 6 22 158 216 229
9 6 23 158 216 229
9 7 14 158 216 229
9 7 15 158 216 229
9 7 16 30 119 181
9 7 17 30 119 181
9 7 18 30 119 181
9 7 19 196 175 214
9 7 20 158 216 229
9 7 21 158 216 229
9 7 22 158 216 229
9 7 23 158 216 229
9 8 14 158 216 229
9 8 15 30 119 181
9 8 16 30 119 181
9 8 17 30 119 181
9 8 18 30 119 181
9 8 19 30 119 181
9 8 20 158 216 229
9 8 21 158 216 229
9 8 22 158 216 229
9 8 23 158 216 229
9 9 14 158 216 229
9 9 15 158 216 229
9 9 16 30 119 181
9 9 17 30 119 181
9 9 18 30 119 181
9 9 19 30 119 181
9 9 20 158 216 229
9 9 21 158 216 229
9 9 22 158 216 229
9 9 23 158 216 229
9 10 14 158 216 229
9 10 15 158 216 229
9 10 16 196 175 214
9 10 17 196 175 214
9 10 18 196 175 214
9 10 19 196 175 214
9 10 20 158 216 229
9 10 21 158 216 229
9 10 22 158 216 229
9 10 23 158 216 229
9 11 14 158 216 229
9 11 15 158 216 229
9 11 16 196 175 214
9 11 17 196 175 214
9 11 18 196 175 214
9 11 19 196 175 214
9 11 20 158 216 229
9 11 21 158 216 229
9 11 22 158 216 229
9 11 23 158 216 229
9 12 14 158 216 229
9 12 15 158 216 229
9 12 16 196 175 214
9 12 17 196 175 214
9 12 18 196 175 214
9 12 19 196 175 214
9 12 20 158 216 229
9 12 21 158 216 229
9 12 22 158 216 229
9 12 23 158 216 229
9 13 14 158 216 229
9 13 15 158 216 229
9 13 16 196 175 214
9 13 17 196 175 214
9 13 18 196 175 214
9 13 19 196 175 214
9 13 20 158 216 229
9 13 21 158 216 229
9 13 22 158 216 229
9 13 23 158 216 229
9 14 14 158 216 229
9 14 15 158 216 229
9 14 16 196 175 214
9 14 17 196 175 214
9 14 18 196 175 214
9 14 19 158 216 229
9 14 20 158 216 229
9 14 21 158 216 229
9 14 22 158 216 229
9 14 23 158 216 229
9 15 14 158 216 229
9 15 15 158 216 229
9 15 19 158 216 229
9 15 20 158 216 229
9 15 21 158 216 229
9 15 22 158 216 229
9 15 23 158 216 229
9 16 14 158 216 229
9 16 15 158 216 229
9 16 19 158 216 229
9 16 20 158 216 229
9 16 21 158 216 229
9 16 22 158 216 229
9 16 23 158 216 229
9 17 14 158 216 229
9 17 15 158 216 229
9 17 19 158 216 229
9 17 20 158 216 229
9 17 21 158 216 229
9 17 22 158 216 229
9 17 23 158 216 229
9 18 14 158 216 229
9 18 15 158 216 229
9 18 19 158 216 229
9 18 20 158 216 229
9 18 21 158 216 229
9 18 22 158 216 229
9 18 23 158 216 229
9 19 14 158 216 229
9 19 15 158 216 229
9 19 19 158 216 229
9 19 20 158 216 229
9 19 21 158 216 229
9 19 22 158 216 229
9 19 23 158 216 229
9 20 14 158 216 229
9 20 15 158 216 229
9 20 19 158 216 229
9 20 20 158 216 229
9 20 21 158 216 229
9 20 22 158 216 229
9 20 23 158 216 229
9 21 14 158 216 229
9 21 15 158 216 229
9 21 19 158 216 229
9 21 20 158 216 229
9 21 21 158 216 229
9 21 22 158 216 229
9 21 23 158 216 229
9 22 14 158 216 229
9 22 15 158 216 229
9 22 19 158 216 229
9 22 20 158 216 229
9 22 21 158 216 229
9 22 22 158 216 229
9 22 23 158 216 229
9 23 14 158 216 229
9 23 15 158 216 229
9 23 19 158 216 229
9 23 20 158 216 229
9 23 21 158 216 229
9 23 22 158 216 229
9 23 23 158 216 229
9 24 14 158 216 229
9 24 15 158 216 229
9 24 19 158 216 229
9 24 20 158 216 229
9 24 21 158 216 229
9 24 22 158 216 229
9 24 23 158 216 229
9 25 14 158 216 229
9 25 15 158 216 229
9 25 19 158 216 229
9 25 20 158 216 229
9 25 21 158 216 229
9 25 22 158 216 229
9 25 23 158 216 229
9 26 14 158 216 229
9 26 15 158 216 229
9 26 19 158 216 229
9 26 20 158 216 229
9 26 21 158 216 229
9 26 22 158 216 229
9 26 23 158 216 229
9 27 14 158 216 229
9 27 15 158 216 229
9 27 19 158 216 229
9 27 20 158 216 229
9 27 21 158 216 229
9 27 22 158 216 229
9 27 23 158 216 229
9 28 14 158 216 229
9 28 15 158 216 229
9 28 19 158 216 229
9 28 20 158 216 229
9 28 21 158 216 229
9 28 22 158 216 229
9 28 23 158 216 229
9 29 14 158 216 229
9 29 15 158 216 229
9 29 19 158 216 229
9 29 20 158 216 229
9 29 21 158 216 229
9 29 22 158 216 229
9 29 23 158 216 229
9 30 14 158 216 229
9 30 15 158 216 229
9 30 19 158 216 229
9 30 20 158 216 229
9 30 21 158 216 229
9 30 22 158 216 229
9 30 23 158 216 229
9 31 14 158 216 229
9 31 15 158 216 229
9 31 19 158 216 229
9 31 20 158 216 229
9 31 21 158 216 229
9 31 22 158 216 229
9 31 23 158 216 229
9 32 14 158 216 229
9 32 15 158 216 229
9 32 19 158 216 229
9 32 20 158 216 229
9 32 21 158 216 229
9 32 22 158 216 229
9 32 23 158 216 229
9 33 14 158 216 229
9 33 15 158 216 229
9 33 16 214 38 40
9 33 17 214 38 40
9 33 18 214 38 40
9 33 19 214 38 40
9 33 20 158 216 229
9 33 21 158 216 229
9 33 22 158 216 229
9 33 23 158 216 229
9 34 15 214 38 40
9 34 16 214 38 40
9 34 17 214 38 40
9 34 18 214 38 40
9 34 19 214 38 40
9 34 20 214 38 40
9 34 21 214 38 40
9 34 22 214 38 40
10 0 13 158 216 229
10 0 14 43 160 4
10 0 15 196 175 214
10 0 16 196 175 214
10 0 17 196 175 214
10 0 18 196 175 214
10 0 19 196 175 214
10 0 20 196 175 214
10 0 21 158 216 229
10 0 22 158 216 229
10 0 23 158 216 229
10 0 24 158 216 229
10 1 13 158 216 229
10 1 14 196 175 214
10 1 15 196 175 214
10 1 16 196 175 214
10 1 17 196 175 214
10 1 18 196 175 214
10 1 19 196 175 214
10 1 20 196 175 214
10 1 21 158 216 229
10 1 22 158 216 229
10 1 23 158 216 229
10 1 24 158 216 229
10 2 13 158 216 229
10 2 14 196 175 214
10 2 15 196 175 214
10 2 16 196 175 214
10 2 17 196 175 214
10 2 18 196 175 214
10 2 19 196 175 214
10 2 20 196 175 214
10 2 21 158 216 229
10 2 22 158 216 229
10 2 23 158 216 229
10 2 24 158 216 229
10 3 13 158 216 229
10 3 14 196 175 214
10 3 15 196 175 214
10 3 16 196 175 214
10 3 17 196 175 214
10 3 18 196 175 214
10 3 19 196 175 214
10 3 20 196 175 214
10 3 21 158 216 229
10 3 22 158 216 229
10 3 23 158 216 229
10 3 24 158 216 229
10 4 13 158 216 229
10 4 14 196 175 214
10 4 15 196 175 214
10 4 16 196 175 214
10 4 17 196 175 214
10 4 18 196 175 214
10 4 19 196 175 214
10 4 20 196 175 214
10 4 21 158 216 229
10 4 22 158 216 229
10 4 23 158 216 229
10 4 24 158 216 229
10 5 13 158 216 229
10 5 14 196 175 214
10 5 15 196 175 214
10 5 16 196 175 214
10 5 17 196 175 214
10 5 18 196 175 214
10 5 19 196 175 214
10 5 20 196 175 214
10 5 21 158 216 229
10 5 22 158 216 229
10 5 23 158 216 229
10 5 24 158 216 229
10 6 13 158 216 229
10 6 14 196 175 214
10 6 15 196 175 214
10 6 16 196 175 214
10 6 17 196 175 214
10 6 18 196 175 214
10 6 19 196 175 214
10 6 20 196 175 214
10 6 21 158 216 229
10 6 22 158 216 229
10 6 23 158 216 229
10 6 24 158 216 229
10 7 13 158 216 229
10 7 14 30 119 181
10 7 15 30 119 181
10 7 16 30 119 181
10 7 17 30 119 181
10 7 18 30 119 181
10 7 19 30 119 181
10 7 20 158 216 229
10 7 21 158 216 229
10 7 22 158 216 229
10 7 23 158 216 229
10 7 24 158 216 229
10 8 13 158 216 229
10 8 14 30 119 181
10 8 15 30 119 181
10 8 16 30 119 181
10 8 17 30 119 181
10 8 18 30 119 181
10 8 19 30 119 181
10 8 20 30 119 181
10 8 21 158 216 229
10 8 22 158 216 229
10 8 23 158 216 229
10 8 24 158 216 229
10 9 13 158 216 229
10 9 14 158 216 229
10 9 15 30 119 181
10 9 16 30 119 181
10 9 17 30 119 181
10 9 18 30 119 181
10 9 19 30 119 181
10 9 20 30 119 181
10 9 21 158 216 229
10 9 22 158 216 229
10 9 23 158 216 229
10 9 24 158 216 229
10 10 13 158 216 229
10 10 14 158 216 229
10 10 17 196 175 214
10 10 18 196 175 214
10 10 19 196 175 214
10 10 20 196 175 214
10 10 21 158 216 229
10 10 22 158 216 229
10 10 23 158 216 229
10 10 24 158 216 229
10 11 13 158 216 229
10 11 14 158 216 229
10 11 17 196 175 214
10 11 18 196 175 214
10 11 19 196 175 214
10 11 20 196 175 214
10 11 21 158 216 229
10 11 22 158 216 229
10 11 23 158 216 229
10 11 24 158 216 229
10 12 13 158 216 229
10 12 14 158 216 229
10 12 17 196 175 214
10 12 18 196 175 214
10 12 19 196 175 214
10 12 20 158 216 229
10 12 21 158 216 229
10 12 22 158 216 229
10 12 23 158 216 229
10 12 24 158 216 229
10 13 13 158 216 229
10 13 14 158 216 229
10 13 17 196 175 214
10 13 18 196 175 214
10 13 19 196 175 214
10 13 20 158 216 229
10 13 21 158 216 229
10 13 22 158 216 229
10 13 23 158 216 229
10 13 24 158 216 229
10 14 13 158 216 229
10 14 14 158 216 229
10 14 17 196 175 214
10 14 18 196 175 214
10 14 19 196 175 214
10 14 20 158 216 229
10 14 21 158 216 229
10 14 22 158 216 229
10 14 23 158 216 229
10 14 24 158 216 229
10 15 13 158 216 229
10 15 14 158 216 229
10 15 20 158 216 229
10 15 21 158 216 229
10 15 22 158 216 229
10 15 23 158 216 229
10 15 24 158 216 229
10 16 13 158 216 229
10 16 14 158 216 229
10 16 20 158 216 229
10 16 21 158 216 229
10 16 22 158 216 229
10 16 23 158 216 229
10 16 24 158 216 229
10 17 13 158 216 229
10 17 14 158 216 229
10 17 20 158 216 229
10 17 21 158 216 229
10 17 22 158 216 229
10 17 23 158 216 229
10 17 24 158 216 229
10 18 13 158 216 229
10 18 14 158 216 229
10 18 20 158 216 229
10 18 21 158 216 229
10 18 22 158 216 229
10 18 23 158 216 229
10 18 24 158 216 229
10 19 13 158 216 229
10 19 14 158 216 229
10 19 20 158 216 229
10 19 21 158 216 229
10 19 22 158 216 229
10 19 23 158 216 229
10 19 24 158 216 229
10 20 13 158 216 229
10 20 14 158 216 229
10 20 20 158 216 229
10 20 21 158 216 229
10 20 22 158 216 229
10 20 23 158 216 229
10 20 24 158 216 229
10 21 13 158 216 229
10 21 14 158 216 229
10 21 20 158 216 229
10 21 21 158 216 229
10 21 22 158 216 229
10 21 23 158 216 229
10 21 24 158 216 229
10 22 13 158 216 229
10 22 14 158 216 229
10 22 20 158 216 229
10 22 21 158 216 229
10 22 22 158 216 229
10 22 23 158 216 229
10 22 24 158 216 229
10 23 13 158 216 229
10 23 14 158 216 229
10 23 20 158 216 229
10 23 21 158 216 229
10 23 22 158 216 229
10 23 23 158 216 229
10 23 24 158 216 229
10 24 13 158 216 229
10 24 14 158 216 229
10 24 20 158 216 229
10 24 21 158 216 229
10 24 22 158 216 229
10 24 23 158 216 229
10 24 24 158 216 229
10 25 13 158 216 229
10 25 14 158 216 229
10 25 20 158 216 229
10 25 21 158 216 229
10 25 22 158 216 229
10 25 23 158 216 229
10 25 24 158 216 229
10 26 13 158 216 229
10 26 14 158 216 229
10 26 20 158 216 229
10 26 21 158 216 229
10 26 22 158 216 229
10 26 23 158 216 229
10 26 24 158 216 229
10 27 13 158 216 229
10 27 14 158 216 229
10 27 20 158 216 229
10 27 21 158 216 229
10 27 22 158 216 229
10 27 23 158 216 229
10 27 24 158 216 229
10 28 13 158 216 229
10 28 14 158 216 229
10 28 20 158 216 229
10 28 21 158 216 229
10 28 22 158 216 229
10 28 23 158 216 229
10 28 24 158 216 229
10 29 13 158 216 229
10 29 14 158 216 229
10 29 20 158 216 229
10 29 21 158 216 229
10 29 22 158 216 229
10 29 23 158 216 229
10 29 24 158 216 229
10 30 13 158 216 229
10 30 14 158 216 229
10 30 20 158 216 229
10 30 21 158 216 229
10 30 22 158 216 229
10 30 23 158 216 229
10 30 24 158 216 229
10 31 13 158 216 229
10 31 14 158 216 229
10 31 20 158 216 229
10 31 21 158 216 229
10 31 22 158 216 229
10 31 23 158 216 229
10 31 24 158 216 229
10 32 13 158 216 229
10 32 14 158 216 229
10 32 20 158 216 229
10 32 21 158 216 229
10 32 22 158 216 229
10 32 23 158 216 229
10 32 24 158 216 229
10 33 13 158 216 229
10 33 14 214 38 40
10 33 15 214 38 40
10 33 16 214 38 40
10 33 17 214 38 40
10 33 18 214 38 40
10 33 19 214 38 40
10 33 20 158 216 229
10 33 21 158 216 229
10 33 22 158 216 229
10 33 23 158 216 229
10 33 24 158 216 229
10 34 13 214 38 40
10 34 14 214 38 40
10 34 15 214 38 40
10 34 16 214 38 40
10 34 17 214 38 40
10 34 18 214 38 40
10 34 19 214 38 40
10 34 20 214 38 40
10 34 21 214 38 40
10 34 22 214 38 40
10 34 23 214 38 40
11 0 12 43 160 4
11 0 13 196 175 214
11 0 14 196 175 214
11 0 15 196 175 214
11 0 16 196 175 214
11 0 17 196 175 214
11 0 18 196 175 214
11 0 19 196 175 214
11 0 20 196 175 214
11 0 21 43 160 4
11 0 22 158 216 229
11 0 23 158 216 229
11 0 24 158 216 229
11 0 25 158 216 229
11 1 11 158 216 229
11 1 12 158 216 229
11 1 13 196 175 214
11 1 14 196 175 214
11 1 15 196 175 214
11 1 16 196 175 214
11 1 17 196 175 214
11 1 18 196 175 214
11 1 19 196 175 214
11 1 20 196 175 214
11 1 21 158 216 229
11 1 22 158 216 229
11 1 23 158 216 229
11 1 24 158 216 229
11 1 25 158 216 229
11 2 11 158 216 229
11 2 12 158 216 229
11 2 13 196 175 214
11 2 14 196 175 214
11 2 15 196 175 214
11 2 16 196 175 214
11 2 17 196 175 214
11 2 18 196 175 214
11 2 19 196 175 214
11 2 20 196 175 214
11 2 21 158 216 229
11 2 22 158 216 229
11 2 23 158 216 229
11 2 24 158 216 229
11 2 25 158 216 229
11 3 11 158 216 229
11 3 12 158 216 229
11 3 13 196 175 214
11 3 14 196 175 214
11 3 15 196 175 214
11 3 16 196 175 214
11 3 17 196 175 214
11 3 18 196 175 214
11 3 19 196 175 214
11 3 20 196 175 214
11 3 21 158 216 229
11 3 22 158 216 229
11 3 23 158 216 229
11 3 24 158 216 229
11 3 25 158 216 229
11 4 11 158 216 229
11 4 12 158 216 229
11 4 13 196 175 214
11 4 14 196 175 214
11 4 15 196 175 214
11 4 16 196 175 214
11 4 17 196 175 214
11 4 18 196 175 214
11 4 19 196 175 214
11 4 20 196 175 214
11 4 21 158 216 229
11 4 22 158 216 229
11 4 23 158 216 229
11 4 24 158 216 229
11 4 25 158 216 229
11 5 11 158 216 229
11 5 12 158 216 229
11 5 13 196 175 214
11 5 14 196 175 214
11 5 15 196 175 214
11 5 16 196 175 214
11 5 17 196 175 214
11 5 18 196 175 214
11 5 19 196 175 214
11 5 20 196 175 214
11 5 21 158 216 229
11 5 22 158 216 229
11 5 23 158 216 229
11 5 24 158 216 229
11 5 25 158 216 229
11 6 11 158 216 229
11 6 12 158 216 229
11 6 13 196 175 214
11 6 14 196 175 214
11 6 15 196 175 214
11 6 16 196 175 214
11 6 17 196 175 214
11 6 18 196 175 214
11 6 19 196 175 214
11 6 20 196 175 214
11 6 21 158 216 229
11 6 22 158 216 229
11 6 23 158 216 229
11 6 24 158 216 229
11 6 25 158 216 229
11 7 11 158 216 229
11 7 12 158 216 229
11 7 13 30 119 181
11 7 14 30 119 181
11 7 15 30 119 181
11 7 16 30 119 181
11 7 17 30 119 181
11 7 18 30 119 181
11 7 19 30 119 181
11 7 20 30 119 181
11 7 21 158 216 229
11 7 22 158 216 229
11 7 23 158 216 229
11 7 24 158 216 229
11 7 25 158 216 229
11 8 11 158 216 229
11 8 12 158 216 229
11 8 13 30 119 181
11 8 14 30 119 181
11 8 15 30 119 181
11 8 16 30 119 181
11 8 17 30 119 181
11 8 18 30 119 181
11 8 19 30 119 181
11 8 20 30 119 181
11 8 21 158 216 229
11 8 22 158 216 229
11 8 23 158 216 229
11 8 24 158 216 229
11 8 25 158 216 229
11 9 11 158 216 229
11 9 12 158 216 229
11 9 13 30 119 181
11 9 14 30 119 181
11 9 15 30 119 181
11 9 16 30 119 181
11 9 17 30 119 181
11 9 18 30 119 181
11 9 19 30 119 181
11 9 20 30 119 181
11 9 21 158 216 229
11 9 22 158 216 229
11 9 23 158 216 229
11 9 24 158 216 229
11 9 25 158 216 229
11 10 11 158 216 229
11 10 12 158 216 229
11 10 13 158 216 229
11 10 18 196 175 214
11 10 19 196 175 214
11 10 20 196 175 214
11 10 21 196 175 214
11 10 22 158 216 229
11 10 23 158 216 229
11 10 24 158 216 229
11 10 25 158 216 229
11 11 11 158 216 229
11 11 12 158 216 229
11 11 13 158 216 229
11 11 18 196 175 214
11 11 19 196 175 214
11 11 20 196 175 214
11 11 21 196 175 214
11 11 22 158 216 229
11 11 23 158 216 229
11 11 24 158 216 229
11 11 25 158 216 229
11 12 11 158 216 229
11 12 12 158 216 229
11 12 13 158 216 229
11 12 18 196 175 214
11 12 19 196 175 214
11 12 20 196 175 214
11 12 21 158 216 229
11 12 22 158 216 229
11 12 23 158 216 229
11 12 24 158 216 229
11 12 25 158 216 229
11 13 11 158 216 229
11 13 12 158 216 229
11 13 13 158 216 229
11 13 18 196 175 214
11 13 19 196 175 214
11 13 20 196 175 214
11 13 21 158 216 229
11 13 22 158 216 229
11 13 23 158 216 229
11 13 24 158 216 229
11 13 25 158 216 229
11 14 11 158 216 229
11 14 12 158 216 229
11 14 13 158 216 229
11 14 18 196 175 214
11 14 19 196 175 214
11 14 20 196 175 214
11 14 21 158 216 229
11 14 22 158 216 229
11 14 23 158 216 229
11 14 24 158 216 229
11 14 25 158 216 229
11 15 11 158 216 229
11 15 12 158 216 229
11 15 13 158 216 229
11 15 21 158 216 229
11 15 22 158 216 229
11 15 23 158 216 229
11 15 24 158 216 229
11 15 25 158 216 229
11 16 11 158 216 229
11 16 12 158 216 229
11 16 13 158 216 229
11 16 21 158 216 229
11 16 22 158 216 229
11 16 23 158 216 229
11 16 24 158 216 229
11 16 25 158 216 229
11 17 11 158 216 229
11 17 12 158 216 229
11 17 13 158 216 229
11 17 21 158 216 229
11 17 22 158 216 229
11 17 23 158 216 229
11 17 24 158 216 229
11 17 25 158 216 229
11 18 11 158 216 229
11 18 12 158 216 229
11 18 13 158 216 229
11 18 21 158 216 229
11 18 22 158 216 229
11 18 23 158 216 229
11 18 24 158 216 229
11 18 25 158 216 229
11 19 11 158 216 229
11 19 12 158 216 229
11 19 13 158 216 229
11 19 21 158 216 229
11 19 22 158 216 229
11 19 23 158 216 229
11 19 24 158 216 229
11 19 25 158 216 229
11 20 11 158 216 229
11 20 12 158 216 229
11 20 13 158 216 229
11 20 21 158 216 229
11 20 22 158 216 229
11 20 23 158 216 229
11 20 24 158 216 229
11 20 25 158 216 229
11 21 11 158 216 229
11 21 12 158 216 229
11 21 13 158 216 229
11 21 21 158 216 229
11 21 22 158 216 229
11 21 23 158 216 229
11 21 24 158 216 229
11 21 25 158 216 229
11 22 11 158 216 229
11 22 12 158 216 229
11 22 13 158 216 229
11 22 21 158 216 229
11 22 22 158 216 229
11 22 23 158 216 229
11 22 24 158 216 229
11 22 25 158 216 229
11 23 11 158 216 229
11 23 12 158 216 229
11 23 13 158 216 229
11 23 21 158 216 229
11 23 22 158 216 229
11 23 23 158 216 229
11 23 24 158 216 229
11 23 25 158 216 229
11 24 11 158 216 229
11 24 12 158 216 229
11 24 13 158 216 229
11 24 21 158 216 229
11 24 22 158 216 229
11 24 23 158 216 229
11 24 24 158 216 229
11 24 25 158 216 229
11 25 11 158 216 229
11 25 12 158 216 229
11 25 13 158 216 229
11 25 21 158 216 229
11 25 22 158 216 229
11 25 23 158 216 229
11 25 24 158 216 229
11 25 25 158 216 229
11 26 11 158 216 229
11 26 12 158 216 229
11 26 13 158 216 229
11 26 21 158 216 229
11 26 22 158 216 229
11 26 23 158 216 229
11 26 24 158 216 229
11 26 25 158 216 229
11 27 11 158 216 229
11 27 12 158 216 229
11 27 13 158 216 229
11 27 21 158 216 229
11 27 22 158 216 229
11 27 23 158 216 229
11 27 24 158 216 229
11 27 25 158 216 229
11 28 11 158 216 229
11 28 12 158 216 229
11 28 13 158 216 229
11 28 21 158 216 229
11 28 22 158 216 229
11 28 23 158 216 229
11 28 24 158 216 229
11 28 25 158 216 229
11 29 11 158 216 229
11 29 12 158 216 229
11 29 13 158 216 229
11 29 21 158 216 229
11 29 22 158 216 229
11 29 23 158 216 229
11 29 24 158 216 229
11 29 25 158 216 229
11 30 11 158 216 229
11 30 12 158 216 229
11 30 13 158 216 229
11 30 21 158 216 229
11 30 22 158 216 229
11 30 23 158 216 229
11 30 24 158 216 229
11 30 25 158 216 229
11 31 11 158 216 229
11 31 12 158 216 229
11 31 13 158 216 229
11 31 21 158 216 229
11 31 22 158 216 229
11 31 23 158 216 229
11 31 24 158 216 229
11 31 25 158 216 229
11 32 11 158 216 229
11 32 12 158 216 229
11 32 13 158 216 229
11 32 21 158 216 229
11 32 22 158 216 229
11 32 23 158 216 229
11 32 24 158 216 229
11 32 25 158 216 229
11 33 11 158 216 229
11 33 12 158 216 229
11 33 13 214 38 40
11 33 14 214 38 40
11 33 15 214 38 40
11 33 16 214 38 40
11 33 17 214 38 40
11 33 18 214 38 40
11 33 19 214 38 40
11 33 20 214 38 40
11 33 21 158 216 229
11 33 22 158 216 229
11 33 23 158 216 229
11 33 24 158 216 229
11 33 25 158 216 229
11 34 12 214 38 40
11 34 13 214 38 40
11 34 14 214 38 40
11 34 15 214 38 40
11 34 16 214 38 40
11 34 17 214 38 40
11 34 18 214 38 40
11 34 19 214 38 40
11 34 20 214 38 40
11 34 21 214 38 40
11 34 22 214 38 40
11 34 23 214 38 40
11 34 24 214 38 40
12 0 11 43 160 4
12 0 12 196 175 214
12 0 13 196 175 214
12 0 14 196 175 214
12 0 15 196 175 214
12 0 16 196 175 214
12 0 17 196 175 214
12 0 18 196 175 214
12 0 19 196 175 214
12 0 20 43 160 4
12 0 21 43 160 4
12 0 22 158 216 229
12 0 23 158 216 229
12 0 24 158 216 229
12 0 25 158 216 229
12 1 10 158 216 229
12 1 11 158 216 229
12 1 12 196 175 214
12 1 13 196 175 214
12 1 14 196 175 214
12 1 15 196 175 214
12 1 16 196 175 214
12 1 17 196 175 214
12 1 18 196 175 214
12 1 19 196 175 214
12 1 20 196 175 214
12 1 22 158 216 229
12 1 23 158 216 229
12 1 24 158 216 229
12 1 25 158 216 229
12 1 26 158 216 229
12 2 10 158 216 229
12 2 11 158 216 229
12 2 12 196 175 214
12 2 13 196 175 214
12 2 14 196 175 214
12 2 15 196 175 214
12 2 16 196 175 214
12 2 17 196 175 214
12 2 18 196 175 214
12 2 19 196 175 214
12 2 20 196 175 214
12 2 22 158 216 229
12 2 23 158 216 229
12 2 24 158 216 229
12 2 25 158 216 229
12 2 26 158 216 229
12 3 10 158 216 229
12 3 11 158 216 229
12 3 12 196 175 214
12 3 13 196 175 214
12 3 14 196 175 214
12 3 15 196 175 214
12 3 16 196 175 214
12 3 17 196 175 214
12 3 18 196 175 214
12 3 19 196 175 214
12 3 20 196 175 214
12 3 22 158 216 229
12 3 23 158 216 229
12 3 24 158 216 229
12 3 25 158 216 229
12 3 26 158 216 229
12 4 10 158 216 229
12 4 11 158 216 229
12 4 12 196 175 214
12 4 13 196 175 214
12 4 14 196 175 214
12 4 15 196 175 214
12 4 16 196 175 214
12 4 17 196 175 214
12 4 18 196 175 214
12 4 19 196 175 214
12 4 20 196 175 214
12 4 22 158 216 229
12 4 23 158 216 229
12 4 24 158 216 229
12 4 25 158 216 229
12 4 26 158 216 229
12 5 10 158 216 229
12 5 11 158 216 229
12 5 12 196 175 214
12 5 13 196 175 214
12 5 14 196 175 214
12 5 15 196 175 214
12 5 16 196 175 214
12 5 17 196 175 214
12 5 18 196 175 214
12 5 19 196 175 214
12 5 20 196 175 214
12 5 22 158 216 229
12 5 23 158 216 229
12 5 24 158 216 229
12 5 25 158 216 229
12 5 26 158 216 229
12 6 10 158 216 229
12 6 11 158 216 229
12 6 12 196 175 214
12 6 13 196 175 214
12 6 14 196 175 214
12 6 15 196 175 214
12 6 16 196 175 214
12 6 17 196 175 214
12 6 18 196 175 214
12 6 19 196 175 214
12 6 20 196 175 214
12 6 22 158 216 229
12 6 23 158 216 229
12 6 24 158 216 229
12 6 25 158 216 229
12 6 26 158 216 229
12 7 10 158 216 229
12 7 11 158 216 229
12 7 12 30 119 181
12 7 13 30 119 181
12 7 14 30 119 181
12 7 15 30 119 181
12 7 16 30 119 181
12 7 17 30 119 181
12 7 18 30 119 181
12 7 19 30 119 181
12 7 20 30 119 181
12 7 22 158 216 229
12 7 23 158 216 229
12 7 24 158 216 229
12 7 25 158 216 229
12 7 26 158 216 229
12 8 10 158 216 229
12 8 11 158 216 229
12 8 12 30 119 181
12 8 13 30 119 181
12 8 14 30 119 181
12 8 15 30 119 181
12 8 16 30 119 181
12 8 17 30 119 181
12 8 18 30 119 181
12 8 19 30 119 181
12 8 20 30 119 181
12 8 21 30 119 181
12 8 22 158 216 229
12 8 23 158 216 229
12 8 24 158 216 229
12 8 25 158 216 229
12 8 26 158 216 229
12 9 10 158 216 229
12 9 11 158 216 229
12 9 12 30 119 181
12 9 13 30 119 181
12 9 14 30 119 181
12 9 15 30 119 181
12 9 16 30 119 181
12 9 17 30 119 181
12 9 18 30 119 181
12 9 19 30 119 181
12 9 20 30 119 181
12 9 21 30 119 181
12 9 22 158 216 229
12 9 23 158 216 229
12 9 24 158 216 229
12 9 25 158 216 229
12 9 26 158 216 229
12 10 10 158 216 229
12 10 11 158 216 229
12 10 12 158 216 229
12 10 19 196 175 214
12 10 20 196 175 214
12 10 21 196 175 214
12 10 22 196 175 214
12 10 23 158 216 229
12 10 24 158 216 229
12 10 25 158 216 229
12 10 26 158 216 229
12 11 10 158 216 229
12 11 11 158 216 229
12 11 12 158 216 229
12 11 19 196 175 214
12 11 20 196 175 214
12 11 21 196 175 214
12 11 22 196 175 214
12 11 23 158 216 229
12 11 24 158 216 229
12 11 25 158 216 229
12 11 26 158 216 229
12 12 10 158 216 229
12 12 11 158 216 229
12 12 12 158 216 229
12 12 19 196 175 214
12 12 20 196 175 214
12 12 21 196 175 214
12 12 22 158 216 229
12 12 23 158 216 229
12 12 24 158 216 229
12 12 25 158 216 229
12 12 26 158 216 229
12 13 10 158 216 229
12 13 11 158 216 229
12 13 12 158 216 229
12 13 19 196 175 214
12 13 20 196 175 214
12 13 21 196 175 214
12 13 22 158 216 229
12 13 23 158 216 229
12 13 24 158 216 229
12 13 25 158 216 229
12 13 26 158 216 229
12 14 10 158 216 229
12 14 11 158 216 229
12 14 12 158 216 229
12 14 19 196 175 214
12 14 20 196 175 214
12 14 21 196 175 214
12 14 22 158 216 229
12 14 23 158 216 229
12 14 24 158 216 229
12 14 25 158 216 229
12 14 26 158 216 229
12 15 10 158 216 229
12 15 11 158 216 229
12 15 12 158 216 229
12 15 22 158 216 229
12 15 23 158 216 229
12 15 24 158 216 229
12 15 25 158 216 229
12 15 26 158 216 229
12 16 10 158 216 229
12 16 11 158 216 229
12 16 12 158 216 229
12 16 22 158 216 229
12 16 23 158 216 229
12 16 24 158 216 229
12 16 25 158 216 229
12 16 26 158 216 229
12 17 10 158 216 229
12 17 11 158 216 229
12 17 12 158 216 229
12 17 22 158 216 229
12 17 23 158 216 229
12 17 24 158 216 229
12 17 25 158 216 229
12 17 26 158 216 229
12 18 10 158 216 229
12 18 11 158 216 229
12 18 12 158 216 229
12 18 22 158 216 229
12 18 23 158 216 229
12 18 24 158 216 229
12 18 25 158 216 229
12 18 26 158 216 229
12 19 10 158 216 229
12 19 11 158 216 229
12 19 12 158 216 229
12 19 22 158 216 229
12 19 23 158 216 229
12 19 24 158 216 229
12 19 25 158 216 229
12 19 26 158 216 229
12 20 10 158 216 229
12 20 11 158 216 229
12 20 12 158 216 229
12 20 22 158 216 229
12 20 23 158 216 229
12 20 24 158 216 229
12 20 25 158 216 229
12 20 26 158 216 229
12 21 10 158 216 229
12 21 11 158 216 229
12 21 12 158 216 229
12 21 22 158 216 229
12 21 23 158 216 229
12 21 24 158 216 229
12 21 25 158 216 229
12 21 26 158 216 229
12 22 10 158 216 229
12 22 11 158 216 229
12 22 12 158 216 229
12 22 22 158 216 229
12 22 23 158 216 229
12 22 24 158 216 229
12 22 25 158 216 229
12 22 26 158 216 229
12 23 10 158 216 229
12 23 11 158 216 229
12 23 12 158 216 229
12 23 22 158 216 229
12 23 23 158 216 229
12 23 24 158 216 229
12 23 25 158 216 229
12 23 26 158 216 229
12 24 10 158 216 229
12 24 11 158 216 229
12 24 12 158 216 229
12 24 22 158 216 229
12 24 23 158 216 229
12 24 24 158 216 229
12 24 25 158 216 229
12 24 26 158 216 229
12 25 10 158 216 229
12 25 11 158 216 229
12 25 12 158 216 229
12 25 22 158 216 229
12 25 23 158 216 229
12 25 24 158 216 229
12 25 25 158 216 229
12 25 26 158 216 229
12 26 10 158 216 229
12 26 11 158 216 229
12 26 12 158 216 229
12 26 22 158 216 229
12 26 23 158 216 229
12 26 24 158 216 229
12 26 25 158 216 229
12 26 26 158 216 229
12 27 10 158 216 229
12 27 11 158 216 229
12 27 12 158 216 229
12 27 22 158 216 229
12 27 23 158 216 229
12 27 24 158 216 229
12 27 25 158 216 229
12 27 26 158 216 229
12 28 10 158 216 229
12 28 11 158 216 229
12 28 12 158 216 229
12 28 22 158 216 229
12 28 23 158 216 229
12 28 24 158 216 229
12 28 25 158 216 229
12 28 26 158 216 229
12 29 10 158 216 229
12 29 11 158 216 229
12 29 12 158 216 229
12 29 22 158 216 229
12 29 23 158 216 229
12 29 24 158 216 229
12 29 25 158 216 229
12 29 26 158 216 229
12 30 10 158 216 229
12 30 11 158 216 229
12 30 12 158 216 229
12 30 22 158 216 229
12 30 23 158 216 229
12 30 24 158 216 229
12 30 25 158 216 229
12 30 26 158 216 229
12 31 10 158 216 229
12 31 11 158 216 229
12 31 12 158 216 229
12 31 22 158 216 229
12 31 23 158 216 229
12 31 24 158 216 229
12 31 25 158 216 229
12 31 26 158 216 229
12 32 10 158 216 229
12 32 11 158 216 229
12 32 12 158 216 229
12 32 22 158 216 229
12 32 23 158 216 229
12 32 24 158 216 229
12 32 25 158 216 229
12 32 26 158 216 229
12 33 10 158 216 229
12 33 11 158 216 229
12 33 12 214 38 40
12 33 13 214 38 40
12 33 14 214 38 40
12 33 15 214 38 40
12 33 16 214 38 40
12 33 17 214 38 40
12 33 18 214 38 40
12 33 19 214 38 40
12 33 20 214 38 40
12 33 21 214 38 40
12 33 22 158 216 229
12 33 23 158 216 229
12 33 24 158 216 229
12 33 25 158 216 229
12 33 26 158 216 229
12 34 11 214 38 40
12 34 12 214 38 40
12 34 13 214 38 40
12 34 14 214 38 40
12 34 15 214 38 40
12 34 16 214 38 40
12 34 17 214 38 40
12 34 18 214 38 40
12 34 19 214 38 40
12 34 20 214 38 40
12 34 21 214 38 40
12 34 22 214 38 40
12 34 23 214 38 40
12 34 24 214 38 40
12 34 25 214 38 40
13 0 9 158 216 229
13 0 10 43 160 4
13 0 11 196 175 214
13 0 12 196 175 214
13 0 13 196 175 214
13 0 14 196 175 214
13 0 15 196 175 214
13 0 16 196 175 214
13 0 17 196 175 214
13 0 18 196 175 214
13 0 19 43 160 4
13 0 20 43 160 4
13 0 21 43 160 4
13 0 22 43 160 4
13 0 23 158 216 229
13 0 24 158 216 229
13 0 25 158 216 229
13 0 26 158 216 229
13 1 9 158 216 229
13 1 10 158 216 229
13 1 11 196 175 214
13 1 12 196 175 214
13 1 13 196 175 214
13 1 14 196 175 214
13 1 15 196 175 214
13 1 16 196 175 214
13 1 17 196 175 214
13 1 18 196 175 214
13 1 19 196 175 214
13 1 23 158 216 229
13 1 24 158 216 229
13 1 25 158 216 229
13 1 26 158 216 229
13 1 27 158 216 229
13 2 9 158 216 229
13 2 10 158 216 229
13 2 11 196 175 214
13 2 12 196 175 214
13 2 13 196 175 214
13 2 14 196 175 214
13 2 15 196 175 214
13 2 16 196 175 214
13 2 17 196 175 214
13 2 18 196 175 214
13 2 19 196 175 214
13 2 23 158 216 229
13 2 24 158 216 229
13 2 25 158 216 229
13 2 26 158 216 229
13 2 27 158 216 229
13 3 9 158 216 229
13 3 10 158 216 229
13 3 11 196 175 214
13 3 12 196 175 214
13 3 13 196 175 214
13 3 14 196 175 214
13 3 15 196 175 214
13 3 16 196 175 214
13 3 17 196 175 214
13 3 18 196 175 214
13 3 19 196 175 214
13 3 23 158 216 229
13 3 24 158 216 229
13 3 25 158 216 229
13 3 26 158 216 229
13 3 27 158 216 229
13 4 9 158 216 229
13 4 10 158 216 229
13 4 11 196 175 214
13 4 12 196 175 214
13 4 13 196 175 214
13 4 14 196 175 214
13 4 15 196 175 214
13 4 16 196 175 214
13 4 17 196 175 214
13 4 18 196 175 214
13 4 19 196 175 214
13 4 23 158 216 229
13 4 24 158 216 229
13 4 25 158 216 229
13 4 26 158 216 229
13 4 27 158 216 229
13 5 9 158 216 229
13 5 10 158 216 229
13 5 11 196 175 214
13 5 12 196 175 214
13 5 13 196 175 214
13 5 14 196 175 214
13 5 15 196 175 214
13 5 16 196 175 214
13 5 17 196 175 214
13 5 18 196 175 214
13 5 19 196 175 214
13 5 23 158 216 229
13 5 24 158 216 229
13 5 25 158 216 229
13 5 26 158 216 229
13 5 27 158 216 229
13 6 9 158 216 229
13 6 10 158 216 229
13 6 11 196 175 214
13 6 12 196 175 214
13 6 13 196 175 214
13 6 14 196 175 214
13 6 15 196 175 214
13 6 16 196 175 214
13 6 17 196 175 214
13 6 18 196 175 214
13 6 19 196 175 214
13 6 23 158 216 229
13 6 24 158 216 229
13 6 25 158 216 229
13 6 26 158 216 229
13 6 27 158 216 229
13 7 9 158 216 229
13 7 10 158 216 229
13 7 11 30 119 181
13 7 12 30 119 181
13 7 13 30 119 181
13 7 14 30 119 181
13 7 15 30 119 181
13 7 16 30 119 181
13 7 17 30 119 181
13 7 18 30 119 181
13 7 19 30 119 181
13 7 23 158 216 229
13 7 24 158 216 229
13 7 25 158 216 229
13 7 26 158 216 229
13 7 27 158 216 229
13 8 9 158 216 229
13 8 10 158 216 229
13 8 11 30 119 181
13 8 12 30 119 181
13 8 13 30 119 181
13 8 14 30 119 181
13 8 15 30 119 181
13 8 16 30 119 181
13 8 17 30 119 181
13 8 18 30 119 181
13 8 19 30 119 181
13 8 20 30 119 181
13 8 21 30 119 181
13 8 22 30 119 181
13 8 23 158 216 229
13 8 24 158 216 229
13 8 25 158 216 229
13 8 26 158 216 229
13 8 27 158 216 229
13 9 9 158 216 229
13 9 10 158 216 229
13 9 11 196 175 214
13 9 12 30 119 181
13 9 13 30 119 181
13 9 14 30 119 181
13 9 15 30 119 181
13 9 16 30 119 181
13 9 17 30 119 181
13 9 18 30 119 181
13 9 19 30 119 181
13 9 20 30 119 181
13 9 21 30 119 181
13 9 22 30 119 181
13 9 23 158 216 229
13 9 24 158 216 229
13 9 25 158 216 229
13 9 26 158 216 229
13 9 27 158 216 229
13 10 9 158 216 229
13 10 10 158 216 229
13 10 11 196 175 214
13 10 12 196 175 214
13 10 20 196 175 214
13 10 21 196 175 214
13 10 22 196 175 214
13 10 23 158 216 229
13 10 24 158 216 229
13 10 25 158 216 229
13 10 26 158 216 229
13 10 27 158 216 229
13 11 9 158 216 229
13 11 10 158 216 229
13 11 11 196 175 214
13 11 12 196 175 214
13 11 20 196 175 214
13 11 21 196 175 214
13 11 22 196 175 214
13 11 23 158 216 229
13 11 24 158 216 229
13 11 25 158 216 229
13 11 26 158 216 229
13 11 27 158 216 229
13 12 9 158 216 229
13 12 10 158 216 229
13 12 11 196 175 214
13 12 20 196 175 214
13 12 21 196 175 214
13 12 22 196 175 214
13 12 23 158 216 229
13 12 24 158 216 229
13 12 25 158 216 229
13 12 26 158 216 229
13 12 27 158 216 229
13 13 9 158 216 229
13 13 10 158 216 229
13 13 20 196 175 214
13 13 21 196 175 214
13 13 22 196 175 214
13 13 23 158 216 229
13 13 24 158 216 229
13 13 25 158 216 229
13 13 26 158 216 229
13 13 27 158 216 229
13 14 9 158 216 229
13 14 10 158 216 229
13 14 20 196 175 214
13 14 21 196 175 214
13 14 22 196 175 214
13 14 23 158 216 229
13 14 24 158 216 229
13 14 25 158 216 229
13 14 26 158 216 229
13 14 27 158 216 229
13 15 9 158 216 229
13 15 10 158 216 229
13 15 23 158 216 229
13 15 24 158 216 229
13 15 25 158 216 229
13 15 26 158 216 229
13 15 27 158 216 229
13 16 9 158 216 229
13 16 10 158 216 229
13 16 23 158 216 229
13 16 24 158 216 229
13 16 25 158 216 229
13 16 26 158 216 229
13 16 27 158 216 229
13 17 9 158 216 229
13 17 10 158 216 229
13 17 23 158 216 229
13 17 24 158 216 229
13 17 25 158 216 229
13 17 26 158 216 229
13 17 27 158 216 229
13 18 9 158 216 229
13 18 10 158 216 229
13 18 23 158 216 229
13 18 24 158 216 229
13 18 25 158 216 229
13 18 26 158 216 229
13 18 27 158 216 229
13 19 9 158 216 229
13 19 10 158 216 229
13 19 23 158 216 229
13 19 24 158 216 229
13 19 25 158 216 229
13 19 26 158 216 229
13 19 27 158 216 229
13 20 9 158 216 229
13 20 10 158 216 229
13 20 23 158 216 229
13 20 24 158 216 229
13 20 25 158 216 229
13 20 26 158 216 229
13 20 27 158 216 229
13 21 9 158 216 229
13 21 10 158 216 229
13 21 23 158 216 229
13 21 24 158 216 229
13 21 25 158 216 229
13 21 26 158 216 229
13 21 27 158 216 229
13 22 9 158 216 229
13 22 10 158 216 229
13 22 23 158 216 229
13 22 24 158 216 229
13 22 25 158 216 229
13 22 26 158 216 229
13 22 27 158 216 229
13 23 9 158 216 229
13 23 10 158 216 229
13 23 23 158 216 229
13 23 24 158 216 229
13 23 25 158 216 229
13 23 26 158 216 229
13 23 27 158 216 229
13 24 9 158 216 229
13 24 10 158 216 229
13 24 23 158 216 229
13 24 24 158 216 229
13 24 25 158 216 229
13 24 26 158 216 229
13 24 27 158 216 229
13 25 9 158 216 229
13 25 10 158 216 229
13 25 23 158 216 229
13 25 24 158 216 229
13 25 25 158 216 229
13 25 26 158 216 229
13 25 27 158 216 229
13 26 9 158 216 229
13 26 10 158 216 229
13 26 23 158 216 229
13 26 24 158 216 229
13 26 25 158 216 229
13 26 26 158 216 229
13 26 27 158 216 229
13 27 9 158 216 229
13 27 10 158 216 229
13 27 23 158 216 229
13 27 24 158 216 229
13 27 25 158 216 229
13 27 26 158 216 229
13 27 27 158 216 229
13 28 9 158 216 229
13 28 10 158 216 229
13 28 23 158 216 229
13 28 24 158 216 229
13 28 25 158 216 229
13 28 26 158 216 229
13 28 27 158 216 229
13 29 9 158 216 229
13 29 10 158 216 229
13 29 23 158 216 229
13 29 24 158 216 229
13 29 25 158 216 229
13 29 26 158 216 229
13 29 27 158 216 229
13 30 9 158 216 229
13 30 10 158 216 229
13 30 23 158 216 229
13 30 24 158 216 229
13 30 25 158 216 229
13 30 26 158 216 229
13 30 27 158 216 229
13 31 9 158 216 229
13 31 10 158 216 229
13 31 23 158 216 229
13 31 24 158 216 229
13 31 25 158 216 229
13 31 26 158 216 229
13 31 27 158 216 229
13 32 9 158 216 229
13 32 10 158 216 229
13 32 23 158 216 229
13 32 24 158 216 229
13 32 25 158 216 229
13 32 26 158 216 229
13 32 27 158 216 229
13 33 9 158 216 229
13 33 10 158 216 229
13 33 11 214 38 40
13 33 12 214 38 40
13 33 13 214 38 40
13 33 14 214 38 40
13 33 15 214 38 40
13 33 16 214 38 40
13 33 17 214 38 40
13 33 18 214 38 40
13 33 19 214 38 40
13 33 20 214 38 40
13 33 21 214 38 40
13 33 22 214 38 40
13 33 23 158 216 229
13 33 24 158 216 229
13 33 25 158 216 229
13 33 26 158 216 229
13 33 27 158 216 229
13 34 10 214 38 40
13 34 11 214 38 40
13 34 12 214 38 40
13 34 13 214 38 40
13 34 14 214 38 40
13 34 15 214 38 40
13 34 16 214 38 40
13 34 17 214 38 40
13 34 18 214 38 40
13 34 19 214 38 40
13 34 20 214 38 40
13 34 21 214 38 40
13 34 22 214 38 40
13 34 23 214 38 40
13 34 24 214 38 40
13 34 25 214 38 40
13 34 26 214 38 40
14 0 8 158 216 229
14 0 9 43 160 4
14 0 10 196 175 214
14 0 11 196 175 214
14 0 12 196 175 214
14 0 13 196 175 214
14 0 14 196 175 214
14 0 15 196 175 214
14 0 16 196 175 214
14 0 17 196 175 214
14 0 18 43 160 4
14 0 19 43 160 4
14 0 20 43 160 4
14 0 21 43 160 4
14 0 22 43 160 4
14 0 23 43 160 4
14 0 24 158 216 229
14 0 25 158 216 229
14 0 26 158 216 229
14 0 27 158 216 229
14 1 8 158 216 229
14 1 9 158 216 229
14 1 10 196 175 214
14 1 11 196 175 214
14 1 12 196 175 214
14 1 13 196 175 214
14 1 14 196 175 214
14 1 15 196 175 214
14 1 16 196 175 214
14 1 17 196 175 214
14 1 20 204 204 91
14 1 21 204 204 91
14 1 23 158 216 229
14 1 24 158 216 229
14 1 25 158 216 229
14 1 26 158 216 229
14 1 27 158 216 229
14 2 8 158 216 229
14 2 9 158 216 229
14 2 10 196 175 214
14 2 11 196 175 214
14 2 12 196 175 214
14 2 13 196 175 214
14 2 14 196 175 214
14 2 15 196 175 214
14 2 16 196 175 214
14 2 17 196 175 214
14 2 23 158 216 229
14 2 24 158 216 229
14 2 25 158 216 229
14 2 26 158 216 229
14 2 27 158 216 229
14 3 8 158 216 229
14 3 9 158 216 229
14 3 10 196 175 214
14 3 11 196 175 214
14 3 12 196 175 214
14 3 13 196 175 214
14 3 14 196 175 214
14 3 15 196 175 214
14 3 16 196 175 214
14 3 17 196 175 214
14 3 23 158 216 229
14 3 24 158 216 229
14 3 25 158 216 229
14 3 26 158 216 229
14 3 27 158 216 229
14 4 8 158 216 229
14 4 9 158 216 229
14 4 10 196 175 214
14 4 11 196 175 214
14 4 12 196 175 214
14 4 13 196 175 214
14 4 14 196 175 214
14 4 15 196 175 214
14 4 16 196 175 214
14 4 17 196 175 214
14 4 23 158 216 229
14 4 24 158 216 229
14 4 25 158 216 229
14 4 26 158 216 229
14 4 27 158 216 229
14 5 8 158 216 229
14 5 9 158 216 229
14 5 10 196 175 214
14 5 11 196 175 214
14 5 12 196 175 214
14 5 13 196 175 214
14 5 14 196 175 214
14 5 15 196 175 214
14 5 16 196 175 214
14 5 17 196 175 214
14 5 23 158 216 229
14 5 24 158 216 229
14 5 25 158 216 229
14 5 26 158 216 229
14 5 27 158 216 229
14 6 8 158 216 229
14 6 9 158 216 229
14 6 10 196 175 214
14 6 11 196 175 214
14 6 12 196 175 214
14 6 13 196 175 214
14 6 14 196 175 214
14 6 15 196 175 214
14 6 16 196 175 214
14 6 17 196 175 214
14 6 23 158 216 229
14 6 24 158 216 229
14 6 25 158 216 229
14 6 26 158 216 229
14 6 27 158 216 229
14 7 8 158 216 229
14 7 9 158 216 229
14 7 10 30 119 181
14 7 11 30 119 181
14 7 12 30 119 181
14 7 13 30 119 181
14 7 14 30 119 181
14 7 15 30 119 181
14 7 16 30 119 181
14 7 17 30 119 181
14 7 18 30 119 181
14 7 23 158 216 229
14 7 24 158 216 229
14 7 25 158 216 229
14 7 26 158 216 229
14 7 27 158 216 229
14 8 8 158 216 229
14 8 9 30 119 181
14 8 10 30 119 181
14 8 11 30 119 181
14 8 12 30 119 181
14 8 13 30 119 181
14 8 14 30 119 181
14 8 15 30 119 181
14 8 16 30 119 181
14 8 17 30 119 181
14 8 18 30 119 181
14 8 19 30 119 181
14 8 20 30 119 181
14 8 21 30 119 181
14 8 22 30 119 181
14 8 23 30 119 181
14 8 24 158 216 229
14 8 25 158 216 229
14 8 26 158 216 229
14 8 27 158 216 229
14 9 8 158 216 229
14 9 9 158 216 229
14 9 10 196 175 214
14 9 11 196 175 214
14 9 12 196 175 214
14 9 13 30 119 181
14 9 14 30 119 181
14 9 15 30 119 181
14 9 16 30 119 181
14 9 17 30 119 181
14 9 18 30 119 181
14 9 19 30 119 181
14 9 20 30 119 181
14 9 21 30 119 181
14 9 22 30 119 181
14 9 23 30 119 181
14 9 24 158 216 229
14 9 25 158 216 229
14 9 26 158 216 229
14 9 27 158 216 229
14 10 8 158 216 229
14 10 9 158 216 229
14 10 10 196 175 214
14 10 11 196 175 214
14 10 12 196 175 214
14 10 13 196 175 214
14 10 20 196 175 214
14 10 21 196 175 214
14 10 22 196 175 214
14 10 23 196 175 214
14 10 24 158 216 229
14 10 25 158 216 229
14 10 26 158 216 229
14 10 27 158 216 229
14 11 8 158 216 229
14 11 9 158 216 229
14 11 10 196 175 214
14 11 11 196 175 214
14 11 12 196 175 214
14 11 13 196 175 214
14 11 20 196 175 214
14 11 21 196 175 214
14 11 22 196 175 214
14 11 23 196 175 214
14 11 24 158 216 229
14 11 25 158 216 229
14 11 26 158 216 229
14 11 27 158 216 229
14 12 8 158 216 229
14 12 9 158 216 229
14 12 10 196 175 214
14 12 11 196 175 214
14 12 12 196 175 214
14 12 20 196 175 214
14 12 21 196 175 214
14 12 22 196 175 214
14 12 23 196 175 214
14 12 24 158 216 229
14 12 25 158 216 229
14 12 26 158 216 229
14 12 27 158 216 229
14 13 8 158 216 229
14 13 9 158 216 229
14 13 20 196 175 214
14 13 21 196 175 214
14 13 22 196 175 214
14 13 23 196 175 214
14 13 24 158 216 229
14 13 25 158 216 229
14 13 26 158 216 229
14 13 27 158 216 229
14 14 8 158 216 229
14 14 9 158 216 229
14 14 21 196 175 214
14 14 22 196 175 214
14 14 23 196 175 214
14 14 24 158 216 229
14 14 25 158 216 229
14 14 26 158 216 229
14 14 27 158 216 229
14 15 8 158 216 229
14 15 9 158 216 229
14 15 23 158 216 229
14 15 24 158 216 229
14 15 25 158 216 229
14 15 26 158 216 229
14 15 27 158 216 229
14 16 8 158 216 229
14 16 9 158 216 229
14 16 23 158 216 229
14 16 24 158 216 229
14 16 25 158 216 229
14 16 26 158 216 229
14 16 27 158 216 229
14 17 8 158 216 229
14 17 9 158 216 229
14 17 23 158 216 229
14 17 24 158 216 229
14 17 25 158 216 229
14 17 26 158 216 229
14 17 27 158 216 229
14 18 8 158 216 229
14 18 9 158 216 229
14 18 23 158 216 229
14 18 24 158 216 229
14 18 25 158 216 229
14 18 26 158 216 229
14 18 27 158 216 229
14 19 8 158 216 229
14 19 9 158 216 229
14 19 23 158 216 229
14 19 24 158 216 229
14 19 25 158 216 229
14 19 26 158 216 229
14 19 27 158 216 229
14 20 8 158 216 229
14 20 9 158 216 229
14 20 23 158 216 229
14 20 24 158 216 229
14 20 25 158 216 229
14 20 26 158 216 229
14 20 27 158 216 229
14 21 8 158 216 229
14 21 9 158 216 229
14 21 23 158 216 229
14 21 24 158 216 229
14 21 25 158 216 229
14 21 26 158 216 229
14 21 27 158 216 229
14 22 8 158 216 229
14 22 9 158 216 229
14 22 23 158 216 229
14 22 24 158 216 229
14 22 25 158 216 229
14 22 26 158 216 229
14 22 27 158 216 229
14 23 8 158 216 229
14 23 9 158 216 229
14 23 23 158 216 229
14 23 24 158 216 229
14 23 25 158 216 229
14 23 26 158 216 229
14 23 27 158 216 229
14 24 8 158 216 229
14 24 9 158 216 229
14 24 23 158 216 229
14 24 24 158 216 229
14 24 25 158 216 229
14 24 26 158 216 229
14 24 27 158 216 229
14 25 8 158 216 229
14 25 9 158 216 229
14 25 23 158 216 229
14 25 24 158 216 229
14 25 25 158 216 229
14 25 26 158 216 229
14 25 27 158 216 229
14 26 8 158 216 229
14 26 9 158 216 229
14 26 23 158 216 229
14 26 24 158 216 229
14 26 25 158 216 229
14 26 26 158 216 229
14 26 27 158 216 229
14 27 8 158 216 229
14 27 9 158 216 229
14 27 23 158 216 229
14 27 24 158 216 229
14 27 25 158 216 229
14 27 26 158 216 229
14 27 27 158 216 229
14 28 8 158 216 229
14 28 9 158 216 229
14 28 23 158 216 229
14 28 24 158 216 229
14 28 25 158 216 229
14 28 26 158 216 229
14 28 27 158 216 229
14 29 8 158 216 229
14 29 9 158 216 229
14 29 23 158 216 229
14 29 24 158 216 229
14 29 25 158 216 229
14 29 26 158 216 229
14 29 27 158 216 229
14 30 8 158 216 229
14 30 9 158 216 229
14 30 23 158 216 229
14 30 24 158 216 229
14 30 25 158 216 229
14 30 26 158 216 229
14 30 27 158 216 229
14 31 8 158 216 229
14 31 9 158 216 229
14 31 23 158 216 229
14 31 24 158 216 229
14 31 25 158 216 229
14 31 26 158 216 229
14 31 27 158 216 229
14 32 8 158 216 229
14 32 9 158 216 229
14 32 23 158 216 229
14 32 24 158 216 229
14 32 25 158 216 229
14 32 26 158 216 229
14 32 27 158 216 229
14 33 8 158 216 229
14 33 9 158 216 229
14 33 10 214 38 40
14 33 11 214 38 40
14 33 12 214 38 40
14 33 13 214 38 40
14 33 14 214 38 40
14 33 15 214 38 40
14 33 16 214 38 40
14 33 17 214 38 40
14 33 18 214 38 40
14 33 19 214 38 40
14 33 20 214 38 40
14 33 21 214 38 40
14 33 22 214 38 40
14 33 23 214 38 40
14 33 24 158 216 229
14 33 25 158 216 229
14 33 26 158 216 229
14 33 27 158 216 229
14 34 9 214 38 40
14 34 10 214 38 40
14 34 11 214 38 40
14 34 12 214 38 40
14 34 13 214 38 40
14 34 14 214 38 40
14 34 15 214 38 40
14 34 16 214 38 40
14 34 17 214 38 40
14 34 18 214 38 40
14 34 19 214 38 40
14 34 20 214 38 40
14 34 21 214 38 40
14 34 22 214 38 40
14 34 23 214 38 40
14 34 24 214 38 40
14 34 25 214 38 40
14 34 26 214 38 40
14 34 27 214 38 40
15 0 7 158 216 229
15 0 8 43 160 4
15 0 9 196 175 214
15 0 10 196 175 214
15 0 11 196 175 214
15 0 12 196 175 214
15 0 13 196 175 214
15 0 14 196 175 214
15 0 15 196 175 214
15 0 16 43 160 4
15 0 17 43 160 4
15 0 18 43 160 4
15 0 19 43 160 4
15 0 20 204 204 91
15 0 21 204 204 91
15 0 22 43 160 4
15 0 23 43 160 4
15 0 24 43 160 4
15 0 25 158 216 229
15 0 26 158 216 229
15 0 27 158 216 229
15 0 28 158 216 229
15 1 7 158 216 229
15 1 8 196 175 214
15 1 9 196 175 214
15 1 10 196 175 214
15 1 11 196 175 214
15 1 12 196 175 214
15 1 13 196 175 214
15 1 14 196 175 214
15 1 15 196 175 214
15 1 16 196 175 214
15 1 19 204 204 91
15 1 20 204 204 91
15 1 21 204 204 91
15 1 22 204 204 91
15 1 24 158 216 229
15 1 25 158 216 229
15 1 26 158 216 229
15 1 27 158 216 229
15 1 28 158 216 229
15 2 7 158 216 229
15 2 8 196 175 214
15 2 9 196 175 214
15 2 10 196 175 214
15 2 11 196 175 214
15 2 12 196 175 214
15 2 13 196 175 214
15 2 14 196 175 214
15 2 15 196 175 214
15 2 16 196 175 214
15 2 24 158 216 229
15 2 25 158 216 229
15 2 26 158 216 229
15 2 27 158 216 229
15 2 28 158 216 229
15 3 7 158 216 229
15 3 8 196 175 214
15 3 9 196 175 214
15 3 10 196 175 214
15 3 11 196 175 214
15 3 12 196 175 214
15 3 13 196 175 214
15 3 14 196 175 214
15 3 15 196 175 214
15 3 16 196 175 214
15 3 24 158 216 229
15 3 25 158 216 229
15 3 26 158 216 229
15 3 27 158 216 229
15 3 28 158 216 229
15 4 7 158 216 229
15 4 8 196 175 214
15 4 9 196 175 214
15 4 10 196 175 214
15 4 11 196 175 214
15 4 12 196 175 214
15 4 13 196 175 214
15 4 14 196 175 214
15 4 15 196 175 214
15 4 16 196 175 214
15 4 19 204 204 91
15 4 24 158 216 229
15 4 25 158 216 229
15 4 26 158 216 229
15 4 27 158 216 229
15 4 28 158 216 229
15 5 7 158 216 229
15 5 8 196 175 214
15 5 9 196 175 214
15 5 10 196 175 214
15 5 11 196 175 214
15 5 12 196 175 214
15 5 13 196 175 214
15 5 14 196 175 214
15 5 15 196 175 214
15 5 16 196 175 214
15 5 18 204 204 91
15 5 19 204 204 91
15 5 20 204 204 91
15 5 24 158 216 229
15 5 25 158 216 229
15 5 26 158 216 229
15 5 27 158 216 229
15 5 28 158 216 229
15 6 7 158 216 229
15 6 8 196 175 214
15 6 9 196 175 214
15 6 10 196 175 214
15 6 11 196 175 214
15 6 12 196 175 214
15 6 13 196 175 214
15 6 14 196 175 214
15 6 15 196 175 214
15 6 16 196 175 214
15 6 19 204 204 91
15 6 24 158 216 229
15 6 25 158 216 229
15 6 26 158 216 229
15 6 27 158 216 229
15 6 28 158 216 229
15 7 7 158 216 229
15 7 8 30 119 181
15 7 9 30 119 181
15 7 10 30 119 181
15 7 11 30 119 181
15 7 12 30 119 181
15 7 13 30 119 181
15 7 14 30 119 181
15 7 15 30 119 181
15 7 16 30 119 181
15 7 24 158 216 229
15 7 25 158 216 229
15 7 26 158 216 229
15 7 27 158 216 229
15 7 28 158 216 229
15 8 7 158 216 229
15 8 8 30 119 181
15 8 9 30 119 181
15 8 10 30 119 181
15 8 11 30 119 181
15 8 12 30 119 181
15 8 13 30 119 181
15 8 14 30 119 181
15 8 15 30 119 181
15 8 16 30 119 181
15 8 17 30 119 181
15 8 18 30 119 181
15 8 19 30 119 181
15 8 20 30 119 181
15 8 21 30 119 181
15 8 22 30 119 181
15 8 23 30 119 181
15 8 24 30 119 181
15 8 25 158 216 229
15 8 26 158 216 229
15 8 27 158 216 229
15 8 28 158 216 229
15 9 7 158 216 229
15 9 8 158 216 229
15 9 9 196 175 214
15 9 10 196 175 214
15 9 11 196 175 214
15 9 12 196 175 214
15 9 13 196 175 214
15 9 14 30 119 181
15 9 15 30 119 181
15 9 16 30 119 181
15 9 17 30 119 181
15 9 18 30 119 181
15 9 19 30 119 181
15 9 20 30 119 181
15 9 21 30 119 181
15 9 22 30 119 181
15 9 23 30 119 181
15 9 24 30 119 181
15 9 25 158 216 229
15 9 26 158 216 229
15 9 27 158 216 229
15 9 28 158 216 229
15 10 7 158 216 229
15 10 8 158 216 229
15 10 9 196 175 214
15 10 10 196 175 214
15 10 11 196 175 214
15 10 12 196 175 214
15 10 13 196 175 214
15 10 21 196 175 214
15 10 22 196 175 214
15 10 23 196 175 214
15 10 24 196 175 214
15 10 25 158 216 229
15 10 26 158 216 229
15 10 27 158 216 229
15 10 28 158 216 229
15 11 7 158 216 229
15 11 8 158 216 229
15 11 9 196 175 214
15 11 10 196 175 214
15 11 11 196 175 214
15 11 12 196 175 214
15 11 13 196 175 214
15 11 21 196 175 214
15 11 22 196 175 214
15 11 23 196 175 214
15 11 24 196 175 214
15 11 25 158 216 229
15 11 26 158 216 229
15 11 27 158 216 229
15 11 28 158 216 229
15 12 7 158 216 229
15 12 8 158 216 229
15 12 9 196 175 214
15 12 10 196 175 214
15 12 11 196 175 214
15 12 12 196 175 214
15 12 21 196 175 214
15 12 22 196 175 214
15 12 24 158 216 229
15 12 25 158 216 229
15 12 26 158 216 229
15 12 27 158 216 229
15 12 28 158 216 229
15 13 7 158 216 229
15 13 8 158 216 229
15 13 21 196 175 214
15 13 22 196 175 214
15 13 24 158 216 229
15 13 25 158 216 229
15 13 26 158 216 229
15 13 27 158 216 229
15 13 28 158 216 229
15 14 7 158 216 229
15 14 8 158 216 229
15 14 22 196 175 214
15 14 24 158 216 229
15 14 25 158 216 229
15 14 26 158 216 229
15 14 27 158 216 229
15 14 28 158 216 229
15 15 7 158 216 229
15 15 8 158 216 229
15 15 24 158 216 229
15 15 25 158 216 229
15 15 26 158 216 229
15 15 27 158 216 229
15 15 28 158 216 229
15 16 7 158 216 229
15 16 8 158 216 229
15 16 24 158 216 229
15 16 25 158 216 229
15 16 26 158 216 229
15 16 27 158 216 229
15 16 28 158 216 229
15 17 7 158 216 229
15 17 8 158 216 229
15 17 24 158 216 229
15 17 25 158 216 229
15 17 26 158 216 229
15 17 27 158 216 229
15 17 28 158 216 229
15 18 7 158 216 229
15 18 8 158 216 229
15 18 24 158 216 229
15 18 25 158 216 229
15 18 26 158 216 229
15 18 27 158 216 229
15 18 28 158 216 229
15 19 7 158 216 229
15 19 8 158 216 229
15 19 24 158 216 229
15 19 25 158 216 229
15 19 26 158 216 229
15 19 27 158 216 229
15 19 28 158 216 229
15 20 7 158 216 229
15 20 8 158 216 229
15 20 24 158 216 229
15 20 25 158 216 229
15 20 26 158 216 229
15 20 27 158 216 229
15 20 28 158 216 229
15 21 7 158 216 229
15 21 8 158 216 229
15 21 24 158 216 229
15 21 25 158 216 229
15 21 26 158 216 229
15 21 27 158 216 229
15 21 28 158 216 229
15 22 7 158 216 229
15 22 8 158 216 229
15 22 24 158 216 229
15 22 25 158 216 229
15 22 26 158 216 229
15 22 27 158 216 229
15 22 28 158 216 229
15 23 7 158 216 229
15 23 8 158 216 229
15 23 24 158 216 229
15 23 25 158 216 229
15 23 26 158 216 229
15 23 27 158 216 229
15 23 28 158 216 229
15 24 7 158 216 229
15 24 8 158 216 229
15 24 24 158 216 229
15 24 25 158 216 229
15 24 26 158 216 229
15 24 27 158 216 229
15 24 28 158 216 229
15 25 7 158 216 229
15 25 8 158 216 229
15 25 24 158 216 229
15 25 25 158 216 229
15 25 26 158 216 229
15 25 27 158 216 229
15 25 28 158 216 229
15 26 7 158 216 229
15 26 8 158 216 229
15 26 24 158 216 229
15 26 25 158 216 229
15 26 26 158 216 229
15 26 27 158 216 229
15 26 28 158 216 229
15 27 7 158 216 229
15 27 8 158 216 229
15 27 24 158 216 229
15 27 25 158 216 229
15 27 26 158 216 229
15 27 27 158 216 229
15 27 28 158 216 229
15 28 7 158 216 229
15 28 8 158 216 229
15 28 24 158 216 229
15 28 25 158 216 229
15 28 26 158 216 229
15 28 27 158 216 229
15 28 28 158 216 229
15 29 7 158 216 229
15 29 8 158 216 229
15 29 24 158 216 229
15 29 25 158 216 229
15 29 26 158 216 229
15 29 27 158 216 229
15 29 28 158 216 229
15 30 7 158 216 229
15 30 8 158 216 229
15 30 24 158 216 229
15 30 25 158 216 229
15 30 26 158 216 229
15 30 27 158 216 229
15 30 28 158 216 229
15 31 7 158 216 229
15 31 8 158 216 229
15 31 24 158 216 229
15 31 25 158 216 229
15 31 26 158 216 229
15 31 27 158 216 229
15 31 28 158 216 229
15 32 7 158 216 229
15 32 8 158 216 229
15 32 24 158 216 229
15 32 25 158 216 229
15 32 26 158 216 229
15 32 27 158 216 229
15 32 28 158 216 229
15 33 7 158 216 229
15 33 8 158 216 229
15 33 9 214 38 40
15 33 10 214 38 40
15 33 11 214 38 40
15 33 12 214 38 40
15 33 13 214 38 40
15 33 14 214 38 40
15 33 15 214 38 40
15 33 16 214 38 40
15 33 17 214 38 40
15 33 18 214 38 40
15 33 19 214 38 40
15 33 20 214 38 40
15 33 21 214 38 40
15 33 22 214 38 40
15 33 23 214 38 40
15 33 24 214 38 40
15 33 25 158 216 229
15 33 26 158 216 229
15 33 27 158 216 229
15 33 28 158 216 229
15 34 8 214 38 40
15 34 9 214 38 40
15 34 10 214 38 40
15 34 11 214 38 40
15 34 12 214 38 40
15 34 13 214 38 40
15 34 14 214 38 40
15 34 15 214 38 40
15 34 16 214 38 40
15 34 17 214 38 40
15 34 18 214 38 40
15 34 19 214 38 40
15 34 20 214 38 40
15 34 21 214 38 40
15 34 22 214 38 40
15 34 23 214 38 40
15 34 24 214 38 40
15 34 25 214 38 40
15 34 26 214 38 40
15 34 27 214 38 40
16 0 6 43 160 4
16 0 7 43 160 4
16 0 8 196 175 214
16 0 9 196 175 214
16 0 10 196 175 214
16 0 11 196 175 214
16 0 12 196 175 214
16 0 13 196 175 214
16 0 14 196 175 214
16 0 15 43 160 4
16 0 16 43 160 4
16 0 17 43 160 4
16 0 18 204 204 91
16 0 19 204 204 91
16 0 20 204 204 91
16 0 21 204 204 91
16 0 22 204 204 91
16 0 23 43 160 4
16 0 24 43 160 4
16 0 25 43 160 4
16 0 26 158 216 229
16 0 27 158 216 229
16 0 28 158 216 229
16 0 29 158 216 229
16 1 5 158 216 229
16 1 6 158 216 229
16 1 7 30 119 181
16 1 8 196 175 214
16 1 9 196 175 214
16 1 10 196 175 214
16 1 11 196 175 214
16 1 12 196 175 214
16 1 13 196 175 214
16 1 14 196 175 214
16 1 15 196 175 214
16 1 18 204 204 91
16 1 19 204 204 91
16 1 20 204 204 91
16 1 21 204 204 91
16 1 22 204 204 91
16 1 23 204 204 91
16 1 25 158 216 229
16 1 26 158 216 229
16 1 27 158 216 229
16 1 28 158 216 229
16 1 29 158 216 229
16 2 5 158 216 229
16 2 6 158 216 229
16 2 7 30 119 181
16 2 8 196 175 214
16 2 9 196 175 214
16 2 10 196 175 214
16 2 11 196 175 214
16 2 12 196 175 214
16 2 13 196 175 214
16 2 14 196 175 214
16 2 15 196 175 214
16 2 25 158 216 229
16 2 26 158 216 229
16 2 27 158 216 229
16 2 28 158 216 229
16 2 29 158 216 229
16 3 5 158 216 229
16 3 6 158 216 229
16 3 7 30 119 181
16 3 8 196 175 214
16 3 9 196 175 214
16 3 10 196 175 214
16 3 11 196 175 214
16 3 12 196 175 214
16 3 13 196 175 214
16 3 14 196 175 214
16 3 15 196 175 214
16 3 25 158 216 229
16 3 26 158 216 229
16 3 27 158 216 229
16 3 28 158 216 229
16 3 29 158 216 229
16 4 5 158 216 229
16 4 6 158 216 229
16 4 7 30 119 181
16 4 8 196 175 214
16 4 9 196 175 214
16 4 10 196 175 214
16 4 11 196 175 214
16 4 12 196 175 214
16 4 13 196 175 214
16 4 14 196 175 214
16 4 15 196 175 214
16 4 18 204 204 91
16 4 19 204 204 91
16 4 20 204 204 91
16 4 25 158 216 229
16 4 26 158 216 229
16 4 27 158 216 229
16 4 28 158 216 229
16 4 29 158 216 229
16 5 5 158 216 229
16 5 6 158 216 229
16 5 7 30 119 181
16 5 8 196 175 214
16 5 9 196 175 214
16 5 10 196 175 214
16 5 11 196 175 214
16 5 12 196 175 214
16 5 13 196 175 214
16 5 14 196 175 214
16 5 15 196 175 214
16 5 17 204 204 91
16 5 18 204 204 91
16 5 19 204 204 91
16 5 20 204 204 91
16 5 25 158 216 229
16 5 26 158 216 229
16 5 27 158 216 229
16 5 28 158 216 229
16 5 29 158 216 229
16 6 5 158 216 229
16 6 6 158 216 229
16 6 7 30 119 181
16 6 8 196 175 214
16 6 9 196 175 214
16 6 10 196 175 214
16 6 11 196 175 214
16 6 12 196 175 214
16 6 13 196 175 214
16 6 14 196 175 214
16 6 15 196 175 214
16 6 18 204 204 91
16 6 19 204 204 91
16 6 20 204 204 91
16 6 25 158 216 229
16 6 26 158 216 229
16 6 27 158 216 229
16 6 28 158 216 229
16 6 29 158 216 229
16 7 5 158 216 229
16 7 6 158 216 229
16 7 7 30 119 181
16 7 8 30 119 181
16 7 9 30 119 181
16 7 10 30 119 181
16 7 11 30 119 181
16 7 12 30 119 181
16 7 13 30 119 181
16 7 14 30 119 181
16 7 15 30 119 181
16 7 25 158 216 229
16 7 26 158 216 229
16 7 27 158 216 229
16 7 28 158 216 229
16 7 29 158 216 229
16 8 5 158 216 229
16 8 6 158 216 229
16 8 7 30 119 181
16 8 8 30 119 181
16 8 9 30 119 181
16 8 10 30 119 181
16 8 11 30 119 181
16 8 12 30 119 181
16 8 13 30 119 181
16 8 14 30 119 181
16 8 15 30 119 181
16 8 16 30 119 181
16 8 17 30 119 181
16 8 18 30 119 181
16 8 19 30 119 181
16 8 20 30 119 181
16 8 21 30 119 181
16 8 22 30 119 181
16 8 23 30 119 181
16 8 24 30 119 181
16 8 25 158 216 229
16 8 26 158 216 229
16 8 27 158 216 229
16 8 28 158 216 229
16 8 29 158 216 229
16 9 5 158 216 229
16 9 6 158 216 229
16 9 7 158 216 229
16 9 10 196 175 214
16 9 11 196 175 214
16 9 14 30 119 181
16 9 15 30 119 181
16 9 16 30 119 181
16 9 17 30 119 181
16 9 18 30 119 181
16 9 19 30 119 181
16 9 20 30 119 181
16 9 21 30 119 181
16 9 22 30 119 181
16 9 23 30 119 181
16 9 24 30 119 181
16 9 25 30 119 181
16 9 26 158 216 229
16 9 27 158 216 229
16 9 28 158 216 229
16 9 29 158 216 229
16 10 5 158 216 229
16 10 6 158 216 229
16 10 7 158 216 229
16 10 10 196 175 214
16 10 11 196 175 214
16 10 23 196 175 214
16 10 24 196 175 214
16 10 25 196 175 214
16 10 26 158 216 229
16 10 27 158 216 229
16 10 28 158 216 229
16 10 29 158 216 229
16 11 5 158 216 229
16 11 6 158 216 229
16 11 7 158 216 229
16 11 10 196 175 214
16 11 11 196 175 214
16 11 23 196 175 214
16 11 24 196 175 214
16 11 25 196 175 214
16 11 26 158 216 229
16 11 27 158 216 229
16 11 28 158 216 229
16 11 29 158 216 229
16 12 5 158 216 229
16 12 6 158 216 229
16 12 7 158 216 229
16 12 10 196 175 214
16 12 11 196 175 214
16 12 25 158 216 229
16 12 26 158 216 229
16 12 27 158 216 229
16 12 28 158 216 229
16 12 29 158 216 229
16 13 5 158 216 229
16 13 6 158 216 229
16 13 7 158 216 229
16 13 25 158 216 229
16 13 26 158 216 229
16 13 27 158 216 229
16 13 28 158 216 229
16 13 29 158 216 229
16 14 5 158 216 229
16 14 6 158 216 229
16 14 7 158 216 229
16 14 25 158 216 229
16 14 26 158 216 229
16 14 27 158 216 229
16 14 28 158 216 229
16 14 29 158 216 229
16 15 5 158 216 229
16 15 6 158 216 229
16 15 7 158 216 229
16 15 25 158 216 229
16 15 26 158 216 229
16 15 27 158 216 229
16 15 28 158 216 229
16 15 29 158 216 229
16 16 5 158 216 229
16 16 6 158 216 229
16 16 7 158 216 229
16 16 25 158 216 229
16 16 26 158 216 229
16 16 27 158 216 229
16 16 28 158 216 229
16 16 29 158 216 229
16 17 5 158 216 229
16 17 6 158 216 229
16 17 7 158 216 229
16 17 25 158 216 229
16 17 26 158 216 229
16 17 27 158 216 229
16 17 28 158 216 229
16 17 29 158 216 229
16 18 5 158 216 229
16 18 6 158 216 229
16 18 7 158 216 229
16 18 25 158 216 229
16 18 26 158 216 229
16 18 27 158 216 229
16 18 28 158 216 229
16 18 29 158 216 229
16 19 5 158 216 229
16 19 6 158 216 229
16 19 7 158 216 229
16 19 25 158 216 229
16 19 26 158 216 229
16 19 27 158 216 229
16 19 28 158 216 229
16 19 29 158 216 229
16 20 5 158 216 229
16 20 6 158 216 229
16 20 7 158 216 229
16 20 25 158 216 229
16 20 26 158 216 229
16 20 27 158 216 229
16 20 28 158 216 229
16 20 29 158 216 229
16 21 5 158 216 229
16 21 6 158 216 229
16 21 7 158 216 229
16 21 25 158 216 229
16 21 26 158 216 229
16 21 27 158 216 229
16 21 28 158 216 229
16 21 29 158 216 229
16 22 5 158 216 229
16 22 6 158 216 229
16 22 7 158 216 229
16 22 25 158 216 229
16 22 26 158 216 229
16 22 27 158 216 229
16 22 28 158 216 229
16 22 29 158 216 229
16 23 5 158 216 229
16 23 6 158 216 229
16 23 7 158 216 229
16 23 25 158 216 229
16 23 26 158 216 229
16 23 27 158 216 229
16 23 28 158 216 229
16 23 29 158 216 229
16 24 5 158 216 229
16 24 6 158 216 229
16 24 7 158 216 229
16 24 25 158 216 229
16 24 26 158 216 229
16 24 27 158 216 229
16 24 28 158 216 229
16 24 29 158 216 229
16 25 5 158 216 229
16 25 6 158 216 229
16 25 7 158 216 229
16 25 25 158 216 229
16 25 26 158 216 229
16 25 27 158 216 229
16 25 28 158 216 229
16 25 29 158 216 229
16 26 5 158 216 229
16 26 6 158 216 229
16 26 7 158 216 229
16 26 25 158 216 229
16 26 26 158 216 229
16 26 27 158 216 229
16 26 28 158 216 229
16 26 29 158 216 229
16 27 5 158 216 229
16 27 6 158 216 229
16 27 7 158 216 229
16 27 25 158 216 229
16 27 26 158 216 229
16 27 27 158 216 229
16 27 28 158 216 229
16 27 29 158 216 229
16 28 5 158 216 229
16 28 6 158 216 229
16 28 7 158 216 229
16 28 25 158 216 229
16 28 26 158 216 229
16 28 27 158 216 229
16 28 28 158 216 229
16 28 29 158 216 229
16 29 5 158 216 229
16 29 6 158 216 229
16 29 7 158 216 229
16 29 25 158 216 229
16 29 26 158 216 229
16 29 27 158 216 229
16 29 28 158 216 229
16 29 29 158 216 229
16 30 5 158 216 229
16 30 6 158 216 229
16 30 7 158 216 229
16 30 25 158 216 229
16 30 26 158 216 229
16 30 27 158 216 229
16 30 28 158 216 229
16 30 29 158 216 229
16 31 5 158 216 229
16 31 6 158 216 229
16 31 7 158 216 229
16 31 25 158 216 229
16 31 26 158 216 229
16 31 27 158 216 229
16 31 28 158 216 229
16 31 29 158 216 229
16 32 5 158 216 229
16 32 6 158 216 229
16 32 7 158 216 229
16 32 25 158 216 229
16 32 26 158 216 229
16 32 27 158 216 229
16 32 28 158 216 229
16 32 29 158 216 229
16 33 5 158 216 229
16 33 6 158 216 229
16 33 7 214 38 40
16 33 8 214 38 40
16 33 9 214 38 40
16 33 10 214 38 40
16 33 11 214 38 40
16 33 12 214 38 40
16 33 13 214 38 40
16 33 14 214 38 40
16 33 15 214 38 40
16 33 16 214 38 40
16 33 17 214 38 40
16 33 18 214 38 40
16 33 19 214 38 40
16 33 20 214 38 40
16 33 21 214 38 40
16 33 22 214 38 40
16 33 23 214 38 40
16 33 24 214 38 40
16 33 25 214 38 40
16 33 26 158 216 229
16 33 27 158 216 229
16 33 28 158 216 229
16 33 29 158 216 229
16 34 6 214 38 40
16 34 7 214 38 40
16 34 8 214 38 40
16 34 9 214 38 40
16 34 10 214 38 40
16 34 11 214 38 40
16 34 12 214 38 40
16 34 13 214 38 40
16 34 14 214 38 40
16 34 15 214 38 40
16 34 16 214 38 40
16 34 17 214 38 40
16 34 18 214 38 40
16 34 19 214 38 40
16 34 20 214 38 40
16 34 21 214 38 40
16 34 22 214 38 40
16 34 23 214 38 40
16 34 24 214 38 40
16 34 25 214 38 40
16 34 26 214 38 40
16 34 27 214 38 40
16 34 28 214 38 40
17 0 5 43 160 4
17 0 6 43 160 4
17 0 7 30 119 181
17 0 8 43 160 4
17 0 9 196 175 214
17 0 10 196 175 214
17 0 11 196 175 214
17 0 12 196 175 214
17 0 13 196 175 214
17 0 14 43 160 4
17 0 15 43 160 4
17 0 16 43 160 4
17 0 17 204 204 91
17 0 18 204 204 91
17 0 19 204 204 91
17 0 20 204 204 91
17 0 21 204 204 91
17 0 22 204 204 91
17 0 23 204 204 91
17 0 24 43 160 4
17 0 25 43 160 4
17 0 26 43 160 4
17 0 27 158 216 229
17 0 28 158 216 229
17 0 29 158 216 229
17 0 30 158 216 229
17 1 4 158 216 229
17 1 5 158 216 229
17 1 6 158 216 229
17 1 7 30 119 181
17 1 8 196 175 214
17 1 9 196 175 214
17 1 10 196 175 214
17 1 11 196 175 214
17 1 12 196 175 214
17 1 13 196 175 214
17 1 14 196 175 214
17 1 16 204 204 91
17 1 17 204 204 91
17 1 18 204 204 91
17 1 19 204 204 91
17 1 20 204 204 91
17 1 21 204 204 91
17 1 22 204 204 91
17 1 23 204 204 91
17 1 26 158 216 229
17 1 27 158 216 229
17 1 28 158 216 229
17 1 29 158 216 229
17 1 30 158 216 229
17 2 4 158 216 229
17 2 5 158 216 229
17 2 6 158 216 229
17 2 7 30 119 181
17 2 8 196 175 214
17 2 9 196 175 214
17 2 10 196 175 214
17 2 11 196 175 214
17 2 12 196 175 214
17 2 13 196 175 214
17 2 14 196 175 214
17 2 26 158 216 229
17 2 27 158 216 229
17 2 28 158 216 229
17 2 29 158 216 229
17 2 30 158 216 229
17 3 4 158 216 229
17 3 5 158 216 229
17 3 6 158 216 229
17 3 7 30 119 181
17 3 8 196 175 214
17 3 9 196 175 214
17 3 10 196 175 214
17 3 11 196 175 214
17 3 12 196 175 214
17 3 13 196 175 214
17 3 14 196 175 214
17 3 26 158 216 229
17 3 27 158 216 229
17 3 28 158 216 229
17 3 29 158 216 229
17 3 30 158 216 229
17 4 4 158 216 229
17 4 5 158 216 229
17 4 6 158 216 229
17 4 7 30 119 181
17 4 8 196 175 214
17 4 9 196 175 214
17 4 10 196 175 214
17 4 11 196 175 214
17 4 12 196 175 214
17 4 13 196 175 214
17 4 14 196 175 214
17 4 16 204 204 91
17 4 17 204 204 91
17 4 18 204 204 91
17 4 19 204 204 91
17 4 20 204 204 91
17 4 21 204 204 91
17 4 26 158 216 229
17 4 27 158 216 229
17 4 28 158 216 229
17 4 29 158 216 229
17 4 30 158 216 229
17 5 4 158 216 229
17 5 5 158 216 229
17 5 6 158 216 229
17 5 7 30 119 181
17 5 8 196 175 214
17 5 9 196 175 214
17 5 10 196 175 214
17 5 11 196 175 214
17 5 12 196 175 214
17 5 13 196 175 214
17 5 14 196 175 214
17 5 16 204 204 91
17 5 17 204 204 91
17 5 18 204 204 91
17 5 19 204 204 91
17 5 20 204 204 91
17 5 21 204 204 91
17 5 26 158 216 229
17 5 27 158 216 229
17 5 28 158 216 229
17 5 29 158 216 229
17 5 30 158 216 229
17 6 4 158 216 229
17 6 5 158 216 229
17 6 6 158 216 229
17 6 7 30 119 181
17 6 8 196 175 214
17 6 9 196 175 214
17 6 10 196 175 214
17 6 11 196 175 214
17 6 12 196 175 214
17 6 13 196 175 214
17 6 14 196 175 214
17 6 17 204 204 91
17 6 18 204 204 91
17 6 19 204 204 91
17 6 20 204 204 91
17 6 21 204 204 91
17 6 26 158 216 229
17 6 27 158 216 229
17 6 28 158 216 229
17 6 29 158 216 229
17 6 30 158 216 229
17 7 4 158 216 229
17 7 5 158 216 229
17 7 6 158 216 229
17 7 7 30 119 181
17 7 8 30 119 181
17 7 9 30 119 181
17 7 10 30 119 181
17 7 11 30 119 181
17 7 12 30 119 181
17 7 13 30 119 181
17 7 14 30 119 181
17 7 26 158 216 229
17 7 27 158 216 229
17 7 28 158 216 229
17 7 29 158 216 229
17 7 30 158 216 229
17 8 4 158 216 229
17 8 5 158 216 229
17 8 6 158 216 229
17 8 7 30 119 181
17 8 8 30 119 181
17 8 9 30 119 181
17 8 10 30 119 181
17 8 11 30 119 181
17 8 12 30 119 181
17 8 13 30 119 181
17 8 14 30 119 181
17 8 16 30 119 181
17 8 17 30 119 181
17 8 18 30 119 181
17 8 19 30 119 181
17 8 20 30 119 181
17 8 21 30 119 181
17 8 22 30 119 181
17 8 23 30 119 181
17 8 24 30 119 181
17 8 25 30 119 181
17 8 26 158 216 229
17 8 27 158 216 229
17 8 28 158 216 229
17 8 29 158 216 229
17 8 30 158 216 229
17 9 4 158 216 229
17 9 5 158 216 229
17 9 6 158 216 229
17 9 15 30 119 181
17 9 16 30 119 181
17 9 17 30 119 181
17 9 18 30 119 181
17 9 19 30 119 181
17 9 20 30 119 181
17 9 21 30 119 181
17 9 22 30 119 181
17 9 23 30 119 181
17 9 24 30 119 181
17 9 25 30 119 181
17 9 26 30 119 181
17 9 27 158 216 229
17 9 28 158 216 229
17 9 29 158 216 229
17 9 30 158 216 229
17 10 4 158 216 229
17 10 5 158 216 229
17 10 6 158 216 229
17 10 24 196 175 214
17 10 25 196 175 214
17 10 26 196 175 214
17 10 27 158 216 229
17 10 28 158 216 229
17 10 29 158 216 229
17 10 30 158 216 229
17 11 4 158 216 229
17 11 5 158 216 229
17 11 6 158 216 229
17 11 24 196 175 214
17 11 25 196 175 214
17 11 26 196 175 214
17 11 27 158 216 229
17 11 28 158 216 229
17 11 29 158 216 229
17 11 30 158 216 229
17 12 4 158 216 229
17 12 5 158 216 229
17 12 6 158 216 229
17 12 26 158 216 229
17 12 27 158 216 229
17 12 28 158 216 229
17 12 29 158 216 229
17 12 30 158 216 229
17 13 4 158 216 229
17 13 5 158 216 229
17 13 6 158 216 229
17 13 26 158 216 229
17 13 27 158 216 229
17 13 28 158 216 229
17 13 29 158 216 229
17 13 30 158 216 229
17 14 4 158 216 229
17 14 5 158 216 229
17 14 6 158 216 229
17 14 26 158 216 229
17 14 27 158 216 229
17 14 28 158 216 229
17 14 29 158 216 229
17 14 30 158 216 229
17 15 4 158 216 229
17 15 5 158 216 229
17 15 6 158 216 229
17 15 26 158 216 229
17 15 27 158 216 229
17 15 28 158 216 229
17 15 29 158 216 229
17 15 30 158 216 229
17 16 4 158 216 229
17 16 5 158 216 229
17 16 6 158 216 229
17 16 26 158 216 229
17 16 27 158 216 229
17 16 28 158 216 229
17 16 29 158 216 229
17 16 30 158 216 229
17 17 4 158 216 229
17 17 5 158 216 229
17 17 6 158 216 229
17 17 26 158 216 229
17 17 27 158 216 229
17 17 28 158 216 229
17 17 29 158 216 229
17 17 30 158 216 229
17 18 4 158 216 229
17 18 5 158 216 229
17 18 6 158 216 229
17 18 26 158 216 229
17 18 27 158 216 229
17 18 28 158 216 229
17 18 29 158 216 229
17 18 30 158 216 229
17 19 4 158 216 229
17 19 5 158 216 229
17 19 6 158 216 229
17 19 26 158 216 229
17 19 27 158 216 229
17 19 28 158 216 229
17 19 29 158 216 229
17 19 30 158 216 229
17 20 4 158 216 229
17 20 5 158 216 229
17 20 6 158 216 229
17 20 26 158 216 229
17 20 27 158 216 229
17 20 28 158 216 229
17 20 29 158 216 229
17 20 30 158 216 229
17 21 4 158 216 229
17 21 5 158 216 229
17 21 6 158 216 229
17 21 26 158 216 229
17 21 27 158 216 229
17 21 28 158 216 229
17 21 29 158 216 229
17 21 30 158 216 229
17 22 4 158 216 229
17 22 5 158 216 229
17 22 6 158 216 229
17 22 26 158 216 229
17 22 27 158 216 229
17 22 28 158 216 229
17 22 29 158 216 229
17 22 30 158 216 229
17 23 4 158 216 229
17 23 5 158 216 229
17 23 6 158 216 229
17 23 26 158 216 229
17 23 27 158 216 229
17 23 28 158 216 229
17 23 29 158 216 229
17 23 30 158 216 229
17 24 4 158 216 229
17 24 5 158 216 229
17 24 6 158 216 229
17 24 26 158 216 229
17 24 27 158 216 229
17 24 28 158 216 229
17 24 29 158 216 229
17 24 30 158 216 229
17 25 4 158 216 229
17 25 5 158 216 229
17 25 6 158 216 229
17 25 26 158 216 229
17 25 27 158 216 229
17 25 28 158 216 229
17 25 29 158 216 229
17 25 30 158 216 229
17 26 4 158 216 229
17 26 5 158 216 229
17 26 6 158 216 229
17 26 26 158 216 229
17 26 27 158 216 229
17 26 28 158 216 229
17 26 29 158 216 229
17 26 30 158 216 229
17 27 4 158 216 229
17 27 5 158 216 229
17 27 6 158 216 229
17 27 26 158 216 229
17 27 27 158 216 229
17 27 28 158 216 229
17 27 29 158 216 229
17 27 30 158 216 229
17 28 4 158 216 229
17 28 5 158 216 229
17 28 6 158 216 229
17 28 26 158 216 229
17 28 27 158 216 229
17 28 28 158 216 229
17 28 29 158 216 229
17 28 30 158 216 229
17 29 4 158 216 229
17 29 5 158 216 229
17 29 6 158 216 229
17 29 26 158 216 229
17 29 27 158 216 229
17 29 28 158 216 229
17 29 29 158 216 229
17 29 30 158 216 229
17 30 4 158 216 229
17 30 5 158 216 229
17 30 6 158 216 229
17 30 26 158 216 229
17 30 27 158 216 229
17 30 28 158 216 229
17 30 29 158 216 229
17 30 30 158 216 229
17 31 4 158 216 229
17 31 5 158 216 229
17 31 6 158 216 229
17 31 26 158 216 229
17 31 27 158 216 229
17 31 28 158 216 229
17 31 29 158 216 229
17 31 30 158 216 229
17 32 4 158 216 229
17 32 5 158 216 229
17 32 6 158 216 229
17 32 26 158 216 229
17 32 27 158 216 229
17 32 28 158 216 229
17 32 29 158 216 229
17 32 30 158 216 229
17 33 4 158 216 229
17 33 5 158 216 229
17 33 6 214 38 40
17 33 7 214 38 40
17 33 8 214 38 40
17 33 9 214 38 40
17 33 10 214 38 40
17 33 11 214 38 40
17 33 12 214 38 40
17 33 13 214 38 40
17 33 14 214 38 40
17 33 15 214 38 40
17 33 16 214 38 40
17 33 17 214 38 40
17 33 18 214 38 40
17 33 19 214 38 40
17 33 20 214 38 40
17 33 21 214 38 40
17 33 22 214 38 40
17 33 23 214 38 40
17 33 24 214 38 40
17 33 25 214 38 40
17 33 26 158 216 229
17 33 27 158 216 229
17 33 28 158 216 229
17 33 29 158 216 229
17 33 30 158 216 229
17 34 5 214 38 40
17 34 6 214 38 40
17 34 7 214 38 40
17 34 8 214 38 40
17 34 9 214 38 40
17 34 10 214 38 40
17 34 11 214 38 40
17 34 12 214 38 40
17 34 13 214 38 40
17 34 14 214 38 40
17 34 15 214 38 40
17 34 16 214 38 40
17 34 17 214 38 40
17 34 18 214 38 40
17 34 19 214 38 40
17 34 20 214 38 40
17 34 21 214 38 40
17 34 22 214 38 40
17 34 23 214 38 40
17 34 24 214 38 40
17 34 25 214 38 40
17 34 26 214 38 40
17 34 27 214 38 40
17 34 28 214 38 40
17 34 29 214 38 40
18 0 3 158 216 229
18 0 4 43 160 4
18 0 5 43 160 4
18 0 6 43 160 4
18 0 7 43 160 4
18 0 8 30 119 181
18 0 9 196 175 214
18 0 10 196 175 214
18 0 11 196 175 214
18 0 12 196 175 214
18 0 13 43 160 4
18 0 14 43 160 4
18 0 15 43 160 4
18 0 16 204 204 91
18 0 17 204 204 91
18 0 18 204 204 91
18 0 19 204 204 91
18 0 20 204 204 91
18 0 21 204 204 91
18 0 22 204 204 91
18 0 23 204 204 91
18 0 24 204 204 91
18 0 25 43 160 4
18 0 26 43 160 4
18 0 27 158 216 229
18 0 28 158 216 229
18 0 29 158 216 229
18 0 30 158 216 229
18 1 3 158 216 229
18 1 4 158 216 229
18 1 5 158 216 229
18 1 8 30 119 181
18 1 9 196 175 214
18 1 10 196 175 214
18 1 11 196 175 214
18 1 12 196 175 214
18 1 13 196 175 214
18 1 15 204 204 91
18 1 16 204 204 91
18 1 17 204 204 91
18 1 18 204 204 91
18 1 19 204 204 91
18 1 20 204 204 91
18 1 21 204 204 91
18 1 22 204 204 91
18 1 23 204 204 91
18 1 24 204 204 91
18 1 27 158 216 229
18 1 28 158 216 229
18 1 29 158 216 229
18 1 30 158 216 229
18 1 31 158 216 229
18 2 3 158 216 229
18 2 4 158 216 229
18 2 5 158 216 229
18 2 8 30 119 181
18 2 9 196 175 214
18 2 10 196 175 214
18 2 11 196 175 214
18 2 12 196 175 214
18 2 13 196 175 214
18 2 19 204 204 91
18 2 20 204 204 91
18 2 27 158 216 229
18 2 28 158 216 229
18 2 29 158 216 229
18 2 30 158 216 229
18 2 31 158 216 229
18 3 3 158 216 229
18 3 4 158 216 229
18 3 5 158 216 229
18 3 8 30 119 181
18 3 9 196 175 214
18 3 10 196 175 214
18 3 11 196 175 214
18 3 12 196 175 214
18 3 13 196 175 214
18 3 19 204 204 91
18 3 20 204 204 91
18 3 27 158 216 229
18 3 28 158 216 229
18 3 29 158 216 229
18 3 30 158 216 229
18 3 31 158 216 229
18 4 3 158 216 229
18 4 4 158 216 229
18 4 5 158 216 229
18 4 8 30 119 181
18 4 9 196 175 214
18 4 10 196 175 214
18 4 11 196 175 214
18 4 12 196 175 214
18 4 13 196 175 214
18 4 15 204 204 91
18 4 16 204 204 91
18 4 17 204 204 91
18 4 18 204 204 91
18 4 19 204 204 91
18 4 20 204 204 91
18 4 21 204 204 91
18 4 22 204 204 91
18 4 27 158 216 229
18 4 28 158 216 229
18 4 29 158 216 229
18 4 30 158 216 229
18 4 31 158 216 229
18 5 3 158 216 229
18 5 4 158 216 229
18 5 5 158 216 229
18 5 8 30 119 181
18 5 9 196 175 214
18 5 10 196 175 214
18 5 11 196 175 214
18 5 12 196 175 214
18 5 13 196 175 214
18 5 15 204 204 91
18 5 16 204 204 91
18 5 17 204 204 91
18 5 18 204 204 91
18 5 19 204 204 91
18 5 20 204 204 91
18 5 21 204 204 91
18 5 22 204 204 91
18 5 27 158 216 229
18 5 28 158 216 229
18 5 29 158 216 229
18 5 30 158 216 229
18 5 31 158 216 229
18 6 3 158 216 229
18 6 4 158 216 229
18 6 5 158 216 229
18 6 8 30 119 181
18 6 9 196 175 214
18 6 10 196 175 214
18 6 11 196 175 214
18 6 12 196 175 214
18 6 13 196 175 214
18 6 15 204 204 91
18 6 16 204 204 91
18 6 17 204 204 91
18 6 18 204 204 91
18 6 19 204 204 91
18 6 20 204 204 91
18 6 21 204 204 91
18 6 22 204 204 91
18 6 27 158 216 229
18 6 28 158 216 229
18 6 29 158 216 229
18 6 30 158 216 229
18 6 31 158 216 229
18 7 3 158 216 229
18 7 4 158 216 229
18 7 5 158 216 229
18 7 8 30 119 181
18 7 9 30 119 181
18 7 10 30 119 181
18 7 11 30 119 181
18 7 12 30 119 181
18 7 13 30 119 181
18 7 15 204 204 91
18 7 16 204 204 91
18 7 27 158 216 229
18 7 28 158 216 229
18 7 29 158 216 229
18 7 30 158 216 229
18 7 31 158 216 229
18 8 3 158 216 229
18 8 4 158 216 229
18 8 5 158 216 229
18 8 8 30 119 181
18 8 9 30 119 181
18 8 10 30 119 181
18 8 11 30 119 181
18 8 12 30 119 181
18 8 13 30 119 181
18 8 15 204 204 91
18 8 16 204 204 91
18 8 17 30 119 181
18 8 18 30 119 181
18 8 19 30 119 181
18 8 20 30 119 181
18 8 21 30 119 181
18 8 22 30 119 181
18 8 23 30 119 181
18 8 24 30 119 181
18 8 25 30 119 181
18 8 26 30 119 181
18 8 27 158 216 229
18 8 28 158 216 229
18 8 29 158 216 229
18 8 30 158 216 229
18 8 31 158 216 229
18 9 3 158 216 229
18 9 4 158 216 229
18 9 5 158 216 229
18 9 15 204 204 91
18 9 16 204 204 91
18 9 17 30 119 181
18 9 18 30 119 181
18 9 19 30 119 181
18 9 20 30 119 181
18 9 21 30 119 181
18 9 22 30 119 181
18 9 23 30 119 181
18 9 24 30 119 181
18 9 25 30 119 181
18 9 26 30 119 181
18 9 27 158 216 229
18 9 28 158 216 229
18 9 29 158 216 229
18 9 30 158 216 229
18 9 31 158 216 229
18 10 3 158 216 229
18 10 4 158 216 229
18 10 5 158 216 229
18 10 25 196 175 214
18 10 26 196 175 214
18 10 27 196 175 214
18 10 28 158 216 229
18 10 29 158 216 229
18 10 30 158 216 229
18 10 31 158 216 229
18 11 3 158 216 229
18 11 4 158 216 229
18 11 5 158 216 229
18 11 25 196 175 214
18 11 26 196 175 214
18 11 27 196 175 214
18 11 28 158 216 229
18 11 29 158 216 229
18 11 30 158 216 229
18 11 31 158 216 229
18 12 3 158 216 229
18 12 4 158 216 229
18 12 5 158 216 229
18 12 27 158 216 229
18 12 28 158 216 229
18 12 29 158 216 229
18 12 30 158 216 229
18 12 31 158 216 229
18 13 3 158 216 229
18 13 4 158 216 229
18 13 5 158 216 229
18 13 27 158 216 229
18 13 28 158 216 229
18 13 29 158 216 229
18 13 30 158 216 229
18 13 31 158 216 229
18 14 3 158 216 229
18 14 4 158 216 229
18 14 5 158 216 229
18 14 27 158 216 229
18 14 28 158 216 229
18 14 29 158 216 229
18 14 30 158 216 229
18 14 31 158 216 229
18 15 3 158 216 229
18 15 4 158 216 229
18 15 5 158 216 229
18 15 27 158 216 229
18 15 28 158 216 229
18 15 29 158 216 229
18 15 30 158 216 229
18 15 31 158 216 229
18 16 3 158 216 229
18 16 4 158 216 229
18 16 5 158 216 229
18 16 27 158 216 229
18 16 28 158 216 229
18 16 29 158 216 229
18 16 30 158 216 229
18 16 31 158 216 229
18 17 3 158 216 229
18 17 4 158 216 229
18 17 5 158 216 229
18 17 27 158 216 229
18 17 28 158 216 229
18 17 29 158 216 229
18 17 30 158 216 229
18 17 31 158 216 229
18 18 3 158 216 229
18 18 4 158 216 229
18 18 5 158 216 229
18 18 27 158 216 229
18 18 28 158 216 229
18 18 29 158 216 229
18 18 30 158 216 229
18 18 31 158 216 229
18 19 3 158 216 229
18 19 4 158 216 229
18 19 5 158 216 229
18 19 27 158 216 229
18 19 28 158 216 229
18 19 29 158 216 229
18 19 30 158 216 229
18 19 31 158 216 229
18 20 3 158 216 229
18 20 4 158 216 229
18 20 5 158 216 229
18 20 27 158 216 229
18 20 28 158 216 229
18 20 29 158 216 229
18 20 30 158 216 229
18 20 31 158 216 229
18 21 3 158 216 229
18 21 4 158 216 229
18 21 5 158 216 229
18 21 27 158 216 229
18 21 28 158 216 229
18 21 29 158 216 229
18 21 30 158 216 229
18 21 31 158 216 229
18 22 3 158 216 229
18 22 4 158 216 229
18 22 5 158 216 229
18 22 27 158 216 229
18 22 28 158 216 229
18 22 29 158 216 229
18 22 30 158 216 229
18 22 31 158 216 229
18 23 3 158 216 229
18 23 4 158 216 229
18 23 5 158 216 229
18 23 27 158 216 229
18 23 28 158 216 229
18 23 29 158 216 229
18 23 30 158 216 229
18 23 31 158 216 229
18 24 3 158 216 229
18 24 4 158 216 229
18 24 5 158 216 229
18 24 27 158 216 229
18 24 28 158 216 229
18 24 29 158 216 229
18 24 30 158 216 229
18 24 31 158 216 229
18 25 3 158 216 229
18 25 4 158 216 229
18 25 5 158 216 229
18 25 27 158 216 229
18 25 28 158 216 229
18 25 29 158 216 229
18 25 30 158 216 229
18 25 31 158 216 229
18 26 3 158 216 229
18 26 4 158 216 229
18 26 5 158 216 229
18 26 27 158 216 229
18 26 28 158 216 229
18 26 29 158 216 229
18 26 30 158 216 229
18 26 31 158 216 229
18 27 3 158 216 229
18 27 4 158 216 229
18 27 5 158 216 229
18 27 27 158 216 229
18 27 28 158 216 229
18 27 29 158 216 229
18 27 30 158 216 229
18 27 31 158 216 229
18 28 3 158 216 229
18 28 4 158 216 229
18 28 5 158 216 229
18 28 27 158 216 229
18 28 28 158 216 229
18 28 29 158 216 229
18 28 30 158 216 229
18 28 31 158 216 229
18 29 3 158 216 229
18 29 4 158 216 229
18 29 5 158 216 229
18 29 27 158 216 229
18 29 28 158 216 229
18 29 29 158 216 229
18 29 30 158 216 229
18 29 31 158 216 229
18 30 3 158 216 229
18 30 4 158 216 229
18 30 5 158 216 229
18 30 27 158 216 229
18 30 28 158 216 229
18 30 29 158 216 229
18 30 30 158 216 229
18 30 31 158 216 229
18 31 3 158 216 229
18 31 4 158 216 229
18 31 5 158 216 229
18 31 27 158 216 229
18 31 28 158 216 229
18 31 29 158 216 229
18 31 30 158 216 229
18 31 31 158 216 229
18 32 3 158 216 229
18 32 4 158 216 229
18 32 5 158 216 229
18 32 27 158 216 229
18 32 28 158 216 229
18 32 29 158 216 229
18 32 30 158 216 229
18 32 31 158 216 229
18 33 3 158 216 229
18 33 4 158 216 229
18 33 5 214 38 40
18 33 6 214 38 40
18 33 7 214 38 40
18 33 8 214 38 40
18 33 9 214 38 40
18 33 10 214 38 40
18 33 11 214 38 40
18 33 12 214 38 40
18 33 13 214 38 40
18 33 14 214 38 40
18 33 15 214 38 40
18 33 16 214 38 40
18 33 17 214 38 40
18 33 18 214 38 40
18 33 19 214 38 40
18 33 20 214 38 40
18 33 21 214 38 40
18 33 22 214 38 40
18 33 23 214 38 40
18 33 24 214 38 40
18 33 25 214 38 40
18 33 26 214 38 40
18 33 27 158 216 229
18 33 28 158 216 229
18 33 29 158 216 229
18 33 30 158 216 229
18 33 31 158 216 229
18 34 4 214 38 40
18 34 5 214 38 40
18 34 6 214 38 40
18 34 7 214 38 40
18 34 8 214 38 40
18 34 9 214 38 40
18 34 10 214 38 40
18 34 11 214 38 40
18 34 12 214 38 40
18 34 13 214 38 40
18 34 14 214 38 40
18 34 15 214 38 40
18 34 16 214 38 40
18 34 17 214 38 40
18 34 18 214 38 40
18 34 19 214 38 40
18 34 20 214 38 40
18 34 21 214 38 40
18 34 22 214 38 40
18 34 23 214 38 40
18 34 24 214 38 40
18 34 25 214 38 40
18 34 26 214 38 40
18 34 27 214 38 40
18 34 28 214 38 40
18 34 29 214 38 40
18 34 30 214 38 40
19 0 2 158 216 229
19 0 3 43 160 4
19 0 4 43 160 4
19 0 5 43 160 4
19 0 6 43 160 4
19 0 7 43 160 4
19 0 8 43 160 4
19 0 9 30 119 181
19 0 10 196 175 214
19 0 11 196 175 214
19 0 12 43 160 4
19 0 13 43 160 4
19 0 14 43 160 4
19 0 15 204 204 91
19 0 16 204 204 91
19 0 17 204 204 91
19 0 18 204 204 91
19 0 19 204 204 91
19 0 20 204 204 91
19 0 21 204 204 91
19 0 22 204 204 91
19 0 23 204 204 91
19 0 24 204 204 91
19 0 25 43 160 4
19 0 26 43 160 4
19 0 27 43 160 4
19 0 28 158 216 229
19 0 29 158 216 229
19 0 30 158 216 229
19 0 31 158 216 229
19 1 2 158 216 229
19 1 3 158 216 229
19 1 8 30 119 181
19 1 9 30 119 181
19 1 10 196 175 214
19 1 11 196 175 214
19 1 12 196 175 214
19 1 15 204 204 91
19 1 16 204 204 91
19 1 17 204 204 91
19 1 18 204 204 91
19 1 19 204 204 91
19 1 20 204 204 91
19 1 21 204 204 91
19 1 22 204 204 91
19 1 23 204 204 91
19 1 24 204 204 91
19 1 25 204 204 91
19 1 28 158 216 229
19 1 29 158 216 229
19 1 30 158 216 229
19 1 31 158 216 229
19 1 32 158 216 229
19 2 2 158 216 229
19 2 3 158 216 229
19 2 8 30 119 181
19 2 9 30 119 181
19 2 10 196 175 214
19 2 11 196 175 214
19 2 12 196 175 214
19 2 19 204 204 91
19 2 20 204 204 91
19 2 28 158 216 229
19 2 29 158 216 229
19 2 30 158 216 229
19 2 31 158 216 229
19 2 32 158 216 229
19 3 2 158 216 229
19 3 3 158 216 229
19 3 8 30 119 181
19 3 9 30 119 181
19 3 10 196 175 214
19 3 11 196 175 214
19 3 12 196 175 214
19 3 19 204 204 91
19 3 20 204 204 91
19 3 28 158 216 229
19 3 29 158 216 229
19 3 30 158 216 229
19 3 31 158 216 229
19 3 32 158 216 229
19 4 2 158 216 229
19 4 3 158 216 229
19 4 8 30 119 181
19 4 9 30 119 181
19 4 10 196 175 214
19 4 11 196 175 214
19 4 12 196 175 214
19 4 15 204 204 91
19 4 16 204 204 91
19 4 17 204 204 91
19 4 18 204 204 91
19 4 19 204 204 91
19 4 20 204 204 91
19 4 21 204 204 91
19 4 22 204 204 91
19 4 23 204 204 91
19 4 28 158 216 229
19 4 29 158 216 229
19 4 30 158 216 229
19 4 31 158 216 229
19 4 32 158 216 229
19 5 2 158 216 229
19 5 3 158 216 229
19 5 8 30 119 181
19 5 9 30 119 181
19 5 10 196 175 214
19 5 11 196 175 214
19 5 12 196 175 214
19 5 14 204 204 91
19 5 15 204 204 91
19 5 16 204 204 91
19 5 17 204 204 91
19 5 18 204 204 91
19 5 19 204 204 91
19 5 20 204 204 91
19 5 21 204 204 91
19 5 22 204 204 91
19 5 23 204 204 91
19 5 28 158 216 229
19 5 29 158 216 229
19 5 30 158 216 229
19 5 31 158 216 229
19 5 32 158 216 229
19 6 2 158 216 229
19 6 3 158 216 229
19 6 8 30 119 181
19 6 9 30 119 181
19 6 10 196 175 214
19 6 11 196 175 214
19 6 12 196 175 214
19 6 14 204 204 91
19 6 15 204 204 91
19 6 16 204 204 91
19 6 17 204 204 91
19 6 18 204 204 91
19 6 19 204 204 91
19 6 20 204 204 91
19 6 21 204 204 91
19 6 22 204 204 91
19 6 23 204 204 91
19 6 28 158 216 229
19 6 29 158 216 229
19 6 30 158 216 229
19 6 31 158 216 229
19 6 32 158 216 229
19 7 2 158 216 229
19 7 3 158 216 229
19 7 8 30 119 181
19 7 9 30 119 181
19 7 10 30 119 181
19 7 11 30 119 181
19 7 12 30 119 181
19 7 14 204 204 91
19 7 15 204 204 91
19 7 16 204 204 91
19 7 17 204 204 91
19 7 28 158 216 229
19 7 29 158 216 229
19 7 30 158 216 229
19 7 31 158 216 229
19 7 32 158 216 229
19 8 2 158 216 229
19 8 3 158 216 229
19 8 9 30 119 181
19 8 10 30 119 181
19 8 11 30 119 181
19 8 12 30 119 181
19 8 14 204 204 91
19 8 15 204 204 91
19 8 16 204 204 91
19 8 17 204 204 91
19 8 18 30 119 181
19 8 19 30 119 181
19 8 20 30 119 181
19 8 21 30 119 181
19 8 22 30 119 181
19 8 23 30 119 181
19 8 24 30 119 181
19 8 25 30 119 181
19 8 26 30 119 181
19 8 27 30 119 181
19 8 28 158 216 229
19 8 29 158 216 229
19 8 30 158 216 229
19 8 31 158 216 229
19 8 32 158 216 229
19 9 2 158 216 229
19 9 3 158 216 229
19 9 14 204 204 91
19 9 15 204 204 91
19 9 16 204 204 91
19 9 17 204 204 91
19 9 18 30 119 181
19 9 19 30 119 181
19 9 20 30 119 181
19 9 21 30 119 181
19 9 22 30 119 181
19 9 23 30 119 181
19 9 24 30 119 181
19 9 25 30 119 181
19 9 26 30 119 181
19 9 27 30 119 181
19 9 28 158 216 229
19 9 29 158 216 229
19 9 30 158 216 229
19 9 31 158 216 229
19 9 32 158 216 229
19 10 2 158 216 229
19 10 3 158 216 229
19 10 25 196 175 214
19 10 26 196 175 214
19 10 27 196 175 214
19 10 28 158 216 229
19 10 29 158 216 229
19 10 30 158 216 229
19 10 31 158 216 229
19 10 32 158 216 229
19 11 2 158 216 229
19 11 3 158 216 229
19 11 25 196 175 214
19 11 26 196 175 214
19 11 27 196 175 214
19 11 28 158 216 229
19 11 29 158 216 229
19 11 30 158 216 229
19 11 31 158 216 229
19 11 32 158 216 229
19 12 2 158 216 229
19 12 3 158 216 229
19 12 26 196 175 214
19 12 27 196 175 214
19 12 28 158 216 229
19 12 29 158 216 229
19 12 30 158 216 229
19 12 31 158 216 229
19 12 32 158 216 229
19 13 2 158 216 229
19 13 3 158 216 229
19 13 26 196 175 214
19 13 27 196 175 214
19 13 28 158 216 229
19 13 29 158 216 229
19 13 30 158 216 229
19 13 31 158 216 229
19 13 32 158 216 229
19 14 2 158 216 229
19 14 3 158 216 229
19 14 27 196 175 214
19 14 28 158 216 229
19 14 29 158 216 229
19 14 30 158 216 229
19 14 31 158 216 229
19 14 32 158 216 229
19 15 2 158 216 229
19 15 3 158 216 229
19 15 28 158 216 229
19 15 29 158 216 229
19 15 30 158 216 229
19 15 31 158 216 229
19 15 32 158 216 229
19 16 2 158 216 229
19 16 3 158 216 229
19 16 28 158 216 229
19 16 29 158 216 229
19 16 30 158 216 229
19 16 31 158 216 229
19 16 32 158 216 229
19 17 2 158 216 229
19 17 3 158 216 229
19 17 28 158 216 229
19 17 29 158 216 229
19 17 30 158 216 229
19 17 31 158 216 229
19 17 32 158 216 229
19 18 2 158 216 229
19 18 3 158 216 229
19 18 28 158 216 229
19 18 29 158 216 229
19 18 30 158 216 229
19 18 31 158 216 229
19 18 32 158 216 229
19 19 2 158 216 229
19 19 3 158 216 229
19 19 28 158 216 229
19 19 29 158 216 229
19 19 30 158 216 229
19 19 31 158 216 229
19 19 32 158 216 229
19 20 2 158 216 229
19 20 3 158 216 229
19 20 28 158 216 229
19 20 29 158 216 229
19 20 30 158 216 229
19 20 31 158 216 229
19 20 32 158 216 229
19 21 2 158 216 229
19 21 3 158 216 229
19 21 28 158 216 229
19 21 29 158 216 229
19 21 30 158 216 229
19 21 31 158 216 229
19 21 32 158 216 229
19 22 2 158 216 229
19 22 3 158 216 229
19 22 28 158 216 229
19 22 29 158 216 229
19 22 30 158 216 229
19 22 31 158 216 229
19 22 32 158 216 229
19 23 2 158 216 229
19 23 3 158 216 229
19 23 28 158 216 229
19 23 29 158 216 229
19 23 30 158 216 229
19 23 31 158 216 229
19 23 32 158 216 229
19 24 2 158 216 229
19 24 3 158 216 229
19 24 28 158 216 229
19 24 29 158 216 229
19 24 30 158 216 229
19 24 31 158 216 229
19 24 32 158 216 229
19 25 2 158 216 229
19 25 3 158 216 229
19 25 28 158 216 229
19 25 29 158 216 229
19 25 30 158 216 229
19 25 31 158 216 229
19 25 32 158 216 229
19 26 2 158 216 229
19 26 3 158 216 229
19 26 28 158 216 229
19 26 29 158 216 229
19 26 30 158 216 229
19 26 31 158 216 229
19 26 32 158 216 229
19 27 2 158 216 229
19 27 3 158 216 229
19 27 28 158 216 229
19 27 29 158 216 229
19 27 30 158 216 229
19 27 31 158 216 229
19 27 32 158 216 229
19 28 2 158 216 229
19 28 3 158 216 229
19 28 28 158 216 229
19 28 29 158 216 229
19 28 30 158 216 229
19 28 31 158 216 229
19 28 32 158 216 229
19 29 2 158 216 229
19 29 3 158 216 229
19 29 28 158 216 229
19 29 29 158 216 229
19 29 30 158 216 229
19 29 31 158 216 229
19 29 32 158 216 229
19 30 2 158 216 229
19 30 3 158 216 229
19 30 28 158 216 229
19 30 29 158 216 229
19 30 30 158 216 229
19 30 31 158 216 229
19 30 32 158 216 229
19 31 2 158 216 229
19 31 3 158 216 229
19 31 28 158 216 229
19 31 29 158 216 229
19 31 30 158 216 229
19 31 31 158 216 229
19 31 32 158 216 229
19 32 2 158 216 229
19 32 3 158 216 229
19 32 28 158 216 229
19 32 29 158 216 229
19 32 30 158 216 229
19 32 31 158 216 229
19 32 32 158 216 229
19 33 2 158 216 229
19 33 3 158 216 229
19 33 4 214 38 40
19 33 5 214 38 40
19 33 6 214 38 40
19 33 7 214 38 40
19 33 8 214 38 40
19 33 9 214 38 40
19 33 10 214 38 40
19 33 11 214 38 40
19 33 12 214 38 40
19 33 13 214 38 40
19 33 14 214 38 40
19 33 15 214 38 40
19 33 16 214 38 40
19 33 17 214 38 40
19 33 18 214 38 40
19 33 19 214 38 40
19 33 20 214 38 40
19 33 21 214 38 40
19 33 22 214 38 40
19 33 23 214 38 40
19 33 24 214 38 40
19 33 25 214 38 40
19 33 26 214 38 40
19 33 27 214 38 40
19 33 28 158 216 229
19 33 29 158 216 229
19 33 30 158 216 229
19 33 31 158 216 229
19 33 32 158 216 229
19 34 3 214 38 40
19 34 4 214 38 40
19 34 5 214 38 40
19 34 6 214 38 40
19 34 7 214 38 40
19 34 8 214 38 40
19 34 9 214 38 40
19 34 10 214 38 40
19 34 11 214 38 40
19 34 12 214 38 40
19 34 13 214 38 40
19 34 14 214 38 40
19 34 15 214 38 40
19 34 16 214 38 40
19 34 17 214 38 40
19 34 18 214 38 40
19 34 19 214 38 40
19 34 20 214 38 40
19 34 21 214 38 40
19 34 22 214 38 40
19 34 23 214 38 40
19 34 24 214 38 40
19 34 25 214 38 40
19 34 26 214 38 40
19 34 27 214 38 40
19 34 28 214 38 40
19 34 29 214 38 40
19 34 30 214 38 40
19 34 31 214 38 40
20 0 1 158 216 229
20 0 2 43 160 4
20 0 3 43 160 4
20 0 4 43 160 4
20 0 5 43 160 4
20 0 6 43 160 4
20 0 7 43 160 4
20 0 8 43 160 4
20 0 9 43 160 4
20 0 10 43 160 4
20 0 11 43 160 4
20 0 12 43 160 4
20 0 13 43 160 4
20 0 14 43 160 4
20 0 15 43 160 4
20 0 16 204 204 91
20 0 17 204 204 91
20 0 18 204 204 91
20 0 19 204 204 91
20 0 20 204 204 91
20 0 21 204 204 91
20 0 22 204 204 91
20 0 23 204 204 91
20 0 24 43 160 4
20 0 25 43 160 4
20 0 26 43 160 4
20 0 27 43 160 4
20 0 28 43 160 4
20 0 29 158 216 229
20 0 30 158 216 229
20 0 31 158 216 229
20 0 32 158 216 229
20 1 1 158 216 229
20 1 2 158 216 229
20 1 9 30 119 181
20 1 10 30 119 181
20 1 15 204 204 91
20 1 16 204 204 91
20 1 17 204 204 91
20 1 18 204 204 91
20 1 19 204 204 91
20 1 20 204 204 91
20 1 21 204 204 91
20 1 22 204 204 91
20 1 23 204 204 91
20 1 24 204 204 91
20 1 28 158 216 229
20 1 29 158 216 229
20 1 30 158 216 229
20 1 31 158 216 229
20 1 32 158 216 229
20 2 1 158 216 229
20 2 2 158 216 229
20 2 9 30 119 181
20 2 10 30 119 181
20 2 19 204 204 91
20 2 20 204 204 91
20 2 28 158 216 229
20 2 29 158 216 229
20 2 30 158 216 229
20 2 31 158 216 229
20 2 32 158 216 229
20 3 1 158 216 229
20 3 2 158 216 229
20 3 9 30 119 181
20 3 10 30 119 181
20 3 19 204 204 91
20 3 20 204 204 91
20 3 28 158 216 229
20 3 29 158 216 229
20 3 30 158 216 229
20 3 31 158 216 229
20 3 32 158 216 229
20 4 1 158 216 229
20 4 2 158 216 229
20 4 9 30 119 181
20 4 10 30 119 181
20 4 16 204 204 91
20 4 17 204 204 91
20 4 18 204 204 91
20 4 19 204 204 91
20 4 20 204 204 91
20 4 21 204 204 91
20 4 22 204 204 91
20 4 23 204 204 91
20 4 28 158 216 229
20 4 29 158 216 229
20 4 30 158 216 229
20 4 31 158 216 229
20 4 32 158 216 229
20 5 1 158 216 229
20 5 2 158 216 229
20 5 9 30 119 181
20 5 10 30 119 181
20 5 14 204 204 91
20 5 15 204 204 91
20 5 16 204 204 91
20 5 17 204 204 91
20 5 18 204 204 91
20 5 19 204 204 91
20 5 20 204 204 91
20 5 21 204 204 91
20 5 22 204 204 91
20 5 23 204 204 91
20 5 28 158 216 229
20 5 29 158 216 229
20 5 30 158 216 229
20 5 31 158 216 229
20 5 32 158 216 229
20 6 1 158 216 229
20 6 2 158 216 229
20 6 9 30 119 181
20 6 10 30 119 181
20 6 14 204 204 91
20 6 15 204 204 91
20 6 16 204 204 91
20 6 17 204 204 91
20 6 18 204 204 91
20 6 19 204 204 91
20 6 20 204 204 91
20 6 21 204 204 91
20 6 22 204 204 91
20 6 23 204 204 91
20 6 28 158 216 229
20 6 29 158 216 229
20 6 30 158 216 229
20 6 31 158 216 229
20 6 32 158 216 229
20 7 1 158 216 229
20 7 2 158 216 229
20 7 9 30 119 181
20 7 10 30 119 181
20 7 11 30 119 181
20 7 14 204 204 91
20 7 15 204 204 91
20 7 16 204 204 91
20 7 17 204 204 91
20 7 18 204 204 91
20 7 28 158 216 229
20 7 29 158 216 229
20 7 30 158 216 229
20 7 31 158 216 229
20 7 32 158 216 229
20 8 1 158 216 229
20 8 2 158 216 229
20 8 9 30 119 181
20 8 10 30 119 181
20 8 11 30 119 181
20 8 14 204 204 91
20 8 15 204 204 91
20 8 16 204 204 91
20 8 17 204 204 91
20 8 18 204 204 91
20 8 19 30 119 181
20 8 20 30 119 181
20 8 21 30 119 181
20 8 22 30 119 181
20 8 23 30 119 181
20 8 24 30 119 181
20 8 25 30 119 181
20 8 26 30 119 181
20 8 27 30 119 181
20 8 28 30 119 181
20 8 29 158 216 229
20 8 30 158 216 229
20 8 31 158 216 229
20 8 32 158 216 229
20 9 1 158 216 229
20 9 2 158 216 229
20 9 14 204 204 91
20 9 15 204 204 91
20 9 16 204 204 91
20 9 17 204 204 91
20 9 18 30 119 181
20 9 19 30 119 181
20 9 20 30 119 181
20 9 21 30 119 181
20 9 22 30 119 181
20 9 23 30 119 181
20 9 24 30 119 181
20 9 25 30 119 181
20 9 26 30 119 181
20 9 27 30 119 181
20 9 28 30 119 181
20 9 29 158 216 229
20 9 30 158 216 229
20 9 31 158 216 229
20 9 32 158 216 229
20 10 1 158 216 229
20 10 2 158 216 229
20 10 25 196 175 214
20 10 26 196 175 214
20 10 27 196 175 214
20 10 28 196 175 214
20 10 29 158 216 229
20 10 30 158 216 229
20 10 31 158 216 229
20 10 32 158 216 229
20 11 1 158 216 229
20 11 2 158 216 229
20 11 25 196 175 214
20 11 26 196 175 214
20 11 27 196 175 214
20 11 28 196 175 214
20 11 29 158 216 229
20 11 30 158 216 229
20 11 31 158 216 229
20 11 32 158 216 229
20 12 1 158 216 229
20 12 2 158 216 229
20 12 25 196 175 214
20 12 26 196 175 214
20 12 27 196 175 214
20 12 28 196 175 214
20 12 29 158 216 229
20 12 30 158 216 229
20 12 31 158 216 229
20 12 32 158 216 229
20 13 1 158 216 229
20 13 2 158 216 229
20 13 26 196 175 214
20 13 27 196 175 214
20 13 28 196 175 214
20 13 29 158 216 229
20 13 30 158 216 229
20 13 31 158 216 229
20 13 32 158 216 229
20 13 33 114 158 206
20 14 1 158 216 229
20 14 2 158 216 229
20 14 26 196 175 214
20 14 27 196 175 214
20 14 28 196 175 214
20 14 29 158 216 229
20 14 30 158 216 229
20 14 31 158 216 229
20 14 32 158 216 229
20 14 33 114 158 206
20 15 1 158 216 229
20 15 2 158 216 229
20 15 28 158 216 229
20 15 29 158 216 229
20 15 30 158 216 229
20 15 31 158 216 229
20 15 32 158 216 229
20 15 33 114 158 206
20 16 1 158 216 229
20 16 2 158 216 229
20 16 28 158 216 229
20 16 29 158 216 229
20 16 30 158 216 229
20 16 31 158 216 229
20 16 32 158 216 229
20 16 33 114 158 206
20 17 1 158 216 229
20 17 2 158 216 229
20 17 28 158 216 229
20 17 29 158 216 229
20 17 30 158 216 229
20 17 31 158 216 229
20 17 32 158 216 229
20 17 33 114 158 206
20 18 1 158 216 229
20 18 2 158 216 229
20 18 28 158 216 229
20 18 29 158 216 229
20 18 30 158 216 229
20 18 31 158 216 229
20 18 32 158 216 229
20 18 33 114 158 206
20 19 1 158 216 229
20 19 2 158 216 229
20 19 28 158 216 229
20 19 29 158 216 229
20 19 30 158 216 229
20 19 31 158 216 229
20 19 32 158 216 229
20 19 33 114 158 206
20 20 1 158 216 229
20 20 2 158 216 229
20 20 28 158 216 229
20 20 29 158 216 229
20 20 30 158 216 229
20 20 31 158 216 229
20 20 32 158 216 229
20 20 33 114 158 206
20 21 1 158 216 229
20 21 2 158 216 229
20 21 28 158 216 229
20 21 29 158 216 229
20 21 30 158 216 229
20 21 31 158 216 229
20 21 32 158 216 229
20 21 33 114 158 206
20 22 1 158 216 229
20 22 2 158 216 229
20 22 28 158 216 229
20 22 29 158 216 229
20 22 30 158 216 229
20 22 31 158 216 229
20 22 32 158 216 229
20 22 33 114 158 206
20 23 1 158 216 229
20 23 2 158 216 229
20 23 28 158 216 229
20 23 29 158 216 229
20 23 30 158 216 229
20 23 31 158 216 229
20 23 32 158 216 229
20 23 33 114 158 206
20 24 1 158 216 229
20 24 2 158 216 229
20 24 28 158 216 229
20 24 29 158 216 229
20 24 30 158 216 229
20 24 31 158 216 229
20 24 32 158 216 229
20 24 33 114 158 206
20 25 1 158 216 229
20 25 2 158 216 229
20 25 28 158 216 229
20 25 29 158 216 229
20 25 30 158 216 229
20 25 31 158 216 229
20 25 32 158 216 229
20 25 33 114 158 206
20 26 1 158 216 229
20 26 2 158 216 229
20 26 28 158 216 229
20 26 29 158 216 229
20 26 30 158 216 229
20 26 31 158 216 229
20 26 32 158 216 229
20 26 33 114 158 206
20 27 1 158 216 229
20 27 2 158 216 229
20 27 28 158 216 229
20 27 29 158 216 229
20 27 30 158 216 229
20 27 31 158 216 229
20 27 32 158 216 229
20 27 33 114 158 206
20 28 1 158 216 229
20 28 2 158 216 229
20 28 28 158 216 229
20 28 29 158 216 229
20 28 30 158 216 229
20 28 31 158 216 229
20 28 32 158 216 229
20 28 33 114 158 206
20 29 1 158 216 229
20 29 2 158 216 229
20 29 28 158 216 229
20 29 29 158 216 229
20 29 30 158 216 229
20 29 31 158 216 229
20 29 32 158 216 229
20 29 33 114 158 206
20 30 1 158 216 229
20 30 2 158 216 229
20 30 28 158 216 229
20 30 29 158 216 229
20 30 30 158 216 229
20 30 31 158 216 229
20 30 32 158 216 229
20 31 1 158 216 229
20 31 2 158 216 229
20 31 28 158 216 229
20 31 29 158 216 229
20 31 30 158 216 229
20 31 31 158 216 229
20 31 32 158 216 229
20 32 1 158 216 229
20 32 2 158 216 229
20 32 28 158 216 229
20 32 29 158 216 229
20 32 30 158 216 229
20 32 31 158 216 229
20 32 32 158 216 229
20 33 1 158 216 229
20 33 2 158 216 229
20 33 3 214 38 40
20 33 4 214 38 40
20 33 5 214 38 40
20 33 6 214 38 40
20 33 7 214 38 40
20 33 8 214 38 40
20 33 9 214 38 40
20 33 10 214 38 40
20 33 11 214 38 40
20 33 12 214 38 40
20 33 13 214 38 40
20 33 14 214 38 40
20 33 15 214 38 40
20 33 16 214 38 40
20 33 17 214 38 40
20 33 18 214 38 40
20 33 19 214 38 40
20 33 20 214 38 40
20 33 21 214 38 40
20 33 22 214 38 40
20 33 23 214 38 40
20 33 24 214 38 40
20 33 25 214 38 40
20 33 26 214 38 40
20 33 27 214 38 40
20 33 28 214 38 40
20 33 29 158 216 229
20 33 30 158 216 229
20 33 31 158 216 229
20 33 32 158 216 229
20 34 2 214 38 40
20 34 3 214 38 40
20 34 4 214 38 40
20 34 5 214 38 40
20 34 6 214 38 40
20 34 7 214 38 40
20 34 8 214 38 40
20 34 9 214 38 40
20 34 10 214 38 40
20 34 11 214 38 40
20 34 12 214 38 40
20 34 13 214 38 40
20 34 14 214 38 40
20 34 15 214 38 40
20 34 16 214 38 40
20 34 17 214 38 40
20 34 18 214 38 40
20 34 19 214 38 40
20 34 20 214 38 40
20 34 21 214 38 40
20 34 22 214 38 40
20 34 23 214 38 40
20 34 24 214 38 40
20 34 25 214 38 40
20 34 26 214 38 40
20 34 27 214 38 40
20 34 28 214 38 40
20 34 29 214 38 40
20 34 30 214 38 40
20 34 31 214 38 40
20 34 32 214 38 40
21 0 0 158 216 229
21 0 1 43 160 4
21 0 2 43 160 4
21 0 3 43 160 4
21 0 4 43 160 4
21 0 5 43 160 4
21 0 6 43 160 4
21 0 7 43 160 4
21 0 8 43 160 4
21 0 9 43 160 4
21 0 10 43 160 4
21 0 11 43 160 4
21 0 12 43 160 4
21 0 13 43 160 4
21 0 14 43 160 4
21 0 15 43 160 4
21 0 16 204 204 91
21 0 17 204 204 91
21 0 18 204 204 91
21 0 19 204 204 91
21 0 20 204 204 91
21 0 21 204 204 91
21 0 22 204 204 91
21 0 23 43 160 4
21 0 24 43 160 4
21 0 25 43 160 4
21 0 26 43 160 4
21 0 27 43 160 4
21 0 28 43 160 4
21 0 29 30 119 181
21 0 30 158 216 229
21 0 31 255 186 119
21 0 32 43 160 4
21 0 33 158 216 229
21 1 0 158 216 229
21 1 1 158 216 229
21 1 16 204 204 91
21 1 17 204 204 91
21 1 18 204 204 91
21 1 19 204 204 91
21 1 20 204 204 91
21 1 21 204 204 91
21 1 22 204 204 91
21 1 23 204 204 91
21 1 28 30 119 181
21 1 29 30 119 181
21 1 30 158 216 229
21 1 31 255 186 119
21 1 32 255 186 119
21 1 33 158 216 229
21 2 0 158 216 229
21 2 1 158 216 229
21 2 28 30 119 181
21 2 29 30 119 181
21 2 30 158 216 229
21 2 31 255 186 119
21 2 32 255 186 119
21 2 33 158 216 229
21 3 0 158 216 229
21 3 1 158 216 229
21 3 28 30 119 181
21 3 29 30 119 181
21 3 30 158 216 229
21 3 31 255 186 119
21 3 32 255 186 119
21 3 33 158 216 229
21 4 0 158 216 229
21 4 1 158 216 229
21 4 16 204 204 91
21 4 17 204 204 91
21 4 18 204 204 91
21 4 19 204 204 91
21 4 20 204 204 91
21 4 21 204 204 91
21 4 22 204 204 91
21 4 28 30 119 181
21 4 29 30 119 181
21 4 30 158 216 229
21 4 31 255 186 119
21 4 32 255 186 119
21 4 33 158 216 229
21 5 0 158 216 229
21 5 1 158 216 229
21 5 15 204 204 91
21 5 16 204 204 91
21 5 17 204 204 91
21 5 18 204 204 91
21 5 19 204 204 91
21 5 20 204 204 91
21 5 21 204 204 91
21 5 22 204 204 91
21 5 23 204 204 91
21 5 28 30 119 181
21 5 29 30 119 181
21 5 30 158 216 229
21 5 31 255 186 119
21 5 32 255 186 119
21 5 33 158 216 229
21 6 0 158 216 229
21 6 1 158 216 229
21 6 15 204 204 91
21 6 16 204 204 91
21 6 17 204 204 91
21 6 18 204 204 91
21 6 19 204 204 91
21 6 20 204 204 91
21 6 21 204 204 91
21 6 22 204 204 91
21 6 28 30 119 181
21 6 29 30 119 181
21 6 30 158 216 229
21 6 31 255 186 119
21 6 32 255 186 119
21 6 33 158 216 229
21 7 0 158 216 229
21 7 1 158 216 229
21 7 15 204 204 91
21 7 16 204 204 91
21 7 17 204 204 91
21 7 18 204 204 91
21 7 19 204 204 91
21 7 28 30 119 181
21 7 29 30 119 181
21 7 30 158 216 229
21 7 31 196 175 214
21 7 32 196 175 214
21 7 33 158 216 229
21 8 0 158 216 229
21 8 1 158 216 229
21 8 15 204 204 91
21 8 16 204 204 91
21 8 17 204 204 91
21 8 18 204 204 91
21 8 19 30 119 181
21 8 20 30 119 181
21 8 21 30 119 181
21 8 22 30 119 181
21 8 23 30 119 181
21 8 24 30 119 181
21 8 25 30 119 181
21 8 26 30 119 181
21 8 27 30 119 181
21 8 28 30 119 181
21 8 29 30 119 181
21 8 30 196 175 214
21 8 31 196 175 214
21 8 32 196 175 214
21 8 33 158 216 229
21 9 0 158 216 229
21 9 1 158 216 229
21 9 15 204 204 91
21 9 16 204 204 91
21 9 17 204 204 91
21 9 18 204 204 91
21 9 19 30 119 181
21 9 20 30 119 181
21 9 21 30 119 181
21 9 22 30 119 181
21 9 23 30 119 181
21 9 24 30 119 181
21 9 25 30 119 181
21 9 26 30 119 181
21 9 27 30 119 181
21 9 28 30 119 181
21 9 29 30 119 181
21 9 30 196 175 214
21 9 31 196 175 214
21 9 32 196 175 214
21 9 33 158 216 229
21 10 0 158 216 229
21 10 1 158 216 229
21 10 24 196 175 214
21 10 25 196 175 214
21 10 26 196 175 214
21 10 27 196 175 214
21 10 28 196 175 214
21 10 29 196 175 214
21 10 30 158 216 229
21 10 31 158 216 229
21 10 32 158 216 229
21 10 33 158 216 229
21 11 0 158 216 229
21 11 1 158 216 229
21 11 24 196 175 214
21 11 25 196 175 214
21 11 26 196 175 214
21 11 27 196 175 214
21 11 28 196 175 214
21 11 29 196 175 214
21 11 30 158 216 229
21 11 31 158 216 229
21 11 32 158 216 229
21 11 33 158 216 229
21 12 0 158 216 229
21 12 1 158 216 229
21 12 24 196 175 214
21 12 25 196 175 214
21 12 26 196 175 214
21 12 27 196 175 214
21 12 28 196 175 214
21 12 29 196 175 214
21 12 30 158 216 229
21 12 31 158 216 229
21 12 32 158 216 229
21 12 33 158 216 229
21 13 0 158 216 229
21 13 1 158 216 229
21 13 24 196 175 214
21 13 25 196 175 214
21 13 26 196 175 214
21 13 27 196 175 214
21 13 28 196 175 214
21 13 29 196 175 214
21 13 30 158 216 229
21 13 31 158 216 229
21 13 32 114 158 206
21 13 33 158 216 229
21 13 34 114 158 206
21 14 0 158 216 229
21 14 1 158 216 229
21 14 27 196 175 214
21 14 28 196 175 214
21 14 29 196 175 214
21 14 30 158 216 229
21 14 31 158 216 229
21 14 32 114 158 206
21 14 33 114 158 206
21 14 34 114 158 206
21 15 0 158 216 229
21 15 1 158 216 229
21 15 29 158 216 229
21 15 30 158 216 229
21 15 31 158 216 229
21 15 32 114 158 206
21 15 33 114 158 206
21 15 34 114 158 206
21 16 0 158 216 229
21 16 1 158 216 229
21 16 29 158 216 229
21 16 30 158 216 229
21 16 31 158 216 229
21 16 32 114 158 206
21 16 33 114 158 206
21 16 34 114 158 206
21 17 0 158 216 229
21 17 1 158 216 229
21 17 29 158 216 229
21 17 30 158 216 229
21 17 31 158 216 229
21 17 32 114 158 206
21 17 33 114 158 206
21 17 34 114 158 206
21 18 0 158 216 229
21 18 1 158 216 229
21 18 29 158 216 229
21 18 30 158 216 229
21 18 31 158 216 229
21 18 32 114 158 206
21 18 33 114 158 206
21 18 34 114 158 206
21 19 0 158 216 229
21 19 1 158 216 229
21 19 29 158 216 229
21 19 30 158 216 229
21 19 31 158 216 229
21 19 32 114 158 206
21 19 33 114 158 206
21 19 34 114 158 206
21 20 0 158 216 229
21 20 1 158 216 229
21 20 29 158 216 229
21 20 30 158 216 229
21 20 31 158 216 229
21 20 32 114 158 206
21 20 33 114 158 206
21 20 34 114 158 206
21 21 0 158 216 229
21 21 1 158 216 229
21 21 29 158 216 229
21 21 30 158 216 229
21 21 31 158 216 229
21 21 32 114 158 206
21 21 33 114 158 206
21 21 34 114 158 206
21 22 0 158 216 229
21 22 1 158 216 229
21 22 29 158 216 229
21 22 30 158 216 229
21 22 31 158 216 229
21 22 32 114 158 206
21 22 33 114 158 206
21 22 34 114 158 206
21 23 0 158 216 229
21 23 1 158 216 229
21 23 29 158 216 229
21 23 30 158 216 229
21 23 31 158 216 229
21 23 32 114 158 206
21 23 33 114 158 206
21 23 34 114 158 206
21 24 0 158 216 229
21 24 1 158 216 229
21 24 29 158 216 229
21 24 30 158 216 229
21 24 31 158 216 229
21 24 32 114 158 206
21 24 33 114 158 206
21 24 34 114 158 206
21 25 0 158 216 229
21 25 1 158 216 229
21 25 29 158 216 229
21 25 30 158 216 229
21 25 31 158 216 229
21 25 32 114 158 206
21 25 33 114 158 206
21 25 34 114 158 206
21 26 0 158 216 229
21 26 1 158 216 229
21 26 29 158 216 229
21 26 30 158 216 229
21 26 31 158 216 229
21 26 32 114 158 206
21 26 33 114 158 206
21 26 34 114 158 206
21 27 0 158 216 229
21 27 1 158 216 229
21 27 29 158 216 229
21 27 30 158 216 229
21 27 31 158 216 229
21 27 32 114 158 206
21 27 33 114 158 206
21 27 34 114 158 206
21 28 0 158 216 229
21 28 1 158 216 229
21 28 29 158 216 229
21 28 30 158 216 229
21 28 31 158 216 229
21 28 32 114 158 206
21 28 33 114 158 206
21 28 34 114 158 206
21 29 0 158 216 229
21 29 1 158 216 229
21 29 29 158 216 229
21 29 30 158 216 229
21 29 31 158 216 229
21 29 32 114 158 206
21 29 33 114 158 206
21 29 34 114 158 206
21 30 0 158 216 229
21 30 1 158 216 229
21 30 29 158 216 229
21 30 30 158 216 229
21 30 31 158 216 229
21 30 32 158 216 229
21 30 33 158 216 229
21 31 0 158 216 229
21 31 1 158 216 229
21 31 29 158 216 229
21 31 30 158 216 229
21 31 31 158 216 229
21 31 32 158 216 229
21 31 33 158 216 229
21 32 0 158 216 229
21 32 1 158 216 229
21 32 29 158 216 229
21 32 30 158 216 229
21 32 31 158 216 229
21 32 32 158 216 229
21 32 33 158 216 229
21 33 0 158 216 229
21 33 1 214 38 40
21 33 2 214 38 40
21 33 3 214 38 40
21 33 4 214 38 40
21 33 5 214 38 40
21 33 6 214 38 40
21 33 7 214 38 40
21 33 8 214 38 40
21 33 9 214 38 40
21 33 10 214 38 40
21 33 11 214 38 40
21 33 12 214 38 40
21 33 13 214 38 40
21 33 14 214 38 40
21 33 15 214 38 40
21 33 16 214 38 40
21 33 17 214 38 40
21 33 18 214 38 40
21 33 19 214 38 40
21 33 20 214 38 40
21 33 21 214 38 40
21 33 22 214 38 40
21 33 23 214 38 40
21 33 24 214 38 40
21 33 25 214 38 40
21 33 26 214 38 40
21 33 27 214 38 40
21 33 28 214 38 40
21 33 29 214 38 40
21 33 30 158 216 229
21 33 31 214 38 40
21 33 32 214 38 40
21 33 33 158 216 229
21 34 0 214 38 40
21 34 1 214 38 40
21 34 2 214 38 40
21 34 3 214 38 40
21 34 4 214 38 40
21 34 5 214 38 40
21 34 6 214 38 40
21 34 7 214 38 40
21 34 8 214 38 40
21 34 9 214 38 40
21 34 10 214 38 40
21 34 11 214 38 40
21 34 12 214 38 40
21 34 13 214 38 40
21 34 14 214 38 40
21 34 15 214 38 40
21 34 16 214 38 40
21 34 17 214 38 40
21 34 18 214 38 40
21 34 19 214 38 40
21 34 20 214 38 40
21 34 21 214 38 40
21 34 22 214 38 40
21 34 23 214 38 40
21 34 24 214 38 40
21 34 25 214 38 40
21 34 26 214 38 40
21 34 27 214 38 40
21 34 28 214 38 40
21 34 29 214 38 40
21 34 30 214 38 40
21 34 31 214 38 40
21 34 32 214 38 40
21 34 33 214 38 40
22 0 0 43 160 4
22 0 1 43 160 4
22 0 2 43 160 4
22 0 3 43 160 4
22 0 4 43 160 4
22 0 5 43 160 4
22 0 6 43 160 4
22 0 7 43 160 4
22 0 8 43 160 4
22 0 9 43 160 4
22 0 10 43 160 4
22 0 11 43 160 4
22 0 12 43 160 4
22 0 13 43 160 4
22 0 14 43 160 4
22 0 15 43 160 4
22 0 16 43 160 4
22 0 17 204 204 91
22 0 18 204 204 91
22 0 19 204 204 91
22 0 20 204 204 91
22 0 21 204 204 91
22 0 22 43 160 4
22 0 23 43 160 4
22 0 24 43 160 4
22 0 25 43 160 4
22 0 26 43 160 4
22 0 27 30 119 181
22 0 28 30 119 181
22 0 29 255 186 119
22 0 30 255 186 119
22 0 31 255 186 119
22 0 32 255 186 119
22 0 33 43 160 4
22 0 34 158 216 229
22 1 0 158 216 229
22 1 17 204 204 91
22 1 18 204 204 91
22 1 19 204 204 91
22 1 20 204 204 91
22 1 21 204 204 91
22 1 22 204 204 91
22 1 27 30 119 181
22 1 28 30 119 181
22 1 29 255 186 119
22 1 30 255 186 119
22 1 31 255 186 119
22 1 32 255 186 119
22 1 33 158 216 229
22 1 34 158 216 229
22 2 0 158 216 229
22 2 27 30 119 181
22 2 28 30 119 181
22 2 29 255 186 119
22 2 30 255 186 119
22 2 31 255 186 119
22 2 32 255 186 119
22 2 33 158 216 229
22 2 34 158 216 229
22 3 0 158 216 229
22 3 27 30 119 181
22 3 28 30 119 181
22 3 29 255 186 119
22 3 30 255 186 119
22 3 31 255 186 119
22 3 32 255 186 119
22 3 33 158 216 229
22 3 34 158 216 229
22 4 0 158 216 229
22 4 17 204 204 91
22 4 18 204 204 91
22 4 19 204 204 91
22 4 20 204 204 91
22 4 21 204 204 91
22 4 27 30 119 181
22 4 28 30 119 181
22 4 29 255 186 119
22 4 30 255 186 119
22 4 31 255 186 119
22 4 32 255 186 119
22 4 33 158 216 229
22 4 34 158 216 229
22 5 0 158 216 229
22 5 16 204 204 91
22 5 17 204 204 91
22 5 18 204 204 91
22 5 19 204 204 91
22 5 20 204 204 91
22 5 21 204 204 91
22 5 27 30 119 181
22 5 28 30 119 181
22 5 29 255 186 119
22 5 30 255 186 119
22 5 31 255 186 119
22 5 32 255 186 119
22 5 33 158 216 229
22 5 34 158 216 229
22 6 0 158 216 229
22 6 16 204 204 91
22 6 17 204 204 91
22 6 18 204 204 91
22 6 19 204 204 91
22 6 20 204 204 91
22 6 21 204 204 91
22 6 27 30 119 181
22 6 28 30 119 181
22 6 29 255 186 119
22 6 30 255 186 119
22 6 31 255 186 119
22 6 32 255 186 119
22 6 33 158 216 229
22 6 34 158 216 229
22 7 0 158 216 229
22 7 16 204 204 91
22 7 17 204 204 91
22 7 18 204 204 91
22 7 19 204 204 91
22 7 20 204 204 91
22 7 27 30 119 181
22 7 28 30 119 181
22 7 29 30 119 181
22 7 30 255 186 119
22 7 31 255 186 119
22 7 32 255 186 119
22 7 33 158 216 229
22 7 34 158 216 229
22 8 0 158 216 229
22 8 16 204 204 91
22 8 17 204 204 91
22 8 18 204 204 91
22 8 19 204 204 91
22 8 20 30 119 181
22 8 21 30 119 181
22 8 22 30 119 181
22 8 23 30 119 181
22 8 24 30 119 181
22 8 25 30 119 181
22 8 26 30 119 181
22 8 27 30 119 181
22 8 28 30 119 181
22 8 29 196 175 214
22 8 30 196 175 214
22 8 31 196 175 214
22 8 32 196 175 214
22 8 33 158 216 229
22 8 34 158 216 229
22 9 0 158 216 229
22 9 16 204 204 91
22 9 17 204 204 91
22 9 18 204 204 91
22 9 19 204 204 91
22 9 20 30 119 181
22 9 21 30 119 181
22 9 22 30 119 181
22 9 23 30 119 181
22 9 24 30 119 181
22 9 25 30 119 181
22 9 26 30 119 181
22 9 27 30 119 181
22 9 28 30 119 181
22 9 29 196 175 214
22 9 30 196 175 214
22 9 31 196 175 214
22 9 32 196 175 214
22 9 33 158 216 229
22 9 34 158 216 229
22 10 0 158 216 229
22 10 24 196 175 214
22 10 25 196 175 214
22 10 26 196 175 214
22 10 28 196 175 214
22 10 29 196 175 214
22 10 33 158 216 229
22 10 34 158 216 229
22 11 0 158 216 229
22 11 24 196 175 214
22 11 25 196 175 214
22 11 26 196 175 214
22 11 28 196 175 214
22 11 29 196 175 214
22 11 33 158 216 229
22 11 34 158 216 229
22 12 0 158 216 229
22 12 24 196 175 214
22 12 25 196 175 214
22 12 26 196 175 214
22 12 28 196 175 214
22 12 29 196 175 214
22 12 33 158 216 229
22 12 34 158 216 229
22 13 0 158 216 229
22 13 24 196 175 214
22 13 25 196 175 214
22 13 26 196 175 214
22 13 28 196 175 214
22 13 29 196 175 214
22 13 33 114 158 206
22 13 34 158 216 229
22 14 0 158 216 229
22 14 28 196 175 214
22 14 29 196 175 214
22 14 32 114 158 206
22 14 33 114 158 206
22 14 34 114 158 206
22 14 35 114 158 206
22 15 0 158 216 229
22 15 32 114 158 206
22 15 33 114 158 206
22 15 34 114 158 206
22 15 35 114 158 206
22 16 0 158 216 229
22 16 32 114 158 206
22 16 33 114 158 206
22 16 34 114 158 206
22 16 35 114 158 206
22 17 0 158 216 229
22 17 32 114 158 206
22 17 33 114 158 206
22 17 34 114 158 206
22 17 35 114 158 206
22 18 0 158 216 229
22 18 32 114 158 206
22 18 33 114 158 206
22 18 34 114 158 206
22 18 35 114 158 206
22 19 0 158 216 229
22 19 32 114 158 206
22 19 33 114 158 206
22 19 34 114 158 206
22 19 35 114 158 206
22 20 0 158 216 229
22 20 32 114 158 206
22 20 33 114 158 206
22 20 34 114 158 206
22 20 35 114 158 206
22 21 0 158 216 229
22 21 32 114 158 206
22 21 33 114 158 206
22 21 34 114 158 206
22 21 35 114 158 206
22 22 0 158 216 229
22 22 32 114 158 206
22 22 33 114 158 206
22 22 34 114 158 206
22 22 35 114 158 206
22 23 0 158 216 229
22 23 32 114 158 206
22 23 33 114 158 206
22 23 34 114 158 206
22 23 35 114 158 206
22 24 0 158 216 229
22 24 32 114 158 206
22 24 33 114 158 206
22 24 34 114 158 206
22 24 35 114 158 206
22 25 0 158 216 229
22 25 32 114 158 206
22 25 33 114 158 206
22 25 34 114 158 206
22 25 35 114 158 206
22 26 0 158 216 229
22 26 32 114 158 206
22 26 33 114 158 206
22 26 34 114 158 206
22 26 35 114 158 206
22 27 0 158 216 229
22 27 32 114 158 206
22 27 33 114 158 206
22 27 34 114 158 206
22 27 35 114 158 206
22 28 0 158 216 229
22 28 32 114 158 206
22 28 33 114 158 206
22 28 34 114 158 206
22 28 35 114 158 206
22 29 0 158 216 229
22 29 32 114 158 206
22 29 33 114 158 206
22 29 34 114 158 206
22 29 35 114 158 206
22 30 0 158 216 229
22 30 33 158 216 229
22 30 34 158 216 229
22 31 0 158 216 229
22 31 33 158 216 229
22 31 34 158 216 229
22 32 0 158 216 229
22 32 33 158 216 229
22 32 34 158 216 229
22 33 0 214 38 40
22 33 1 214 38 40
22 33 2 214 38 40
22 33 3 214 38 40
22 33 4 214 38 40
22 33 5 214 38 40
22 33 6 214 38 40
22 33 7 214 38 40
22 33 8 214 38 40
22 33 9 214 38 40
22 33 10 214 38 40
22 33 11 214 38 40
22 33 12 214 38 40
22 33 13 214 38 40
22 33 14 214 38 40
22 33 15 214 38 40
22 33 16 214 38 40
22 33 17 214 38 40
22 33 18 214 38 40
22 33 19 214 38 40
22 33 20 214 38 40
22 33 21 214 38 40
22 33 22 214 38 40
22 33 23 214 38 40
22 33 24 214 38 40
22 33 25 214 38 40
22 33 26 214 38 40
22 33 27 214 38 40
22 33 28 214 38 40
22 33 29 214 38 40
22 33 30 214 38 40
22 33 31 214 38 40
22 33 32 214 38 40
22 33 33 214 38 40
22 33 34 158 216 229
22 34 0 214 38 40
22 34 1 214 38 40
22 34 2 214 38 40
22 34 3 214 38 40
22 34 4 214 38 40
22 34 5 214 38 40
22 34 6 214 38 40
22 34 7 214 38 40
22 34 8 214 38 40
22 34 9 214 38 40
22 34 10 214 38 40
22 34 11 214 38 40
22 34 12 214 38 40
22 34 13 214 38 40
22 34 14 214 38 40
22 34 15 214 38 40
22 34 16 214 38 40
22 34 17 214 38 40
22 34 18 214 38 40
22 34 19 214 38 40
22 34 20 214 38 40
22 34 21 214 38 40
22 34 22 214 38 40
22 34 23 214 38 40
22 34 24 214 38 40
22 34 25 214 38 40
22 34 26 214 38 40
22 34 27 214 38 40
22 34 28 214 38 40
22 34 29 214 38 40
22 34 30 214 38 40
22 34 31 214 38 40
22 34 32 214 38 40
22 34 33 214 38 40
23 0 0 43 160 4
23 0 1 43 160 4
23 0 2 43 160 4
23 0 3 43 160 4
23 0 4 43 160 4
23 0 5 43 160 4
23 0 6 43 160 4
23 0 7 43 160 4
23 0 8 43 160 4
23 0 9 43 160 4
23 0 10 43 160 4
23 0 11 43 160 4
23 0 12 43 160 4
23 0 13 43 160 4
23 0 14 43 160 4
23 0 15 43 160 4
23 0 16 43 160 4
23 0 17 43 160 4
23 0 18 204 204 91
23 0 19 204 204 91
23 0 20 204 204 91
23 0 21 43 160 4
23 0 22 43 160 4
23 0 23 43 160 4
23 0 24 43 160 4
23 0 25 43 160 4
23 0 26 30 119 181
23 0 27 30 119 181
23 0 28 255 186 119
23 0 29 255 186 119
23 0 30 255 186 119
23 0 31 255 186 119
23 0 32 255 186 119
23 0 33 255 186 119
23 0 34 43 160 4
23 0 35 158 216 229
23 1 17 204 204 91
23 1 18 204 204 91
23 1 19 204 204 91
23 1 20 204 204 91
23 1 21 204 204 91
23 1 25 30 119 181
23 1 26 30 119 181
23 1 27 30 119 181
23 1 28 255 186 119
23 1 29 255 186 119
23 1 30 255 186 119
23 1 31 255 186 119
23 1 32 255 186 119
23 1 33 255 186 119
23 1 34 158 216 229
23 1 35 158 216 229
23 2 25 30 119 181
23 2 26 30 119 181
23 2 27 30 119 181
23 2 28 255 186 119
23 2 29 255 186 119
23 2 30 255 186 119
23 2 31 255 186 119
23 2 32 255 186 119
23 2 33 255 186 119
23 2 34 158 216 229
23 2 35 158 216 229
23 3 25 30 119 181
23 3 26 30 119 181
23 3 27 30 119 181
23 3 28 255 186 119
23 3 29 255 186 119
23 3 30 255 186 119
23 3 31 255 186 119
23 3 32 255 186 119
23 3 33 255 186 119
23 3 34 158 216 229
23 3 35 158 216 229
23 4 18 204 204 91
23 4 19 204 204 91
23 4 20 204 204 91
23 4 25 30 119 181
23 4 26 30 119 181
23 4 27 30 119 181
23 4 28 255 186 119
23 4 29 255 186 119
23 4 30 255 186 119
23 4 31 255 186 119
23 4 32 255 186 119
23 4 33 255 186 119
23 4 34 158 216 229
23 4 35 158 216 229
23 5 17 204 204 91
23 5 18 204 204 91
23 5 19 204 204 91
23 5 20 204 204 91
23 5 25 30 119 181
23 5 26 30 119 181
23 5 27 30 119 181
23 5 28 255 186 119
23 5 29 255 186 119
23 5 30 255 186 119
23 5 31 255 186 119
23 5 32 255 186 119
23 5 33 255 186 119
23 5 34 158 216 229
23 5 35 158 216 229
23 6 17 204 204 91
23 6 18 204 204 91
23 6 19 204 204 91
23 6 20 204 204 91
23 6 25 30 119 181
23 6 26 30 119 181
23 6 27 30 119 181
23 6 28 255 186 119
23 6 29 255 186 119
23 6 30 255 186 119
23 6 31 255 186 119
23 6 32 255 186 119
23 6 33 255 186 119
23 6 34 158 216 229
23 6 35 158 216 229
23 7 17 204 204 91
23 7 18 204 204 91
23 7 19 204 204 91
23 7 20 204 204 91
23 7 25 30 119 181
23 7 26 30 119 181
23 7 27 30 119 181
23 7 28 255 186 119
23 7 29 255 186 119
23 7 30 255 186 119
23 7 31 255 186 119
23 7 32 255 186 119
23 7 33 255 186 119
23 7 34 158 216 229
23 7 35 158 216 229
23 8 17 204 204 91
23 8 18 204 204 91
23 8 19 204 204 91
23 8 20 204 204 91
23 8 21 30 119 181
23 8 22 30 119 181
23 8 23 30 119 181
23 8 24 30 119 181
23 8 25 30 119 181
23 8 26 30 119 181
23 8 27 30 119 181
23 8 28 196 175 214
23 8 29 196 175 214
23 8 30 196 175 214
23 8 31 196 175 214
23 8 32 196 175 214
23 8 34 158 216 229
23 8 35 158 216 229
23 9 17 204 204 91
23 9 18 204 204 91
23 9 19 204 204 91
23 9 20 204 204 91
23 9 21 30 119 181
23 9 22 30 119 181
23 9 23 30 119 181
23 9 24 30 119 181
23 9 25 30 119 181
23 9 26 30 119 181
23 9 27 30 119 181
23 9 28 196 175 214
23 9 29 196 175 214
23 9 30 196 175 214
23 9 31 196 175 214
23 9 32 196 175 214
23 9 34 158 216 229
23 9 35 158 216 229
23 10 24 196 175 214
23 10 25 196 175 214
23 10 26 196 175 214
23 10 34 158 216 229
23 10 35 158 216 229
23 11 24 196 175 214
23 11 25 196 175 214
23 11 26 196 175 214
23 11 34 158 216 229
23 11 35 158 216 229
23 12 24 196 175 214
23 12 25 196 175 214
23 12 26 196 175 214
23 12 34 158 216 229
23 12 35 158 216 229
23 13 25 196 175 214
23 13 34 158 216 229
23 13 35 158 216 229
23 14 33 114 158 206
23 14 34 114 158 206
23 14 35 114 158 206
23 14 36 114 158 206
23 15 33 114 158 206
23 15 34 114 158 206
23 15 35 114 158 206
23 15 36 114 158 206
23 16 33 114 158 206
23 16 34 114 158 206
23 16 35 114 158 206
23 16 36 114 158 206
23 17 33 114 158 206
23 17 34 114 158 206
23 17 35 114 158 206
23 17 36 114 158 206
23 18 33 114 158 206
23 18 34 114 158 206
23 18 35 114 158 206
23 18 36 114 158 206
23 19 33 114 158 206
23 19 34 114 158 206
23 19 35 114 158 206
23 19 36 114 158 206
23 20 33 114 158 206
23 20 34 114 158 206
23 20 35 114 158 206
23 20 36 114 158 206
23 21 33 114 158 206
23 21 34 114 158 206
23 21 35 114 158 206
23 21 36 114 158 206
23 22 33 114 158 206
23 22 34 114 158 206
23 22 35 114 158 206
23 22 36 114 158 206
23 23 33 114 158 206
23 23 34 114 158 206
23 23 35 114 158 206
23 23 36 114 158 206
23 24 33 114 158 206
23 24 34 114 158 206
23 24 35 114 158 206
23 24 36 114 158 206
23 25 33 114 158 206
23 25 34 114 158 206
23 25 35 114 158 206
23 25 36 114 158 206
23 26 33 114 158 206
23 26 34 114 158 206
23 26 35 114 158 206
23 26 36 114 158 206
23 27 33 114 158 206
23 27 34 114 158 206
23 27 35 114 158 206
23 27 36 114 158 206
23 28 33 114 158 206
23 28 34 114 158 206
23 28 35 114 158 206
23 28 36 114 158 206
23 29 33 114 158 206
23 29 34 114 158 206
23 29 35 114 158 206
23 29 36 114 158 206
23 30 34 158 216 229
23 30 35 158 216 229
23 31 34 158 216 229
23 31 35 158 216 229
23 32 34 158 216 229
23 32 35 158 216 229
23 33 0 214 38 40
23 33 1 214 38 40
23 33 2 214 38 40
23 33 3 214 38 40
23 33 4 214 38 40
23 33 5 214 38 40
23 33 6 214 38 40
23 33 7 214 38 40
23 33 8 214 38 40
23 33 9 214 38 40
23 33 10 214 38 40
23 33 11 214 38 40
23 33 12 214 38 40
23 33 13 214 38 40
23 33 14 214 38 40
23 33 15 214 38 40
23 33 16 214 38 40
23 33 17 214 38 40
23 33 18 214 38 40
23 33 19 214 38 40
23 33 20 214 38 40
23 33 21 214 38 40
23 33 22 214 38 40
23 33 23 214 38 40
23 33 24 214 38 40
23 33 25 214 38 40
23 33 26 214 38 40
23 33 27 214 38 40
23 33 28 214 38 40
23 33 29 214 38 40
23 33 30 214 38 40
23 33 31 214 38 40
23 33 32 214 38 40
23 33 33 214 38 40
23 33 34 158 216 229
23 33 35 158 216 229
23 34 0 214 38 40
23 34 1 214 38 40
23 34 2 214 38 40
23 34 3 214 38 40
23 34 4 214 38 40
23 34 5 214 38 40
23 34 6 214 38 40
23 34 7 214 38 40
23 34 8 214 38 40
23 34 9 214 38 40
23 34 10 214 38 40
23 34 11 214 38 40
23 34 12 214 38 40
23 34 13 214 38 40
23 34 14 214 38 40
23 34 15 214 38 40
23 34 16 214 38 40
23 34 17 214 38 40
23 34 18 214 38 40
23 34 19 214 38 40
23 34 20 214 38 40
23 34 21 214 38 40
23 34 22 214 38 40
23 34 23 214 38 40
23 34 24 214 38 40
23 34 25 214 38 40
23 34 26 214 38 40
23 34 27 214 38 40
23 34 28 214 38 40
23 34 29 214 38 40
23 34 30 214 38 40
23 34 31 214 38 40
23 34 32 214 38 40
23 34 33 214 38 40
23 34 34 214 38 40
24 0 0 43 160 4
24 0 1 43 160 4
24 0 2 43 160 4
24 0 3 43 160 4
24 0 4 43 160 4
24 0 5 43 160 4
24 0 6 43 160 4
24 0 7 43 160 4
24 0 8 43 160 4
24 0 9 43 160 4
24 0 10 43 160 4
24 0 11 43 160 4
24 0 12 43 160 4
24 0 13 43 160 4
24 0 14 43 160 4
24 0 15 43 160 4
24 0 16 43 160 4
24 0 17 43 160 4
24 0 18 43 160 4
24 0 19 204 204 91
24 0 20 43 160 4
24 0 21 43 160 4
24 0 22 43 160 4
24 0 23 43 160 4
24 0 24 43 160 4
24 0 25 30 119 181
24 0 26 30 119 181
24 0 27 255 186 119
24 0 28 255 186 119
24 0 29 255 186 119
24 0 30 255 186 119
24 0 31 255 186 119
24 0 32 255 186 119
24 0 33 255 186 119
24 0 34 255 186 119
24 0 35 43 160 4
24 0 36 158 216 229
24 1 18 204 204 91
24 1 19 204 204 91
24 1 24 30 119 181
24 1 25 30 119 181
24 1 26 30 119 181
24 1 27 255 186 119
24 1 28 255 186 119
24 1 29 255 186 119
24 1 30 255 186 119
24 1 31 255 186 119
24 1 32 255 186 119
24 1 33 255 186 119
24 1 34 255 186 119
24 1 35 158 216 229
24 1 36 158 216 229
24 2 24 30 119 181
24 2 25 30 119 181
24 2 26 30 119 181
24 2 27 255 186 119
24 2 28 255 186 119
24 2 29 255 186 119
24 2 30 255 186 119
24 2 31 255 186 119
24 2 32 255 186 119
24 2 33 255 186 119
24 2 34 255 186 119
24 2 35 158 216 229
24 2 36 158 216 229
24 3 24 30 119 181
24 3 25 30 119 181
24 3 26 30 119 181
24 3 27 255 186 119
24 3 28 255 186 119
24 3 29 255 186 119
24 3 30 255 186 119
24 3 31 255 186 119
24 3 32 255 186 119
24 3 33 255 186 119
24 3 34 255 186 119
24 3 35 158 216 229
24 3 36 158 216 229
24 4 19 204 204 91
24 4 24 30 119 181
24 4 25 30 119 181
24 4 26 30 119 181
24 4 27 255 186 119
24 4 28 255 186 119
24 4 29 255 186 119
24 4 30 255 186 119
24 4 31 255 186 119
24 4 32 255 186 119
24 4 33 255 186 119
24 4 34 255 186 119
24 4 35 158 216 229
24 4 36 158 216 229
24 5 18 204 204 91
24 5 19 204 204 91
24 5 24 30 119 181
24 5 25 30 119 181
24 5 26 30 119 181
24 5 27 255 186 119
24 5 28 255 186 119
24 5 29 255 186 119
24 5 30 255 186 119
24 5 31 255 186 119
24 5 32 255 186 119
24 5 33 255 186 119
24 5 34 255 186 119
24 5 35 158 216 229
24 5 36 158 216 229
24 6 18 204 204 91
24 6 19 204 204 91
24 6 24 30 119 181
24 6 25 30 119 181
24 6 26 30 119 181
24 6 27 255 186 119
24 6 28 255 186 119
24 6 29 255 186 119
24 6 30 255 186 119
24 6 31 255 186 119
24 6 32 255 186 119
24 6 33 255 186 119
24 6 34 255 186 119
24 6 35 158 216 229
24 6 36 158 216 229
24 7 18 204 204 91
24 7 19 204 204 91
24 7 24 30 119 181
24 7 25 30 119 181
24 7 26 30 119 181
24 7 27 255 186 119
24 7 28 255 186 119
24 7 29 255 186 119
24 7 30 255 186 119
24 7 31 255 186 119
24 7 32 255 186 119
24 7 33 255 186 119
24 7 34 255 186 119
24 7 35 158 216 229
24 7 36 158 216 229
24 8 18 204 204 91
24 8 19 204 204 91
24 8 22 30 119 181
24 8 23 30 119 181
24 8 24 30 119 181
24 8 25 30 119 181
24 8 26 30 119 181
24 8 27 196 175 214
24 8 28 196 175 214
24 8 29 196 175 214
24 8 30 196 175 214
24 8 31 196 175 214
24 8 33 196 175 214
24 8 34 196 175 214
24 8 35 158 216 229
24 8 36 158 216 229
24 9 18 204 204 91
24 9 19 204 204 91
24 9 21 30 119 181
24 9 22 30 119 181
24 9 23 30 119 181
24 9 24 30 119 181
24 9 25 30 119 181
24 9 26 30 119 181
24 9 27 196 175 214
24 9 28 196 175 214
24 9 29 196 175 214
24 9 30 196 175 214
24 9 31 196 175 214
24 9 33 196 175 214
24 9 34 196 175 214
24 9 35 158 216 229
24 9 36 158 216 229
24 10 35 158 216 229
24 10 36 158 216 229
24 11 35 158 216 229
24 11 36 158 216 229
24 12 35 158 216 229
24 12 36 158 216 229
24 13 35 158 216 229
24 13 36 114 158 206
24 14 34 114 158 206
24 14 35 114 158 206
24 14 36 114 158 206
24 14 37 114 158 206
24 15 34 114 158 206
24 15 35 114 158 206
24 15 36 114 158 206
24 15 37 114 158 206
24 16 34 114 158 206
24 16 35 114 158 206
24 16 36 114 158 206
24 16 37 114 158 206
24 17 34 114 158 206
24 17 35 114 158 206
24 17 36 114 158 206
24 17 37 114 158 206
24 18 34 114 158 206
24 18 35 114 158 206
24 18 36 114 158 206
24 18 37 114 158 206
24 19 34 114 158 206
24 19 35 114 158 206
24 19 36 114 158 206
24 19 37 114 158 206
24 20 34 114 158 206
24 20 35 114 158 206
24 20 36 114 158 206
24 20 37 114 158 206
24 21 34 114 158 206
24 21 35 114 158 206
24 21 36 114 158 206
24 21 37 114 158 206
24 22 34 114 158 206
24 22 35 114 158 206
24 22 36 114 158 206
24 22 37 114 158 206
24 23 34 114 158 206
24 23 35 114 158 206
24 23 36 114 158 206
24 23 37 114 158 206
24 24 34 114 158 206
24 24 35 114 158 206
24 24 36 114 158 206
24 24 37 114 158 206
24 25 34 114 158 206
24 25 35 114 158 206
24 25 36 114 158 206
24 25 37 114 158 206
24 26 34 114 158 206
24 26 35 114 158 206
24 26 36 114 158 206
24 26 37 114 158 206
24 27 34 114 158 206
24 27 35 114 158 206
24 27 36 114 158 206
24 27 37 114 158 206
24 28 34 114 158 206
24 28 35 114 158 206
24 28 36 114 158 206
24 28 37 114 158 206
24 29 34 114 158 206
24 29 35 114 158 206
24 29 36 114 158 206
24 29 37 114 158 206
24 30 35 158 216 229
24 30 36 158 216 229
24 31 35 158 216 229
24 31 36 158 216 229
24 32 35 158 216 229
24 32 36 158 216 229
24 33 0 214 38 40
24 33 1 214 38 40
24 33 2 214 38 40
24 33 3 214 38 40
24 33 4 214 38 40
24 33 5 214 38 40
24 33 6 214 38 40
24 33 7 214 38 40
24 33 8 214 38 40
24 33 9 214 38 40
24 33 10 214 38 40
24 33 11 214 38 40
24 33 12 214 38 40
24 33 13 214 38 40
24 33 14 214 38 40
24 33 15 214 38 40
24 33 16 214 38 40
24 33 17 214 38 40
24 33 18 214 38 40
24 33 19 214 38 40
24 33 20 214 38 40
24 33 21 214 38 40
24 33 22 214 38 40
24 33 23 214 38 40
24 33 24 214 38 40
24 33 25 214 38 40
24 33 26 214 38 40
24 33 27 214 38 40
24 33 28 214 38 40
24 33 29 214 38 40
24 33 30 214 38 40
24 33 31 214 38 40
24 33 32 214 38 40
24 33 33 214 38 40
24 33 34 214 38 40
24 33 35 158 216 229
24 33 36 158 216 229
24 34 0 214 38 40
24 34 1 214 38 40
24 34 2 214 38 40
24 34 3 214 38 40
24 34 4 214 38 40
24 34 5 214 38 40
24 34 6 214 38 40
24 34 7 214 38 40
24 34 8 214 38 40
24 34 9 214 38 40
24 34 10 214 38 40
24 34 11 214 38 40
24 34 12 214 38 40
24 34 13 214 38 40
24 34 14 214 38 40
24 34 15 214 38 40
24 34 16 214 38 40
24 34 17 214 38 40
24 34 18 214 38 40
24 34 19 214 38 40
24 34 20 214 38 40
24 34 21 214 38 40
24 34 22 214 38 40
24 34 23 214 38 40
24 34 24 214 38 40
24 34 25 214 38 40
24 34 26 214 38 40
24 34 27 214 38 40
24 34 28 214 38 40
24 34 29 214 38 40
24 34 30 214 38 40
24 34 31 214 38 40
24 34 32 214 38 40
24 34 33 214 38 40
24 34 34 214 38 40
24 34 35 214 38 40
25 0 0 43 160 4
25 0 1 43 160 4
25 0 2 43 160 4
25 0 3 43 160 4
25 0 4 43 160 4
25 0 5 43 160 4
25 0 6 43 160 4
25 0 7 43 160 4
25 0 8 43 160 4
25 0 9 43 160 4
25 0 10 43 160 4
25 0 11 43 160 4
25 0 12 43 160 4
25 0 13 43 160 4
25 0 14 43 160 4
25 0 15 43 160 4
25 0 16 43 160 4
25 0 17 43 160 4
25 0 18 43 160 4
25 0 19 43 160 4
25 0 20 43 160 4
25 0 21 43 160 4
25 0 22 43 160 4
25 0 23 43 160 4
25 0 24 30 119 181
25 0 25 30 119 181
25 0 26 255 186 119
25 0 27 255 186 119
25 0 28 255 186 119
25 0 29 255 186 119
25 0 30 255 186 119
25 0 31 255 186 119
25 0 32 255 186 119
25 0 33 255 186 119
25 0 34 255 186 119
25 0 35 255 186 119
25 0 36 43 160 4
25 1 23 30 119 181
25 1 24 30 119 181
25 1 25 30 119 181
25 1 26 255 186 119
25 1 27 255 186 119
25 1 28 255 186 119
25 1 29 255 186 119
25 1 30 255 186 119
25 1 31 255 186 119
25 1 32 255 186 119
25 1 33 255 186 119
25 1 34 255 186 119
25 1 35 255 186 119
25 1 36 158 216 229
25 1 37 158 216 229
25 2 23 30 119 181
25 2 24 30 119 181
25 2 25 30 119 181
25 2 26 255 186 119
25 2 27 255 186 119
25 2 28 255 186 119
25 2 29 255 186 119
25 2 30 255 186 119
25 2 31 255 186 119
25 2 32 255 186 119
25 2 33 255 186 119
25 2 34 255 186 119
25 2 35 255 186 119
25 2 36 158 216 229
25 2 37 158 216 229
25 3 23 30 119 181
25 3 24 30 119 181
25 3 25 30 119 181
25 3 26 255 186 119
25 3 27 255 186 119
25 3 28 255 186 119
25 3 29 255 186 119
25 3 30 255 186 119
25 3 31 255 186 119
25 3 32 255 186 119
25 3 33 255 186 119
25 3 34 255 186 119
25 3 35 255 186 119
25 3 36 158 216 229
25 3 37 158 216 229
25 4 23 30 119 181
25 4 24 30 119 181
25 4 25 30 119 181
25 4 26 255 186 119
25 4 27 255 186 119
25 4 28 255 186 119
25 4 29 255 186 119
25 4 30 255 186 119
25 4 31 255 186 119
25 4 32 255 186 119
25 4 33 255 186 119
25 4 34 255 186 119
25 4 35 255 186 119
25 4 36 158 216 229
25 4 37 158 216 229
25 5 23 30 119 181
25 5 24 30 119 181
25 5 25 30 119 181
25 5 26 255 186 119
25 5 27 255 186 119
25 5 28 255 186 119
25 5 29 255 186 119
25 5 30 255 186 119
25 5 31 255 186 119
25 5 32 255 186 119
25 5 33 255 186 119
25 5 34 255 186 119
25 5 35 255 186 119
25 5 36 158 216 229
25 5 37 158 216 229
25 6 23 30 119 181
25 6 24 30 119 181
25 6 25 30 119 181
25 6 26 255 186 119
25 6 27 255 186 119
25 6 28 255 186 119
25 6 29 255 186 119
25 6 30 255 186 119
25 6 31 255 186 119
25 6 32 255 186 119
25 6 33 255 186 119
25 6 34 255 186 119
25 6 35 255 186 119
25 6 36 158 216 229
25 6 37 158 216 229
25 7 23 30 119 181
25 7 24 30 119 181
25 7 25 30 119 181
25 7 26 255 186 119
25 7 27 255 186 119
25 7 28 255 186 119
25 7 29 255 186 119
25 7 30 255 186 119
25 7 31 255 186 119
25 7 32 255 186 119
25 7 33 255 186 119
25 7 34 255 186 119
25 7 35 255 186 119
25 7 36 158 216 229
25 7 37 158 216 229
25 8 22 30 119 181
25 8 23 30 119 181
25 8 24 30 119 181
25 8 25 30 119 181
25 8 26 196 175 214
25 8 27 196 175 214
25 8 28 196 175 214
25 8 29 196 175 214
25 8 30 196 175 214
25 8 32 196 175 214
25 8 33 196 175 214
25 8 34 196 175 214
25 8 35 196 175 214
25 8 36 158 216 229
25 8 37 158 216 229
25 9 22 30 119 181
25 9 23 30 119 181
25 9 24 30 119 181
25 9 25 30 119 181
25 9 26 196 175 214
25 9 27 196 175 214
25 9 28 196 175 214
25 9 29 196 175 214
25 9 30 196 175 214
25 9 32 196 175 214
25 9 33 196 175 214
25 9 34 196 175 214
25 9 35 196 175 214
25 9 36 158 216 229
25 9 37 158 216 229
25 10 36 158 216 229
25 10 37 158 216 229
25 11 36 158 216 229
25 11 37 158 216 229
25 12 36 158 216 229
25 12 37 158 216 229
25 13 35 114 158 206
25 13 36 158 216 229
25 13 37 114 158 206
25 14 35 114 158 206
25 14 36 114 158 206
25 14 37 114 158 206
25 15 35 114 158 206
25 15 36 114 158 206
25 15 37 114 158 206
25 16 35 114 158 206
25 16 36 114 158 206
25 16 37 114 158 206
25 17 35 114 158 206
25 17 36 114 158 206
25 17 37 114 158 206
25 18 35 114 158 206
25 18 36 114 158 206
25 18 37 114 158 206
25 19 35 114 158 206
25 19 36 114 158 206
25 19 37 114 158 206
25 20 35 114 158 206
25 20 36 114 158 206
25 20 37 114 158 206
25 21 35 114 158 206
25 21 36 114 158 206
25 21 37 114 158 206
25 22 35 114 158 206
25 22 36 114 158 206
25 22 37 114 158 206
25 23 35 114 158 206
25 23 36 114 158 206
25 23 37 114 158 206
25 24 35 114 158 206
25 24 36 114 158 206
25 24 37 114 158 206
25 25 35 114 158 206
25 25 36 114 158 206
25 25 37 114 158 206
25 26 35 114 158 206
25 26 36 114 158 206
25 26 37 114 158 206
25 27 35 114 158 206
25 27 36 114 158 206
25 27 37 114 158 206
25 28 35 114 158 206
25 28 36 114 158 206
25 28 37 114 158 206
25 29 35 114 158 206
25 29 36 114 158 206
25 29 37 114 158 206
25 30 36 158 216 229
25 30 37 158 216 229
25 31 36 158 216 229
25 31 37 158 216 229
25 32 36 158 216 229
25 32 37 158 216 229
25 33 0 214 38 40
25 33 1 214 38 40
25 33 2 214 38 40
25 33 3 214 38 40
25 33 4 214 38 40
25 33 5 214 38 40
25 33 6 214 38 40
25 33 7 214 38 40
25 33 8 214 38 40
25 33 9 214 38 40
25 33 10 214 38 40
25 33 11 214 38 40
25 33 12 214 38 40
25 33 13 214 38 40
25 33 14 214 38 40
25 33 15 214 38 40
25 33 16 214 38 40
25 33 17 214 38 40
25 33 18 214 38 40
25 33 19 214 38 40
25 33 20 214 38 40
25 33 21 214 38 40
25 33 22 214 38 40
25 33 23 214 38 40
25 33 24 214 38 40
25 33 25 214 38 40
25 33 26 214 38 40
25 33 27 214 38 40
25 33 28 214 38 40
25 33 29 214 38 40
25 33 30 214 38 40
25 33 31 214 38 40
25 33 32 214 38 40
25 33 33 214 38 40
25 33 34 214 38 40
25 33 35 214 38 40
25 33 36 158 216 229
25 33 37 158 216 229
25 34 0 214 38 40
25 34 1 214 38 40
25 34 2 214 38 40
25 34 3 214 38 40
25 34 4 214 38 40
25 34 5 214 38 40
25 34 6 214 38 40
25 34 7 214 38 40
25 34 8 214 38 40
25 34 9 214 38 40
25 34 10 214 38 40
25 34 11 214 38 40
25 34 12 214 38 40
25 34 13 214 38 40
25 34 14 214 38 40
25 34 15 214 38 40
25 34 16 214 38 40
25 34 17 214 38 40
25 34 18 214 38 40
25 34 19 214 38 40
25 34 20 214 38 40
25 34 21 214 38 40
25 34 22 214 38 40
25 34 23 214 38 40
25 34 24 214 38 40
25 34 25 214 38 40
25 34 26 214 38 40
25 34 27 214 38 40
25 34 28 214 38 40
25 34 29 214 38 40
25 34 30 214 38 40
25 34 31 214 38 40
25 34 32 214 38 40
25 34 33 214 38 40
25 34 34 214 38 40
25 34 35 214 38 40
25 34 36 214 38 40
26 0 0 43 160 4
26 0 1 43 160 4
26 0 2 43 160 4
26 0 3 43 160 4
26 0 4 43 160 4
26 0 5 43 160 4
26 0 6 43 160 4
26 0 7 43 160 4
26 0 8 43 160 4
26 0 9 43 160 4
26 0 10 43 160 4
26 0 11 43 160 4
26 0 12 43 160 4
26 0 13 43 160 4
26 0 14 43 160 4
26 0 15 43 160 4
26 0 16 43 160 4
26 0 17 43 160 4
26 0 18 43 160 4
26 0 19 43 160 4
26 0 20 43 160 4
26 0 21 43 160 4
26 0 22 43 160 4
26 0 23 43 160 4
26 0 24 30 119 181
26 0 25 255 186 119
26 0 26 255 186 119
26 0 27 255 186 119
26 0 28 255 186 119
26 0 29 255 186 119
26 0 30 255 186 119
26 0 31 255 186 119
26 0 32 255 186 119
26 0 33 255 186 119
26 0 34 255 186 119
26 0 35 255 186 119
26 0 36 43 160 4
26 0 37 43 160 4
26 1 23 30 119 181
26 1 24 30 119 181
26 1 25 255 186 119
26 1 26 255 186 119
26 1 27 255 186 119
26 1 28 255 186 119
26 1 29 255 186 119
26 1 30 255 186 119
26 1 31 255 186 119
26 1 32 255 186 119
26 1 33 255 186 119
26 1 34 255 186 119
26 1 35 255 186 119
26 1 36 255 186 119
26 1 37 158 216 229
26 1 38 158 216 229
26 2 23 30 119 181
26 2 24 30 119 181
26 2 25 255 186 119
26 2 26 255 186 119
26 2 27 255 186 119
26 2 28 255 186 119
26 2 29 255 186 119
26 2 30 255 186 119
26 2 31 255 186 119
26 2 32 255 186 119
26 2 33 255 186 119
26 2 34 255 186 119
26 2 35 255 186 119
26 2 36 255 186 119
26 2 37 158 216 229
26 2 38 158 216 229
26 3 23 30 119 181
26 3 24 30 119 181
26 3 25 255 186 119
26 3 26 255 186 119
26 3 27 255 186 119
26 3 28 255 186 119
26 3 29 255 186 119
26 3 30 255 186 119
26 3 31 255 186 119
26 3 32 255 186 119
26 3 33 255 186 119
26 3 34 255 186 119
26 3 35 255 186 119
26 3 36 255 186 119
26 3 37 158 216 229
26 3 38 158 216 229
26 4 23 30 119 181
26 4 24 30 119 181
26 4 25 255 186 119
26 4 26 255 186 119
26 4 27 255 186 119
26 4 28 255 186 119
26 4 29 255 186 119
26 4 30 255 186 119
26 4 31 255 186 119
26 4 32 255 186 119
26 4 33 255 186 119
26 4 34 255 186 119
26 4 35 255 186 119
26 4 36 255 186 119
26 4 37 158 216 229
26 4 38 158 216 229
26 5 23 30 119 181
26 5 24 30 119 181
26 5 25 255 186 119
26 5 26 255 186 119
26 5 27 255 186 119
26 5 28 255 186 119
26 5 29 255 186 119
26 5 30 255 186 119
26 5 31 255 186 119
26 5 32 255 186 119
26 5 33 255 186 119
26 5 34 255 186 119
26 5 35 255 186 119
26 5 36 255 186 119
26 5 37 158 216 229
26 5 38 158 216 229
26 6 23 30 119 181
26 6 24 30 119 181
26 6 25 255 186 119
26 6 26 255 186 119
26 6 27 255 186 119
26 6 28 255 186 119
26 6 29 255 186 119
26 6 30 255 186 119
26 6 31 255 186 119
26 6 32 255 186 119
26 6 33 255 186 119
26 6 34 255 186 119
26 6 35 255 186 119
26 6 36 255 186 119
26 6 37 158 216 229
26 6 38 158 216 229
26 7 23 30 119 181
26 7 24 30 119 181
26 7 25 255 186 119
26 7 26 255 186 119
26 7 27 255 186 119
26 7 28 255 186 119
26 7 29 255 186 119
26 7 30 255 186 119
26 7 31 255 186 119
26 7 32 255 186 119
26 7 33 255 186 119
26 7 34 255 186 119
26 7 35 255 186 119
26 7 36 255 186 119
26 7 37 158 216 229
26 7 38 158 216 229
26 8 23 30 119 181
26 8 24 30 119 181
26 8 26 196 175 214
26 8 27 196 175 214
26 8 28 196 175 214
26 8 29 196 175 214
26 8 31 196 175 214
26 8 32 196 175 214
26 8 33 196 175 214
26 8 34 196 175 214
26 8 35 196 175 214
26 8 36 196 175 214
26 8 37 158 216 229
26 8 38 158 216 229
26 9 23 30 119 181
26 9 24 30 119 181
26 9 26 196 175 214
26 9 27 196 175 214
26 9 28 196 175 214
26 9 29 196 175 214
26 9 31 196 175 214
26 9 32 196 175 214
26 9 33 196 175 214
26 9 34 196 175 214
26 9 35 196 175 214
26 9 36 196 175 214
26 9 37 158 216 229
26 9 38 158 216 229
26 10 35 196 175 214
26 10 37 158 216 229
26 10 38 158 216 229
26 11 37 158 216 229
26 11 38 158 216 229
26 12 37 158 216 229
26 12 38 158 216 229
26 13 36 114 158 206
26 13 37 158 216 229
26 13 38 114 158 206
26 14 36 114 158 206
26 14 37 114 158 206
26 14 38 114 158 206
26 15 36 114 158 206
26 15 37 114 158 206
26 15 38 114 158 206
26 16 36 114 158 206
26 16 37 114 158 206
26 16 38 114 158 206
26 17 36 114 158 206
26 17 37 114 158 206
26 17 38 114 158 206
26 18 36 114 158 206
26 18 37 114 158 206
26 18 38 114 158 206
26 19 36 114 158 206
26 19 37 114 158 206
26 19 38 114 158 206
26 20 36 114 158 206
26 20 37 114 158 206
26 20 38 114 158 206
26 21 36 114 158 206
26 21 37 114 158 206
26 21 38 114 158 206
26 22 36 114 158 206
26 22 37 114 158 206
26 22 38 114 158 206
26 23 36 114 158 206
26 23 37 114 158 206
26 23 38 114 158 206
26 24 36 114 158 206
26 24 37 114 158 206
26 24 38 114 158 206
26 25 36 114 158 206
26 25 37 114 158 206
26 25 38 114 158 206
26 26 36 114 158 206
26 26 37 114 158 206
26 26 38 114 158 206
26 27 36 114 158 206
26 27 37 114 158 206
26 27 38 114 158 206
26 28 36 114 158 206
26 28 37 114 158 206
26 28 38 114 158 206
26 29 36 114 158 206
26 29 37 114 158 206
26 29 38 114 158 206
26 30 37 158 216 229
26 30 38 158 216 229
26 31 37 158 216 229
26 31 38 158 216 229
26 32 37 158 216 229
26 32 38 158 216 229
26 33 0 214 38 40
26 33 1 214 38 40
26 33 2 214 38 40
26 33 3 214 38 40
26 33 4 214 38 40
26 33 5 214 38 40
26 33 6 214 38 40
26 33 7 214 38 40
26 33 8 214 38 40
26 33 9 214 38 40
26 33 10 214 38 40
26 33 11 214 38 40
26 33 12 214 38 40
26 33 13 214 38 40
26 33 14 214 38 40
26 33 15 214 38 40
26 33 16 214 38 40
26 33 17 214 38 40
26 33 18 214 38 40
26 33 19 214 38 40
26 33 20 214 38 40
26 33 21 214 38 40
26 33 22 214 38 40
26 33 23 214 38 40
26 33 24 214 38 40
26 33 25 214 38 40
26 33 26 214 38 40
26 33 27 214 38 40
26 33 28 214 38 40
26 33 29 214 38 40
26 33 30 214 38 40
26 33 31 214 38 40
26 33 32 214 38 40
26 33 33 214 38 40
26 33 34 214 38 40
26 33 35 214 38 40
26 33 36 214 38 40
26 33 37 158 216 229
26 33 38 158 216 229
26 34 0 214 38 40
26 34 1 214 38 40
26 34 2 214 38 40
26 34 3 214 38 40
26 34 4 214 38 40
26 34 5 214 38 40
26 34 6 214 38 40
26 34 7 214 38 40
26 34 8 214 38 40
26 34 9 214 38 40
26 34 10 214 38 40
26 34 11 214 38 40
26 34 12 214 38 40
26 34 13 214 38 40
26 34 14 214 38 40
26 34 15 214 38 40
26 34 16 214 38 40
26 34 17 214 38 40
26 34 18 214 38 40
26 34 19 214 38 40
26 34 20 214 38 40
26 34 21 214 38 40
26 34 22 214 38 40
26 34 23 214 38 40
26 34 24 214 38 40
26 34 25 214 38 40
26 34 26 214 38 40
26 34 27 214 38 40
26 34 28 214 38 40
26 34 29 214 38 40
26 34 30 214 38 40
26 34 31 214 38 40
26 34 32 214 38 40
26 34 33 214 38 40
26 34 34 214 38 40
26 34 35 214 38 40
26 34 36 214 38 40
26 34 37 214 38 40
27 0 0 43 160 4
27 0 1 43 160 4
27 0 2 43 160 4
27 0 3 43 160 4
27 0 4 43 160 4
27 0 5 43 160 4
27 0 6 43 160 4
27 0 7 43 160 4
27 0 8 43 160 4
27 0 9 43 160 4
27 0 10 43 160 4
27 0 11 43 160 4
27 0 12 43 160 4
27 0 13 43 160 4
27 0 14 43 160 4
27 0 15 43 160 4
27 0 16 43 160 4
27 0 17 43 160 4
27 0 18 43 160 4
27 0 19 43 160 4
27 0 20 43 160 4
27 0 21 43 160 4
27 0 22 43 160 4
27 0 23 255 186 119
27 0 24 255 186 119
27 0 25 255 186 119
27 0 26 255 186 119
27 0 27 255 186 119
27 0 28 255 186 119
27 0 29 255 186 119
27 0 30 255 186 119
27 0 31 255 186 119
27 0 32 255 186 119
27 0 33 255 186 119
27 0 34 255 186 119
27 0 35 255 186 119
27 0 36 255 186 119
27 0 37 43 160 4
27 0 38 43 160 4
27 1 22 255 186 119
27 1 23 255 186 119
27 1 24 255 186 119
27 1 25 255 186 119
27 1 26 255 186 119
27 1 27 255 186 119
27 1 28 255 186 119
27 1 29 255 186 119
27 1 30 255 186 119
27 1 31 255 186 119
27 1 32 255 186 119
27 1 33 255 186 119
27 1 34 255 186 119
27 1 35 255 186 119
27 1 36 255 186 119
27 1 37 255 186 119
27 1 38 158 216 229
27 2 22 255 186 119
27 2 23 255 186 119
27 2 24 255 186 119
27 2 25 255 186 119
27 2 26 255 186 119
27 2 27 255 186 119
27 2 28 255 186 119
27 2 29 255 186 119
27 2 30 255 186 119
27 2 31 255 186 119
27 2 32 255 186 119
27 2 33 255 186 119
27 2 34 255 186 119
27 2 35 255 186 119
27 2 36 255 186 119
27 2 37 255 186 119
27 2 38 158 216 229
27 3 22 255 186 119
27 3 23 255 186 119
27 3 24 255 186 119
27 3 25 255 186 119
27 3 26 255 186 119
27 3 27 255 186 119
27 3 28 255 186 119
27 3 29 255 186 119
27 3 30 255 186 119
27 3 31 255 186 119
27 3 32 255 186 119
27 3 33 255 186 119
27 3 34 255 186 119
27 3 35 255 186 119
27 3 36 255 186 119
27 3 37 255 186 119
27 3 38 158 216 229
27 4 22 255 186 119
27 4 23 255 186 119
27 4 24 255 186 119
27 4 25 255 186 119
27 4 26 255 186 119
27 4 27 255 186 119
27 4 28 255 186 119
27 4 29 255 186 119
27 4 30 255 186 119
27 4 31 255 186 119
27 4 32 255 186 119
27 4 33 255 186 119
27 4 34 255 186 119
27 4 35 255 186 119
27 4 36 255 186 119
27 4 37 255 186 119
27 4 38 158 216 229
27 5 22 255 186 119
27 5 23 255 186 119
27 5 24 255 186 119
27 5 25 255 186 119
27 5 26 255 186 119
27 5 27 255 186 119
27 5 28 255 186 119
27 5 29 255 186 119
27 5 30 255 186 119
27 5 31 255 186 119
27 5 32 255 186 119
27 5 33 255 186 119
27 5 34 255 186 119
27 5 35 255 186 119
27 5 36 255 186 119
27 5 37 255 186 119
27 5 38 158 216 229
27 6 22 255 186 119
27 6 23 255 186 119
27 6 24 255 186 119
27 6 25 255 186 119
27 6 26 255 186 119
27 6 27 255 186 119
27 6 28 255 186 119
27 6 29 255 186 119
27 6 30 255 186 119
27 6 31 255 186 119
27 6 32 255 186 119
27 6 33 255 186 119
27 6 34 255 186 119
27 6 35 255 186 119
27 6 36 255 186 119
27 6 37 255 186 119
27 6 38 158 216 229
27 7 22 255 186 119
27 7 23 255 186 119
27 7 24 255 186 119
27 7 25 255 186 119
27 7 26 255 186 119
27 7 27 255 186 119
27 7 28 255 186 119
27 7 29 255 186 119
27 7 30 255 186 119
27 7 31 255 186 119
27 7 32 255 186 119
27 7 33 255 186 119
27 7 34 255 186 119
27 7 35 255 186 119
27 7 36 255 186 119
27 7 37 255 186 119
27 7 38 158 216 229
27 8 27 196 175 214
27 8 28 196 175 214
27 8 31 196 175 214
27 8 32 196 175 214
27 8 33 196 175 214
27 8 34 196 175 214
27 8 35 196 175 214
27 8 36 196 175 214
27 8 37 158 216 229
27 8 38 158 216 229
27 9 27 196 175 214
27 9 28 196 175 214
27 9 31 196 175 214
27 9 32 196 175 214
27 9 33 196 175 214
27 9 34 196 175 214
27 9 35 196 175 214
27 9 36 196 175 214
27 9 37 158 216 229
27 9 38 158 216 229
27 10 34 196 175 214
27 10 35 196 175 214
27 10 36 196 175 214
27 10 37 158 216 229
27 10 38 158 216 229
27 11 37 158 216 229
27 11 38 158 216 229
27 12 37 158 216 229
27 12 38 158 216 229
27 13 37 114 158 206
27 13 38 158 216 229
27 13 39 114 158 206
27 14 37 114 158 206
27 14 38 114 158 206
27 14 39 114 158 206
27 15 37 114 158 206
27 15 38 114 158 206
27 15 39 114 158 206
27 16 37 114 158 206
27 16 38 114 158 206
27 16 39 114 158 206
27 17 37 114 158 206
27 17 38 114 158 206
27 17 39 114 158 206
27 18 37 114 158 206
27 18 38 114 158 206
27 18 39 114 158 206
27 19 37 114 158 206
27 19 38 114 158 206
27 19 39 114 158 206
27 20 37 114 158 206
27 20 38 114 158 206
27 20 39 114 158 206
27 21 37 114 158 206
27 21 38 114 158 206
27 21 39 114 158 206
27 22 37 114 158 206
27 22 38 114 158 206
27 22 39 114 158 206
27 23 37 114 158 206
27 23 38 114 158 206
27 23 39 114 158 206
27 24 37 114 158 206
27 24 38 114 158 206
27 24 39 114 158 206
27 25 37 114 158 206
27 25 38 114 158 206
27 25 39 114 158 206
27 26 37 114 158 206
27 26 38 114 158 206
27 26 39 114 158 206
27 27 37 114 158 206
27 27 38 114 158 206
27 27 39 114 158 206
27 28 37 114 158 206
27 28 38 114 158 206
27 28 39 114 158 206
27 29 37 114 158 206
27 29 38 114 158 206
27 29 39 114 158 206
27 30 37 158 216 229
27 30 38 158 216 229
27 31 37 158 216 229
27 31 38 158 216 229
27 32 37 158 216 229
27 32 38 158 216 229
27 33 0 214 38 40
27 33 1 214 38 40
27 33 2 214 38 40
27 33 3 214 38 40
27 33 4 214 38 40
27 33 5 214 38 40
27 33 6 214 38 40
27 33 7 214 38 40
27 33 8 214 38 40
27 33 9 214 38 40
27 33 10 214 38 40
27 33 11 214 38 40
27 33 12 214 38 40
27 33 13 214 38 40
27 33 14 214 38 40
27 33 15 214 38 40
27 33 16 214 38 40
27 33 17 214 38 40
27 33 18 214 38 40
27 33 19 214 38 40
27 33 20 214 38 40
27 33 21 214 38 40
27 33 22 214 38 40
27 33 23 214 38 40
27 33 24 214 38 40
27 33 25 214 38 40
27 33 26 214 38 40
27 33 27 214 38 40
27 33 28 214 38 40
27 33 29 214 38 40
27 33 30 214 38 40
27 33 31 214 38 40
27 33 32 214 38 40
27 33 33 214 38 40
27 33 34 214 38 40
27 33 35 214 38 40
27 33 36 214 38 40
27 33 37 214 38 40
27 33 38 158 216 229
27 34 0 214 38 40
27 34 1 214 38 40
27 34 2 214 38 40
27 34 3 214 38 40
27 34 4 214 38 40
27 34 5 214 38 40
27 34 6 214 38 40
27 34 7 214 38 40
27 34 8 214 38 40
27 34 9 214 38 40
27 34 10 214 38 40
27 34 11 214 38 40
27 34 12 214 38 40
27 34 13 214 38 40
27 34 14 214 38 40
27 34 15 214 38 40
27 34 16 214 38 40
27 34 17 214 38 40
27 34 18 214 38 40
27 34 19 214 38 40
27 34 20 214 38 40
27 34 21 214 38 40
27 34 22 214 38 40
27 34 23 214 38 40
27 34 24 214 38 40
27 34 25 214 38 40
27 34 26 214 38 40
27 34 27 214 38 40
27 34 28 214 38 40
27 34 29 214 38 40
27 34 30 214 38 40
27 34 31 214 38 40
27 34 32 214 38 40
27 34 33 214 38 40
27 34 34 214 38 40
27 34 35 214 38 40
27 34 36 214 38 40
27 34 37 214 38 40
27 34 38 214 38 40
28 0 0 43 160 4
28 0 1 43 160 4
28 0 2 43 160 4
28 0 3 43 160 4
28 0 4 43 160 4
28 0 5 43 160 4
28 0 6 43 160 4
28 0 7 43 160 4
28 0 8 43 160 4
28 0 9 43 160 4
28 0 10 43 160 4
28 0 11 43 160 4
28 0 12 43 160 4
28 0 13 43 160 4
28 0 14 43 160 4
28 0 15 43 160 4
28 0 16 43 160 4
28 0 17 43 160 4
28 0 18 43 160 4
28 0 19 43 160 4
28 0 20 43 160 4
28 0 21 43 160 4
28 0 22 255 186 119
28 0 23 255 186 119
28 0 24 255 186 119
28 0 25 255 186 119
28 0 26 255 186 119
28 0 27 255 186 119
28 0 28 255 186 119
28 0 29 255 186 119
28 0 30 255 186 119
28 0 31 255 186 119
28 0 32 255 186 119
28 0 33 255 186 119
28 0 34 255 186 119
28 0 35 255 186 119
28 0 36 255 186 119
28 0 37 255 186 119
28 0 38 43 160 4
28 0 39 158 216 229
28 1 21 255 186 119
28 1 22 255 186 119
28 1 23 255 186 119
28 1 24 255 186 119
28 1 25 255 186 119
28 1 26 255 186 119
28 1 27 255 186 119
28 1 28 255 186 119
28 1 29 255 186 119
28 1 30 255 186 119
28 1 31 255 186 119
28 1 32 255 186 119
28 1 33 255 186 119
28 1 34 255 186 119
28 1 35 255 186 119
28 1 36 255 186 119
28 1 37 255 186 119
28 1 38 158 216 229
28 1 39 158 216 229
28 2 21 255 186 119
28 2 22 255 186 119
28 2 23 255 186 119
28 2 24 255 186 119
28 2 25 255 186 119
28 2 26 255 186 119
28 2 27 255 186 119
28 2 28 255 186 119
28 2 29 255 186 119
28 2 30 255 186 119
28 2 31 255 186 119
28 2 32 255 186 119
28 2 33 255 186 119
28 2 34 255 186 119
28 2 35 255 186 119
28 2 36 255 186 119
28 2 37 255 186 119
28 2 38 158 216 229
28 2 39 158 216 229
28 3 21 255 186 119
28 3 22 255 186 119
28 3 23 255 186 119
28 3 24 255 186 119
28 3 25 255 186 119
28 3 26 255 186 119
28 3 27 255 186 119
28 3 28 255 186 119
28 3 29 255 186 119
28 3 30 255 186 119
28 3 31 255 186 119
28 3 32 255 186 119
28 3 33 255 186 119
28 3 34 255 186 119
28 3 35 255 186 119
28 3 36 255 186 119
28 3 37 255 186 119
28 3 38 158 216 229
28 3 39 158 216 229
28 4 21 255 186 119
28 4 22 255 186 119
28 4 23 255 186 119
28 4 24 255 186 119
28 4 25 255 186 119
28 4 26 255 186 119
28 4 27 255 186 119
28 4 28 255 186 119
28 4 29 255 186 119
28 4 30 255 186 119
28 4 31 255 186 119
28 4 32 255 186 119
28 4 33 255 186 119
28 4 34 255 186 119
28 4 35 255 186 119
28 4 36 255 186 119
28 4 37 255 186 119
28 4 38 158 216 229
28 4 39 158 216 229
28 5 21 255 186 119
28 5 22 255 186 119
28 5 23 255 186 119
28 5 24 255 186 119
28 5 25 255 186 119
28 5 26 255 186 119
28 5 27 255 186 119
28 5 28 255 186 119
28 5 29 255 186 119
28 5 30 255 186 119
28 5 31 255 186 119
28 5 32 255 186 119
28 5 33 255 186 119
28 5 34 255 186 119
28 5 35 255 186 119
28 5 36 255 186 119
28 5 37 255 186 119
28 5 38 158 216 229
28 5 39 158 216 229
28 6 21 255 186 119
28 6 22 255 186 119
28 6 23 255 186 119
28 6 24 255 186 119
28 6 25 255 186 119
28 6 26 255 186 119
28 6 27 255 186 119
28 6 28 255 186 119
28 6 29 255 186 119
28 6 30 255 186 119
28 6 31 255 186 119
28 6 32 255 186 119
28 6 33 255 186 119
28 6 34 255 186 119
28 6 35 255 186 119
28 6 36 255 186 119
28 6 37 255 186 119
28 6 38 158 216 229
28 6 39 158 216 229
28 7 21 255 186 119
28 7 22 255 186 119
28 7 23 255 186 119
28 7 24 255 186 119
28 7 25 255 186 119
28 7 26 255 186 119
28 7 27 255 186 119
28 7 28 255 186 119
28 7 29 255 186 119
28 7 30 255 186 119
28 7 31 255 186 119
28 7 32 255 186 119
28 7 33 255 186 119
28 7 34 255 186 119
28 7 35 255 186 119
28 7 36 255 186 119
28 7 37 255 186 119
28 7 38 158 216 229
28 7 39 158 216 229
28 8 31 196 175 214
28 8 32 196 175 214
28 8 33 196 175 214
28 8 34 196 175 214
28 8 35 196 175 214
28 8 36 196 175 214
28 8 37 196 175 214
28 8 38 158 216 229
28 8 39 158 216 229
28 9 32 196 175 214
28 9 33 196 175 214
28 9 34 196 175 214
28 9 35 196 175 214
28 9 36 196 175 214
28 9 37 196 175 214
28 9 38 158 216 229
28 9 39 158 216 229
28 10 33 196 175 214
28 10 34 196 175 214
28 10 35 196 175 214
28 10 36 196 175 214
28 10 37 196 175 214
28 10 38 158 216 229
28 10 39 158 216 229
28 11 38 158 216 229
28 11 39 158 216 229
28 12 38 158 216 229
28 12 39 158 216 229
28 13 38 114 158 206
28 13 39 158 216 229
28 14 38 114 158 206
28 14 39 114 158 206
28 14 40 114 158 206
28 15 38 114 158 206
28 15 39 114 158 206
28 15 40 114 158 206
28 16 38 114 158 206
28 16 39 114 158 206
28 16 40 114 158 206
28 17 38 114 158 206
28 17 39 114 158 206
28 17 40 114 158 206
28 18 38 114 158 206
28 18 39 114 158 206
28 18 40 114 158 206
28 19 38 114 158 206
28 19 39 114 158 206
28 19 40 114 158 206
28 20 38 114 158 206
28 20 39 114 158 206
28 20 40 114 158 206
28 21 38 114 158 206
28 21 39 114 158 206
28 21 40 114 158 206
28 22 38 114 158 206
28 22 39 114 158 206
28 22 40 114 158 206
28 23 38 114 158 206
28 23 39 114 158 206
28 23 40 114 158 206
28 24 38 114 158 206
28 24 39 114 158 206
28 24 40 114 158 206
28 25 38 114 158 206
28 25 39 114 158 206
28 25 40 114 158 206
28 26 38 114 158 206
28 26 39 114 158 206
28 26 40 114 158 206
28 27 38 114 158 206
28 27 39 114 158 206
28 27 40 114 158 206
28 28 38 114 158 206
28 28 39 114 158 206
28 28 40 114 158 206
28 29 38 114 158 206
28 29 39 114 158 206
28 29 40 114 158 206
28 30 38 158 216 229
28 30 39 158 216 229
28 31 38 158 216 229
28 31 39 158 216 229
28 32 38 158 216 229
28 32 39 158 216 229
28 33 0 214 38 40
28 33 1 214 38 40
28 33 2 214 38 40
28 33 3 214 38 40
28 33 4 214 38 40
28 33 5 214 38 40
28 33 6 214 38 40
28 33 7 214 38 40
28 33 8 214 38 40
28 33 9 214 38 40
28 33 10 214 38 40
28 33 11 214 38 40
28 33 12 214 38 40
28 33 13 214 38 40
28 33 14 214 38 40
28 33 15 214 38 40
28 33 16 214 38 40
28 33 17 214 38 40
28 33 18 214 38 40
28 33 19 214 38 40
28 33 20 214 38 40
28 33 21 214 38 40
28 33 22 214 38 40
28 33 23 214 38 40
28 33 24 214 38 40
28 33 25 214 38 40
28 33 26 214 38 40
28 33 27 214 38 40
28 33 28 214 38 40
28 33 29 214 38 40
28 33 30 214 38 40
28 33 31 214 38 40
28 33 32 214 38 40
28 33 33 214 38 40
28 33 34 214 38 40
28 33 35 214 38 40
28 33 36 214 38 40
28 33 37 214 38 40
28 33 38 214 38 40
28 33 39 158 216 229
28 34 0 214 38 40
28 34 1 214 38 40
28 34 2 214 38 40
28 34 3 214 38 40
28 34 4 214 38 40
28 34 5 214 38 40
28 34 6 214 38 40
28 34 7 214 38 40
28 34 8 214 38 40
28 34 9 214 38 40
28 34 10 214 38 40
28 34 11 214 38 40
28 34 12 214 38 40
28 34 13 214 38 40
28 34 14 214 38 40
28 34 15 214 38 40
28 34 16 214 38 40
28 34 17 214 38 40
28 34 18 214 38 40
28 34 19 214 38 40
28 34 20 214 38 40
28 34 21 214 38 40
28 34 22 214 38 40
28 34 23 214 38 40
28 34 24 214 38 40
28 34 25 214 38 40
28 34 26 214 38 40
28 34 27 214 38 40
28 34 28 214 38 40
28 34 29 214 38 40
28 34 30 214 38 40
28 34 31 214 38 40
28 34 32 214 38 40
28 34 33 214 38 40
28 34 34 214 38 40
28 34 35 214 38 40
28 34 36 214 38 40
28 34 37 214 38 40
28 34 38 214 38 40
28 34 39 214 38 40
29 0 0 43 160 4
29 0 1 43 160 4
29 0 2 43 160 4
29 0 3 43 160 4
29 0 4 43 160 4
29 0 5 43 160 4
29 0 6 43 160 4
29 0 7 43 160 4
29 0 8 43 160 4
29 0 9 43 160 4
29 0 10 43 160 4
29 0 11 43 160 4
29 0 12 43 160 4
29 0 13 43 160 4
29 0 14 43 160 4
29 0 15 43 160 4
29 0 16 43 160 4
29 0 17 43 160 4
29 0 18 43 160 4
29 0 19 43 160 4
29 0 20 43 160 4
29 0 21 255 186 119
29 0 22 255 186 119
29 0 23 255 186 119
29 0 24 255 186 119
29 0 25 255 186 119
29 0 26 255 186 119
29 0 27 255 186 119
29 0 28 255 186 119
29 0 29 255 186 119
29 0 30 255 186 119
29 0 31 255 186 119
29 0 32 255 186 119
29 0 33 255 186 119
29 0 34 255 186 119
29 0 35 255 186 119
29 0 36 255 186 119
29 0 37 255 186 119
29 0 38 255 186 119
29 0 39 43 160 4
29 0 40 158 216 229
29 1 20 255 186 119
29 1 21 255 186 119
29 1 22 255 186 119
29 1 23 255 186 119
29 1 24 255 186 119
29 1 25 255 186 119
29 1 26 255 186 119
29 1 27 255 186 119
29 1 28 255 186 119
29 1 29 255 186 119
29 1 30 255 186 119
29 1 31 255 186 119
29 1 32 255 186 119
29 1 33 255 186 119
29 1 34 255 186 119
29 1 35 255 186 119
29 1 36 255 186 119
29 1 37 255 186 119
29 1 38 255 186 119
29 1 39 158 216 229
29 1 40 158 216 229
29 2 20 255 186 119
29 2 21 255 186 119
29 2 22 255 186 119
29 2 23 255 186 119
29 2 24 255 186 119
29 2 25 255 186 119
29 2 26 255 186 119
29 2 27 255 186 119
29 2 28 255 186 119
29 2 29 255 186 119
29 2 30 255 186 119
29 2 31 255 186 119
29 2 32 255 186 119
29 2 33 255 186 119
29 2 34 255 186 119
29 2 35 255 186 119
29 2 36 255 186 119
29 2 37 255 186 119
29 2 38 255 186 119
29 2 39 158 216 229
29 2 40 158 216 229
29 3 20 255 186 119
29 3 21 255 186 119
29 3 22 255 186 119
29 3 23 255 186 119
29 3 24 255 186 119
29 3 25 255 186 119
29 3 26 255 186 119
29 3 27 255 186 119
29 3 28 255 186 119
29 3 29 255 186 119
29 3 30 255 186 119
29 3 31 255 186 119
29 3 32 255 186 119
29 3 33 255 186 119
29 3 34 255 186 119
29 3 35 255 186 119
29 3 36 255 186 119
29 3 37 255 186 119
29 3 38 255 186 119
29 3 39 158 216 229
29 3 40 158 216 229
29 4 20 255 186 119
29 4 21 255 186 119
29 4 22 255 186 119
29 4 23 255 186 119
29 4 24 255 186 119
29 4 25 255 186 119
29 4 26 255 186 119
29 4 27 255 186 119
29 4 28 255 186 119
29 4 29 255 186 119
29 4 30 255 186 119
29 4 31 255 186 119
29 4 32 255 186 119
29 4 33 255 186 119
29 4 34 255 186 119
29 4 35 255 186 119
29 4 36 255 186 119
29 4 37 255 186 119
29 4 38 255 186 119
29 4 39 158 216 229
29 4 40 158 216 229
29 5 20 255 186 119
29 5 21 255 186 119
29 5 22 255 186 119
29 5 23 255 186 119
29 5 24 255 186 119
29 5 25 255 186 119
29 5 26 255 186 119
29 5 27 255 186 119
29 5 28 255 186 119
29 5 29 255 186 119
29 5 30 255 186 119
29 5 31 255 186 119
29 5 32 255 186 119
29 5 33 255 186 119
29 5 34 255 186 119
29 5 35 255 186 119
29 5 36 255 186 119
29 5 37 255 186 119
29 5 38 255 186 119
29 5 39 158 216 229
29 5 40 158 216 229
29 6 20 255 186 119
29 6 21 255 186 119
29 6 22 255 186 119
29 6 23 255 186 119
29 6 24 255 186 119
29 6 25 255 186 119
29 6 26 255 186 119
29 6 27 255 186 119
29 6 28 255 186 119
29 6 29 255 186 119
29 6 30 255 186 119
29 6 31 255 186 119
29 6 32 255 186 119
29 6 33 255 186 119
29 6 34 255 186 119
29 6 35 255 186 119
29 6 36 255 186 119
29 6 37 255 186 119
29 6 38 255 186 119
29 6 39 158 216 229
29 6 40 158 216 229
29 7 20 255 186 119
29 7 21 255 186 119
29 7 22 255 186 119
29 7 23 255 186 119
29 7 24 255 186 119
29 7 25 255 186 119
29 7 26 255 186 119
29 7 27 255 186 119
29 7 28 255 186 119
29 7 29 255 186 119
29 7 30 255 186 119
29 7 31 255 186 119
29 7 32 255 186 119
29 7 33 255 186 119
29 7 34 255 186 119
29 7 35 255 186 119
29 7 36 255 186 119
29 7 37 255 186 119
29 7 38 255 186 119
29 7 39 158 216 229
29 7 40 158 216 229
29 8 32 196 175 214
29 8 33 196 175 214
29 8 34 196 175 214
29 8 35 196 175 214
29 8 36 196 175 214
29 8 37 196 175 214
29 8 38 196 175 214
29 8 39 158 216 229
29 8 40 158 216 229
29 9 32 196 175 214
29 9 33 196 175 214
29 9 34 196 175 214
29 9 35 196 175 214
29 9 36 196 175 214
29 9 37 196 175 214
29 9 38 196 175 214
29 9 39 158 216 229
29 9 40 158 216 229
29 10 33 196 175 214
29 10 34 196 175 214
29 10 35 196 175 214
29 10 36 196 175 214
29 10 37 196 175 214
29 10 38 196 175 214
29 10 39 158 216 229
29 10 40 158 216 229
29 11 39 158 216 229
29 11 40 158 216 229
29 12 39 158 216 229
29 12 40 158 216 229
29 13 39 114 158 206
29 13 40 158 216 229
29 14 38 114 158 206
29 14 39 114 158 206
29 14 40 114 158 206
29 14 41 114 158 206
29 15 38 114 158 206
29 15 39 114 158 206
29 15 40 114 158 206
29 15 41 114 158 206
29 16 38 114 158 206
29 16 39 114 158 206
29 16 40 114 158 206
29 16 41 114 158 206
29 17 38 114 158 206
29 17 39 114 158 206
29 17 40 114 158 206
29 17 41 114 158 206
29 18 38 114 158 206
29 18 39 114 158 206
29 18 40 114 158 206
29 18 41 114 158 206
29 19 38 114 158 206
29 19 39 114 158 206
29 19 40 114 158 206
29 19 41 114 158 206
29 20 38 114 158 206
29 20 39 114 158 206
29 20 40 114 158 206
29 20 41 114 158 206
29 21 38 114 158 206
29 21 39 114 158 206
29 21 40 114 158 206
29 21 41 114 158 206
29 22 38 114 158 206
29 22 39 114 158 206
29 22 40 114 158 206
29 22 41 114 158 206
29 23 38 114 158 206
29 23 39 114 158 206
29 23 40 114 158 206
29 23 41 114 158 206
29 24 38 114 158 206
29 24 39 114 158 206
29 24 40 114 158 206
29 24 41 114 158 206
29 25 38 114 158 206
29 25 39 114 158 206
29 25 40 114 158 206
29 25 41 114 158 206
29 26 38 114 158 206
29 26 39 114 158 206
29 26 40 114 158 206
29 26 41 114 158 206
29 27 38 114 158 206
29 27 39 114 158 206
29 27 40 114 158 206
29 27 41 114 158 206
29 28 38 114 158 206
29 28 39 114 158 206
29 28 40 114 158 206
29 28 41 114 158 206
29 29 38 114 158 206
29 29 39 114 158 206
29 29 40 114 158 206
29 29 41 114 158 206
29 30 39 158 216 229
29 30 40 158 216 229
29 31 39 158 216 229
29 31 40 158 216 229
29 32 39 158 216 229
29 32 40 158 216 229
29 33 0 214 38 40
29 33 1 214 38 40
29 33 2 214 38 40
29 33 3 214 38 40
29 33 4 214 38 40
29 33 5 214 38 40
29 33 6 214 38 40
29 33 7 214 38 40
29 33 8 214 38 40
29 33 9 214 38 40
29 33 10 214 38 40
29 33 11 214 38 40
29 33 12 214 38 40
29 33 13 214 38 40
29 33 14 214 38 40
29 33 15 214 38 40
29 33 16 214 38 40
29 33 17 214 38 40
29 33 18 214 38 40
29 33 19 214 38 40
29 33 20 214 38 40
29 33 21 214 38 40
29 33 22 214 38 40
29 33 23 214 38 40
29 33 24 214 38 40
29 33 25 214 38 40
29 33 26 214 38 40
29 33 27 214 38 40
29 33 28 214 38 40
29 33 29 214 38 40
29 33 30 214 38 40
29 33 31 214 38 40
29 33 32 214 38 40
29 33 33 214 38 40
29 33 34 214 38 40
29 33 35 214 38 40
29 33 36 214 38 40
29 33 37 214 38 40
29 33 38 214 38 40
29 33 39 158 216 229
29 33 40 158 216 229
29 34 0 214 38 40
29 34 1 214 38 40
29 34 2 214 38 40
29 34 3 214 38 40
29 34 4 214 38 40
29 34 5 214 38 40
29 34 6 214 38 40
29 34 7 214 38 40
29 34 8 214 38 40
29 34 9 214 38 40
29 34 10 214 38 40
29 34 11 214 38 40
29 34 12 214 38 40
29 34 13 214 38 40
29 34 14 214 38 40
29 34 15 214 38 40
29 34 16 214 38 40
29 34 17 214 38 40
29 34 18 214 38 40
29 34 19 214 38 40
29 34 20 214 38 40
29 34 21 214 38 40
29 34 22 214 38 40
29 34 23 214 38 40
29 34 24 214 38 40
29 34 25 214 38 40
29 34 26 214 38 40
29 34 27 214 38 40
29 34 28 214 38 40
29 34 29 214 38 40
29 34 30 214 38 40
29 34 31 214 38 40
29 34 32 214 38 40
29 34 33 214 38 40
29 34 34 214 38 40
29 34 35 214 38 40
29 34 36 214 38 40
29 34 37 214 38 40
29 34 38 214 38 40
29 34 39 214 38 40
30 0 0 43 160 4
30 0 1 43 160 4
30 0 2 43 160 4
30 0 3 43 160 4
30 0 4 43 160 4
30 0 5 43 160 4
30 0 6 43 160 4
30 0 7 43 160 4
30 0 8 43 160 4
30 0 9 43 160 4
30 0 10 43 160 4
30 0 11 43 160 4
30 0 12 43 160 4
30 0 13 43 160 4
30 0 14 43 160 4
30 0 15 43 160 4
30 0 16 43 160 4
30 0 17 43 160 4
30 0 18 43 160 4
30 0 19 255 186 119
30 0 20 255 186 119
30 0 21 255 186 119
30 0 22 255 186 119
30 0 23 255 186 119
30 0 24 255 186 119
30 0 25 255 186 119
30 0 26 255 186 119
30 0 27 255 186 119
30 0 28 255 186 119
30 0 29 255 186 119
30 0 30 255 186 119
30 0 31 255 186 119
30 0 32 255 186 119
30 0 33 255 186 119
30 0 34 255 186 119
30 0 35 255 186 119
30 0 36 255 186 119
30 0 37 255 186 119
30 0 38 255 186 119
30 0 39 255 186 119
30 0 40 43 160 4
30 0 41 158 216 229
30 1 19 255 186 119
30 1 20 255 186 119
30 1 21 255 186 119
30 1 22 255 186 119
30 1 23 255 186 119
30 1 24 255 186 119
30 1 25 255 186 119
30 1 26 255 186 119
30 1 27 255 186 119
30 1 28 255 186 119
30 1 29 255 186 119
30 1 30 255 186 119
30 1 31 255 186 119
30 1 32 255 186 119
30 1 33 255 186 119
30 1 34 255 186 119
30 1 35 255 186 119
30 1 36 255 186 119
30 1 37 255 186 119
30 1 38 255 186 119
30 1 39 255 186 119
30 1 40 158 216 229
30 1 41 158 216 229
30 2 19 255 186 119
30 2 20 255 186 119
30 2 21 255 186 119
30 2 22 255 186 119
30 2 23 255 186 119
30 2 24 255 186 119
30 2 25 255 186 119
30 2 26 255 186 119
30 2 27 255 186 119
30 2 28 255 186 119
30 2 29 255 186 119
30 2 30 255 186 119
30 2 31 255 186 119
30 2 32 255 186 119
30 2 33 255 186 119
30 2 34 255 186 119
30 2 35 255 186 119
30 2 36 255 186 119
30 2 37 255 186 119
30 2 38 255 186 119
30 2 39 255 186 119
30 2 40 158 216 229
30 2 41 158 216 229
30 3 19 255 186 119
30 3 20 255 186 119
30 3 21 255 186 119
30 3 22 255 186 119
30 3 23 255 186 119
30 3 24 255 186 119
30 3 25 255 186 119
30 3 26 255 186 119
30 3 27 255 186 119
30 3 28 255 186 119
30 3 29 255 186 119
30 3 30 255 186 119
30 3 31 255 186 119
30 3 32 255 186 119
30 3 33 255 186 119
30 3 34 255 186 119
30 3 35 255 186 119
30 3 36 255 186 119
30 3 37 255 186 119
30 3 38 255 186 119
30 3 39 255 186 119
30 3 40 158 216 229
30 3 41 158 216 229
30 4 19 255 186 119
30 4 20 255 186 119
30 4 21 255 186 119
30 4 22 255 186 119
30 4 23 255 186 119
30 4 24 255 186 119
30 4 25 255 186 119
30 4 26 255 186 119
30 4 27 255 186 119
30 4 28 255 186 119
30 4 29 255 186 119
30 4 30 255 186 119
30 4 31 255 186 119
30 4 32 255 186 119
30 4 33 255 186 119
30 4 34 255 186 119
30 4 35 255 186 119
30 4 36 255 186 119
30 4 37 255 186 119
30 4 38 255 186 119
30 4 39 255 186 119
30 4 40 158 216 229
30 4 41 158 216 229
30 5 19 255 186 119
30 5 20 255 186 119
30 5 21 255 186 119
30 5 22 255 186 119
30 5 23 255 186 119
30 5 24 255 186 119
30 5 25 255 186 119
30 5 26 255 186 119
30 5 27 255 186 119
30 5 28 255 186 119
30 5 29 255 186 119
30 5 30 255 186 119
30 5 31 255 186 119
30 5 32 255 186 119
30 5 33 255 186 119
30 5 34 255 186 119
30 5 35 255 186 119
30 5 36 255 186 119
30 5 37 255 186 119
30 5 38 255 186 119
30 5 39 255 186 119
30 5 40 158 216 229
30 5 41 158 216 229
30 6 19 255 186 119
30 6 20 255 186 119
30 6 21 255 186 119
30 6 22 255 186 119
30 6 23 255 186 119
30 6 24 255 186 119
30 6 25 255 186 119
30 6 26 255 186 119
30 6 27 255 186 119
30 6 28 255 186 119
30 6 29 255 186 119
30 6 30 255 186 119
30 6 31 255 186 119
30 6 32 255 186 119
30 6 33 255 186 119
30 6 34 255 186 119
30 6 35 255 186 119
30 6 36 255 186 119
30 6 37 255 186 119
30 6 38 255 186 119
30 6 39 255 186 119
30 6 40 158 216 229
30 6 41 158 216 229
30 7 19 255 186 119
30 7 20 255 186 119
30 7 21 255 186 119
30 7 22 255 186 119
30 7 23 255 186 119
30 7 24 255 186 119
30 7 25 255 186 119
30 7 26 255 186 119
30 7 27 255 186 119
30 7 28 255 186 119
30 7 29 255 186 119
30 7 30 255 186 119
30 7 31 255 186 119
30 7 32 255 186 119
30 7 33 255 186 119
30 7 34 255 186 119
30 7 35 255 186 119
30 7 36 255 186 119
30 7 37 255 186 119
30 7 38 255 186 119
30 7 39 255 186 119
30 7 40 158 216 229
30 7 41 158 216 229
30 8 33 196 175 214
30 8 34 196 175 214
30 8 35 196 175 214
30 8 36 196 175 214
30 8 37 196 175 214
30 8 38 196 175 214
30 8 39 196 175 214
30 8 40 158 216 229
30 8 41 158 216 229
30 9 33 196 175 214
30 9 34 196 175 214
30 9 35 196 175 214
30 9 36 196 175 214
30 9 37 196 175 214
30 9 38 196 175 214
30 9 39 196 175 214
30 9 40 158 216 229
30 9 41 158 216 229
30 10 34 196 175 214
30 10 35 196 175 214
30 10 36 196 175 214
30 10 37 196 175 214
30 10 38 196 175 214
30 10 40 158 216 229
30 10 41 158 216 229
30 11 40 158 216 229
30 11 41 158 216 229
30 12 40 158 216 229
30 12 41 158 216 229
30 13 40 158 216 229
30 13 41 158 216 229
30 14 39 114 158 206
30 14 40 114 158 206
30 14 41 158 216 229
30 15 39 114 158 206
30 15 40 114 158 206
30 15 41 158 216 229
30 16 39 114 158 206
30 16 40 114 158 206
30 16 41 158 216 229
30 17 39 114 158 206
30 17 40 114 158 206
30 17 41 158 216 229
30 18 39 114 158 206
30 18 40 114 158 206
30 18 41 158 216 229
30 19 39 114 158 206
30 19 40 114 158 206
30 19 41 158 216 229
30 20 39 114 158 206
30 20 40 114 158 206
30 20 41 158 216 229
30 21 39 114 158 206
30 21 40 114 158 206
30 21 41 158 216 229
30 22 39 114 158 206
30 22 40 114 158 206
30 22 41 158 216 229
30 23 39 114 158 206
30 23 40 114 158 206
30 23 41 158 216 229
30 24 39 114 158 206
30 24 40 114 158 206
30 24 41 158 216 229
30 25 39 114 158 206
30 25 40 114 158 206
30 25 41 158 216 229
30 26 39 114 158 206
30 26 40 114 158 206
30 26 41 158 216 229
30 27 39 114 158 206
30 27 40 114 158 206
30 27 41 158 216 229
30 28 39 114 158 206
30 28 40 114 158 206
30 28 41 158 216 229
30 29 39 114 158 206
30 29 40 114 158 206
30 29 41 158 216 229
30 30 40 158 216 229
30 30 41 158 216 229
30 31 40 158 216 229
30 31 41 158 216 229
30 32 40 158 216 229
30 32 41 158 216 229
30 33 0 214 38 40
30 33 1 214 38 40
30 33 2 214 38 40
30 33 3 214 38 40
30 33 4 214 38 40
30 33 5 214 38 40
30 33 6 214 38 40
30 33 7 214 38 40
30 33 8 214 38 40
30 33 9 214 38 40
30 33 10 214 38 40
30 33 11 214 38 40
30 33 12 214 38 40
30 33 13 214 38 40
30 33 14 214 38 40
30 33 15 214 38 40
30 33 16 214 38 40
30 33 17 214 38 40
30 33 18 214 38 40
30 33 19 214 38 40
30 33 20 214 38 40
30 33 21 214 38 40
30 33 22 214 38 40
30 33 23 214 38 40
30 33 24 214 38 40
30 33 25 214 38 40
30 33 26 214 38 40
30 33 27 214 38 40
30 33 28 214 38 40
30 33 29 214 38 40
30 33 30 214 38 40
30 33 31 214 38 40
30 33 32 214 38 40
30 33 33 214 38 40
30 33 34 214 38 40
30 33 35 214 38 40
30 33 36 214 38 40
30 33 37 214 38 40
30 33 38 214 38 40
30 33 39 214 38 40
30 33 40 158 216 229
30 33 41 158 216 229
30 34 0 214 38 40
30 34 1 214 38 40
30 34 2 214 38 40
30 34 3 214 38 40
30 34 4 214 38 40
30 34 5 214 38 40
30 34 6 214 38 40
30 34 7 214 38 40
30 34 8 214 38 40
30 34 9 214 38 40
30 34 10 214 38 40
30 34 11 214 38 40
30 34 12 214 38 40
30 34 13 214 38 40
30 34 14 214 38 40
30 34 15 214 38 40
30 34 16 214 38 40
30 34 17 214 38 40
30 34 18 214 38 40
30 34 19 214 38 40
30 34 20 214 38 40
30 34 21 214 38 40
30 34 22 214 38 40
30 34 23 214 38 40
30 34 24 214 38 40
30 34 25 214 38 40
30 34 26 214 38 40
30 34 27 214 38 40
30 34 28 214 38 40
30 34 29 214 38 40
30 34 30 214 38 40
30 34 31 214 38 40
30 34 32 214 38 40
30 34 33 214 38 40
30 34 34 214 38 40
30 34 35 214 38 40
30 34 36 214 38 40
30 34 37 214 38 40
30 34 38 214 38 40
30 34 39 214 38 40
30 34 40 214 38 40
31 0 0 43 160 4
31 0 1 43 160 4
31 0 2 43 160 4
31 0 3 43 160 4
31 0 4 43 160 4
31 0 5 43 160 4
31 0 6 43 160 4
31 0 7 43 160 4
31 0 8 43 160 4
31 0 9 43 160 4
31 0 10 43 160 4
31 0 11 43 160 4
31 0 12 43 160 4
31 0 13 43 160 4
31 0 14 43 160 4
31 0 15 43 160 4
31 0 16 43 160 4
31 0 17 43 160 4
31 0 18 255 186 119
31 0 19 255 186 119
31 0 20 255 186 119
31 0 21 255 186 119
31 0 22 255 186 119
31 0 23 255 186 119
31 0 24 255 186 119
31 0 25 255 186 119
31 0 26 255 186 119
31 0 27 255 186 119
31 0 28 255 186 119
31 0 29 255 186 119
31 0 30 255 186 119
31 0 31 255 186 119
31 0 32 255 186 119
31 0 33 255 186 119
31 0 34 255 186 119
31 0 35 255 186 119
31 0 36 255 186 119
31 0 37 255 186 119
31 0 38 255 186 119
31 0 39 255 186 119
31 0 40 255 186 119
31 0 41 43 160 4
31 1 17 255 186 119
31 1 18 255 186 119
31 1 19 255 186 119
31 1 20 255 186 119
31 1 21 255 186 119
31 1 22 255 186 119
31 1 23 255 186 119
31 1 24 255 186 119
31 1 25 255 186 119
31 1 26 255 186 119
31 1 27 255 186 119
31 1 28 255 186 119
31 1 29 255 186 119
31 1 30 255 186 119
31 1 31 255 186 119
31 1 32 255 186 119
31 1 33 255 186 119
31 1 34 255 186 119
31 1 35 255 186 119
31 1 36 255 186 119
31 1 37 255 186 119
31 1 38 255 186 119
31 1 39 255 186 119
31 1 40 255 186 119
31 1 41 158 216 229
31 1 42 158 216 229
31 2 17 255 186 119
31 2 18 255 186 119
31 2 19 255 186 119
31 2 20 255 186 119
31 2 21 255 186 119
31 2 22 255 186 119
31 2 23 255 186 119
31 2 24 255 186 119
31 2 25 255 186 119
31 2 26 255 186 119
31 2 27 255 186 119
31 2 28 255 186 119
31 2 29 255 186 119
31 2 30 255 186 119
31 2 31 255 186 119
31 2 32 255 186 119
31 2 33 255 186 119
31 2 34 255 186 119
31 2 35 255 186 119
31 2 36 255 186 119
31 2 37 255 186 119
31 2 38 255 186 119
31 2 39 255 186 119
31 2 40 255 186 119
31 2 41 158 216 229
31 2 42 158 216 229
31 3 17 255 186 119
31 3 18 255 186 119
31 3 19 255 186 119
31 3 20 255 186 119
31 3 21 255 186 119
31 3 22 255 186 119
31 3 23 255 186 119
31 3 24 255 186 119
31 3 25 255 186 119
31 3 26 255 186 119
31 3 27 255 186 119
31 3 28 255 186 119
31 3 29 255 186 119
31 3 30 255 186 119
31 3 31 255 186 119
31 3 32 255 186 119
31 3 33 255 186 119
31 3 34 255 186 119
31 3 35 255 186 119
31 3 36 255 186 119
31 3 37 255 186 119
31 3 38 255 186 119
31 3 39 255 186 119
31 3 40 255 186 119
31 3 41 158 216 229
31 3 42 158 216 229
31 4 17 255 186 119
31 4 18 255 186 119
31 4 19 255 186 119
31 4 20 255 186 119
31 4 21 255 186 119
31 4 22 255 186 119
31 4 23 255 186 119
31 4 24 255 186 119
31 4 25 255 186 119
31 4 26 255 186 119
31 4 27 255 186 119
31 4 28 255 186 119
31 4 29 255 186 119
31 4 30 255 186 119
31 4 31 255 186 119
31 4 32 255 186 119
31 4 33 255 186 119
31 4 34 255 186 119
31 4 35 255 186 119
31 4 36 255 186 119
31 4 37 255 186 119
31 4 38 255 186 119
31 4 39 255 186 119
31 4 40 255 186 119
31 4 41 158 216 229
31 4 42 158 216 229
31 5 17 255 186 119
31 5 18 255 186 119
31 5 19 255 186 119
31 5 20 255 186 119
31 5 21 255 186 119
31 5 22 255 186 119
31 5 23 255 186 119
31 5 24 255 186 119
31 5 25 255 186 119
31 5 26 255 186 119
31 5 27 255 186 119
31 5 28 255 186 119
31 5 29 255 186 119
31 5 30 255 186 119
31 5 31 255 186 119
31 5 32 255 186 119
31 5 33 255 186 119
31 5 34 255 186 119
31 5 35 255 186 119
31 5 36 255 186 119
31 5 37 255 186 119
31 5 38 255 186 119
31 5 39 255 186 119
31 5 40 255 186 119
31 5 41 158 216 229
31 5 42 158 216 229
31 6 17 255 186 119
31 6 18 255 186 119
31 6 19 255 186 119
31 6 20 255 186 119
31 6 21 255 186 119
31 6 22 255 186 119
31 6 23 255 186 119
31 6 24 255 186 119
31 6 25 255 186 119
31 6 26 255 186 119
31 6 27 255 186 119
31 6 28 255 186 119
31 6 29 255 186 119
31 6 30 255 186 119
31 6 31 255 186 119
31 6 32 255 186 119
31 6 33 255 186 119
31 6 34 255 186 119
31 6 35 255 186 119
31 6 36 255 186 119
31 6 37 255 186 119
31 6 38 255 186 119
31 6 39 255 186 119
31 6 40 255 186 119
31 6 41 158 216 229
31 6 42 158 216 229
31 7 18 255 186 119
31 7 19 255 186 119
31 7 20 255 186 119
31 7 21 255 186 119
31 7 22 255 186 119
31 7 23 255 186 119
31 7 24 255 186 119
31 7 25 255 186 119
31 7 26 255 186 119
31 7 27 255 186 119
31 7 28 255 186 119
31 7 29 255 186 119
31 7 30 255 186 119
31 7 31 255 186 119
31 7 32 255 186 119
31 7 33 255 186 119
31 7 34 255 186 119
31 7 35 255 186 119
31 7 36 255 186 119
31 7 37 255 186 119
31 7 38 255 186 119
31 7 39 255 186 119
31 7 40 255 186 119
31 7 41 158 216 229
31 7 42 158 216 229
31 8 34 196 175 214
31 8 35 196 175 214
31 8 36 196 175 214
31 8 37 196 175 214
31 8 38 196 175 214
31 8 39 196 175 214
31 8 40 196 175 214
31 8 41 158 216 229
31 8 42 158 216 229
31 9 34 196 175 214
31 9 35 196 175 214
31 9 36 196 175 214
31 9 37 196 175 214
31 9 38 196 175 214
31 9 39 196 175 214
31 9 40 196 175 214
31 9 41 158 216 229
31 9 42 158 216 229
31 10 34 196 175 214
31 10 35 196 175 214
31 10 36 196 175 214
31 10 37 196 175 214
31 10 38 196 175 214
31 10 39 196 175 214
31 10 41 158 216 229
31 10 42 158 216 229
31 11 41 158 216 229
31 11 42 158 216 229
31 12 41 158 216 229
31 12 42 158 216 229
31 13 41 158 216 229
31 13 42 158 216 229
31 14 41 158 216 229
31 14 42 158 216 229
31 15 41 158 216 229
31 15 42 158 216 229
31 16 41 158 216 229
31 16 42 158 216 229
31 17 41 158 216 229
31 17 42 158 216 229
31 18 41 158 216 229
31 18 42 158 216 229
31 19 41 158 216 229
31 19 42 158 216 229
31 20 41 158 216 229
31 20 42 158 216 229
31 21 41 158 216 229
31 21 42 158 216 229
31 22 41 158 216 229
31 22 42 158 216 229
31 23 41 158 216 229
31 23 42 158 216 229
31 24 41 158 216 229
31 24 42 158 216 229
31 25 41 158 216 229
31 25 42 158 216 229
31 26 41 158 216 229
31 26 42 158 216 229
31 27 41 158 216 229
31 27 42 158 216 229
31 28 41 158 216 229
31 28 42 158 216 229
31 29 41 158 216 229
31 29 42 158 216 229
31 30 41 158 216 229
31 30 42 158 216 229
31 31 41 158 216 229
31 31 42 158 216 229
31 32 41 158 216 229
31 32 42 158 216 229
31 33 0 214 38 40
31 33 1 214 38 40
31 33 2 214 38 40
31 33 3 214 38 40
31 33 4 214 38 40
31 33 5 214 38 40
31 33 6 214 38 40
31 33 7 214 38 40
31 33 8 214 38 40
31 33 9 214 38 40
31 33 10 214 38 40
31 33 11 214 38 40
31 33 12 214 38 40
31 33 13 214 38 40
31 33 14 214 38 40
31 33 15 214 38 40
31 33 16 214 38 40
31 33 17 214 38 40
31 33 18 214 38 40
31 33 19 214 38 40
31 33 20 214 38 40
31 33 21 214 38 40
31 33 22 214 38 40
31 33 23 214 38 40
31 33 24 214 38 40
31 33 25 214 38 40
31 33 26 214 38 40
31 33 27 214 38 40
31 33 28 214 38 40
31 33 29 214 38 40
31 33 30 214 38 40
31 33 31 214 38 40
31 33 32 214 38 40
31 33 33 214 38 40
31 33 34 214 38 40
31 33 35 214 38 40
31 33 36 214 38 40
31 33 37 214 38 40
31 33 38 214 38 40
31 33 39 214 38 40
31 33 40 214 38 40
31 33 41 158 216 229
31 33 42 158 216 229
31 34 0 214 38 40
31 34 1 214 38 40
31 34 2 214 38 40
31 34 3 214 38 40
31 34 4 214 38 40
31 34 5 214 38 40
31 34 6 214 38 40
31 34 7 214 38 40
31 34 8 214 38 40
31 34 9 214 38 40
31 34 10 214 38 40
31 34 11 214 38 40
31 34 12 214 38 40
31 34 13 214 38 40
31 34 14 214 38 40
31 34 15 214 38 40
31 34 16 214 38 40
31 34 17 214 38 40
31 34 18 214 38 40
31 34 19 214 38 40
31 34 20 214 38 40
31 34 21 214 38 40
31 34 22 214 38 40
31 34 23 214 38 40
31 34 24 214 38 40
31 34 25 214 38 40
31 34 26 214 38 40
31 34 27 214 38 40
31 34 28 214 38 40
31 34 29 214 38 40
31 34 30 214 38 40
31 34 31 214 38 40
31 34 32 214 38 40
31 34 33 214 38 40
31 34 34 214 38 40
31 34 35 214 38 40
31 34 36 214 38 40
31 34 37 214 38 40
31 34 38 214 38 40
31 34 39 214 38 40
31 34 40 214 38 40
31 34 41 214 38 40
32 0 0 43 160 4
32 0 1 43 160 4
32 0 2 43 160 4
32 0 3 43 160 4
32 0 4 43 160 4
32 0 5 43 160 4
32 0 6 43 160 4
32 0 7 43 160 4
32 0 8 43 160 4
32 0 9 43 160 4
32 0 10 43 160 4
32 0 11 43 160 4
32 0 12 43 160 4
32 0 13 43 160 4
32 0 14 43 160 4
32 0 15 43 160 4
32 0 16 43 160 4
32 0 17 255 186 119
32 0 18 255 186 119
32 0 19 255 186 119
32 0 20 255 186 119
32 0 21 255 186 119
32 0 22 255 186 119
32 0 23 255 186 119
32 0 24 255 186 119
32 0 25 255 186 119
32 0 26 255 186 119
32 0 27 255 186 119
32 0 28 255 186 119
32 0 29 255 186 119
32 0 30 255 186 119
32 0 31 255 186 119
32 0 32 255 186 119
32 0 33 255 186 119
32 0 34 255 186 119
32 0 35 255 186 119
32 0 36 255 186 119
32 0 37 255 186 119
32 0 38 255 186 119
32 0 39 255 186 119
32 0 40 255 186 119
32 0 41 43 160 4
32 0 42 43 160 4
32 1 16 255 186 119
32 1 17 255 186 119
32 1 18 255 186 119
32 1 19 255 186 119
32 1 20 255 186 119
32 1 21 255 186 119
32 1 22 255 186 119
32 1 23 255 186 119
32 1 24 255 186 119
32 1 25 255 186 119
32 1 26 255 186 119
32 1 27 255 186 119
32 1 28 255 186 119
32 1 29 255 186 119
32 1 30 255 186 119
32 1 31 255 186 119
32 1 32 255 186 119
32 1 33 255 186 119
32 1 34 255 186 119
32 1 35 255 186 119
32 1 36 255 186 119
32 1 37 255 186 119
32 1 38 255 186 119
32 1 39 255 186 119
32 1 40 255 186 119
32 1 41 255 186 119
32 1 42 158 216 229
32 1 43 158 216 229
32 2 16 255 186 119
32 2 17 255 186 119
32 2 18 255 186 119
32 2 19 255 186 119
32 2 20 255 186 119
32 2 21 255 186 119
32 2 22 255 186 119
32 2 23 255 186 119
32 2 24 255 186 119
32 2 25 255 186 119
32 2 26 255 186 119
32 2 27 255 186 119
32 2 28 255 186 119
32 2 29 255 186 119
32 2 30 255 186 119
32 2 31 255 186 119
32 2 32 255 186 119
32 2 33 255 186 119
32 2 34 255 186 119
32 2 35 255 186 119
32 2 36 255 186 119
32 2 37 255 186 119
32 2 38 255 186 119
32 2 39 255 186 119
32 2 40 255 186 119
32 2 41 255 186 119
32 2 42 158 216 229
32 2 43 158 216 229
32 3 16 255 186 119
32 3 17 255 186 119
32 3 18 255 186 119
32 3 19 255 186 119
32 3 20 255 186 119
32 3 21 255 186 119
32 3 22 255 186 119
32 3 23 255 186 119
32 3 24 255 186 119
32 3 25 255 186 119
32 3 26 255 186 119
32 3 27 255 186 119
32 3 28 255 186 119
32 3 29 255 186 119
32 3 30 255 186 119
32 3 31 255 186 119
32 3 32 255 186 119
32 3 33 255 186 119
32 3 34 255 186 119
32 3 35 255 186 119
32 3 36 255 186 119
32 3 37 255 186 119
32 3 38 255 186 119
32 3 39 255 186 119
32 3 40 255 186 119
32 3 41 255 186 119
32 3 42 158 216 229
32 3 43 158 216 229
32 4 16 255 186 119
32 4 17 255 186 119
32 4 18 255 186 119
32 4 19 255 186 119
32 4 20 255 186 119
32 4 21 255 186 119
32 4 22 255 186 119
32 4 23 255 186 119
32 4 24 255 186 119
32 4 25 255 186 119
32 4 26 255 186 119
32 4 27 255 186 119
32 4 28 255 186 119
32 4 29 255 186 119
32 4 30 255 186 119
32 4 31 255 186 119
32 4 32 255 186 119
32 4 33 255 186 119
32 4 34 255 186 119
32 4 35 255 186 119
32 4 36 255 186 119
32 4 37 255 186 119
32 4 38 255 186 119
32 4 39 255 186 119
32 4 40 255 186 119
32 4 41 255 186 119
32 4 42 158 216 229
32 4 43 158 216 229
32 5 16 255 186 119
32 5 17 255 186 119
32 5 18 255 186 119
32 5 19 255 186 119
32 5 20 255 186 119
32 5 21 255 186 119
32 5 22 255 186 119
32 5 23 255 186 119
32 5 24 255 186 119
32 5 25 255 186 119
32 5 26 255 186 119
32 5 27 255 186 119
32 5 28 255 186 119
32 5 29 255 186 119
32 5 30 255 186 119
32 5 31 255 186 119
32 5 32 255 186 119
32 5 33 255 186 119
32 5 34 255 186 119
32 5 35 255 186 119
32 5 36 255 186 119
32 5 37 255 186 119
32 5 38 255 186 119
32 5 39 255 186 119
32 5 40 255 186 119
32 5 41 255 186 119
32 5 42 158 216 229
32 5 43 158 216 229
32 6 16 255 186 119
32 6 17 255 186 119
32 6 18 255 186 119
32 6 19 255 186 119
32 6 20 255 186 119
32 6 21 255 186 119
32 6 22 255 186 119
32 6 23 255 186 119
32 6 24 255 186 119
32 6 25 255 186 119
32 6 26 255 186 119
32 6 27 255 186 119
32 6 28 255 186 119
32 6 29 255 186 119
32 6 30 255 186 119
32 6 31 255 186 119
32 6 32 255 186 119
32 6 33 255 186 119
32 6 34 255 186 119
32 6 35 255 186 119
32 6 36 255 186 119
32 6 37 255 186 119
32 6 38 255 186 119
32 6 39 255 186 119
32 6 40 255 186 119
32 6 41 255 186 119
32 6 42 158 216 229
32 6 43 158 216 229
32 7 16 255 186 119
32 7 17 255 186 119
32 7 18 255 186 119
32 7 19 255 186 119
32 7 20 255 186 119
32 7 21 255 186 119
32 7 22 255 186 119
32 7 23 255 186 119
32 7 24 255 186 119
32 7 25 255 186 119
32 7 26 255 186 119
32 7 27 255 186 119
32 7 28 255 186 119
32 7 29 255 186 119
32 7 30 255 186 119
32 7 31 255 186 119
32 7 32 255 186 119
32 7 33 255 186 119
32 7 34 255 186 119
32 7 35 255 186 119
32 7 36 255 186 119
32 7 37 255 186 119
32 7 38 255 186 119
32 7 39 255 186 119
32 7 40 255 186 119
32 7 41 255 186 119
32 7 42 158 216 229
32 7 43 158 216 229
32 8 35 196 175 214
32 8 36 196 175 214
32 8 37 196 175 214
32 8 38 196 175 214
32 8 39 196 175 214
32 8 40 196 175 214
32 8 41 196 175 214
32 8 42 158 216 229
32 8 43 158 216 229
32 9 35 196 175 214
32 9 36 196 175 214
32 9 37 196 175 214
32 9 38 196 175 214
32 9 39 196 175 214
32 9 40 196 175 214
32 9 41 196 175 214
32 9 42 158 216 229
32 9 43 158 216 229
32 10 35 196 175 214
32 10 36 196 175 214
32 10 37 196 175 214
32 10 38 196 175 214
32 10 39 196 175 214
32 10 40 196 175 214
32 10 42 158 216 229
32 10 43 158 216 229
32 11 40 196 175 214
32 11 42 158 216 229
32 11 43 158 216 229
32 12 40 196 175 214
32 12 42 158 216 229
32 12 43 158 216 229
32 13 42 158 216 229
32 13 43 158 216 229
32 14 42 158 216 229
32 14 43 158 216 229
32 15 42 158 216 229
32 15 43 158 216 229
32 16 42 158 216 229
32 16 43 158 216 229
32 17 42 158 216 229
32 17 43 158 216 229
32 18 42 158 216 229
32 18 43 158 216 229
32 19 42 158 216 229
32 19 43 158 216 229
32 20 42 158 216 229
32 20 43 158 216 229
32 21 42 158 216 229
32 21 43 158 216 229
32 22 42 158 216 229
32 22 43 158 216 229
32 23 42 158 216 229
32 23 43 158 216 229
32 24 42 158 216 229
32 24 43 158 216 229
32 25 42 158 216 229
32 25 43 158 216 229
32 26 42 158 216 229
32 26 43 158 216 229
32 27 42 158 216 229
32 27 43 158 216 229
32 28 42 158 216 229
32 28 43 158 216 229
32 29 42 158 216 229
32 29 43 158 216 229
32 30 42 158 216 229
32 30 43 158 216 229
32 31 42 158 216 229
32 31 43 158 216 229
32 32 42 158 216 229
32 32 43 158 216 229
32 33 0 214 38 40
32 33 1 214 38 40
32 33 2 214 38 40
32 33 3 214 38 40
32 33 4 214 38 40
32 33 5 214 38 40
32 33 6 214 38 40
32 33 7 214 38 40
32 33 8 214 38 40
32 33 9 214 38 40
32 33 10 214 38 40
32 33 11 214 38 40
32 33 12 214 38 40
32 33 13 214 38 40
32 33 14 214 38 40
32 33 15 214 38 40
32 33 16 214 38 40
32 33 17 214 38 40
32 33 18 214 38 40
32 33 19 214 38 40
32 33 20 214 38 40
32 33 21 214 38 40
32 33 22 214 38 40
32 33 23 214 38 40
32 33 24 214 38 40
32 33 25 214 38 40
32 33 26 214 38 40
32 33 27 214 38 40
32 33 28 214 38 40
32 33 29 214 38 40
32 33 30 214 38 40
32 33 31 214 38 40
32 33 32 214 38 40
32 33 33 214 38 40
32 33 34 214 38 40
32 33 35 214 38 40
32 33 36 214 38 40
32 33 37 214 38 40
32 33 38 214 38 40
32 33 39 214 38 40
32 33 40 214 38 40
32 33 41 214 38 40
32 33 42 158 216 229
32 33 43 158 216 229
32 34 0 214 38 40
32 34 1 214 38 40
32 34 2 214 38 40
32 34 3 214 38 40
32 34 4 214 38 40
32 34 5 214 38 40
32 34 6 214 38 40
32 34 7 214 38 40
32 34 8 214 38 40
32 34 9 214 38 40
32 34 10 214 38 40
32 34 11 214 38 40
32 34 12 214 38 40
32 34 13 214 38 40
32 34 14 214 38 40
32 34 15 214 38 40
32 34 16 214 38 40
32 34 17 214 38 40
32 34 18 214 38 40
32 34 19 214 38 40
32 34 20 214 38 40
32 34 21 214 38 40
32 34 22 214 38 40
32 34 23 214 38 40
32 34 24 214 38 40
32 34 25 214 38 40
32 34 26 214 38 40
32 34 27 214 38 40
32 34 28 214 38 40
32 34 29 214 38 40
32 34 30 214 38 40
32 34 31 214 38 40
32 34 32 214 38 40
32 34 33 214 38 40
32 34 34 214 38 40
32 34 35 214 38 40
32 34 36 214 38 40
32 34 37 214 38 40
32 34 38 214 38 40
32 34 39 214 38 40
32 34 40 214 38 40
32 34 41 214 38 40
32 34 42 214 38 40
33 0 0 43 160 4
33 0 1 43 160 4
33 0 2 43 160 4
33 0 3 43 160 4
33 0 4 43 160 4
33 0 5 43 160 4
33 0 6 43 160 4
33 0 7 43 160 4
33 0 8 43 160 4
33 0 9 43 160 4
33 0 10 43 160 4
33 0 11 43 160 4
33 0 12 43 160 4
33 0 13 43 160 4
33 0 14 43 160 4
33 0 15 43 160 4
33 0 16 255 186 119
33 0 17 255 186 119
33 0 18 255 186 119
33 0 19 255 186 119
33 0 20 255 186 119
33 0 21 255 186 119
33 0 22 255 186 119
33 0 23 255 186 119
33 0 24 255 186 119
33 0 25 255 186 119
33 0 26 255 186 119
33 0 27 255 186 119
33 0 28 255 186 119
33 0 29 255 186 119
33 0 30 255 186 119
33 0 31 255 186 119
33 0 32 255 186 119
33 0 33 255 186 119
33 0 34 255 186 119
33 0 35 255 186 119
33 0 36 255 186 119
33 0 37 255 186 119
33 0 38 255 186 119
33 0 39 255 186 119
33 0 40 255 186 119
33 0 41 255 186 119
33 0 42 43 160 4
33 0 43 158 216 229
33 1 15 255 186 119
33 1 16 255 186 119
33 1 17 255 186 119
33 1 18 255 186 119
33 1 19 255 186 119
33 1 20 255 186 119
33 1 21 255 186 119
33 1 22 255 186 119
33 1 23 255 186 119
33 1 24 255 186 119
33 1 25 255 186 119
33 1 26 255 186 119
33 1 27 255 186 119
33 1 28 255 186 119
33 1 29 255 186 119
33 1 30 255 186 119
33 1 31 255 186 119
33 1 32 255 186 119
33 1 33 255 186 119
33 1 34 255 186 119
33 1 35 255 186 119
33 1 36 255 186 119
33 1 37 255 186 119
33 1 38 255 186 119
33 1 39 255 186 119
33 1 40 255 186 119
33 1 41 255 186 119
33 1 42 158 216 229
33 1 43 158 216 229
33 2 15 255 186 119
33 2 16 255 186 119
33 2 17 255 186 119
33 2 18 255 186 119
33 2 19 255 186 119
33 2 20 255 186 119
33 2 21 255 186 119
33 2 22 255 186 119
33 2 23 255 186 119
33 2 24 255 186 119
33 2 25 255 186 119
33 2 26 255 186 119
33 2 27 255 186 119
33 2 28 255 186 119
33 2 29 255 186 119
33 2 30 255 186 119
33 2 31 255 186 119
33 2 32 255 186 119
33 2 33 255 186 119
33 2 34 255 186 119
33 2 35 255 186 119
33 2 36 255 186 119
33 2 37 255 186 119
33 2 38 255 186 119
33 2 39 255 186 119
33 2 40 255 186 119
33 2 41 255 186 119
33 2 42 158 216 229
33 2 43 158 216 229
33 3 15 255 186 119
33 3 16 255 186 119
33 3 17 255 186 119
33 3 18 255 186 119
33 3 19 255 186 119
33 3 20 255 186 119
33 3 21 255 186 119
33 3 22 255 186 119
33 3 23 255 186 119
33 3 24 255 186 119
33 3 25 255 186 119
33 3 26 255 186 119
33 3 27 255 186 119
33 3 28 255 186 119
33 3 29 255 186 119
33 3 30 255 186 119
33 3 31 255 186 119
33 3 32 255 186 119
33 3 33 255 186 119
33 3 34 255 186 119
33 3 35 255 186 119
33 3 36 255 186 119
33 3 37 255 186 119
33 3 38 255 186 119
33 3 39 255 186 119
33 3 40 255 186 119
33 3 41 255 186 119
33 3 42 158 216 229
33 3 43 158 216 229
33 4 15 255 186 119
33 4 16 255 186 119
33 4 17 255 186 119
33 4 18 255 186 119
33 4 19 255 186 119
33 4 20 255 186 119
33 4 21 255 186 119
33 4 22 255 186 119
33 4 23 255 186 119
33 4 24 255 186 119
33 4 25 255 186 119
33 4 26 255 186 119
33 4 27 255 186 119
33 4 28 255 186 119
33 4 29 255 186 119
33 4 30 255 186 119
33 4 31 255 186 119
33 4 32 255 186 119
33 4 33 255 186 119
33 4 34 255 186 119
33 4 35 255 186 119
33 4 36 255 186 119
33 4 37 255 186 119
33 4 38 255 186 119
33 4 39 255 186 119
33 4 40 255 186 119
33 4 41 255 186 119
33 4 42 158 216 229
33 4 43 158 216 229
33 5 15 255 186 119
33 5 16 255 186 119
33 5 17 255 186 119
33 5 18 255 186 119
33 5 19 255 186 119
33 5 20 255 186 119
33 5 21 255 186 119
33 5 22 255 186 119
33 5 23 255 186 119
33 5 24 255 186 119
33 5 25 255 186 119
33 5 26 255 186 119
33 5 27 255 186 119
33 5 28 255 186 119
33 5 29 255 186 119
33 5 30 255 186 119
33 5 31 255 186 119
33 5 32 255 186 119
33 5 33 255 186 119
33 5 34 255 186 119
33 5 35 255 186 119
33 5 36 255 186 119
33 5 37 255 186 119
33 5 38 255 186 119
33 5 39 255 186 119
33 5 40 255 186 119
33 5 41 255 186 119
33 5 42 158 216 229
33 5 43 158 216 229
33 6 15 255 186 119
33 6 16 255 186 119
33 6 17 255 186 119
33 6 18 255 186 119
33 6 19 255 186 119
33 6 20 255 186 119
33 6 21 255 186 119
33 6 22 255 186 119
33 6 23 255 186 119
33 6 24 255 186 119
33 6 25 255 186 119
33 6 26 255 186 119
33 6 27 255 186 119
33 6 28 255 186 119
33 6 29 255 186 119
33 6 30 255 186 119
33 6 31 255 186 119
33 6 32 255 186 119
33 6 33 255 186 119
33 6 34 255 186 119
33 6 35 255 186 119
33 6 36 255 186 119
33 6 37 255 186 119
33 6 38 255 186 119
33 6 39 255 186 119
33 6 40 255 186 119
33 6 41 255 186 119
33 6 42 158 216 229
33 6 43 158 216 229
33 7 15 255 186 119
33 7 16 255 186 119
33 7 17 255 186 119
33 7 18 255 186 119
33 7 19 255 186 119
33 7 20 255 186 119
33 7 21 255 186 119
33 7 22 255 186 119
33 7 23 255 186 119
33 7 24 255 186 119
33 7 25 255 186 119
33 7 26 255 186 119
33 7 27 255 186 119
33 7 28 255 186 119
33 7 29 255 186 119
33 7 30 255 186 119
33 7 31 255 186 119
33 7 32 255 186 119
33 7 33 255 186 119
33 7 34 255 186 119
33 7 35 255 186 119
33 7 36 255 186 119
33 7 37 255 186 119
33 7 38 255 186 119
33 7 39 255 186 119
33 7 40 255 186 119
33 7 41 255 186 119
33 7 42 158 216 229
33 7 43 158 216 229
33 8 36 196 175 214
33 8 37 196 175 214
33 8 38 196 175 214
33 8 39 196 175 214
33 8 40 196 175 214
33 8 41 196 175 214
33 8 42 158 216 229
33 8 43 158 216 229
33 9 36 196 175 214
33 9 37 196 175 214
33 9 38 196 175 214
33 9 39 196 175 214
33 9 40 196 175 214
33 9 41 196 175 214
33 9 42 158 216 229
33 9 43 158 216 229
33 10 36 196 175 214
33 10 37 196 175 214
33 10 38 196 175 214
33 10 39 196 175 214
33 10 40 196 175 214
33 10 41 196 175 214
33 10 42 158 216 229
33 10 43 158 216 229
33 11 39 196 175 214
33 11 40 196 175 214
33 11 41 196 175 214
33 11 42 158 216 229
33 11 43 158 216 229
33 12 39 196 175 214
33 12 40 196 175 214
33 12 41 196 175 214
33 12 42 158 216 229
33 12 43 158 216 229
33 13 39 196 175 214
33 13 40 196 175 214
33 13 41 196 175 214
33 13 42 158 216 229
33 13 43 158 216 229
33 14 42 158 216 229
33 14 43 158 216 229
33 15 42 158 216 229
33 15 43 158 216 229
33 16 42 158 216 229
33 16 43 158 216 229
33 17 42 158 216 229
33 17 43 158 216 229
33 18 42 158 216 229
33 18 43 158 216 229
33 19 42 158 216 229
33 19 43 158 216 229
33 20 42 158 216 229
33 20 43 158 216 229
33 21 42 158 216 229
33 21 43 158 216 229
33 22 42 158 216 229
33 22 43 158 216 229
33 23 42 158 216 229
33 23 43 158 216 229
33 24 42 158 216 229
33 24 43 158 216 229
33 25 42 158 216 229
33 25 43 158 216 229
33 26 42 158 216 229
33 26 43 158 216 229
33 27 42 158 216 229
33 27 43 158 216 229
33 28 42 158 216 229
33 28 43 158 216 229
33 29 42 158 216 229
33 29 43 158 216 229
33 30 42 158 216 229
33 30 43 158 216 229
33 31 42 158 216 229
33 31 43 158 216 229
33 32 42 158 216 229
33 32 43 158 216 229
33 33 0 214 38 40
33 33 1 214 38 40
33 33 2 214 38 40
33 33 3 214 38 40
33 33 4 214 38 40
33 33 5 214 38 40
33 33 6 214 38 40
33 33 7 214 38 40
33 33 8 214 38 40
33 33 9 214 38 40
33 33 10 214 38 40
33 33 11 214 38 40
33 33 12 214 38 40
33 33 13 214 38 40
33 33 14 214 38 40
33 33 15 214 38 40
33 33 16 214 38 40
33 33 17 214 38 40
33 33 18 214 38 40
33 33 19 214 38 40
33 33 20 214 38 40
33 33 21 214 38 40
33 33 22 214 38 40
33 33 23 214 38 40
33 33 24 214 38 40
33 33 25 214 38 40
33 33 26 214 38 40
33 33 27 214 38 40
33 33 28 214 38 40
33 33 29 214 38 40
33 33 30 214 38 40
33 33 31 214 38 40
33 33 32 214 38 40
33 33 33 214 38 40
33 33 34 214 38 40
33 33 35 214 38 40
33 33 36 214 38 40
33 33 37 214 38 40
33 33 38 214 38 40
33 33 39 214 38 40
33 33 40 214 38 40
33 33 41 214 38 40
33 33 42 158 216 229
33 33 43 158 216 229
33 34 0 214 38 40
33 34 1 214 38 40
33 34 2 214 38 40
33 34 3 214 38 40
33 34 4 214 38 40
33 34 5 214 38 40
33 34 6 214 38 40
33 34 7 214 38 40
33 34 8 214 38 40
33 34 9 214 38 40
33 34 10 214 38 40
33 34 11 214 38 40
33 34 12 214 38 40
33 34 13 214 38 40
33 34 14 214 38 40
33 34 15 214 38 40
33 34 16 214 38 40
33 34 17 214 38 40
33 34 18 214 38 40
33 34 19 214 38 40
33 34 20 214 38 40
33 34 21 214 38 40
33 34 22 214 38 40
33 34 23 214 38 40
33 34 24 214 38 40
33 34 25 214 38 40
33 34 26 214 38 40
33 34 27 214 38 40
33 34 28 214 38 40
33 34 29 214 38 40
33 34 30 214 38 40
33 34 31 214 38 40
33 34 32 214 38 40
33 34 33 214 38 40
33 34 34 214 38 40
33 34 35 214 38 40
33 34 36 214 38 40
33 34 37 214 38 40
33 34 38 214 38 40
33 34 39 214 38 40
33 34 40 214 38 40
33 34 41 214 38 40
33 34 42 214 38 40
34 0 0 43 160 4
34 0 1 43 160 4
34 0 2 43 160 4
34 0 3 43 160 4
34 0 4 43 160 4
34 0 5 43 160 4
34 0 6 43 160 4
34 0 7 43 160 4
34 0 8 43 160 4
34 0 9 43 160 4
34 0 10 43 160 4
34 0 11 43 160 4
34 0 12 43 160 4
34 0 13 43 160 4
34 0 14 43 160 4
34 0 15 255 186 119
34 0 16 255 186 119
34 0 17 255 186 119
34 0 18 255 186 119
34 0 19 255 186 119
34 0 20 255 186 119
34 0 21 255 186 119
34 0 22 255 186 119
34 0 23 255 186 119
34 0 24 255 186 119
34 0 25 255 186 119
34 0 26 255 186 119
34 0 27 255 186 119
34 0 28 255 186 119
34 0 29 255 186 119
34 0 30 255 186 119
34 0 31 255 186 119
34 0 32 255 186 119
34 0 33 255 186 119
34 0 34 255 186 119
34 0 35 255 186 119
34 0 36 255 186 119
34 0 37 255 186 119
34 0 38 255 186 119
34 0 39 255 186 119
34 0 40 255 186 119
34 0 41 43 160 4
34 0 42 158 216 229
34 1 14 255 186 119
34 1 15 255 186 119
34 1 16 255 186 119
34 1 17 255 186 119
34 1 18 255 186 119
34 1 19 255 186 119
34 1 20 255 186 119
34 1 21 255 186 119
34 1 22 255 186 119
34 1 23 255 186 119
34 1 24 255 186 119
34 1 25 255 186 119
34 1 26 255 186 119
34 1 27 255 186 119
34 1 28 255 186 119
34 1 29 255 186 119
34 1 30 255 186 119
34 1 31 255 186 119
34 1 32 255 186 119
34 1 33 255 186 119
34 1 34 255 186 119
34 1 35 255 186 119
34 1 36 255 186 119
34 1 37 255 186 119
34 1 38 255 186 119
34 1 39 255 186 119
34 1 40 255 186 119
34 1 41 158 216 229
34 1 42 158 216 229
34 2 14 255 186 119
34 2 15 255 186 119
34 2 16 255 186 119
34 2 17 255 186 119
34 2 18 255 186 119
34 2 19 255 186 119
34 2 20 255 186 119
34 2 21 255 186 119
34 2 22 255 186 119
34 2 23 255 186 119
34 2 24 255 186 119
34 2 25 255 186 119
34 2 26 255 186 119
34 2 27 255 186 119
34 2 28 255 186 119
34 2 29 255 186 119
34 2 30 255 186 119
34 2 31 255 186 119
34 2 32 255 186 119
34 2 33 255 186 119
34 2 34 255 186 119
34 2 35 255 186 119
34 2 36 255 186 119
34 2 37 255 186 119
34 2 38 255 186 119
34 2 39 255 186 119
34 2 40 255 186 119
34 2 41 158 216 229
34 2 42 158 216 229
34 3 14 255 186 119
34 3 15 255 186 119
34 3 16 255 186 119
34 3 17 255 186 119
34 3 18 255 186 119
34 3 19 255 186 119
34 3 20 255 186 119
34 3 21 255 186 119
34 3 22 255 186 119
34 3 23 255 186 119
34 3 24 255 186 119
34 3 25 255 186 119
34 3 26 255 186 119
34 3 27 255 186 119
34 3 28 255 186 119
34 3 29 255 186 119
34 3 30 255 186 119
34 3 31 255 186 119
34 3 32 255 186 119
34 3 33 255 186 119
34 3 34 255 186 119
34 3 35 255 186 119
34 3 36 255 186 119
34 3 37 255 186 119
34 3 38 255 186 119
34 3 39 255 186 119
34 3 40 255 186 119
34 3 41 158 216 229
34 3 42 158 216 229
34 4 14 255 186 119
34 4 15 255 186 119
34 4 16 255 186 119
34 4 17 255 186 119
34 4 18 255 186 119
34 4 19 255 186 119
34 4 20 255 186 119
34 4 21 255 186 119
34 4 22 255 186 119
34 4 23 255 186 119
34 4 24 255 186 119
34 4 25 255 186 119
34 4 26 255 186 119
34 4 27 255 186 119
34 4 28 255 186 119
34 4 29 255 186 119
34 4 30 255 186 119
34 4 31 255 186 119
34 4 32 255 186 119
34 4 33 255 186 119
34 4 34 255 186 119
34 4 35 255 186 119
34 4 36 255 186 119
34 4 37 255 186 119
34 4 38 255 186 119
34 4 39 255 186 119
34 4 40 255 186 119
34 4 41 158 216 229
34 4 42 158 216 229
34 5 14 255 186 119
34 5 15 255 186 119
34 5 16 255 186 119
34 5 17 255 186 119
34 5 18 255 186 119
34 5 19 255 186 119
34 5 20 255 186 119
34 5 21 255 186 119
34 5 22 255 186 119
34 5 23 255 186 119
34 5 24 255 186 119
34 5 25 255 186 119
34 5 26 255 186 119
34 5 27 255 186 119
34 5 28 255 186 119
34 5 29 255 186 119
34 5 30 255 186 119
34 5 31 255 186 119
34 5 32 255 186 119
34 5 33 255 186 119
34 5 34 255 186 119
34 5 35 255 186 119
34 5 36 255 186 119
34 5 37 255 186 119
34 5 38 255 186 119
34 5 39 255 186 119
34 5 40 255 186 119
34 5 41 158 216 229
34 5 42 158 216 229
34 6 14 255 186 119
34 6 15 255 186 119
34 6 16 255 186 119
34 6 17 255 186 119
34 6 18 255 186 119
34 6 19 255 186 119
34 6 20 255 186 119
34 6 21 255 186 119
34 6 22 255 186 119
34 6 23 255 186 119
34 6 24 255 186 119
34 6 25 255 186 119
34 6 26 255 186 119
34 6 27 255 186 119
34 6 28 255 186 119
34 6 29 255 186 119
34 6 30 255 186 119
34 6 31 255 186 119
34 6 32 255 186 119
34 6 33 255 186 119
34 6 34 255 186 119
34 6 35 255 186 119
34 6 36 255 186 119
34 6 37 255 186 119
34 6 38 255 186 119
34 6 39 255 186 119
34 6 40 255 186 119
34 6 41 158 216 229
34 6 42 158 216 229
34 7 14 255 186 119
34 7 15 255 186 119
34 7 16 255 186 119
34 7 17 255 186 119
34 7 18 255 186 119
34 7 19 255 186 119
34 7 20 255 186 119
34 7 21 255 186 119
34 7 22 255 186 119
34 7 23 255 186 119
34 7 24 255 186 119
34 7 25 255 186 119
34 7 26 255 186 119
34 7 27 255 186 119
34 7 28 255 186 119
34 7 29 255 186 119
34 7 30 255 186 119
34 7 31 255 186 119
34 7 32 255 186 119
34 7 33 255 186 119
34 7 34 255 186 119
34 7 35 255 186 119
34 7 36 255 186 119
34 7 37 255 186 119
34 7 38 255 186 119
34 7 39 255 186 119
34 7 40 196 175 214
34 7 41 158 216 229
34 7 42 158 216 229
34 8 36 196 175 214
34 8 37 196 175 214
34 8 38 196 175 214
34 8 39 196 175 214
34 8 40 196 175 214
34 8 41 158 216 229
34 8 42 158 216 229
34 9 36 196 175 214
34 9 37 196 175 214
34 9 38 196 175 214
34 9 39 196 175 214
34 9 40 196 175 214
34 9 41 158 216 229
34 9 42 158 216 229
34 10 37 196 175 214
34 10 38 196 175 214
34 10 39 196 175 214
34 10 40 196 175 214
34 10 41 158 216 229
34 10 42 158 216 229
34 11 38 196 175 214
34 11 39 196 175 214
34 11 40 196 175 214
34 11 41 158 216 229
34 11 42 158 216 229
34 12 38 196 175 214
34 12 39 196 175 214
34 12 40 196 175 214
34 12 41 158 216 229
34 12 42 158 216 229
34 13 38 196 175 214
34 13 39 196 175 214
34 13 40 196 175 214
34 13 41 158 216 229
34 13 42 158 216 229
34 14 40 158 216 229
34 14 41 158 216 229
34 14 42 158 216 229
34 15 40 158 216 229
34 15 41 158 216 229
34 15 42 158 216 229
34 16 40 158 216 229
34 16 41 158 216 229
34 16 42 158 216 229
34 17 40 158 216 229
34 17 41 158 216 229
34 17 42 158 216 229
34 18 40 158 216 229
34 18 41 158 216 229
34 18 42 158 216 229
34 19 40 158 216 229
34 19 41 158 216 229
34 19 42 158 216 229
34 20 40 158 216 229
34 20 41 158 216 229
34 20 42 158 216 229
34 21 40 158 216 229
34 21 41 158 216 229
34 21 42 158 216 229
34 22 40 158 216 229
34 22 41 158 216 229
34 22 42 158 216 229
34 23 40 158 216 229
34 23 41 158 216 229
34 23 42 158 216 229
34 24 40 158 216 229
34 24 41 158 216 229
34 24 42 158 216 229
34 25 40 158 216 229
34 25 41 158 216 229
34 25 42 158 216 229
34 26 40 158 216 229
34 26 41 158 216 229
34 26 42 158 216 229
34 27 40 158 216 229
34 27 41 158 216 229
34 27 42 158 216 229
34 28 40 158 216 229
34 28 41 158 216 229
34 28 42 158 216 229
34 29 40 158 216 229
34 29 41 158 216 229
34 29 42 158 216 229
34 30 40 158 216 229
34 30 41 158 216 229
34 30 42 158 216 229
34 31 40 158 216 229
34 31 41 158 216 229
34 31 42 158 216 229
34 32 40 158 216 229
34 32 41 158 216 229
34 32 42 158 216 229
34 33 0 214 38 40
34 33 1 214 38 40
34 33 2 214 38 40
34 33 3 214 38 40
34 33 4 214 38 40
34 33 5 214 38 40
34 33 6 214 38 40
34 33 7 214 38 40
34 33 8 214 38 40
34 33 9 214 38 40
34 33 10 214 38 40
34 33 11 214 38 40
34 33 12 214 38 40
34 33 13 214 38 40
34 33 14 214 38 40
34 33 15 214 38 40
34 33 16 214 38 40
34 33 17 214 38 40
34 33 18 214 38 40
34 33 19 214 38 40
34 33 20 214 38 40
34 33 21 214 38 40
34 33 22 214 38 40
34 33 23 214 38 40
34 33 24 214 38 40
34 33 25 214 38 40
34 33 26 214 38 40
34 33 27 214 38 40
34 33 28 214 38 40
34 33 29 214 38 40
34 33 30 214 38 40
34 33 31 214 38 40
34 33 32 214 38 40
34 33 33 214 38 40
34 33 34 214 38 40
34 33 35 214 38 40
34 33 36 214 38 40
34 33 37 214 38 40
34 33 38 214 38 40
34 33 39 214 38 40
34 33 40 214 38 40
34 33 41 158 216 229
34 33 42 158 216 229
34 34 0 214 38 40
34 34 1 214 38 40
34 34 2 214 38 40
34 34 3 214 38 40
34 34 4 214 38 40
34 34 5 214 38 40
34 34 6 214 38 40
34 34 7 214 38 40
34 34 8 214 38 40
34 34 9 214 38 40
34 34 10 214 38 40
34 34 11 214 38 40
34 34 12 214 38 40
34 34 13 214 38 40
34 34 14 214 38 40
34 34 15 214 38 40
34 34 16 214 38 40
34 34 17 214 38 40
34 34 18 214 38 40
34 34 19 214 38 40
34 34 20 214 38 40
34 34 21 214 38 40
34 34 22 214 38 40
34 34 23 214 38 40
34 34 24 214 38 40
34 34 25 214 38 40
34 34 26 214 38 40
34 34 27 214 38 40
34 34 28 214 38 40
34 34 29 214 38 40
34 34 30 214 38 40
34 34 31 214 38 40
34 34 32 214 38 40
34 34 33 214 38 40
34 34 34 214 38 40
34 34 35 214 38 40
34 34 36 214 38 40
34 34 37 214 38 40
34 34 38 214 38 40
34 34 39 214 38 40
34 34 40 214 38 40
34 34 41 214 38 40
35 0 0 43 160 4
35 0 1 43 160 4
35 0 2 43 160 4
35 0 3 43 160 4
35 0 4 43 160 4
35 0 5 43 160 4
35 0 6 43 160 4
35 0 7 43 160 4
35 0 8 43 160 4
35 0 9 43 160 4
35 0 10 43 160 4
35 0 11 43 160 4
35 0 12 43 160 4
35 0 13 255 186 119
35 0 14 255 186 119
35 0 15 255 186 119
35 0 16 255 186 119
35 0 17 255 186 119
35 0 18 255 186 119
35 0 19 255 186 119
35 0 20 255 186 119
35 0 21 255 186 119
35 0 22 255 186 119
35 0 23 255 186 119
35 0 24 255 186 119
35 0 25 255 186 119
35 0 26 255 186 119
35 0 27 255 186 119
35 0 28 255 186 119
35 0 29 255 186 119
35 0 30 255 186 119
35 0 31 255 186 119
35 0 32 255 186 119
35 0 33 255 186 119
35 0 34 255 186 119
35 0 35 255 186 119
35 0 36 255 186 119
35 0 37 255 186 119
35 0 38 255 186 119
35 0 39 255 186 119
35 0 40 43 160 4
35 1 13 255 186 119
35 1 14 255 186 119
35 1 15 255 186 119
35 1 16 255 186 119
35 1 17 255 186 119
35 1 18 255 186 119
35 1 19 255 186 119
35 1 20 255 186 119
35 1 21 255 186 119
35 1 22 255 186 119
35 1 23 255 186 119
35 1 24 255 186 119
35 1 25 255 186 119
35 1 26 255 186 119
35 1 27 255 186 119
35 1 28 255 186 119
35 1 29 255 186 119
35 1 30 255 186 119
35 1 31 255 186 119
35 1 32 255 186 119
35 1 33 255 186 119
35 1 34 255 186 119
35 1 35 255 186 119
35 1 36 255 186 119
35 1 37 255 186 119
35 1 38 255 186 119
35 1 39 255 186 119
35 1 40 158 216 229
35 1 41 158 216 229
35 2 13 255 186 119
35 2 14 255 186 119
35 2 15 255 186 119
35 2 16 255 186 119
35 2 17 255 186 119
35 2 18 255 186 119
35 2 19 255 186 119
35 2 20 255 186 119
35 2 21 255 186 119
35 2 22 255 186 119
35 2 23 255 186 119
35 2 24 255 186 119
35 2 25 255 186 119
35 2 26 255 186 119
35 2 27 255 186 119
35 2 28 255 186 119
35 2 29 255 186 119
35 2 30 255 186 119
35 2 31 255 186 119
35 2 32 255 186 119
35 2 33 255 186 119
35 2 34 255 186 119
35 2 35 255 186 119
35 2 36 255 186 119
35 2 37 255 186 119
35 2 38 255 186 119
35 2 39 255 186 119
35 2 40 158 216 229
35 2 41 158 216 229
35 3 13 255 186 119
35 3 14 255 186 119
35 3 15 255 186 119
35 3 16 255 186 119
35 3 17 255 186 119
35 3 18 255 186 119
35 3 19 255 186 119
35 3 20 255 186 119
35 3 21 255 186 119
35 3 22 255 186 119
35 3 23 255 186 119
35 3 24 255 186 119
35 3 25 255 186 119
35 3 26 255 186 119
35 3 27 255 186 119
35 3 28 255 186 119
35 3 29 255 186 119
35 3 30 255 186 119
35 3 31 255 186 119
35 3 32 255 186 119
35 3 33 255 186 119
35 3 34 255 186 119
35 3 35 255 186 119
35 3 36 255 186 119
35 3 37 255 186 119
35 3 38 255 186 119
35 3 39 255 186 119
35 3 40 158 216 229
35 3 41 158 216 229
35 4 13 255 186 119
35 4 14 255 186 119
35 4 15 255 186 119
35 4 16 255 186 119
35 4 17 255 186 119
35 4 18 255 186 119
35 4 19 255 186 119
35 4 20 255 186 119
35 4 21 255 186 119
35 4 22 255 186 119
35 4 23 255 186 119
35 4 24 255 186 119
35 4 25 255 186 119
35 4 26 255 186 119
35 4 27 255 186 119
35 4 28 255 186 119
35 4 29 255 186 119
35 4 30 255 186 119
35 4 31 255 186 119
35 4 32 255 186 119
35 4 33 255 186 119
35 4 34 255 186 119
35 4 35 255 186 119
35 4 36 255 186 119
35 4 37 255 186 119
35 4 38 255 186 119
35 4 39 255 186 119
35 4 40 158 216 229
35 4 41 158 216 229
35 5 13 255 186 119
35 5 14 255 186 119
35 5 15 255 186 119
35 5 16 255 186 119
35 5 17 255 186 119
35 5 18 255 186 119
35 5 19 255 186 119
35 5 20 255 186 119
35 5 21 255 186 119
35 5 22 255 186 119
35 5 23 255 186 119
35 5 24 255 186 119
35 5 25 255 186 119
35 5 26 255 186 119
35 5 27 255 186 119
35 5 28 255 186 119
35 5 29 255 186 119
35 5 30 255 186 119
35 5 31 255 186 119
35 5 32 255 186 119
35 5 33 255 186 119
35 5 34 255 186 119
35 5 35 255 186 119
35 5 36 255 186 119
35 5 37 255 186 119
35 5 38 255 186 119
35 5 39 255 186 119
35 5 40 158 216 229
35 5 41 158 216 229
35 6 13 255 186 119
35 6 14 255 186 119
35 6 15 255 186 119
35 6 16 255 186 119
35 6 17 255 186 119
35 6 18 255 186 119
35 6 19 255 186 119
35 6 20 255 186 119
35 6 21 255 186 119
35 6 22 255 186 119
35 6 23 255 186 119
35 6 24 255 186 119
35 6 25 255 186 119
35 6 26 255 186 119
35 6 27 255 186 119
35 6 28 255 186 119
35 6 29 255 186 119
35 6 30 255 186 119
35 6 31 255 186 119
35 6 32 255 186 119
35 6 33 255 186 119
35 6 34 255 186 119
35 6 35 255 186 119
35 6 36 255 186 119
35 6 37 255 186 119
35 6 38 255 186 119
35 6 39 255 186 119
35 6 40 158 216 229
35 6 41 158 216 229
35 7 13 255 186 119
35 7 14 255 186 119
35 7 15 255 186 119
35 7 16 255 186 119
35 7 17 255 186 119
35 7 18 255 186 119
35 7 19 255 186 119
35 7 20 255 186 119
35 7 21 255 186 119
35 7 22 255 186 119
35 7 23 255 186 119
35 7 24 255 186 119
35 7 25 255 186 119
35 7 26 255 186 119
35 7 27 255 186 119
35 7 28 255 186 119
35 7 29 255 186 119
35 7 30 255 186 119
35 7 31 255 186 119
35 7 32 255 186 119
35 7 33 255 186 119
35 7 34 255 186 119
35 7 35 255 186 119
35 7 36 255 186 119
35 7 37 255 186 119
35 7 38 255 186 119
35 7 39 196 175 214
35 7 40 158 216 229
35 7 41 158 216 229
35 8 35 196 175 214
35 8 36 196 175 214
35 8 37 196 175 214
35 8 38 196 175 214
35 8 39 196 175 214
35 8 40 158 216 229
35 8 41 158 216 229
35 9 35 196 175 214
35 9 36 196 175 214
35 9 37 196 175 214
35 9 38 196 175 214
35 9 39 196 175 214
35 9 40 158 216 229
35 9 41 158 216 229
35 10 35 196 175 214
35 10 36 196 175 214
35 10 37 196 175 214
35 10 38 196 175 214
35 10 39 196 175 214
35 10 40 158 216 229
35 10 41 158 216 229
35 11 36 196 175 214
35 11 37 196 175 214
35 11 38 196 175 214
35 11 39 196 175 214
35 11 40 158 216 229
35 11 41 158 216 229
35 12 36 196 175 214
35 12 37 196 175 214
35 12 38 196 175 214
35 12 39 196 175 214
35 12 40 158 216 229
35 12 41 158 216 229
35 13 37 196 175 214
35 13 38 196 175 214
35 13 39 196 175 214
35 13 40 158 216 229
35 13 41 158 216 229
35 14 39 158 216 229
35 14 40 158 216 229
35 14 41 158 216 229
35 15 39 158 216 229
35 15 40 158 216 229
35 15 41 158 216 229
35 16 39 158 216 229
35 16 40 158 216 229
35 16 41 158 216 229
35 17 39 158 216 229
35 17 40 158 216 229
35 17 41 158 216 229
35 18 39 158 216 229
35 18 40 158 216 229
35 18 41 158 216 229
35 19 39 158 216 229
35 19 40 158 216 229
35 19 41 158 216 229
35 20 39 158 216 229
35 20 40 158 216 229
35 20 41 158 216 229
35 21 39 158 216 229
35 21 40 158 216 229
35 21 41 158 216 229
35 22 39 158 216 229
35 22 40 158 216 229
35 22 41 158 216 229
35 23 39 158 216 229
35 23 40 158 216 229
35 23 41 158 216 229
35 24 39 158 216 229
35 24 40 158 216 229
35 24 41 158 216 229
35 25 39 158 216 229
35 25 40 158 216 229
35 25 41 158 216 229
35 26 39 158 216 229
35 26 40 158 216 229
35 26 41 158 216 229
35 27 39 158 216 229
35 27 40 158 216 229
35 27 41 158 216 229
35 28 39 158 216 229
35 28 40 158 216 229
35 28 41 158 216 229
35 29 39 158 216 229
35 29 40 158 216 229
35 29 41 158 216 229
35 30 39 158 216 229
35 30 40 158 216 229
35 30 41 158 216 229
35 31 39 158 216 229
35 31 40 158 216 229
35 31 41 158 216 229
35 32 39 158 216 229
35 32 40 158 216 229
35 32 41 158 216 229
35 33 0 214 38 40
35 33 1 214 38 40
35 33 2 214 38 40
35 33 3 214 38 40
35 33 4 214 38 40
35 33 5 214 38 40
35 33 6 214 38 40
35 33 7 214 38 40
35 33 8 214 38 40
35 33 9 214 38 40
35 33 10 214 38 40
35 33 11 214 38 40
35 33 12 214 38 40
35 33 13 214 38 40
35 33 14 214 38 40
35 33 15 214 38 40
35 33 16 214 38 40
35 33 17 214 38 40
35 33 18 214 38 40
35 33 19 214 38 40
35 33 20 214 38 40
35 33 21 214 38 40
35 33 22 214 38 40
35 33 23 214 38 40
35 33 24 214 38 40
35 33 25 214 38 40
35 33 26 214 38 40
35 33 27 214 38 40
35 33 28 214 38 40
35 33 29 214 38 40
35 33 30 214 38 40
35 33 31 214 38 40
35 33 32 214 38 40
35 33 33 214 38 40
35 33 34 214 38 40
35 33 35 214 38 40
35 33 36 214 38 40
35 33 37 214 38 40
35 33 38 214 38 40
35 33 39 214 38 40
35 33 40 158 216 229
35 33 41 158 216 229
35 34 0 214 38 40
35 34 1 214 38 40
35 34 2 214 38 40
35 34 3 214 38 40
35 34 4 214 38 40
35 34 5 214 38 40
35 34 6 214 38 40
35 34 7 214 38 40
35 34 8 214 38 40
35 34 9 214 38 40
35 34 10 214 38 40
35 34 11 214 38 40
35 34 12 214 38 40
35 34 13 214 38 40
35 34 14 214 38 40
35 34 15 214 38 40
35 34 16 214 38 40
35 34 17 214 38 40
35 34 18 214 38 40
35 34 19 214 38 40
35 34 20 214 38 40
35 34 21 214 38 40
35 34 22 214 38 40
35 34 23 214 38 40
35 34 24 214 38 40
35 34 25 214 38 40
35 34 26 214 38 40
35 34 27 214 38 40
35 34 28 214 38 40
35 34 29 214 38 40
35 34 30 214 38 40
35 34 31 214 38 40
35 34 32 214 38 40
35 34 33 214 38 40
35 34 34 214 38 40
35 34 35 214 38 40
35 34 36 214 38 40
35 34 37 214 38 40
35 34 38 214 38 40
35 34 39 214 38 40
35 34 40 214 38 40
36 0 0 43 160 4
36 0 1 43 160 4
36 0 2 43 160 4
36 0 3 43 160 4
36 0 4 43 160 4
36 0 5 43 160 4
36 0 6 43 160 4
36 0 7 43 160 4
36 0 8 43 160 4
36 0 9 43 160 4
36 0 10 43 160 4
36 0 11 43 160 4
36 0 12 43 160 4
36 0 13 255 186 119
36 0 14 255 186 119
36 0 15 255 186 119
36 0 16 255 186 119
36 0 17 255 186 119
36 0 18 255 186 119
36 0 19 255 186 119
36 0 20 255 186 119
36 0 21 255 186 119
36 0 22 255 186 119
36 0 23 255 186 119
36 0 24 255 186 119
36 0 25 255 186 119
36 0 26 255 186 119
36 0 27 255 186 119
36 0 28 255 186 119
36 0 29 255 186 119
36 0 30 255 186 119
36 0 31 255 186 119
36 0 32 255 186 119
36 0 33 255 186 119
36 0 34 255 186 119
36 0 35 255 186 119
36 0 36 255 186 119
36 0 37 255 186 119
36 0 38 255 186 119
36 0 39 43 160 4
36 1 12 255 186 119
36 1 13 255 186 119
36 1 14 255 186 119
36 1 15 255 186 119
36 1 16 255 186 119
36 1 17 255 186 119
36 1 18 255 186 119
36 1 19 255 186 119
36 1 20 255 186 119
36 1 21 255 186 119
36 1 22 255 186 119
36 1 23 255 186 119
36 1 24 255 186 119
36 1 25 255 186 119
36 1 26 255 186 119
36 1 27 255 186 119
36 1 28 255 186 119
36 1 29 255 186 119
36 1 30 255 186 119
36 1 31 255 186 119
36 1 32 255 186 119
36 1 33 255 186 119
36 1 34 255 186 119
36 1 35 255 186 119
36 1 36 255 186 119
36 1 37 255 186 119
36 1 38 255 186 119
36 1 39 158 216 229
36 1 40 158 216 229
36 2 12 255 186 119
36 2 13 255 186 119
36 2 14 255 186 119
36 2 15 255 186 119
36 2 16 255 186 119
36 2 17 255 186 119
36 2 18 255 186 119
36 2 19 255 186 119
36 2 20 255 186 119
36 2 21 255 186 119
36 2 22 255 186 119
36 2 23 255 186 119
36 2 24 255 186 119
36 2 25 255 186 119
36 2 26 255 186 119
36 2 27 255 186 119
36 2 28 255 186 119
36 2 29 255 186 119
36 2 30 255 186 119
36 2 31 255 186 119
36 2 32 255 186 119
36 2 33 255 186 119
36 2 34 255 186 119
36 2 35 255 186 119
36 2 36 255 186 119
36 2 37 255 186 119
36 2 38 255 186 119
36 2 39 158 216 229
36 2 40 158 216 229
36 3 12 255 186 119
36 3 13 255 186 119
36 3 14 255 186 119
36 3 15 255 186 119
36 3 16 255 186 119
36 3 17 255 186 119
36 3 18 255 186 119
36 3 19 255 186 119
36 3 20 255 186 119
36 3 21 255 186 119
36 3 22 255 186 119
36 3 23 255 186 119
36 3 24 255 186 119
36 3 25 255 186 119
36 3 26 255 186 119
36 3 27 255 186 119
36 3 28 255 186 119
36 3 29 255 186 119
36 3 30 255 186 119
36 3 31 255 186 119
36 3 32 255 186 119
36 3 33 255 186 119
36 3 34 255 186 119
36 3 35 255 186 119
36 3 36 255 186 119
36 3 37 255 186 119
36 3 38 255 186 119
36 3 39 158 216 229
36 3 40 158 216 229
36 4 12 255 186 119
36 4 13 255 186 119
36 4 14 255 186 119
36 4 15 255 186 119
36 4 16 255 186 119
36 4 17 255 186 119
36 4 18 255 186 119
36 4 19 255 186 119
36 4 20 255 186 119
36 4 21 255 186 119
36 4 22 255 186 119
36 4 23 255 186 119
36 4 24 255 186 119
36 4 25 255 186 119
36 4 26 255 186 119
36 4 27 255 186 119
36 4 28 255 186 119
36 4 29 255 186 119
36 4 30 255 186 119
36 4 31 255 186 119
36 4 32 255 186 119
36 4 33 255 186 119
36 4 34 255 186 119
36 4 35 255 186 119
36 4 36 255 186 119
36 4 37 255 186 119
36 4 38 255 186 119
36 4 39 158 216 229
36 4 40 158 216 229
36 5 12 255 186 119
36 5 13 255 186 119
36 5 14 255 186 119
36 5 15 255 186 119
36 5 16 255 186 119
36 5 17 255 186 119
36 5 18 255 186 119
36 5 19 255 186 119
36 5 20 255 186 119
36 5 21 255 186 119
36 5 22 255 186 119
36 5 23 255 186 119
36 5 24 255 186 119
36 5 25 255 186 119
36 5 26 255 186 119
36 5 27 255 186 119
36 5 28 255 186 119
36 5 29 255 186 119
36 5 30 255 186 119
36 5 31 255 186 119
36 5 32 255 186 119
36 5 33 255 186 119
36 5 34 255 186 119
36 5 35 255 186 119
36 5 36 255 186 119
36 5 37 255 186 119
36 5 38 255 186 119
36 5 39 158 216 229
36 5 40 158 216 229
36 6 12 255 186 119
36 6 13 255 186 119
36 6 14 255 186 119
36 6 15 255 186 119
36 6 16 255 186 119
36 6 17 255 186 119
36 6 18 255 186 119
36 6 19 255 186 119
36 6 20 255 186 119
36 6 21 255 186 119
36 6 22 255 186 119
36 6 23 255 186 119
36 6 24 255 186 119
36 6 25 255 186 119
36 6 26 255 186 119
36 6 27 255 186 119
36 6 28 255 186 119
36 6 29 255 186 119
36 6 30 255 186 119
36 6 31 255 186 119
36 6 32 255 186 119
36 6 33 255 186 119
36 6 34 255 186 119
36 6 35 255 186 119
36 6 36 255 186 119
36 6 37 255 186 119
36 6 38 255 186 119
36 6 39 158 216 229
36 6 40 158 216 229
36 7 12 255 186 119
36 7 13 255 186 119
36 7 14 255 186 119
36 7 15 255 186 119
36 7 16 255 186 119
36 7 17 255 186 119
36 7 18 255 186 119
36 7 19 255 186 119
36 7 20 255 186 119
36 7 21 255 186 119
36 7 22 255 186 119
36 7 23 255 186 119
36 7 24 255 186 119
36 7 25 255 186 119
36 7 26 255 186 119
36 7 27 255 186 119
36 7 28 255 186 119
36 7 29 255 186 119
36 7 30 255 186 119
36 7 31 255 186 119
36 7 32 255 186 119
36 7 33 255 186 119
36 7 34 255 186 119
36 7 35 255 186 119
36 7 36 255 186 119
36 7 37 255 186 119
36 7 38 255 186 119
36 7 39 158 216 229
36 7 40 158 216 229
36 8 34 196 175 214
36 8 35 196 175 214
36 8 36 196 175 214
36 8 37 196 175 214
36 8 38 196 175 214
36 8 39 158 216 229
36 8 40 158 216 229
36 9 34 196 175 214
36 9 35 196 175 214
36 9 36 196 175 214
36 9 37 196 175 214
36 9 38 196 175 214
36 9 39 158 216 229
36 9 40 158 216 229
36 10 34 196 175 214
36 10 35 196 175 214
36 10 36 196 175 214
36 10 37 196 175 214
36 10 38 196 175 214
36 10 39 158 216 229
36 10 40 158 216 229
36 11 36 196 175 214
36 11 37 196 175 214
36 11 38 196 175 214
36 11 39 158 216 229
36 11 40 158 216 229
36 12 36 196 175 214
36 12 37 196 175 214
36 12 38 196 175 214
36 12 39 158 216 229
36 12 40 158 216 229
36 13 36 196 175 214
36 13 37 196 175 214
36 13 38 196 175 214
36 13 39 158 216 229
36 13 40 158 216 229
36 14 38 158 216 229
36 14 39 158 216 229
36 14 40 158 216 229
36 15 38 158 216 229
36 15 39 158 216 229
36 15 40 158 216 229
36 16 38 158 216 229
36 16 39 158 216 229
36 16 40 158 216 229
36 17 38 158 216 229
36 17 39 158 216 229
36 17 40 158 216 229
36 18 38 158 216 229
36 18 39 158 216 229
36 18 40 158 216 229
36 19 38 158 216 229
36 19 39 158 216 229
36 19 40 158 216 229
36 20 38 158 216 229
36 20 39 158 216 229
36 20 40 158 216 229
36 21 38 158 216 229
36 21 39 158 216 229
36 21 40 158 216 229
36 22 38 158 216 229
36 22 39 158 216 229
36 22 40 158 216 229
36 23 38 158 216 229
36 23 39 158 216 229
36 23 40 158 216 229
36 24 38 158 216 229
36 24 39 158 216 229
36 24 40 158 216 229
36 25 38 158 216 229
36 25 39 158 216 229
36 25 40 158 216 229
36 26 38 158 216 229
36 26 39 158 216 229
36 26 40 158 216 229
36 27 38 158 216 229
36 27 39 158 216 229
36 27 40 158 216 229
36 28 38 158 216 229
36 28 39 158 216 229
36 28 40 158 216 229
36 29 38 158 216 229
36 29 39 158 216 229
36 29 40 158 216 229
36 30 38 158 216 229
36 30 39 158 216 229
36 30 40 158 216 229
36 31 38 158 216 229
36 31 39 158 216 229
36 31 40 158 216 229
36 32 38 158 216 229
36 32 39 158 216 229
36 32 40 158 216 229
36 33 0 214 38 40
36 33 1 214 38 40
36 33 2 214 38 40
36 33 3 214 38 40
36 33 4 214 38 40
36 33 5 214 38 40
36 33 6 214 38 40
36 33 7 214 38 40
36 33 8 214 38 40
36 33 9 214 38 40
36 33 10 214 38 40
36 33 11 214 38 40
36 33 12 214 38 40
36 33 13 214 38 40
36 33 14 214 38 40
36 33 15 214 38 40
36 33 16 214 38 40
36 33 17 214 38 40
36 33 18 214 38 40
36 33 19 214 38 40
36 33 20 214 38 40
36 33 21 214 38 40
36 33 22 214 38 40
36 33 23 214 38 40
36 33 24 214 38 40
36 33 25 214 38 40
36 33 26 214 38 40
36 33 27 214 38 40
36 33 28 214 38 40
36 33 29 214 38 40
36 33 30 214 38 40
36 33 31 214 38 40
36 33 32 214 38 40
36 33 33 214 38 40
36 33 34 214 38 40
36 33 35 214 38 40
36 33 36 214 38 40
36 33 37 214 38 40
36 33 38 214 38 40
36 33 39 158 216 229
36 33 40 158 216 229
36 34 0 214 38 40
36 34 1 214 38 40
36 34 2 214 38 40
36 34 3 214 38 40
36 34 4 214 38 40
36 34 5 214 38 40
36 34 6 214 38 40
36 34 7 214 38 40
36 34 8 214 38 40
36 34 9 214 38 40
36 34 10 214 38 40
36 34 11 214 38 40
36 34 12 214 38 40
36 34 13 214 38 40
36 34 14 214 38 40
36 34 15 214 38 40
36 34 16 214 38 40
36 34 17 214 38 40
36 34 18 214 38 40
36 34 19 214 38 40
36 34 20 214 38 40
36 34 21 214 38 40
36 34 22 214 38 40
36 34 23 214 38 40
36 34 24 214 38 40
36 34 25 214 38 40
36 34 26 214 38 40
36 34 27 214 38 40
36 34 28 214 38 40
36 34 29 214 38 40
36 34 30 214 38 40
36 34 31 214 38 40
36 34 32 214 38 40
36 34 33 214 38 40
36 34 34 214 38 40
36 34 35 214 38 40
36 34 36 214 38 40
36 34 37 214 38 40
36 34 38 214 38 40
36 34 39 214 38 40
37 0 0 43 160 4
37 0 1 43 160 4
37 0 2 43 160 4
37 0 3 43 160 4
37 0 4 43 160 4
37 0 5 43 160 4
37 0 6 43 160 4
37 0 7 43 160 4
37 0 8 43 160 4
37 0 9 43 160 4
37 0 10 43 160 4
37 0 11 43 160 4
37 0 12 43 160 4
37 0 13 255 186 119
37 0 14 255 186 119
37 0 15 255 186 119
37 0 16 255 186 119
37 0 17 255 186 119
37 0 18 255 186 119
37 0 19 255 186 119
37 0 20 255 186 119
37 0 21 255 186 119
37 0 22 255 186 119
37 0 23 255 186 119
37 0 24 255 186 119
37 0 25 255 186 119
37 0 26 255 186 119
37 0 27 255 186 119
37 0 28 255 186 119
37 0 29 255 186 119
37 0 30 255 186 119
37 0 31 255 186 119
37 0 32 255 186 119
37 0 33 255 186 119
37 0 34 255 186 119
37 0 35 255 186 119
37 0 36 255 186 119
37 0 37 43 160 4
37 0 38 158 216 229
37 1 12 255 186 119
37 1 13 255 186 119
37 1 14 255 186 119
37 1 15 255 186 119
37 1 16 255 186 119
37 1 17 255 186 119
37 1 18 255 186 119
37 1 19 255 186 119
37 1 20 255 186 119
37 1 21 255 186 119
37 1 22 255 186 119
37 1 23 255 186 119
37 1 24 255 186 119
37 1 25 255 186 119
37 1 26 255 186 119
37 1 27 255 186 119
37 1 28 255 186 119
37 1 29 255 186 119
37 1 30 255 186 119
37 1 31 255 186 119
37 1 32 255 186 119
37 1 33 255 186 119
37 1 34 255 186 119
37 1 35 255 186 119
37 1 36 255 186 119
37 1 37 255 186 119
37 1 38 158 216 229
37 2 12 255 186 119
37 2 13 255 186 119
37 2 14 255 186 119
37 2 15 255 186 119
37 2 16 255 186 119
37 2 17 255 186 119
37 2 18 255 186 119
37 2 19 255 186 119
37 2 20 255 186 119
37 2 21 255 186 119
37 2 22 255 186 119
37 2 23 255 186 119
37 2 24 255 186 119
37 2 25 255 186 119
37 2 26 255 186 119
37 2 27 255 186 119
37 2 28 255 186 119
37 2 29 255 186 119
37 2 30 255 186 119
37 2 31 255 186 119
37 2 32 255 186 119
37 2 33 255 186 119
37 2 34 255 186 119
37 2 35 255 186 119
37 2 36 255 186 119
37 2 37 255 186 119
37 2 38 158 216 229
37 3 12 255 186 119
37 3 13 255 186 119
37 3 14 255 186 119
37 3 15 255 186 119
37 3 16 255 186 119
37 3 17 255 186 119
37 3 18 255 186 119
37 3 19 255 186 119
37 3 20 255 186 119
37 3 21 255 186 119
37 3 22 255 186 119
37 3 23 255 186 119
37 3 24 255 186 119
37 3 25 255 186 119
37 3 26 255 186 119
37 3 27 255 186 119
37 3 28 255 186 119
37 3 29 255 186 119
37 3 30 255 186 119
37 3 31 255 186 119
37 3 32 255 186 119
37 3 33 255 186 119
37 3 34 255 186 119
37 3 35 255 186 119
37 3 36 255 186 119
37 3 37 255 186 119
37 3 38 158 216 229
37 4 12 255 186 119
37 4 13 255 186 119
37 4 14 255 186 119
37 4 15 255 186 119
37 4 16 255 186 119
37 4 17 255 186 119
37 4 18 255 186 119
37 4 19 255 186 119
37 4 20 255 186 119
37 4 21 255 186 119
37 4 22 255 186 119
37 4 23 255 186 119
37 4 24 255 186 119
37 4 25 255 186 119
37 4 26 255 186 119
37 4 27 255 186 119
37 4 28 255 186 119
37 4 29 255 186 119
37 4 30 255 186 119
37 4 31 255 186 119
37 4 32 255 186 119
37 4 33 255 186 119
37 4 34 255 186 119
37 4 35 255 186 119
37 4 36 255 186 119
37 4 37 255 186 119
37 4 38 158 216 229
37 5 12 255 186 119
37 5 13 255 186 119
37 5 14 255 186 119
37 5 15 255 186 119
37 5 16 255 186 119
37 5 17 255 186 119
37 5 18 255 186 119
37 5 19 255 186 119
37 5 20 255 186 119
37 5 21 255 186 119
37 5 22 255 186 119
37 5 23 255 186 119
37 5 24 255 186 119
37 5 25 255 186 119
37 5 26 255 186 119
37 5 27 255 186 119
37 5 28 255 186 119
37 5 29 255 186 119
37 5 30 255 186 119
37 5 31 255 186 119
37 5 32 255 186 119
37 5 33 255 186 119
37 5 34 255 186 119
37 5 35 255 186 119
37 5 36 255 186 119
37 5 37 255 186 119
37 5 38 158 216 229
37 6 12 255 186 119
37 6 13 255 186 119
37 6 14 255 186 119
37 6 15 255 186 119
37 6 16 255 186 119
37 6 17 255 186 119
37 6 18 255 186 119
37 6 19 255 186 119
37 6 20 255 186 119
37 6 21 255 186 119
37 6 22 255 186 119
37 6 23 255 186 119
37 6 24 255 186 119
37 6 25 255 186 119
37 6 26 255 186 119
37 6 27 255 186 119
37 6 28 255 186 119
37 6 29 255 186 119
37 6 30 255 186 119
37 6 31 255 186 119
37 6 32 255 186 119
37 6 33 255 186 119
37 6 34 255 186 119
37 6 35 255 186 119
37 6 36 255 186 119
37 6 37 255 186 119
37 6 38 158 216 229
37 7 13 255 186 119
37 7 14 255 186 119
37 7 15 255 186 119
37 7 16 255 186 119
37 7 17 255 186 119
37 7 18 255 186 119
37 7 19 255 186 119
37 7 20 255 186 119
37 7 21 255 186 119
37 7 22 255 186 119
37 7 23 255 186 119
37 7 24 255 186 119
37 7 25 255 186 119
37 7 26 255 186 119
37 7 27 255 186 119
37 7 28 255 186 119
37 7 29 255 186 119
37 7 30 255 186 119
37 7 31 255 186 119
37 7 32 255 186 119
37 7 33 255 186 119
37 7 34 255 186 119
37 7 35 255 186 119
37 7 36 255 186 119
37 7 37 158 216 229
37 7 38 158 216 229
37 8 33 196 175 214
37 8 34 196 175 214
37 8 35 196 175 214
37 8 36 196 175 214
37 8 37 158 216 229
37 8 38 158 216 229
37 9 33 196 175 214
37 9 34 196 175 214
37 9 35 196 175 214
37 9 36 196 175 214
37 9 37 158 216 229
37 9 38 158 216 229
37 10 33 196 175 214
37 10 34 196 175 214
37 10 35 196 175 214
37 10 36 196 175 214
37 10 37 196 175 214
37 10 38 158 216 229
37 11 36 196 175 214
37 11 37 196 175 214
37 11 38 158 216 229
37 12 36 196 175 214
37 12 37 196 175 214
37 12 38 158 216 229
37 13 36 196 175 214
37 13 37 158 216 229
37 13 38 158 216 229
37 14 37 158 216 229
37 14 38 158 216 229
37 15 37 158 216 229
37 15 38 158 216 229
37 16 37 158 216 229
37 16 38 158 216 229
37 17 37 158 216 229
37 17 38 158 216 229
37 18 37 158 216 229
37 18 38 158 216 229
37 19 37 158 216 229
37 19 38 158 216 229
37 20 37 158 216 229
37 20 38 158 216 229
37 21 37 158 216 229
37 21 38 158 216 229
37 22 37 158 216 229
37 22 38 158 216 229
37 23 37 158 216 229
37 23 38 158 216 229
37 24 37 158 216 229
37 24 38 158 216 229
37 25 37 158 216 229
37 25 38 158 216 229
37 26 37 158 216 229
37 26 38 158 216 229
37 27 37 158 216 229
37 27 38 158 216 229
37 28 37 158 216 229
37 28 38 158 216 229
37 29 37 158 216 229
37 29 38 158 216 229
37 30 37 158 216 229
37 30 38 158 216 229
37 31 37 158 216 229
37 31 38 158 216 229
37 32 37 158 216 229
37 32 38 158 216 229
37 33 0 214 38 40
37 33 1 214 38 40
37 33 2 214 38 40
37 33 3 214 38 40
37 33 4 214 38 40
37 33 5 214 38 40
37 33 6 214 38 40
37 33 7 214 38 40
37 33 8 214 38 40
37 33 9 214 38 40
37 33 10 214 38 40
37 33 11 214 38 40
37 33 12 214 38 40
37 33 13 214 38 40
37 33 14 214 38 40
37 33 15 214 38 40
37 33 16 214 38 40
37 33 17 214 38 40
37 33 18 214 38 40
37 33 19 214 38 40
37 33 20 214 38 40
37 33 21 214 38 40
37 33 22 214 38 40
37 33 23 214 38 40
37 33 24 214 38 40
37 33 25 214 38 40
37 33 26 214 38 40
37 33 27 214 38 40
37 33 28 214 38 40
37 33 29 214 38 40
37 33 30 214 38 40
37 33 31 214 38 40
37 33 32 214 38 40
37 33 33 214 38 40
37 33 34 214 38 40
37 33 35 214 38 40
37 33 36 214 38 40
37 33 37 158 216 229
37 33 38 158 216 229
37 34 0 214 38 40
37 34 1 214 38 40
37 34 2 214 38 40
37 34 3 214 38 40
37 34 4 214 38 40
37 34 5 214 38 40
37 34 6 214 38 40
37 34 7 214 38 40
37 34 8 214 38 40
37 34 9 214 38 40
37 34 10 214 38 40
37 34 11 214 38 40
37 34 12 214 38 40
37 34 13 214 38 40
37 34 14 214 38 40
37 34 15 214 38 40
37 34 16 214 38 40
37 34 17 214 38 40
37 34 18 214 38 40
37 34 19 214 38 40
37 34 20 214 38 40
37 34 21 214 38 40
37 34 22 214 38 40
37 34 23 214 38 40
37 34 24 214 38 40
37 34 25 214 38 40
37 34 26 214 38 40
37 34 27 214 38 40
37 34 28 214 38 40
37 34 29 214 38 40
37 34 30 214 38 40
37 34 31 214 38 40
37 34 32 214 38 40
37 34 33 214 38 40
37 34 34 214 38 40
37 34 35 214 38 40
37 34 36 214 38 40
37 34 37 214 38 40
38 0 0 43 160 4
38 0 1 43 160 4
38 0 2 43 160 4
38 0 3 43 160 4
38 0 4 43 160 4
38 0 5 43 160 4
38 0 6 43 160 4
38 0 7 43 160 4
38 0 8 43 160 4
38 0 9 43 160 4
38 0 10 43 160 4
38 0 11 43 160 4
38 0 12 43 160 4
38 0 13 43 160 4
38 0 14 255 186 119
38 0 15 255 186 119
38 0 16 255 186 119
38 0 17 255 186 119
38 0 18 255 186 119
38 0 19 255 186 119
38 0 20 255 186 119
38 0 21 255 186 119
38 0 22 255 186 119
38 0 23 255 186 119
38 0 24 255 186 119
38 0 25 255 186 119
38 0 26 255 186 119
38 0 27 255 186 119
38 0 28 255 186 119
38 0 29 255 186 119
38 0 30 255 186 119
38 0 31 255 186 119
38 0 32 255 186 119
38 0 33 255 186 119
38 0 34 255 186 119
38 0 35 255 186 119
38 0 36 43 160 4
38 0 37 158 216 229
38 1 13 255 186 119
38 1 14 255 186 119
38 1 15 255 186 119
38 1 16 255 186 119
38 1 17 255 186 119
38 1 18 255 186 119
38 1 19 255 186 119
38 1 20 255 186 119
38 1 21 255 186 119
38 1 22 255 186 119
38 1 23 255 186 119
38 1 24 255 186 119
38 1 25 255 186 119
38 1 26 255 186 119
38 1 27 255 186 119
38 1 28 255 186 119
38 1 29 255 186 119
38 1 30 255 186 119
38 1 31 255 186 119
38 1 32 255 186 119
38 1 33 255 186 119
38 1 34 255 186 119
38 1 35 255 186 119
38 1 36 158 216 229
38 1 37 158 216 229
38 2 13 255 186 119
38 2 14 255 186 119
38 2 15 255 186 119
38 2 16 255 186 119
38 2 17 255 186 119
38 2 18 255 186 119
38 2 19 255 186 119
38 2 20 255 186 119
38 2 21 255 186 119
38 2 22 255 186 119
38 2 23 255 186 119
38 2 24 255 186 119
38 2 25 255 186 119
38 2 26 255 186 119
38 2 27 255 186 119
38 2 28 255 186 119
38 2 29 255 186 119
38 2 30 255 186 119
38 2 31 255 186 119
38 2 32 255 186 119
38 2 33 255 186 119
38 2 34 255 186 119
38 2 35 255 186 119
38 2 36 158 216 229
38 2 37 158 216 229
38 3 13 255 186 119
38 3 14 255 186 119
38 3 15 255 186 119
38 3 16 255 186 119
38 3 17 255 186 119
38 3 18 255 186 119
38 3 19 255 186 119
38 3 20 255 186 119
38 3 21 255 186 119
38 3 22 255 186 119
38 3 23 255 186 119
38 3 24 255 186 119
38 3 25 255 186 119
38 3 26 255 186 119
38 3 27 255 186 119
38 3 28 255 186 119
38 3 29 255 186 119
38 3 30 255 186 119
38 3 31 255 186 119
38 3 32 255 186 119
38 3 33 255 186 119
38 3 34 255 186 119
38 3 35 255 186 119
38 3 36 158 216 229
38 3 37 158 216 229
38 4 13 255 186 119
38 4 14 255 186 119
38 4 15 255 186 119
38 4 16 255 186 119
38 4 17 255 186 119
38 4 18 255 186 119
38 4 19 255 186 119
38 4 20 255 186 119
38 4 21 255 186 119
38 4 22 255 186 119
38 4 23 255 186 119
38 4 24 255 186 119
38 4 25 255 186 119
38 4 26 255 186 119
38 4 27 255 186 119
38 4 28 255 186 119
38 4 29 255 186 119
38 4 30 255 186 119
38 4 31 255 186 119
38 4 32 255 186 119
38 4 33 255 186 119
38 4 34 255 186 119
38 4 35 255 186 119
38 4 36 158 216 229
38 4 37 158 216 229
38 5 13 255 186 119
38 5 14 255 186 119
38 5 15 255 186 119
38 5 16 255 186 119
38 5 17 255 186 119
38 5 18 255 186 119
38 5 19 255 186 119
38 5 20 255 186 119
38 5 21 255 186 119
38 5 22 255 186 119
38 5 23 255 186 119
38 5 24 255 186 119
38 5 25 255 186 119
38 5 26 255 186 119
38 5 27 255 186 119
38 5 28 255 186 119
38 5 29 255 186 119
38 5 30 255 186 119
38 5 31 255 186 119
38 5 32 255 186 119
38 5 33 255 186 119
38 5 34 255 186 119
38 5 35 255 186 119
38 5 36 158 216 229
38 5 37 158 216 229
38 6 13 255 186 119
38 6 14 255 186 119
38 6 15 255 186 119
38 6 16 255 186 119
38 6 17 255 186 119
38 6 18 255 186 119
38 6 19 255 186 119
38 6 20 255 186 119
38 6 21 255 186 119
38 6 22 255 186 119
38 6 23 255 186 119
38 6 24 255 186 119
38 6 25 255 186 119
38 6 26 255 186 119
38 6 27 255 186 119
38 6 28 255 186 119
38 6 29 255 186 119
38 6 30 255 186 119
38 6 31 255 186 119
38 6 32 255 186 119
38 6 33 255 186 119
38 6 34 255 186 119
38 6 35 255 186 119
38 6 36 158 216 229
38 6 37 158 216 229
38 7 13 255 186 119
38 7 14 255 186 119
38 7 15 255 186 119
38 7 16 255 186 119
38 7 17 255 186 119
38 7 18 255 186 119
38 7 19 255 186 119
38 7 20 255 186 119
38 7 21 255 186 119
38 7 22 255 186 119
38 7 23 255 186 119
38 7 24 255 186 119
38 7 25 255 186 119
38 7 26 255 186 119
38 7 27 255 186 119
38 7 28 255 186 119
38 7 29 255 186 119
38 7 30 255 186 119
38 7 31 255 186 119
38 7 32 255 186 119
38 7 33 255 186 119
38 7 34 255 186 119
38 7 35 255 186 119
38 7 36 158 216 229
38 7 37 158 216 229
38 8 31 196 175 214
38 8 32 196 175 214
38 8 33 196 175 214
38 8 34 196 175 214
38 8 35 196 175 214
38 8 36 158 216 229
38 8 37 158 216 229
38 9 31 196 175 214
38 9 32 196 175 214
38 9 33 196 175 214
38 9 34 196 175 214
38 9 35 196 175 214
38 9 36 158 216 229
38 9 37 158 216 229
38 10 32 196 175 214
38 10 33 196 175 214
38 10 34 196 175 214
38 10 35 196 175 214
38 10 36 158 216 229
38 10 37 158 216 229
38 11 36 158 216 229
38 11 37 158 216 229
38 12 36 158 216 229
38 12 37 158 216 229
38 13 36 158 216 229
38 13 37 158 216 229
38 14 36 158 216 229
38 14 37 158 216 229
38 15 36 158 216 229
38 15 37 158 216 229
38 16 36 158 216 229
38 16 37 158 216 229
38 17 36 158 216 229
38 17 37 158 216 229
38 18 36 158 216 229
38 18 37 158 216 229
38 19 36 158 216 229
38 19 37 158 216 229
38 20 36 158 216 229
38 20 37 158 216 229
38 21 36 158 216 229
38 21 37 158 216 229
38 22 36 158 216 229
38 22 37 158 216 229
38 23 36 158 216 229
38 23 37 158 216 229
38 24 36 158 216 229
38 24 37 158 216 229
38 25 36 158 216 229
38 25 37 158 216 229
38 26 36 158 216 229
38 26 37 158 216 229
38 27 36 158 216 229
38 27 37 158 216 229
38 28 36 158 216 229
38 28 37 158 216 229
38 29 36 158 216 229
38 29 37 158 216 229
38 30 36 158 216 229
38 30 37 158 216 229
38 31 36 158 216 229
38 31 37 158 216 229
38 32 36 158 216 229
38 32 37 158 216 229
38 33 0 214 38 40
38 33 1 214 38 40
38 33 2 214 38 40
38 33 3 214 38 40
38 33 4 214 38 40
38 33 5 214 38 40
38 33 6 214 38 40
38 33 7 214 38 40
38 33 8 214 38 40
38 33 9 214 38 40
38 33 10 214 38 40
38 33 11 214 38 40
38 33 12 214 38 40
38 33 13 214 38 40
38 33 14 214 38 40
38 33 15 214 38 40
38 33 16 214 38 40
38 33 17 214 38 40
38 33 18 214 38 40
38 33 19 214 38 40
38 33 20 214 38 40
38 33 21 214 38 40
38 33 22 214 38 40
38 33 23 214 38 40
38 33 24 214 38 40
38 33 25 214 38 40
38 33 26 214 38 40
38 33 27 214 38 40
38 33 28 214 38 40
38 33 29 214 38 40
38 33 30 214 38 40
38 33 31 214 38 40
38 33 32 214 38 40
38 33 33 214 38 40
38 33 34 214 38 40
38 33 35 214 38 40
38 33 36 158 216 229
38 33 37 158 216 229
38 34 0 214 38 40
38 34 1 214 38 40
38 34 2 214 38 40
38 34 3 214 38 40
38 34 4 214 38 40
38 34 5 214 38 40
38 34 6 214 38 40
38 34 7 214 38 40
38 34 8 214 38 40
38 34 9 214 38 40
38 34 10 214 38 40
38 34 11 214 38 40
38 34 12 214 38 40
38 34 13 214 38 40
38 34 14 214 38 40
38 34 15 214 38 40
38 34 16 214 38 40
38 34 17 214 38 40
38 34 18 214 38 40
38 34 19 214 38 40
38 34 20 214 38 40
38 34 21 214 38 40
38 34 22 214 38 40
38 34 23 214 38 40
38 34 24 214 38 40
38 34 25 214 38 40
38 34 26 214 38 40
38 34 27 214 38 40
38 34 28 214 38 40
38 34 29 214 38 40
38 34 30 214 38 40
38 34 31 214 38 40
38 34 32 214 38 40
38 34 33 214 38 40
38 34 34 214 38 40
38 34 35 214 38 40
38 34 36 214 38 40
39 0 0 43 160 4
39 0 1 43 160 4
39 0 2 43 160 4
39 0 3 43 160 4
39 0 4 43 160 4
39 0 5 43 160 4
39 0 6 43 160 4
39 0 7 43 160 4
39 0 8 43 160 4
39 0 9 43 160 4
39 0 10 43 160 4
39 0 11 43 160 4
39 0 12 43 160 4
39 0 13 43 160 4
39 0 14 43 160 4
39 0 15 255 186 119
39 0 16 255 186 119
39 0 17 255 186 119
39 0 18 255 186 119
39 0 19 255 186 119
39 0 20 255 186 119
39 0 21 255 186 119
39 0 22 255 186 119
39 0 23 255 186 119
39 0 24 255 186 119
39 0 25 255 186 119
39 0 26 255 186 119
39 0 27 255 186 119
39 0 28 255 186 119
39 0 29 255 186 119
39 0 30 255 186 119
39 0 31 255 186 119
39 0 32 255 186 119
39 0 33 255 186 119
39 0 34 255 186 119
39 0 35 43 160 4
39 0 36 158 216 229
39 1 14 255 186 119
39 1 15 255 186 119
39 1 16 255 186 119
39 1 17 255 186 119
39 1 18 255 186 119
39 1 19 255 186 119
39 1 20 255 186 119
39 1 21 255 186 119
39 1 22 255 186 119
39 1 23 255 186 119
39 1 24 255 186 119
39 1 25 255 186 119
39 1 26 255 186 119
39 1 27 255 186 119
39 1 28 255 186 119
39 1 29 255 186 119
39 1 30 255 186 119
39 1 31 255 186 119
39 1 32 255 186 119
39 1 33 255 186 119
39 1 34 255 186 119
39 1 35 158 216 229
39 1 36 158 216 229
39 2 14 255 186 119
39 2 15 255 186 119
39 2 16 255 186 119
39 2 17 255 186 119
39 2 18 255 186 119
39 2 19 255 186 119
39 2 20 255 186 119
39 2 21 255 186 119
39 2 22 255 186 119
39 2 23 255 186 119
39 2 24 255 186 119
39 2 25 255 186 119
39 2 26 255 186 119
39 2 27 255 186 119
39 2 28 255 186 119
39 2 29 255 186 119
39 2 30 255 186 119
39 2 31 255 186 119
39 2 32 255 186 119
39 2 33 255 186 119
39 2 34 255 186 119
39 2 35 158 216 229
39 2 36 158 216 229
39 3 14 255 186 119
39 3 15 255 186 119
39 3 16 255 186 119
39 3 17 255 186 119
39 3 18 255 186 119
39 3 19 255 186 119
39 3 20 255 186 119
39 3 21 255 186 119
39 3 22 255 186 119
39 3 23 255 186 119
39 3 24 255 186 119
39 3 25 255 186 119
39 3 26 255 186 119
39 3 27 255 186 119
39 3 28 255 186 119
39 3 29 255 186 119
39 3 30 255 186 119
39 3 31 255 186 119
39 3 32 255 186 119
39 3 33 255 186 119
39 3 34 255 186 119
39 3 35 158 216 229
39 3 36 158 216 229
39 4 14 255 186 119
39 4 15 255 186 119
39 4 16 255 186 119
39 4 17 255 186 119
39 4 18 255 186 119
39 4 19 255 186 119
39 4 20 255 186 119
39 4 21 255 186 119
39 4 22 255 186 119
39 4 23 255 186 119
39 4 24 255 186 119
39 4 25 255 186 119
39 4 26 255 186 119
39 4 27 255 186 119
39 4 28 255 186 119
39 4 29 255 186 119
39 4 30 255 186 119
39 4 31 255 186 119
39 4 32 255 186 119
39 4 33 255 186 119
39 4 34 255 186 119
39 4 35 158 216 229
39 4 36 158 216 229
39 5 14 255 186 119
39 5 15 255 186 119
39 5 16 255 186 119
39 5 17 255 186 119
39 5 18 255 186 119
39 5 19 255 186 119
39 5 20 255 186 119
39 5 21 255 186 119
39 5 22 255 186 119
39 5 23 255 186 119
39 5 24 255 186 119
39 5 25 255 186 119
39 5 26 255 186 119
39 5 27 255 186 119
39 5 28 255 186 119
39 5 29 255 186 119
39 5 30 255 186 119
39 5 31 255 186 119
39 5 32 255 186 119
39 5 33 255 186 119
39 5 34 255 186 119
39 5 35 158 216 229
39 5 36 158 216 229
39 6 14 255 186 119
39 6 15 255 186 119
39 6 16 255 186 119
39 6 17 255 186 119
39 6 18 255 186 119
39 6 19 255 186 119
39 6 20 255 186 119
39 6 21 255 186 119
39 6 22 255 186 119
39 6 23 255 186 119
39 6 24 255 186 119
39 6 25 255 186 119
39 6 26 255 186 119
39 6 27 255 186 119
39 6 28 255 186 119
39 6 29 255 186 119
39 6 30 255 186 119
39 6 31 255 186 119
39 6 32 255 186 119
39 6 33 255 186 119
39 6 34 255 186 119
39 6 35 158 216 229
39 6 36 158 216 229
39 7 14 255 186 119
39 7 15 255 186 119
39 7 16 255 186 119
39 7 17 255 186 119
39 7 18 255 186 119
39 7 19 255 186 119
39 7 20 255 186 119
39 7 21 255 186 119
39 7 22 255 186 119
39 7 23 255 186 119
39 7 24 255 186 119
39 7 25 255 186 119
39 7 26 255 186 119
39 7 27 255 186 119
39 7 28 255 186 119
39 7 29 255 186 119
39 7 30 255 186 119
39 7 31 255 186 119
39 7 32 255 186 119
39 7 33 255 186 119
39 7 34 255 186 119
39 7 35 158 216 229
39 7 36 158 216 229
39 8 30 196 175 214
39 8 31 196 175 214
39 8 32 196 175 214
39 8 33 196 175 214
39 8 34 196 175 214
39 8 35 158 216 229
39 8 36 158 216 229
39 9 30 196 175 214
39 9 31 196 175 214
39 9 32 196 175 214
39 9 33 196 175 214
39 9 34 196 175 214
39 9 35 158 216 229
39 9 36 158 216 229
39 10 31 196 175 214
39 10 32 196 175 214
39 10 33 196 175 214
39 10 34 196 175 214
39 10 35 158 216 229
39 10 36 158 216 229
39 11 35 158 216 229
39 11 36 158 216 229
39 12 35 158 216 229
39 12 36 158 216 229
39 13 35 158 216 229
39 13 36 158 216 229
39 14 35 158 216 229
39 14 36 158 216 229
39 15 35 158 216 229
39 15 36 158 216 229
39 16 35 158 216 229
39 16 36 158 216 229
39 17 35 158 216 229
39 17 36 158 216 229
39 18 35 158 216 229
39 18 36 158 216 229
39 19 35 158 216 229
39 19 36 158 216 229
39 20 35 158 216 229
39 20 36 158 216 229
39 21 35 158 216 229
39 21 36 158 216 229
39 22 35 158 216 229
39 22 36 158 216 229
39 23 35 158 216 229
39 23 36 158 216 229
39 24 35 158 216 229
39 24 36 158 216 229
39 25 35 158 216 229
39 25 36 158 216 229
39 26 35 158 216 229
39 26 36 158 216 229
39 27 35 158 216 229
39 27 36 158 216 229
39 28 35 158 216 229
39 28 36 158 216 229
39 29 35 158 216 229
39 29 36 158 216 229
39 30 35 158 216 229
39 30 36 158 216 229
39 31 35 158 216 229
39 31 36 158 216 229
39 32 35 158 216 229
39 32 36 158 216 229
39 33 0 214 38 40
39 33 1 214 38 40
39 33 2 214 38 40
39 33 3 214 38 40
39 33 4 214 38 40
39 33 5 214 38 40
39 33 6 214 38 40
39 33 7 214 38 40
39 33 8 214 38 40
39 33 9 214 38 40
39 33 10 214 38 40
39 33 11 214 38 40
39 33 12 214 38 40
39 33 13 214 38 40
39 33 14 214 38 40
39 33 15 214 38 40
39 33 16 214 38 40
39 33 17 214 38 40
39 33 18 214 38 40
39 33 19 214 38 40
39 33 20 214 38 40
39 33 21 214 38 40
39 33 22 214 38 40
39 33 23 214 38 40
39 33 24 214 38 40
39 33 25 214 38 40
39 33 26 214 38 40
39 33 27 214 38 40
39 33 28 214 38 40
39 33 29 214 38 40
39 33 30 214 38 40
39 33 31 214 38 40
39 33 32 214 38 40
39 33 33 214 38 40
39 33 34 214 38 40
39 33 35 158 216 229
39 33 36 158 216 229
39 34 0 214 38 40
39 34 1 214 38 40
39 34 2 214 38 40
39 34 3 214 38 40
39 34 4 214 38 40
39 34 5 214 38 40
39 34 6 214 38 40
39 34 7 214 38 40
39 34 8 214 38 40
39 34 9 214 38 40
39 34 10 214 38 40
39 34 11 214 38 40
39 34 12 214 38 40
39 34 13 214 38 40
39 34 14 214 38 40
39 34 15 214 38 40
39 34 16 214 38 40
39 34 17 214 38 40
39 34 18 214 38 40
39 34 19 214 38 40
39 34 20 214 38 40
39 34 21 214 38 40
39 34 22 214 38 40
39 34 23 214 38 40
39 34 24 214 38 40
39 34 25 214 38 40
39 34 26 214 38 40
39 34 27 214 38 40
39 34 28 214 38 40
39 34 29 214 38 40
39 34 30 214 38 40
39 34 31 214 38 40
39 34 32 214 38 40
39 34 33 214 38 40
39 34 34 214 38 40
39 34 35 214 38 40
40 0 0 43 160 4
40 0 1 43 160 4
40 0 2 43 160 4
40 0 3 43 160 4
40 0 4 43 160 4
40 0 5 43 160 4
40 0 6 43 160 4
40 0 7 43 160 4
40 0 8 43 160 4
40 0 9 43 160 4
40 0 10 43 160 4
40 0 11 43 160 4
40 0 12 43 160 4
40 0 13 43 160 4
40 0 14 43 160 4
40 0 15 43 160 4
40 0 16 255 186 119
40 0 17 255 186 119
40 0 18 255 186 119
40 0 19 255 186 119
40 0 20 255 186 119
40 0 21 255 186 119
40 0 22 255 186 119
40 0 23 255 186 119
40 0 24 255 186 119
40 0 25 255 186 119
40 0 26 255 186 119
40 0 27 255 186 119
40 0 28 255 186 119
40 0 29 255 186 119
40 0 30 255 186 119
40 0 31 255 186 119
40 0 32 255 186 119
40 0 33 255 186 119
40 0 34 43 160 4
40 1 15 255 186 119
40 1 16 255 186 119
40 1 17 255 186 119
40 1 18 255 186 119
40 1 19 255 186 119
40 1 20 255 186 119
40 1 21 255 186 119
40 1 22 255 186 119
40 1 23 255 186 119
40 1 24 255 186 119
40 1 25 255 186 119
40 1 26 255 186 119
40 1 27 255 186 119
40 1 28 255 186 119
40 1 29 255 186 119
40 1 30 255 186 119
40 1 31 255 186 119
40 1 32 255 186 119
40 1 33 255 186 119
40 1 34 158 216 229
40 1 35 158 216 229
40 2 15 255 186 119
40 2 16 255 186 119
40 2 17 255 186 119
40 2 18 255 186 119
40 2 19 255 186 119
40 2 20 255 186 119
40 2 21 255 186 119
40 2 22 255 186 119
40 2 23 255 186 119
40 2 24 255 186 119
40 2 25 255 186 119
40 2 26 255 186 119
40 2 27 255 186 119
40 2 28 255 186 119
40 2 29 255 186 119
40 2 30 255 186 119
40 2 31 255 186 119
40 2 32 255 186 119
40 2 33 255 186 119
40 2 34 158 216 229
40 2 35 158 216 229
40 3 15 255 186 119
40 3 16 255 186 119
40 3 17 255 186 119
40 3 18 255 186 119
40 3 19 255 186 119
40 3 20 255 186 119
40 3 21 255 186 119
40 3 22 255 186 119
40 3 23 255 186 119
40 3 24 255 186 119
40 3 25 255 186 119
40 3 26 255 186 119
40 3 27 255 186 119
40 3 28 255 186 119
40 3 29 255 186 119
40 3 30 255 186 119
40 3 31 255 186 119
40 3 32 255 186 119
40 3 33 255 186 119
40 3 34 158 216 229
40 3 35 158 216 229
40 4 15 255 186 119
40 4 16 255 186 119
40 4 17 255 186 119
40 4 18 255 186 119
40 4 19 255 186 119
40 4 20 255 186 119
40 4 21 255 186 119
40 4 22 255 186 119
40 4 23 255 186 119
40 4 24 255 186 119
40 4 25 255 186 119
40 4 26 255 186 119
40 4 27 255 186 119
40 4 28 255 186 119
40 4 29 255 186 119
40 4 30 255 186 119
40 4 31 255 186 119
40 4 32 255 186 119
40 4 33 255 186 119
40 4 34 158 216 229
40 4 35 158 216 229
40 5 15 255 186 119
40 5 16 255 186 119
40 5 17 255 186 119
40 5 18 255 186 119
40 5 19 255 186 119
40 5 20 255 186 119
40 5 21 255 186 119
40 5 22 255 186 119
40 5 23 255 186 119
40 5 24 255 186 119
40 5 25 255 186 119
40 5 26 255 186 119
40 5 27 255 186 119
40 5 28 255 186 119
40 5 29 255 186 119
40 5 30 255 186 119
40 5 31 255 186 119
40 5 32 255 186 119
40 5 33 255 186 119
40 5 34 158 216 229
40 5 35 158 216 229
40 6 15 255 186 119
40 6 16 255 186 119
40 6 17 255 186 119
40 6 18 255 186 119
40 6 19 255 186 119
40 6 20 255 186 119
40 6 21 255 186 119
40 6 22 255 186 119
40 6 23 255 186 119
40 6 24 255 186 119
40 6 25 255 186 119
40 6 26 255 186 119
40 6 27 255 186 119
40 6 28 255 186 119
40 6 29 255 186 119
40 6 30 255 186 119
40 6 31 255 186 119
40 6 32 255 186 119
40 6 33 255 186 119
40 6 34 158 216 229
40 6 35 158 216 229
40 7 15 255 186 119
40 7 16 255 186 119
40 7 17 255 186 119
40 7 18 255 186 119
40 7 19 255 186 119
40 7 20 255 186 119
40 7 21 255 186 119
40 7 22 255 186 119
40 7 23 255 186 119
40 7 24 255 186 119
40 7 25 255 186 119
40 7 26 255 186 119
40 7 27 255 186 119
40 7 28 255 186 119
40 7 29 255 186 119
40 7 30 255 186 119
40 7 31 255 186 119
40 7 32 255 186 119
40 7 33 255 186 119
40 7 34 158 216 229
40 7 35 158 216 229
40 8 29 196 175 214
40 8 30 196 175 214
40 8 31 196 175 214
40 8 32 196 175 214
40 8 33 196 175 214
40 8 34 158 216 229
40 8 35 158 216 229
40 9 29 196 175 214
40 9 30 196 175 214
40 9 31 196 175 214
40 9 32 196 175 214
40 9 33 196 175 214
40 9 34 158 216 229
40 9 35 158 216 229
40 10 29 196 175 214
40 10 30 196 175 214
40 10 31 196 175 214
40 10 32 196 175 214
40 10 33 196 175 214
40 10 34 158 216 229
40 10 35 158 216 229
40 11 33 158 216 229
40 11 34 158 216 229
40 11 35 158 216 229
40 12 33 158 216 229
40 12 34 158 216 229
40 12 35 158 216 229
40 13 33 158 216 229
40 13 34 158 216 229
40 13 35 158 216 229
40 14 33 158 216 229
40 14 34 158 216 229
40 14 35 158 216 229
40 15 33 158 216 229
40 15 34 158 216 229
40 15 35 158 216 229
40 16 33 158 216 229
40 16 34 158 216 229
40 16 35 158 216 229
40 17 33 158 216 229
40 17 34 158 216 229
40 17 35 158 216 229
40 18 33 158 216 229
40 18 34 158 216 229
40 18 35 158 216 229
40 19 33 158 216 229
40 19 34 158 216 229
40 19 35 158 216 229
40 20 33 158 216 229
40 20 34 158 216 229
40 20 35 158 216 229
40 21 33 158 216 229
40 21 34 158 216 229
40 21 35 158 216 229
40 22 33 158 216 229
40 22 34 158 216 229
40 22 35 158 216 229
40 23 33 158 216 229
40 23 34 158 216 229
40 23 35 158 216 229
40 24 33 158 216 229
40 24 34 158 216 229
40 24 35 158 216 229
40 25 33 158 216 229
40 25 34 158 216 229
40 25 35 158 216 229
40 26 33 158 216 229
40 26 34 158 216 229
40 26 35 158 216 229
40 27 33 158 216 229
40 27 34 158 216 229
40 27 35 158 216 229
40 28 33 158 216 229
40 28 34 158 216 229
40 28 35 158 216 229
40 29 33 158 216 229
40 29 34 158 216 229
40 29 35 158 216 229
40 30 33 158 216 229
40 30 34 158 216 229
40 30 35 158 216 229
40 31 33 158 216 229
40 31 34 158 216 229
40 31 35 158 216 229
40 32 33 158 216 229
40 32 34 158 216 229
40 32 35 158 216 229
40 33 0 214 38 40
40 33 1 214 38 40
40 33 2 214 38 40
40 33 3 214 38 40
40 33 4 214 38 40
40 33 5 214 38 40
40 33 6 214 38 40
40 33 7 214 38 40
40 33 8 214 38 40
40 33 9 214 38 40
40 33 10 214 38 40
40 33 11 214 38 40
40 33 12 214 38 40
40 33 13 214 38 40
40 33 14 214 38 40
40 33 15 214 38 40
40 33 16 214 38 40
40 33 17 214 38 40
40 33 18 214 38 40
40 33 19 214 38 40
40 33 20 214 38 40
40 33 21 214 38 40
40 33 22 214 38 40
40 33 23 214 38 40
40 33 24 214 38 40
40 33 25 214 38 40
40 33 26 214 38 40
40 33 27 214 38 40
40 33 28 214 38 40
40 33 29 214 38 40
40 33 30 214 38 40
40 33 31 214 38 40
40 33 32 214 38 40
40 33 33 214 38 40
40 33 34 158 216 229
40 33 35 158 216 229
40 34 0 214 38 40
40 34 1 214 38 40
40 34 2 214 38 40
40 34 3 214 38 40
40 34 4 214 38 40
40 34 5 214 38 40
40 34 6 214 38 40
40 34 7 214 38 40
40 34 8 214 38 40
40 34 9 214 38 40
40 34 10 214 38 40
40 34 11 214 38 40
40 34 12 214 38 40
40 34 13 214 38 40
40 34 14 214 38 40
40 34 15 214 38 40
40 34 16 214 38 40
40 34 17 214 38 40
40 34 18 214 38 40
40 34 19 214 38 40
40 34 20 214 38 40
40 34 21 214 38 40
40 34 22 214 38 40
40 34 23 214 38 40
40 34 24 214 38 40
40 34 25 214 38 40
40 34 26 214 38 40
40 34 27 214 38 40
40 34 28 214 38 40
40 34 29 214 38 40
40 34 30 214 38 40
40 34 31 214 38 40
40 34 32 214 38 40
40 34 33 214 38 40
40 34 34 214 38 40
41 0 0 43 160 4
41 0 1 43 160 4
41 0 2 43 160 4
41 0 3 43 160 4
41 0 4 43 160 4
41 0 5 43 160 4
41 0 6 43 160 4
41 0 7 43 160 4
41 0 8 43 160 4
41 0 9 43 160 4
41 0 10 43 160 4
41 0 11 43 160 4
41 0 12 43 160 4
41 0 13 43 160 4
41 0 14 43 160 4
41 0 15 43 160 4
41 0 16 255 186 119
41 0 17 255 186 119
41 0 18 255 186 119
41 0 19 255 186 119
41 0 20 255 186 119
41 0 21 255 186 119
41 0 22 255 186 119
41 0 23 255 186 119
41 0 24 255 186 119
41 0 25 255 186 119
41 0 26 255 186 119
41 0 27 255 186 119
41 0 28 255 186 119
41 0 29 255 186 119
41 0 30 255 186 119
41 0 31 255 186 119
41 0 32 255 186 119
41 0 33 43 160 4
41 1 16 255 186 119
41 1 17 255 186 119
41 1 18 255 186 119
41 1 19 255 186 119
41 1 20 255 186 119
41 1 21 255 186 119
41 1 22 255 186 119
41 1 23 255 186 119
41 1 24 255 186 119
41 1 25 255 186 119
41 1 26 255 186 119
41 1 27 255 186 119
41 1 28 255 186 119
41 1 29 255 186 119
41 1 30 255 186 119
41 1 31 255 186 119
41 1 32 255 186 119
41 1 33 158 216 229
41 1 34 158 216 229
41 2 16 255 186 119
41 2 17 255 186 119
41 2 18 255 186 119
41 2 19 255 186 119
41 2 20 255 186 119
41 2 21 255 186 119
41 2 22 255 186 119
41 2 23 255 186 119
41 2 24 255 186 119
41 2 25 255 186 119
41 2 26 255 186 119
41 2 27 255 186 119
41 2 28 255 186 119
41 2 29 255 186 119
41 2 30 255 186 119
41 2 31 255 186 119
41 2 32 255 186 119
41 2 33 158 216 229
41 2 34 158 216 229
41 3 16 255 186 119
41 3 17 255 186 119
41 3 18 255 186 119
41 3 19 255 186 119
41 3 20 255 186 119
41 3 21 255 186 119
41 3 22 255 186 119
41 3 23 255 186 119
41 3 24 255 186 119
41 3 25 255 186 119
41 3 26 255 186 119
41 3 27 255 186 119
41 3 28 255 186 119
41 3 29 255 186 119
41 3 30 255 186 119
41 3 31 255 186 119
41 3 32 255 186 119
41 3 33 158 216 229
41 3 34 158 216 229
41 4 16 255 186 119
41 4 17 255 186 119
41 4 18 255 186 119
41 4 19 255 186 119
41 4 20 255 186 119
41 4 21 255 186 119
41 4 22 255 186 119
41 4 23 255 186 119
41 4 24 255 186 119
41 4 25 255 186 119
41 4 26 255 186 119
41 4 27 255 186 119
41 4 28 255 186 119
41 4 29 255 186 119
41 4 30 255 186 119
41 4 31 255 186 119
41 4 32 255 186 119
41 4 33 158 216 229
41 4 34 158 216 229
41 5 16 255 186 119
41 5 17 255 186 119
41 5 18 255 186 119
41 5 19 255 186 119
41 5 20 255 186 119
41 5 21 255 186 119
41 5 22 255 186 119
41 5 23 255 186 119
41 5 24 255 186 119
41 5 25 255 186 119
41 5 26 255 186 119
41 5 27 255 186 119
41 5 28 255 186 119
41 5 29 255 186 119
41 5 30 255 186 119
41 5 31 255 186 119
41 5 32 255 186 119
41 5 33 158 216 229
41 5 34 158 216 229
41 6 16 255 186 119
41 6 17 255 186 119
41 6 18 255 186 119
41 6 19 255 186 119
41 6 20 255 186 119
41 6 21 255 186 119
41 6 22 255 186 119
41 6 23 255 186 119
41 6 24 255 186 119
41 6 25 255 186 119
41 6 26 255 186 119
41 6 27 255 186 119
41 6 28 255 186 119
41 6 29 255 186 119
41 6 30 255 186 119
41 6 31 255 186 119
41 6 32 255 186 119
41 6 33 158 216 229
41 6 34 158 216 229
41 7 16 255 186 119
41 7 17 255 186 119
41 7 18 255 186 119
41 7 19 255 186 119
41 7 20 255 186 119
41 7 21 255 186 119
41 7 22 255 186 119
41 7 23 255 186 119
41 7 24 255 186 119
41 7 25 255 186 119
41 7 26 255 186 119
41 7 27 255 186 119
41 7 28 255 186 119
41 7 29 255 186 119
41 7 30 255 186 119
41 7 31 255 186 119
41 7 32 255 186 119
41 7 33 158 216 229
41 7 34 158 216 229
41 8 28 196 175 214
41 8 29 196 175 214
41 8 30 196 175 214
41 8 31 196 175 214
41 8 32 196 175 214
41 8 33 158 216 229
41 8 34 158 216 229
41 9 28 196 175 214
41 9 29 196 175 214
41 9 30 196 175 214
41 9 31 196 175 214
41 9 32 196 175 214
41 9 33 158 216 229
41 9 34 158 216 229
41 10 28 196 175 214
41 10 29 196 175 214
41 10 30 196 175 214
41 10 31 196 175 214
41 10 32 158 216 229
41 10 33 158 216 229
41 10 34 158 216 229
41 11 32 158 216 229
41 11 33 158 216 229
41 11 34 158 216 229
41 12 32 158 216 229
41 12 33 158 216 229
41 12 34 158 216 229
41 13 32 158 216 229
41 13 33 158 216 229
41 13 34 158 216 229
41 14 32 158 216 229
41 14 33 158 216 229
41 14 34 158 216 229
41 15 32 158 216 229
41 15 33 158 216 229
41 15 34 158 216 229
41 16 32 158 216 229
41 16 33 158 216 229
41 16 34 158 216 229
41 17 32 158 216 229
41 17 33 158 216 229
41 17 34 158 216 229
41 18 32 158 216 229
41 18 33 158 216 229
41 18 34 158 216 229
41 19 32 158 216 229
41 19 33 158 216 229
41 19 34 158 216 229
41 20 32 158 216 229
41 20 33 158 216 229
41 20 34 158 216 229
41 21 32 158 216 229
41 21 33 158 216 229
41 21 34 158 216 229
41 22 32 158 216 229
41 22 33 158 216 229
41 22 34 158 216 229
41 23 32 158 216 229
41 23 33 158 216 229
41 23 34 158 216 229
41 24 32 158 216 229
41 24 33 158 216 229
41 24 34 158 216 229
41 25 32 158 216 229
41 25 33 158 216 229
41 25 34 158 216 229
41 26 32 158 216 229
41 26 33 158 216 229
41 26 34 158 216 229
41 27 32 158 216 229
41 27 33 158 216 229
41 27 34 158 216 229
41 28 32 158 216 229
41 28 33 158 216 229
41 28 34 158 216 229
41 29 32 158 216 229
41 29 33 158 216 229
41 29 34 158 216 229
41 30 32 158 216 229
41 30 33 158 216 229
41 30 34 158 216 229
41 31 32 158 216 229
41 31 33 158 216 229
41 31 34 158 216 229
41 32 32 158 216 229
41 32 33 158 216 229
41 32 34 158 216 229
41 33 0 214 38 40
41 33 1 214 38 40
41 33 2 214 38 40
41 33 3 214 38 40
41 33 4 214 38 40
41 33 5 214 38 40
41 33 6 214 38 40
41 33 7 214 38 40
41 33 8 214 38 40
41 33 9 214 38 40
41 33 10 214 38 40
41 33 11 214 38 40
41 33 12 214 38 40
41 33 13 214 38 40
41 33 14 214 38 40
41 33 15 214 38 40
41 33 16 214 38 40
41 33 17 214 38 40
41 33 18 214 38 40
41 33 19 214 38 40
41 33 20 214 38 40
41 33 21 214 38 40
41 33 22 214 38 40
41 33 23 214 38 40
41 33 24 214 38 40
41 33 25 214 38 40
41 33 26 214 38 40
41 33 27 214 38 40
41 33 28 214 38 40
41 33 29 214 38 40
41 33 30 214 38 40
41 33 31 214 38 40
41 33 32 214 38 40
41 33 33 158 216 229
41 33 34 158 216 229
41 34 0 214 38 40
41 34 1 214 38 40
41 34 2 214 38 40
41 34 3 214 38 40
41 34 4 214 38 40
41 34 5 214 38 40
41 34 6 214 38 40
41 34 7 214 38 40
41 34 8 214 38 40
41 34 9 214 38 40
41 34 10 214 38 40
41 34 11 214 38 40
41 34 12 214 38 40
41 34 13 214 38 40
41 34 14 214 38 40
41 34 15 214 38 40
41 34 16 214 38 40
41 34 17 214 38 40
41 34 18 214 38 40
41 34 19 214 38 40
41 34 20 214 38 40
41 34 21 214 38 40
41 34 22 214 38 40
41 34 23 214 38 40
41 34 24 214 38 40
41 34 25 214 38 40
41 34 26 214 38 40
41 34 27 214 38 40
41 34 28 214 38 40
41 34 29 214 38 40
41 34 30 214 38 40
41 34 31 214 38 40
41 34 32 214 38 40
41 34 33 214 38 40
42 0 0 43 160 4
42 0 1 43 160 4
42 0 2 43 160 4
42 0 3 43 160 4
42 0 4 43 160 4
42 0 5 43 160 4
42 0 6 43 160 4
42 0 7 43 160 4
42 0 8 43 160 4
42 0 9 43 160 4
42 0 10 43 160 4
42 0 11 43 160 4
42 0 12 43 160 4
42 0 13 43 160 4
42 0 14 43 160 4
42 0 15 43 160 4
42 0 16 43 160 4
42 0 17 255 186 119
42 0 18 255 186 119
42 0 19 255 186 119
42 0 20 255 186 119
42 0 21 255 186 119
42 0 22 255 186 119
42 0 23 255 186 119
42 0 24 255 186 119
42 0 25 255 186 119
42 0 26 255 186 119
42 0 27 255 186 119
42 0 28 255 186 119
42 0 29 255 186 119
42 0 30 255 186 119
42 0 31 43 160 4
42 0 32 158 216 229
42 1 17 255 186 119
42 1 18 255 186 119
42 1 19 255 186 119
42 1 20 255 186 119
42 1 21 255 186 119
42 1 22 255 186 119
42 1 23 255 186 119
42 1 24 255 186 119
42 1 25 255 186 119
42 1 26 255 186 119
42 1 27 255 186 119
42 1 28 255 186 119
42 1 29 255 186 119
42 1 30 255 186 119
42 1 31 255 186 119
42 1 32 158 216 229
42 2 17 255 186 119
42 2 18 255 186 119
42 2 19 255 186 119
42 2 20 255 186 119
42 2 21 255 186 119
42 2 22 255 186 119
42 2 23 255 186 119
42 2 24 255 186 119
42 2 25 255 186 119
42 2 26 255 186 119
42 2 27 255 186 119
42 2 28 255 186 119
42 2 29 255 186 119
42 2 30 255 186 119
42 2 31 255 186 119
42 2 32 158 216 229
42 3 17 255 186 119
42 3 18 255 186 119
42 3 19 255 186 119
42 3 20 255 186 119
42 3 21 255 186 119
42 3 22 255 186 119
42 3 23 255 186 119
42 3 24 255 186 119
42 3 25 255 186 119
42 3 26 255 186 119
42 3 27 255 186 119
42 3 28 255 186 119
42 3 29 255 186 119
42 3 30 255 186 119
42 3 31 255 186 119
42 3 32 158 216 229
42 4 17 255 186 119
42 4 18 255 186 119
42 4 19 255 186 119
42 4 20 255 186 119
42 4 21 255 186 119
42 4 22 255 186 119
42 4 23 255 186 119
42 4 24 255 186 119
42 4 25 255 186 119
42 4 26 255 186 119
42 4 27 255 186 119
42 4 28 255 186 119
42 4 29 255 186 119
42 4 30 255 186 119
42 4 31 255 186 119
42 4 32 158 216 229
42 5 17 255 186 119
42 5 18 255 186 119
42 5 19 255 186 119
42 5 20 255 186 119
42 5 21 255 186 119
42 5 22 255 186 119
42 5 23 255 186 119
42 5 24 255 186 119
42 5 25 255 186 119
42 5 26 255 186 119
42 5 27 255 186 119
42 5 28 255 186 119
42 5 29 255 186 119
42 5 30 255 186 119
42 5 31 255 186 119
42 5 32 158 216 229
42 6 17 255 186 119
42 6 18 255 186 119
42 6 19 255 186 119
42 6 20 255 186 119
42 6 21 255 186 119
42 6 22 255 186 119
42 6 23 255 186 119
42 6 24 255 186 119
42 6 25 255 186 119
42 6 26 255 186 119
42 6 27 255 186 119
42 6 28 255 186 119
42 6 29 255 186 119
42 6 30 255 186 119
42 6 31 255 186 119
42 6 32 158 216 229
42 7 17 255 186 119
42 7 18 255 186 119
42 7 19 255 186 119
42 7 20 255 186 119
42 7 21 255 186 119
42 7 22 255 186 119
42 7 23 255 186 119
42 7 24 255 186 119
42 7 25 255 186 119
42 7 26 255 186 119
42 7 27 255 186 119
42 7 28 255 186 119
42 7 29 255 186 119
42 7 30 255 186 119
42 7 31 158 216 229
42 7 32 158 216 229
42 8 27 196 175 214
42 8 28 196 175 214
42 8 29 196 175 214
42 8 30 196 175 214
42 8 31 196 175 214
42 8 32 158 216 229
42 9 27 196 175 214
42 9 28 196 175 214
42 9 29 196 175 214
42 9 30 196 175 214
42 9 31 196 175 214
42 9 32 158 216 229
42 10 27 196 175 214
42 10 28 196 175 214
42 10 29 196 175 214
42 10 30 196 175 214
42 10 31 158 216 229
42 10 32 158 216 229
42 11 31 158 216 229
42 11 32 158 216 229
42 12 31 158 216 229
42 12 32 158 216 229
42 13 31 158 216 229
42 13 32 158 216 229
42 14 31 158 216 229
42 14 32 158 216 229
42 15 31 158 216 229
42 15 32 158 216 229
42 16 31 158 216 229
42 16 32 158 216 229
42 17 31 158 216 229
42 17 32 158 216 229
42 18 31 158 216 229
42 18 32 158 216 229
42 19 31 158 216 229
42 19 32 158 216 229
42 20 31 158 216 229
42 20 32 158 216 229
42 21 31 158 216 229
42 21 32 158 216 229
42 22 31 158 216 229
42 22 32 158 216 229
42 23 31 158 216 229
42 23 32 158 216 229
42 24 31 158 216 229
42 24 32 158 216 229
42 25 31 158 216 229
42 25 32 158 216 229
42 26 31 158 216 229
42 26 32 158 216 229
42 27 31 158 216 229
42 27 32 158 216 229
42 28 31 158 216 229
42 28 32 158 216 229
42 29 31 158 216 229
42 29 32 158 216 229
42 30 31 158 216 229
42 30 32 158 216 229
42 31 31 158 216 229
42 31 32 158 216 229
42 32 31 158 216 229
42 32 32 158 216 229
42 33 0 214 38 40
42 33 1 214 38 40
42 33 2 214 38 40
42 33 3 214 38 40
42 33 4 214 38 40
42 33 5 214 38 40
42 33 6 214 38 40
42 33 7 214 38 40
42 33 8 214 38 40
42 33 9 214 38 40
42 33 10 214 38 40
42 33 11 214 38 40
42 33 12 214 38 40
42 33 13 214 38 40
42 33 14 214 38 40
42 33 15 214 38 40
42 33 16 214 38 40
42 33 17 214 38 40
42 33 18 214 38 40
42 33 19 214 38 40
42 33 20 214 38 40
42 33 21 214 38 40
42 33 22 214 38 40
42 33 23 214 38 40
42 33 24 214 38 40
42 33 25 214 38 40
42 33 26 214 38 40
42 33 27 214 38 40
42 33 28 214 38 40
42 33 29 214 38 40
42 33 30 214 38 40
42 33 31 214 38 40
42 33 32 158 216 229
42 34 0 214 38 40
42 34 1 214 38 40
42 34 2 214 38 40
42 34 3 214 38 40
42 34 4 214 38 40
42 34 5 214 38 40
42 34 6 214 38 40
42 34 7 214 38 40
42 34 8 214 38 40
42 34 9 214 38 40
42 34 10 214 38 40
42 34 11 214 38 40
42 34 12 214 38 40
42 34 13 214 38 40
42 34 14 214 38 40
42 34 15 214 38 40
42 34 16 214 38 40
42 34 17 214 38 40
42 34 18 214 38 40
42 34 19 214 38 40
42 34 20 214 38 40
42 34 21 214 38 40
42 34 22 214 38 40
42 34 23 214 38 40
42 34 24 214 38 40
42 34 25 214 38 40
42 34 26 214 38 40
42 34 27 214 38 40
42 34 28 214 38 40
42 34 29 214 38 40
42 34 30 214 38 40
42 34 31 214 38 40
42 34 32 214 38 40
43 0 0 43 160 4
43 0 1 43 160 4
43 0 2 43 160 4
43 0 3 43 160 4
43 0 4 43 160 4
43 0 5 43 160 4
43 0 6 43 160 4
43 0 7 43 160 4
43 0 8 43 160 4
43 0 9 43 160 4
43 0 10 43 160 4
43 0 11 43 160 4
43 0 12 43 160 4
43 0 13 43 160 4
43 0 14 43 160 4
43 0 15 43 160 4
43 0 16 43 160 4
43 0 17 43 160 4
43 0 18 255 186 119
43 0 19 255 186 119
43 0 20 255 186 119
43 0 21 255 186 119
43 0 22 255 186 119
43 0 23 255 186 119
43 0 24 255 186 119
43 0 25 255 186 119
43 0 26 255 186 119
43 0 27 255 186 119
43 0 28 255 186 119
43 0 29 255 186 119
43 0 30 43 160 4
43 0 31 158 216 229
43 1 17 255 186 119
43 1 18 255 186 119
43 1 19 255 186 119
43 1 20 255 186 119
43 1 21 255 186 119
43 1 22 255 186 119
43 1 23 255 186 119
43 1 24 255 186 119
43 1 25 255 186 119
43 1 26 255 186 119
43 1 27 255 186 119
43 1 28 255 186 119
43 1 29 255 186 119
43 1 30 158 216 229
43 1 31 158 216 229
43 2 17 255 186 119
43 2 18 255 186 119
43 2 19 255 186 119
43 2 20 255 186 119
43 2 21 255 186 119
43 2 22 255 186 119
43 2 23 255 186 119
43 2 24 255 186 119
43 2 25 255 186 119
43 2 26 255 186 119
43 2 27 255 186 119
43 2 28 255 186 119
43 2 29 255 186 119
43 2 30 158 216 229
43 2 31 158 216 229
43 3 17 255 186 119
43 3 18 255 186 119
43 3 19 255 186 119
43 3 20 255 186 119
43 3 21 255 186 119
43 3 22 255 186 119
43 3 23 255 186 119
43 3 24 255 186 119
43 3 25 255 186 119
43 3 26 255 186 119
43 3 27 255 186 119
43 3 28 255 186 119
43 3 29 255 186 119
43 3 30 158 216 229
43 3 31 158 216 229
43 4 17 255 186 119
43 4 18 255 186 119
43 4 19 255 186 119
43 4 20 255 186 119
43 4 21 255 186 119
43 4 22 255 186 119
43 4 23 255 186 119
43 4 24 255 186 119
43 4 25 255 186 119
43 4 26 255 186 119
43 4 27 255 186 119
43 4 28 255 186 119
43 4 29 255 186 119
43 4 30 158 216 229
43 4 31 158 216 229
43 5 17 255 186 119
43 5 18 255 186 119
43 5 19 255 186 119
43 5 20 255 186 119
43 5 21 255 186 119
43 5 22 255 186 119
43 5 23 255 186 119
43 5 24 255 186 119
43 5 25 255 186 119
43 5 26 255 186 119
43 5 27 255 186 119
43 5 28 255 186 119
43 5 29 255 186 119
43 5 30 158 216 229
43 5 31 158 216 229
43 6 17 255 186 119
43 6 18 255 186 119
43 6 19 255 186 119
43 6 20 255 186 119
43 6 21 255 186 119
43 6 22 255 186 119
43 6 23 255 186 119
43 6 24 255 186 119
43 6 25 255 186 119
43 6 26 255 186 119
43 6 27 255 186 119
43 6 28 255 186 119
43 6 29 255 186 119
43 6 30 158 216 229
43 6 31 158 216 229
43 7 18 255 186 119
43 7 19 255 186 119
43 7 20 255 186 119
43 7 21 255 186 119
43 7 22 255 186 119
43 7 23 255 186 119
43 7 24 255 186 119
43 7 25 255 186 119
43 7 26 255 186 119
43 7 27 255 186 119
43 7 28 255 186 119
43 7 29 255 186 119
43 7 30 158 216 229
43 7 31 158 216 229
43 8 25 196 175 214
43 8 26 196 175 214
43 8 27 196 175 214
43 8 28 196 175 214
43 8 29 196 175 214
43 8 30 158 216 229
43 8 31 158 216 229
43 9 25 196 175 214
43 9 26 196 175 214
43 9 27 196 175 214
43 9 28 196 175 214
43 9 29 196 175 214
43 9 30 158 216 229
43 9 31 158 216 229
43 10 26 196 175 214
43 10 27 196 175 214
43 10 28 196 175 214
43 10 29 196 175 214
43 10 30 158 216 229
43 10 31 158 216 229
43 11 30 158 216 229
43 11 31 158 216 229
43 12 30 158 216 229
43 12 31 158 216 229
43 13 30 158 216 229
43 13 31 158 216 229
43 14 30 158 216 229
43 14 31 158 216 229
43 15 30 158 216 229
43 15 31 158 216 229
43 16 30 158 216 229
43 16 31 158 216 229
43 17 30 158 216 229
43 17 31 158 216 229
43 18 30 158 216 229
43 18 31 158 216 229
43 19 30 158 216 229
43 19 31 158 216 229
43 20 30 158 216 229
43 20 31 158 216 229
43 21 30 158 216 229
43 21 31 158 216 229
43 22 30 158 216 229
43 22 31 158 216 229
43 23 30 158 216 229
43 23 31 158 216 229
43 24 30 158 216 229
43 24 31 158 216 229
43 25 30 158 216 229
43 25 31 158 216 229
43 26 30 158 216 229
43 26 31 158 216 229
43 27 30 158 216 229
43 27 31 158 216 229
43 28 30 158 216 229
43 28 31 158 216 229
43 29 30 158 216 229
43 29 31 158 216 229
43 30 30 158 216 229
43 30 31 158 216 229
43 31 30 158 216 229
43 31 31 158 216 229
43 32 30 158 216 229
43 32 31 158 216 229
43 33 0 214 38 40
43 33 1 214 38 40
43 33 2 214 38 40
43 33 3 214 38 40
43 33 4 214 38 40
43 33 5 214 38 40
43 33 6 214 38 40
43 33 7 214 38 40
43 33 8 214 38 40
43 33 9 214 38 40
43 33 10 214 38 40
43 33 11 214 38 40
43 33 12 214 38 40
43 33 13 214 38 40
43 33 14 214 38 40
43 33 15 214 38 40
43 33 16 214 38 40
43 33 17 214 38 40
43 33 18 214 38 40
43 33 19 214 38 40
43 33 20 214 38 40
43 33 21 214 38 40
43 33 22 214 38 40
43 33 23 214 38 40
43 33 24 214 38 40
43 33 25 214 38 40
43 33 26 214 38 40
43 33 27 214 38 40
43 33 28 214 38 40
43 33 29 214 38 40
43 33 30 158 216 229
43 33 31 158 216 229
43 34 0 214 38 40
43 34 1 214 38 40
43 34 2 214 38 40
43 34 3 214 38 40
43 34 4 214 38 40
43 34 5 214 38 40
43 34 6 214 38 40
43 34 7 214 38 40
43 34 8 214 38 40
43 34 9 214 38 40
43 34 10 214 38 40
43 34 11 214 38 40
43 34 12 214 38 40
43 34 13 214 38 40
43 34 14 214 38 40
43 34 15 214 38 40
43 34 16 214 38 40
43 34 17 214 38 40
43 34 18 214 38 40
43 34 19 214 38 40
43 34 20 214 38 40
43 34 21 214 38 40
43 34 22 214 38 40
43 34 23 214 38 40
43 34 24 214 38 40
43 34 25 214 38 40
43 34 26 214 38 40
43 34 27 214 38 40
43 34 28 214 38 40
43 34 29 214 38 40
43 34 30 214 38 40
44 0 0 43 160 4
44 0 1 43 160 4
44 0 2 43 160 4
44 0 3 43 160 4
44 0 4 43 160 4
44 0 5 43 160 4
44 0 6 43 160 4
44 0 7 43 160 4
44 0 8 43 160 4
44 0 9 43 160 4
44 0 10 43 160 4
44 0 11 43 160 4
44 0 12 43 160 4
44 0 13 43 160 4
44 0 14 43 160 4
44 0 15 43 160 4
44 0 16 43 160 4
44 0 17 43 160 4
44 0 18 43 160 4
44 0 19 255 186 119
44 0 20 255 186 119
44 0 21 255 186 119
44 0 22 255 186 119
44 0 23 255 186 119
44 0 24 255 186 119
44 0 25 255 186 119
44 0 26 255 186 119
44 0 27 255 186 119
44 0 28 255 186 119
44 0 29 43 160 4
44 0 30 158 216 229
44 1 18 255 186 119
44 1 19 255 186 119
44 1 20 255 186 119
44 1 21 255 186 119
44 1 22 255 186 119
44 1 23 255 186 119
44 1 24 255 186 119
44 1 25 255 186 119
44 1 26 255 186 119
44 1 27 255 186 119
44 1 28 255 186 119
44 1 29 158 216 229
44 1 30 158 216 229
44 2 18 255 186 119
44 2 19 255 186 119
44 2 20 255 186 119
44 2 21 255 186 119
44 2 22 255 186 119
44 2 23 255 186 119
44 2 24 255 186 119
44 2 25 255 186 119
44 2 26 255 186 119
44 2 27 255 186 119
44 2 28 255 186 119
44 2 29 158 216 229
44 2 30 158 216 229
44 3 18 255 186 119
44 3 19 255 186 119
44 3 20 255 186 119
44 3 21 255 186 119
44 3 22 255 186 119
44 3 23 255 186 119
44 3 24 255 186 119
44 3 25 255 186 119
44 3 26 255 186 119
44 3 27 255 186 119
44 3 28 255 186 119
44 3 29 158 216 229
44 3 30 158 216 229
44 4 18 255 186 119
44 4 19 255 186 119
44 4 20 255 186 119
44 4 21 255 186 119
44 4 22 255 186 119
44 4 23 255 186 119
44 4 24 255 186 119
44 4 25 255 186 119
44 4 26 255 186 119
44 4 27 255 186 119
44 4 28 255 186 119
44 4 29 158 216 229
44 4 30 158 216 229
44 5 18 255 186 119
44 5 19 255 186 119
44 5 20 255 186 119
44 5 21 255 186 119
44 5 22 255 186 119
44 5 23 255 186 119
44 5 24 255 186 119
44 5 25 255 186 119
44 5 26 255 186 119
44 5 27 255 186 119
44 5 28 255 186 119
44 5 29 158 216 229
44 5 30 158 216 229
44 6 18 255 186 119
44 6 19 255 186 119
44 6 20 255 186 119
44 6 21 255 186 119
44 6 22 255 186 119
44 6 23 255 186 119
44 6 24 255 186 119
44 6 25 255 186 119
44 6 26 255 186 119
44 6 27 255 186 119
44 6 28 255 186 119
44 6 29 158 216 229
44 6 30 158 216 229
44 7 18 255 186 119
44 7 19 255 186 119
44 7 20 255 186 119
44 7 21 255 186 119
44 7 22 255 186 119
44 7 23 255 186 119
44 7 24 255 186 119
44 7 25 255 186 119
44 7 26 255 186 119
44 7 27 255 186 119
44 7 28 255 186 119
44 7 29 158 216 229
44 7 30 158 216 229
44 8 24 196 175 214
44 8 25 196 175 214
44 8 26 196 175 214
44 8 27 196 175 214
44 8 28 196 175 214
44 8 29 158 216 229
44 8 30 158 216 229
44 9 24 196 175 214
44 9 25 196 175 214
44 9 26 196 175 214
44 9 27 196 175 214
44 9 28 196 175 214
44 9 29 158 216 229
44 9 30 158 216 229
44 10 25 196 175 214
44 10 26 196 175 214
44 10 27 196 175 214
44 10 28 196 175 214
44 10 29 158 216 229
44 10 30 158 216 229
44 11 29 158 216 229
44 11 30 158 216 229
44 12 29 158 216 229
44 12 30 158 216 229
44 13 29 158 216 229
44 13 30 158 216 229
44 14 29 158 216 229
44 14 30 158 216 229
44 15 29 158 216 229
44 15 30 158 216 229
44 16 29 158 216 229
44 16 30 158 216 229
44 17 29 158 216 229
44 17 30 158 216 229
44 18 29 158 216 229
44 18 30 158 216 229
44 19 29 158 216 229
44 19 30 158 216 229
44 20 29 158 216 229
44 20 30 158 216 229
44 21 29 158 216 229
44 21 30 158 216 229
44 22 29 158 216 229
44 22 30 158 216 229
44 23 29 158 216 229
44 23 30 158 216 229
44 24 29 158 216 229
44 24 30 158 216 229
44 25 29 158 216 229
44 25 30 158 216 229
44 26 29 158 216 229
44 26 30 158 216 229
44 27 29 158 216 229
44 27 30 158 216 229
44 28 29 158 216 229
44 28 30 158 216 229
44 29 29 158 216 229
44 29 30 158 216 229
44 30 29 158 216 229
44 30 30 158 216 229
44 31 29 158 216 229
44 31 30 158 216 229
44 32 29 158 216 229
44 32 30 158 216 229
44 33 0 214 38 40
44 33 1 214 38 40
44 33 2 214 38 40
44 33 3 214 38 40
44 33 4 214 38 40
44 33 5 214 38 40
44 33 6 214 38 40
44 33 7 214 38 40
44 33 8 214 38 40
44 33 9 214 38 40
44 33 10 214 38 40
44 33 11 214 38 40
44 33 12 214 38 40
44 33 13 214 38 40
44 33 14 214 38 40
44 33 15 214 38 40
44 33 16 214 38 40
44 33 17 214 38 40
44 33 18 214 38 40
44 33 19 214 38 40
44 33 20 214 38 40
44 33 21 214 38 40
44 33 22 214 38 40
44 33 23 214 38 40
44 33 24 214 38 40
44 33 25 214 38 40
44 33 26 214 38 40
44 33 27 214 38 40
44 33 28 214 38 40
44 33 29 158 216 229
44 33 30 158 216 229
44 34 0 214 38 40
44 34 1 214 38 40
44 34 2 214 38 40
44 34 3 214 38 40
44 34 4 214 38 40
44 34 5 214 38 40
44 34 6 214 38 40
44 34 7 214 38 40
44 34 8 214 38 40
44 34 9 214 38 40
44 34 10 214 38 40
44 34 11 214 38 40
44 34 12 214 38 40
44 34 13 214 38 40
44 34 14 214 38 40
44 34 15 214 38 40
44 34 16 214 38 40
44 34 17 214 38 40
44 34 18 214 38 40
44 34 19 214 38 40
44 34 20 214 38 40
44 34 21 214 38 40
44 34 22 214 38 40
44 34 23 214 38 40
44 34 24 214 38 40
44 34 25 214 38 40
44 34 26 214 38 40
44 34 27 214 38 40
44 34 28 214 38 40
44 34 29 214 38 40
45 0 0 43 160 4
45 0 1 43 160 4
45 0 2 43 160 4
45 0 3 43 160 4
45 0 4 43 160 4
45 0 5 43 160 4
45 0 6 43 160 4
45 0 7 43 160 4
45 0 8 43 160 4
45 0 9 43 160 4
45 0 10 43 160 4
45 0 11 43 160 4
45 0 12 43 160 4
45 0 13 43 160 4
45 0 14 43 160 4
45 0 15 43 160 4
45 0 16 43 160 4
45 0 17 43 160 4
45 0 18 43 160 4
45 0 19 196 175 214
45 0 20 255 186 119
45 0 21 255 186 119
45 0 22 255 186 119
45 0 23 255 186 119
45 0 24 255 186 119
45 0 25 255 186 119
45 0 26 255 186 119
45 0 27 255 186 119
45 0 28 43 160 4
45 0 29 158 216 229
45 1 18 196 175 214
45 1 19 196 175 214
45 1 20 255 186 119
45 1 21 255 186 119
45 1 22 255 186 119
45 1 23 255 186 119
45 1 24 255 186 119
45 1 25 255 186 119
45 1 26 255 186 119
45 1 27 255 186 119
45 1 28 158 216 229
45 1 29 158 216 229
45 2 18 196 175 214
45 2 19 196 175 214
45 2 20 255 186 119
45 2 21 255 186 119
45 2 22 255 186 119
45 2 23 255 186 119
45 2 24 255 186 119
45 2 25 255 186 119
45 2 26 255 186 119
45 2 27 255 186 119
45 2 28 158 216 229
45 2 29 158 216 229
45 3 18 196 175 214
45 3 19 196 175 214
45 3 20 255 186 119
45 3 21 255 186 119
45 3 22 255 186 119
45 3 23 255 186 119
45 3 24 255 186 119
45 3 25 255 186 119
45 3 26 255 186 119
45 3 27 255 186 119
45 3 28 158 216 229
45 3 29 158 216 229
45 4 18 196 175 214
45 4 19 196 175 214
45 4 20 255 186 119
45 4 21 255 186 119
45 4 22 255 186 119
45 4 23 255 186 119
45 4 24 255 186 119
45 4 25 255 186 119
45 4 26 255 186 119
45 4 27 255 186 119
45 4 28 158 216 229
45 4 29 158 216 229
45 5 18 196 175 214
45 5 19 196 175 214
45 5 20 255 186 119
45 5 21 255 186 119
45 5 22 255 186 119
45 5 23 255 186 119
45 5 24 255 186 119
45 5 25 255 186 119
45 5 26 255 186 119
45 5 27 255 186 119
45 5 28 158 216 229
45 5 29 158 216 229
45 6 19 255 186 119
45 6 20 255 186 119
45 6 21 255 186 119
45 6 22 255 186 119
45 6 23 255 186 119
45 6 24 255 186 119
45 6 25 255 186 119
45 6 26 255 186 119
45 6 27 255 186 119
45 6 28 158 216 229
45 6 29 158 216 229
45 7 19 255 186 119
45 7 20 255 186 119
45 7 21 255 186 119
45 7 22 255 186 119
45 7 23 255 186 119
45 7 24 255 186 119
45 7 25 255 186 119
45 7 26 255 186 119
45 7 27 255 186 119
45 7 28 158 216 229
45 7 29 158 216 229
45 8 24 196 175 214
45 8 25 196 175 214
45 8 26 196 175 214
45 8 27 196 175 214
45 8 28 158 216 229
45 8 29 158 216 229
45 9 24 196 175 214
45 9 25 196 175 214
45 9 26 196 175 214
45 9 27 196 175 214
45 9 28 158 216 229
45 9 29 158 216 229
45 10 24 196 175 214
45 10 25 196 175 214
45 10 26 196 175 214
45 10 27 196 175 214
45 10 28 158 216 229
45 10 29 158 216 229
45 11 28 158 216 229
45 11 29 158 216 229
45 12 28 158 216 229
45 12 29 158 216 229
45 13 28 158 216 229
45 13 29 158 216 229
45 14 28 158 216 229
45 14 29 158 216 229
45 15 28 158 216 229
45 15 29 158 216 229
45 16 28 158 216 229
45 16 29 158 216 229
45 17 28 158 216 229
45 17 29 158 216 229
45 18 28 158 216 229
45 18 29 158 216 229
45 19 28 158 216 229
45 19 29 158 216 229
45 20 28 158 216 229
45 20 29 158 216 229
45 21 28 158 216 229
45 21 29 158 216 229
45 22 28 158 216 229
45 22 29 158 216 229
45 23 28 158 216 229
45 23 29 158 216 229
45 24 28 158 216 229
45 24 29 158 216 229
45 25 28 158 216 229
45 25 29 158 216 229
45 26 28 158 216 229
45 26 29 158 216 229
45 27 28 158 216 229
45 27 29 158 216 229
45 28 28 158 216 229
45 28 29 158 216 229
45 29 28 158 216 229
45 29 29 158 216 229
45 30 28 158 216 229
45 30 29 158 216 229
45 31 28 158 216 229
45 31 29 158 216 229
45 32 28 158 216 229
45 32 29 158 216 229
45 33 0 214 38 40
45 33 1 214 38 40
45 33 2 214 38 40
45 33 3 214 38 40
45 33 4 214 38 40
45 33 5 214 38 40
45 33 6 214 38 40
45 33 7 214 38 40
45 33 8 214 38 40
45 33 9 214 38 40
45 33 10 214 38 40
45 33 11 214 38 40
45 33 12 214 38 40
45 33 13 214 38 40
45 33 14 214 38 40
45 33 15 214 38 40
45 33 16 214 38 40
45 33 17 214 38 40
45 33 18 214 38 40
45 33 19 214 38 40
45 33 20 214 38 40
45 33 21 214 38 40
45 33 22 214 38 40
45 33 23 214 38 40
45 33 24 214 38 40
45 33 25 214 38 40
45 33 26 214 38 40
45 33 27 214 38 40
45 33 28 158 216 229
45 33 29 158 216 229
45 34 0 214 38 40
45 34 1 214 38 40
45 34 2 214 38 40
45 34 3 214 38 40
45 34 4 214 38 40
45 34 5 214 38 40
45 34 6 214 38 40
45 34 7 214 38 40
45 34 8 214 38 40
45 34 9 214 38 40
45 34 10 214 38 40
45 34 11 214 38 40
45 34 12 214 38 40
45 34 13 214 38 40
45 34 14 214 38 40
45 34 15 214 38 40
45 34 16 214 38 40
45 34 17 214 38 40
45 34 18 214 38 40
45 34 19 214 38 40
45 34 20 214 38 40
45 34 21 214 38 40
45 34 22 214 38 40
45 34 23 214 38 40
45 34 24 214 38 40
45 34 25 214 38 40
45 34 26 214 38 40
45 34 27 214 38 40
45 34 28 214 38 40
46 0 0 43 160 4
46 0 1 43 160 4
46 0 2 43 160 4
46 0 3 43 160 4
46 0 4 43 160 4
46 0 5 43 160 4
46 0 6 43 160 4
46 0 7 43 160 4
46 0 8 43 160 4
46 0 9 43 160 4
46 0 10 43 160 4
46 0 11 43 160 4
46 0 12 43 160 4
46 0 13 43 160 4
46 0 14 43 160 4
46 0 15 43 160 4
46 0 16 43 160 4
46 0 17 196 175 214
46 0 18 196 175 214
46 0 19 196 175 214
46 0 20 255 186 119
46 0 21 255 186 119
46 0 22 255 186 119
46 0 23 255 186 119
46 0 24 255 186 119
46 0 25 255 186 119
46 0 26 255 186 119
46 0 27 43 160 4
46 1 17 196 175 214
46 1 18 196 175 214
46 1 19 196 175 214
46 1 20 255 186 119
46 1 21 255 186 119
46 1 22 255 186 119
46 1 23 255 186 119
46 1 24 255 186 119
46 1 25 255 186 119
46 1 26 255 186 119
46 1 27 158 216 229
46 1 28 158 216 229
46 2 17 196 175 214
46 2 18 196 175 214
46 2 19 196 175 214
46 2 20 255 186 119
46 2 21 255 186 119
46 2 22 255 186 119
46 2 23 255 186 119
46 2 24 255 186 119
46 2 25 255 186 119
46 2 26 255 186 119
46 2 27 158 216 229
46 2 28 158 216 229
46 3 17 196 175 214
46 3 18 196 175 214
46 3 19 196 175 214
46 3 20 255 186 119
46 3 21 255 186 119
46 3 22 255 186 119
46 3 23 255 186 119
46 3 24 255 186 119
46 3 25 255 186 119
46 3 26 255 186 119
46 3 27 158 216 229
46 3 28 158 216 229
46 4 17 196 175 214
46 4 18 196 175 214
46 4 19 196 175 214
46 4 20 255 186 119
46 4 21 255 186 119
46 4 22 255 186 119
46 4 23 255 186 119
46 4 24 255 186 119
46 4 25 255 186 119
46 4 26 255 186 119
46 4 27 158 216 229
46 4 28 158 216 229
46 5 17 196 175 214
46 5 18 196 175 214
46 5 19 196 175 214
46 5 20 255 186 119
46 5 21 255 186 119
46 5 22 255 186 119
46 5 23 255 186 119
46 5 24 255 186 119
46 5 25 255 186 119
46 5 26 255 186 119
46 5 27 158 216 229
46 5 28 158 216 229
46 6 20 255 186 119
46 6 21 255 186 119
46 6 22 255 186 119
46 6 23 255 186 119
46 6 24 255 186 119
46 6 25 255 186 119
46 6 26 255 186 119
46 6 27 158 216 229
46 6 28 158 216 229
46 7 20 255 186 119
46 7 21 255 186 119
46 7 22 255 186 119
46 7 23 255 186 119
46 7 24 255 186 119
46 7 25 255 186 119
46 7 26 255 186 119
46 7 27 158 216 229
46 7 28 158 216 229
46 8 24 196 175 214
46 8 25 196 175 214
46 8 26 196 175 214
46 8 27 158 216 229
46 8 28 158 216 229
46 9 24 196 175 214
46 9 25 196 175 214
46 9 26 196 175 214
46 9 27 158 216 229
46 9 28 158 216 229
46 10 24 196 175 214
46 10 25 196 175 214
46 10 26 196 175 214
46 10 27 158 216 229
46 10 28 158 216 229
46 11 26 158 216 229
46 11 27 158 216 229
46 11 28 158 216 229
46 12 26 158 216 229
46 12 27 158 216 229
46 12 28 158 216 229
46 13 26 158 216 229
46 13 27 158 216 229
46 13 28 158 216 229
46 14 26 158 216 229
46 14 27 158 216 229
46 14 28 158 216 229
46 15 26 158 216 229
46 15 27 158 216 229
46 15 28 158 216 229
46 16 26 158 216 229
46 16 27 158 216 229
46 16 28 158 216 229
46 17 26 158 216 229
46 17 27 158 216 229
46 17 28 158 216 229
46 18 26 158 216 229
46 18 27 158 216 229
46 18 28 158 216 229
46 19 26 158 216 229
46 19 27 158 216 229
46 19 28 158 216 229
46 20 26 158 216 229
46 20 27 158 216 229
46 20 28 158 216 229
46 21 26 158 216 229
46 21 27 158 216 229
46 21 28 158 216 229
46 22 26 158 216 229
46 22 27 158 216 229
46 22 28 158 216 229
46 23 26 158 216 229
46 23 27 158 216 229
46 23 28 158 216 229
46 24 26 158 216 229
46 24 27 158 216 229
46 24 28 158 216 229
46 25 26 158 216 229
46 25 27 158 216 229
46 25 28 158 216 229
46 26 26 158 216 229
46 26 27 158 216 229
46 26 28 158 216 229
46 27 26 158 216 229
46 27 27 158 216 229
46 27 28 158 216 229
46 28 26 158 216 229
46 28 27 158 216 229
46 28 28 158 216 229
46 29 26 158 216 229
46 29 27 158 216 229
46 29 28 158 216 229
46 30 26 158 216 229
46 30 27 158 216 229
46 30 28 158 216 229
46 31 26 158 216 229
46 31 27 158 216 229
46 31 28 158 216 229
46 32 26 158 216 229
46 32 27 158 216 229
46 32 28 158 216 229
46 33 0 214 38 40
46 33 1 214 38 40
46 33 2 214 38 40
46 33 3 214 38 40
46 33 4 214 38 40
46 33 5 214 38 40
46 33 6 214 38 40
46 33 7 214 38 40
46 33 8 214 38 40
46 33 9 214 38 40
46 33 10 214 38 40
46 33 11 214 38 40
46 33 12 214 38 40
46 33 13 214 38 40
46 33 14 214 38 40
46 33 15 214 38 40
46 33 16 214 38 40
46 33 17 214 38 40
46 33 18 214 38 40
46 33 19 214 38 40
46 33 20 214 38 40
46 33 21 214 38 40
46 33 22 214 38 40
46 33 23 214 38 40
46 33 24 214 38 40
46 33 25 214 38 40
46 33 26 214 38 40
46 33 27 158 216 229
46 33 28 158 216 229
46 34 0 214 38 40
46 34 1 214 38 40
46 34 2 214 38 40
46 34 3 214 38 40
46 34 4 214 38 40
46 34 5 214 38 40
46 34 6 214 38 40
46 34 7 214 38 40
46 34 8 214 38 40
46 34 9 214 38 40
46 34 10 214 38 40
46 34 11 214 38 40
46 34 12 214 38 40
46 34 13 214 38 40
46 34 14 214 38 40
46 34 15 214 38 40
46 34 16 214 38 40
46 34 17 214 38 40
46 34 18 214 38 40
46 34 19 214 38 40
46 34 20 214 38 40
46 34 21 214 38 40
46 34 22 214 38 40
46 34 23 214 38 40
46 34 24 214 38 40
46 34 25 214 38 40
46 34 26 214 38 40
46 34 27 214 38 40
47 0 0 43 160 4
47 0 1 43 160 4
47 0 2 43 160 4
47 0 3 43 160 4
47 0 4 43 160 4
47 0 5 43 160 4
47 0 6 43 160 4
47 0 7 43 160 4
47 0 8 43 160 4
47 0 9 43 160 4
47 0 10 43 160 4
47 0 11 43 160 4
47 0 12 43 160 4
47 0 13 43 160 4
47 0 14 43 160 4
47 0 15 43 160 4
47 0 16 196 175 214
47 0 17 196 175 214
47 0 18 196 175 214
47 0 19 196 175 214
47 0 20 196 175 214
47 0 21 255 186 119
47 0 22 255 186 119
47 0 23 255 186 119
47 0 24 255 186 119
47 0 25 43 160 4
47 0 26 43 160 4
47 1 15 196 175 214
47 1 16 196 175 214
47 1 17 196 175 214
47 1 18 196 175 214
47 1 19 196 175 214
47 1 20 196 175 214
47 1 21 255 186 119
47 1 22 255 186 119
47 1 23 255 186 119
47 1 24 255 186 119
47 1 25 255 186 119
47 1 26 158 216 229
47 1 27 158 216 229
47 2 15 196 175 214
47 2 16 196 175 214
47 2 17 196 175 214
47 2 18 196 175 214
47 2 19 196 175 214
47 2 20 196 175 214
47 2 21 255 186 119
47 2 22 255 186 119
47 2 23 255 186 119
47 2 24 255 186 119
47 2 25 255 186 119
47 2 26 158 216 229
47 2 27 158 216 229
47 3 15 196 175 214
47 3 16 196 175 214
47 3 17 196 175 214
47 3 18 196 175 214
47 3 19 196 175 214
47 3 20 196 175 214
47 3 21 255 186 119
47 3 22 255 186 119
47 3 23 255 186 119
47 3 24 255 186 119
47 3 25 255 186 119
47 3 26 158 216 229
47 3 27 158 216 229
47 4 15 196 175 214
47 4 16 196 175 214
47 4 17 196 175 214
47 4 18 196 175 214
47 4 19 196 175 214
47 4 20 196 175 214
47 4 21 255 186 119
47 4 22 255 186 119
47 4 23 255 186 119
47 4 24 255 186 119
47 4 25 255 186 119
47 4 26 158 216 229
47 4 27 158 216 229
47 5 16 196 175 214
47 5 17 196 175 214
47 5 18 196 175 214
47 5 19 196 175 214
47 5 20 196 175 214
47 5 21 255 186 119
47 5 22 255 186 119
47 5 23 255 186 119
47 5 24 255 186 119
47 5 25 255 186 119
47 5 26 158 216 229
47 5 27 158 216 229
47 6 21 255 186 119
47 6 22 255 186 119
47 6 23 255 186 119
47 6 24 255 186 119
47 6 25 255 186 119
47 6 26 158 216 229
47 6 27 158 216 229
47 7 21 255 186 119
47 7 22 255 186 119
47 7 23 255 186 119
47 7 24 255 186 119
47 7 25 158 216 229
47 7 26 158 216 229
47 7 27 158 216 229
47 8 25 158 216 229
47 8 26 158 216 229
47 8 27 158 216 229
47 9 25 158 216 229
47 9 26 158 216 229
47 9 27 158 216 229
47 10 25 158 216 229
47 10 26 158 216 229
47 10 27 158 216 229
47 11 25 158 216 229
47 11 26 158 216 229
47 11 27 158 216 229
47 12 25 158 216 229
47 12 26 158 216 229
47 12 27 158 216 229
47 13 25 158 216 229
47 13 26 158 216 229
47 13 27 158 216 229
47 14 25 158 216 229
47 14 26 158 216 229
47 14 27 158 216 229
47 15 25 158 216 229
47 15 26 158 216 229
47 15 27 158 216 229
47 16 25 158 216 229
47 16 26 158 216 229
47 16 27 158 216 229
47 17 25 158 216 229
47 17 26 158 216 229
47 17 27 158 216 229
47 18 25 158 216 229
47 18 26 158 216 229
47 18 27 158 216 229
47 19 25 158 216 229
47 19 26 158 216 229
47 19 27 158 216 229
47 20 25 158 216 229
47 20 26 158 216 229
47 20 27 158 216 229
47 21 25 158 216 229
47 21 26 158 216 229
47 21 27 158 216 229
47 22 25 158 216 229
47 22 26 158 216 229
47 22 27 158 216 229
47 23 25 158 216 229
47 23 26 158 216 229
47 23 27 158 216 229
47 24 25 158 216 229
47 24 26 158 216 229
47 24 27 158 216 229
47 25 25 158 216 229
47 25 26 158 216 229
47 25 27 158 216 229
47 26 25 158 216 229
47 26 26 158 216 229
47 26 27 158 216 229
47 27 25 158 216 229
47 27 26 158 216 229
47 27 27 158 216 229
47 28 25 158 216 229
47 28 26 158 216 229
47 28 27 158 216 229
47 29 25 158 216 229
47 29 26 158 216 229
47 29 27 158 216 229
47 30 25 158 216 229
47 30 26 158 216 229
47 30 27 158 216 229
47 31 25 158 216 229
47 31 26 158 216 229
47 31 27 158 216 229
47 32 25 158 216 229
47 32 26 158 216 229
47 32 27 158 216 229
47 33 0 214 38 40
47 33 1 214 38 40
47 33 2 214 38 40
47 33 3 214 38 40
47 33 4 214 38 40
47 33 5 214 38 40
47 33 6 214 38 40
47 33 7 214 38 40
47 33 8 214 38 40
47 33 9 214 38 40
47 33 10 214 38 40
47 33 11 214 38 40
47 33 12 214 38 40
47 33 13 214 38 40
47 33 14 214 38 40
47 33 15 214 38 40
47 33 16 214 38 40
47 33 17 214 38 40
47 33 18 214 38 40
47 33 19 214 38 40
47 33 20 214 38 40
47 33 21 214 38 40
47 33 22 214 38 40
47 33 23 214 38 40
47 33 24 214 38 40
47 33 25 214 38 40
47 33 26 158 216 229
47 33 27 158 216 229
47 34 0 214 38 40
47 34 1 214 38 40
47 34 2 214 38 40
47 34 3 214 38 40
47 34 4 214 38 40
47 34 5 214 38 40
47 34 6 214 38 40
47 34 7 214 38 40
47 34 8 214 38 40
47 34 9 214 38 40
47 34 10 214 38 40
47 34 11 214 38 40
47 34 12 214 38 40
47 34 13 214 38 40
47 34 14 214 38 40
47 34 15 214 38 40
47 34 16 214 38 40
47 34 17 214 38 40
47 34 18 214 38 40
47 34 19 214 38 40
47 34 20 214 38 40
47 34 21 214 38 40
47 34 22 214 38 40
47 34 23 214 38 40
47 34 24 214 38 40
47 34 25 214 38 40
47 34 26 214 38 40
48 0 0 43 160 4
48 0 1 43 160 4
48 0 2 43 160 4
48 0 3 43 160 4
48 0 4 43 160 4
48 0 5 43 160 4
48 0 6 43 160 4
48 0 7 43 160 4
48 0 8 43 160 4
48 0 9 43 160 4
48 0 10 43 160 4
48 0 11 43 160 4
48 0 12 43 160 4
48 0 13 43 160 4
48 0 14 43 160 4
48 0 15 196 175 214
48 0 16 196 175 214
48 0 17 196 175 214
48 0 18 196 175 214
48 0 19 196 175 214
48 0 20 196 175 214
48 0 21 196 175 214
48 0 22 255 186 119
48 0 23 255 186 119
48 0 24 43 160 4
48 0 25 158 216 229
48 1 14 196 175 214
48 1 15 196 175 214
48 1 16 196 175 214
48 1 17 196 175 214
48 1 18 196 175 214
48 1 19 196 175 214
48 1 20 196 175 214
48 1 21 196 175 214
48 1 22 255 186 119
48 1 23 255 186 119
48 1 24 158 216 229
48 1 25 158 216 229
48 2 14 196 175 214
48 2 15 196 175 214
48 2 16 196 175 214
48 2 17 196 175 214
48 2 18 196 175 214
48 2 19 196 175 214
48 2 20 196 175 214
48 2 21 196 175 214
48 2 22 255 186 119
48 2 23 255 186 119
48 2 24 158 216 229
48 2 25 158 216 229
48 3 14 196 175 214
48 3 15 196 175 214
48 3 16 196 175 214
48 3 17 196 175 214
48 3 18 196 175 214
48 3 19 196 175 214
48 3 20 196 175 214
48 3 21 196 175 214
48 3 22 255 186 119
48 3 23 255 186 119
48 3 24 158 216 229
48 3 25 158 216 229
48 4 14 196 175 214
48 4 15 196 175 214
48 4 16 196 175 214
48 4 17 196 175 214
48 4 18 196 175 214
48 4 19 196 175 214
48 4 20 196 175 214
48 4 21 196 175 214
48 4 22 255 186 119
48 4 23 255 186 119
48 4 24 158 216 229
48 4 25 158 216 229
48 5 14 196 175 214
48 5 15 196 175 214
48 5 16 196 175 214
48 5 17 196 175 214
48 5 18 196 175 214
48 5 19 196 175 214
48 5 20 196 175 214
48 5 21 196 175 214
48 5 22 255 186 119
48 5 23 255 186 119
48 5 24 158 216 229
48 5 25 158 216 229
48 6 22 255 186 119
48 6 23 255 186 119
48 6 24 158 216 229
48 6 25 158 216 229
48 7 22 255 186 119
48 7 23 255 186 119
48 7 24 158 216 229
48 7 25 158 216 229
48 8 24 158 216 229
48 8 25 158 216 229
48 9 24 158 216 229
48 9 25 158 216 229
48 10 24 158 216 229
48 10 25 158 216 229
48 11 24 158 216 229
48 11 25 158 216 229
48 12 24 158 216 229
48 12 25 158 216 229
48 13 24 158 216 229
48 13 25 158 216 229
48 14 24 158 216 229
48 14 25 158 216 229
48 15 24 158 216 229
48 15 25 158 216 229
48 16 24 158 216 229
48 16 25 158 216 229
48 17 24 158 216 229
48 17 25 158 216 229
48 18 24 158 216 229
48 18 25 158 216 229
48 19 24 158 216 229
48 19 25 158 216 229
48 20 24 158 216 229
48 20 25 158 216 229
48 21 24 158 216 229
48 21 25 158 216 229
48 22 24 158 216 229
48 22 25 158 216 229
48 23 24 158 216 229
48 23 25 158 216 229
48 24 24 158 216 229
48 24 25 158 216 229
48 25 24 158 216 229
48 25 25 158 216 229
48 26 24 158 216 229
48 26 25 158 216 229
48 27 24 158 216 229
48 27 25 158 216 229
48 28 24 158 216 229
48 28 25 158 216 229
48 29 24 158 216 229
48 29 25 158 216 229
48 30 24 158 216 229
48 30 25 158 216 229
48 31 24 158 216 229
48 31 25 158 216 229
48 32 24 158 216 229
48 32 25 158 216 229
48 33 0 214 38 40
48 33 1 214 38 40
48 33 2 214 38 40
48 33 3 214 38 40
48 33 4 214 38 40
48 33 5 214 38 40
48 33 6 214 38 40
48 33 7 214 38 40
48 33 8 214 38 40
48 33 9 214 38 40
48 33 10 214 38 40
48 33 11 214 38 40
48 33 12 214 38 40
48 33 13 214 38 40
48 33 14 214 38 40
48 33 15 214 38 40
48 33 16 214 38 40
48 33 17 214 38 40
48 33 18 214 38 40
48 33 19 214 38 40
48 33 20 214 38 40
48 33 21 214 38 40
48 33 22 214 38 40
48 33 23 214 38 40
48 33 24 158 216 229
48 33 25 158 216 229
48 34 0 214 38 40
48 34 1 214 38 40
48 34 2 214 38 40
48 34 3 214 38 40
48 34 4 214 38 40
48 34 5 214 38 40
48 34 6 214 38 40
48 34 7 214 38 40
48 34 8 214 38 40
48 34 9 214 38 40
48 34 10 214 38 40
48 34 11 214 38 40
48 34 12 214 38 40
48 34 13 214 38 40
48 34 14 214 38 40
48 34 15 214 38 40
48 34 16 214 38 40
48 34 17 214 38 40
48 34 18 214 38 40
48 34 19 214 38 40
48 34 20 214 38 40
48 34 21 214 38 40
48 34 22 214 38 40
48 34 23 214 38 40
48 34 24 214 38 40
48 34 25 214 38 40
49 0 0 43 160 4
49 0 1 43 160 4
49 0 2 43 160 4
49 0 3 43 160 4
49 0 4 43 160 4
49 0 5 43 160 4
49 0 6 43 160 4
49 0 7 43 160 4
49 0 8 43 160 4
49 0 9 43 160 4
49 0 10 43 160 4
49 0 11 43 160 4
49 0 12 43 160 4
49 0 13 43 160 4
49 0 14 196 175 214
49 0 15 196 175 214
49 0 16 196 175 214
49 0 17 196 175 214
49 0 18 196 175 214
49 0 19 196 175 214
49 0 20 196 175 214
49 0 21 196 175 214
49 0 22 196 175 214
49 0 23 43 160 4
49 0 24 158 216 229
49 1 13 196 175 214
49 1 14 196 175 214
49 1 15 196 175 214
49 1 16 196 175 214
49 1 17 196 175 214
49 1 18 196 175 214
49 1 19 196 175 214
49 1 20 196 175 214
49 1 21 196 175 214
49 1 22 196 175 214
49 1 23 158 216 229
49 1 24 158 216 229
49 2 13 196 175 214
49 2 14 196 175 214
49 2 15 196 175 214
49 2 16 196 175 214
49 2 17 196 175 214
49 2 18 196 175 214
49 2 19 196 175 214
49 2 20 196 175 214
49 2 21 196 175 214
49 2 22 196 175 214
49 2 23 158 216 229
49 2 24 158 216 229
49 3 13 196 175 214
49 3 14 196 175 214
49 3 15 196 175 214
49 3 16 196 175 214
49 3 17 196 175 214
49 3 18 196 175 214
49 3 19 196 175 214
49 3 20 196 175 214
49 3 21 196 175 214
49 3 22 196 175 214
49 3 23 158 216 229
49 3 24 158 216 229
49 4 13 196 175 214
49 4 14 196 175 214
49 4 15 196 175 214
49 4 16 196 175 214
49 4 17 196 175 214
49 4 18 196 175 214
49 4 19 196 175 214
49 4 20 196 175 214
49 4 21 196 175 214
49 4 22 196 175 214
49 4 23 158 216 229
49 4 24 158 216 229
49 5 13 196 175 214
49 5 14 196 175 214
49 5 15 196 175 214
49 5 16 196 175 214
49 5 17 196 175 214
49 5 18 196 175 214
49 5 19 196 175 214
49 5 20 196 175 214
49 5 21 196 175 214
49 5 22 196 175 214
49 5 23 158 216 229
49 5 24 158 216 229
49 6 22 255 186 119
49 6 23 158 216 229
49 6 24 158 216 229
49 7 23 158 216 229
49 7 24 158 216 229
49 8 23 158 216 229
49 8 24 158 216 229
49 9 23 158 216 229
49 9 24 158 216 229
49 10 23 158 216 229
49 10 24 158 216 229
49 11 23 158 216 229
49 11 24 158 216 229
49 12 23 158 216 229
49 12 24 158 216 229
49 13 23 158 216 229
49 13 24 158 216 229
49 14 23 158 216 229
49 14 24 158 216 229
49 15 23 158 216 229
49 15 24 158 216 229
49 16 23 158 216 229
49 16 24 158 216 229
49 17 23 158 216 229
49 17 24 158 216 229
49 18 23 158 216 229
49 18 24 158 216 229
49 19 23 158 216 229
49 19 24 158 216 229
49 20 23 158 216 229
49 20 24 158 216 229
49 21 23 158 216 229
49 21 24 158 216 229
49 22 23 158 216 229
49 22 24 158 216 229
49 23 23 158 216 229
49 23 24 158 216 229
49 24 23 158 216 229
49 24 24 158 216 229
49 25 23 158 216 229
49 25 24 158 216 229
49 26 23 158 216 229
49 26 24 158 216 229
49 27 23 158 216 229
49 27 24 158 216 229
49 28 23 158 216 229
49 28 24 158 216 229
49 29 23 158 216 229
49 29 24 158 216 229
49 30 23 158 216 229
49 30 24 158 216 229
49 31 23 158 216 229
49 31 24 158 216 229
49 32 23 158 216 229
49 32 24 158 216 229
49 33 0 214 38 40
49 33 1 214 38 40
49 33 2 214 38 40
49 33 3 214 38 40
49 33 4 214 38 40
49 33 5 214 38 40
49 33 6 214 38 40
49 33 7 214 38 40
49 33 8 214 38 40
49 33 9 214 38 40
49 33 10 214 38 40
49 33 11 214 38 40
49 33 12 214 38 40
49 33 13 214 38 40
49 33 14 214 38 40
49 33 15 214 38 40
49 33 16 214 38 40
49 33 17 214 38 40
49 33 18 214 38 40
49 33 19 214 38 40
49 33 20 214 38 40
49 33 21 214 38 40
49 33 22 214 38 40
49 33 23 158 216 229
49 33 24 158 216 229
49 34 0 214 38 40
49 34 1 214 38 40
49 34 2 214 38 40
49 34 3 214 38 40
49 34 4 214 38 40
49 34 5 214 38 40
49 34 6 214 38 40
49 34 7 214 38 40
49 34 8 214 38 40
49 34 9 214 38 40
49 34 10 214 38 40
49 34 11 214 38 40
49 34 12 214 38 40
49 34 13 214 38 40
49 34 14 214 38 40
49 34 15 214 38 40
49 34 16 214 38 40
49 34 17 214 38 40
49 34 18 214 38 40
49 34 19 214 38 40
49 34 20 214 38 40
49 34 21 214 38 40
49 34 22 214 38 40
49 34 23 214 38 40
50 0 0 43 160 4
50 0 1 43 160 4
50 0 2 43 160 4
50 0 3 43 160 4
50 0 4 43 160 4
50 0 5 43 160 4
50 0 6 43 160 4
50 0 7 43 160 4
50 0 8 43 160 4
50 0 9 43 160 4
50 0 10 43 160 4
50 0 11 43 160 4
50 0 12 43 160 4
50 0 13 196 175 214
50 0 14 196 175 214
50 0 15 196 175 214
50 0 16 196 175 214
50 0 17 196 175 214
50 0 18 196 175 214
50 0 19 196 175 214
50 0 20 196 175 214
50 0 21 196 175 214
50 0 22 196 175 214
50 0 23 158 216 229
50 1 12 196 175 214
50 1 13 196 175 214
50 1 14 196 175 214
50 1 15 196 175 214
50 1 16 196 175 214
50 1 17 196 175 214
50 1 18 196 175 214
50 1 19 196 175 214
50 1 20 196 175 214
50 1 21 196 175 214
50 1 22 158 216 229
50 1 23 158 216 229
50 2 12 196 175 214
50 2 13 196 175 214
50 2 14 196 175 214
50 2 15 196 175 214
50 2 16 196 175 214
50 2 17 196 175 214
50 2 18 196 175 214
50 2 19 196 175 214
50 2 20 196 175 214
50 2 21 196 175 214
50 2 22 158 216 229
50 2 23 158 216 229
50 3 12 196 175 214
50 3 13 196 175 214
50 3 14 196 175 214
50 3 15 196 175 214
50 3 16 196 175 214
50 3 17 196 175 214
50 3 18 196 175 214
50 3 19 196 175 214
50 3 20 196 175 214
50 3 21 196 175 214
50 3 22 158 216 229
50 3 23 158 216 229
50 4 12 196 175 214
50 4 13 196 175 214
50 4 14 196 175 214
50 4 15 196 175 214
50 4 16 196 175 214
50 4 17 196 175 214
50 4 18 196 175 214
50 4 19 196 175 214
50 4 20 196 175 214
50 4 21 196 175 214
50 4 22 158 216 229
50 4 23 158 216 229
50 5 12 196 175 214
50 5 13 196 175 214
50 5 14 196 175 214
50 5 15 196 175 214
50 5 16 196 175 214
50 5 17 196 175 214
50 5 18 196 175 214
50 5 19 196 175 214
50 5 20 196 175 214
50 5 21 196 175 214
50 5 22 158 216 229
50 5 23 158 216 229
50 6 22 158 216 229
50 6 23 158 216 229
50 7 22 158 216 229
50 7 23 158 216 229
50 8 22 158 216 229
50 8 23 158 216 229
50 9 22 158 216 229
50 9 23 158 216 229
50 10 22 158 216 229
50 10 23 158 216 229
50 11 22 158 216 229
50 11 23 158 216 229
50 12 22 158 216 229
50 12 23 158 216 229
50 13 22 158 216 229
50 13 23 158 216 229
50 14 22 158 216 229
50 14 23 158 216 229
50 15 22 158 216 229
50 15 23 158 216 229
50 16 22 158 216 229
50 16 23 158 216 229
50 17 22 158 216 229
50 17 23 158 216 229
50 18 22 158 216 229
50 18 23 158 216 229
50 19 22 158 216 229
50 19 23 158 216 229
50 20 22 158 216 229
50 20 23 158 216 229
50 21 22 158 216 229
50 21 23 158 216 229
50 22 22 158 216 229
50 22 23 158 216 229
50 23 22 158 216 229
50 23 23 158 216 229
50 24 22 158 216 229
50 24 23 158 216 229
50 25 22 158 216 229
50 25 23 158 216 229
50 26 22 158 216 229
50 26 23 158 216 229
50 27 22 158 216 229
50 27 23 158 216 229
50 28 22 158 216 229
50 28 23 158 216 229
50 29 22 158 216 229
50 29 23 158 216 229
50 30 22 158 216 229
50 30 23 158 216 229
50 31 22 158 216 229
50 31 23 158 216 229
50 32 22 158 216 229
50 32 23 158 216 229
50 33 0 214 38 40
50 33 1 214 38 40
50 33 2 214 38 40
50 33 3 214 38 40
50 33 4 214 38 40
50 33 5 214 38 40
50 33 6 214 38 40
50 33 7 214 38 40
50 33 8 214 38 40
50 33 9 214 38 40
50 33 10 214 38 40
50 33 11 214 38 40
50 33 12 214 38 40
50 33 13 214 38 40
50 33 14 214 38 40
50 33 15 214 38 40
50 33 16 214 38 40
50 33 17 214 38 40
50 33 18 214 38 40
50 33 19 214 38 40
50 33 20 214 38 40
50 33 21 214 38 40
50 33 22 158 216 229
50 33 23 158 216 229
50 34 0 214 38 40
50 34 1 214 38 40
50 34 2 214 38 40
50 34 3 214 38 40
50 34 4 214 38 40
50 34 5 214 38 40
50 34 6 214 38 40
50 34 7 214 38 40
50 34 8 214 38 40
50 34 9 214 38 40
50 34 10 214 38 40
50 34 11 214 38 40
50 34 12 214 38 40
50 34 13 214 38 40
50 34 14 214 38 40
50 34 15 214 38 40
50 34 16 214 38 40
50 34 17 214 38 40
50 34 18 214 38 40
50 34 19 214 38 40
50 34 20 214 38 40
50 34 21 214 38 40
50 34 22 214 38 40
51 0 0 43 160 4
51 0 1 43 160 4
51 0 2 43 160 4
51 0 3 43 160 4
51 0 4 43 160 4
51 0 5 43 160 4
51 0 6 43 160 4
51 0 7 43 160 4
51 0 8 43 160 4
51 0 9 43 160 4
51 0 10 43 160 4
51 0 11 43 160 4
51 0 12 43 160 4
51 0 13 196 175 214
51 0 14 196 175 214
51 0 15 196 175 214
51 0 16 196 175 214
51 0 17 196 175 214
51 0 18 196 175 214
51 0 19 196 175 214
51 0 20 196 175 214
51 0 21 43 160 4
51 1 12 196 175 214
51 1 13 196 175 214
51 1 14 196 175 214
51 1 15 196 175 214
51 1 16 196 175 214
51 1 17 196 175 214
51 1 18 196 175 214
51 1 19 196 175 214
51 1 20 196 175 214
51 1 21 158 216 229
51 1 22 158 216 229
51 2 12 196 175 214
51 2 13 196 175 214
51 2 14 196 175 214
51 2 15 196 175 214
51 2 16 196 175 214
51 2 17 196 175 214
51 2 18 196 175 214
51 2 19 196 175 214
51 2 20 196 175 214
51 2 21 158 216 229
51 2 22 158 216 229
51 3 12 196 175 214
51 3 13 196 175 214
51 3 14 196 175 214
51 3 15 196 175 214
51 3 16 196 175 214
51 3 17 196 175 214
51 3 18 196 175 214
51 3 19 196 175 214
51 3 20 196 175 214
51 3 21 158 216 229
51 3 22 158 216 229
51 4 12 196 175 214
51 4 13 196 175 214
51 4 14 196 175 214
51 4 15 196 175 214
51 4 16 196 175 214
51 4 17 196 175 214
51 4 18 196 175 214
51 4 19 196 175 214
51 4 20 196 175 214
51 4 21 158 216 229
51 4 22 158 216 229
51 5 13 196 175 214
51 5 14 196 175 214
51 5 15 196 175 214
51 5 16 196 175 214
51 5 17 196 175 214
51 5 18 196 175 214
51 5 19 196 175 214
51 5 20 196 175 214
51 5 21 158 216 229
51 5 22 158 216 229
51 6 20 158 216 229
51 6 21 158 216 229
51 6 22 158 216 229
51 7 20 158 216 229
51 7 21 158 216 229
51 7 22 158 216 229
51 8 20 158 216 229
51 8 21 158 216 229
51 8 22 158 216 229
51 9 20 158 216 229
51 9 21 158 216 229
51 9 22 158 216 229
51 10 20 158 216 229
51 10 21 158 216 229
51 10 22 158 216 229
51 11 20 158 216 229
51 11 21 158 216 229
51 11 22 158 216 229
51 12 20 158 216 229
51 12 21 158 216 229
51 12 22 158 216 229
51 13 20 158 216 229
51 13 21 158 216 229
51 13 22 158 216 229
51 14 20 158 216 229
51 14 21 158 216 229
51 14 22 158 216 229
51 15 20 158 216 229
51 15 21 158 216 229
51 15 22 158 216 229
51 16 20 158 216 229
51 16 21 158 216 229
51 16 22 158 216 229
51 17 20 158 216 229
51 17 21 158 216 229
51 17 22 158 216 229
51 18 20 158 216 229
51 18 21 158 216 229
51 18 22 158 216 229
51 19 20 158 216 229
51 19 21 158 216 229
51 19 22 158 216 229
51 20 20 158 216 229
51 20 21 158 216 229
51 20 22 158 216 229
51 21 20 158 216 229
51 21 21 158 216 229
51 21 22 158 216 229
51 22 20 158 216 229
51 22 21 158 216 229
51 22 22 158 216 229
51 23 20 158 216 229
51 23 21 158 216 229
51 23 22 158 216 229
51 24 20 158 216 229
51 24 21 158 216 229
51 24 22 158 216 229
51 25 20 158 216 229
51 25 21 158 216 229
51 25 22 158 216 229
51 26 20 158 216 229
51 26 21 158 216 229
51 26 22 158 216 229
51 27 20 158 216 229
51 27 21 158 216 229
51 27 22 158 216 229
51 28 20 158 216 229
51 28 21 158 216 229
51 28 22 158 216 229
51 29 20 158 216 229
51 29 21 158 216 229
51 29 22 158 216 229
51 30 20 158 216 229
51 30 21 158 216 229
51 30 22 158 216 229
51 31 20 158 216 229
51 31 21 158 216 229
51 31 22 158 216 229
51 32 20 158 216 229
51 32 21 158 216 229
51 32 22 158 216 229
51 33 0 214 38 40
51 33 1 214 38 40
51 33 2 214 38 40
51 33 3 214 38 40
51 33 4 214 38 40
51 33 5 214 38 40
51 33 6 214 38 40
51 33 7 214 38 40
51 33 8 214 38 40
51 33 9 214 38 40
51 33 10 214 38 40
51 33 11 214 38 40
51 33 12 214 38 40
51 33 13 214 38 40
51 33 14 214 38 40
51 33 15 214 38 40
51 33 16 214 38 40
51 33 17 214 38 40
51 33 18 214 38 40
51 33 19 214 38 40
51 33 20 214 38 40
51 33 21 158 216 229
51 33 22 158 216 229
51 34 0 214 38 40
51 34 1 214 38 40
51 34 2 214 38 40
51 34 3 214 38 40
51 34 4 214 38 40
51 34 5 214 38 40
51 34 6 214 38 40
51 34 7 214 38 40
51 34 8 214 38 40
51 34 9 214 38 40
51 34 10 214 38 40
51 34 11 214 38 40
51 34 12 214 38 40
51 34 13 214 38 40
51 34 14 214 38 40
51 34 15 214 38 40
51 34 16 214 38 40
51 34 17 214 38 40
51 34 18 214 38 40
51 34 19 214 38 40
51 34 20 214 38 40
51 34 21 214 38 40
52 0 0 43 160 4
52 0 1 43 160 4
52 0 2 43 160 4
52 0 3 43 160 4
52 0 4 43 160 4
52 0 5 43 160 4
52 0 6 43 160 4
52 0 7 43 160 4
52 0 8 43 160 4
52 0 9 43 160 4
52 0 10 43 160 4
52 0 11 43 160 4
52 0 12 43 160 4
52 0 13 43 160 4
52 0 14 196 175 214
52 0 15 196 175 214
52 0 16 196 175 214
52 0 17 196 175 214
52 0 18 196 175 214
52 0 19 196 175 214
52 0 20 158 216 229
52 1 13 196 175 214
52 1 14 196 175 214
52 1 15 196 175 214
52 1 16 196 175 214
52 1 17 196 175 214
52 1 18 196 175 214
52 1 19 196 175 214
52 1 20 158 216 229
52 1 21 158 216 229
52 2 13 196 175 214
52 2 14 196 175 214
52 2 15 196 175 214
52 2 16 196 175 214
52 2 17 196 175 214
52 2 18 196 175 214
52 2 19 196 175 214
52 2 20 158 216 229
52 2 21 158 216 229
52 3 13 196 175 214
52 3 14 196 175 214
52 3 15 196 175 214
52 3 16 196 175 214
52 3 17 196 175 214
52 3 18 196 175 214
52 3 19 196 175 214
52 3 20 158 216 229
52 3 21 158 216 229
52 4 13 196 175 214
52 4 14 196 175 214
52 4 15 196 175 214
52 4 16 196 175 214
52 4 17 196 175 214
52 4 18 196 175 214
52 4 19 196 175 214
52 4 20 158 216 229
52 4 21 158 216 229
52 5 13 196 175 214
52 5 14 196 175 214
52 5 15 196 175 214
52 5 16 196 175 214
52 5 17 196 175 214
52 5 18 196 175 214
52 5 19 196 175 214
52 5 20 158 216 229
52 5 21 158 216 229
52 6 19 158 216 229
52 6 20 158 216 229
52 6 21 158 216 229
52 7 19 158 216 229
52 7 20 158 216 229
52 7 21 158 216 229
52 8 19 158 216 229
52 8 20 158 216 229
52 8 21 158 216 229
52 9 19 158 216 229
52 9 20 158 216 229
52 9 21 158 216 229
52 10 19 158 216 229
52 10 20 158 216 229
52 10 21 158 216 229
52 11 19 158 216 229
52 11 20 158 216 229
52 11 21 158 216 229
52 12 19 158 216 229
52 12 20 158 216 229
52 12 21 158 216 229
52 13 19 158 216 229
52 13 20 158 216 229
52 13 21 158 216 229
52 14 19 158 216 229
52 14 20 158 216 229
52 14 21 158 216 229
52 15 19 158 216 229
52 15 20 158 216 229
52 15 21 158 216 229
52 16 19 158 216 229
52 16 20 158 216 229
52 16 21 158 216 229
52 17 19 158 216 229
52 17 20 158 216 229
52 17 21 158 216 229
52 18 19 158 216 229
52 18 20 158 216 229
52 18 21 158 216 229
52 19 19 158 216 229
52 19 20 158 216 229
52 19 21 158 216 229
52 20 19 158 216 229
52 20 20 158 216 229
52 20 21 158 216 229
52 21 19 158 216 229
52 21 20 158 216 229
52 21 21 158 216 229
52 22 19 158 216 229
52 22 20 158 216 229
52 22 21 158 216 229
52 23 19 158 216 229
52 23 20 158 216 229
52 23 21 158 216 229
52 24 19 158 216 229
52 24 20 158 216 229
52 24 21 158 216 229
52 25 19 158 216 229
52 25 20 158 216 229
52 25 21 158 216 229
52 26 19 158 216 229
52 26 20 158 216 229
52 26 21 158 216 229
52 27 19 158 216 229
52 27 20 158 216 229
52 27 21 158 216 229
52 28 19 158 216 229
52 28 20 158 216 229
52 28 21 158 216 229
52 29 19 158 216 229
52 29 20 158 216 229
52 29 21 158 216 229
52 30 19 158 216 229
52 30 20 158 216 229
52 30 21 158 216 229
52 31 19 158 216 229
52 31 20 158 216 229
52 31 21 158 216 229
52 32 19 158 216 229
52 32 20 158 216 229
52 32 21 158 216 229
52 33 0 214 38 40
52 33 1 214 38 40
52 33 2 214 38 40
52 33 3 214 38 40
52 33 4 214 38 40
52 33 5 214 38 40
52 33 6 214 38 40
52 33 7 214 38 40
52 33 8 214 38 40
52 33 9 214 38 40
52 33 10 214 38 40
52 33 11 214 38 40
52 33 12 214 38 40
52 33 13 214 38 40
52 33 14 214 38 40
52 33 15 214 38 40
52 33 16 214 38 40
52 33 17 214 38 40
52 33 18 214 38 40
52 33 19 214 38 40
52 33 20 158 216 229
52 33 21 158 216 229
52 34 0 214 38 40
52 34 1 214 38 40
52 34 2 214 38 40
52 34 3 214 38 40
52 34 4 214 38 40
52 34 5 214 38 40
52 34 6 214 38 40
52 34 7 214 38 40
52 34 8 214 38 40
52 34 9 214 38 40
52 34 10 214 38 40
52 34 11 214 38 40
52 34 12 214 38 40
52 34 13 214 38 40
52 34 14 214 38 40
52 34 15 214 38 40
52 34 16 214 38 40
52 34 17 214 38 40
52 34 18 214 38 40
52 34 19 214 38 40
52 34 20 214 38 40
53 0 0 43 160 4
53 0 1 43 160 4
53 0 2 43 160 4
53 0 3 43 160 4
53 0 4 43 160 4
53 0 5 43 160 4
53 0 6 43 160 4
53 0 7 43 160 4
53 0 8 43 160 4
53 0 9 43 160 4
53 0 10 43 160 4
53 0 11 43 160 4
53 0 12 43 160 4
53 0 13 43 160 4
53 0 14 43 160 4
53 0 15 196 175 214
53 0 16 196 175 214
53 0 17 196 175 214
53 0 18 196 175 214
53 0 19 158 216 229
53 1 14 196 175 214
53 1 15 196 175 214
53 1 16 196 175 214
53 1 17 196 175 214
53 1 18 196 175 214
53 1 19 158 216 229
53 2 14 196 175 214
53 2 15 196 175 214
53 2 16 196 175 214
53 2 17 196 175 214
53 2 18 196 175 214
53 2 19 158 216 229
53 3 14 196 175 214
53 3 15 196 175 214
53 3 16 196 175 214
53 3 17 196 175 214
53 3 18 196 175 214
53 3 19 158 216 229
53 4 14 196 175 214
53 4 15 196 175 214
53 4 16 196 175 214
53 4 17 196 175 214
53 4 18 196 175 214
53 4 19 158 216 229
53 5 14 196 175 214
53 5 15 196 175 214
53 5 16 196 175 214
53 5 17 196 175 214
53 5 18 196 175 214
53 5 19 158 216 229
53 6 18 158 216 229
53 6 19 158 216 229
53 7 18 158 216 229
53 7 19 158 216 229
53 8 18 158 216 229
53 8 19 158 216 229
53 9 18 158 216 229
53 9 19 158 216 229
53 10 18 158 216 229
53 10 19 158 216 229
53 11 18 158 216 229
53 11 19 158 216 229
53 12 18 158 216 229
53 12 19 158 216 229
53 13 18 158 216 229
53 13 19 158 216 229
53 14 18 158 216 229
53 14 19 158 216 229
53 15 18 158 216 229
53 15 19 158 216 229
53 16 18 158 216 229
53 16 19 158 216 229
53 17 18 158 216 229
53 17 19 158 216 229
53 18 18 158 216 229
53 18 19 158 216 229
53 19 18 158 216 229
53 19 19 158 216 229
53 20 18 158 216 229
53 20 19 158 216 229
53 21 18 158 216 229
53 21 19 158 216 229
53 22 18 158 216 229
53 22 19 158 216 229
53 23 18 158 216 229
53 23 19 158 216 229
53 24 18 158 216 229
53 24 19 158 216 229
53 25 18 158 216 229
53 25 19 158 216 229
53 26 18 158 216 229
53 26 19 158 216 229
53 27 18 158 216 229
53 27 19 158 216 229
53 28 18 158 216 229
53 28 19 158 216 229
53 29 18 158 216 229
53 29 19 158 216 229
53 30 18 158 216 229
53 30 19 158 216 229
53 31 18 158 216 229
53 31 19 158 216 229
53 32 18 158 216 229
53 32 19 158 216 229
53 33 0 214 38 40
53 33 1 214 38 40
53 33 2 214 38 40
53 33 3 214 38 40
53 33 4 214 38 40
53 33 5 214 38 40
53 33 6 214 38 40
53 33 7 214 38 40
53 33 8 214 38 40
53 33 9 214 38 40
53 33 10 214 38 40
53 33 11 214 38 40
53 33 12 214 38 40
53 33 13 214 38 40
53 33 14 214 38 40
53 33 15 214 38 40
53 33 16 214 38 40
53 33 17 214 38 40
53 33 18 214 38 40
53 33 19 158 216 229
53 34 0 214 38 40
53 34 1 214 38 40
53 34 2 214 38 40
53 34 3 214 38 40
53 34 4 214 38 40
53 34 5 214 38 40
53 34 6 214 38 40
53 34 7 214 38 40
53 34 8 214 38 40
53 34 9 214 38 40
53 34 10 214 38 40
53 34 11 214 38 40
53 34 12 214 38 40
53 34 13 214 38 40
53 34 14 214 38 40
53 34 15 214 38 40
53 34 16 214 38 40
53 34 17 214 38 40
53 34 18 214 38 40
53 34 19 214 38 40
54 0 0 43 160 4
54 0 1 43 160 4
54 0 2 43 160 4
54 0 3 43 160 4
54 0 4 43 160 4
54 0 5 43 160 4
54 0 6 43 160 4
54 0 7 43 160 4
54 0 8 43 160 4
54 0 9 43 160 4
54 0 10 43 160 4
54 0 11 43 160 4
54 0 12 43 160 4
54 0 13 43 160 4
54 0 14 43 160 4
54 0 15 43 160 4
54 0 16 196 175 214
54 0 17 196 175 214
54 0 18 158 216 229
54 1 15 196 175 214
54 1 16 196 175 214
54 1 17 196 175 214
54 1 18 158 216 229
54 2 15 196 175 214
54 2 16 196 175 214
54 2 17 196 175 214
54 2 18 158 216 229
54 3 15 196 175 214
54 3 16 196 175 214
54 3 17 196 175 214
54 3 18 158 216 229
54 4 15 196 175 214
54 4 16 196 175 214
54 4 17 196 175 214
54 4 18 158 216 229
54 5 15 196 175 214
54 5 16 196 175 214
54 5 17 196 175 214
54 5 18 158 216 229
54 6 17 158 216 229
54 6 18 158 216 229
54 7 17 158 216 229
54 7 18 158 216 229
54 8 17 158 216 229
54 8 18 158 216 229
54 9 17 158 216 229
54 9 18 158 216 229
54 10 17 158 216 229
54 10 18 158 216 229
54 11 17 158 216 229
54 11 18 158 216 229
54 12 17 158 216 229
54 12 18 158 216 229
54 13 17 158 216 229
54 13 18 158 216 229
54 14 17 158 216 229
54 14 18 158 216 229
54 15 17 158 216 229
54 15 18 158 216 229
54 16 17 158 216 229
54 16 18 158 216 229
54 17 17 158 216 229
54 17 18 158 216 229
54 18 17 158 216 229
54 18 18 158 216 229
54 19 17 158 216 229
54 19 18 158 216 229
54 20 17 158 216 229
54 20 18 158 216 229
54 21 17 158 216 229
54 21 18 158 216 229
54 22 17 158 216 229
54 22 18 158 216 229
54 23 17 158 216 229
54 23 18 158 216 229
54 24 17 158 216 229
54 24 18 158 216 229
54 25 17 158 216 229
54 25 18 158 216 229
54 26 17 158 216 229
54 26 18 158 216 229
54 27 17 158 216 229
54 27 18 158 216 229
54 28 17 158 216 229
54 28 18 158 216 229
54 29 17 158 216 229
54 29 18 158 216 229
54 30 17 158 216 229
54 30 18 158 216 229
54 31 17 158 216 229
54 31 18 158 216 229
54 32 17 158 216 229
54 32 18 158 216 229
54 33 0 214 38 40
54 33 1 214 38 40
54 33 2 214 38 40
54 33 3 214 38 40
54 33 4 214 38 40
54 33 5 214 38 40
54 33 6 214 38 40
54 33 7 214 38 40
54 33 8 214 38 40
54 33 9 214 38 40
54 33 10 214 38 40
54 33 11 214 38 40
54 33 12 214 38 40
54 33 13 214 38 40
54 33 14 214 38 40
54 33 15 214 38 40
54 33 16 214 38 40
54 33 17 158 216 229
54 33 18 158 216 229
54 34 0 214 38 40
54 34 1 214 38 40
54 34 2 214 38 40
54 34 3 214 38 40
54 34 4 214 38 40
54 34 5 214 38 40
54 34 6 214 38 40
54 34 7 214 38 40
54 34 8 214 38 40
54 34 9 214 38 40
54 34 10 214 38 40
54 34 11 214 38 40
54 34 12 214 38 40
54 34 13 214 38 40
54 34 14 214 38 40
54 34 15 214 38 40
54 34 16 214 38 40
54 34 17 214 38 40
55 0 0 43 160 4
55 0 1 43 160 4
55 0 2 43 160 4
55 0 3 43 160 4
55 0 4 43 160 4
55 0 5 43 160 4
55 0 6 43 160 4
55 0 7 43 160 4
55 0 8 43 160 4
55 0 9 43 160 4
55 0 10 43 160 4
55 0 11 43 160 4
55 0 12 43 160 4
55 0 13 43 160 4
55 0 14 43 160 4
55 0 15 43 160 4
55 0 16 43 160 4
55 0 17 158 216 229
55 1 16 158 216 229
55 1 17 158 216 229
55 2 16 158 216 229
55 2 17 158 216 229
55 3 16 158 216 229
55 3 17 158 216 229
55 4 16 158 216 229
55 4 17 158 216 229
55 5 16 158 216 229
55 5 17 158 216 229
55 6 16 158 216 229
55 6 17 158 216 229
55 7 16 158 216 229
55 7 17 158 216 229
55 8 16 158 216 229
55 8 17 158 216 229
55 9 16 158 216 229
55 9 17 158 216 229
55 10 16 158 216 229
55 10 17 158 216 229
55 11 16 158 216 229
55 11 17 158 216 229
55 12 16 158 216 229
55 12 17 158 216 229
55 13 16 158 216 229
55 13 17 158 216 229
55 14 16 158 216 229
55 14 17 158 216 229
55 15 16 158 216 229
55 15 17 158 216 229
55 16 16 158 216 229
55 16 17 158 216 229
55 17 16 158 216 229
55 17 17 158 216 229
55 18 16 158 216 229
55 18 17 158 216 229
55 19 16 158 216 229
55 19 17 158 216 229
55 20 16 158 216 229
55 20 17 158 216 229
55 21 16 158 216 229
55 21 17 158 216 229
55 22 16 158 216 229
55 22 17 158 216 229
55 23 16 158 216 229
55 23 17 158 216 229
55 24 16 158 216 229
55 24 17 158 216 229
55 25 16 158 216 229
55 25 17 158 216 229
55 26 16 158 216 229
55 26 17 158 216 229
55 27 16 158 216 229
55 27 17 158 216 229
55 28 16 158 216 229
55 28 17 158 216 229
55 29 16 158 216 229
55 29 17 158 216 229
55 30 16 158 216 229
55 30 17 158 216 229
55 31 16 158 216 229
55 31 17 158 216 229
55 32 16 158 216 229
55 32 17 158 216 229
55 33 0 214 38 40
55 33 1 214 38 40
55 33 2 214 38 40
55 33 3 214 38 40
55 33 4 214 38 40
55 33 5 214 38 40
55 33 6 214 38 40
55 33 7 214 38 40
55 33 8 214 38 40
55 33 9 214 38 40
55 33 10 214 38 40
55 33 11 214 38 40
55 33 12 214 38 40
55 33 13 214 38 40
55 33 14 214 38 40
55 33 15 214 38 40
55 33 16 158 216 229
55 33 17 158 216 229
55 34 0 214 38 40
55 34 1 214 38 40
55 34 2 214 38 40
55 34 3 214 38 40
55 34 4 214 38 40
55 34 5 214 38 40
55 34 6 214 38 40
55 34 7 214 38 40
55 34 8 214 38 40
55 34 9 214 38 40
55 34 10 214 38 40
55 34 11 214 38 40
55 34 12 214 38 40
55 34 13 214 38 40
55 34 14 214 38 40
55 34 15 214 38 40
55 34 16 214 38 40
56 0 0 43 160 4
56 0 1 43 160 4
56 0 2 43 160 4
56 0 3 43 160 4
56 0 4 43 160 4
56 0 5 43 160 4
56 0 6 43 160 4
56 0 7 43 160 4
56 0 8 43 160 4
56 0 9 43 160 4
56 0 10 43 160 4
56 0 11 43 160 4
56 0 12 43 160 4
56 0 13 43 160 4
56 0 14 43 160 4
56 0 15 43 160 4
56 0 16 158 216 229
56 1 15 158 216 229
56 1 16 158 216 229
56 2 15 158 216 229
56 2 16 158 216 229
56 3 15 158 216 229
56 3 16 158 216 229
56 4 15 158 216 229
56 4 16 158 216 229
56 5 15 158 216 229
56 5 16 158 216 229
56 6 15 158 216 229
56 6 16 158 216 229
56 7 15 158 216 229
56 7 16 158 216 229
56 8 15 158 216 229
56 8 16 158 216 229
56 9 15 158 216 229
56 9 16 158 216 229
56 10 15 158 216 229
56 10 16 158 216 229
56 11 15 158 216 229
56 11 16 158 216 229
56 12 15 158 216 229
56 12 16 158 216 229
56 13 15 158 216 229
56 13 16 158 216 229
56 14 15 158 216 229
56 14 16 158 216 229
56 15 15 158 216 229
56 15 16 158 216 229
56 16 15 158 216 229
56 16 16 158 216 229
56 17 15 158 216 229
56 17 16 158 216 229
56 18 15 158 216 229
56 18 16 158 216 229
56 19 15 158 216 229
56 19 16 158 216 229
56 20 15 158 216 229
56 20 16 158 216 229
56 21 15 158 216 229
56 21 16 158 216 229
56 22 15 158 216 229
56 22 16 158 216 229
56 23 15 158 216 229
56 23 16 158 216 229
56 24 15 158 216 229
56 24 16 158 216 229
56 25 15 158 216 229
56 25 16 158 216 229
56 26 15 158 216 229
56 26 16 158 216 229
56 27 15 158 216 229
56 27 16 158 216 229
56 28 15 158 216 229
56 28 16 158 216 229
56 29 15 158 216 229
56 29 16 158 216 229
56 30 15 158 216 229
56 30 16 158 216 229
56 31 15 158 216 229
56 31 16 158 216 229
56 32 15 158 216 229
56 32 16 158 216 229
56 33 0 214 38 40
56 33 1 214 38 40
56 33 2 214 38 40
56 33 3 214 38 40
56 33 4 214 38 40
56 33 5 214 38 40
56 33 6 214 38 40
56 33 7 214 38 40
56 33 8 214 38 40
56 33 9 214 38 40
56 33 10 214 38 40
56 33 11 214 38 40
56 33 12 214 38 40
56 33 13 214 38 40
56 33 14 214 38 40
56 33 15 158 216 229
56 33 16 158 216 229
56 34 0 214 38 40
56 34 1 214 38 40
56 34 2 214 38 40
56 34 3 214 38 40
56 34 4 214 38 40
56 34 5 214 38 40
56 34 6 214 38 40
56 34 7 214 38 40
56 34 8 214 38 40
56 34 9 214 38 40
56 34 10 214 38 40
56 34 11 214 38 40
56 34 12 214 38 40
56 34 13 214 38 40
56 34 14 214 38 40
56 34 15 214 38 40
57 0 0 43 160 4
57 0 1 43 160 4
57 0 2 43 160 4
57 0 3 43 160 4
57 0 4 43 160 4
57 0 5 43 160 4
57 0 6 43 160 4
57 0 7 43 160 4
57 0 8 43 160 4
57 0 9 43 160 4
57 0 10 43 160 4
57 0 11 43 160 4
57 0 12 43 160 4
57 0 13 43 160 4
57 0 14 43 160 4
57 1 13 158 216 229
57 1 14 158 216 229
57 1 15 158 216 229
57 2 13 158 216 229
57 2 14 158 216 229
57 2 15 158 216 229
57 3 13 158 216 229
57 3 14 158 216 229
57 3 15 158 216 229
57 4 13 158 216 229
57 4 14 158 216 229
57 4 15 158 216 229
57 5 13 158 216 229
57 5 14 158 216 229
57 5 15 158 216 229
57 6 13 158 216 229
57 6 14 158 216 229
57 6 15 158 216 229
57 7 13 158 216 229
57 7 14 158 216 229
57 7 15 158 216 229
57 8 13 158 216 229
57 8 14 158 216 229
57 8 15 158 216 229
57 9 13 158 216 229
57 9 14 158 216 229
57 9 15 158 216 229
57 10 13 158 216 229
57 10 14 158 216 229
57 10 15 158 216 229
57 11 13 158 216 229
57 11 14 158 216 229
57 11 15 158 216 229
57 12 13 158 216 229
57 12 14 158 216 229
57 12 15 158 216 229
57 13 13 158 216 229
57 13 14 158 216 229
57 13 15 158 216 229
57 14 13 158 216 229
57 14 14 158 216 229
57 14 15 158 216 229
57 15 13 158 216 229
57 15 14 158 216 229
57 15 15 158 216 229
57 16 13 158 216 229
57 16 14 158 216 229
57 16 15 158 216 229
57 17 13 158 216 229
57 17 14 158 216 229
57 17 15 158 216 229
57 18 13 158 216 229
57 18 14 158 216 229
57 18 15 158 216 229
57 19 13 158 216 229
57 19 14 158 216 229
57 19 15 158 216 229
57 20 13 158 216 229
57 20 14 158 216 229
57 20 15 158 216 229
57 21 13 158 216 229
57 21 14 158 216 229
57 21 15 158 216 229
57 22 13 158 216 229
57 22 14 158 216 229
57 22 15 158 216 229
57 23 13 158 216 229
57 23 14 158 216 229
57 23 15 158 216 229
57 24 13 158 216 229
57 24 14 158 216 229
57 24 15 158 216 229
57 25 13 158 216 229
57 25 14 158 216 229
57 25 15 158 216 229
57 26 13 158 216 229
57 26 14 158 216 229
57 26 15 158 216 229
57 27 13 158 216 229
57 27 14 158 216 229
57 27 15 158 216 229
57 28 13 158 216 229
57 28 14 158 216 229
57 28 15 158 216 229
57 29 13 158 216 229
57 29 14 158 216 229
57 29 15 158 216 229
57 30 13 158 216 229
57 30 14 158 216 229
57 30 15 158 216 229
57 31 13 158 216 229
57 31 14 158 216 229
57 31 15 158 216 229
57 32 13 158 216 229
57 32 14 158 216 229
57 32 15 158 216 229
57 33 0 214 38 40
57 33 1 214 38 40
57 33 2 214 38 40
57 33 3 214 38 40
57 33 4 214 38 40
57 33 5 214 38 40
57 33 6 214 38 40
57 33 7 214 38 40
57 33 8 214 38 40
57 33 9 214 38 40
57 33 10 214 38 40
57 33 11 214 38 40
57 33 12 214 38 40
57 33 13 214 38 40
57 33 14 158 216 229
57 33 15 158 216 229
57 34 0 214 38 40
57 34 1 214 38 40
57 34 2 214 38 40
57 34 3 214 38 40
57 34 4 214 38 40
57 34 5 214 38 40
57 34 6 214 38 40
57 34 7 214 38 40
57 34 8 214 38 40
57 34 9 214 38 40
57 34 10 214 38 40
57 34 11 214 38 40
57 34 12 214 38 40
57 34 13 214 38 40
57 34 14 214 38 40
58 0 0 43 160 4
58 0 1 43 160 4
58 0 2 43 160 4
58 0 3 43 160 4
58 0 4 43 160 4
58 0 5 43 160 4
58 0 6 43 160 4
58 0 7 43 160 4
58 0 8 43 160 4
58 0 9 43 160 4
58 0 10 43 160 4
58 0 11 43 160 4
58 0 12 43 160 4
58 0 13 43 160 4
58 1 12 158 216 229
58 1 13 158 216 229
58 1 14 158 216 229
58 2 12 158 216 229
58 2 13 158 216 229
58 2 14 158 216 229
58 3 12 158 216 229
58 3 13 158 216 229
58 3 14 158 216 229
58 4 12 158 216 229
58 4 13 158 216 229
58 4 14 158 216 229
58 5 12 158 216 229
58 5 13 158 216 229
58 5 14 158 216 229
58 6 12 158 216 229
58 6 13 158 216 229
58 6 14 158 216 229
58 7 12 158 216 229
58 7 13 158 216 229
58 7 14 158 216 229
58 8 12 158 216 229
58 8 13 158 216 229
58 8 14 158 216 229
58 9 12 158 216 229
58 9 13 158 216 229
58 9 14 158 216 229
58 10 12 158 216 229
58 10 13 158 216 229
58 10 14 158 216 229
58 11 12 158 216 229
58 11 13 158 216 229
58 11 14 158 216 229
58 12 12 158 216 229
58 12 13 158 216 229
58 12 14 158 216 229
58 13 12 158 216 229
58 13 13 158 216 229
58 13 14 158 216 229
58 14 12 158 216 229
58 14 13 158 216 229
58 14 14 158 216 229
58 15 12 158 216 229
58 15 13 158 216 229
58 15 14 158 216 229
58 16 12 158 216 229
58 16 13 158 216 229
58 16 14 158 216 229
58 17 12 158 216 229
58 17 13 158 216 229
58 17 14 158 216 229
58 18 12 158 216 229
58 18 13 158 216 229
58 18 14 158 216 229
58 19 12 158 216 229
58 19 13 158 216 229
58 19 14 158 216 229
58 20 12 158 216 229
58 20 13 158 216 229
58 20 14 158 216 229
58 21 12 158 216 229
58 21 13 158 216 229
58 21 14 158 216 229
58 22 12 158 216 229
58 22 13 158 216 229
58 22 14 158 216 229
58 23 12 158 216 229
58 23 13 158 216 229
58 23 14 158 216 229
58 24 12 158 216 229
58 24 13 158 216 229
58 24 14 158 216 229
58 25 12 158 216 229
58 25 13 158 216 229
58 25 14 158 216 229
58 26 12 158 216 229
58 26 13 158 216 229
58 26 14 158 216 229
58 27 12 158 216 229
58 27 13 158 216 229
58 27 14 158 216 229
58 28 12 158 216 229
58 28 13 158 216 229
58 28 14 158 216 229
58 29 12 158 216 229
58 29 13 158 216 229
58 29 14 158 216 229
58 30 12 158 216 229
58 30 13 158 216 229
58 30 14 158 216 229
58 31 12 158 216 229
58 31 13 158 216 229
58 31 14 158 216 229
58 32 12 158 216 229
58 32 13 158 216 229
58 32 14 158 216 229
58 33 0 214 38 40
58 33 1 214 38 40
58 33 2 214 38 40
58 33 3 214 38 40
58 33 4 214 38 40
58 33 5 214 38 40
58 33 6 214 38 40
58 33 7 214 38 40
58 33 8 214 38 40
58 33 9 214 38 40
58 33 10 214 38 40
58 33 11 214 38 40
58 33 12 214 38 40
58 33 13 158 216 229
58 33 14 158 216 229
58 34 0 214 38 40
58 34 1 214 38 40
58 34 2 214 38 40
58 34 3 214 38 40
58 34 4 214 38 40
58 34 5 214 38 40
58 34 6 214 38 40
58 34 7 214 38 40
58 34 8 214 38 40
58 34 9 214 38 40
58 34 10 214 38 40
58 34 11 214 38 40
58 34 12 214 38 40
58 34 13 214 38 40
59 0 0 43 160 4
59 0 1 43 160 4
59 0 2 43 160 4
59 0 3 43 160 4
59 0 4 43 160 4
59 0 5 43 160 4
59 0 6 43 160 4
59 0 7 43 160 4
59 0 8 43 160 4
59 0 9 43 160 4
59 0 10 43 160 4
59 0 11 43 160 4
59 0 12 158 216 229
59 1 11 158 216 229
59 1 12 158 216 229
59 2 11 158 216 229
59 2 12 158 216 229
59 3 11 158 216 229
59 3 12 158 216 229
59 4 11 158 216 229
59 4 12 158 216 229
59 5 11 158 216 229
59 5 12 158 216 229
59 6 11 158 216 229
59 6 12 158 216 229
59 7 11 158 216 229
59 7 12 158 216 229
59 8 11 158 216 229
59 8 12 158 216 229
59 9 11 158 216 229
59 9 12 158 216 229
59 10 11 158 216 229
59 10 12 158 216 229
59 11 11 158 216 229
59 11 12 158 216 229
59 12 11 158 216 229
59 12 12 158 216 229
59 13 11 158 216 229
59 13 12 158 216 229
59 14 11 158 216 229
59 14 12 158 216 229
59 15 11 158 216 229
59 15 12 158 216 229
59 16 11 158 216 229
59 16 12 158 216 229
59 17 11 158 216 229
59 17 12 158 216 229
59 18 11 158 216 229
59 18 12 158 216 229
59 19 11 158 216 229
59 19 12 158 216 229
59 20 11 158 216 229
59 20 12 158 216 229
59 21 11 158 216 229
59 21 12 158 216 229
59 22 11 158 216 229
59 22 12 158 216 229
59 23 11 158 216 229
59 23 12 158 216 229
59 24 11 158 216 229
59 24 12 158 216 229
59 25 11 158 216 229
59 25 12 158 216 229
59 26 11 158 216 229
59 26 12 158 216 229
59 27 11 158 216 229
59 27 12 158 216 229
59 28 11 158 216 229
59 28 12 158 216 229
59 29 11 158 216 229
59 29 12 158 216 229
59 30 11 158 216 229
59 30 12 158 216 229
59 31 11 158 216 229
59 31 12 158 216 229
59 32 11 158 216 229
59 32 12 158 216 229
59 33 0 214 38 40
59 33 1 214 38 40
59 33 2 214 38 40
59 33 3 214 38 40
59 33 4 214 38 40
59 33 5 214 38 40
59 33 6 214 38 40
59 33 7 214 38 40
59 33 8 214 38 40
59 33 9 214 38 40
59 33 10 214 38 40
59 33 11 214 38 40
59 33 12 158 216 229
59 34 0 214 38 40
59 34 1 214 38 40
59 34 2 214 38 40
59 34 3 214 38 40
59 34 4 214 38 40
59 34 5 214 38 40
59 34 6 214 38 40
59 34 7 214 38 40
59 34 8 214 38 40
59 34 9 214 38 40
59 34 10 214 38 40
59 34 11 214 38 40
59 34 12 214 38 40
