ply
format ascii 1.0
element vertex 14169
property float x
property float y
property float z
property uchar red
property uchar green
property uchar blue
end_header
0 7 0 158 216 229
0 11 1 158 216 229
0 12 1 158 216 229
0 13 1 158 216 229
0 14 1 158 216 229
0 15 1 158 216 229
0 16 1 158 216 229
0 17 0 158 216 229
0 17 1 158 216 229
0 18 0 158 216 229
0 18 1 158 216 229
0 19 1 158 216 229
0 20 1 158 216 229
0 21 1 158 216 229
0 22 1 158 216 229
0 23 1 158 216 229
0 24 1 158 216 229
0 25 1 158 216 229
0 26 1 158 216 229
0 26 2 158 216 229
0 27 1 158 216 229
0 27 2 158 216 229
0 28 1 158 216 229
0 28 2 158 216 229
0 29 1 158 216 229
0 29 2 158 216 229
0 30 1 158 216 229
0 30 2 158 216 229
0 31 1 158 216 229
0 31 2 158 216 229
0 32 1 158 216 229
0 32 2 158 216 229
0 33 1 158 216 229
0 33 2 158 216 229
1 0 0 158 216 229
1 0 1 158 216 229
1 0 2 158 216 229
1 1 0 158 216 229
1 1 1 158 216 229
1 1 2 158 216 229
1 2 0 158 216 229
1 2 1 158 216 229
1 2 2 158 216 229
1 3 0 158 216 229
1 3 1 158 216 229
1 3 2 158 216 229
1 3 3 158 216 229
1 4 0 158 216 229
1 4 1 158 216 229
1 4 2 158 216 229
1 4 3 158 216 229
1 5 0 158 216 229
1 5 1 158 216 229
1 5 2 158 216 229
1 5 3 158 216 229
1 6 0 158 216 229
1 6 1 158 216 229
1 6 2 158 216 229
1 6 3 158 216 229
1 7 0 158 216 229
1 7 1 158 216 229
1 7 2 158 216 229
1 7 3 158 216 229
1 8 0 158 216 229
1 8 1 158 216 229
1 8 2 158 216 229
1 8 3 158 216 229
1 9 0 158 216 229
1 9 1 158 216 229
1 9 2 158 216 229
1 9 3 158 216 229
1 10 0 158 216 229
1 10 1 158 216 229
1 10 2 158 216 229
1 10 3 158 216 229
1 11 0 158 216 229
1 11 1 158 216 229
1 11 2 158 216 229
1 11 3 158 216 229
1 12 0 158 216 229
1 12 1 158 216 229
1 12 2 158 216 229
1 12 3 158 216 229
1 13 0 158 216 229
1 13 1 158 216 229
1 13 2 158 216 229
1 13 3 158 216 229
1 14 0 158 216 229
1 14 1 158 216 229
1 14 2 158 216 229
1 14 3 158 216 229
1 15 0 158 216 229
1 15 1 158 216 229
1 15 2 158 216 229
1 15 3 158 216 229
1 16 0 158 216 229
1 16 1 158 216 229
1 16 2 158 216 229
1 16 3 158 216 229
1 17 0 158 216 229
1 17 1 158 216 229
1 17 2 158 216 229
1 17 3 158 216 229
1 18 0 158 216 229
1 18 1 158 216 229
1 18 2 158 216 229
1 18 3 158 216 229
1 18 4 158 216 229
1 19 0 158 216 229
1 19 1 158 216 229
1 19 2 158 216 229
1 19 3 158 216 229
1 19 4 158 216 229
1 20 0 158 216 229
1 20 1 158 216 229
1 20 2 158 216 229
1 20 3 158 216 229
1 20 4 158 216 229
1 21 0 158 216 229
1 21 1 158 216 229
1 21 2 158 216 229
1 21 3 158 216 229
1 21 4 158 216 229
1 22 0 158 216 229
1 22 1 158 216 229
1 22 2 158 216 229
1 22 3 158 216 229
1 22 4 158 216 229
1 23 0 158 216 229
1 23 1 158 216 229
1 23 2 158 216 229
1 23 3 158 216 229
1 23 4 158 216 229
1 24 0 158 216 229
1 24 1 158 216 229
1 24 2 158 216 229
1 24 3 158 216 229
1 24 4 158 216 229
1 25 0 158 216 229
1 25 1 158 216 229
1 25 2 158 216 229
1 25 3 158 216 229
1 25 4 158 216 229
1 26 0 158 216 229
1 26 1 158 216 229
1 26 2 158 216 229
1 26 3 158 216 229
1 26 4 158 216 229
1 27 0 158 216 229
1 27 1 158 216 229
1 27 2 158 216 229
1 27 3 158 216 229
1 27 4 158 216 229
1 28 0 158 216 229
1 28 1 158 216 229
1 28 2 158 216 229
1 28 3 158 216 229
1 28 4 158 216 229
1 29 0 158 216 229
1 29 1 158 216 229
1 29 2 158 216 229
1 29 3 158 216 229
1 29 4 158 216 229
1 30 0 158 216 229
1 30 1 158 216 229
1 30 2 158 216 229
1 30 3 158 216 229
1 30 4 158 216 229
1 31 0 158 216 229
1 31 1 158 216 229
1 31 2 158 216 229
1 31 3 158 216 229
1 31 4 158 216 229
1 32 0 158 216 229
1 32 1 158 216 229
1 32 2 158 216 229
1 32 3 158 216 229
1 32 4 158 216 229
1 33 1 158 216 229
1 33 2 158 216 229
1 33 3 158 216 229
1 33 4 158 216 229
2 0 0 43 160 4
2 0 1 158 216 229
2 0 2 158 216 229
2 0 3 158 216 229
2 0 4 158 216 229
2 0 5 158 216 229
2 1 0 158 216 229
2 1 1 158 216 229
2 1 2 158 216 229
2 1 3 158 216 229
2 1 4 158 216 229
2 1 5 158 216 229
2 2 0 158 216 229
2 2 1 158 216 229
2 2 2 158 216 229
2 2 3 158 216 229
2 2 4 158 216 229
2 2 5 158 216 229
2 3 0 158 216 229
2 3 1 158 216 229
2 3 2 158 216 229
2 3 3 158 216 229
2 3 4 158 216 229
2 3 5 158 216 229
2 4 0 158 216 229
2 4 1 158 216 229
2 4 2 158 216 229
2 4 3 158 216 229
2 4 4 158 216 229
2 4 5 158 216 229
2 5 0 158 216 229
2 5 1 158 216 229
2 5 2 158 216 229
2 5 3 158 216 229
2 5 4 158 216 229
2 5 5 158 216 229
2 6 0 158 216 229
2 6 1 158 216 229
2 6 2 158 216 229
2 6 3 158 216 229
2 6 4 158 216 229
2 6 5 158 216 229
2 7 0 158 216 229
2 7 1 158 216 229
2 7 2 158 216 229
2 7 3 158 216 229
2 7 4 158 216 229
2 7 5 158 216 229
2 8 0 158 216 229
2 8 1 158 216 229
2 8 2 158 216 229
2 8 3 158 216 229
2 8 4 158 216 229
2 8 5 158 216 229
2 9 0 158 216 229
2 9 1 158 216 229
2 9 2 158 216 229
2 9 3 158 216 229
2 9 4 158 216 229
2 9 5 158 216 229
2 10 0 158 216 229
2 10 1 158 216 229
2 10 2 158 216 229
2 10 3 158 216 229
2 10 4 158 216 229
2 10 5 158 216 229
2 10 6 158 216 229
2 11 0 158 216 229
2 11 1 158 216 229
2 11 2 158 216 229
2 11 3 158 216 229
2 11 4 158 216 229
2 11 5 158 216 229
2 11 6 158 216 229
2 12 0 158 216 229
2 12 1 158 216 229
2 12 2 158 216 229
2 12 3 158 216 229
2 12 4 158 216 229
2 12 5 158 216 229
2 12 6 158 216 229
2 13 0 158 216 229
2 13 1 158 216 229
2 13 2 158 216 229
2 13 3 158 216 229
2 13 4 158 216 229
2 13 5 158 216 229
2 13 6 158 216 229
2 14 0 158 216 229
2 14 1 158 216 229
2 14 2 158 216 229
2 14 3 158 216 229
2 14 4 158 216 229
2 14 5 158 216 229
2 14 6 158 216 229
2 15 0 158 216 229
2 15 1 158 216 229
2 15 2 158 216 229
2 15 3 158 216 229
2 15 4 158 216 229
2 15 5 158 216 229
2 15 6 158 216 229
2 16 0 158 216 229
2 16 1 158 216 229
2 16 2 158 216 229
2 16 3 158 216 229
2 16 4 158 216 229
2 16 5 158 216 229
2 16 6 158 216 229
2 17 0 158 216 229
2 17 1 158 216 229
2 17 2 158 216 229
2 17 3 158 216 229
2 17 4 158 216 229
2 17 5 158 216 229
2 17 6 158 216 229
2 18 0 158 216 229
2 18 1 158 216 229
2 18 2 158 216 229
2 18 3 158 216 229
2 18 4 158 216 229
2 18 5 158 216 229
2 18 6 158 216 229
2 19 0 158 216 229
2 19 1 158 216 229
2 19 2 158 216 229
2 19 3 158 216 229
2 19 4 158 216 229
2 19 5 158 216 229
2 19 6 158 216 229
2 20 0 158 216 229
2 20 1 158 216 229
2 20 2 158 216 229
2 20 3 158 216 229
2 20 4 158 216 229
2 20 5 158 216 229
2 20 6 158 216 229
2 21 0 158 216 229
2 21 1 158 216 229
2 21 2 158 216 229
2 21 3 158 216 229
2 21 4 158 216 229
2 21 5 158 216 229
2 21 6 158 216 229
2 22 0 158 216 229
2 22 1 158 216 229
2 22 2 158 216 229
2 22 3 158 216 229
2 22 4 158 216 229
2 22 5 158 216 229
2 22 6 158 216 229
2 23 0 158 216 229
2 23 1 158 216 229
2 23 2 158 216 229
2 23 3 158 216 229
2 23 4 158 216 229
2 23 5 158 216 229
2 23 6 158 216 229
2 24 0 158 216 229
2 24 1 158 216 229
2 24 2 158 216 229
2 24 3 158 216 229
2 24 4 158 216 229
2 24 5 158 216 229
2 24 6 158 216 229
2 25 0 158 216 229
2 25 1 158 216 229
2 25 2 158 216 229
2 25 3 158 216 229
2 25 4 158 216 229
2 25 5 158 216 229
2 25 6 158 216 229
2 25 7 158 216 229
2 26 0 158 216 229
2 26 1 158 216 229
2 26 2 158 216 229
2 26 3 158 216 229
2 26 4 158 216 229
2 26 5 158 216 229
2 26 6 158 216 229
2 26 7 158 216 229
2 27 0 158 216 229
2 27 1 158 216 229
2 27 2 158 216 229
2 27 3 158 216 229
2 27 4 158 216 229
2 27 5 158 216 229
2 27 6 158 216 229
2 27 7 158 216 229
2 28 0 158 216 229
2 28 1 158 216 229
2 28 2 158 216 229
2 28 3 158 216 229
2 28 4 158 216 229
2 28 5 158 216 229
2 28 6 158 216 229
2 28 7 158 216 229
2 29 0 158 216 229
2 29 1 158 216 229
2 29 2 158 216 229
2 29 3 158 216 229
2 29 4 158 216 229
2 29 5 158 216 229
2 29 6 158 216 229
2 29 7 158 216 229
2 30 0 158 216 229
2 30 1 158 216 229
2 30 2 158 216 229
2 30 3 158 216 229
2 30 4 158 216 229
2 30 5 158 216 229
2 30 6 158 216 229
2 30 7 158 216 229
2 31 0 158 216 229
2 31 1 158 216 229
2 31 2 158 216 229
2 31 3 158 216 229
2 31 4 158 216 229
2 31 5 158 216 229
2 31 6 158 216 229
2 31 7 158 216 229
2 32 0 158 216 229
2 32 1 158 216 229
2 32 2 158 216 229
2 32 3 158 216 229
2 32 4 158 216 229
2 32 5 158 216 229
2 32 6 158 216 229
2 32 7 158 216 229
2 33 0 158 216 229
2 33 1 214 38 40
2 33 2 214 38 40
2 33 3 214 38 40
2 33 4 158 216 229
2 33 5 158 216 229
2 33 6 158 216 229
2 33 7 158 216 229
3 0 0 43 160 4
3 0 1 158 216 229
3 0 2 158 216 229
3 0 3 158 216 229
3 0 4 158 216 229
3 0 5 158 216 229
3 0 6 158 216 229
3 0 7 158 216 229
3 1 0 158 216 229
3 1 1 158 216 229
3 1 2 158 216 229
3 1 3 158 216 229
3 1 4 158 216 229
3 1 5 158 216 229
3 1 6 158 216 229
3 1 7 158 216 229
3 2 0 158 216 229
3 2 1 158 216 229
3 2 2 158 216 229
3 2 3 158 216 229
3 2 4 158 216 229
3 2 5 158 216 229
3 2 6 158 216 229
3 2 7 158 216 229
3 3 0 158 216 229
3 3 1 158 216 229
3 3 2 158 216 229
3 3 3 158 216 229
3 3 4 158 216 229
3 3 5 158 216 229
3 3 6 158 216 229
3 3 7 158 216 229
3 3 8 158 216 229
3 4 0 158 216 229
3 4 1 158 216 229
3 4 2 158 216 229
3 4 3 158 216 229
3 4 4 158 216 229
3 4 5 158 216 229
3 4 6 158 216 229
3 4 7 158 216 229
3 4 8 158 216 229
3 5 0 158 216 229
3 5 1 158 216 229
3 5 2 158 216 229
3 5 3 158 216 229
3 5 4 158 216 229
3 5 5 158 216 229
3 5 6 158 216 229
3 5 7 158 216 229
3 5 8 158 216 229
3 6 0 158 216 229
3 6 1 158 216 229
3 6 2 158 216 229
3 6 3 158 216 229
3 6 4 158 216 229
3 6 5 158 216 229
3 6 6 158 216 229
3 6 7 158 216 229
3 6 8 158 216 229
3 7 0 158 216 229
3 7 1 158 216 229
3 7 2 158 216 229
3 7 3 158 216 229
3 7 4 158 216 229
3 7 5 158 216 229
3 7 6 158 216 229
3 7 7 158 216 229
3 7 8 158 216 229
3 8 0 158 216 229
3 8 1 158 216 229
3 8 2 158 216 229
3 8 3 158 216 229
3 8 4 158 216 229
3 8 5 158 216 229
3 8 6 158 216 229
3 8 7 158 216 229
3 8 8 158 216 229
3 9 0 158 216 229
3 9 1 158 216 229
3 9 2 158 216 229
3 9 3 158 216 229
3 9 4 158 216 229
3 9 5 158 216 229
3 9 6 158 216 229
3 9 7 158 216 229
3 9 8 158 216 229
3 10 0 158 216 229
3 10 1 158 216 229
3 10 2 158 216 229
3 10 3 158 216 229
3 10 4 158 216 229
3 10 5 158 216 229
3 10 6 158 216 229
3 10 7 158 216 229
3 10 8 158 216 229
3 11 0 158 216 229
3 11 1 158 216 229
3 11 2 158 216 229
3 11 3 158 216 229
3 11 4 158 216 229
3 11 5 158 216 229
3 11 6 158 216 229
3 11 7 158 216 229
3 11 8 158 216 229
3 12 0 158 216 229
3 12 1 158 216 229
3 12 2 158 216 229
3 12 3 158 216 229
3 12 4 158 216 229
3 12 5 158 216 229
3 12 6 158 216 229
3 12 7 158 216 229
3 12 8 158 216 229
3 13 0 158 216 229
3 13 1 158 216 229
3 13 2 158 216 229
3 13 3 158 216 229
3 13 4 158 216 229
3 13 5 158 216 229
3 13 6 158 216 229
3 13 7 158 216 229
3 13 8 158 216 229
3 14 0 158 216 229
3 14 1 158 216 229
3 14 2 158 216 229
3 14 3 158 216 229
3 14 4 158 216 229
3 14 5 158 216 229
3 14 6 158 216 229
3 14 7 158 216 229
3 14 8 158 216 229
3 15 0 158 216 229
3 15 1 158 216 229
3 15 2 158 216 229
3 15 3 158 216 229
3 15 4 158 216 229
3 15 5 158 216 229
3 15 6 158 216 229
3 15 7 158 216 229
3 15 8 158 216 229
3 16 0 158 216 229
3 16 1 158 216 229
3 16 2 158 216 229
3 16 3 158 216 229
3 16 4 158 216 229
3 16 5 158 216 229
3 16 6 158 216 229
3 16 7 158 216 229
3 16 8 158 216 229
3 17 0 158 216 229
3 17 1 158 216 229
3 17 2 158 216 229
3 17 3 158 216 229
3 17 4 158 216 229
3 17 5 158 216 229
3 17 6 158 216 229
3 17 7 158 216 229
3 17 8 158 216 229
3 18 0 158 216 229
3 18 1 158 216 229
3 18 2 158 216 229
3 18 3 158 216 229
3 18 4 158 216 229
3 18 5 158 216 229
3 18 6 158 216 229
3 18 7 158 216 229
3 18 8 158 216 229
3 18 9 158 216 229
3 19 0 158 216 229
3 19 1 158 216 229
3 19 2 158 216 229
3 19 3 158 216 229
3 19 4 158 216 229
3 19 5 158 216 229
3 19 6 158 216 229
3 19 7 158 216 229
3 19 8 158 216 229
3 19 9 158 216 229
3 20 0 158 216 229
3 20 1 158 216 229
3 20 2 158 216 229
3 20 3 158 216 229
3 20 4 158 216 229
3 20 5 158 216 229
3 20 6 158 216 229
3 20 7 158 216 229
3 20 8 158 216 229
3 20 9 158 216 229
3 21 0 158 216 229
3 21 1 158 216 229
3 21 2 158 216 229
3 21 3 158 216 229
3 21 4 158 216 229
3 21 5 158 216 229
3 21 6 158 216 229
3 21 7 158 216 229
3 21 8 158 216 229
3 21 9 158 216 229
3 22 0 158 216 229
3 22 1 158 216 229
3 22 2 158 216 229
3 22 3 158 216 229
3 22 4 158 216 229
3 22 5 158 216 229
3 22 6 158 216 229
3 22 7 158 216 229
3 22 8 158 216 229
3 22 9 158 216 229
3 23 0 158 216 229
3 23 1 158 216 229
3 23 2 158 216 229
3 23 3 158 216 229
3 23 4 158 216 229
3 23 5 158 216 229
3 23 6 158 216 229
3 23 7 158 216 229
3 23 8 158 216 229
3 23 9 158 216 229
3 24 0 158 216 229
3 24 1 158 216 229
3 24 2 158 216 229
3 24 3 158 216 229
3 24 4 158 216 229
3 24 5 158 216 229
3 24 6 158 216 229
3 24 7 158 216 229
3 24 8 158 216 229
3 24 9 158 216 229
3 25 0 158 216 229
3 25 1 158 216 229
3 25 2 158 216 229
3 25 3 158 216 229
3 25 4 158 216 229
3 25 5 158 216 229
3 25 6 158 216 229
3 25 7 158 216 229
3 25 8 158 216 229
3 25 9 158 216 229
3 26 0 158 216 229
3 26 1 158 216 229
3 26 2 158 216 229
3 26 3 158 216 229
3 26 4 158 216 229
3 26 5 158 216 229
3 26 6 158 216 229
3 26 7 158 216 229
3 26 8 158 216 229
3 26 9 158 216 229
3 27 0 158 216 229
3 27 1 158 216 229
3 27 2 158 216 229
3 27 3 158 216 229
3 27 4 158 216 229
3 27 5 158 216 229
3 27 6 158 216 229
3 27 7 158 216 229
3 27 8 158 216 229
3 27 9 158 216 229
3 28 0 158 216 229
3 28 1 158 216 229
3 28 2 158 216 229
3 28 3 158 216 229
3 28 4 158 216 229
3 28 5 158 216 229
3 28 6 158 216 229
3 28 7 158 216 229
3 28 8 158 216 229
3 28 9 158 216 229
3 29 0 158 216 229
3 29 1 158 216 229
3 29 2 158 216 229
3 29 3 158 216 229
3 29 4 158 216 229
3 29 5 158 216 229
3 29 6 158 216 229
3 29 7 158 216 229
3 29 8 158 216 229
3 29 9 158 216 229
3 30 0 158 216 229
3 30 1 158 216 229
3 30 2 158 216 229
3 30 3 158 216 229
3 30 4 158 216 229
3 30 5 158 216 229
3 30 6 158 216 229
3 30 7 158 216 229
3 30 8 158 216 229
3 30 9 158 216 229
3 31 0 158 216 229
3 31 1 158 216 229
3 31 2 158 216 229
3 31 3 158 216 229
3 31 4 158 216 229
3 31 5 158 216 229
3 31 6 158 216 229
3 31 7 158 216 229
3 31 8 158 216 229
3 31 9 158 216 229
3 32 0 158 216 229
3 32 1 158 216 229
3 32 2 158 216 229
3 32 3 158 216 229
3 32 4 158 216 229
3 32 5 158 216 229
3 32 6 158 216 229
3 32 7 158 216 229
3 32 8 158 216 229
3 32 9 158 216 229
3 33 0 158 216 229
3 33 1 214 38 40
3 33 2 214 38 40
3 33 3 214 38 40
3 33 4 158 216 229
3 33 5 158 216 229
3 33 6 158 216 229
3 33 7 158 216 229
3 33 8 158 216 229
3 33 9 158 216 229
4 0 0 196 175 214
4 0 1 196 175 214
4 0 2 158 216 229
4 0 3 158 216 229
4 0 4 158 216 229
4 0 5 158 216 229
4 0 6 158 216 229
4 0 7 158 216 229
4 0 8 158 216 229
4 0 9 158 216 229
4 0 10 158 216 229
4 1 0 196 175 214
4 1 1 196 175 214
4 1 2 158 216 229
4 1 3 158 216 229
4 1 4 158 216 229
4 1 5 158 216 229
4 1 6 158 216 229
4 1 7 158 216 229
4 1 8 158 216 229
4 1 9 158 216 229
4 1 10 158 216 229
4 2 0 196 175 214
4 2 1 196 175 214
4 2 2 158 216 229
4 2 3 158 216 229
4 2 4 158 216 229
4 2 5 158 216 229
4 2 6 158 216 229
4 2 7 158 216 229
4 2 8 158 216 229
4 2 9 158 216 229
4 2 10 158 216 229
4 3 0 196 175 214
4 3 1 196 175 214
4 3 2 158 216 229
4 3 3 158 216 229
4 3 4 158 216 229
4 3 5 158 216 229
4 3 6 158 216 229
4 3 7 158 216 229
4 3 8 158 216 229
4 3 9 158 216 229
4 3 10 158 216 229
4 4 0 196 175 214
4 4 1 196 175 214
4 4 2 158 216 229
4 4 3 158 216 229
4 4 4 158 216 229
4 4 5 158 216 229
4 4 6 158 216 229
4 4 7 158 216 229
4 4 8 158 216 229
4 4 9 158 216 229
4 4 10 158 216 229
4 5 0 196 175 214
4 5 1 196 175 214
4 5 2 158 216 229
4 5 3 158 216 229
4 5 4 158 216 229
4 5 5 158 216 229
4 5 6 158 216 229
4 5 7 158 216 229
4 5 8 158 216 229
4 5 9 158 216 229
4 5 10 158 216 229
4 6 0 196 175 214
4 6 1 196 175 214
4 6 2 158 216 229
4 6 3 158 216 229
4 6 4 158 216 229
4 6 5 158 216 229
4 6 6 158 216 229
4 6 7 158 216 229
4 6 8 158 216 229
4 6 9 158 216 229
4 6 10 158 216 229
4 7 0 30 119 181
4 7 1 30 119 181
4 7 2 158 216 229
4 7 3 158 216 229
4 7 4 158 216 229
4 7 5 158 216 229
4 7 6 158 216 229
4 7 7 158 216 229
4 7 8 158 216 229
4 7 9 158 216 229
4 7 10 158 216 229
4 8 0 30 119 181
4 8 1 30 119 181
4 8 2 30 119 181
4 8 3 158 216 229
4 8 4 158 216 229
4 8 5 158 216 229
4 8 6 158 216 229
4 8 7 158 216 229
4 8 8 158 216 229
4 8 9 158 216 229
4 8 10 158 216 229
4 9 0 30 119 181
4 9 1 30 119 181
4 9 2 30 119 181
4 9 3 158 216 229
4 9 4 158 216 229
4 9 5 158 216 229
4 9 6 158 216 229
4 9 7 158 216 229
4 9 8 158 216 229
4 9 9 158 216 229
4 9 10 158 216 229
4 10 0 196 175 214
4 10 1 196 175 214
4 10 2 196 175 214
4 10 3 158 216 229
4 10 4 158 216 229
4 10 5 158 216 229
4 10 6 158 216 229
4 10 7 158 216 229
4 10 8 158 216 229
4 10 9 158 216 229
4 10 10 158 216 229
4 10 11 158 216 229
4 11 0 196 175 214
4 11 1 196 175 214
4 11 2 196 175 214
4 11 3 158 216 229
4 11 4 158 216 229
4 11 5 158 216 229
4 11 6 158 216 229
4 11 7 158 216 229
4 11 8 158 216 229
4 11 9 158 216 229
4 11 10 158 216 229
4 11 11 158 216 229
4 12 0 196 175 214
4 12 1 196 175 214
4 12 2 196 175 214
4 12 3 158 216 229
4 12 4 158 216 229
4 12 5 158 216 229
4 12 6 158 216 229
4 12 7 158 216 229
4 12 8 158 216 229
4 12 9 158 216 229
4 12 10 158 216 229
4 12 11 158 216 229
4 13 0 196 175 214
4 13 1 196 175 214
4 13 2 196 175 214
4 13 3 158 216 229
4 13 4 158 216 229
4 13 5 158 216 229
4 13 6 158 216 229
4 13 7 158 216 229
4 13 8 158 216 229
4 13 9 158 216 229
4 13 10 158 216 229
4 13 11 158 216 229
4 14 0 196 175 214
4 14 1 196 175 214
4 14 2 158 216 229
4 14 3 158 216 229
4 14 4 158 216 229
4 14 5 158 216 229
4 14 6 158 216 229
4 14 7 158 216 229
4 14 8 158 216 229
4 14 9 158 216 229
4 14 10 158 216 229
4 14 11 158 216 229
4 15 2 158 216 229
4 15 3 158 216 229
4 15 4 158 216 229
4 15 5 158 216 229
4 15 6 158 216 229
4 15 7 158 216 229
4 15 8 158 216 229
4 15 9 158 216 229
4 15 10 158 216 229
4 15 11 158 216 229
4 16 2 158 216 229
4 16 3 158 216 229
4 16 4 158 216 229
4 16 5 158 216 229
4 16 6 158 216 229
4 16 7 158 216 229
4 16 8 158 216 229
4 16 9 158 216 229
4 16 10 158 216 229
4 16 11 158 216 229
4 17 2 158 216 229
4 17 3 158 216 229
4 17 4 158 216 229
4 17 5 158 216 229
4 17 6 158 216 229
4 17 7 158 216 229
4 17 8 158 216 229
4 17 9 158 216 229
4 17 10 158 216 229
4 17 11 158 216 229
4 18 2 158 216 229
4 18 3 158 216 229
4 18 4 158 216 229
4 18 5 158 216 229
4 18 6 158 216 229
4 18 7 158 216 229
4 18 8 158 216 229
4 18 9 158 216 229
4 18 10 158 216 229
4 18 11 158 216 229
4 19 2 158 216 229
4 19 3 158 216 229
4 19 4 158 216 229
4 19 5 158 216 229
4 19 6 158 216 229
4 19 7 158 216 229
4 19 8 158 216 229
4 19 9 158 216 229
4 19 10 158 216 229
4 19 11 158 216 229
4 20 2 158 216 229
4 20 3 158 216 229
4 20 4 158 216 229
4 20 5 158 216 229
4 20 6 158 216 229
4 20 7 158 216 229
4 20 8 158 216 229
4 20 9 158 216 229
4 20 10 158 216 229
4 20 11 158 216 229
4 21 0 158 216 229
4 21 2 158 216 229
4 21 3 158 216 229
4 21 4 158 216 229
4 21 5 158 216 229
4 21 6 158 216 229
4 21 7 158 216 229
4 21 8 158 216 229
4 21 9 158 216 229
4 21 10 158 216 229
4 21 11 158 216 229
4 22 0 158 216 229
4 22 2 158 216 229
4 22 3 158 216 229
4 22 4 158 216 229
4 22 5 158 216 229
4 22 6 158 216 229
4 22 7 158 216 229
4 22 8 158 216 229
4 22 9 158 216 229
4 22 10 158 216 229
4 22 11 158 216 229
4 23 0 158 216 229
4 23 2 158 216 229
4 23 3 158 216 229
4 23 4 158 216 229
4 23 5 158 216 229
4 23 6 158 216 229
4 23 7 158 216 229
4 23 8 158 216 229
4 23 9 158 216 229
4 23 10 158 216 229
4 23 11 158 216 229
4 24 0 158 216 229
4 24 2 158 216 229
4 24 3 158 216 229
4 24 4 158 216 229
4 24 5 158 216 229
4 24 6 158 216 229
4 24 7 158 216 229
4 24 8 158 216 229
4 24 9 158 216 229
4 24 10 158 216 229
4 24 11 158 216 229
4 25 0 158 216 229
4 25 3 158 216 229
4 25 4 158 216 229
4 25 5 158 216 229
4 25 6 158 216 229
4 25 7 158 216 229
4 25 8 158 216 229
4 25 9 158 216 229
4 25 10 158 216 229
4 25 11 158 216 229
4 25 12 158 216 229
4 26 0 158 216 229
4 26 3 158 216 229
4 26 4 158 216 229
4 26 5 158 216 229
4 26 6 158 216 229
4 26 7 158 216 229
4 26 8 158 216 229
4 26 9 158 216 229
4 26 10 158 216 229
4 26 11 158 216 229
4 26 12 158 216 229
4 27 0 158 216 229
4 27 3 158 216 229
4 27 4 158 216 229
4 27 5 158 216 229
4 27 6 158 216 229
4 27 7 158 216 229
4 27 8 158 216 229
4 27 9 158 216 229
4 27 10 158 216 229
4 27 11 158 216 229
4 27 12 158 216 229
4 28 0 158 216 229
4 28 3 158 216 229
4 28 4 158 216 229
4 28 5 158 216 229
4 28 6 158 216 229
4 28 7 158 216 229
4 28 8 158 216 229
4 28 9 158 216 229
4 28 10 158 216 229
4 28 11 158 216 229
4 28 12 158 216 229
4 29 0 158 216 229
4 29 3 158 216 229
4 29 4 158 216 229
4 29 5 158 216 229
4 29 6 158 216 229
4 29 7 158 216 229
4 29 8 158 216 229
4 29 9 158 216 229
4 29 10 158 216 229
4 29 11 158 216 229
4 29 12 158 216 229
4 30 0 158 216 229
4 30 3 158 216 229
4 30 4 158 216 229
4 30 5 158 216 229
4 30 6 158 216 229
4 30 7 158 216 229
4 30 8 158 216 229
4 30 9 158 216 229
4 30 10 158 216 229
4 30 11 158 216 229
4 30 12 158 216 229
4 31 0 158 216 229
4 31 3 158 216 229
4 31 4 158 216 229
4 31 5 158 216 229
4 31 6 158 216 229
4 31 7 158 216 229
4 31 8 158 216 229
4 31 9 158 216 229
4 31 10 158 216 229
4 31 11 158 216 229
4 31 12 158 216 229
4 32 0 158 216 229
4 32 3 158 216 229
4 32 4 158 216 229
4 32 5 158 216 229
4 32 6 158 216 229
4 32 7 158 216 229
4 32 8 158 216 229
4 32 9 158 216 229
4 32 10 158 216 229
4 32 11 158 216 229
4 32 12 158 216 229
4 33 0 214 38 40
4 33 1 214 38 40
4 33 2 214 38 40
4 33 3 214 38 40
4 33 4 214 38 40
4 33 5 158 216 229
4 33 6 158 216 229
4 33 7 158 216 229
4 33 8 214 38 40
4 33 9 214 38 40
4 33 10 158 216 229
4 33 11 158 216 229
4 33 12 158 216 229
5 0 0 196 175 214
5 0 1 196 175 214
5 0 2 196 175 214
5 0 3 196 175 214
5 0 4 158 216 229
5 0 5 158 216 229
5 0 6 158 216 229
5 0 7 158 216 229
5 0 8 158 216 229
5 0 9 158 216 229
5 0 10 158 216 229
5 0 11 158 216 229
5 0 12 158 216 229
5 1 0 196 175 214
5 1 1 196 175 214
5 1 2 196 175 214
5 1 3 196 175 214
5 1 4 196 175 214
5 1 5 158 216 229
5 1 6 158 216 229
5 1 7 158 216 229
5 1 8 158 216 229
5 1 9 158 216 229
5 1 10 158 216 229
5 1 11 158 216 229
5 1 12 158 216 229
5 2 0 196 175 214
5 2 1 196 175 214
5 2 2 196 175 214
5 2 3 196 175 214
5 2 4 196 175 214
5 2 5 158 216 229
5 2 6 158 216 229
5 2 7 158 216 229
5 2 8 158 216 229
5 2 9 158 216 229
5 2 10 158 216 229
5 2 11 158 216 229
5 2 12 158 216 229
5 3 0 196 175 214
5 3 1 196 175 214
5 3 2 196 175 214
5 3 3 196 175 214
5 3 4 196 175 214
5 3 5 158 216 229
5 3 6 158 216 229
5 3 7 158 216 229
5 3 8 158 216 229
5 3 9 158 216 229
5 3 10 158 216 229
5 3 11 158 216 229
5 3 12 158 216 229
5 3 13 158 216 229
5 4 0 196 175 214
5 4 1 196 175 214
5 4 2 196 175 214
5 4 3 196 175 214
5 4 4 196 175 214
5 4 5 158 216 229
5 4 6 158 216 229
5 4 7 158 216 229
5 4 8 158 216 229
5 4 9 158 216 229
5 4 10 158 216 229
5 4 11 158 216 229
5 4 12 158 216 229
5 4 13 158 216 229
5 5 0 196 175 214
5 5 1 196 175 214
5 5 2 196 175 214
5 5 3 196 175 214
5 5 4 196 175 214
5 5 5 158 216 229
5 5 6 158 216 229
5 5 7 158 216 229
5 5 8 158 216 229
5 5 9 158 216 229
5 5 10 158 216 229
5 5 11 158 216 229
5 5 12 158 216 229
5 5 13 158 216 229
5 6 0 196 175 214
5 6 1 196 175 214
5 6 2 196 175 214
5 6 3 196 175 214
5 6 4 196 175 214
5 6 5 158 216 229
5 6 6 158 216 229
5 6 7 158 216 229
5 6 8 158 216 229
5 6 9 158 216 229
5 6 10 158 216 229
5 6 11 158 216 229
5 6 12 158 216 229
5 6 13 158 216 229
5 7 0 30 119 181
5 7 1 30 119 181
5 7 2 30 119 181
5 7 3 30 119 181
5 7 4 30 119 181
5 7 5 158 216 229
5 7 6 158 216 229
5 7 7 158 216 229
5 7 8 158 216 229
5 7 9 158 216 229
5 7 10 158 216 229
5 7 11 158 216 229
5 7 12 158 216 229
5 7 13 158 216 229
5 8 0 30 119 181
5 8 1 30 119 181
5 8 2 30 119 181
5 8 3 30 119 181
5 8 4 30 119 181
5 8 5 158 216 229
5 8 6 158 216 229
5 8 7 158 216 229
5 8 8 158 216 229
5 8 9 158 216 229
5 8 10 158 216 229
5 8 11 158 216 229
5 8 12 158 216 229
5 8 13 158 216 229
5 9 0 30 119 181
5 9 1 30 119 181
5 9 2 30 119 181
5 9 3 30 119 181
5 9 4 30 119 181
5 9 5 158 216 229
5 9 6 158 216 229
5 9 7 158 216 229
5 9 8 158 216 229
5 9 9 158 216 229
5 9 10 158 216 229
5 9 11 158 216 229
5 9 12 158 216 229
5 9 13 158 216 229
5 10 0 196 175 214
5 10 1 196 175 214
5 10 2 196 175 214
5 10 3 196 175 214
5 10 4 196 175 214
5 10 5 196 175 214
5 10 6 158 216 229
5 10 7 158 216 229
5 10 8 158 216 229
5 10 9 158 216 229
5 10 10 158 216 229
5 10 11 158 216 229
5 10 12 158 216 229
5 10 13 158 216 229
5 11 0 196 175 214
5 11 1 196 175 214
5 11 2 196 175 214
5 11 3 196 175 214
5 11 4 196 175 214
5 11 5 158 216 229
5 11 6 158 216 229
5 11 7 158 216 229
5 11 8 158 216 229
5 11 9 158 216 229
5 11 10 158 216 229
5 11 11 158 216 229
5 11 12 158 216 229
5 11 13 158 216 229
5 12 0 196 175 214
5 12 1 196 175 214
5 12 2 196 175 214
5 12 3 196 175 214
5 12 4 196 175 214
5 12 5 158 216 229
5 12 6 158 216 229
5 12 7 158 216 229
5 12 8 158 216 229
5 12 9 158 216 229
5 12 10 158 216 229
5 12 11 158 216 229
5 12 12 158 216 229
5 12 13 158 216 229
5 13 0 196 175 214
5 13 1 196 175 214
5 13 2 196 175 214
5 13 3 196 175 214
5 13 4 196 175 214
5 13 5 158 216 229
5 13 6 158 216 229
5 13 7 158 216 229
5 13 8 158 216 229
5 13 9 158 216 229
5 13 10 158 216 229
5 13 11 158 216 229
5 13 12 158 216 229
5 13 13 158 216 229
5 14 0 196 175 214
5 14 1 196 175 214
5 14 2 196 175 214
5 14 3 196 175 214
5 14 4 158 216 229
5 14 5 158 216 229
5 14 6 158 216 229
5 14 7 158 216 229
5 14 8 158 216 229
5 14 9 158 216 229
5 14 10 158 216 229
5 14 11 158 216 229
5 14 12 158 216 229
5 14 13 158 216 229
5 15 4 158 216 229
5 15 5 158 216 229
5 15 6 158 216 229
5 15 7 158 216 229
5 15 8 158 216 229
5 15 9 158 216 229
5 15 10 158 216 229
5 15 11 158 216 229
5 15 12 158 216 229
5 15 13 158 216 229
5 16 4 158 216 229
5 16 5 158 216 229
5 16 6 158 216 229
5 16 7 158 216 229
5 16 8 158 216 229
5 16 9 158 216 229
5 16 10 158 216 229
5 16 11 158 216 229
5 16 12 158 216 229
5 16 13 158 216 229
5 17 4 158 216 229
5 17 5 158 216 229
5 17 6 158 216 229
5 17 7 158 216 229
5 17 8 158 216 229
5 17 9 158 216 229
5 17 10 158 216 229
5 17 11 158 216 229
5 17 12 158 216 229
5 17 13 158 216 229
5 18 5 158 216 229
5 18 6 158 216 229
5 18 7 158 216 229
5 18 8 158 216 229
5 18 9 158 216 229
5 18 10 158 216 229
5 18 11 158 216 229
5 18 12 158 216 229
5 18 13 158 216 229
5 18 14 158 216 229
5 19 5 158 216 229
5 19 6 158 216 229
5 19 7 158 216 229
5 19 8 158 216 229
5 19 9 158 216 229
5 19 10 158 216 229
5 19 11 158 216 229
5 19 12 158 216 229
5 19 13 158 216 229
5 19 14 158 216 229
5 20 5 158 216 229
5 20 6 158 216 229
5 20 7 158 216 229
5 20 8 158 216 229
5 20 9 158 216 229
5 20 10 158 216 229
5 20 11 158 216 229
5 20 12 158 216 229
5 20 13 158 216 229
5 20 14 158 216 229
5 21 5 158 216 229
5 21 6 158 216 229
5 21 7 158 216 229
5 21 8 158 216 229
5 21 9 158 216 229
5 21 10 158 216 229
5 21 11 158 216 229
5 21 12 158 216 229
5 21 13 158 216 229
5 21 14 158 216 229
5 22 5 158 216 229
5 22 6 158 216 229
5 22 7 158 216 229
5 22 8 158 216 229
5 22 9 158 216 229
5 22 10 158 216 229
5 22 11 158 216 229
5 22 12 158 216 229
5 22 13 158 216 229
5 22 14 158 216 229
5 23 5 158 216 229
5 23 6 158 216 229
5 23 7 158 216 229
5 23 8 158 216 229
5 23 9 158 216 229
5 23 10 158 216 229
5 23 11 158 216 229
5 23 12 158 216 229
5 23 13 158 216 229
5 23 14 158 216 229
5 24 5 158 216 229
5 24 6 158 216 229
5 24 7 158 216 229
5 24 8 158 216 229
5 24 9 158 216 229
5 24 10 158 216 229
5 24 11 158 216 229
5 24 12 158 216 229
5 24 13 158 216 229
5 24 14 158 216 229
5 25 5 158 216 229
5 25 6 158 216 229
5 25 7 158 216 229
5 25 8 158 216 229
5 25 9 158 216 229
5 25 10 158 216 229
5 25 11 158 216 229
5 25 12 158 216 229
5 25 13 158 216 229
5 25 14 158 216 229
5 26 5 158 216 229
5 26 6 158 216 229
5 26 7 158 216 229
5 26 8 158 216 229
5 26 9 158 216 229
5 26 10 158 216 229
5 26 11 158 216 229
5 26 12 158 216 229
5 26 13 158 216 229
5 26 14 158 216 229
5 27 5 158 216 229
5 27 6 158 216 229
5 27 7 158 216 229
5 27 8 158 216 229
5 27 9 158 216 229
5 27 10 158 216 229
5 27 11 158 216 229
5 27 12 158 216 229
5 27 13 158 216 229
5 27 14 158 216 229
5 28 5 158 216 229
5 28 6 158 216 229
5 28 7 158 216 229
5 28 8 158 216 229
5 28 9 158 216 229
5 28 10 158 216 229
5 28 11 158 216 229
5 28 12 158 216 229
5 28 13 158 216 229
5 28 14 158 216 229
5 29 5 158 216 229
5 29 6 158 216 229
5 29 7 158 216 229
5 29 8 158 216 229
5 29 9 158 216 229
5 29 10 158 216 229
5 29 11 158 216 229
5 29 12 158 216 229
5 29 13 158 216 229
5 29 14 158 216 229
5 30 5 158 216 229
5 30 6 158 216 229
5 30 7 158 216 229
5 30 8 158 216 229
5 30 9 158 216 229
5 30 10 158 216 229
5 30 11 158 216 229
5 30 12 158 216 229
5 30 13 158 216 229
5 30 14 158 216 229
5 31 5 158 216 229
5 31 6 158 216 229
5 31 7 158 216 229
5 31 8 158 216 229
5 31 9 158 216 229
5 31 10 158 216 229
5 31 11 158 216 229
5 31 12 158 216 229
5 31 13 158 216 229
5 31 14 158 216 229
5 32 5 158 216 229
5 32 6 158 216 229
5 32 7 158 216 229
5 32 8 158 216 229
5 32 9 158 216 229
5 32 10 158 216 229
5 32 11 158 216 229
5 32 12 158 216 229
5 32 13 158 216 229
5 32 14 158 216 229
5 33 0 214 38 40
5 33 1 214 38 40
5 33 2 214 38 40
5 33 3 214 38 40
5 33 4 214 38 40
5 33 5 214 38 40
5 33 6 214 38 40
5 33 7 158 216 229
5 33 8 158 216 229
5 33 9 214 38 40
5 33 10 214 38 40
5 33 11 214 38 40
5 33 12 214 38 40
5 33 13 158 216 229
5 33 14 158 216 229
6 0 0 196 175 214
6 0 1 196 175 214
6 0 2 196 175 214
6 0 3 196 175 214
6 0 4 196 175 214
6 0 5 43 160 4
6 0 6 43 160 4
6 0 7 158 216 229
6 0 8 158 216 229
6 0 9 158 216 229
6 0 10 158 216 229
6 0 11 158 216 229
6 0 12 158 216 229
6 0 13 158 216 229
6 0 14 158 216 229
6 0 15 158 216 229
6 1 0 196 175 214
6 1 1 196 175 214
6 1 2 196 175 214
6 1 3 196 175 214
6 1 4 196 175 214
6 1 6 158 216 229
6 1 7 158 216 229
6 1 8 158 216 229
6 1 9 158 216 229
6 1 10 158 216 229
6 1 11 158 216 229
6 1 12 158 216 229
6 1 13 158 216 229
6 1 14 158 216 229
6 1 15 158 216 229
6 2 0 196 175 214
6 2 1 196 175 214
6 2 2 196 175 214
6 2 3 196 175 214
6 2 4 196 175 214
6 2 6 158 216 229
6 2 7 158 216 229
6 2 8 158 216 229
6 2 9 158 216 229
6 2 10 158 216 229
6 2 11 158 216 229
6 2 12 158 216 229
6 2 13 158 216 229
6 2 14 158 216 229
6 2 15 158 216 229
6 3 0 196 175 214
6 3 1 196 175 214
6 3 2 196 175 214
6 3 3 196 175 214
6 3 4 196 175 214
6 3 6 158 216 229
6 3 7 158 216 229
6 3 8 158 216 229
6 3 9 158 216 229
6 3 10 158 216 229
6 3 11 158 216 229
6 3 12 158 216 229
6 3 13 158 216 229
6 3 14 158 216 229
6 3 15 158 216 229
6 4 0 196 175 214
6 4 1 196 175 214
6 4 2 196 175 214
6 4 3 196 175 214
6 4 4 196 175 214
6 4 6 158 216 229
6 4 7 158 216 229
6 4 8 158 216 229
6 4 9 158 216 229
6 4 10 158 216 229
6 4 11 158 216 229
6 4 12 158 216 229
6 4 13 158 216 229
6 4 14 158 216 229
6 4 15 158 216 229
6 5 0 196 175 214
6 5 1 196 175 214
6 5 2 196 175 214
6 5 3 196 175 214
6 5 4 196 175 214
6 5 6 158 216 229
6 5 7 158 216 229
6 5 8 158 216 229
6 5 9 158 216 229
6 5 10 158 216 229
6 5 11 158 216 229
6 5 12 158 216 229
6 5 13 158 216 229
6 5 14 158 216 229
6 5 15 158 216 229
6 6 0 196 175 214
6 6 1 196 175 214
6 6 2 196 175 214
6 6 3 196 175 214
6 6 4 196 175 214
6 6 6 158 216 229
6 6 7 158 216 229
6 6 8 158 216 229
6 6 9 158 216 229
6 6 10 158 216 229
6 6 11 158 216 229
6 6 12 158 216 229
6 6 13 158 216 229
6 6 14 158 216 229
6 6 15 158 216 229
6 7 0 30 119 181
6 7 1 30 119 181
6 7 2 30 119 181
6 7 3 30 119 181
6 7 4 30 119 181
6 7 6 158 216 229
6 7 7 158 216 229
6 7 8 158 216 229
6 7 9 158 216 229
6 7 10 158 216 229
6 7 11 158 216 229
6 7 12 158 216 229
6 7 13 158 216 229
6 7 14 158 216 229
6 7 15 158 216 229
6 8 0 30 119 181
6 8 1 30 119 181
6 8 2 30 119 181
6 8 3 30 119 181
6 8 4 30 119 181
6 8 5 30 119 181
6 8 6 30 119 181
6 8 7 158 216 229
6 8 8 158 216 229
6 8 9 158 216 229
6 8 10 158 216 229
6 8 11 158 216 229
6 8 12 158 216 229
6 8 13 158 216 229
6 8 14 158 216 229
6 8 15 158 216 229
6 9 0 30 119 181
6 9 1 30 119 181
6 9 2 30 119 181
6 9 3 30 119 181
6 9 4 30 119 181
6 9 5 30 119 181
6 9 6 30 119 181
6 9 7 30 119 181
6 9 8 158 216 229
6 9 9 158 216 229
6 9 10 158 216 229
6 9 11 158 216 229
6 9 12 158 216 229
6 9 13 158 216 229
6 9 14 158 216 229
6 9 15 158 216 229
6 10 1 196 175 214
6 10 2 196 175 214
6 10 3 196 175 214
6 10 4 196 175 214
6 10 5 196 175 214
6 10 6 196 175 214
6 10 7 196 175 214
6 10 8 158 216 229
6 10 9 158 216 229
6 10 10 158 216 229
6 10 11 158 216 229
6 10 12 158 216 229
6 10 13 158 216 229
6 10 14 158 216 229
6 10 15 158 216 229
6 10 16 158 216 229
6 11 1 196 175 214
6 11 2 196 175 214
6 11 3 196 175 214
6 11 4 196 175 214
6 11 5 196 175 214
6 11 6 196 175 214
6 11 7 196 175 214
6 11 8 158 216 229
6 11 9 158 216 229
6 11 10 158 216 229
6 11 11 158 216 229
6 11 12 158 216 229
6 11 13 158 216 229
6 11 14 158 216 229
6 11 15 158 216 229
6 11 16 158 216 229
6 12 1 196 175 214
6 12 2 196 175 214
6 12 3 196 175 214
6 12 4 196 175 214
6 12 5 196 175 214
6 12 6 196 175 214
6 12 7 158 216 229
6 12 8 158 216 229
6 12 9 158 216 229
6 12 10 158 216 229
6 12 11 158 216 229
6 12 12 158 216 229
6 12 13 158 216 229
6 12 14 158 216 229
6 12 15 158 216 229
6 12 16 158 216 229
6 13 1 196 175 214
6 13 2 196 175 214
6 13 3 196 175 214
6 13 4 196 175 214
6 13 5 196 175 214
6 13 6 196 175 214
6 13 7 196 175 214
6 13 8 158 216 229
6 13 9 158 216 229
6 13 10 158 216 229
6 13 11 158 216 229
6 13 12 158 216 229
6 13 13 158 216 229
6 13 14 158 216 229
6 13 15 158 216 229
6 13 16 158 216 229
6 14 1 196 175 214
6 14 2 196 175 214
6 14 3 196 175 214
6 14 4 196 175 214
6 14 7 158 216 229
6 14 8 158 216 229
6 14 9 158 216 229
6 14 10 158 216 229
6 14 11 158 216 229
6 14 12 158 216 229
6 14 13 158 216 229
6 14 14 158 216 229
6 14 15 158 216 229
6 14 16 158 216 229
6 15 7 158 216 229
6 15 8 158 216 229
6 15 9 158 216 229
6 15 10 158 216 229
6 15 11 158 216 229
6 15 12 158 216 229
6 15 13 158 216 229
6 15 14 158 216 229
6 15 15 158 216 229
6 15 16 158 216 229
6 16 7 158 216 229
6 16 8 158 216 229
6 16 9 158 216 229
6 16 10 158 216 229
6 16 11 158 216 229
6 16 12 158 216 229
6 16 13 158 216 229
6 16 14 158 216 229
6 16 15 158 216 229
6 16 16 158 216 229
6 17 7 158 216 229
6 17 8 158 216 229
6 17 9 158 216 229
6 17 10 158 216 229
6 17 11 158 216 229
6 17 12 158 216 229
6 17 13 158 216 229
6 17 14 158 216 229
6 17 15 158 216 229
6 17 16 158 216 229
6 18 7 158 216 229
6 18 8 158 216 229
6 18 9 158 216 229
6 18 10 158 216 229
6 18 11 158 216 229
6 18 12 158 216 229
6 18 13 158 216 229
6 18 14 158 216 229
6 18 15 158 216 229
6 18 16 158 216 229
6 19 7 158 216 229
6 19 8 158 216 229
6 19 9 158 216 229
6 19 10 158 216 229
6 19 11 158 216 229
6 19 12 158 216 229
6 19 13 158 216 229
6 19 14 158 216 229
6 19 15 158 216 229
6 19 16 158 216 229
6 20 7 158 216 229
6 20 8 158 216 229
6 20 9 158 216 229
6 20 10 158 216 229
6 20 11 158 216 229
6 20 12 158 216 229
6 20 13 158 216 229
6 20 14 158 216 229
6 20 15 158 216 229
6 20 16 158 216 229
6 21 7 158 216 229
6 21 8 158 216 229
6 21 9 158 216 229
6 21 10 158 216 229
6 21 11 158 216 229
6 21 12 158 216 229
6 21 13 158 216 229
6 21 14 158 216 229
6 21 15 158 216 229
6 21 16 158 216 229
6 22 7 158 216 229
6 22 8 158 216 229
6 22 9 158 216 229
6 22 10 158 216 229
6 22 11 158 216 229
6 22 12 158 216 229
6 22 13 158 216 229
6 22 14 158 216 229
6 22 15 158 216 229
6 22 16 158 216 229
6 23 7 158 216 229
6 23 8 158 216 229
6 23 9 158 216 229
6 23 10 158 216 229
6 23 11 158 216 229
6 23 12 158 216 229
6 23 13 158 216 229
6 23 14 158 216 229
6 23 15 158 216 229
6 23 16 158 216 229
6 24 7 158 216 229
6 24 8 158 216 229
6 24 9 158 216 229
6 24 10 158 216 229
6 24 11 158 216 229
6 24 12 158 216 229
6 24 13 158 216 229
6 24 14 158 216 229
6 24 15 158 216 229
6 24 16 158 216 229
6 25 7 158 216 229
6 25 8 158 216 229
6 25 9 158 216 229
6 25 10 158 216 229
6 25 11 158 216 229
6 25 12 158 216 229
6 25 13 158 216 229
6 25 14 158 216 229
6 25 15 158 216 229
6 25 16 158 216 229
6 25 17 158 216 229
6 26 8 158 216 229
6 26 9 158 216 229
6 26 10 158 216 229
6 26 11 158 216 229
6 26 12 158 216 229
6 26 13 158 216 229
6 26 14 158 216 229
6 26 15 158 216 229
6 26 16 158 216 229
6 26 17 158 216 229
6 27 8 158 216 229
6 27 9 158 216 229
6 27 10 158 216 229
6 27 11 158 216 229
6 27 12 158 216 229
6 27 13 158 216 229
6 27 14 158 216 229
6 27 15 158 216 229
6 27 16 158 216 229
6 27 17 158 216 229
6 28 8 158 216 229
6 28 9 158 216 229
6 28 10 158 216 229
6 28 11 158 216 229
6 28 12 158 216 229
6 28 13 158 216 229
6 28 14 158 216 229
6 28 15 158 216 229
6 28 16 158 216 229
6 28 17 158 216 229
6 29 8 158 216 229
6 29 9 158 216 229
6 29 10 158 216 229
6 29 11 158 216 229
6 29 12 158 216 229
6 29 13 158 216 229
6 29 14 158 216 229
6 29 15 158 216 229
6 29 16 158 216 229
6 29 17 158 216 229
6 30 8 158 216 229
6 30 9 158 216 229
6 30 10 158 216 229
6 30 11 158 216 229
6 30 12 158 216 229
6 30 13 158 216 229
6 30 14 158 216 229
6 30 15 158 216 229
6 30 16 158 216 229
6 30 17 158 216 229
6 31 8 158 216 229
6 31 9 158 216 229
6 31 10 158 216 229
6 31 11 158 216 229
6 31 12 158 216 229
6 31 13 158 216 229
6 31 14 158 216 229
6 31 15 158 216 229
6 31 16 158 216 229
6 31 17 158 216 229
6 32 8 158 216 229
6 32 9 158 216 229
6 32 10 158 216 229
6 32 11 158 216 229
6 32 12 158 216 229
6 32 13 158 216 229
6 32 14 158 216 229
6 32 15 158 216 229
6 32 16 158 216 229
6 32 17 158 216 229
6 33 0 214 38 40
6 33 1 214 38 40
6 33 2 214 38 40
6 33 3 214 38 40
6 33 4 214 38 40
6 33 5 214 38 40
6 33 6 214 38 40
6 33 7 214 38 40
6 33 8 214 38 40
6 33 9 214 38 40
6 33 10 214 38 40
6 33 11 214 38 40
6 33 12 214 38 40
6 33 13 214 38 40
6 33 14 214 38 40
6 33 15 158 216 229
6 33 16 158 216 229
7 0 0 196 175 214
7 0 1 196 175 214
7 0 2 196 175 214
7 0 3 196 175 214
7 0 4 43 160 4
7 0 5 43 160 4
7 0 6 43 160 4
7 0 7 43 160 4
7 0 8 43 160 4
7 0 9 43 160 4
7 0 10 158 216 229
7 0 11 158 216 229
7 0 12 158 216 229
7 0 13 158 216 229
7 0 14 158 216 229
7 0 15 158 216 229
7 0 16 158 216 229
7 0 17 158 216 229
7 1 0 196 175 214
7 1 1 196 175 214
7 1 2 196 175 214
7 1 3 196 175 214
7 1 4 196 175 214
7 1 8 158 216 229
7 1 9 158 216 229
7 1 10 158 216 229
7 1 11 158 216 229
7 1 12 158 216 229
7 1 13 158 216 229
7 1 14 158 216 229
7 1 15 158 216 229
7 1 16 158 216 229
7 1 17 158 216 229
7 2 0 196 175 214
7 2 1 196 175 214
7 2 2 196 175 214
7 2 3 196 175 214
7 2 4 196 175 214
7 2 8 158 216 229
7 2 9 158 216 229
7 2 10 158 216 229
7 2 11 158 216 229
7 2 12 158 216 229
7 2 13 158 216 229
7 2 14 158 216 229
7 2 15 158 216 229
7 2 16 158 216 229
7 2 17 158 216 229
7 2 18 158 216 229
7 3 0 196 175 214
7 3 1 196 175 214
7 3 2 196 175 214
7 3 3 196 175 214
7 3 4 196 175 214
7 3 8 158 216 229
7 3 9 158 216 229
7 3 10 158 216 229
7 3 11 158 216 229
7 3 12 158 216 229
7 3 13 158 216 229
7 3 14 158 216 229
7 3 15 158 216 229
7 3 16 158 216 229
7 3 17 158 216 229
7 3 18 158 216 229
7 4 0 196 175 214
7 4 1 196 175 214
7 4 2 196 175 214
7 4 3 196 175 214
7 4 4 196 175 214
7 4 9 158 216 229
7 4 10 158 216 229
7 4 11 158 216 229
7 4 12 158 216 229
7 4 13 158 216 229
7 4 14 158 216 229
7 4 15 158 216 229
7 4 16 158 216 229
7 4 17 158 216 229
7 4 18 158 216 229
7 5 0 196 175 214
7 5 1 196 175 214
7 5 2 196 175 214
7 5 3 196 175 214
7 5 4 196 175 214
7 5 9 158 216 229
7 5 10 158 216 229
7 5 11 158 216 229
7 5 12 158 216 229
7 5 13 158 216 229
7 5 14 158 216 229
7 5 15 158 216 229
7 5 16 158 216 229
7 5 17 158 216 229
7 5 18 158 216 229
7 6 0 196 175 214
7 6 1 196 175 214
7 6 2 196 175 214
7 6 3 196 175 214
7 6 4 196 175 214
7 6 9 158 216 229
7 6 10 158 216 229
7 6 11 158 216 229
7 6 12 158 216 229
7 6 13 158 216 229
7 6 14 158 216 229
7 6 15 158 216 229
7 6 16 158 216 229
7 6 17 158 216 229
7 6 18 158 216 229
7 7 0 30 119 181
7 7 1 30 119 181
7 7 2 30 119 181
7 7 3 30 119 181
7 7 4 30 119 181
7 7 9 158 216 229
7 7 10 158 216 229
7 7 11 158 216 229
7 7 12 158 216 229
7 7 13 158 216 229
7 7 14 158 216 229
7 7 15 158 216 229
7 7 16 158 216 229
7 7 17 158 216 229
7 7 18 158 216 229
7 8 0 30 119 181
7 8 1 30 119 181
7 8 2 30 119 181
7 8 3 30 119 181
7 8 4 30 119 181
7 8 5 30 119 181
7 8 6 30 119 181
7 8 7 30 119 181
7 8 8 30 119 181
7 8 9 30 119 181
7 8 10 158 216 229
7 8 11 158 216 229
7 8 12 158 216 229
7 8 13 158 216 229
7 8 14 158 216 229
7 8 15 158 216 229
7 8 16 158 216 229
7 8 17 158 216 229
7 8 18 158 216 229
7 9 0 30 119 181
7 9 1 30 119 181
7 9 2 30 119 181
7 9 3 30 119 181
7 9 4 30 119 181
7 9 5 30 119 181
7 9 6 30 119 181
7 9 7 30 119 181
7 9 8 30 119 181
7 9 9 196 175 214
7 9 10 158 216 229
7 9 11 158 216 229
7 9 12 158 216 229
7 9 13 158 216 229
7 9 14 158 216 229
7 9 15 158 216 229
7 9 16 158 216 229
7 9 17 158 216 229
7 9 18 158 216 229
7 10 3 196 175 214
7 10 4 196 175 214
7 10 5 196 175 214
7 10 6 196 175 214
7 10 7 196 175 214
7 10 8 196 175 214
7 10 9 196 175 214
7 10 10 196 175 214
7 10 11 158 216 229
7 10 12 158 216 229
7 10 13 158 216 229
7 10 14 158 216 229
7 10 15 158 216 229
7 10 16 158 216 229
7 10 17 158 216 229
7 10 18 158 216 229
7 11 3 196 175 214
7 11 4 196 175 214
7 11 5 196 175 214
7 11 6 196 175 214
7 11 7 196 175 214
7 11 8 196 175 214
7 11 9 196 175 214
7 11 10 158 216 229
7 11 11 158 216 229
7 11 12 158 216 229
7 11 13 158 216 229
7 11 14 158 216 229
7 11 15 158 216 229
7 11 16 158 216 229
7 11 17 158 216 229
7 11 18 158 216 229
7 12 3 196 175 214
7 12 4 196 175 214
7 12 5 196 175 214
7 12 6 196 175 214
7 12 7 196 175 214
7 12 8 196 175 214
7 12 9 158 216 229
7 12 10 158 216 229
7 12 11 158 216 229
7 12 12 158 216 229
7 12 13 158 216 229
7 12 14 158 216 229
7 12 15 158 216 229
7 12 16 158 216 229
7 12 17 158 216 229
7 12 18 158 216 229
7 13 3 196 175 214
7 13 4 196 175 214
7 13 5 196 175 214
7 13 6 196 175 214
7 13 7 196 175 214
7 13 8 196 175 214
7 13 9 158 216 229
7 13 10 158 216 229
7 13 11 158 216 229
7 13 12 158 216 229
7 13 13 158 216 229
7 13 14 158 216 229
7 13 15 158 216 229
7 13 16 158 216 229
7 13 17 158 216 229
7 13 18 158 216 229
7 13 19 114 158 206
7 13 20 114 158 206
7 14 4 196 175 214
7 14 9 158 216 229
7 14 10 158 216 229
7 14 11 158 216 229
7 14 12 158 216 229
7 14 13 158 216 229
7 14 14 158 216 229
7 14 15 158 216 229
7 14 16 158 216 229
7 14 17 158 216 229
7 14 18 158 216 229
7 14 19 114 158 206
7 14 20 114 158 206
7 15 9 158 216 229
7 15 10 158 216 229
7 15 11 158 216 229
7 15 12 158 216 229
7 15 13 158 216 229
7 15 14 158 216 229
7 15 15 158 216 229
7 15 16 158 216 229
7 15 17 158 216 229
7 15 18 158 216 229
7 15 19 114 158 206
7 15 20 114 158 206
7 16 9 158 216 229
7 16 10 158 216 229
7 16 11 158 216 229
7 16 12 158 216 229
7 16 13 158 216 229
7 16 14 158 216 229
7 16 15 158 216 229
7 16 16 158 216 229
7 16 17 158 216 229
7 16 18 158 216 229
7 16 19 114 158 206
7 16 20 114 158 206
7 17 9 158 216 229
7 17 10 158 216 229
7 17 11 158 216 229
7 17 12 158 216 229
7 17 13 158 216 229
7 17 14 158 216 229
7 17 15 158 216 229
7 17 16 158 216 229
7 17 17 158 216 229
7 17 18 158 216 229
7 17 19 114 158 206
7 17 20 114 158 206
7 18 9 158 216 229
7 18 10 158 216 229
7 18 11 158 216 229
7 18 12 158 216 229
7 18 13 158 216 229
7 18 14 158 216 229
7 18 15 158 216 229
7 18 16 158 216 229
7 18 17 158 216 229
7 18 18 158 216 229
7 18 19 114 158 206
7 18 20 114 158 206
7 19 10 158 216 229
7 19 11 158 216 229
7 19 12 158 216 229
7 19 13 158 216 229
7 19 14 158 216 229
7 19 15 158 216 229
7 19 16 158 216 229
7 19 17 158 216 229
7 19 18 158 216 229
7 19 19 114 158 206
7 19 20 114 158 206
7 20 10 158 216 229
7 20 11 158 216 229
7 20 12 158 216 229
7 20 13 158 216 229
7 20 14 158 216 229
7 20 15 158 216 229
7 20 16 158 216 229
7 20 17 158 216 229
7 20 18 158 216 229
7 20 19 114 158 206
7 20 20 114 158 206
7 21 10 158 216 229
7 21 11 158 216 229
7 21 12 158 216 229
7 21 13 158 216 229
7 21 14 158 216 229
7 21 15 158 216 229
7 21 16 158 216 229
7 21 17 158 216 229
7 21 18 158 216 229
7 21 19 158 216 229
7 21 20 114 158 206
7 22 10 158 216 229
7 22 11 158 216 229
7 22 12 158 216 229
7 22 13 158 216 229
7 22 14 158 216 229
7 22 15 158 216 229
7 22 16 158 216 229
7 22 17 158 216 229
7 22 18 158 216 229
7 22 19 158 216 229
7 22 20 114 158 206
7 23 10 158 216 229
7 23 11 158 216 229
7 23 12 158 216 229
7 23 13 158 216 229
7 23 14 158 216 229
7 23 15 158 216 229
7 23 16 158 216 229
7 23 17 158 216 229
7 23 18 158 216 229
7 23 19 158 216 229
7 23 20 114 158 206
7 24 10 158 216 229
7 24 11 158 216 229
7 24 12 158 216 229
7 24 13 158 216 229
7 24 14 158 216 229
7 24 15 158 216 229
7 24 16 158 216 229
7 24 17 158 216 229
7 24 18 158 216 229
7 24 19 158 216 229
7 24 20 114 158 206
7 25 10 158 216 229
7 25 11 158 216 229
7 25 12 158 216 229
7 25 13 158 216 229
7 25 14 158 216 229
7 25 15 158 216 229
7 25 16 158 216 229
7 25 17 158 216 229
7 25 18 158 216 229
7 25 19 158 216 229
7 25 20 114 158 206
7 26 10 158 216 229
7 26 11 158 216 229
7 26 12 158 216 229
7 26 13 158 216 229
7 26 14 158 216 229
7 26 15 158 216 229
7 26 16 158 216 229
7 26 17 158 216 229
7 26 18 158 216 229
7 26 19 158 216 229
7 26 20 114 158 206
7 27 10 158 216 229
7 27 11 158 216 229
7 27 12 158 216 229
7 27 13 158 216 229
7 27 14 158 216 229
7 27 15 158 216 229
7 27 16 158 216 229
7 27 17 158 216 229
7 27 18 158 216 229
7 27 19 158 216 229
7 27 20 114 158 206
7 27 21 114 158 206
7 28 10 158 216 229
7 28 11 158 216 229
7 28 12 158 216 229
7 28 13 158 216 229
7 28 14 158 216 229
7 28 15 158 216 229
7 28 16 158 216 229
7 28 17 158 216 229
7 28 18 158 216 229
7 28 19 158 216 229
7 28 20 114 158 206
7 28 21 114 158 206
7 29 10 158 216 229
7 29 11 158 216 229
7 29 12 158 216 229
7 29 13 158 216 229
7 29 14 158 216 229
7 29 15 158 216 229
7 29 16 158 216 229
7 29 17 158 216 229
7 29 18 158 216 229
7 29 19 158 216 229
7 29 20 114 158 206
7 30 10 158 216 229
7 30 11 158 216 229
7 30 12 158 216 229
7 30 13 158 216 229
7 30 14 158 216 229
7 30 15 158 216 229
7 30 16 158 216 229
7 30 17 158 216 229
7 30 18 158 216 229
7 30 19 158 216 229
7 31 10 158 216 229
7 31 11 158 216 229
7 31 12 158 216 229
7 31 13 158 216 229
7 31 14 158 216 229
7 31 15 158 216 229
7 31 16 158 216 229
7 31 17 158 216 229
7 31 18 158 216 229
7 31 19 158 216 229
7 32 10 158 216 229
7 32 11 158 216 229
7 32 12 158 216 229
7 32 13 158 216 229
7 32 14 158 216 229
7 32 15 158 216 229
7 32 16 158 216 229
7 32 17 158 216 229
7 32 18 158 216 229
7 32 19 158 216 229
7 32 20 158 216 229
7 33 0 214 38 40
7 33 1 214 38 40
7 33 2 214 38 40
7 33 3 214 38 40
7 33 4 214 38 40
7 33 5 214 38 40
7 33 6 214 38 40
7 33 7 214 38 40
7 33 8 214 38 40
7 33 9 214 38 40
7 33 10 214 38 40
7 33 11 214 38 40
7 33 12 214 38 40
7 33 13 214 38 40
7 33 14 214 38 40
7 33 15 214 38 40
7 33 16 214 38 40
7 33 17 158 216 229
7 33 18 214 38 40
7 33 19 158 216 229
8 0 0 196 175 214
8 0 1 196 175 214
8 0 2 196 175 214
8 0 3 43 160 4
8 0 4 43 160 4
8 0 5 43 160 4
8 0 6 43 160 4
8 0 7 43 160 4
8 0 8 43 160 4
8 0 9 43 160 4
8 0 10 43 160 4
8 0 11 43 160 4
8 0 12 158 216 229
8 0 13 158 216 229
8 0 14 158 216 229
8 0 15 158 216 229
8 0 16 158 216 229
8 0 17 158 216 229
8 0 18 158 216 229
8 0 19 158 216 229
8 0 20 158 216 229
8 1 0 196 175 214
8 1 1 196 175 214
8 1 2 196 175 214
8 1 3 196 175 214
8 1 5 204 204 91
8 1 6 204 204 91
8 1 11 158 216 229
8 1 12 158 216 229
8 1 13 158 216 229
8 1 14 158 216 229
8 1 15 158 216 229
8 1 16 158 216 229
8 1 17 158 216 229
8 1 18 158 216 229
8 1 19 158 216 229
8 1 20 158 216 229
8 2 0 196 175 214
8 2 1 196 175 214
8 2 2 196 175 214
8 2 3 196 175 214
8 2 11 158 216 229
8 2 12 158 216 229
8 2 13 158 216 229
8 2 14 158 216 229
8 2 15 158 216 229
8 2 16 158 216 229
8 2 17 158 216 229
8 2 18 158 216 229
8 2 19 158 216 229
8 2 20 158 216 229
8 3 0 196 175 214
8 3 1 196 175 214
8 3 2 196 175 214
8 3 3 196 175 214
8 3 11 158 216 229
8 3 12 158 216 229
8 3 13 158 216 229
8 3 14 158 216 229
8 3 15 158 216 229
8 3 16 158 216 229
8 3 17 158 216 229
8 3 18 158 216 229
8 3 19 158 216 229
8 3 20 158 216 229
8 4 0 196 175 214
8 4 1 196 175 214
8 4 2 196 175 214
8 4 3 196 175 214
8 4 11 158 216 229
8 4 12 158 216 229
8 4 13 158 216 229
8 4 14 158 216 229
8 4 15 158 216 229
8 4 16 158 216 229
8 4 17 158 216 229
8 4 18 158 216 229
8 4 19 158 216 229
8 4 20 158 216 229
8 5 0 196 175 214
8 5 1 196 175 214
8 5 2 196 175 214
8 5 3 196 175 214
8 5 11 158 216 229
8 5 12 158 216 229
8 5 13 158 216 229
8 5 14 158 216 229
8 5 15 158 216 229
8 5 16 158 216 229
8 5 17 158 216 229
8 5 18 158 216 229
8 5 19 158 216 229
8 5 20 158 216 229
8 6 0 196 175 214
8 6 1 196 175 214
8 6 2 196 175 214
8 6 3 196 175 214
8 6 11 158 216 229
8 6 12 158 216 229
8 6 13 158 216 229
8 6 14 158 216 229
8 6 15 158 216 229
8 6 16 158 216 229
8 6 17 158 216 229
8 6 18 158 216 229
8 6 19 158 216 229
8 6 20 158 216 229
8 7 0 30 119 181
8 7 1 30 119 181
8 7 2 30 119 181
8 7 3 30 119 181
8 7 4 30 119 181
8 7 11 158 216 229
8 7 12 158 216 229
8 7 13 158 216 229
8 7 14 158 216 229
8 7 15 158 216 229
8 7 16 158 216 229
8 7 17 158 216 229
8 7 18 158 216 229
8 7 19 158 216 229
8 7 20 158 216 229
8 8 0 30 119 181
8 8 1 30 119 181
8 8 2 30 119 181
8 8 3 30 119 181
8 8 4 30 119 181
8 8 5 30 119 181
8 8 6 30 119 181
8 8 7 30 119 181
8 8 8 30 119 181
8 8 9 30 119 181
8 8 10 30 119 181
8 8 11 30 119 181
8 8 12 158 216 229
8 8 13 158 216 229
8 8 14 158 216 229
8 8 15 158 216 229
8 8 16 158 216 229
8 8 17 158 216 229
8 8 18 158 216 229
8 8 19 158 216 229
8 8 20 158 216 229
8 9 0 30 119 181
8 9 1 30 119 181
8 9 2 30 119 181
8 9 3 30 119 181
8 9 4 30 119 181
8 9 5 30 119 181
8 9 6 30 119 181
8 9 7 30 119 181
8 9 8 30 119 181
8 9 9 30 119 181
8 9 10 30 119 181
8 9 11 196 175 214
8 9 12 196 175 214
8 9 13 158 216 229
8 9 14 158 216 229
8 9 15 158 216 229
8 9 16 158 216 229
8 9 17 158 216 229
8 9 18 158 216 229
8 9 19 158 216 229
8 9 20 158 216 229
8 10 6 196 175 214
8 10 7 196 175 214
8 10 8 196 175 214
8 10 9 196 175 214
8 10 10 196 175 214
8 10 11 196 175 214
8 10 12 196 175 214
8 10 13 158 216 229
8 10 14 158 216 229
8 10 15 158 216 229
8 10 16 158 216 229
8 10 17 158 216 229
8 10 18 158 216 229
8 10 19 158 216 229
8 10 20 158 216 229
8 10 21 158 216 229
8 11 6 196 175 214
8 11 7 196 175 214
8 11 8 196 175 214
8 11 9 196 175 214
8 11 10 196 175 214
8 11 11 196 175 214
8 11 12 196 175 214
8 11 13 158 216 229
8 11 14 158 216 229
8 11 15 158 216 229
8 11 16 158 216 229
8 11 17 158 216 229
8 11 18 158 216 229
8 11 19 158 216 229
8 11 20 158 216 229
8 11 21 158 216 229
8 12 6 196 175 214
8 12 7 196 175 214
8 12 8 196 175 214
8 12 12 158 216 229
8 12 13 158 216 229
8 12 14 158 216 229
8 12 15 158 216 229
8 12 16 158 216 229
8 12 17 158 216 229
8 12 18 158 216 229
8 12 19 158 216 229
8 12 20 158 216 229
8 12 21 158 216 229
8 13 6 196 175 214
8 13 7 196 175 214
8 13 8 196 175 214
8 13 12 158 216 229
8 13 13 158 216 229
8 13 14 158 216 229
8 13 15 158 216 229
8 13 16 158 216 229
8 13 17 158 216 229
8 13 18 158 216 229
8 13 19 114 158 206
8 13 20 114 158 206
8 13 21 114 158 206
8 13 22 114 158 206
8 14 12 158 216 229
8 14 13 158 216 229
8 14 14 158 216 229
8 14 15 158 216 229
8 14 16 158 216 229
8 14 17 158 216 229
8 14 18 158 216 229
8 14 19 114 158 206
8 14 20 114 158 206
8 14 21 114 158 206
8 14 22 114 158 206
8 15 12 158 216 229
8 15 13 158 216 229
8 15 14 158 216 229
8 15 15 158 216 229
8 15 16 158 216 229
8 15 17 158 216 229
8 15 18 158 216 229
8 15 19 114 158 206
8 15 20 114 158 206
8 15 21 114 158 206
8 15 22 114 158 206
8 16 12 158 216 229
8 16 13 158 216 229
8 16 14 158 216 229
8 16 15 158 216 229
8 16 16 158 216 229
8 16 17 158 216 229
8 16 18 158 216 229
8 16 19 114 158 206
8 16 20 114 158 206
8 16 21 114 158 206
8 16 22 114 158 206
8 17 12 158 216 229
8 17 13 158 216 229
8 17 14 158 216 229
8 17 15 158 216 229
8 17 16 158 216 229
8 17 17 158 216 229
8 17 18 158 216 229
8 17 19 114 158 206
8 17 20 114 158 206
8 17 21 114 158 206
8 17 22 114 158 206
8 18 12 158 216 229
8 18 13 158 216 229
8 18 14 158 216 229
8 18 15 158 216 229
8 18 16 158 216 229
8 18 17 158 216 229
8 18 18 158 216 229
8 18 19 114 158 206
8 18 20 114 158 206
8 18 21 114 158 206
8 18 22 114 158 206
8 19 12 158 216 229
8 19 13 158 216 229
8 19 14 158 216 229
8 19 15 158 216 229
8 19 16 158 216 229
8 19 17 158 216 229
8 19 18 158 216 229
8 19 19 114 158 206
8 19 20 114 158 206
8 19 21 114 158 206
8 19 22 114 158 206
8 20 12 158 216 229
8 20 13 158 216 229
8 20 14 158 216 229
8 20 15 158 216 229
8 20 16 158 216 229
8 20 17 158 216 229
8 20 18 158 216 229
8 20 19 114 158 206
8 20 20 114 158 206
8 20 21 114 158 206
8 20 22 114 158 206
8 20 23 114 158 206
8 21 12 158 216 229
8 21 13 158 216 229
8 21 14 158 216 229
8 21 15 158 216 229
8 21 16 158 216 229
8 21 17 158 216 229
8 21 18 158 216 229
8 21 19 114 158 206
8 21 20 114 158 206
8 21 21 114 158 206
8 21 22 114 158 206
8 21 23 114 158 206
8 22 12 158 216 229
8 22 13 158 216 229
8 22 14 158 216 229
8 22 15 158 216 229
8 22 16 158 216 229
8 22 17 158 216 229
8 22 18 158 216 229
8 22 19 114 158 206
8 22 20 114 158 206
8 22 21 114 158 206
8 22 22 114 158 206
8 22 23 114 158 206
8 23 12 158 216 229
8 23 13 158 216 229
8 23 14 158 216 229
8 23 15 158 216 229
8 23 16 158 216 229
8 23 17 158 216 229
8 23 18 158 216 229
8 23 19 114 158 206
8 23 20 114 158 206
8 23 21 114 158 206
8 23 22 114 158 206
8 23 23 114 158 206
8 24 12 158 216 229
8 24 13 158 216 229
8 24 14 158 216 229
8 24 15 158 216 229
8 24 16 158 216 229
8 24 17 158 216 229
8 24 18 158 216 229
8 24 19 114 158 206
8 24 20 114 158 206
8 24 21 114 158 206
8 24 22 114 158 206
8 24 23 114 158 206
8 25 12 158 216 229
8 25 13 158 216 229
8 25 14 158 216 229
8 25 15 158 216 229
8 25 16 158 216 229
8 25 17 158 216 229
8 25 18 158 216 229
8 25 19 114 158 206
8 25 20 114 158 206
8 25 21 114 158 206
8 25 22 114 158 206
8 25 23 114 158 206
8 26 12 158 216 229
8 26 13 158 216 229
8 26 14 158 216 229
8 26 15 158 216 229
8 26 16 158 216 229
8 26 17 158 216 229
8 26 18 158 216 229
8 26 19 114 158 206
8 26 20 114 158 206
8 26 21 114 158 206
8 26 22 114 158 206
8 26 23 114 158 206
8 27 13 158 216 229
8 27 14 158 216 229
8 27 15 158 216 229
8 27 16 158 216 229
8 27 17 158 216 229
8 27 18 158 216 229
8 27 19 158 216 229
8 27 20 114 158 206
8 27 21 114 158 206
8 27 22 114 158 206
8 27 23 114 158 206
8 28 13 158 216 229
8 28 14 158 216 229
8 28 15 158 216 229
8 28 16 158 216 229
8 28 17 158 216 229
8 28 18 158 216 229
8 28 19 158 216 229
8 28 20 114 158 206
8 28 21 114 158 206
8 28 22 114 158 206
8 28 23 114 158 206
8 29 13 158 216 229
8 29 14 158 216 229
8 29 15 158 216 229
8 29 16 158 216 229
8 29 17 158 216 229
8 29 18 158 216 229
8 29 19 158 216 229
8 29 20 158 216 229
8 29 21 158 216 229
8 29 22 114 158 206
8 29 23 114 158 206
8 30 13 158 216 229
8 30 14 158 216 229
8 30 15 158 216 229
8 30 16 158 216 229
8 30 17 158 216 229
8 30 18 158 216 229
8 30 19 158 216 229
8 30 20 158 216 229
8 30 21 158 216 229
8 30 22 158 216 229
8 31 13 158 216 229
8 31 14 158 216 229
8 31 15 158 216 229
8 31 16 158 216 229
8 31 17 158 216 229
8 31 18 158 216 229
8 31 19 158 216 229
8 31 20 158 216 229
8 31 21 158 216 229
8 31 22 158 216 229
8 32 13 158 216 229
8 32 14 158 216 229
8 32 15 158 216 229
8 32 16 158 216 229
8 32 17 158 216 229
8 32 18 158 216 229
8 32 19 158 216 229
8 32 20 158 216 229
8 32 21 158 216 229
8 32 22 158 216 229
8 33 0 214 38 40
8 33 1 214 38 40
8 33 2 214 38 40
8 33 3 214 38 40
8 33 4 214 38 40
8 33 5 214 38 40
8 33 6 214 38 40
8 33 7 214 38 40
8 33 8 214 38 40
8 33 9 214 38 40
8 33 10 214 38 40
8 33 11 214 38 40
8 33 12 214 38 40
8 33 13 214 38 40
8 33 14 214 38 40
8 33 15 214 38 40
8 33 16 214 38 40
8 33 17 214 38 40
8 33 18 214 38 40
8 33 19 214 38 40
8 33 20 214 38 40
8 33 21 158 216 229
9 0 0 196 175 214
9 0 1 196 175 214
9 0 2 196 175 214
9 0 3 43 160 4
9 0 4 43 160 4
9 0 5 204 204 91
9 0 6 204 204 91
9 0 7 204 204 91
9 0 8 204 204 91
9 0 9 43 160 4
9 0 10 43 160 4
9 0 11 43 160 4
9 0 12 43 160 4
9 0 13 43 160 4
9 0 14 158 216 229
9 0 15 158 216 229
9 0 16 158 216 229
9 0 17 158 216 229
9 0 18 255 186 119
9 0 19 255 186 119
9 0 20 158 216 229
9 0 21 158 216 229
9 0 22 158 216 229
9 1 0 196 175 214
9 1 1 196 175 214
9 1 2 196 175 214
9 1 3 196 175 214
9 1 5 204 204 91
9 1 6 204 204 91
9 1 7 204 204 91
9 1 8 204 204 91
9 1 9 204 204 91
9 1 13 158 216 229
9 1 14 158 216 229
9 1 15 158 216 229
9 1 16 158 216 229
9 1 17 158 216 229
9 1 18 255 186 119
9 1 19 255 186 119
9 1 20 158 216 229
9 1 21 158 216 229
9 1 22 158 216 229
9 2 0 196 175 214
9 2 1 196 175 214
9 2 2 196 175 214
9 2 3 196 175 214
9 2 13 158 216 229
9 2 14 158 216 229
9 2 15 158 216 229
9 2 16 158 216 229
9 2 17 158 216 229
9 2 18 255 186 119
9 2 19 255 186 119
9 2 20 158 216 229
9 2 21 158 216 229
9 2 22 158 216 229
9 2 23 158 216 229
9 3 0 196 175 214
9 3 1 196 175 214
9 3 2 196 175 214
9 3 3 196 175 214
9 3 13 158 216 229
9 3 14 158 216 229
9 3 15 158 216 229
9 3 16 158 216 229
9 3 17 158 216 229
9 3 18 255 186 119
9 3 19 255 186 119
9 3 20 158 216 229
9 3 21 158 216 229
9 3 22 158 216 229
9 3 23 158 216 229
9 4 0 196 175 214
9 4 1 196 175 214
9 4 2 196 175 214
9 4 3 196 175 214
9 4 5 204 204 91
9 4 13 158 216 229
9 4 14 158 216 229
9 4 15 158 216 229
9 4 16 158 216 229
9 4 17 158 216 229
9 4 18 255 186 119
9 4 19 255 186 119
9 4 20 158 216 229
9 4 21 158 216 229
9 4 22 158 216 229
9 4 23 158 216 229
9 5 0 196 175 214
9 5 1 196 175 214
9 5 2 196 175 214
9 5 3 196 175 214
9 5 5 204 204 91
9 5 14 158 216 229
9 5 15 158 216 229
9 5 16 158 216 229
9 5 17 158 216 229
9 5 18 255 186 119
9 5 19 255 186 119
9 5 20 158 216 229
9 5 21 158 216 229
9 5 22 158 216 229
9 5 23 158 216 229
9 6 0 196 175 214
9 6 1 196 175 214
9 6 2 196 175 214
9 6 3 196 175 214
9 6 14 158 216 229
9 6 15 158 216 229
9 6 16 158 216 229
9 6 17 158 216 229
9 6 18 255 186 119
9 6 19 255 186 119
9 6 20 158 216 229
9 6 21 158 216 229
9 6 22 158 216 229
9 6 23 158 216 229
9 7 0 30 119 181
9 7 1 30 119 181
9 7 2 30 119 181
9 7 3 30 119 181
9 7 14 158 216 229
9 7 15 158 216 229
9 7 16 158 216 229
9 7 17 158 216 229
9 7 18 196 175 214
9 7 19 196 175 214
9 7 20 196 175 214
9 7 21 158 216 229
9 7 22 158 216 229
9 7 23 158 216 229
9 8 0 30 119 181
9 8 1 30 119 181
9 8 2 30 119 181
9 8 3 30 119 181
9 8 4 30 119 181
9 8 5 30 119 181
9 8 6 30 119 181
9 8 7 30 119 181
9 8 8 30 119 181
9 8 9 30 119 181
9 8 10 30 119 181
9 8 11 30 119 181
9 8 12 30 119 181
9 8 13 30 119 181
9 8 14 30 119 181
9 8 15 158 216 229
9 8 16 158 216 229
9 8 17 158 216 229
9 8 18 196 175 214
9 8 19 196 175 214
9 8 20 196 175 214
9 8 21 158 216 229
9 8 22 158 216 229
9 8 23 158 216 229
9 9 0 30 119 181
9 9 1 30 119 181
9 9 2 30 119 181
9 9 3 30 119 181
9 9 4 30 119 181
9 9 5 30 119 181
9 9 6 30 119 181
9 9 7 30 119 181
9 9 8 30 119 181
9 9 9 30 119 181
9 9 10 30 119 181
9 9 11 30 119 181
9 9 12 30 119 181
9 9 13 30 119 181
9 9 14 196 175 214
9 9 15 158 216 229
9 9 16 158 216 229
9 9 17 158 216 229
9 9 18 196 175 214
9 9 19 196 175 214
9 9 20 158 216 229
9 9 21 158 216 229
9 9 22 158 216 229
9 9 23 158 216 229
9 10 9 196 175 214
9 10 10 196 175 214
9 10 11 196 175 214
9 10 12 196 175 214
9 10 13 196 175 214
9 10 14 196 175 214
9 10 15 158 216 229
9 10 16 158 216 229
9 10 17 158 216 229
9 10 18 158 216 229
9 10 20 158 216 229
9 10 21 158 216 229
9 10 22 158 216 229
9 10 23 158 216 229
9 11 10 196 175 214
9 11 11 196 175 214
9 11 12 196 175 214
9 11 13 196 175 214
9 11 14 196 175 214
9 11 15 158 216 229
9 11 16 158 216 229
9 11 17 158 216 229
9 11 18 158 216 229
9 11 20 158 216 229
9 11 21 158 216 229
9 11 22 158 216 229
9 11 23 158 216 229
9 12 14 196 175 214
9 12 15 158 216 229
9 12 16 158 216 229
9 12 17 158 216 229
9 12 18 158 216 229
9 12 20 158 216 229
9 12 21 158 216 229
9 12 22 158 216 229
9 12 23 158 216 229
9 13 14 196 175 214
9 13 15 158 216 229
9 13 16 158 216 229
9 13 17 158 216 229
9 13 18 158 216 229
9 13 19 114 158 206
9 13 20 114 158 206
9 13 21 114 158 206
9 13 22 114 158 206
9 13 23 114 158 206
9 13 24 114 158 206
9 13 25 114 158 206
9 14 14 158 216 229
9 14 15 158 216 229
9 14 16 158 216 229
9 14 17 158 216 229
9 14 18 158 216 229
9 14 19 114 158 206
9 14 20 114 158 206
9 14 21 114 158 206
9 14 22 114 158 206
9 14 23 114 158 206
9 14 24 114 158 206
9 14 25 114 158 206
9 15 14 158 216 229
9 15 15 158 216 229
9 15 16 158 216 229
9 15 17 158 216 229
9 15 18 158 216 229
9 15 19 114 158 206
9 15 20 114 158 206
9 15 21 114 158 206
9 15 22 114 158 206
9 15 23 114 158 206
9 15 24 114 158 206
9 15 25 114 158 206
9 16 14 158 216 229
9 16 15 158 216 229
9 16 16 158 216 229
9 16 17 158 216 229
9 16 18 158 216 229
9 16 19 114 158 206
9 16 20 114 158 206
9 16 21 114 158 206
9 16 22 114 158 206
9 16 23 114 158 206
9 16 24 114 158 206
9 16 25 114 158 206
9 17 14 158 216 229
9 17 15 158 216 229
9 17 16 158 216 229
9 17 17 158 216 229
9 17 18 158 216 229
9 17 19 114 158 206
9 17 20 114 158 206
9 17 21 114 158 206
9 17 22 114 158 206
9 17 23 114 158 206
9 17 24 114 158 206
9 17 25 114 158 206
9 18 14 158 216 229
9 18 15 158 216 229
9 18 16 158 216 229
9 18 17 158 216 229
9 18 18 158 216 229
9 18 19 114 158 206
9 18 20 114 158 206
9 18 21 114 158 206
9 18 22 114 158 206
9 18 23 114 158 206
9 18 24 114 158 206
9 18 25 114 158 206
9 19 14 158 216 229
9 19 15 158 216 229
9 19 16 158 216 229
9 19 17 158 216 229
9 19 18 158 216 229
9 19 19 114 158 206
9 19 20 114 158 206
9 19 21 114 158 206
9 19 22 114 158 206
9 19 23 114 158 206
9 19 24 114 158 206
9 19 25 114 158 206
9 20 15 158 216 229
9 20 16 158 216 229
9 20 17 158 216 229
9 20 18 158 216 229
9 20 19 114 158 206
9 20 20 114 158 206
9 20 21 114 158 206
9 20 22 114 158 206
9 20 23 114 158 206
9 20 24 114 158 206
9 20 25 114 158 206
9 21 15 158 216 229
9 21 16 158 216 229
9 21 17 158 216 229
9 21 18 158 216 229
9 21 19 114 158 206
9 21 20 114 158 206
9 21 21 114 158 206
9 21 22 114 158 206
9 21 23 114 158 206
9 21 24 114 158 206
9 21 25 114 158 206
9 22 15 158 216 229
9 22 16 158 216 229
9 22 17 158 216 229
9 22 18 158 216 229
9 22 20 114 158 206
9 22 21 114 158 206
9 22 22 114 158 206
9 22 23 114 158 206
9 22 24 114 158 206
9 22 25 114 158 206
9 23 15 158 216 229
9 23 16 158 216 229
9 23 17 158 216 229
9 23 18 158 216 229
9 23 20 114 158 206
9 23 21 114 158 206
9 23 22 114 158 206
9 23 23 114 158 206
9 23 24 114 158 206
9 23 25 114 158 206
9 24 15 158 216 229
9 24 16 158 216 229
9 24 17 158 216 229
9 24 18 158 216 229
9 24 20 114 158 206
9 24 21 114 158 206
9 24 22 114 158 206
9 24 23 114 158 206
9 24 24 114 158 206
9 24 25 114 158 206
9 25 15 158 216 229
9 25 16 158 216 229
9 25 17 158 216 229
9 25 18 158 216 229
9 25 20 114 158 206
9 25 21 114 158 206
9 25 22 114 158 206
9 25 23 114 158 206
9 25 24 114 158 206
9 25 25 114 158 206
9 26 15 158 216 229
9 26 16 158 216 229
9 26 17 158 216 229
9 26 18 158 216 229
9 26 20 114 158 206
9 26 21 114 158 206
9 26 22 114 158 206
9 26 23 114 158 206
9 26 24 114 158 206
9 26 25 114 158 206
9 27 15 158 216 229
9 27 16 158 216 229
9 27 17 158 216 229
9 27 18 158 216 229
9 27 20 114 158 206
9 27 21 114 158 206
9 27 22 114 158 206
9 27 23 114 158 206
9 27 24 114 158 206
9 27 25 114 158 206
9 27 26 114 158 206
9 28 15 158 216 229
9 28 16 158 216 229
9 28 17 158 216 229
9 28 18 158 216 229
9 28 20 114 158 206
9 28 21 114 158 206
9 28 22 114 158 206
9 28 23 114 158 206
9 28 24 114 158 206
9 28 25 114 158 206
9 28 26 114 158 206
9 29 15 158 216 229
9 29 16 158 216 229
9 29 17 158 216 229
9 29 18 158 216 229
9 29 21 114 158 206
9 29 22 158 216 229
9 29 23 158 216 229
9 29 24 158 216 229
9 29 25 114 158 206
9 30 15 158 216 229
9 30 16 158 216 229
9 30 17 158 216 229
9 30 18 158 216 229
9 30 21 158 216 229
9 30 22 158 216 229
9 30 23 158 216 229
9 30 24 158 216 229
9 31 15 158 216 229
9 31 16 158 216 229
9 31 17 158 216 229
9 31 18 158 216 229
9 31 22 158 216 229
9 31 23 158 216 229
9 31 24 158 216 229
9 32 15 158 216 229
9 32 16 158 216 229
9 32 17 158 216 229
9 32 18 158 216 229
9 32 22 158 216 229
9 32 23 158 216 229
9 32 24 158 216 229
9 32 25 158 216 229
9 33 0 214 38 40
9 33 1 214 38 40
9 33 2 214 38 40
9 33 3 214 38 40
9 33 4 214 38 40
9 33 5 214 38 40
9 33 6 214 38 40
9 33 7 214 38 40
9 33 8 214 38 40
9 33 9 214 38 40
9 33 10 214 38 40
9 33 11 214 38 40
9 33 12 214 38 40
9 33 13 214 38 40
9 33 14 214 38 40
9 33 15 214 38 40
9 33 16 214 38 40
9 33 17 214 38 40
9 33 18 214 38 40
9 33 19 214 38 40
9 33 20 214 38 40
9 33 21 214 38 40
9 33 22 214 38 40
9 33 23 214 38 40
9 33 24 158 216 229
10 0 0 196 175 214
10 0 1 196 175 214
10 0 2 196 175 214
10 0 3 43 160 4
10 0 4 43 160 4
10 0 5 204 204 91
10 0 6 204 204 91
10 0 7 204 204 91
10 0 8 204 204 91
10 0 9 204 204 91
10 0 10 204 204 91
10 0 11 43 160 4
10 0 12 43 160 4
10 0 13 43 160 4
10 0 14 43 160 4
10 0 15 43 160 4
10 0 16 30 119 181
10 0 17 158 216 229
10 0 18 255 186 119
10 0 19 255 186 119
10 0 20 255 186 119
10 0 21 255 186 119
10 0 22 158 216 229
10 0 23 158 216 229
10 0 24 158 216 229
10 0 25 158 216 229
10 1 0 196 175 214
10 1 1 196 175 214
10 1 2 196 175 214
10 1 5 204 204 91
10 1 6 204 204 91
10 1 7 204 204 91
10 1 8 204 204 91
10 1 9 204 204 91
10 1 10 204 204 91
10 1 11 204 204 91
10 1 16 30 119 181
10 1 17 158 216 229
10 1 18 255 186 119
10 1 19 255 186 119
10 1 20 255 186 119
10 1 21 255 186 119
10 1 22 158 216 229
10 1 23 158 216 229
10 1 24 158 216 229
10 1 25 158 216 229
10 2 0 196 175 214
10 2 1 196 175 214
10 2 2 196 175 214
10 2 16 30 119 181
10 2 17 158 216 229
10 2 18 255 186 119
10 2 19 255 186 119
10 2 20 255 186 119
10 2 21 255 186 119
10 2 22 255 186 119
10 2 23 158 216 229
10 2 24 158 216 229
10 2 25 158 216 229
10 3 0 196 175 214
10 3 1 196 175 214
10 3 2 196 175 214
10 3 16 30 119 181
10 3 17 158 216 229
10 3 18 255 186 119
10 3 19 255 186 119
10 3 20 255 186 119
10 3 21 255 186 119
10 3 22 255 186 119
10 3 23 158 216 229
10 3 24 158 216 229
10 3 25 158 216 229
10 4 0 196 175 214
10 4 1 196 175 214
10 4 2 196 175 214
10 4 4 204 204 91
10 4 5 204 204 91
10 4 6 204 204 91
10 4 7 204 204 91
10 4 16 30 119 181
10 4 17 158 216 229
10 4 18 255 186 119
10 4 19 255 186 119
10 4 20 255 186 119
10 4 21 255 186 119
10 4 22 255 186 119
10 4 23 158 216 229
10 4 24 158 216 229
10 4 25 158 216 229
10 5 0 196 175 214
10 5 1 196 175 214
10 5 2 196 175 214
10 5 4 204 204 91
10 5 5 204 204 91
10 5 6 204 204 91
10 5 7 204 204 91
10 5 8 204 204 91
10 5 16 30 119 181
10 5 17 158 216 229
10 5 18 255 186 119
10 5 19 255 186 119
10 5 20 255 186 119
10 5 21 255 186 119
10 5 22 255 186 119
10 5 23 158 216 229
10 5 24 158 216 229
10 5 25 158 216 229
10 6 0 196 175 214
10 6 1 196 175 214
10 6 2 196 175 214
10 6 3 196 175 214
10 6 16 30 119 181
10 6 17 158 216 229
10 6 18 255 186 119
10 6 19 255 186 119
10 6 20 255 186 119
10 6 21 255 186 119
10 6 22 255 186 119
10 6 23 158 216 229
10 6 24 158 216 229
10 6 25 158 216 229
10 7 0 30 119 181
10 7 1 30 119 181
10 7 2 30 119 181
10 7 3 30 119 181
10 7 16 30 119 181
10 7 17 196 175 214
10 7 18 196 175 214
10 7 19 196 175 214
10 7 20 196 175 214
10 7 22 158 216 229
10 7 23 158 216 229
10 7 24 158 216 229
10 7 25 158 216 229
10 8 0 30 119 181
10 8 1 30 119 181
10 8 2 30 119 181
10 8 3 30 119 181
10 8 4 30 119 181
10 8 5 30 119 181
10 8 6 30 119 181
10 8 7 30 119 181
10 8 8 30 119 181
10 8 9 30 119 181
10 8 10 30 119 181
10 8 11 30 119 181
10 8 12 30 119 181
10 8 13 30 119 181
10 8 14 30 119 181
10 8 15 30 119 181
10 8 16 30 119 181
10 8 17 30 119 181
10 8 18 196 175 214
10 8 19 196 175 214
10 8 20 196 175 214
10 8 22 158 216 229
10 8 23 158 216 229
10 8 24 158 216 229
10 8 25 158 216 229
10 9 0 30 119 181
10 9 1 30 119 181
10 9 2 30 119 181
10 9 3 30 119 181
10 9 4 30 119 181
10 9 5 30 119 181
10 9 6 30 119 181
10 9 7 30 119 181
10 9 8 30 119 181
10 9 9 30 119 181
10 9 10 30 119 181
10 9 11 30 119 181
10 9 12 30 119 181
10 9 13 30 119 181
10 9 14 30 119 181
10 9 15 30 119 181
10 9 16 30 119 181
10 9 17 196 175 214
10 9 18 196 175 214
10 9 19 196 175 214
10 9 20 196 175 214
10 9 23 158 216 229
10 9 24 158 216 229
10 9 25 158 216 229
10 10 12 196 175 214
10 10 13 196 175 214
10 10 14 196 175 214
10 10 15 196 175 214
10 10 16 196 175 214
10 10 17 158 216 229
10 10 18 158 216 229
10 10 23 158 216 229
10 10 24 158 216 229
10 10 25 158 216 229
10 10 26 158 216 229
10 11 12 196 175 214
10 11 13 196 175 214
10 11 14 196 175 214
10 11 15 196 175 214
10 11 16 196 175 214
10 11 17 196 175 214
10 11 18 158 216 229
10 11 23 158 216 229
10 11 24 158 216 229
10 11 25 158 216 229
10 11 26 158 216 229
10 12 13 196 175 214
10 12 14 196 175 214
10 12 15 196 175 214
10 12 16 196 175 214
10 12 17 196 175 214
10 12 18 158 216 229
10 12 23 158 216 229
10 12 24 158 216 229
10 12 25 158 216 229
10 12 26 158 216 229
10 13 13 196 175 214
10 13 14 196 175 214
10 13 15 196 175 214
10 13 16 196 175 214
10 13 17 196 175 214
10 13 18 158 216 229
10 13 21 114 158 206
10 13 22 114 158 206
10 13 23 114 158 206
10 13 24 114 158 206
10 13 25 114 158 206
10 13 26 114 158 206
10 13 27 114 158 206
10 14 17 158 216 229
10 14 18 158 216 229
10 14 22 114 158 206
10 14 23 114 158 206
10 14 24 114 158 206
10 14 25 114 158 206
10 14 26 114 158 206
10 14 27 114 158 206
10 15 17 158 216 229
10 15 18 158 216 229
10 15 22 114 158 206
10 15 23 114 158 206
10 15 24 114 158 206
10 15 25 114 158 206
10 15 26 114 158 206
10 15 27 114 158 206
10 16 17 158 216 229
10 16 18 158 216 229
10 16 22 114 158 206
10 16 23 114 158 206
10 16 24 114 158 206
10 16 25 114 158 206
10 16 26 114 158 206
10 16 27 114 158 206
10 17 17 158 216 229
10 17 18 158 216 229
10 17 22 114 158 206
10 17 23 114 158 206
10 17 24 114 158 206
10 17 25 114 158 206
10 17 26 114 158 206
10 17 27 114 158 206
10 18 17 158 216 229
10 18 18 158 216 229
10 18 22 114 158 206
10 18 23 114 158 206
10 18 24 114 158 206
10 18 25 114 158 206
10 18 26 114 158 206
10 18 27 114 158 206
10 19 17 158 216 229
10 19 18 158 216 229
10 19 22 114 158 206
10 19 23 114 158 206
10 19 24 114 158 206
10 19 25 114 158 206
10 19 26 114 158 206
10 19 27 114 158 206
10 20 17 158 216 229
10 20 18 158 216 229
10 20 22 114 158 206
10 20 23 114 158 206
10 20 24 114 158 206
10 20 25 114 158 206
10 20 26 114 158 206
10 20 27 114 158 206
10 20 28 114 158 206
10 21 17 158 216 229
10 21 18 158 216 229
10 21 22 114 158 206
10 21 23 114 158 206
10 21 24 114 158 206
10 21 25 114 158 206
10 21 26 114 158 206
10 21 27 114 158 206
10 21 28 114 158 206
10 22 17 158 216 229
10 22 18 158 216 229
10 22 22 114 158 206
10 22 23 114 158 206
10 22 24 114 158 206
10 22 25 114 158 206
10 22 26 114 158 206
10 22 27 114 158 206
10 22 28 114 158 206
10 23 17 158 216 229
10 23 18 158 216 229
10 23 22 114 158 206
10 23 23 114 158 206
10 23 24 114 158 206
10 23 25 114 158 206
10 23 26 114 158 206
10 23 27 114 158 206
10 23 28 114 158 206
10 24 17 158 216 229
10 24 18 158 216 229
10 24 22 114 158 206
10 24 23 114 158 206
10 24 24 114 158 206
10 24 25 114 158 206
10 24 26 114 158 206
10 24 27 114 158 206
10 24 28 114 158 206
10 25 17 158 216 229
10 25 18 158 216 229
10 25 22 114 158 206
10 25 23 114 158 206
10 25 24 114 158 206
10 25 25 114 158 206
10 25 26 114 158 206
10 25 27 114 158 206
10 25 28 114 158 206
10 26 17 158 216 229
10 26 18 158 216 229
10 26 22 114 158 206
10 26 23 114 158 206
10 26 24 114 158 206
10 26 25 114 158 206
10 26 26 114 158 206
10 26 27 114 158 206
10 26 28 114 158 206
10 27 17 158 216 229
10 27 18 158 216 229
10 27 22 114 158 206
10 27 23 114 158 206
10 27 24 114 158 206
10 27 25 114 158 206
10 27 26 114 158 206
10 27 27 114 158 206
10 27 28 114 158 206
10 28 18 158 216 229
10 28 22 114 158 206
10 28 23 114 158 206
10 28 24 114 158 206
10 28 25 114 158 206
10 28 26 114 158 206
10 28 27 114 158 206
10 28 28 114 158 206
10 29 18 158 216 229
10 29 23 114 158 206
10 29 24 114 158 206
10 29 25 158 216 229
10 29 26 158 216 229
10 29 27 114 158 206
10 30 18 158 216 229
10 30 24 158 216 229
10 30 25 158 216 229
10 30 26 158 216 229
10 30 27 158 216 229
10 31 18 158 216 229
10 31 24 158 216 229
10 31 25 158 216 229
10 31 26 158 216 229
10 31 27 158 216 229
10 32 18 158 216 229
10 32 24 158 216 229
10 32 25 158 216 229
10 32 26 158 216 229
10 32 27 158 216 229
10 33 0 214 38 40
10 33 1 214 38 40
10 33 2 214 38 40
10 33 3 214 38 40
10 33 4 214 38 40
10 33 5 214 38 40
10 33 6 214 38 40
10 33 7 214 38 40
10 33 8 214 38 40
10 33 9 214 38 40
10 33 10 214 38 40
10 33 11 214 38 40
10 33 12 214 38 40
10 33 13 214 38 40
10 33 14 214 38 40
10 33 15 214 38 40
10 33 16 214 38 40
10 33 17 214 38 40
10 33 18 214 38 40
10 33 19 214 38 40
10 33 20 214 38 40
10 33 21 214 38 40
10 33 22 214 38 40
10 33 23 214 38 40
10 33 24 214 38 40
10 33 25 214 38 40
10 33 26 214 38 40
11 0 0 196 175 214
11 0 1 196 175 214
11 0 2 43 160 4
11 0 3 43 160 4
11 0 4 43 160 4
11 0 5 204 204 91
11 0 6 204 204 91
11 0 7 204 204 91
11 0 8 204 204 91
11 0 9 204 204 91
11 0 10 204 204 91
11 0 11 204 204 91
11 0 12 43 160 4
11 0 13 43 160 4
11 0 14 43 160 4
11 0 15 43 160 4
11 0 16 30 119 181
11 0 17 255 186 119
11 0 18 255 186 119
11 0 19 255 186 119
11 0 20 255 186 119
11 0 21 255 186 119
11 0 22 255 186 119
11 0 23 255 186 119
11 0 24 255 186 119
11 0 25 158 216 229
11 0 26 158 216 229
11 0 27 158 216 229
11 1 0 196 175 214
11 1 1 196 175 214
11 1 2 196 175 214
11 1 4 204 204 91
11 1 5 204 204 91
11 1 6 204 204 91
11 1 7 204 204 91
11 1 8 204 204 91
11 1 9 204 204 91
11 1 10 204 204 91
11 1 11 204 204 91
11 1 15 30 119 181
11 1 16 30 119 181
11 1 17 255 186 119
11 1 18 255 186 119
11 1 19 255 186 119
11 1 20 255 186 119
11 1 21 255 186 119
11 1 22 255 186 119
11 1 23 255 186 119
11 1 24 255 186 119
11 1 25 158 216 229
11 1 26 158 216 229
11 1 27 158 216 229
11 2 0 196 175 214
11 2 1 196 175 214
11 2 2 196 175 214
11 2 15 30 119 181
11 2 16 30 119 181
11 2 17 255 186 119
11 2 18 255 186 119
11 2 19 255 186 119
11 2 20 255 186 119
11 2 21 255 186 119
11 2 22 255 186 119
11 2 23 255 186 119
11 2 24 255 186 119
11 2 25 158 216 229
11 2 26 158 216 229
11 2 27 158 216 229
11 2 28 158 216 229
11 3 0 196 175 214
11 3 1 196 175 214
11 3 2 196 175 214
11 3 15 30 119 181
11 3 16 30 119 181
11 3 17 255 186 119
11 3 18 255 186 119
11 3 19 255 186 119
11 3 20 255 186 119
11 3 21 255 186 119
11 3 22 255 186 119
11 3 23 255 186 119
11 3 24 255 186 119
11 3 25 158 216 229
11 3 26 158 216 229
11 3 27 158 216 229
11 3 28 158 216 229
11 4 0 196 175 214
11 4 1 196 175 214
11 4 2 196 175 214
11 4 4 204 204 91
11 4 5 204 204 91
11 4 6 204 204 91
11 4 7 204 204 91
11 4 8 204 204 91
11 4 9 204 204 91
11 4 10 204 204 91
11 4 15 30 119 181
11 4 16 30 119 181
11 4 17 255 186 119
11 4 18 255 186 119
11 4 19 255 186 119
11 4 20 255 186 119
11 4 21 255 186 119
11 4 22 255 186 119
11 4 23 255 186 119
11 4 24 255 186 119
11 4 25 158 216 229
11 4 26 158 216 229
11 4 27 158 216 229
11 4 28 158 216 229
11 5 0 196 175 214
11 5 1 196 175 214
11 5 2 196 175 214
11 5 4 204 204 91
11 5 5 204 204 91
11 5 6 204 204 91
11 5 7 204 204 91
11 5 8 204 204 91
11 5 9 204 204 91
11 5 10 204 204 91
11 5 15 30 119 181
11 5 16 30 119 181
11 5 17 255 186 119
11 5 18 255 186 119
11 5 19 255 186 119
11 5 20 255 186 119
11 5 21 255 186 119
11 5 22 255 186 119
11 5 23 255 186 119
11 5 24 255 186 119
11 5 25 158 216 229
11 5 26 158 216 229
11 5 27 158 216 229
11 5 28 158 216 229
11 6 0 196 175 214
11 6 1 196 175 214
11 6 2 196 175 214
11 6 15 30 119 181
11 6 16 30 119 181
11 6 17 255 186 119
11 6 18 255 186 119
11 6 19 255 186 119
11 6 20 255 186 119
11 6 21 255 186 119
11 6 22 255 186 119
11 6 23 255 186 119
11 6 24 255 186 119
11 6 25 158 216 229
11 6 26 158 216 229
11 6 27 158 216 229
11 6 28 158 216 229
11 7 0 30 119 181
11 7 1 30 119 181
11 7 2 30 119 181
11 7 15 30 119 181
11 7 16 30 119 181
11 7 17 196 175 214
11 7 18 196 175 214
11 7 19 196 175 214
11 7 20 196 175 214
11 7 22 196 175 214
11 7 23 196 175 214
11 7 24 196 175 214
11 7 25 158 216 229
11 7 26 158 216 229
11 7 27 158 216 229
11 7 28 158 216 229
11 8 0 30 119 181
11 8 1 30 119 181
11 8 2 30 119 181
11 8 3 30 119 181
11 8 4 30 119 181
11 8 5 30 119 181
11 8 6 30 119 181
11 8 7 30 119 181
11 8 8 30 119 181
11 8 9 30 119 181
11 8 10 30 119 181
11 8 11 30 119 181
11 8 12 30 119 181
11 8 13 30 119 181
11 8 14 30 119 181
11 8 15 30 119 181
11 8 16 30 119 181
11 8 17 196 175 214
11 8 18 196 175 214
11 8 19 196 175 214
11 8 20 196 175 214
11 8 22 196 175 214
11 8 23 196 175 214
11 8 24 196 175 214
11 8 25 158 216 229
11 8 26 158 216 229
11 8 27 158 216 229
11 8 28 158 216 229
11 9 0 30 119 181
11 9 1 30 119 181
11 9 2 30 119 181
11 9 3 30 119 181
11 9 4 30 119 181
11 9 5 30 119 181
11 9 6 30 119 181
11 9 7 30 119 181
11 9 8 30 119 181
11 9 9 30 119 181
11 9 10 30 119 181
11 9 11 30 119 181
11 9 12 30 119 181
11 9 13 30 119 181
11 9 14 30 119 181
11 9 15 30 119 181
11 9 16 30 119 181
11 9 17 196 175 214
11 9 18 196 175 214
11 9 19 196 175 214
11 9 20 196 175 214
11 9 25 158 216 229
11 9 26 158 216 229
11 9 27 158 216 229
11 9 28 158 216 229
11 10 13 196 175 214
11 10 14 196 175 214
11 10 15 196 175 214
11 10 16 196 175 214
11 10 17 196 175 214
11 10 25 158 216 229
11 10 26 158 216 229
11 10 27 158 216 229
11 10 28 158 216 229
11 11 13 196 175 214
11 11 14 196 175 214
11 11 15 196 175 214
11 11 16 196 175 214
11 11 17 196 175 214
11 11 25 158 216 229
11 11 26 158 216 229
11 11 27 158 216 229
11 11 28 158 216 229
11 12 13 196 175 214
11 12 14 196 175 214
11 12 15 196 175 214
11 12 16 196 175 214
11 12 17 196 175 214
11 12 25 158 216 229
11 12 26 158 216 229
11 12 27 158 216 229
11 12 28 158 216 229
11 12 29 114 158 206
11 13 14 196 175 214
11 13 15 196 175 214
11 13 16 196 175 214
11 13 17 196 175 214
11 13 24 114 158 206
11 13 25 114 158 206
11 13 26 114 158 206
11 13 27 114 158 206
11 13 28 114 158 206
11 13 29 114 158 206
11 13 30 114 158 206
11 14 24 114 158 206
11 14 25 114 158 206
11 14 26 114 158 206
11 14 27 114 158 206
11 14 28 114 158 206
11 14 29 114 158 206
11 14 30 114 158 206
11 15 24 114 158 206
11 15 25 114 158 206
11 15 26 114 158 206
11 15 27 114 158 206
11 15 28 114 158 206
11 15 29 114 158 206
11 15 30 114 158 206
11 16 24 114 158 206
11 16 25 114 158 206
11 16 26 114 158 206
11 16 27 114 158 206
11 16 28 114 158 206
11 16 29 114 158 206
11 16 30 114 158 206
11 17 24 114 158 206
11 17 25 114 158 206
11 17 26 114 158 206
11 17 27 114 158 206
11 17 28 114 158 206
11 17 29 114 158 206
11 17 30 114 158 206
11 18 24 114 158 206
11 18 25 114 158 206
11 18 26 114 158 206
11 18 27 114 158 206
11 18 28 114 158 206
11 18 29 114 158 206
11 18 30 114 158 206
11 19 24 114 158 206
11 19 25 114 158 206
11 19 26 114 158 206
11 19 27 114 158 206
11 19 28 114 158 206
11 19 29 114 158 206
11 19 30 114 158 206
11 20 24 114 158 206
11 20 25 114 158 206
11 20 26 114 158 206
11 20 27 114 158 206
11 20 28 114 158 206
11 20 29 114 158 206
11 20 30 114 158 206
11 21 25 114 158 206
11 21 26 114 158 206
11 21 27 114 158 206
11 21 28 114 158 206
11 21 29 114 158 206
11 21 30 114 158 206
11 22 25 114 158 206
11 22 26 114 158 206
11 22 27 114 158 206
11 22 28 114 158 206
11 22 29 114 158 206
11 22 30 114 158 206
11 23 25 114 158 206
11 23 26 114 158 206
11 23 27 114 158 206
11 23 28 114 158 206
11 23 29 114 158 206
11 23 30 114 158 206
11 24 25 114 158 206
11 24 26 114 158 206
11 24 27 114 158 206
11 24 28 114 158 206
11 24 29 114 158 206
11 24 30 114 158 206
11 25 25 114 158 206
11 25 26 114 158 206
11 25 27 114 158 206
11 25 28 114 158 206
11 25 29 114 158 206
11 25 30 114 158 206
11 26 25 114 158 206
11 26 26 114 158 206
11 26 27 114 158 206
11 26 28 114 158 206
11 26 29 114 158 206
11 26 30 114 158 206
11 27 25 114 158 206
11 27 26 114 158 206
11 27 27 114 158 206
11 27 28 114 158 206
11 27 29 114 158 206
11 27 30 114 158 206
11 27 31 114 158 206
11 28 25 114 158 206
11 28 26 114 158 206
11 28 27 114 158 206
11 28 28 114 158 206
11 28 29 114 158 206
11 28 30 114 158 206
11 28 31 114 158 206
11 29 26 114 158 206
11 29 27 158 216 229
11 29 28 158 216 229
11 29 29 158 216 229
11 30 26 158 216 229
11 30 27 158 216 229
11 30 28 158 216 229
11 30 29 158 216 229
11 31 27 158 216 229
11 31 28 158 216 229
11 31 29 158 216 229
11 32 26 214 38 40
11 32 27 158 216 229
11 32 28 158 216 229
11 32 29 158 216 229
11 32 30 158 216 229
11 33 0 214 38 40
11 33 1 214 38 40
11 33 2 214 38 40
11 33 3 214 38 40
11 33 4 214 38 40
11 33 5 214 38 40
11 33 6 214 38 40
11 33 7 214 38 40
11 33 8 214 38 40
11 33 9 214 38 40
11 33 10 214 38 40
11 33 11 214 38 40
11 33 12 214 38 40
11 33 13 214 38 40
11 33 14 214 38 40
11 33 15 214 38 40
11 33 16 214 38 40
11 33 17 214 38 40
11 33 18 214 38 40
11 33 19 214 38 40
11 33 20 214 38 40
11 33 21 214 38 40
11 33 22 214 38 40
11 33 23 214 38 40
11 33 24 214 38 40
11 33 25 214 38 40
11 33 26 214 38 40
11 33 27 214 38 40
11 33 28 214 38 40
11 34 0 214 38 40
12 0 0 196 175 214
12 0 1 196 175 214
12 0 2 43 160 4
12 0 3 43 160 4
12 0 4 204 204 91
12 0 5 204 204 91
12 0 6 204 204 91
12 0 7 204 204 91
12 0 8 204 204 91
12 0 9 204 204 91
12 0 10 204 204 91
12 0 11 204 204 91
12 0 12 43 160 4
12 0 13 43 160 4
12 0 14 43 160 4
12 0 15 30 119 181
12 0 16 30 119 181
12 0 17 255 186 119
12 0 18 255 186 119
12 0 19 255 186 119
12 0 20 255 186 119
12 0 21 255 186 119
12 0 22 255 186 119
12 0 23 255 186 119
12 0 24 255 186 119
12 0 25 255 186 119
12 0 26 255 186 119
12 0 27 158 216 229
12 0 28 158 216 229
12 0 29 158 216 229
12 0 30 158 216 229
12 1 0 196 175 214
12 1 1 196 175 214
12 1 2 196 175 214
12 1 4 204 204 91
12 1 5 204 204 91
12 1 6 204 204 91
12 1 7 204 204 91
12 1 8 204 204 91
12 1 9 204 204 91
12 1 10 204 204 91
12 1 11 204 204 91
12 1 15 30 119 181
12 1 16 30 119 181
12 1 17 255 186 119
12 1 18 255 186 119
12 1 19 255 186 119
12 1 20 255 186 119
12 1 21 255 186 119
12 1 22 255 186 119
12 1 23 255 186 119
12 1 24 255 186 119
12 1 25 255 186 119
12 1 26 255 186 119
12 1 27 158 216 229
12 1 28 158 216 229
12 1 29 158 216 229
12 1 30 158 216 229
12 2 0 196 175 214
12 2 1 196 175 214
12 2 2 196 175 214
12 2 6 204 204 91
12 2 7 204 204 91
12 2 15 30 119 181
12 2 16 30 119 181
12 2 17 255 186 119
12 2 18 255 186 119
12 2 19 255 186 119
12 2 20 255 186 119
12 2 21 255 186 119
12 2 22 255 186 119
12 2 23 255 186 119
12 2 24 255 186 119
12 2 25 255 186 119
12 2 26 255 186 119
12 2 27 255 186 119
12 2 28 158 216 229
12 2 29 158 216 229
12 2 30 158 216 229
12 3 0 196 175 214
12 3 1 196 175 214
12 3 2 196 175 214
12 3 6 204 204 91
12 3 7 204 204 91
12 3 15 30 119 181
12 3 16 30 119 181
12 3 17 255 186 119
12 3 18 255 186 119
12 3 19 255 186 119
12 3 20 255 186 119
12 3 21 255 186 119
12 3 22 255 186 119
12 3 23 255 186 119
12 3 24 255 186 119
12 3 25 255 186 119
12 3 26 255 186 119
12 3 27 255 186 119
12 3 28 158 216 229
12 3 29 158 216 229
12 3 30 158 216 229
12 4 0 196 175 214
12 4 1 196 175 214
12 4 2 196 175 214
12 4 4 204 204 91
12 4 5 204 204 91
12 4 6 204 204 91
12 4 7 204 204 91
12 4 8 204 204 91
12 4 9 204 204 91
12 4 10 204 204 91
12 4 11 204 204 91
12 4 15 30 119 181
12 4 16 30 119 181
12 4 17 255 186 119
12 4 18 255 186 119
12 4 19 255 186 119
12 4 20 255 186 119
12 4 21 255 186 119
12 4 22 255 186 119
12 4 23 255 186 119
12 4 24 255 186 119
12 4 25 255 186 119
12 4 26 255 186 119
12 4 27 255 186 119
12 4 28 158 216 229
12 4 29 158 216 229
12 4 30 158 216 229
12 5 0 196 175 214
12 5 1 196 175 214
12 5 2 196 175 214
12 5 4 204 204 91
12 5 5 204 204 91
12 5 6 204 204 91
12 5 7 204 204 91
12 5 8 204 204 91
12 5 9 204 204 91
12 5 10 204 204 91
12 5 11 204 204 91
12 5 15 30 119 181
12 5 16 30 119 181
12 5 17 255 186 119
12 5 18 255 186 119
12 5 19 255 186 119
12 5 20 255 186 119
12 5 21 255 186 119
12 5 22 255 186 119
12 5 23 255 186 119
12 5 24 255 186 119
12 5 25 255 186 119
12 5 26 255 186 119
12 5 27 255 186 119
12 5 28 158 216 229
12 5 29 158 216 229
12 5 30 158 216 229
12 6 0 196 175 214
12 6 1 196 175 214
12 6 2 196 175 214
12 6 15 30 119 181
12 6 16 30 119 181
12 6 17 255 186 119
12 6 18 255 186 119
12 6 19 255 186 119
12 6 20 255 186 119
12 6 21 255 186 119
12 6 22 255 186 119
12 6 23 255 186 119
12 6 24 255 186 119
12 6 25 255 186 119
12 6 26 255 186 119
12 6 27 255 186 119
12 6 28 158 216 229
12 6 29 158 216 229
12 6 30 158 216 229
12 7 0 30 119 181
12 7 1 30 119 181
12 7 2 30 119 181
12 7 15 30 119 181
12 7 16 30 119 181
12 7 17 196 175 214
12 7 18 196 175 214
12 7 19 196 175 214
12 7 21 196 175 214
12 7 22 196 175 214
12 7 23 196 175 214
12 7 24 196 175 214
12 7 25 196 175 214
12 7 26 196 175 214
12 7 27 158 216 229
12 7 28 158 216 229
12 7 29 158 216 229
12 7 30 158 216 229
12 8 0 30 119 181
12 8 1 30 119 181
12 8 2 30 119 181
12 8 3 30 119 181
12 8 4 30 119 181
12 8 5 30 119 181
12 8 6 30 119 181
12 8 7 30 119 181
12 8 8 30 119 181
12 8 9 30 119 181
12 8 10 30 119 181
12 8 11 30 119 181
12 8 12 30 119 181
12 8 13 30 119 181
12 8 14 30 119 181
12 8 15 30 119 181
12 8 16 30 119 181
12 8 17 196 175 214
12 8 18 196 175 214
12 8 19 196 175 214
12 8 21 196 175 214
12 8 22 196 175 214
12 8 23 196 175 214
12 8 24 196 175 214
12 8 25 196 175 214
12 8 26 196 175 214
12 8 27 158 216 229
12 8 28 158 216 229
12 8 29 158 216 229
12 8 30 158 216 229
12 9 0 30 119 181
12 9 1 30 119 181
12 9 2 30 119 181
12 9 3 30 119 181
12 9 4 30 119 181
12 9 5 30 119 181
12 9 6 30 119 181
12 9 7 30 119 181
12 9 8 30 119 181
12 9 9 30 119 181
12 9 10 30 119 181
12 9 11 30 119 181
12 9 12 30 119 181
12 9 13 30 119 181
12 9 14 30 119 181
12 9 15 30 119 181
12 9 16 30 119 181
12 9 17 196 175 214
12 9 18 196 175 214
12 9 19 196 175 214
12 9 24 196 175 214
12 9 25 196 175 214
12 9 26 196 175 214
12 9 28 158 216 229
12 9 29 158 216 229
12 9 30 158 216 229
12 9 31 158 216 229
12 10 12 196 175 214
12 10 13 196 175 214
12 10 14 196 175 214
12 10 16 196 175 214
12 10 17 196 175 214
12 10 28 158 216 229
12 10 29 158 216 229
12 10 30 158 216 229
12 10 31 158 216 229
12 11 12 196 175 214
12 11 13 196 175 214
12 11 14 196 175 214
12 11 16 196 175 214
12 11 17 196 175 214
12 11 28 158 216 229
12 11 29 158 216 229
12 11 30 158 216 229
12 11 31 158 216 229
12 12 12 196 175 214
12 12 13 196 175 214
12 12 14 196 175 214
12 12 16 196 175 214
12 12 17 196 175 214
12 12 28 158 216 229
12 12 29 158 216 229
12 12 30 158 216 229
12 12 31 114 158 206
12 13 26 114 158 206
12 13 27 114 158 206
12 13 28 114 158 206
12 13 29 114 158 206
12 13 30 114 158 206
12 13 31 114 158 206
12 14 27 114 158 206
12 14 28 114 158 206
12 14 29 114 158 206
12 14 30 114 158 206
12 14 31 114 158 206
12 15 27 114 158 206
12 15 28 114 158 206
12 15 29 114 158 206
12 15 30 114 158 206
12 15 31 114 158 206
12 16 27 114 158 206
12 16 28 114 158 206
12 16 29 114 158 206
12 16 30 114 158 206
12 16 31 114 158 206
12 17 27 114 158 206
12 17 28 114 158 206
12 17 29 114 158 206
12 17 30 114 158 206
12 17 31 114 158 206
12 18 27 114 158 206
12 18 28 114 158 206
12 18 29 114 158 206
12 18 30 114 158 206
12 18 31 114 158 206
12 19 27 114 158 206
12 19 28 114 158 206
12 19 29 114 158 206
12 19 30 114 158 206
12 19 31 114 158 206
12 20 27 114 158 206
12 20 28 114 158 206
12 20 29 114 158 206
12 20 30 114 158 206
12 20 31 114 158 206
12 21 27 114 158 206
12 21 28 114 158 206
12 21 29 114 158 206
12 21 30 114 158 206
12 21 31 114 158 206
12 22 27 114 158 206
12 22 28 114 158 206
12 22 29 114 158 206
12 22 30 114 158 206
12 22 31 114 158 206
12 23 27 114 158 206
12 23 28 114 158 206
12 23 29 114 158 206
12 23 30 114 158 206
12 23 31 114 158 206
12 23 32 114 158 206
12 24 27 114 158 206
12 24 28 114 158 206
12 24 29 114 158 206
12 24 30 114 158 206
12 24 31 114 158 206
12 24 32 158 216 229
12 25 27 114 158 206
12 25 28 114 158 206
12 25 29 114 158 206
12 25 30 114 158 206
12 25 31 114 158 206
12 25 32 114 158 206
12 26 27 114 158 206
12 26 28 114 158 206
12 26 29 114 158 206
12 26 30 114 158 206
12 26 31 114 158 206
12 26 32 114 158 206
12 27 27 114 158 206
12 27 28 114 158 206
12 27 29 114 158 206
12 27 30 114 158 206
12 27 31 114 158 206
12 27 32 114 158 206
12 28 27 114 158 206
12 28 28 114 158 206
12 28 29 114 158 206
12 28 30 114 158 206
12 28 31 114 158 206
12 28 32 158 216 229
12 29 28 114 158 206
12 29 29 158 216 229
12 29 30 158 216 229
12 29 31 158 216 229
12 29 32 158 216 229
12 30 29 158 216 229
12 30 30 158 216 229
12 30 31 158 216 229
12 30 32 158 216 229
12 31 29 158 216 229
12 31 30 158 216 229
12 31 31 158 216 229
12 31 32 158 216 229
12 32 26 214 38 40
12 32 27 214 38 40
12 32 28 214 38 40
12 32 29 214 38 40
12 32 30 158 216 229
12 32 31 158 216 229
12 32 32 158 216 229
12 33 0 214 38 40
12 33 1 214 38 40
12 33 2 214 38 40
12 33 3 214 38 40
12 33 4 214 38 40
12 33 5 214 38 40
12 33 6 214 38 40
12 33 7 214 38 40
12 33 8 214 38 40
12 33 9 214 38 40
12 33 10 214 38 40
12 33 11 214 38 40
12 33 12 214 38 40
12 33 13 214 38 40
12 33 14 214 38 40
12 33 15 214 38 40
12 33 16 214 38 40
12 33 17 214 38 40
12 33 18 214 38 40
12 33 19 214 38 40
12 33 20 214 38 40
12 33 21 214 38 40
12 33 22 214 38 40
12 33 23 214 38 40
12 33 24 214 38 40
12 33 25 214 38 40
12 33 26 214 38 40
12 33 27 214 38 40
12 33 28 214 38 40
12 33 29 214 38 40
12 33 30 214 38 40
12 33 31 214 38 40
12 34 0 214 38 40
13 0 0 196 175 214
13 0 1 43 160 4
13 0 2 43 160 4
13 0 3 43 160 4
13 0 4 204 204 91
13 0 5 204 204 91
13 0 6 204 204 91
13 0 7 204 204 91
13 0 8 204 204 91
13 0 9 204 204 91
13 0 10 204 204 91
13 0 11 43 160 4
13 0 12 43 160 4
13 0 13 43 160 4
13 0 14 43 160 4
13 0 15 30 119 181
13 0 16 255 186 119
13 0 17 255 186 119
13 0 18 255 186 119
13 0 19 255 186 119
13 0 20 255 186 119
13 0 21 255 186 119
13 0 22 255 186 119
13 0 23 255 186 119
13 0 24 255 186 119
13 0 25 255 186 119
13 0 26 255 186 119
13 0 27 255 186 119
13 0 28 255 186 119
13 0 29 255 186 119
13 0 30 158 216 229
13 0 31 158 216 229
13 0 32 158 216 229
13 1 0 196 175 214
13 1 1 196 175 214
13 1 3 204 204 91
13 1 4 204 204 91
13 1 5 204 204 91
13 1 6 204 204 91
13 1 7 204 204 91
13 1 8 204 204 91
13 1 9 204 204 91
13 1 10 204 204 91
13 1 11 204 204 91
13 1 15 30 119 181
13 1 16 255 186 119
13 1 17 255 186 119
13 1 18 255 186 119
13 1 19 255 186 119
13 1 20 255 186 119
13 1 21 255 186 119
13 1 22 255 186 119
13 1 23 255 186 119
13 1 24 255 186 119
13 1 25 255 186 119
13 1 26 255 186 119
13 1 27 255 186 119
13 1 28 255 186 119
13 1 29 255 186 119
13 1 30 158 216 229
13 1 31 158 216 229
13 1 32 158 216 229
13 2 0 196 175 214
13 2 1 196 175 214
13 2 6 204 204 91
13 2 7 204 204 91
13 2 15 30 119 181
13 2 16 255 186 119
13 2 17 255 186 119
13 2 18 255 186 119
13 2 19 255 186 119
13 2 20 255 186 119
13 2 21 255 186 119
13 2 22 255 186 119
13 2 23 255 186 119
13 2 24 255 186 119
13 2 25 255 186 119
13 2 26 255 186 119
13 2 27 255 186 119
13 2 28 255 186 119
13 2 29 255 186 119
13 2 30 158 216 229
13 2 31 158 216 229
13 2 32 158 216 229
13 2 33 158 216 229
13 3 0 196 175 214
13 3 1 196 175 214
13 3 6 204 204 91
13 3 7 204 204 91
13 3 15 30 119 181
13 3 16 255 186 119
13 3 17 255 186 119
13 3 18 255 186 119
13 3 19 255 186 119
13 3 20 255 186 119
13 3 21 255 186 119
13 3 22 255 186 119
13 3 23 255 186 119
13 3 24 255 186 119
13 3 25 255 186 119
13 3 26 255 186 119
13 3 27 255 186 119
13 3 28 255 186 119
13 3 29 255 186 119
13 3 30 158 216 229
13 3 31 158 216 229
13 3 32 158 216 229
13 3 33 158 216 229
13 4 0 196 175 214
13 4 1 196 175 214
13 4 3 204 204 91
13 4 4 204 204 91
13 4 5 204 204 91
13 4 6 204 204 91
13 4 7 204 204 91
13 4 8 204 204 91
13 4 9 204 204 91
13 4 10 204 204 91
13 4 11 204 204 91
13 4 15 30 119 181
13 4 16 255 186 119
13 4 17 255 186 119
13 4 18 255 186 119
13 4 19 255 186 119
13 4 20 255 186 119
13 4 21 255 186 119
13 4 22 255 186 119
13 4 23 255 186 119
13 4 24 255 186 119
13 4 25 255 186 119
13 4 26 255 186 119
13 4 27 255 186 119
13 4 28 255 186 119
13 4 29 255 186 119
13 4 30 158 216 229
13 4 31 158 216 229
13 4 32 158 216 229
13 4 33 158 216 229
13 5 0 196 175 214
13 5 1 196 175 214
13 5 3 204 204 91
13 5 4 204 204 91
13 5 5 204 204 91
13 5 6 204 204 91
13 5 7 204 204 91
13 5 8 204 204 91
13 5 9 204 204 91
13 5 10 204 204 91
13 5 11 204 204 91
13 5 15 30 119 181
13 5 16 255 186 119
13 5 17 255 186 119
13 5 18 255 186 119
13 5 19 255 186 119
13 5 20 255 186 119
13 5 21 255 186 119
13 5 22 255 186 119
13 5 23 255 186 119
13 5 24 255 186 119
13 5 25 255 186 119
13 5 26 255 186 119
13 5 27 255 186 119
13 5 28 255 186 119
13 5 29 255 186 119
13 5 30 158 216 229
13 5 31 158 216 229
13 5 32 158 216 229
13 5 33 158 216 229
13 6 0 196 175 214
13 6 1 196 175 214
13 6 15 30 119 181
13 6 16 255 186 119
13 6 17 255 186 119
13 6 18 255 186 119
13 6 19 255 186 119
13 6 20 255 186 119
13 6 21 255 186 119
13 6 22 255 186 119
13 6 23 255 186 119
13 6 24 255 186 119
13 6 25 255 186 119
13 6 26 255 186 119
13 6 27 255 186 119
13 6 28 255 186 119
13 6 29 255 186 119
13 6 30 158 216 229
13 6 31 158 216 229
13 6 32 158 216 229
13 6 33 158 216 229
13 7 0 30 119 181
13 7 1 30 119 181
13 7 2 30 119 181
13 7 15 30 119 181
13 7 16 30 119 181
13 7 17 196 175 214
13 7 18 196 175 214
13 7 19 196 175 214
13 7 21 196 175 214
13 7 22 196 175 214
13 7 23 196 175 214
13 7 24 196 175 214
13 7 25 196 175 214
13 7 26 196 175 214
13 7 27 196 175 214
13 7 28 196 175 214
13 7 29 196 175 214
13 7 30 158 216 229
13 7 31 158 216 229
13 7 32 158 216 229
13 7 33 158 216 229
13 8 0 30 119 181
13 8 1 30 119 181
13 8 2 30 119 181
13 8 3 30 119 181
13 8 4 30 119 181
13 8 5 30 119 181
13 8 6 30 119 181
13 8 7 30 119 181
13 8 8 30 119 181
13 8 9 30 119 181
13 8 10 30 119 181
13 8 11 30 119 181
13 8 12 30 119 181
13 8 13 30 119 181
13 8 14 30 119 181
13 8 15 30 119 181
13 8 16 30 119 181
13 8 17 196 175 214
13 8 18 196 175 214
13 8 19 196 175 214
13 8 21 196 175 214
13 8 22 196 175 214
13 8 23 196 175 214
13 8 24 196 175 214
13 8 25 196 175 214
13 8 26 196 175 214
13 8 27 196 175 214
13 8 28 196 175 214
13 8 29 196 175 214
13 8 30 158 216 229
13 8 31 158 216 229
13 8 32 158 216 229
13 8 33 158 216 229
13 9 2 30 119 181
13 9 3 30 119 181
13 9 4 30 119 181
13 9 5 30 119 181
13 9 6 30 119 181
13 9 7 30 119 181
13 9 8 30 119 181
13 9 9 30 119 181
13 9 10 30 119 181
13 9 11 30 119 181
13 9 12 30 119 181
13 9 13 30 119 181
13 9 14 30 119 181
13 9 15 30 119 181
13 9 16 30 119 181
13 9 17 196 175 214
13 9 18 196 175 214
13 9 19 196 175 214
13 9 24 196 175 214
13 9 25 196 175 214
13 9 26 196 175 214
13 9 27 196 175 214
13 9 28 196 175 214
13 9 30 158 216 229
13 9 31 158 216 229
13 9 32 158 216 229
13 9 33 158 216 229
13 10 12 196 175 214
13 10 13 196 175 214
13 10 14 196 175 214
13 10 30 158 216 229
13 10 31 158 216 229
13 10 32 158 216 229
13 10 33 158 216 229
13 11 12 196 175 214
13 11 13 196 175 214
13 11 14 196 175 214
13 11 30 158 216 229
13 11 31 158 216 229
13 11 32 158 216 229
13 11 33 158 216 229
13 12 12 196 175 214
13 12 13 196 175 214
13 12 14 196 175 214
13 12 30 114 158 206
13 12 31 158 216 229
13 12 32 158 216 229
13 12 33 158 216 229
13 13 29 114 158 206
13 13 30 114 158 206
13 13 31 114 158 206
13 13 32 158 216 229
13 13 33 158 216 229
13 14 29 114 158 206
13 14 30 114 158 206
13 14 31 114 158 206
13 14 32 158 216 229
13 14 33 158 216 229
13 15 29 114 158 206
13 15 30 114 158 206
13 15 31 114 158 206
13 15 32 158 216 229
13 15 33 158 216 229
13 16 29 114 158 206
13 16 30 114 158 206
13 16 31 114 158 206
13 16 32 158 216 229
13 16 33 158 216 229
13 17 29 114 158 206
13 17 30 114 158 206
13 17 31 114 158 206
13 17 32 158 216 229
13 17 33 158 216 229
13 17 34 158 216 229
13 18 29 114 158 206
13 18 30 114 158 206
13 18 31 114 158 206
13 18 32 158 216 229
13 18 33 158 216 229
13 18 34 158 216 229
13 19 29 114 158 206
13 19 30 114 158 206
13 19 31 114 158 206
13 19 32 158 216 229
13 19 33 158 216 229
13 19 34 158 216 229
13 20 29 114 158 206
13 20 30 114 158 206
13 20 31 114 158 206
13 20 32 158 216 229
13 20 33 158 216 229
13 20 34 158 216 229
13 21 30 114 158 206
13 21 31 114 158 206
13 21 32 158 216 229
13 21 33 158 216 229
13 21 34 158 216 229
13 22 30 114 158 206
13 22 31 114 158 206
13 22 32 158 216 229
13 22 33 158 216 229
13 22 34 158 216 229
13 23 30 114 158 206
13 23 31 114 158 206
13 23 32 158 216 229
13 23 33 158 216 229
13 23 34 158 216 229
13 24 30 114 158 206
13 24 31 114 158 206
13 24 32 158 216 229
13 24 33 158 216 229
13 24 34 158 216 229
13 25 30 114 158 206
13 25 31 114 158 206
13 25 32 158 216 229
13 25 33 158 216 229
13 25 34 158 216 229
13 26 30 114 158 206
13 26 31 114 158 206
13 26 32 158 216 229
13 26 33 158 216 229
13 26 34 158 216 229
13 27 30 114 158 206
13 27 31 114 158 206
13 27 32 158 216 229
13 27 33 158 216 229
13 27 34 158 216 229
13 28 30 114 158 206
13 28 31 114 158 206
13 28 32 158 216 229
13 28 33 158 216 229
13 28 34 158 216 229
13 29 31 158 216 229
13 29 32 158 216 229
13 29 33 158 216 229
13 29 34 158 216 229
13 30 31 158 216 229
13 30 32 158 216 229
13 30 33 158 216 229
13 30 34 158 216 229
13 31 32 158 216 229
13 31 33 158 216 229
13 31 34 158 216 229
13 32 27 214 38 40
13 32 28 214 38 40
13 32 29 214 38 40
13 32 30 214 38 40
13 32 31 214 38 40
13 32 32 158 216 229
13 32 33 158 216 229
13 32 34 158 216 229
13 32 35 158 216 229
13 33 0 214 38 40
13 33 1 214 38 40
13 33 2 214 38 40
13 33 3 214 38 40
13 33 4 214 38 40
13 33 5 214 38 40
13 33 6 214 38 40
13 33 7 214 38 40
13 33 8 214 38 40
13 33 9 214 38 40
13 33 10 214 38 40
13 33 11 214 38 40
13 33 12 214 38 40
13 33 13 214 38 40
13 33 14 214 38 40
13 33 15 214 38 40
13 33 16 214 38 40
13 33 17 214 38 40
13 33 18 214 38 40
13 33 19 214 38 40
13 33 20 214 38 40
13 33 21 214 38 40
13 33 22 214 38 40
13 33 23 214 38 40
13 33 24 214 38 40
13 33 25 214 38 40
13 33 26 214 38 40
13 33 27 214 38 40
13 33 28 214 38 40
13 33 29 214 38 40
13 33 30 214 38 40
13 33 31 214 38 40
13 33 32 214 38 40
13 33 33 214 38 40
13 34 0 214 38 40
13 34 1 214 38 40
14 0 0 196 175 214
14 0 1 43 160 4
14 0 2 43 160 4
14 0 3 43 160 4
14 0 4 204 204 91
14 0 5 204 204 91
14 0 6 204 204 91
14 0 7 204 204 91
14 0 8 204 204 91
14 0 9 204 204 91
14 0 10 204 204 91
14 0 11 43 160 4
14 0 12 43 160 4
14 0 13 43 160 4
14 0 14 43 160 4
14 0 15 30 119 181
14 0 16 255 186 119
14 0 17 255 186 119
14 0 18 255 186 119
14 0 19 255 186 119
14 0 20 255 186 119
14 0 21 255 186 119
14 0 22 255 186 119
14 0 23 255 186 119
14 0 24 255 186 119
14 0 25 255 186 119
14 0 26 255 186 119
14 0 27 255 186 119
14 0 28 255 186 119
14 0 29 255 186 119
14 0 30 255 186 119
14 0 31 255 186 119
14 0 32 158 216 229
14 0 33 158 216 229
14 0 34 158 216 229
14 1 0 196 175 214
14 1 1 196 175 214
14 1 3 204 204 91
14 1 4 204 204 91
14 1 5 204 204 91
14 1 6 204 204 91
14 1 7 204 204 91
14 1 8 204 204 91
14 1 9 204 204 91
14 1 10 204 204 91
14 1 14 30 119 181
14 1 15 30 119 181
14 1 16 255 186 119
14 1 17 255 186 119
14 1 18 255 186 119
14 1 19 255 186 119
14 1 20 255 186 119
14 1 21 255 186 119
14 1 22 255 186 119
14 1 23 255 186 119
14 1 24 255 186 119
14 1 25 255 186 119
14 1 26 255 186 119
14 1 27 255 186 119
14 1 28 255 186 119
14 1 29 255 186 119
14 1 30 255 186 119
14 1 31 255 186 119
14 1 32 158 216 229
14 1 33 158 216 229
14 1 34 158 216 229
14 2 0 196 175 214
14 2 1 196 175 214
14 2 14 30 119 181
14 2 15 30 119 181
14 2 16 255 186 119
14 2 17 255 186 119
14 2 18 255 186 119
14 2 19 255 186 119
14 2 20 255 186 119
14 2 21 255 186 119
14 2 22 255 186 119
14 2 23 255 186 119
14 2 24 255 186 119
14 2 25 255 186 119
14 2 26 255 186 119
14 2 27 255 186 119
14 2 28 255 186 119
14 2 29 255 186 119
14 2 30 255 186 119
14 2 31 255 186 119
14 2 32 158 216 229
14 2 33 158 216 229
14 2 34 158 216 229
14 3 0 196 175 214
14 3 1 196 175 214
14 3 14 30 119 181
14 3 15 30 119 181
14 3 16 255 186 119
14 3 17 255 186 119
14 3 18 255 186 119
14 3 19 255 186 119
14 3 20 255 186 119
14 3 21 255 186 119
14 3 22 255 186 119
14 3 23 255 186 119
14 3 24 255 186 119
14 3 25 255 186 119
14 3 26 255 186 119
14 3 27 255 186 119
14 3 28 255 186 119
14 3 29 255 186 119
14 3 30 255 186 119
14 3 31 255 186 119
14 3 32 255 186 119
14 3 33 158 216 229
14 3 34 158 216 229
14 4 0 196 175 214
14 4 1 196 175 214
14 4 3 204 204 91
14 4 4 204 204 91
14 4 5 204 204 91
14 4 6 204 204 91
14 4 7 204 204 91
14 4 8 204 204 91
14 4 9 204 204 91
14 4 10 204 204 91
14 4 14 30 119 181
14 4 15 30 119 181
14 4 16 255 186 119
14 4 17 255 186 119
14 4 18 255 186 119
14 4 19 255 186 119
14 4 20 255 186 119
14 4 21 255 186 119
14 4 22 255 186 119
14 4 23 255 186 119
14 4 24 255 186 119
14 4 25 255 186 119
14 4 26 255 186 119
14 4 27 255 186 119
14 4 28 255 186 119
14 4 29 255 186 119
14 4 30 255 186 119
14 4 31 255 186 119
14 4 32 255 186 119
14 4 33 158 216 229
14 4 34 158 216 229
14 5 0 196 175 214
14 5 1 196 175 214
14 5 3 204 204 91
14 5 4 204 204 91
14 5 5 204 204 91
14 5 6 204 204 91
14 5 7 204 204 91
14 5 8 204 204 91
14 5 9 204 204 91
14 5 10 204 204 91
14 5 14 30 119 181
14 5 15 30 119 181
14 5 16 255 186 119
14 5 17 255 186 119
14 5 18 255 186 119
14 5 19 255 186 119
14 5 20 255 186 119
14 5 21 255 186 119
14 5 22 255 186 119
14 5 23 255 186 119
14 5 24 255 186 119
14 5 25 255 186 119
14 5 26 255 186 119
14 5 27 255 186 119
14 5 28 255 186 119
14 5 29 255 186 119
14 5 30 255 186 119
14 5 31 255 186 119
14 5 32 255 186 119
14 5 33 158 216 229
14 5 34 158 216 229
14 6 0 196 175 214
14 6 1 196 175 214
14 6 3 204 204 91
14 6 4 204 204 91
14 6 5 204 204 91
14 6 14 30 119 181
14 6 15 30 119 181
14 6 16 255 186 119
14 6 17 255 186 119
14 6 18 255 186 119
14 6 19 255 186 119
14 6 20 255 186 119
14 6 21 255 186 119
14 6 22 255 186 119
14 6 23 255 186 119
14 6 24 255 186 119
14 6 25 255 186 119
14 6 26 255 186 119
14 6 27 255 186 119
14 6 28 255 186 119
14 6 29 255 186 119
14 6 30 255 186 119
14 6 31 255 186 119
14 6 32 255 186 119
14 6 33 158 216 229
14 6 34 158 216 229
14 7 0 30 119 181
14 7 1 30 119 181
14 7 3 204 204 91
14 7 4 204 204 91
14 7 5 204 204 91
14 7 14 30 119 181
14 7 15 30 119 181
14 7 16 196 175 214
14 7 17 196 175 214
14 7 18 196 175 214
14 7 19 196 175 214
14 7 20 196 175 214
14 7 21 196 175 214
14 7 22 196 175 214
14 7 23 196 175 214
14 7 24 196 175 214
14 7 25 196 175 214
14 7 26 196 175 214
14 7 27 196 175 214
14 7 28 196 175 214
14 7 29 196 175 214
14 7 30 196 175 214
14 7 31 196 175 214
14 7 32 158 216 229
14 7 33 158 216 229
14 7 34 158 216 229
14 8 0 30 119 181
14 8 1 30 119 181
14 8 3 204 204 91
14 8 4 204 204 91
14 8 5 204 204 91
14 8 6 30 119 181
14 8 7 30 119 181
14 8 8 30 119 181
14 8 9 30 119 181
14 8 10 30 119 181
14 8 11 30 119 181
14 8 12 30 119 181
14 8 13 30 119 181
14 8 14 30 119 181
14 8 15 30 119 181
14 8 16 196 175 214
14 8 17 196 175 214
14 8 18 196 175 214
14 8 19 196 175 214
14 8 20 196 175 214
14 8 21 196 175 214
14 8 22 196 175 214
14 8 23 196 175 214
14 8 24 196 175 214
14 8 25 196 175 214
14 8 26 196 175 214
14 8 27 196 175 214
14 8 28 196 175 214
14 8 29 196 175 214
14 8 30 196 175 214
14 8 31 196 175 214
14 8 32 158 216 229
14 8 33 158 216 229
14 8 34 158 216 229
14 9 3 204 204 91
14 9 4 204 204 91
14 9 5 30 119 181
14 9 6 30 119 181
14 9 7 30 119 181
14 9 8 30 119 181
14 9 9 30 119 181
14 9 10 30 119 181
14 9 11 30 119 181
14 9 12 30 119 181
14 9 13 30 119 181
14 9 14 30 119 181
14 9 15 30 119 181
14 9 16 196 175 214
14 9 17 196 175 214
14 9 18 196 175 214
14 9 19 196 175 214
14 9 24 196 175 214
14 9 25 196 175 214
14 9 26 196 175 214
14 9 27 196 175 214
14 9 28 196 175 214
14 9 29 196 175 214
14 9 30 196 175 214
14 9 33 158 216 229
14 9 34 158 216 229
14 10 13 196 175 214
14 10 14 196 175 214
14 10 33 158 216 229
14 10 34 158 216 229
14 11 13 196 175 214
14 11 14 196 175 214
14 11 33 158 216 229
14 11 34 158 216 229
14 12 13 196 175 214
14 12 33 158 216 229
14 12 34 158 216 229
14 13 33 158 216 229
14 13 34 158 216 229
14 14 33 158 216 229
14 14 34 158 216 229
14 15 33 158 216 229
14 15 34 158 216 229
14 16 33 158 216 229
14 16 34 158 216 229
14 17 33 158 216 229
14 17 34 158 216 229
14 18 33 158 216 229
14 18 34 158 216 229
14 19 33 158 216 229
14 19 34 158 216 229
14 20 33 158 216 229
14 20 34 158 216 229
14 21 33 158 216 229
14 21 34 158 216 229
14 21 35 158 216 229
14 22 33 158 216 229
14 22 34 158 216 229
14 22 35 158 216 229
14 23 34 158 216 229
14 23 35 158 216 229
14 24 34 158 216 229
14 24 35 158 216 229
14 25 34 158 216 229
14 25 35 158 216 229
14 26 34 158 216 229
14 26 35 158 216 229
14 27 34 158 216 229
14 27 35 158 216 229
14 28 34 158 216 229
14 28 35 158 216 229
14 29 34 158 216 229
14 29 35 158 216 229
14 30 34 158 216 229
14 30 35 158 216 229
14 31 34 158 216 229
14 31 35 158 216 229
14 32 27 214 38 40
14 32 28 214 38 40
14 32 29 214 38 40
14 32 30 214 38 40
14 32 31 214 38 40
14 32 32 214 38 40
14 32 33 214 38 40
14 32 34 158 216 229
14 32 35 158 216 229
14 33 0 214 38 40
14 33 1 214 38 40
14 33 2 214 38 40
14 33 3 214 38 40
14 33 4 214 38 40
14 33 5 214 38 40
14 33 6 214 38 40
14 33 7 214 38 40
14 33 8 214 38 40
14 33 9 214 38 40
14 33 10 214 38 40
14 33 11 214 38 40
14 33 12 214 38 40
14 33 13 214 38 40
14 33 14 214 38 40
14 33 15 214 38 40
14 33 16 214 38 40
14 33 17 214 38 40
14 33 18 214 38 40
14 33 19 214 38 40
14 33 20 214 38 40
14 33 21 214 38 40
14 33 22 214 38 40
14 33 23 214 38 40
14 33 24 214 38 40
14 33 25 214 38 40
14 33 26 214 38 40
14 33 27 214 38 40
14 33 28 214 38 40
14 33 29 214 38 40
14 33 30 214 38 40
14 33 31 214 38 40
14 33 32 214 38 40
14 33 33 214 38 40
14 33 34 214 38 40
14 34 0 214 38 40
14 34 1 214 38 40
15 0 0 196 175 214
15 0 1 43 160 4
15 0 2 43 160 4
15 0 3 204 204 91
15 0 4 204 204 91
15 0 5 204 204 91
15 0 6 204 204 91
15 0 7 204 204 91
15 0 8 204 204 91
15 0 9 204 204 91
15 0 10 43 160 4
15 0 11 43 160 4
15 0 12 43 160 4
15 0 13 43 160 4
15 0 14 30 119 181
15 0 15 30 119 181
15 0 16 255 186 119
15 0 17 255 186 119
15 0 18 255 186 119
15 0 19 255 186 119
15 0 20 255 186 119
15 0 21 255 186 119
15 0 22 255 186 119
15 0 23 255 186 119
15 0 24 255 186 119
15 0 25 255 186 119
15 0 26 255 186 119
15 0 27 255 186 119
15 0 28 255 186 119
15 0 29 255 186 119
15 0 30 255 186 119
15 0 31 255 186 119
15 0 32 255 186 119
15 0 33 255 186 119
15 0 34 158 216 229
15 1 0 196 175 214
15 1 3 204 204 91
15 1 4 204 204 91
15 1 5 204 204 91
15 1 6 204 204 91
15 1 7 204 204 91
15 1 8 204 204 91
15 1 9 204 204 91
15 1 10 204 204 91
15 1 14 30 119 181
15 1 15 30 119 181
15 1 16 255 186 119
15 1 17 255 186 119
15 1 18 255 186 119
15 1 19 255 186 119
15 1 20 255 186 119
15 1 21 255 186 119
15 1 22 255 186 119
15 1 23 255 186 119
15 1 24 255 186 119
15 1 25 255 186 119
15 1 26 255 186 119
15 1 27 255 186 119
15 1 28 255 186 119
15 1 29 255 186 119
15 1 30 255 186 119
15 1 31 255 186 119
15 1 32 255 186 119
15 1 33 255 186 119
15 1 34 158 216 229
15 2 0 196 175 214
15 2 14 30 119 181
15 2 15 30 119 181
15 2 16 255 186 119
15 2 17 255 186 119
15 2 18 255 186 119
15 2 19 255 186 119
15 2 20 255 186 119
15 2 21 255 186 119
15 2 22 255 186 119
15 2 23 255 186 119
15 2 24 255 186 119
15 2 25 255 186 119
15 2 26 255 186 119
15 2 27 255 186 119
15 2 28 255 186 119
15 2 29 255 186 119
15 2 30 255 186 119
15 2 31 255 186 119
15 2 32 255 186 119
15 2 33 255 186 119
15 2 34 158 216 229
15 3 0 196 175 214
15 3 14 30 119 181
15 3 15 30 119 181
15 3 16 255 186 119
15 3 17 255 186 119
15 3 18 255 186 119
15 3 19 255 186 119
15 3 20 255 186 119
15 3 21 255 186 119
15 3 22 255 186 119
15 3 23 255 186 119
15 3 24 255 186 119
15 3 25 255 186 119
15 3 26 255 186 119
15 3 27 255 186 119
15 3 28 255 186 119
15 3 29 255 186 119
15 3 30 255 186 119
15 3 31 255 186 119
15 3 32 255 186 119
15 3 33 255 186 119
15 3 34 158 216 229
15 4 0 196 175 214
15 4 3 204 204 91
15 4 4 204 204 91
15 4 5 204 204 91
15 4 6 204 204 91
15 4 7 204 204 91
15 4 8 204 204 91
15 4 9 204 204 91
15 4 10 204 204 91
15 4 14 30 119 181
15 4 15 30 119 181
15 4 16 255 186 119
15 4 17 255 186 119
15 4 18 255 186 119
15 4 19 255 186 119
15 4 20 255 186 119
15 4 21 255 186 119
15 4 22 255 186 119
15 4 23 255 186 119
15 4 24 255 186 119
15 4 25 255 186 119
15 4 26 255 186 119
15 4 27 255 186 119
15 4 28 255 186 119
15 4 29 255 186 119
15 4 30 255 186 119
15 4 31 255 186 119
15 4 32 255 186 119
15 4 33 255 186 119
15 4 34 158 216 229
15 5 0 196 175 214
15 5 2 204 204 91
15 5 3 204 204 91
15 5 4 204 204 91
15 5 5 204 204 91
15 5 6 204 204 91
15 5 7 204 204 91
15 5 8 204 204 91
15 5 9 204 204 91
15 5 10 204 204 91
15 5 14 30 119 181
15 5 15 30 119 181
15 5 16 255 186 119
15 5 17 255 186 119
15 5 18 255 186 119
15 5 19 255 186 119
15 5 20 255 186 119
15 5 21 255 186 119
15 5 22 255 186 119
15 5 23 255 186 119
15 5 24 255 186 119
15 5 25 255 186 119
15 5 26 255 186 119
15 5 27 255 186 119
15 5 28 255 186 119
15 5 29 255 186 119
15 5 30 255 186 119
15 5 31 255 186 119
15 5 32 255 186 119
15 5 33 255 186 119
15 5 34 158 216 229
15 6 0 196 175 214
15 6 3 204 204 91
15 6 4 204 204 91
15 6 5 204 204 91
15 6 6 204 204 91
15 6 7 204 204 91
15 6 8 204 204 91
15 6 14 30 119 181
15 6 15 30 119 181
15 6 16 255 186 119
15 6 17 255 186 119
15 6 18 255 186 119
15 6 19 255 186 119
15 6 20 255 186 119
15 6 21 255 186 119
15 6 22 255 186 119
15 6 23 255 186 119
15 6 24 255 186 119
15 6 25 255 186 119
15 6 26 255 186 119
15 6 27 255 186 119
15 6 28 255 186 119
15 6 29 255 186 119
15 6 30 255 186 119
15 6 31 255 186 119
15 6 32 255 186 119
15 6 33 255 186 119
15 6 34 158 216 229
15 7 0 30 119 181
15 7 1 30 119 181
15 7 3 204 204 91
15 7 4 204 204 91
15 7 5 204 204 91
15 7 6 204 204 91
15 7 7 204 204 91
15 7 8 204 204 91
15 7 14 30 119 181
15 7 15 30 119 181
15 7 16 196 175 214
15 7 17 196 175 214
15 7 18 196 175 214
15 7 21 196 175 214
15 7 22 196 175 214
15 7 23 196 175 214
15 7 24 196 175 214
15 7 25 196 175 214
15 7 26 196 175 214
15 7 27 196 175 214
15 7 28 196 175 214
15 7 29 196 175 214
15 7 30 196 175 214
15 7 31 196 175 214
15 7 32 196 175 214
15 7 33 196 175 214
15 7 34 158 216 229
15 8 0 30 119 181
15 8 1 30 119 181
15 8 3 204 204 91
15 8 4 204 204 91
15 8 5 204 204 91
15 8 6 204 204 91
15 8 7 204 204 91
15 8 8 30 119 181
15 8 9 30 119 181
15 8 10 30 119 181
15 8 11 30 119 181
15 8 12 30 119 181
15 8 13 30 119 181
15 8 14 30 119 181
15 8 15 30 119 181
15 8 16 196 175 214
15 8 17 196 175 214
15 8 18 196 175 214
15 8 21 196 175 214
15 8 22 196 175 214
15 8 23 196 175 214
15 8 24 196 175 214
15 8 25 196 175 214
15 8 26 196 175 214
15 8 27 196 175 214
15 8 28 196 175 214
15 8 29 196 175 214
15 8 30 196 175 214
15 8 31 196 175 214
15 8 32 196 175 214
15 8 33 196 175 214
15 8 34 158 216 229
15 9 3 204 204 91
15 9 4 204 204 91
15 9 5 204 204 91
15 9 6 204 204 91
15 9 7 204 204 91
15 9 8 30 119 181
15 9 9 30 119 181
15 9 10 30 119 181
15 9 11 30 119 181
15 9 12 30 119 181
15 9 13 30 119 181
15 9 14 30 119 181
15 9 15 30 119 181
15 9 16 196 175 214
15 9 17 196 175 214
15 9 18 196 175 214
15 9 23 196 175 214
15 9 24 196 175 214
15 9 25 196 175 214
15 9 26 196 175 214
15 9 27 196 175 214
15 9 28 196 175 214
15 9 29 196 175 214
15 9 30 196 175 214
15 9 31 196 175 214
15 9 32 196 175 214
15 9 33 196 175 214
15 9 34 158 216 229
15 10 32 196 175 214
15 10 33 196 175 214
15 10 34 158 216 229
15 11 32 196 175 214
15 11 33 196 175 214
15 11 34 158 216 229
15 12 32 196 175 214
15 12 33 196 175 214
15 12 34 158 216 229
15 13 34 158 216 229
15 14 34 158 216 229
15 15 34 158 216 229
15 16 34 158 216 229
15 17 34 158 216 229
15 18 34 158 216 229
15 19 34 158 216 229
15 20 34 158 216 229
15 21 34 158 216 229
15 22 34 158 216 229
15 23 34 158 216 229
15 24 34 158 216 229
15 25 34 158 216 229
15 26 34 158 216 229
15 27 34 158 216 229
15 28 34 158 216 229
15 29 34 158 216 229
15 29 35 158 216 229
15 30 34 158 216 229
15 30 35 158 216 229
15 31 34 158 216 229
15 31 35 158 216 229
15 32 28 214 38 40
15 32 29 214 38 40
15 32 30 214 38 40
15 32 31 214 38 40
15 32 32 214 38 40
15 32 33 214 38 40
15 32 34 158 216 229
15 32 35 158 216 229
15 33 0 214 38 40
15 33 1 214 38 40
15 33 2 214 38 40
15 33 3 214 38 40
15 33 4 214 38 40
15 33 5 214 38 40
15 33 6 214 38 40
15 33 7 214 38 40
15 33 8 214 38 40
15 33 9 214 38 40
15 33 10 214 38 40
15 33 11 214 38 40
15 33 12 214 38 40
15 33 13 214 38 40
15 33 14 214 38 40
15 33 15 214 38 40
15 33 16 214 38 40
15 33 17 214 38 40
15 33 18 214 38 40
15 33 19 214 38 40
15 33 20 214 38 40
15 33 21 214 38 40
15 33 22 214 38 40
15 33 23 214 38 40
15 33 24 214 38 40
15 33 25 214 38 40
15 33 26 214 38 40
15 33 27 214 38 40
15 33 28 214 38 40
15 33 29 214 38 40
15 33 30 214 38 40
15 33 31 214 38 40
15 33 32 214 38 40
15 33 33 214 38 40
15 33 34 214 38 40
15 34 0 214 38 40
15 34 1 214 38 40
15 34 2 214 38 40
16 0 0 43 160 4
16 0 1 43 160 4
16 0 2 43 160 4
16 0 3 43 160 4
16 0 4 43 160 4
16 0 5 204 204 91
16 0 6 204 204 91
16 0 7 204 204 91
16 0 8 204 204 91
16 0 9 204 204 91
16 0 10 43 160 4
16 0 11 43 160 4
16 0 12 43 160 4
16 0 13 43 160 4
16 0 14 30 119 181
16 0 15 255 186 119
16 0 16 255 186 119
16 0 17 255 186 119
16 0 18 255 186 119
16 0 19 255 186 119
16 0 20 255 186 119
16 0 21 255 186 119
16 0 22 255 186 119
16 0 23 255 186 119
16 0 24 255 186 119
16 0 25 255 186 119
16 0 26 255 186 119
16 0 27 255 186 119
16 0 28 255 186 119
16 0 29 255 186 119
16 0 30 255 186 119
16 0 31 255 186 119
16 0 32 255 186 119
16 0 33 158 216 229
16 1 0 196 175 214
16 1 3 204 204 91
16 1 4 204 204 91
16 1 5 204 204 91
16 1 6 204 204 91
16 1 7 204 204 91
16 1 8 204 204 91
16 1 9 204 204 91
16 1 13 30 119 181
16 1 14 30 119 181
16 1 15 255 186 119
16 1 16 255 186 119
16 1 17 255 186 119
16 1 18 255 186 119
16 1 19 255 186 119
16 1 20 255 186 119
16 1 21 255 186 119
16 1 22 255 186 119
16 1 23 255 186 119
16 1 24 255 186 119
16 1 25 255 186 119
16 1 26 255 186 119
16 1 27 255 186 119
16 1 28 255 186 119
16 1 29 255 186 119
16 1 30 255 186 119
16 1 31 255 186 119
16 1 32 255 186 119
16 1 33 158 216 229
16 2 0 196 175 214
16 2 13 30 119 181
16 2 14 30 119 181
16 2 15 255 186 119
16 2 16 255 186 119
16 2 17 255 186 119
16 2 18 255 186 119
16 2 19 255 186 119
16 2 20 255 186 119
16 2 21 255 186 119
16 2 22 255 186 119
16 2 23 255 186 119
16 2 24 255 186 119
16 2 25 255 186 119
16 2 26 255 186 119
16 2 27 255 186 119
16 2 28 255 186 119
16 2 29 255 186 119
16 2 30 255 186 119
16 2 31 255 186 119
16 2 32 255 186 119
16 2 33 158 216 229
16 3 0 196 175 214
16 3 13 30 119 181
16 3 14 30 119 181
16 3 15 255 186 119
16 3 16 255 186 119
16 3 17 255 186 119
16 3 18 255 186 119
16 3 19 255 186 119
16 3 20 255 186 119
16 3 21 255 186 119
16 3 22 255 186 119
16 3 23 255 186 119
16 3 24 255 186 119
16 3 25 255 186 119
16 3 26 255 186 119
16 3 27 255 186 119
16 3 28 255 186 119
16 3 29 255 186 119
16 3 30 255 186 119
16 3 31 255 186 119
16 3 32 255 186 119
16 3 33 158 216 229
16 3 34 158 216 229
16 4 0 196 175 214
16 4 4 204 204 91
16 4 5 204 204 91
16 4 6 204 204 91
16 4 7 204 204 91
16 4 8 204 204 91
16 4 9 204 204 91
16 4 13 30 119 181
16 4 14 30 119 181
16 4 15 255 186 119
16 4 16 255 186 119
16 4 17 255 186 119
16 4 18 255 186 119
16 4 19 255 186 119
16 4 20 255 186 119
16 4 21 255 186 119
16 4 22 255 186 119
16 4 23 255 186 119
16 4 24 255 186 119
16 4 25 255 186 119
16 4 26 255 186 119
16 4 27 255 186 119
16 4 28 255 186 119
16 4 29 255 186 119
16 4 30 255 186 119
16 4 31 255 186 119
16 4 32 255 186 119
16 4 33 158 216 229
16 4 34 158 216 229
16 5 0 196 175 214
16 5 2 204 204 91
16 5 3 204 204 91
16 5 4 204 204 91
16 5 5 204 204 91
16 5 6 204 204 91
16 5 7 204 204 91
16 5 8 204 204 91
16 5 9 204 204 91
16 5 13 30 119 181
16 5 14 30 119 181
16 5 15 255 186 119
16 5 16 255 186 119
16 5 17 255 186 119
16 5 18 255 186 119
16 5 19 255 186 119
16 5 20 255 186 119
16 5 21 255 186 119
16 5 22 255 186 119
16 5 23 255 186 119
16 5 24 255 186 119
16 5 25 255 186 119
16 5 26 255 186 119
16 5 27 255 186 119
16 5 28 255 186 119
16 5 29 255 186 119
16 5 30 255 186 119
16 5 31 255 186 119
16 5 32 255 186 119
16 5 33 158 216 229
16 5 34 158 216 229
16 6 0 196 175 214
16 6 2 204 204 91
16 6 3 204 204 91
16 6 4 204 204 91
16 6 5 204 204 91
16 6 6 204 204 91
16 6 7 204 204 91
16 6 8 204 204 91
16 6 9 204 204 91
16 6 13 30 119 181
16 6 14 30 119 181
16 6 15 255 186 119
16 6 16 255 186 119
16 6 17 255 186 119
16 6 18 255 186 119
16 6 19 255 186 119
16 6 20 255 186 119
16 6 21 255 186 119
16 6 22 255 186 119
16 6 23 255 186 119
16 6 24 255 186 119
16 6 25 255 186 119
16 6 26 255 186 119
16 6 27 255 186 119
16 6 28 255 186 119
16 6 29 255 186 119
16 6 30 255 186 119
16 6 31 255 186 119
16 6 32 255 186 119
16 6 33 158 216 229
16 6 34 158 216 229
16 7 0 30 119 181
16 7 2 204 204 91
16 7 3 204 204 91
16 7 4 204 204 91
16 7 5 204 204 91
16 7 6 204 204 91
16 7 7 204 204 91
16 7 8 204 204 91
16 7 9 204 204 91
16 7 13 30 119 181
16 7 14 30 119 181
16 7 15 30 119 181
16 7 16 196 175 214
16 7 17 196 175 214
16 7 18 196 175 214
16 7 23 196 175 214
16 7 24 196 175 214
16 7 25 196 175 214
16 7 26 196 175 214
16 7 27 196 175 214
16 7 28 196 175 214
16 7 29 196 175 214
16 7 30 196 175 214
16 7 31 196 175 214
16 7 32 196 175 214
16 7 33 196 175 214
16 7 34 158 216 229
16 8 0 30 119 181
16 8 2 204 204 91
16 8 3 204 204 91
16 8 4 204 204 91
16 8 5 204 204 91
16 8 6 204 204 91
16 8 7 204 204 91
16 8 8 204 204 91
16 8 9 204 204 91
16 8 10 30 119 181
16 8 11 30 119 181
16 8 12 30 119 181
16 8 13 30 119 181
16 8 14 30 119 181
16 8 15 30 119 181
16 8 16 196 175 214
16 8 17 196 175 214
16 8 18 196 175 214
16 8 24 196 175 214
16 8 25 196 175 214
16 8 26 196 175 214
16 8 27 196 175 214
16 8 28 196 175 214
16 8 29 196 175 214
16 8 30 196 175 214
16 8 31 196 175 214
16 8 32 196 175 214
16 8 33 196 175 214
16 8 34 158 216 229
16 9 2 204 204 91
16 9 3 204 204 91
16 9 4 204 204 91
16 9 5 204 204 91
16 9 6 204 204 91
16 9 7 204 204 91
16 9 8 204 204 91
16 9 9 204 204 91
16 9 10 30 119 181
16 9 11 30 119 181
16 9 12 30 119 181
16 9 13 30 119 181
16 9 14 30 119 181
16 9 15 30 119 181
16 9 16 196 175 214
16 9 17 196 175 214
16 9 18 196 175 214
16 9 24 196 175 214
16 9 25 196 175 214
16 9 26 196 175 214
16 9 27 196 175 214
16 9 28 196 175 214
16 9 29 196 175 214
16 9 30 196 175 214
16 9 31 196 175 214
16 9 32 196 175 214
16 9 33 196 175 214
16 9 34 158 216 229
16 10 31 196 175 214
16 10 32 196 175 214
16 10 33 196 175 214
16 10 34 158 216 229
16 11 31 196 175 214
16 11 32 196 175 214
16 11 33 196 175 214
16 11 34 158 216 229
16 12 31 196 175 214
16 12 32 196 175 214
16 12 33 158 216 229
16 12 34 158 216 229
16 13 33 158 216 229
16 13 34 158 216 229
16 14 33 158 216 229
16 14 34 158 216 229
16 15 33 158 216 229
16 15 34 158 216 229
16 16 33 158 216 229
16 16 34 158 216 229
16 17 33 158 216 229
16 17 34 158 216 229
16 18 33 158 216 229
16 18 34 158 216 229
16 19 33 158 216 229
16 19 34 158 216 229
16 20 33 158 216 229
16 20 34 158 216 229
16 21 33 158 216 229
16 21 34 158 216 229
16 22 33 158 216 229
16 22 34 158 216 229
16 23 33 158 216 229
16 23 34 158 216 229
16 24 33 158 216 229
16 24 34 158 216 229
16 25 33 158 216 229
16 25 34 158 216 229
16 26 33 158 216 229
16 26 34 158 216 229
16 27 33 158 216 229
16 27 34 158 216 229
16 28 34 158 216 229
16 29 34 158 216 229
16 30 34 158 216 229
16 31 34 158 216 229
16 32 28 214 38 40
16 32 29 214 38 40
16 32 30 214 38 40
16 32 31 214 38 40
16 32 32 214 38 40
16 32 33 214 38 40
16 32 34 158 216 229
16 33 0 214 38 40
16 33 1 214 38 40
16 33 2 214 38 40
16 33 3 214 38 40
16 33 4 214 38 40
16 33 5 214 38 40
16 33 6 214 38 40
16 33 7 214 38 40
16 33 8 214 38 40
16 33 9 214 38 40
16 33 10 214 38 40
16 33 11 214 38 40
16 33 12 214 38 40
16 33 13 214 38 40
16 33 14 214 38 40
16 33 15 214 38 40
16 33 16 214 38 40
16 33 17 214 38 40
16 33 18 214 38 40
16 33 19 214 38 40
16 33 20 214 38 40
16 33 21 214 38 40
16 33 22 214 38 40
16 33 23 214 38 40
16 33 24 214 38 40
16 33 25 214 38 40
16 33 26 214 38 40
16 33 27 214 38 40
16 33 28 214 38 40
16 33 29 214 38 40
16 33 30 214 38 40
16 33 31 214 38 40
16 33 32 214 38 40
16 33 33 214 38 40
16 33 34 214 38 40
16 34 0 214 38 40
16 34 1 214 38 40
16 34 2 214 38 40
17 0 0 43 160 4
17 0 1 43 160 4
17 0 2 43 160 4
17 0 3 43 160 4
17 0 4 43 160 4
17 0 5 43 160 4
17 0 6 43 160 4
17 0 7 204 204 91
17 0 8 204 204 91
17 0 9 43 160 4
17 0 10 43 160 4
17 0 11 43 160 4
17 0 12 43 160 4
17 0 13 30 119 181
17 0 14 30 119 181
17 0 15 255 186 119
17 0 16 255 186 119
17 0 17 255 186 119
17 0 18 255 186 119
17 0 19 255 186 119
17 0 20 255 186 119
17 0 21 255 186 119
17 0 22 255 186 119
17 0 23 255 186 119
17 0 24 255 186 119
17 0 25 255 186 119
17 0 26 255 186 119
17 0 27 255 186 119
17 0 28 255 186 119
17 0 29 255 186 119
17 0 30 255 186 119
17 0 31 255 186 119
17 0 32 255 186 119
17 0 33 158 216 229
17 1 0 196 175 214
17 1 6 204 204 91
17 1 7 204 204 91
17 1 8 204 204 91
17 1 9 204 204 91
17 1 13 30 119 181
17 1 14 30 119 181
17 1 15 255 186 119
17 1 16 255 186 119
17 1 17 255 186 119
17 1 18 255 186 119
17 1 19 255 186 119
17 1 20 255 186 119
17 1 21 255 186 119
17 1 22 255 186 119
17 1 23 255 186 119
17 1 24 255 186 119
17 1 25 255 186 119
17 1 26 255 186 119
17 1 27 255 186 119
17 1 28 255 186 119
17 1 29 255 186 119
17 1 30 255 186 119
17 1 31 255 186 119
17 1 32 255 186 119
17 1 33 158 216 229
17 2 0 196 175 214
17 2 13 30 119 181
17 2 14 30 119 181
17 2 15 255 186 119
17 2 16 255 186 119
17 2 17 255 186 119
17 2 18 255 186 119
17 2 19 255 186 119
17 2 20 255 186 119
17 2 21 255 186 119
17 2 22 255 186 119
17 2 23 255 186 119
17 2 24 255 186 119
17 2 25 255 186 119
17 2 26 255 186 119
17 2 27 255 186 119
17 2 28 255 186 119
17 2 29 255 186 119
17 2 30 255 186 119
17 2 31 255 186 119
17 2 32 255 186 119
17 2 33 158 216 229
17 3 0 196 175 214
17 3 13 30 119 181
17 3 14 30 119 181
17 3 15 255 186 119
17 3 16 255 186 119
17 3 17 255 186 119
17 3 18 255 186 119
17 3 19 255 186 119
17 3 20 255 186 119
17 3 21 255 186 119
17 3 22 255 186 119
17 3 23 255 186 119
17 3 24 255 186 119
17 3 25 255 186 119
17 3 26 255 186 119
17 3 27 255 186 119
17 3 28 255 186 119
17 3 29 255 186 119
17 3 30 255 186 119
17 3 31 255 186 119
17 3 32 255 186 119
17 3 33 158 216 229
17 4 0 196 175 214
17 4 5 204 204 91
17 4 6 204 204 91
17 4 7 204 204 91
17 4 8 204 204 91
17 4 9 204 204 91
17 4 13 30 119 181
17 4 14 30 119 181
17 4 15 255 186 119
17 4 16 255 186 119
17 4 17 255 186 119
17 4 18 255 186 119
17 4 19 255 186 119
17 4 20 255 186 119
17 4 21 255 186 119
17 4 22 255 186 119
17 4 23 255 186 119
17 4 24 255 186 119
17 4 25 255 186 119
17 4 26 255 186 119
17 4 27 255 186 119
17 4 28 255 186 119
17 4 29 255 186 119
17 4 30 255 186 119
17 4 31 255 186 119
17 4 32 255 186 119
17 4 33 158 216 229
17 5 0 196 175 214
17 5 4 204 204 91
17 5 5 204 204 91
17 5 6 204 204 91
17 5 7 204 204 91
17 5 8 204 204 91
17 5 9 204 204 91
17 5 13 30 119 181
17 5 14 30 119 181
17 5 15 255 186 119
17 5 16 255 186 119
17 5 17 255 186 119
17 5 18 255 186 119
17 5 19 255 186 119
17 5 20 255 186 119
17 5 21 255 186 119
17 5 22 255 186 119
17 5 23 255 186 119
17 5 24 255 186 119
17 5 25 255 186 119
17 5 26 255 186 119
17 5 27 255 186 119
17 5 28 255 186 119
17 5 29 255 186 119
17 5 30 255 186 119
17 5 31 255 186 119
17 5 32 255 186 119
17 5 33 158 216 229
17 6 0 196 175 214
17 6 4 204 204 91
17 6 5 204 204 91
17 6 6 204 204 91
17 6 7 204 204 91
17 6 8 204 204 91
17 6 9 204 204 91
17 6 13 30 119 181
17 6 14 30 119 181
17 6 15 255 186 119
17 6 16 255 186 119
17 6 17 255 186 119
17 6 18 255 186 119
17 6 19 255 186 119
17 6 20 255 186 119
17 6 21 255 186 119
17 6 22 255 186 119
17 6 23 255 186 119
17 6 24 255 186 119
17 6 25 255 186 119
17 6 26 255 186 119
17 6 27 255 186 119
17 6 28 255 186 119
17 6 29 255 186 119
17 6 30 255 186 119
17 6 31 255 186 119
17 6 32 196 175 214
17 6 33 158 216 229
17 7 0 30 119 181
17 7 5 204 204 91
17 7 6 204 204 91
17 7 7 204 204 91
17 7 8 204 204 91
17 7 9 204 204 91
17 7 13 30 119 181
17 7 14 30 119 181
17 7 26 196 175 214
17 7 27 196 175 214
17 7 28 196 175 214
17 7 29 196 175 214
17 7 30 196 175 214
17 7 31 196 175 214
17 7 32 196 175 214
17 7 33 158 216 229
17 8 0 30 119 181
17 8 5 204 204 91
17 8 6 204 204 91
17 8 7 204 204 91
17 8 8 204 204 91
17 8 9 204 204 91
17 8 12 30 119 181
17 8 13 30 119 181
17 8 14 30 119 181
17 8 26 196 175 214
17 8 27 196 175 214
17 8 28 196 175 214
17 8 29 196 175 214
17 8 30 196 175 214
17 8 31 196 175 214
17 8 32 196 175 214
17 8 33 158 216 229
17 9 5 204 204 91
17 9 6 204 204 91
17 9 7 204 204 91
17 9 8 204 204 91
17 9 9 204 204 91
17 9 12 30 119 181
17 9 13 30 119 181
17 9 14 30 119 181
17 9 27 196 175 214
17 9 28 196 175 214
17 9 29 196 175 214
17 9 30 196 175 214
17 9 31 196 175 214
17 9 32 196 175 214
17 9 33 158 216 229
17 10 31 196 175 214
17 10 32 196 175 214
17 10 33 158 216 229
17 11 31 196 175 214
17 11 32 196 175 214
17 11 33 158 216 229
17 12 31 196 175 214
17 12 32 196 175 214
17 12 33 158 216 229
17 13 33 158 216 229
17 14 33 158 216 229
17 15 33 158 216 229
17 16 33 158 216 229
17 17 33 158 216 229
17 18 33 158 216 229
17 19 33 158 216 229
17 20 33 158 216 229
17 21 33 158 216 229
17 21 34 158 216 229
17 22 33 158 216 229
17 22 34 158 216 229
17 23 33 158 216 229
17 23 34 158 216 229
17 24 33 158 216 229
17 24 34 158 216 229
17 25 33 158 216 229
17 25 34 158 216 229
17 26 33 158 216 229
17 26 34 158 216 229
17 27 33 158 216 229
17 27 34 158 216 229
17 28 33 158 216 229
17 28 34 158 216 229
17 29 33 158 216 229
17 29 34 158 216 229
17 30 33 158 216 229
17 30 34 158 216 229
17 31 33 158 216 229
17 31 34 158 216 229
17 32 29 214 38 40
17 32 30 214 38 40
17 32 31 214 38 40
17 32 32 214 38 40
17 32 33 158 216 229
17 32 34 158 216 229
17 33 0 214 38 40
17 33 1 214 38 40
17 33 2 214 38 40
17 33 3 214 38 40
17 33 4 214 38 40
17 33 5 214 38 40
17 33 6 214 38 40
17 33 7 214 38 40
17 33 8 214 38 40
17 33 9 214 38 40
17 33 10 214 38 40
17 33 11 214 38 40
17 33 12 214 38 40
17 33 13 214 38 40
17 33 14 214 38 40
17 33 15 214 38 40
17 33 16 214 38 40
17 33 17 214 38 40
17 33 18 214 38 40
17 33 19 214 38 40
17 33 20 214 38 40
17 33 21 214 38 40
17 33 22 214 38 40
17 33 23 214 38 40
17 33 24 214 38 40
17 33 25 214 38 40
17 33 26 214 38 40
17 33 27 214 38 40
17 33 28 214 38 40
17 33 29 214 38 40
17 33 30 214 38 40
17 33 31 214 38 40
17 33 32 214 38 40
17 33 33 214 38 40
17 34 0 214 38 40
17 34 1 214 38 40
17 34 2 214 38 40
17 34 3 214 38 40
18 0 0 43 160 4
18 0 1 43 160 4
18 0 2 43 160 4
18 0 3 43 160 4
18 0 4 43 160 4
18 0 5 43 160 4
18 0 6 43 160 4
18 0 7 43 160 4
18 0 8 43 160 4
18 0 9 43 160 4
18 0 10 43 160 4
18 0 11 43 160 4
18 0 12 43 160 4
18 0 13 43 160 4
18 0 14 255 186 119
18 0 15 255 186 119
18 0 16 255 186 119
18 0 17 255 186 119
18 0 18 255 186 119
18 0 19 255 186 119
18 0 20 255 186 119
18 0 21 255 186 119
18 0 22 255 186 119
18 0 23 255 186 119
18 0 24 255 186 119
18 0 25 255 186 119
18 0 26 255 186 119
18 0 27 255 186 119
18 0 28 255 186 119
18 0 29 255 186 119
18 0 30 255 186 119
18 0 31 255 186 119
18 0 32 158 216 229
18 0 33 158 216 229
18 1 8 204 204 91
18 1 9 204 204 91
18 1 14 255 186 119
18 1 15 255 186 119
18 1 16 255 186 119
18 1 17 255 186 119
18 1 18 255 186 119
18 1 19 255 186 119
18 1 20 255 186 119
18 1 21 255 186 119
18 1 22 255 186 119
18 1 23 255 186 119
18 1 24 255 186 119
18 1 25 255 186 119
18 1 26 255 186 119
18 1 27 255 186 119
18 1 28 255 186 119
18 1 29 255 186 119
18 1 30 255 186 119
18 1 31 255 186 119
18 1 32 158 216 229
18 1 33 158 216 229
18 2 14 255 186 119
18 2 15 255 186 119
18 2 16 255 186 119
18 2 17 255 186 119
18 2 18 255 186 119
18 2 19 255 186 119
18 2 20 255 186 119
18 2 21 255 186 119
18 2 22 255 186 119
18 2 23 255 186 119
18 2 24 255 186 119
18 2 25 255 186 119
18 2 26 255 186 119
18 2 27 255 186 119
18 2 28 255 186 119
18 2 29 255 186 119
18 2 30 255 186 119
18 2 31 255 186 119
18 2 32 158 216 229
18 2 33 158 216 229
18 3 14 255 186 119
18 3 15 255 186 119
18 3 16 255 186 119
18 3 17 255 186 119
18 3 18 255 186 119
18 3 19 255 186 119
18 3 20 255 186 119
18 3 21 255 186 119
18 3 22 255 186 119
18 3 23 255 186 119
18 3 24 255 186 119
18 3 25 255 186 119
18 3 26 255 186 119
18 3 27 255 186 119
18 3 28 255 186 119
18 3 29 255 186 119
18 3 30 255 186 119
18 3 31 255 186 119
18 3 32 158 216 229
18 3 33 158 216 229
18 4 7 204 204 91
18 4 8 204 204 91
18 4 14 255 186 119
18 4 15 255 186 119
18 4 16 255 186 119
18 4 17 255 186 119
18 4 18 255 186 119
18 4 19 255 186 119
18 4 20 255 186 119
18 4 21 255 186 119
18 4 22 255 186 119
18 4 23 255 186 119
18 4 24 255 186 119
18 4 25 255 186 119
18 4 26 255 186 119
18 4 27 255 186 119
18 4 28 255 186 119
18 4 29 255 186 119
18 4 30 255 186 119
18 4 31 255 186 119
18 4 32 255 186 119
18 4 33 158 216 229
18 5 7 204 204 91
18 5 8 204 204 91
18 5 9 204 204 91
18 5 14 255 186 119
18 5 15 255 186 119
18 5 16 255 186 119
18 5 17 255 186 119
18 5 18 255 186 119
18 5 19 255 186 119
18 5 20 255 186 119
18 5 21 255 186 119
18 5 22 255 186 119
18 5 23 255 186 119
18 5 24 255 186 119
18 5 25 255 186 119
18 5 26 255 186 119
18 5 27 255 186 119
18 5 28 255 186 119
18 5 29 255 186 119
18 5 30 255 186 119
18 5 31 255 186 119
18 5 32 255 186 119
18 5 33 158 216 229
18 6 7 204 204 91
18 6 8 204 204 91
18 6 9 204 204 91
18 6 14 255 186 119
18 6 15 255 186 119
18 6 16 255 186 119
18 6 17 255 186 119
18 6 18 255 186 119
18 6 19 255 186 119
18 6 20 255 186 119
18 6 21 255 186 119
18 6 22 255 186 119
18 6 23 255 186 119
18 6 24 255 186 119
18 6 25 255 186 119
18 6 26 255 186 119
18 6 27 255 186 119
18 6 28 255 186 119
18 6 29 255 186 119
18 6 30 255 186 119
18 6 31 255 186 119
18 6 32 196 175 214
18 6 33 158 216 229
18 7 0 30 119 181
18 7 7 204 204 91
18 7 8 204 204 91
18 7 9 204 204 91
18 7 14 255 186 119
18 7 28 196 175 214
18 7 29 196 175 214
18 7 30 196 175 214
18 7 31 196 175 214
18 7 32 196 175 214
18 7 33 158 216 229
18 8 0 30 119 181
18 8 7 204 204 91
18 8 8 204 204 91
18 8 9 204 204 91
18 8 29 196 175 214
18 8 30 196 175 214
18 8 31 196 175 214
18 8 32 196 175 214
18 8 33 158 216 229
18 9 7 204 204 91
18 9 8 204 204 91
18 9 9 204 204 91
18 9 29 196 175 214
18 9 30 196 175 214
18 9 31 196 175 214
18 9 32 196 175 214
18 9 33 158 216 229
18 10 30 196 175 214
18 10 31 196 175 214
18 10 32 196 175 214
18 10 33 158 216 229
18 11 30 196 175 214
18 11 31 196 175 214
18 11 32 196 175 214
18 11 33 158 216 229
18 12 31 196 175 214
18 12 32 196 175 214
18 12 33 158 216 229
18 13 32 158 216 229
18 13 33 158 216 229
18 14 32 158 216 229
18 14 33 158 216 229
18 15 32 158 216 229
18 15 33 158 216 229
18 16 32 158 216 229
18 16 33 158 216 229
18 17 32 158 216 229
18 17 33 158 216 229
18 18 32 158 216 229
18 18 33 158 216 229
18 19 33 158 216 229
18 20 33 158 216 229
18 21 33 158 216 229
18 22 33 158 216 229
18 23 33 158 216 229
18 24 33 158 216 229
18 25 33 158 216 229
18 26 33 158 216 229
18 27 33 158 216 229
18 28 33 158 216 229
18 29 33 158 216 229
18 30 33 158 216 229
18 31 33 158 216 229
18 32 29 214 38 40
18 32 30 214 38 40
18 32 31 214 38 40
18 32 32 214 38 40
18 32 33 158 216 229
18 33 0 214 38 40
18 33 1 214 38 40
18 33 2 214 38 40
18 33 3 214 38 40
18 33 4 214 38 40
18 33 5 214 38 40
18 33 6 214 38 40
18 33 7 214 38 40
18 33 8 214 38 40
18 33 9 214 38 40
18 33 10 214 38 40
18 33 11 214 38 40
18 33 12 214 38 40
18 33 13 214 38 40
18 33 14 214 38 40
18 33 15 214 38 40
18 33 16 214 38 40
18 33 17 214 38 40
18 33 18 214 38 40
18 33 19 214 38 40
18 33 20 214 38 40
18 33 21 214 38 40
18 33 22 214 38 40
18 33 23 214 38 40
18 33 24 214 38 40
18 33 25 214 38 40
18 33 26 214 38 40
18 33 27 214 38 40
18 33 28 214 38 40
18 33 29 214 38 40
18 33 30 214 38 40
18 33 31 214 38 40
18 33 32 214 38 40
18 33 33 214 38 40
18 34 0 214 38 40
18 34 1 214 38 40
18 34 2 214 38 40
18 34 3 214 38 40
19 0 0 43 160 4
19 0 1 43 160 4
19 0 2 43 160 4
19 0 3 43 160 4
19 0 4 43 160 4
19 0 5 43 160 4
19 0 6 43 160 4
19 0 7 43 160 4
19 0 8 43 160 4
19 0 9 43 160 4
19 0 10 43 160 4
19 0 11 43 160 4
19 0 12 43 160 4
19 0 13 43 160 4
19 0 14 255 186 119
19 0 15 255 186 119
19 0 16 255 186 119
19 0 17 255 186 119
19 0 18 255 186 119
19 0 19 255 186 119
19 0 20 255 186 119
19 0 21 255 186 119
19 0 22 255 186 119
19 0 23 255 186 119
19 0 24 255 186 119
19 0 25 255 186 119
19 0 26 255 186 119
19 0 27 255 186 119
19 0 28 255 186 119
19 0 29 255 186 119
19 0 30 255 186 119
19 0 31 255 186 119
19 0 32 158 216 229
19 1 13 255 186 119
19 1 14 255 186 119
19 1 15 255 186 119
19 1 16 255 186 119
19 1 17 255 186 119
19 1 18 255 186 119
19 1 19 255 186 119
19 1 20 255 186 119
19 1 21 255 186 119
19 1 22 255 186 119
19 1 23 255 186 119
19 1 24 255 186 119
19 1 25 255 186 119
19 1 26 255 186 119
19 1 27 255 186 119
19 1 28 255 186 119
19 1 29 255 186 119
19 1 30 255 186 119
19 1 31 255 186 119
19 1 32 158 216 229
19 2 13 255 186 119
19 2 14 255 186 119
19 2 15 255 186 119
19 2 16 255 186 119
19 2 17 255 186 119
19 2 18 255 186 119
19 2 19 255 186 119
19 2 20 255 186 119
19 2 21 255 186 119
19 2 22 255 186 119
19 2 23 255 186 119
19 2 24 255 186 119
19 2 25 255 186 119
19 2 26 255 186 119
19 2 27 255 186 119
19 2 28 255 186 119
19 2 29 255 186 119
19 2 30 255 186 119
19 2 31 255 186 119
19 2 32 158 216 229
19 3 13 255 186 119
19 3 14 255 186 119
19 3 15 255 186 119
19 3 16 255 186 119
19 3 17 255 186 119
19 3 18 255 186 119
19 3 19 255 186 119
19 3 20 255 186 119
19 3 21 255 186 119
19 3 22 255 186 119
19 3 23 255 186 119
19 3 24 255 186 119
19 3 25 255 186 119
19 3 26 255 186 119
19 3 27 255 186 119
19 3 28 255 186 119
19 3 29 255 186 119
19 3 30 255 186 119
19 3 31 255 186 119
19 3 32 158 216 229
19 4 13 255 186 119
19 4 14 255 186 119
19 4 15 255 186 119
19 4 16 255 186 119
19 4 17 255 186 119
19 4 18 255 186 119
19 4 19 255 186 119
19 4 20 255 186 119
19 4 21 255 186 119
19 4 22 255 186 119
19 4 23 255 186 119
19 4 24 255 186 119
19 4 25 255 186 119
19 4 26 255 186 119
19 4 27 255 186 119
19 4 28 255 186 119
19 4 29 255 186 119
19 4 30 255 186 119
19 4 31 255 186 119
19 4 32 158 216 229
19 5 13 255 186 119
19 5 14 255 186 119
19 5 15 255 186 119
19 5 16 255 186 119
19 5 17 255 186 119
19 5 18 255 186 119
19 5 19 255 186 119
19 5 20 255 186 119
19 5 21 255 186 119
19 5 22 255 186 119
19 5 23 255 186 119
19 5 24 255 186 119
19 5 25 255 186 119
19 5 26 255 186 119
19 5 27 255 186 119
19 5 28 255 186 119
19 5 29 255 186 119
19 5 30 255 186 119
19 5 31 255 186 119
19 5 32 158 216 229
19 6 13 255 186 119
19 6 14 255 186 119
19 6 15 255 186 119
19 6 16 255 186 119
19 6 17 255 186 119
19 6 18 255 186 119
19 6 19 255 186 119
19 6 20 255 186 119
19 6 21 255 186 119
19 6 22 255 186 119
19 6 23 255 186 119
19 6 24 255 186 119
19 6 25 255 186 119
19 6 26 255 186 119
19 6 27 255 186 119
19 6 28 255 186 119
19 6 29 255 186 119
19 6 30 255 186 119
19 6 31 255 186 119
19 6 32 158 216 229
19 7 14 255 186 119
19 7 15 255 186 119
19 7 29 196 175 214
19 7 30 196 175 214
19 7 31 196 175 214
19 7 32 158 216 229
19 8 29 196 175 214
19 8 30 196 175 214
19 8 31 196 175 214
19 8 32 158 216 229
19 9 29 196 175 214
19 9 30 196 175 214
19 9 31 196 175 214
19 9 32 158 216 229
19 10 30 196 175 214
19 10 31 196 175 214
19 10 32 158 216 229
19 11 30 196 175 214
19 11 31 196 175 214
19 11 32 196 175 214
19 12 30 196 175 214
19 12 31 196 175 214
19 12 32 158 216 229
19 12 33 158 216 229
19 13 32 158 216 229
19 13 33 158 216 229
19 14 32 158 216 229
19 14 33 158 216 229
19 15 32 158 216 229
19 15 33 158 216 229
19 16 32 158 216 229
19 16 33 158 216 229
19 17 32 158 216 229
19 17 33 158 216 229
19 18 32 158 216 229
19 18 33 158 216 229
19 19 32 158 216 229
19 19 33 158 216 229
19 20 32 158 216 229
19 20 33 158 216 229
19 21 32 158 216 229
19 21 33 158 216 229
19 22 32 158 216 229
19 22 33 158 216 229
19 23 32 158 216 229
19 23 33 158 216 229
19 24 32 158 216 229
19 24 33 158 216 229
19 25 32 158 216 229
19 25 33 158 216 229
19 26 32 158 216 229
19 26 33 158 216 229
19 27 32 158 216 229
19 27 33 158 216 229
19 28 32 158 216 229
19 28 33 158 216 229
19 29 32 158 216 229
19 29 33 158 216 229
19 30 32 158 216 229
19 30 33 158 216 229
19 31 32 158 216 229
19 31 33 158 216 229
19 32 30 214 38 40
19 32 31 214 38 40
19 32 32 214 38 40
19 32 33 158 216 229
19 33 0 214 38 40
19 33 1 214 38 40
19 33 2 214 38 40
19 33 3 214 38 40
19 33 4 214 38 40
19 33 5 214 38 40
19 33 6 214 38 40
19 33 7 214 38 40
19 33 8 214 38 40
19 33 9 214 38 40
19 33 10 214 38 40
19 33 11 214 38 40
19 33 12 214 38 40
19 33 13 214 38 40
19 33 14 214 38 40
19 33 15 214 38 40
19 33 16 214 38 40
19 33 17 214 38 40
19 33 18 214 38 40
19 33 19 214 38 40
19 33 20 214 38 40
19 33 21 214 38 40
19 33 22 214 38 40
19 33 23 214 38 40
19 33 24 214 38 40
19 33 25 214 38 40
19 33 26 214 38 40
19 33 27 214 38 40
19 33 28 214 38 40
19 33 29 214 38 40
19 33 30 214 38 40
19 33 31 214 38 40
19 33 32 214 38 40
19 34 0 214 38 40
19 34 1 214 38 40
19 34 2 214 38 40
19 34 3 214 38 40
19 34 4 214 38 40
20 0 0 43 160 4
20 0 1 43 160 4
20 0 2 43 160 4
20 0 3 43 160 4
20 0 4 43 160 4
20 0 5 43 160 4
20 0 6 43 160 4
20 0 7 43 160 4
20 0 8 43 160 4
20 0 9 43 160 4
20 0 10 43 160 4
20 0 11 43 160 4
20 0 12 43 160 4
20 0 13 255 186 119
20 0 14 255 186 119
20 0 15 255 186 119
20 0 16 255 186 119
20 0 17 255 186 119
20 0 18 255 186 119
20 0 19 255 186 119
20 0 20 255 186 119
20 0 21 255 186 119
20 0 22 255 186 119
20 0 23 255 186 119
20 0 24 255 186 119
20 0 25 255 186 119
20 0 26 255 186 119
20 0 27 255 186 119
20 0 28 255 186 119
20 0 29 255 186 119
20 0 30 255 186 119
20 0 31 255 186 119
20 0 32 158 216 229
20 1 13 255 186 119
20 1 14 255 186 119
20 1 15 255 186 119
20 1 16 255 186 119
20 1 17 255 186 119
20 1 18 255 186 119
20 1 19 255 186 119
20 1 20 255 186 119
20 1 21 255 186 119
20 1 22 255 186 119
20 1 23 255 186 119
20 1 24 255 186 119
20 1 25 255 186 119
20 1 26 255 186 119
20 1 27 255 186 119
20 1 28 255 186 119
20 1 29 255 186 119
20 1 30 255 186 119
20 1 31 255 186 119
20 1 32 158 216 229
20 2 13 255 186 119
20 2 14 255 186 119
20 2 15 255 186 119
20 2 16 255 186 119
20 2 17 255 186 119
20 2 18 255 186 119
20 2 19 255 186 119
20 2 20 255 186 119
20 2 21 255 186 119
20 2 22 255 186 119
20 2 23 255 186 119
20 2 24 255 186 119
20 2 25 255 186 119
20 2 26 255 186 119
20 2 27 255 186 119
20 2 28 255 186 119
20 2 29 255 186 119
20 2 30 255 186 119
20 2 31 255 186 119
20 2 32 158 216 229
20 3 13 255 186 119
20 3 14 255 186 119
20 3 15 255 186 119
20 3 16 255 186 119
20 3 17 255 186 119
20 3 18 255 186 119
20 3 19 255 186 119
20 3 20 255 186 119
20 3 21 255 186 119
20 3 22 255 186 119
20 3 23 255 186 119
20 3 24 255 186 119
20 3 25 255 186 119
20 3 26 255 186 119
20 3 27 255 186 119
20 3 28 255 186 119
20 3 29 255 186 119
20 3 30 255 186 119
20 3 31 255 186 119
20 3 32 158 216 229
20 4 13 255 186 119
20 4 14 255 186 119
20 4 15 255 186 119
20 4 16 255 186 119
20 4 17 255 186 119
20 4 18 255 186 119
20 4 19 255 186 119
20 4 20 255 186 119
20 4 21 255 186 119
20 4 22 255 186 119
20 4 23 255 186 119
20 4 24 255 186 119
20 4 25 255 186 119
20 4 26 255 186 119
20 4 27 255 186 119
20 4 28 255 186 119
20 4 29 255 186 119
20 4 30 255 186 119
20 4 31 255 186 119
20 4 32 158 216 229
20 5 13 255 186 119
20 5 14 255 186 119
20 5 15 255 186 119
20 5 16 255 186 119
20 5 17 255 186 119
20 5 18 255 186 119
20 5 19 255 186 119
20 5 20 255 186 119
20 5 21 255 186 119
20 5 22 255 186 119
20 5 23 255 186 119
20 5 24 255 186 119
20 5 25 255 186 119
20 5 26 255 186 119
20 5 27 255 186 119
20 5 28 255 186 119
20 5 29 255 186 119
20 5 30 255 186 119
20 5 31 255 186 119
20 5 32 158 216 229
20 6 13 255 186 119
20 6 14 255 186 119
20 6 15 255 186 119
20 6 16 255 186 119
20 6 17 255 186 119
20 6 18 255 186 119
20 6 19 255 186 119
20 6 20 255 186 119
20 6 21 255 186 119
20 6 22 255 186 119
20 6 23 255 186 119
20 6 24 255 186 119
20 6 25 255 186 119
20 6 26 255 186 119
20 6 27 255 186 119
20 6 28 255 186 119
20 6 29 255 186 119
20 6 30 255 186 119
20 6 31 255 186 119
20 6 32 158 216 229
20 7 13 255 186 119
20 7 14 255 186 119
20 7 15 255 186 119
20 7 28 196 175 214
20 7 29 196 175 214
20 7 30 196 175 214
20 7 31 196 175 214
20 7 32 158 216 229
20 8 28 196 175 214
20 8 29 196 175 214
20 8 30 196 175 214
20 8 31 196 175 214
20 8 32 158 216 229
20 9 28 196 175 214
20 9 29 196 175 214
20 9 30 196 175 214
20 9 31 196 175 214
20 9 32 158 216 229
20 10 30 196 175 214
20 10 31 196 175 214
20 10 32 158 216 229
20 11 30 196 175 214
20 11 31 196 175 214
20 11 32 158 216 229
20 12 30 196 175 214
20 12 31 196 175 214
20 12 32 158 216 229
20 13 32 158 216 229
20 14 32 158 216 229
20 15 32 158 216 229
20 16 32 158 216 229
20 17 32 158 216 229
20 18 32 158 216 229
20 19 32 158 216 229
20 20 32 158 216 229
20 21 32 158 216 229
20 22 32 158 216 229
20 23 32 158 216 229
20 24 32 158 216 229
20 25 32 158 216 229
20 26 32 158 216 229
20 27 32 158 216 229
20 28 32 158 216 229
20 29 32 158 216 229
20 29 33 158 216 229
20 30 32 158 216 229
20 30 33 158 216 229
20 31 32 158 216 229
20 31 33 158 216 229
20 32 30 214 38 40
20 32 31 214 38 40
20 32 32 158 216 229
20 32 33 158 216 229
20 33 0 214 38 40
20 33 1 214 38 40
20 33 2 214 38 40
20 33 3 214 38 40
20 33 4 214 38 40
20 33 5 214 38 40
20 33 6 214 38 40
20 33 7 214 38 40
20 33 8 214 38 40
20 33 9 214 38 40
20 33 10 214 38 40
20 33 11 214 38 40
20 33 12 214 38 40
20 33 13 214 38 40
20 33 14 214 38 40
20 33 15 214 38 40
20 33 16 214 38 40
20 33 17 214 38 40
20 33 18 214 38 40
20 33 19 214 38 40
20 33 20 214 38 40
20 33 21 214 38 40
20 33 22 214 38 40
20 33 23 214 38 40
20 33 24 214 38 40
20 33 25 214 38 40
20 33 26 214 38 40
20 33 27 214 38 40
20 33 28 214 38 40
20 33 29 214 38 40
20 33 30 214 38 40
20 33 31 214 38 40
20 33 32 214 38 40
20 34 0 214 38 40
20 34 1 214 38 40
20 34 2 214 38 40
20 34 3 214 38 40
20 34 4 214 38 40
21 0 0 43 160 4
21 0 1 43 160 4
21 0 2 43 160 4
21 0 3 43 160 4
21 0 4 43 160 4
21 0 5 43 160 4
21 0 6 43 160 4
21 0 7 43 160 4
21 0 8 43 160 4
21 0 9 43 160 4
21 0 10 43 160 4
21 0 11 43 160 4
21 0 12 43 160 4
21 0 13 255 186 119
21 0 14 255 186 119
21 0 15 255 186 119
21 0 16 255 186 119
21 0 17 255 186 119
21 0 18 255 186 119
21 0 19 255 186 119
21 0 20 255 186 119
21 0 21 255 186 119
21 0 22 255 186 119
21 0 23 255 186 119
21 0 24 255 186 119
21 0 25 255 186 119
21 0 26 255 186 119
21 0 27 255 186 119
21 0 28 255 186 119
21 0 29 255 186 119
21 0 30 255 186 119
21 0 31 158 216 229
21 1 12 255 186 119
21 1 13 255 186 119
21 1 14 255 186 119
21 1 15 255 186 119
21 1 16 255 186 119
21 1 17 255 186 119
21 1 18 255 186 119
21 1 19 255 186 119
21 1 20 255 186 119
21 1 21 255 186 119
21 1 22 255 186 119
21 1 23 255 186 119
21 1 24 255 186 119
21 1 25 255 186 119
21 1 26 255 186 119
21 1 27 255 186 119
21 1 28 255 186 119
21 1 29 255 186 119
21 1 30 255 186 119
21 1 31 158 216 229
21 2 12 255 186 119
21 2 13 255 186 119
21 2 14 255 186 119
21 2 15 255 186 119
21 2 16 255 186 119
21 2 17 255 186 119
21 2 18 255 186 119
21 2 19 255 186 119
21 2 20 255 186 119
21 2 21 255 186 119
21 2 22 255 186 119
21 2 23 255 186 119
21 2 24 255 186 119
21 2 25 255 186 119
21 2 26 255 186 119
21 2 27 255 186 119
21 2 28 255 186 119
21 2 29 255 186 119
21 2 30 255 186 119
21 2 31 158 216 229
21 3 12 255 186 119
21 3 13 255 186 119
21 3 14 255 186 119
21 3 15 255 186 119
21 3 16 255 186 119
21 3 17 255 186 119
21 3 18 255 186 119
21 3 19 255 186 119
21 3 20 255 186 119
21 3 21 255 186 119
21 3 22 255 186 119
21 3 23 255 186 119
21 3 24 255 186 119
21 3 25 255 186 119
21 3 26 255 186 119
21 3 27 255 186 119
21 3 28 255 186 119
21 3 29 255 186 119
21 3 30 255 186 119
21 3 31 158 216 229
21 3 32 158 216 229
21 4 12 255 186 119
21 4 13 255 186 119
21 4 14 255 186 119
21 4 15 255 186 119
21 4 16 255 186 119
21 4 17 255 186 119
21 4 18 255 186 119
21 4 19 255 186 119
21 4 20 255 186 119
21 4 21 255 186 119
21 4 22 255 186 119
21 4 23 255 186 119
21 4 24 255 186 119
21 4 25 255 186 119
21 4 26 255 186 119
21 4 27 255 186 119
21 4 28 255 186 119
21 4 29 255 186 119
21 4 30 255 186 119
21 4 31 158 216 229
21 4 32 158 216 229
21 5 12 255 186 119
21 5 13 255 186 119
21 5 14 255 186 119
21 5 15 255 186 119
21 5 16 255 186 119
21 5 17 255 186 119
21 5 18 255 186 119
21 5 19 255 186 119
21 5 20 255 186 119
21 5 21 255 186 119
21 5 22 255 186 119
21 5 23 255 186 119
21 5 24 255 186 119
21 5 25 255 186 119
21 5 26 255 186 119
21 5 27 255 186 119
21 5 28 255 186 119
21 5 29 255 186 119
21 5 30 255 186 119
21 5 31 158 216 229
21 5 32 158 216 229
21 6 12 255 186 119
21 6 13 255 186 119
21 6 14 255 186 119
21 6 15 255 186 119
21 6 16 255 186 119
21 6 17 255 186 119
21 6 18 255 186 119
21 6 19 255 186 119
21 6 20 255 186 119
21 6 21 255 186 119
21 6 22 255 186 119
21 6 23 255 186 119
21 6 24 255 186 119
21 6 25 255 186 119
21 6 26 255 186 119
21 6 27 255 186 119
21 6 28 255 186 119
21 6 29 255 186 119
21 6 30 255 186 119
21 6 31 158 216 229
21 6 32 158 216 229
21 7 13 255 186 119
21 7 14 255 186 119
21 7 15 255 186 119
21 7 16 255 186 119
21 7 28 196 175 214
21 7 29 196 175 214
21 7 30 196 175 214
21 7 31 158 216 229
21 7 32 158 216 229
21 8 28 196 175 214
21 8 29 196 175 214
21 8 30 196 175 214
21 8 31 158 216 229
21 8 32 158 216 229
21 9 28 196 175 214
21 9 29 196 175 214
21 9 30 196 175 214
21 9 31 158 216 229
21 9 32 158 216 229
21 10 30 196 175 214
21 10 31 158 216 229
21 10 32 158 216 229
21 11 30 196 175 214
21 11 31 196 175 214
21 11 32 158 216 229
21 12 31 158 216 229
21 12 32 158 216 229
21 13 31 158 216 229
21 13 32 158 216 229
21 14 31 158 216 229
21 14 32 158 216 229
21 15 31 158 216 229
21 15 32 158 216 229
21 16 31 158 216 229
21 16 32 158 216 229
21 17 31 158 216 229
21 17 32 158 216 229
21 18 31 158 216 229
21 18 32 158 216 229
21 19 31 158 216 229
21 19 32 158 216 229
21 20 31 158 216 229
21 20 32 158 216 229
21 21 31 158 216 229
21 21 32 158 216 229
21 22 31 158 216 229
21 22 32 158 216 229
21 23 31 158 216 229
21 23 32 158 216 229
21 24 31 158 216 229
21 24 32 158 216 229
21 25 31 158 216 229
21 25 32 158 216 229
21 26 31 158 216 229
21 26 32 158 216 229
21 27 31 158 216 229
21 27 32 158 216 229
21 28 32 158 216 229
21 29 32 158 216 229
21 30 32 158 216 229
21 31 32 158 216 229
21 32 31 214 38 40
21 32 32 158 216 229
21 33 0 214 38 40
21 33 1 214 38 40
21 33 2 214 38 40
21 33 3 214 38 40
21 33 4 214 38 40
21 33 5 214 38 40
21 33 6 214 38 40
21 33 7 214 38 40
21 33 8 214 38 40
21 33 9 214 38 40
21 33 10 214 38 40
21 33 11 214 38 40
21 33 12 214 38 40
21 33 13 214 38 40
21 33 14 214 38 40
21 33 15 214 38 40
21 33 16 214 38 40
21 33 17 214 38 40
21 33 18 214 38 40
21 33 19 214 38 40
21 33 20 214 38 40
21 33 21 214 38 40
21 33 22 214 38 40
21 33 23 214 38 40
21 33 24 214 38 40
21 33 25 214 38 40
21 33 26 214 38 40
21 33 27 214 38 40
21 33 28 214 38 40
21 33 29 214 38 40
21 33 30 214 38 40
21 33 31 214 38 40
21 33 32 214 38 40
21 34 0 214 38 40
21 34 1 214 38 40
21 34 2 214 38 40
21 34 3 214 38 40
21 34 4 214 38 40
21 34 5 214 38 40
22 0 0 43 160 4
22 0 1 43 160 4
22 0 2 43 160 4
22 0 3 43 160 4
22 0 4 43 160 4
22 0 5 43 160 4
22 0 6 43 160 4
22 0 7 43 160 4
22 0 8 43 160 4
22 0 9 43 160 4
22 0 10 43 160 4
22 0 11 43 160 4
22 0 12 255 186 119
22 0 13 255 186 119
22 0 14 255 186 119
22 0 15 255 186 119
22 0 16 255 186 119
22 0 17 255 186 119
22 0 18 255 186 119
22 0 19 255 186 119
22 0 20 255 186 119
22 0 21 255 186 119
22 0 22 255 186 119
22 0 23 255 186 119
22 0 24 255 186 119
22 0 25 255 186 119
22 0 26 255 186 119
22 0 27 255 186 119
22 0 28 255 186 119
22 0 29 255 186 119
22 0 30 255 186 119
22 0 31 158 216 229
22 1 12 255 186 119
22 1 13 255 186 119
22 1 14 255 186 119
22 1 15 255 186 119
22 1 16 255 186 119
22 1 17 255 186 119
22 1 18 255 186 119
22 1 19 255 186 119
22 1 20 255 186 119
22 1 21 255 186 119
22 1 22 255 186 119
22 1 23 255 186 119
22 1 24 255 186 119
22 1 25 255 186 119
22 1 26 255 186 119
22 1 27 255 186 119
22 1 28 255 186 119
22 1 29 255 186 119
22 1 30 255 186 119
22 1 31 158 216 229
22 2 12 255 186 119
22 2 13 255 186 119
22 2 14 255 186 119
22 2 15 255 186 119
22 2 16 255 186 119
22 2 17 255 186 119
22 2 18 255 186 119
22 2 19 255 186 119
22 2 20 255 186 119
22 2 21 255 186 119
22 2 22 255 186 119
22 2 23 255 186 119
22 2 24 255 186 119
22 2 25 255 186 119
22 2 26 255 186 119
22 2 27 255 186 119
22 2 28 255 186 119
22 2 29 255 186 119
22 2 30 255 186 119
22 2 31 158 216 229
22 3 12 255 186 119
22 3 13 255 186 119
22 3 14 255 186 119
22 3 15 255 186 119
22 3 16 255 186 119
22 3 17 255 186 119
22 3 18 255 186 119
22 3 19 255 186 119
22 3 20 255 186 119
22 3 21 255 186 119
22 3 22 255 186 119
22 3 23 255 186 119
22 3 24 255 186 119
22 3 25 255 186 119
22 3 26 255 186 119
22 3 27 255 186 119
22 3 28 255 186 119
22 3 29 255 186 119
22 3 30 255 186 119
22 3 31 158 216 229
22 4 12 255 186 119
22 4 13 255 186 119
22 4 14 255 186 119
22 4 15 255 186 119
22 4 16 255 186 119
22 4 17 255 186 119
22 4 18 255 186 119
22 4 19 255 186 119
22 4 20 255 186 119
22 4 21 255 186 119
22 4 22 255 186 119
22 4 23 255 186 119
22 4 24 255 186 119
22 4 25 255 186 119
22 4 26 255 186 119
22 4 27 255 186 119
22 4 28 255 186 119
22 4 29 255 186 119
22 4 30 255 186 119
22 4 31 158 216 229
22 5 12 255 186 119
22 5 13 255 186 119
22 5 14 255 186 119
22 5 15 255 186 119
22 5 16 255 186 119
22 5 17 255 186 119
22 5 18 255 186 119
22 5 19 255 186 119
22 5 20 255 186 119
22 5 21 255 186 119
22 5 22 255 186 119
22 5 23 255 186 119
22 5 24 255 186 119
22 5 25 255 186 119
22 5 26 255 186 119
22 5 27 255 186 119
22 5 28 255 186 119
22 5 29 255 186 119
22 5 30 255 186 119
22 5 31 158 216 229
22 6 12 255 186 119
22 6 13 255 186 119
22 6 14 255 186 119
22 6 15 255 186 119
22 6 16 255 186 119
22 6 17 255 186 119
22 6 18 255 186 119
22 6 19 255 186 119
22 6 20 255 186 119
22 6 21 255 186 119
22 6 22 255 186 119
22 6 23 255 186 119
22 6 24 255 186 119
22 6 25 255 186 119
22 6 26 255 186 119
22 6 27 255 186 119
22 6 28 255 186 119
22 6 29 255 186 119
22 6 30 255 186 119
22 6 31 158 216 229
22 7 12 255 186 119
22 7 13 255 186 119
22 7 14 255 186 119
22 7 15 255 186 119
22 7 16 255 186 119
22 7 28 196 175 214
22 7 29 196 175 214
22 7 30 196 175 214
22 7 31 158 216 229
22 8 28 196 175 214
22 8 29 196 175 214
22 8 30 196 175 214
22 8 31 158 216 229
22 9 28 196 175 214
22 9 29 196 175 214
22 9 30 196 175 214
22 9 31 158 216 229
22 10 31 158 216 229
22 11 31 158 216 229
22 12 31 158 216 229
22 13 31 158 216 229
22 14 31 158 216 229
22 15 31 158 216 229
22 16 31 158 216 229
22 17 31 158 216 229
22 18 31 158 216 229
22 19 31 158 216 229
22 20 31 158 216 229
22 20 32 158 216 229
22 21 31 158 216 229
22 21 32 158 216 229
22 22 31 158 216 229
22 22 32 158 216 229
22 23 31 158 216 229
22 23 32 158 216 229
22 24 31 158 216 229
22 24 32 158 216 229
22 25 31 158 216 229
22 25 32 158 216 229
22 26 31 158 216 229
22 26 32 158 216 229
22 27 31 158 216 229
22 27 32 158 216 229
22 28 31 158 216 229
22 28 32 158 216 229
22 29 31 158 216 229
22 29 32 158 216 229
22 30 31 158 216 229
22 30 32 158 216 229
22 31 31 158 216 229
22 31 32 158 216 229
22 32 31 158 216 229
22 32 32 158 216 229
22 33 0 214 38 40
22 33 1 214 38 40
22 33 2 214 38 40
22 33 3 214 38 40
22 33 4 214 38 40
22 33 5 214 38 40
22 33 6 214 38 40
22 33 7 214 38 40
22 33 8 214 38 40
22 33 9 214 38 40
22 33 10 214 38 40
22 33 11 214 38 40
22 33 12 214 38 40
22 33 13 214 38 40
22 33 14 214 38 40
22 33 15 214 38 40
22 33 16 214 38 40
22 33 17 214 38 40
22 33 18 214 38 40
22 33 19 214 38 40
22 33 20 214 38 40
22 33 21 214 38 40
22 33 22 214 38 40
22 33 23 214 38 40
22 33 24 214 38 40
22 33 25 214 38 40
22 33 26 214 38 40
22 33 27 214 38 40
22 33 28 214 38 40
22 33 29 214 38 40
22 33 30 214 38 40
22 33 31 214 38 40
22 34 0 214 38 40
22 34 1 214 38 40
22 34 2 214 38 40
22 34 3 214 38 40
22 34 4 214 38 40
22 34 5 214 38 40
23 0 0 43 160 4
23 0 1 43 160 4
23 0 2 43 160 4
23 0 3 43 160 4
23 0 4 43 160 4
23 0 5 43 160 4
23 0 6 43 160 4
23 0 7 43 160 4
23 0 8 43 160 4
23 0 9 43 160 4
23 0 10 43 160 4
23 0 11 43 160 4
23 0 12 255 186 119
23 0 13 255 186 119
23 0 14 255 186 119
23 0 15 255 186 119
23 0 16 255 186 119
23 0 17 255 186 119
23 0 18 255 186 119
23 0 19 255 186 119
23 0 20 255 186 119
23 0 21 255 186 119
23 0 22 255 186 119
23 0 23 255 186 119
23 0 24 255 186 119
23 0 25 255 186 119
23 0 26 255 186 119
23 0 27 255 186 119
23 0 28 255 186 119
23 0 29 255 186 119
23 0 30 158 216 229
23 0 31 158 216 229
23 1 12 255 186 119
23 1 13 255 186 119
23 1 14 255 186 119
23 1 15 255 186 119
23 1 16 255 186 119
23 1 17 255 186 119
23 1 18 255 186 119
23 1 19 255 186 119
23 1 20 255 186 119
23 1 21 255 186 119
23 1 22 255 186 119
23 1 23 255 186 119
23 1 24 255 186 119
23 1 25 255 186 119
23 1 26 255 186 119
23 1 27 255 186 119
23 1 28 255 186 119
23 1 29 255 186 119
23 1 30 158 216 229
23 1 31 158 216 229
23 2 12 255 186 119
23 2 13 255 186 119
23 2 14 255 186 119
23 2 15 255 186 119
23 2 16 255 186 119
23 2 17 255 186 119
23 2 18 255 186 119
23 2 19 255 186 119
23 2 20 255 186 119
23 2 21 255 186 119
23 2 22 255 186 119
23 2 23 255 186 119
23 2 24 255 186 119
23 2 25 255 186 119
23 2 26 255 186 119
23 2 27 255 186 119
23 2 28 255 186 119
23 2 29 255 186 119
23 2 30 158 216 229
23 2 31 158 216 229
23 3 12 255 186 119
23 3 13 255 186 119
23 3 14 255 186 119
23 3 15 255 186 119
23 3 16 255 186 119
23 3 17 255 186 119
23 3 18 255 186 119
23 3 19 255 186 119
23 3 20 255 186 119
23 3 21 255 186 119
23 3 22 255 186 119
23 3 23 255 186 119
23 3 24 255 186 119
23 3 25 255 186 119
23 3 26 255 186 119
23 3 27 255 186 119
23 3 28 255 186 119
23 3 29 255 186 119
23 3 30 158 216 229
23 3 31 158 216 229
23 4 12 255 186 119
23 4 13 255 186 119
23 4 14 255 186 119
23 4 15 255 186 119
23 4 16 255 186 119
23 4 17 255 186 119
23 4 18 255 186 119
23 4 19 255 186 119
23 4 20 255 186 119
23 4 21 255 186 119
23 4 22 255 186 119
23 4 23 255 186 119
23 4 24 255 186 119
23 4 25 255 186 119
23 4 26 255 186 119
23 4 27 255 186 119
23 4 28 255 186 119
23 4 29 255 186 119
23 4 30 158 216 229
23 4 31 158 216 229
23 5 12 255 186 119
23 5 13 255 186 119
23 5 14 255 186 119
23 5 15 255 186 119
23 5 16 255 186 119
23 5 17 255 186 119
23 5 18 255 186 119
23 5 19 255 186 119
23 5 20 255 186 119
23 5 21 255 186 119
23 5 22 255 186 119
23 5 23 255 186 119
23 5 24 255 186 119
23 5 25 255 186 119
23 5 26 255 186 119
23 5 27 255 186 119
23 5 28 255 186 119
23 5 29 255 186 119
23 5 30 255 186 119
23 5 31 158 216 229
23 6 12 255 186 119
23 6 13 255 186 119
23 6 14 255 186 119
23 6 15 255 186 119
23 6 16 255 186 119
23 6 17 255 186 119
23 6 18 255 186 119
23 6 19 255 186 119
23 6 20 255 186 119
23 6 21 255 186 119
23 6 22 255 186 119
23 6 23 255 186 119
23 6 24 255 186 119
23 6 25 255 186 119
23 6 26 255 186 119
23 6 27 255 186 119
23 6 28 255 186 119
23 6 29 255 186 119
23 6 30 158 216 229
23 6 31 158 216 229
23 7 12 255 186 119
23 7 13 255 186 119
23 7 14 255 186 119
23 7 15 255 186 119
23 7 16 255 186 119
23 7 17 255 186 119
23 7 27 196 175 214
23 7 28 196 175 214
23 7 29 196 175 214
23 7 30 196 175 214
23 7 31 158 216 229
23 8 27 196 175 214
23 8 28 196 175 214
23 8 29 196 175 214
23 8 30 196 175 214
23 8 31 158 216 229
23 9 27 196 175 214
23 9 28 196 175 214
23 9 29 196 175 214
23 9 30 158 216 229
23 9 31 158 216 229
23 10 30 158 216 229
23 10 31 158 216 229
23 11 30 158 216 229
23 11 31 158 216 229
23 12 30 158 216 229
23 12 31 158 216 229
23 13 30 158 216 229
23 13 31 158 216 229
23 14 30 158 216 229
23 14 31 158 216 229
23 15 30 158 216 229
23 15 31 158 216 229
23 16 30 158 216 229
23 16 31 158 216 229
23 17 30 158 216 229
23 17 31 158 216 229
23 18 30 158 216 229
23 18 31 158 216 229
23 19 31 158 216 229
23 20 31 158 216 229
23 21 31 158 216 229
23 22 31 158 216 229
23 23 31 158 216 229
23 24 31 158 216 229
23 25 31 158 216 229
23 26 31 158 216 229
23 27 31 158 216 229
23 28 31 158 216 229
23 29 31 158 216 229
23 30 31 158 216 229
23 31 31 158 216 229
23 32 31 158 216 229
23 33 0 214 38 40
23 33 1 214 38 40
23 33 2 214 38 40
23 33 3 214 38 40
23 33 4 214 38 40
23 33 5 214 38 40
23 33 6 214 38 40
23 33 7 214 38 40
23 33 8 214 38 40
23 33 9 214 38 40
23 33 10 214 38 40
23 33 11 214 38 40
23 33 12 214 38 40
23 33 13 214 38 40
23 33 14 214 38 40
23 33 15 214 38 40
23 33 16 214 38 40
23 33 17 214 38 40
23 33 18 214 38 40
23 33 19 214 38 40
23 33 20 214 38 40
23 33 21 214 38 40
23 33 22 214 38 40
23 33 23 214 38 40
23 33 24 214 38 40
23 33 25 214 38 40
23 33 26 214 38 40
23 33 27 214 38 40
23 33 28 214 38 40
23 33 29 214 38 40
23 33 30 214 38 40
23 33 31 214 38 40
23 34 0 214 38 40
23 34 1 214 38 40
23 34 2 214 38 40
23 34 3 214 38 40
23 34 4 214 38 40
23 34 5 214 38 40
23 34 6 214 38 40
24 0 0 43 160 4
24 0 1 43 160 4
24 0 2 43 160 4
24 0 3 43 160 4
24 0 4 43 160 4
24 0 5 43 160 4
24 0 6 43 160 4
24 0 7 43 160 4
24 0 8 43 160 4
24 0 9 43 160 4
24 0 10 43 160 4
24 0 11 43 160 4
24 0 12 255 186 119
24 0 13 255 186 119
24 0 14 255 186 119
24 0 15 255 186 119
24 0 16 255 186 119
24 0 17 255 186 119
24 0 18 255 186 119
24 0 19 255 186 119
24 0 20 255 186 119
24 0 21 255 186 119
24 0 22 255 186 119
24 0 23 255 186 119
24 0 24 255 186 119
24 0 25 255 186 119
24 0 26 255 186 119
24 0 27 255 186 119
24 0 28 255 186 119
24 0 29 255 186 119
24 0 30 158 216 229
24 1 11 255 186 119
24 1 12 255 186 119
24 1 13 255 186 119
24 1 14 255 186 119
24 1 15 255 186 119
24 1 16 255 186 119
24 1 17 255 186 119
24 1 18 255 186 119
24 1 19 255 186 119
24 1 20 255 186 119
24 1 21 255 186 119
24 1 22 255 186 119
24 1 23 255 186 119
24 1 24 255 186 119
24 1 25 255 186 119
24 1 26 255 186 119
24 1 27 255 186 119
24 1 28 255 186 119
24 1 29 255 186 119
24 1 30 158 216 229
24 2 11 255 186 119
24 2 12 255 186 119
24 2 13 255 186 119
24 2 14 255 186 119
24 2 15 255 186 119
24 2 16 255 186 119
24 2 17 255 186 119
24 2 18 255 186 119
24 2 19 255 186 119
24 2 20 255 186 119
24 2 21 255 186 119
24 2 22 255 186 119
24 2 23 255 186 119
24 2 24 255 186 119
24 2 25 255 186 119
24 2 26 255 186 119
24 2 27 255 186 119
24 2 28 255 186 119
24 2 29 255 186 119
24 2 30 158 216 229
24 3 11 255 186 119
24 3 12 255 186 119
24 3 13 255 186 119
24 3 14 255 186 119
24 3 15 255 186 119
24 3 16 255 186 119
24 3 17 255 186 119
24 3 18 255 186 119
24 3 19 255 186 119
24 3 20 255 186 119
24 3 21 255 186 119
24 3 22 255 186 119
24 3 23 255 186 119
24 3 24 255 186 119
24 3 25 255 186 119
24 3 26 255 186 119
24 3 27 255 186 119
24 3 28 255 186 119
24 3 29 255 186 119
24 3 30 158 216 229
24 4 11 255 186 119
24 4 12 255 186 119
24 4 13 255 186 119
24 4 14 255 186 119
24 4 15 255 186 119
24 4 16 255 186 119
24 4 17 255 186 119
24 4 18 255 186 119
24 4 19 255 186 119
24 4 20 255 186 119
24 4 21 255 186 119
24 4 22 255 186 119
24 4 23 255 186 119
24 4 24 255 186 119
24 4 25 255 186 119
24 4 26 255 186 119
24 4 27 255 186 119
24 4 28 255 186 119
24 4 29 255 186 119
24 4 30 158 216 229
24 5 11 255 186 119
24 5 12 255 186 119
24 5 13 255 186 119
24 5 14 255 186 119
24 5 15 255 186 119
24 5 16 255 186 119
24 5 17 255 186 119
24 5 18 255 186 119
24 5 19 255 186 119
24 5 20 255 186 119
24 5 21 255 186 119
24 5 22 255 186 119
24 5 23 255 186 119
24 5 24 255 186 119
24 5 25 255 186 119
24 5 26 255 186 119
24 5 27 255 186 119
24 5 28 255 186 119
24 5 29 255 186 119
24 5 30 158 216 229
24 6 11 255 186 119
24 6 12 255 186 119
24 6 13 255 186 119
24 6 14 255 186 119
24 6 15 255 186 119
24 6 16 255 186 119
24 6 17 255 186 119
24 6 18 255 186 119
24 6 19 255 186 119
24 6 20 255 186 119
24 6 21 255 186 119
24 6 22 255 186 119
24 6 23 255 186 119
24 6 24 255 186 119
24 6 25 255 186 119
24 6 26 255 186 119
24 6 27 255 186 119
24 6 28 255 186 119
24 6 29 255 186 119
24 6 30 158 216 229
24 7 11 255 186 119
24 7 12 255 186 119
24 7 13 255 186 119
24 7 14 255 186 119
24 7 15 255 186 119
24 7 16 255 186 119
24 7 17 255 186 119
24 7 27 196 175 214
24 7 28 196 175 214
24 7 29 196 175 214
24 7 30 158 216 229
24 8 27 196 175 214
24 8 28 196 175 214
24 8 29 196 175 214
24 8 30 158 216 229
24 9 27 196 175 214
24 9 28 196 175 214
24 9 29 196 175 214
24 9 30 158 216 229
24 10 30 158 216 229
24 11 30 158 216 229
24 12 30 158 216 229
24 12 31 158 216 229
24 13 30 158 216 229
24 13 31 158 216 229
24 14 30 158 216 229
24 14 31 158 216 229
24 15 30 158 216 229
24 15 31 158 216 229
24 16 30 158 216 229
24 16 31 158 216 229
24 17 30 158 216 229
24 17 31 158 216 229
24 18 30 158 216 229
24 18 31 158 216 229
24 19 30 158 216 229
24 19 31 158 216 229
24 20 30 158 216 229
24 20 31 158 216 229
24 21 30 158 216 229
24 21 31 158 216 229
24 22 30 158 216 229
24 22 31 158 216 229
24 23 30 158 216 229
24 23 31 158 216 229
24 24 30 158 216 229
24 24 31 158 216 229
24 25 30 158 216 229
24 25 31 158 216 229
24 26 30 158 216 229
24 26 31 158 216 229
24 27 30 158 216 229
24 27 31 158 216 229
24 28 30 158 216 229
24 28 31 158 216 229
24 29 30 158 216 229
24 29 31 158 216 229
24 30 30 158 216 229
24 30 31 158 216 229
24 31 30 158 216 229
24 31 31 158 216 229
24 32 30 158 216 229
24 32 31 158 216 229
24 33 0 214 38 40
24 33 1 214 38 40
24 33 2 214 38 40
24 33 3 214 38 40
24 33 4 214 38 40
24 33 5 214 38 40
24 33 6 214 38 40
24 33 7 214 38 40
24 33 8 214 38 40
24 33 9 214 38 40
24 33 10 214 38 40
24 33 11 214 38 40
24 33 12 214 38 40
24 33 13 214 38 40
24 33 14 214 38 40
24 33 15 214 38 40
24 33 16 214 38 40
24 33 17 214 38 40
24 33 18 214 38 40
24 33 19 214 38 40
24 33 20 214 38 40
24 33 21 214 38 40
24 33 22 214 38 40
24 33 23 214 38 40
24 33 24 214 38 40
24 33 25 214 38 40
24 33 26 214 38 40
24 33 27 214 38 40
24 33 28 214 38 40
24 33 29 214 38 40
24 33 30 214 38 40
24 33 31 158 216 229
24 34 0 214 38 40
24 34 1 214 38 40
24 34 2 214 38 40
24 34 3 214 38 40
24 34 4 214 38 40
24 34 5 214 38 40
24 34 6 214 38 40
25 0 0 43 160 4
25 0 1 43 160 4
25 0 2 43 160 4
25 0 3 43 160 4
25 0 4 43 160 4
25 0 5 43 160 4
25 0 6 43 160 4
25 0 7 43 160 4
25 0 8 43 160 4
25 0 9 43 160 4
25 0 10 43 160 4
25 0 11 255 186 119
25 0 12 255 186 119
25 0 13 255 186 119
25 0 14 255 186 119
25 0 15 255 186 119
25 0 16 255 186 119
25 0 17 255 186 119
25 0 18 255 186 119
25 0 19 255 186 119
25 0 20 255 186 119
25 0 21 255 186 119
25 0 22 255 186 119
25 0 23 255 186 119
25 0 24 255 186 119
25 0 25 255 186 119
25 0 26 255 186 119
25 0 27 255 186 119
25 0 28 255 186 119
25 0 29 255 186 119
25 0 30 158 216 229
25 1 11 255 186 119
25 1 12 255 186 119
25 1 13 255 186 119
25 1 14 255 186 119
25 1 15 255 186 119
25 1 16 255 186 119
25 1 17 255 186 119
25 1 18 255 186 119
25 1 19 255 186 119
25 1 20 255 186 119
25 1 21 255 186 119
25 1 22 255 186 119
25 1 23 255 186 119
25 1 24 255 186 119
25 1 25 255 186 119
25 1 26 255 186 119
25 1 27 255 186 119
25 1 28 255 186 119
25 1 29 255 186 119
25 1 30 158 216 229
25 2 11 255 186 119
25 2 12 255 186 119
25 2 13 255 186 119
25 2 14 255 186 119
25 2 15 255 186 119
25 2 16 255 186 119
25 2 17 255 186 119
25 2 18 255 186 119
25 2 19 255 186 119
25 2 20 255 186 119
25 2 21 255 186 119
25 2 22 255 186 119
25 2 23 255 186 119
25 2 24 255 186 119
25 2 25 255 186 119
25 2 26 255 186 119
25 2 27 255 186 119
25 2 28 255 186 119
25 2 29 255 186 119
25 2 30 158 216 229
25 3 11 255 186 119
25 3 12 255 186 119
25 3 13 255 186 119
25 3 14 255 186 119
25 3 15 255 186 119
25 3 16 255 186 119
25 3 17 255 186 119
25 3 18 255 186 119
25 3 19 255 186 119
25 3 20 255 186 119
25 3 21 255 186 119
25 3 22 255 186 119
25 3 23 255 186 119
25 3 24 255 186 119
25 3 25 255 186 119
25 3 26 255 186 119
25 3 27 255 186 119
25 3 28 255 186 119
25 3 29 255 186 119
25 3 30 158 216 229
25 4 11 255 186 119
25 4 12 255 186 119
25 4 13 255 186 119
25 4 14 255 186 119
25 4 15 255 186 119
25 4 16 255 186 119
25 4 17 255 186 119
25 4 18 255 186 119
25 4 19 255 186 119
25 4 20 255 186 119
25 4 21 255 186 119
25 4 22 255 186 119
25 4 23 255 186 119
25 4 24 255 186 119
25 4 25 255 186 119
25 4 26 255 186 119
25 4 27 255 186 119
25 4 28 255 186 119
25 4 29 255 186 119
25 4 30 158 216 229
25 5 11 255 186 119
25 5 12 255 186 119
25 5 13 255 186 119
25 5 14 255 186 119
25 5 15 255 186 119
25 5 16 255 186 119
25 5 17 255 186 119
25 5 18 255 186 119
25 5 19 255 186 119
25 5 20 255 186 119
25 5 21 255 186 119
25 5 22 255 186 119
25 5 23 255 186 119
25 5 24 255 186 119
25 5 25 255 186 119
25 5 26 255 186 119
25 5 27 255 186 119
25 5 28 255 186 119
25 5 29 255 186 119
25 5 30 158 216 229
25 6 11 255 186 119
25 6 12 255 186 119
25 6 13 255 186 119
25 6 14 255 186 119
25 6 15 255 186 119
25 6 16 255 186 119
25 6 17 255 186 119
25 6 18 255 186 119
25 6 19 255 186 119
25 6 20 255 186 119
25 6 21 255 186 119
25 6 22 255 186 119
25 6 23 255 186 119
25 6 24 255 186 119
25 6 25 255 186 119
25 6 26 255 186 119
25 6 27 255 186 119
25 6 28 255 186 119
25 6 29 255 186 119
25 6 30 158 216 229
25 7 11 255 186 119
25 7 12 255 186 119
25 7 13 255 186 119
25 7 14 255 186 119
25 7 15 255 186 119
25 7 16 255 186 119
25 7 17 255 186 119
25 7 18 255 186 119
25 7 26 196 175 214
25 7 27 196 175 214
25 7 28 196 175 214
25 7 29 196 175 214
25 7 30 158 216 229
25 8 26 196 175 214
25 8 27 196 175 214
25 8 28 196 175 214
25 8 29 196 175 214
25 8 30 158 216 229
25 9 26 196 175 214
25 9 27 196 175 214
25 9 28 196 175 214
25 9 29 196 175 214
25 9 30 158 216 229
25 10 29 158 216 229
25 10 30 158 216 229
25 11 30 158 216 229
25 12 30 158 216 229
25 13 30 158 216 229
25 14 30 158 216 229
25 15 30 158 216 229
25 16 30 158 216 229
25 17 30 158 216 229
25 18 30 158 216 229
25 19 30 158 216 229
25 20 30 158 216 229
25 21 30 158 216 229
25 22 30 158 216 229
25 23 30 158 216 229
25 24 30 158 216 229
25 25 30 158 216 229
25 26 30 158 216 229
25 27 30 158 216 229
25 28 30 158 216 229
25 29 30 158 216 229
25 29 31 158 216 229
25 30 30 158 216 229
25 30 31 158 216 229
25 31 30 158 216 229
25 31 31 158 216 229
25 32 30 158 216 229
25 32 31 158 216 229
25 33 0 214 38 40
25 33 1 214 38 40
25 33 2 214 38 40
25 33 3 214 38 40
25 33 4 214 38 40
25 33 5 214 38 40
25 33 6 214 38 40
25 33 7 214 38 40
25 33 8 214 38 40
25 33 9 214 38 40
25 33 10 214 38 40
25 33 11 214 38 40
25 33 12 214 38 40
25 33 13 214 38 40
25 33 14 214 38 40
25 33 15 214 38 40
25 33 16 214 38 40
25 33 17 214 38 40
25 33 18 214 38 40
25 33 19 214 38 40
25 33 20 214 38 40
25 33 21 214 38 40
25 33 22 214 38 40
25 33 23 214 38 40
25 33 24 214 38 40
25 33 25 214 38 40
25 33 26 214 38 40
25 33 27 214 38 40
25 33 28 214 38 40
25 33 29 214 38 40
25 33 30 214 38 40
25 34 0 214 38 40
25 34 1 214 38 40
25 34 2 214 38 40
25 34 3 214 38 40
25 34 4 214 38 40
25 34 5 214 38 40
25 34 6 214 38 40
25 34 7 214 38 40
26 0 0 43 160 4
26 0 1 43 160 4
26 0 2 43 160 4
26 0 3 43 160 4
26 0 4 43 160 4
26 0 5 43 160 4
26 0 6 43 160 4
26 0 7 43 160 4
26 0 8 43 160 4
26 0 9 43 160 4
26 0 10 43 160 4
26 0 11 255 186 119
26 0 12 255 186 119
26 0 13 255 186 119
26 0 14 255 186 119
26 0 15 255 186 119
26 0 16 255 186 119
26 0 17 255 186 119
26 0 18 255 186 119
26 0 19 255 186 119
26 0 20 255 186 119
26 0 21 255 186 119
26 0 22 255 186 119
26 0 23 255 186 119
26 0 24 255 186 119
26 0 25 255 186 119
26 0 26 255 186 119
26 0 27 255 186 119
26 0 28 255 186 119
26 0 29 158 216 229
26 1 10 255 186 119
26 1 11 255 186 119
26 1 12 255 186 119
26 1 13 255 186 119
26 1 14 255 186 119
26 1 15 255 186 119
26 1 16 255 186 119
26 1 17 255 186 119
26 1 18 255 186 119
26 1 19 255 186 119
26 1 20 255 186 119
26 1 21 255 186 119
26 1 22 255 186 119
26 1 23 255 186 119
26 1 24 255 186 119
26 1 25 255 186 119
26 1 26 255 186 119
26 1 27 255 186 119
26 1 28 255 186 119
26 1 29 158 216 229
26 2 10 255 186 119
26 2 11 255 186 119
26 2 12 255 186 119
26 2 13 255 186 119
26 2 14 255 186 119
26 2 15 255 186 119
26 2 16 255 186 119
26 2 17 255 186 119
26 2 18 255 186 119
26 2 19 255 186 119
26 2 20 255 186 119
26 2 21 255 186 119
26 2 22 255 186 119
26 2 23 255 186 119
26 2 24 255 186 119
26 2 25 255 186 119
26 2 26 255 186 119
26 2 27 255 186 119
26 2 28 255 186 119
26 2 29 158 216 229
26 3 10 255 186 119
26 3 11 255 186 119
26 3 12 255 186 119
26 3 13 255 186 119
26 3 14 255 186 119
26 3 15 255 186 119
26 3 16 255 186 119
26 3 17 255 186 119
26 3 18 255 186 119
26 3 19 255 186 119
26 3 20 255 186 119
26 3 21 255 186 119
26 3 22 255 186 119
26 3 23 255 186 119
26 3 24 255 186 119
26 3 25 255 186 119
26 3 26 255 186 119
26 3 27 255 186 119
26 3 28 255 186 119
26 3 29 158 216 229
26 3 30 158 216 229
26 4 10 255 186 119
26 4 11 255 186 119
26 4 12 255 186 119
26 4 13 255 186 119
26 4 14 255 186 119
26 4 15 255 186 119
26 4 16 255 186 119
26 4 17 255 186 119
26 4 18 255 186 119
26 4 19 255 186 119
26 4 20 255 186 119
26 4 21 255 186 119
26 4 22 255 186 119
26 4 23 255 186 119
26 4 24 255 186 119
26 4 25 255 186 119
26 4 26 255 186 119
26 4 27 255 186 119
26 4 28 255 186 119
26 4 29 158 216 229
26 4 30 158 216 229
26 5 10 255 186 119
26 5 11 255 186 119
26 5 12 255 186 119
26 5 13 255 186 119
26 5 14 255 186 119
26 5 15 255 186 119
26 5 16 255 186 119
26 5 17 255 186 119
26 5 18 255 186 119
26 5 19 255 186 119
26 5 20 255 186 119
26 5 21 255 186 119
26 5 22 255 186 119
26 5 23 255 186 119
26 5 24 255 186 119
26 5 25 255 186 119
26 5 26 255 186 119
26 5 27 255 186 119
26 5 28 255 186 119
26 5 29 158 216 229
26 5 30 158 216 229
26 6 10 255 186 119
26 6 11 255 186 119
26 6 12 255 186 119
26 6 13 255 186 119
26 6 14 255 186 119
26 6 15 255 186 119
26 6 16 255 186 119
26 6 17 255 186 119
26 6 18 255 186 119
26 6 19 255 186 119
26 6 20 255 186 119
26 6 21 255 186 119
26 6 22 255 186 119
26 6 23 255 186 119
26 6 24 255 186 119
26 6 25 255 186 119
26 6 26 255 186 119
26 6 27 255 186 119
26 6 28 255 186 119
26 6 29 158 216 229
26 6 30 158 216 229
26 7 11 255 186 119
26 7 12 255 186 119
26 7 13 255 186 119
26 7 14 255 186 119
26 7 15 255 186 119
26 7 16 255 186 119
26 7 17 255 186 119
26 7 18 255 186 119
26 7 26 196 175 214
26 7 27 196 175 214
26 7 28 196 175 214
26 7 29 158 216 229
26 7 30 158 216 229
26 8 26 196 175 214
26 8 27 196 175 214
26 8 28 196 175 214
26 8 29 158 216 229
26 8 30 158 216 229
26 9 26 196 175 214
26 9 27 196 175 214
26 9 28 196 175 214
26 9 29 158 216 229
26 9 30 158 216 229
26 10 29 158 216 229
26 10 30 158 216 229
26 11 29 158 216 229
26 11 30 158 216 229
26 12 29 158 216 229
26 12 30 158 216 229
26 13 29 158 216 229
26 13 30 158 216 229
26 14 29 158 216 229
26 14 30 158 216 229
26 15 29 158 216 229
26 15 30 158 216 229
26 16 29 158 216 229
26 16 30 158 216 229
26 17 29 158 216 229
26 17 30 158 216 229
26 18 29 158 216 229
26 18 30 158 216 229
26 19 29 158 216 229
26 19 30 158 216 229
26 20 29 158 216 229
26 20 30 158 216 229
26 21 29 158 216 229
26 21 30 158 216 229
26 22 29 158 216 229
26 22 30 158 216 229
26 23 29 158 216 229
26 23 30 158 216 229
26 24 29 158 216 229
26 24 30 158 216 229
26 25 29 158 216 229
26 25 30 158 216 229
26 26 29 158 216 229
26 26 30 158 216 229
26 27 29 158 216 229
26 27 30 158 216 229
26 28 30 158 216 229
26 29 30 158 216 229
26 30 30 158 216 229
26 31 30 158 216 229
26 32 30 158 216 229
26 33 0 214 38 40
26 33 1 214 38 40
26 33 2 214 38 40
26 33 3 214 38 40
26 33 4 214 38 40
26 33 5 214 38 40
26 33 6 214 38 40
26 33 7 214 38 40
26 33 8 214 38 40
26 33 9 214 38 40
26 33 10 214 38 40
26 33 11 214 38 40
26 33 12 214 38 40
26 33 13 214 38 40
26 33 14 214 38 40
26 33 15 214 38 40
26 33 16 214 38 40
26 33 17 214 38 40
26 33 18 214 38 40
26 33 19 214 38 40
26 33 20 214 38 40
26 33 21 214 38 40
26 33 22 214 38 40
26 33 23 214 38 40
26 33 24 214 38 40
26 33 25 214 38 40
26 33 26 214 38 40
26 33 27 214 38 40
26 33 28 214 38 40
26 33 29 214 38 40
26 33 30 158 216 229
26 34 0 214 38 40
26 34 1 214 38 40
26 34 2 214 38 40
26 34 3 214 38 40
26 34 4 214 38 40
26 34 5 214 38 40
26 34 6 214 38 40
26 34 7 214 38 40
27 0 0 43 160 4
27 0 1 43 160 4
27 0 2 43 160 4
27 0 3 43 160 4
27 0 4 43 160 4
27 0 5 43 160 4
27 0 6 43 160 4
27 0 7 43 160 4
27 0 8 43 160 4
27 0 9 43 160 4
27 0 10 43 160 4
27 0 11 255 186 119
27 0 12 255 186 119
27 0 13 255 186 119
27 0 14 255 186 119
27 0 15 255 186 119
27 0 16 255 186 119
27 0 17 255 186 119
27 0 18 255 186 119
27 0 19 255 186 119
27 0 20 255 186 119
27 0 21 255 186 119
27 0 22 255 186 119
27 0 23 255 186 119
27 0 24 255 186 119
27 0 25 255 186 119
27 0 26 255 186 119
27 0 27 255 186 119
27 0 28 255 186 119
27 0 29 158 216 229
27 1 10 255 186 119
27 1 11 255 186 119
27 1 12 255 186 119
27 1 13 255 186 119
27 1 14 255 186 119
27 1 15 255 186 119
27 1 16 255 186 119
27 1 17 255 186 119
27 1 18 255 186 119
27 1 19 255 186 119
27 1 20 255 186 119
27 1 21 255 186 119
27 1 22 255 186 119
27 1 23 255 186 119
27 1 24 255 186 119
27 1 25 255 186 119
27 1 26 255 186 119
27 1 27 255 186 119
27 1 28 255 186 119
27 1 29 158 216 229
27 2 10 255 186 119
27 2 11 255 186 119
27 2 12 255 186 119
27 2 13 255 186 119
27 2 14 255 186 119
27 2 15 255 186 119
27 2 16 255 186 119
27 2 17 255 186 119
27 2 18 255 186 119
27 2 19 255 186 119
27 2 20 255 186 119
27 2 21 255 186 119
27 2 22 255 186 119
27 2 23 255 186 119
27 2 24 255 186 119
27 2 25 255 186 119
27 2 26 255 186 119
27 2 27 255 186 119
27 2 28 255 186 119
27 2 29 158 216 229
27 3 10 255 186 119
27 3 11 255 186 119
27 3 12 255 186 119
27 3 13 255 186 119
27 3 14 255 186 119
27 3 15 255 186 119
27 3 16 255 186 119
27 3 17 255 186 119
27 3 18 255 186 119
27 3 19 255 186 119
27 3 20 255 186 119
27 3 21 255 186 119
27 3 22 255 186 119
27 3 23 255 186 119
27 3 24 255 186 119
27 3 25 255 186 119
27 3 26 255 186 119
27 3 27 255 186 119
27 3 28 255 186 119
27 3 29 158 216 229
27 4 10 255 186 119
27 4 11 255 186 119
27 4 12 255 186 119
27 4 13 255 186 119
27 4 14 255 186 119
27 4 15 255 186 119
27 4 16 255 186 119
27 4 17 255 186 119
27 4 18 255 186 119
27 4 19 255 186 119
27 4 20 255 186 119
27 4 21 255 186 119
27 4 22 255 186 119
27 4 23 255 186 119
27 4 24 255 186 119
27 4 25 255 186 119
27 4 26 255 186 119
27 4 27 255 186 119
27 4 28 255 186 119
27 4 29 158 216 229
27 5 10 255 186 119
27 5 11 255 186 119
27 5 12 255 186 119
27 5 13 255 186 119
27 5 14 255 186 119
27 5 15 255 186 119
27 5 16 255 186 119
27 5 17 255 186 119
27 5 18 255 186 119
27 5 19 255 186 119
27 5 20 255 186 119
27 5 21 255 186 119
27 5 22 255 186 119
27 5 23 255 186 119
27 5 24 255 186 119
27 5 25 255 186 119
27 5 26 255 186 119
27 5 27 255 186 119
27 5 28 255 186 119
27 5 29 158 216 229
27 6 10 255 186 119
27 6 11 255 186 119
27 6 12 255 186 119
27 6 13 255 186 119
27 6 14 255 186 119
27 6 15 255 186 119
27 6 16 255 186 119
27 6 17 255 186 119
27 6 18 255 186 119
27 6 19 255 186 119
27 6 20 255 186 119
27 6 21 255 186 119
27 6 22 255 186 119
27 6 23 255 186 119
27 6 24 255 186 119
27 6 25 255 186 119
27 6 26 255 186 119
27 6 27 255 186 119
27 6 28 255 186 119
27 6 29 158 216 229
27 7 10 255 186 119
27 7 11 255 186 119
27 7 12 255 186 119
27 7 13 255 186 119
27 7 14 255 186 119
27 7 15 255 186 119
27 7 16 255 186 119
27 7 17 255 186 119
27 7 18 255 186 119
27 7 19 255 186 119
27 7 26 196 175 214
27 7 27 196 175 214
27 7 28 196 175 214
27 7 29 158 216 229
27 8 26 196 175 214
27 8 27 196 175 214
27 8 28 196 175 214
27 8 29 158 216 229
27 9 26 196 175 214
27 9 27 196 175 214
27 9 28 196 175 214
27 9 29 158 216 229
27 10 29 158 216 229
27 11 29 158 216 229
27 12 29 158 216 229
27 13 29 158 216 229
27 14 29 158 216 229
27 15 29 158 216 229
27 16 29 158 216 229
27 17 29 158 216 229
27 18 29 158 216 229
27 19 29 158 216 229
27 20 29 158 216 229
27 20 30 158 216 229
27 21 29 158 216 229
27 21 30 158 216 229
27 22 29 158 216 229
27 22 30 158 216 229
27 23 29 158 216 229
27 23 30 158 216 229
27 24 29 158 216 229
27 24 30 158 216 229
27 25 29 158 216 229
27 25 30 158 216 229
27 26 29 158 216 229
27 26 30 158 216 229
27 27 29 158 216 229
27 27 30 158 216 229
27 28 29 158 216 229
27 28 30 158 216 229
27 29 29 158 216 229
27 29 30 158 216 229
27 30 29 158 216 229
27 30 30 158 216 229
27 31 29 158 216 229
27 31 30 158 216 229
27 32 29 158 216 229
27 32 30 158 216 229
27 33 0 214 38 40
27 33 1 214 38 40
27 33 2 214 38 40
27 33 3 214 38 40
27 33 4 214 38 40
27 33 5 214 38 40
27 33 6 214 38 40
27 33 7 214 38 40
27 33 8 214 38 40
27 33 9 214 38 40
27 33 10 214 38 40
27 33 11 214 38 40
27 33 12 214 38 40
27 33 13 214 38 40
27 33 14 214 38 40
27 33 15 214 38 40
27 33 16 214 38 40
27 33 17 214 38 40
27 33 18 214 38 40
27 33 19 214 38 40
27 33 20 214 38 40
27 33 21 214 38 40
27 33 22 214 38 40
27 33 23 214 38 40
27 33 24 214 38 40
27 33 25 214 38 40
27 33 26 214 38 40
27 33 27 214 38 40
27 33 28 214 38 40
27 33 29 214 38 40
27 33 30 158 216 229
27 34 0 214 38 40
27 34 1 214 38 40
27 34 2 214 38 40
27 34 3 214 38 40
27 34 4 214 38 40
27 34 5 214 38 40
27 34 6 214 38 40
27 34 7 214 38 40
27 34 8 214 38 40
28 0 0 43 160 4
28 0 1 43 160 4
28 0 2 43 160 4
28 0 3 43 160 4
28 0 4 43 160 4
28 0 5 43 160 4
28 0 6 43 160 4
28 0 7 43 160 4
28 0 8 43 160 4
28 0 9 43 160 4
28 0 10 255 186 119
28 0 11 255 186 119
28 0 12 255 186 119
28 0 13 255 186 119
28 0 14 255 186 119
28 0 15 255 186 119
28 0 16 255 186 119
28 0 17 255 186 119
28 0 18 255 186 119
28 0 19 255 186 119
28 0 20 255 186 119
28 0 21 255 186 119
28 0 22 255 186 119
28 0 23 255 186 119
28 0 24 255 186 119
28 0 25 255 186 119
28 0 26 255 186 119
28 0 27 255 186 119
28 0 28 158 216 229
28 0 29 158 216 229
28 1 9 255 186 119
28 1 10 255 186 119
28 1 11 255 186 119
28 1 12 255 186 119
28 1 13 255 186 119
28 1 14 255 186 119
28 1 15 255 186 119
28 1 16 255 186 119
28 1 17 255 186 119
28 1 18 255 186 119
28 1 19 255 186 119
28 1 20 255 186 119
28 1 21 255 186 119
28 1 22 255 186 119
28 1 23 255 186 119
28 1 24 255 186 119
28 1 25 255 186 119
28 1 26 255 186 119
28 1 27 255 186 119
28 1 28 158 216 229
28 1 29 158 216 229
28 2 10 255 186 119
28 2 11 255 186 119
28 2 12 255 186 119
28 2 13 255 186 119
28 2 14 255 186 119
28 2 15 255 186 119
28 2 16 255 186 119
28 2 17 255 186 119
28 2 18 255 186 119
28 2 19 255 186 119
28 2 20 255 186 119
28 2 21 255 186 119
28 2 22 255 186 119
28 2 23 255 186 119
28 2 24 255 186 119
28 2 25 255 186 119
28 2 26 255 186 119
28 2 27 255 186 119
28 2 28 158 216 229
28 2 29 158 216 229
28 3 10 255 186 119
28 3 11 255 186 119
28 3 12 255 186 119
28 3 13 255 186 119
28 3 14 255 186 119
28 3 15 255 186 119
28 3 16 255 186 119
28 3 17 255 186 119
28 3 18 255 186 119
28 3 19 255 186 119
28 3 20 255 186 119
28 3 21 255 186 119
28 3 22 255 186 119
28 3 23 255 186 119
28 3 24 255 186 119
28 3 25 255 186 119
28 3 26 255 186 119
28 3 27 255 186 119
28 3 28 158 216 229
28 3 29 158 216 229
28 4 10 255 186 119
28 4 11 255 186 119
28 4 12 255 186 119
28 4 13 255 186 119
28 4 14 255 186 119
28 4 15 255 186 119
28 4 16 255 186 119
28 4 17 255 186 119
28 4 18 255 186 119
28 4 19 255 186 119
28 4 20 255 186 119
28 4 21 255 186 119
28 4 22 255 186 119
28 4 23 255 186 119
28 4 24 255 186 119
28 4 25 255 186 119
28 4 26 255 186 119
28 4 27 255 186 119
28 4 28 158 216 229
28 4 29 158 216 229
28 5 10 255 186 119
28 5 11 255 186 119
28 5 12 255 186 119
28 5 13 255 186 119
28 5 14 255 186 119
28 5 15 255 186 119
28 5 16 255 186 119
28 5 17 255 186 119
28 5 18 255 186 119
28 5 19 255 186 119
28 5 20 255 186 119
28 5 21 255 186 119
28 5 22 255 186 119
28 5 23 255 186 119
28 5 24 255 186 119
28 5 25 255 186 119
28 5 26 255 186 119
28 5 27 255 186 119
28 5 28 255 186 119
28 5 29 158 216 229
28 6 10 255 186 119
28 6 11 255 186 119
28 6 12 255 186 119
28 6 13 255 186 119
28 6 14 255 186 119
28 6 15 255 186 119
28 6 16 255 186 119
28 6 17 255 186 119
28 6 18 255 186 119
28 6 19 255 186 119
28 6 20 255 186 119
28 6 21 255 186 119
28 6 22 255 186 119
28 6 23 255 186 119
28 6 24 255 186 119
28 6 25 255 186 119
28 6 26 255 186 119
28 6 27 255 186 119
28 6 28 255 186 119
28 6 29 158 216 229
28 7 10 255 186 119
28 7 11 255 186 119
28 7 12 255 186 119
28 7 13 255 186 119
28 7 14 255 186 119
28 7 15 255 186 119
28 7 16 255 186 119
28 7 17 255 186 119
28 7 18 255 186 119
28 7 19 255 186 119
28 7 25 196 175 214
28 7 26 196 175 214
28 7 27 196 175 214
28 7 28 196 175 214
28 7 29 158 216 229
28 8 25 196 175 214
28 8 26 196 175 214
28 8 27 196 175 214
28 8 28 196 175 214
28 8 29 158 216 229
28 9 25 196 175 214
28 9 26 196 175 214
28 9 27 196 175 214
28 9 28 196 175 214
28 9 29 158 216 229
28 10 28 158 216 229
28 10 29 158 216 229
28 11 28 158 216 229
28 11 29 158 216 229
28 12 28 158 216 229
28 12 29 158 216 229
28 13 28 158 216 229
28 13 29 158 216 229
28 14 28 158 216 229
28 14 29 158 216 229
28 15 28 158 216 229
28 15 29 158 216 229
28 16 28 158 216 229
28 16 29 158 216 229
28 17 28 158 216 229
28 17 29 158 216 229
28 18 28 158 216 229
28 18 29 158 216 229
28 19 29 158 216 229
28 20 29 158 216 229
28 21 29 158 216 229
28 22 29 158 216 229
28 23 29 158 216 229
28 24 29 158 216 229
28 25 29 158 216 229
28 26 29 158 216 229
28 27 29 158 216 229
28 28 29 158 216 229
28 29 29 158 216 229
28 30 29 158 216 229
28 31 29 158 216 229
28 32 29 158 216 229
28 33 0 214 38 40
28 33 1 214 38 40
28 33 2 214 38 40
28 33 3 214 38 40
28 33 4 214 38 40
28 33 5 214 38 40
28 33 6 214 38 40
28 33 7 214 38 40
28 33 8 214 38 40
28 33 9 214 38 40
28 33 10 214 38 40
28 33 11 214 38 40
28 33 12 214 38 40
28 33 13 214 38 40
28 33 14 214 38 40
28 33 15 214 38 40
28 33 16 214 38 40
28 33 17 214 38 40
28 33 18 214 38 40
28 33 19 214 38 40
28 33 20 214 38 40
28 33 21 214 38 40
28 33 22 214 38 40
28 33 23 214 38 40
28 33 24 214 38 40
28 33 25 214 38 40
28 33 26 214 38 40
28 33 27 214 38 40
28 33 28 214 38 40
28 33 29 214 38 40
28 34 0 214 38 40
28 34 1 214 38 40
28 34 2 214 38 40
28 34 3 214 38 40
28 34 4 214 38 40
28 34 5 214 38 40
28 34 6 214 38 40
28 34 7 214 38 40
28 34 8 214 38 40
29 0 0 43 160 4
29 0 1 43 160 4
29 0 2 43 160 4
29 0 3 43 160 4
29 0 4 43 160 4
29 0 5 43 160 4
29 0 6 43 160 4
29 0 7 43 160 4
29 0 8 43 160 4
29 0 9 43 160 4
29 0 10 255 186 119
29 0 11 255 186 119
29 0 12 255 186 119
29 0 13 255 186 119
29 0 14 255 186 119
29 0 15 255 186 119
29 0 16 255 186 119
29 0 17 255 186 119
29 0 18 255 186 119
29 0 19 255 186 119
29 0 20 255 186 119
29 0 21 255 186 119
29 0 22 255 186 119
29 0 23 255 186 119
29 0 24 255 186 119
29 0 25 255 186 119
29 0 26 255 186 119
29 0 27 255 186 119
29 0 28 158 216 229
29 1 9 255 186 119
29 1 10 255 186 119
29 1 11 255 186 119
29 1 12 255 186 119
29 1 13 255 186 119
29 1 14 255 186 119
29 1 15 255 186 119
29 1 16 255 186 119
29 1 17 255 186 119
29 1 18 255 186 119
29 1 19 255 186 119
29 1 20 255 186 119
29 1 21 255 186 119
29 1 22 255 186 119
29 1 23 255 186 119
29 1 24 255 186 119
29 1 25 255 186 119
29 1 26 255 186 119
29 1 27 255 186 119
29 1 28 158 216 229
29 2 9 255 186 119
29 2 10 255 186 119
29 2 11 255 186 119
29 2 12 255 186 119
29 2 13 255 186 119
29 2 14 255 186 119
29 2 15 255 186 119
29 2 16 255 186 119
29 2 17 255 186 119
29 2 18 255 186 119
29 2 19 255 186 119
29 2 20 255 186 119
29 2 21 255 186 119
29 2 22 255 186 119
29 2 23 255 186 119
29 2 24 255 186 119
29 2 25 255 186 119
29 2 26 255 186 119
29 2 27 255 186 119
29 2 28 158 216 229
29 3 9 255 186 119
29 3 10 255 186 119
29 3 11 255 186 119
29 3 12 255 186 119
29 3 13 255 186 119
29 3 14 255 186 119
29 3 15 255 186 119
29 3 16 255 186 119
29 3 17 255 186 119
29 3 18 255 186 119
29 3 19 255 186 119
29 3 20 255 186 119
29 3 21 255 186 119
29 3 22 255 186 119
29 3 23 255 186 119
29 3 24 255 186 119
29 3 25 255 186 119
29 3 26 255 186 119
29 3 27 255 186 119
29 3 28 158 216 229
29 4 9 255 186 119
29 4 10 255 186 119
29 4 11 255 186 119
29 4 12 255 186 119
29 4 13 255 186 119
29 4 14 255 186 119
29 4 15 255 186 119
29 4 16 255 186 119
29 4 17 255 186 119
29 4 18 255 186 119
29 4 19 255 186 119
29 4 20 255 186 119
29 4 21 255 186 119
29 4 22 255 186 119
29 4 23 255 186 119
29 4 24 255 186 119
29 4 25 255 186 119
29 4 26 255 186 119
29 4 27 255 186 119
29 4 28 158 216 229
29 5 9 255 186 119
29 5 10 255 186 119
29 5 11 255 186 119
29 5 12 255 186 119
29 5 13 255 186 119
29 5 14 255 186 119
29 5 15 255 186 119
29 5 16 255 186 119
29 5 17 255 186 119
29 5 18 255 186 119
29 5 19 255 186 119
29 5 20 255 186 119
29 5 21 255 186 119
29 5 22 255 186 119
29 5 23 255 186 119
29 5 24 255 186 119
29 5 25 255 186 119
29 5 26 255 186 119
29 5 27 255 186 119
29 5 28 158 216 229
29 6 9 255 186 119
29 6 10 255 186 119
29 6 11 255 186 119
29 6 12 255 186 119
29 6 13 255 186 119
29 6 14 255 186 119
29 6 15 255 186 119
29 6 16 255 186 119
29 6 17 255 186 119
29 6 18 255 186 119
29 6 19 255 186 119
29 6 20 255 186 119
29 6 21 255 186 119
29 6 22 255 186 119
29 6 23 255 186 119
29 6 24 255 186 119
29 6 25 255 186 119
29 6 26 255 186 119
29 6 27 255 186 119
29 6 28 158 216 229
29 7 9 255 186 119
29 7 10 255 186 119
29 7 11 255 186 119
29 7 12 255 186 119
29 7 13 255 186 119
29 7 14 255 186 119
29 7 15 255 186 119
29 7 16 255 186 119
29 7 17 255 186 119
29 7 18 255 186 119
29 7 19 255 186 119
29 7 20 255 186 119
29 7 25 196 175 214
29 7 26 196 175 214
29 7 27 196 175 214
29 7 28 158 216 229
29 8 25 196 175 214
29 8 26 196 175 214
29 8 27 196 175 214
29 8 28 158 216 229
29 9 25 196 175 214
29 9 26 196 175 214
29 9 27 196 175 214
29 9 28 158 216 229
29 10 28 158 216 229
29 11 28 158 216 229
29 12 28 158 216 229
29 12 29 158 216 229
29 13 28 158 216 229
29 13 29 158 216 229
29 14 28 158 216 229
29 14 29 158 216 229
29 15 28 158 216 229
29 15 29 158 216 229
29 16 28 158 216 229
29 16 29 158 216 229
29 17 28 158 216 229
29 17 29 158 216 229
29 18 28 158 216 229
29 18 29 158 216 229
29 19 28 158 216 229
29 19 29 158 216 229
29 20 28 158 216 229
29 20 29 158 216 229
29 21 28 158 216 229
29 21 29 158 216 229
29 22 28 158 216 229
29 22 29 158 216 229
29 23 28 158 216 229
29 23 29 158 216 229
29 24 28 158 216 229
29 24 29 158 216 229
29 25 28 158 216 229
29 25 29 158 216 229
29 26 28 158 216 229
29 26 29 158 216 229
29 27 28 158 216 229
29 27 29 158 216 229
29 28 28 158 216 229
29 28 29 158 216 229
29 29 28 158 216 229
29 29 29 158 216 229
29 30 28 158 216 229
29 30 29 158 216 229
29 31 28 158 216 229
29 31 29 158 216 229
29 32 28 158 216 229
29 32 29 158 216 229
29 33 1 214 38 40
29 33 2 214 38 40
29 33 3 214 38 40
29 33 4 214 38 40
29 33 5 214 38 40
29 33 6 214 38 40
29 33 7 214 38 40
29 33 8 214 38 40
29 33 9 214 38 40
29 33 10 214 38 40
29 33 11 214 38 40
29 33 12 214 38 40
29 33 13 214 38 40
29 33 14 214 38 40
29 33 15 214 38 40
29 33 16 214 38 40
29 33 17 214 38 40
29 33 18 214 38 40
29 33 19 214 38 40
29 33 20 214 38 40
29 33 21 214 38 40
29 33 22 214 38 40
29 33 23 214 38 40
29 33 24 214 38 40
29 33 25 214 38 40
29 33 26 214 38 40
29 33 27 214 38 40
29 33 28 214 38 40
29 33 29 158 216 229
29 34 0 214 38 40
29 34 1 214 38 40
29 34 2 214 38 40
29 34 3 214 38 40
29 34 4 214 38 40
29 34 5 214 38 40
29 34 6 214 38 40
29 34 7 214 38 40
29 34 8 214 38 40
29 34 9 214 38 40
30 0 0 43 160 4
30 0 1 43 160 4
30 0 2 43 160 4
30 0 3 43 160 4
30 0 4 43 160 4
30 0 5 43 160 4
30 0 6 43 160 4
30 0 7 43 160 4
30 0 8 43 160 4
30 0 9 255 186 119
30 0 10 255 186 119
30 0 11 255 186 119
30 0 12 255 186 119
30 0 13 255 186 119
30 0 14 255 186 119
30 0 15 255 186 119
30 0 16 255 186 119
30 0 17 255 186 119
30 0 18 255 186 119
30 0 19 255 186 119
30 0 20 255 186 119
30 0 21 255 186 119
30 0 22 255 186 119
30 0 23 255 186 119
30 0 24 255 186 119
30 0 25 255 186 119
30 0 26 255 186 119
30 0 27 255 186 119
30 0 28 158 216 229
30 1 9 255 186 119
30 1 10 255 186 119
30 1 11 255 186 119
30 1 12 255 186 119
30 1 13 255 186 119
30 1 14 255 186 119
30 1 15 255 186 119
30 1 16 255 186 119
30 1 17 255 186 119
30 1 18 255 186 119
30 1 19 255 186 119
30 1 20 255 186 119
30 1 21 255 186 119
30 1 22 255 186 119
30 1 23 255 186 119
30 1 24 255 186 119
30 1 25 255 186 119
30 1 26 255 186 119
30 1 27 255 186 119
30 1 28 158 216 229
30 2 9 255 186 119
30 2 10 255 186 119
30 2 11 255 186 119
30 2 12 255 186 119
30 2 13 255 186 119
30 2 14 255 186 119
30 2 15 255 186 119
30 2 16 255 186 119
30 2 17 255 186 119
30 2 18 255 186 119
30 2 19 255 186 119
30 2 20 255 186 119
30 2 21 255 186 119
30 2 22 255 186 119
30 2 23 255 186 119
30 2 24 255 186 119
30 2 25 255 186 119
30 2 26 255 186 119
30 2 27 255 186 119
30 2 28 158 216 229
30 3 9 255 186 119
30 3 10 255 186 119
30 3 11 255 186 119
30 3 12 255 186 119
30 3 13 255 186 119
30 3 14 255 186 119
30 3 15 255 186 119
30 3 16 255 186 119
30 3 17 255 186 119
30 3 18 255 186 119
30 3 19 255 186 119
30 3 20 255 186 119
30 3 21 255 186 119
30 3 22 255 186 119
30 3 23 255 186 119
30 3 24 255 186 119
30 3 25 255 186 119
30 3 26 255 186 119
30 3 27 255 186 119
30 3 28 158 216 229
30 4 9 255 186 119
30 4 10 255 186 119
30 4 11 255 186 119
30 4 12 255 186 119
30 4 13 255 186 119
30 4 14 255 186 119
30 4 15 255 186 119
30 4 16 255 186 119
30 4 17 255 186 119
30 4 18 255 186 119
30 4 19 255 186 119
30 4 20 255 186 119
30 4 21 255 186 119
30 4 22 255 186 119
30 4 23 255 186 119
30 4 24 255 186 119
30 4 25 255 186 119
30 4 26 255 186 119
30 4 27 255 186 119
30 4 28 158 216 229
30 5 9 255 186 119
30 5 10 255 186 119
30 5 11 255 186 119
30 5 12 255 186 119
30 5 13 255 186 119
30 5 14 255 186 119
30 5 15 255 186 119
30 5 16 255 186 119
30 5 17 255 186 119
30 5 18 255 186 119
30 5 19 255 186 119
30 5 20 255 186 119
30 5 21 255 186 119
30 5 22 255 186 119
30 5 23 255 186 119
30 5 24 255 186 119
30 5 25 255 186 119
30 5 26 255 186 119
30 5 27 255 186 119
30 5 28 158 216 229
30 6 9 255 186 119
30 6 10 255 186 119
30 6 11 255 186 119
30 6 12 255 186 119
30 6 13 255 186 119
30 6 14 255 186 119
30 6 15 255 186 119
30 6 16 255 186 119
30 6 17 255 186 119
30 6 18 255 186 119
30 6 19 255 186 119
30 6 20 255 186 119
30 6 21 255 186 119
30 6 22 255 186 119
30 6 23 255 186 119
30 6 24 255 186 119
30 6 25 255 186 119
30 6 26 255 186 119
30 6 27 255 186 119
30 6 28 158 216 229
30 7 9 255 186 119
30 7 10 255 186 119
30 7 11 255 186 119
30 7 12 255 186 119
30 7 13 255 186 119
30 7 14 255 186 119
30 7 15 255 186 119
30 7 16 255 186 119
30 7 17 255 186 119
30 7 18 255 186 119
30 7 19 255 186 119
30 7 20 255 186 119
30 7 24 196 175 214
30 7 25 196 175 214
30 7 26 196 175 214
30 7 27 196 175 214
30 7 28 158 216 229
30 8 24 196 175 214
30 8 25 196 175 214
30 8 26 196 175 214
30 8 27 196 175 214
30 8 28 158 216 229
30 9 24 196 175 214
30 9 25 196 175 214
30 9 26 196 175 214
30 9 27 196 175 214
30 9 28 158 216 229
30 10 28 158 216 229
30 11 28 158 216 229
30 12 28 158 216 229
30 13 28 158 216 229
30 14 28 158 216 229
30 15 28 158 216 229
30 16 28 158 216 229
30 17 28 158 216 229
30 18 28 158 216 229
30 19 28 158 216 229
30 20 28 158 216 229
30 21 28 158 216 229
30 22 28 158 216 229
30 23 28 158 216 229
30 24 28 158 216 229
30 25 28 158 216 229
30 26 28 158 216 229
30 27 28 158 216 229
30 28 28 158 216 229
30 29 28 158 216 229
30 29 29 158 216 229
30 30 28 158 216 229
30 30 29 158 216 229
30 31 28 158 216 229
30 31 29 158 216 229
30 32 28 158 216 229
30 32 29 158 216 229
30 33 1 214 38 40
30 33 2 214 38 40
30 33 3 214 38 40
30 33 4 214 38 40
30 33 5 214 38 40
30 33 6 214 38 40
30 33 7 214 38 40
30 33 8 214 38 40
30 33 9 214 38 40
30 33 10 214 38 40
30 33 11 214 38 40
30 33 12 214 38 40
30 33 13 214 38 40
30 33 14 214 38 40
30 33 15 214 38 40
30 33 16 214 38 40
30 33 17 214 38 40
30 33 18 214 38 40
30 33 19 214 38 40
30 33 20 214 38 40
30 33 21 214 38 40
30 33 22 214 38 40
30 33 23 214 38 40
30 33 24 214 38 40
30 33 25 214 38 40
30 33 26 214 38 40
30 33 27 214 38 40
30 33 28 214 38 40
30 34 0 214 38 40
30 34 1 214 38 40
30 34 2 214 38 40
30 34 3 214 38 40
30 34 4 214 38 40
30 34 5 214 38 40
30 34 6 214 38 40
30 34 7 214 38 40
30 34 8 214 38 40
30 34 9 214 38 40
31 0 0 43 160 4
31 0 1 43 160 4
31 0 2 43 160 4
31 0 3 43 160 4
31 0 4 43 160 4
31 0 5 43 160 4
31 0 6 43 160 4
31 0 7 43 160 4
31 0 8 43 160 4
31 0 9 255 186 119
31 0 10 255 186 119
31 0 11 255 186 119
31 0 12 255 186 119
31 0 13 255 186 119
31 0 14 255 186 119
31 0 15 255 186 119
31 0 16 255 186 119
31 0 17 255 186 119
31 0 18 255 186 119
31 0 19 255 186 119
31 0 20 255 186 119
31 0 21 255 186 119
31 0 22 255 186 119
31 0 23 255 186 119
31 0 24 255 186 119
31 0 25 255 186 119
31 0 26 255 186 119
31 0 27 158 216 229
31 1 8 255 186 119
31 1 9 255 186 119
31 1 10 255 186 119
31 1 11 255 186 119
31 1 12 255 186 119
31 1 13 255 186 119
31 1 14 255 186 119
31 1 15 255 186 119
31 1 16 255 186 119
31 1 17 255 186 119
31 1 18 255 186 119
31 1 19 255 186 119
31 1 20 255 186 119
31 1 21 255 186 119
31 1 22 255 186 119
31 1 23 255 186 119
31 1 24 255 186 119
31 1 25 255 186 119
31 1 26 255 186 119
31 1 27 158 216 229
31 2 8 255 186 119
31 2 9 255 186 119
31 2 10 255 186 119
31 2 11 255 186 119
31 2 12 255 186 119
31 2 13 255 186 119
31 2 14 255 186 119
31 2 15 255 186 119
31 2 16 255 186 119
31 2 17 255 186 119
31 2 18 255 186 119
31 2 19 255 186 119
31 2 20 255 186 119
31 2 21 255 186 119
31 2 22 255 186 119
31 2 23 255 186 119
31 2 24 255 186 119
31 2 25 255 186 119
31 2 26 255 186 119
31 2 27 158 216 229
31 3 8 255 186 119
31 3 9 255 186 119
31 3 10 255 186 119
31 3 11 255 186 119
31 3 12 255 186 119
31 3 13 255 186 119
31 3 14 255 186 119
31 3 15 255 186 119
31 3 16 255 186 119
31 3 17 255 186 119
31 3 18 255 186 119
31 3 19 255 186 119
31 3 20 255 186 119
31 3 21 255 186 119
31 3 22 255 186 119
31 3 23 255 186 119
31 3 24 255 186 119
31 3 25 255 186 119
31 3 26 255 186 119
31 3 27 158 216 229
31 3 28 158 216 229
31 4 8 255 186 119
31 4 9 255 186 119
31 4 10 255 186 119
31 4 11 255 186 119
31 4 12 255 186 119
31 4 13 255 186 119
31 4 14 255 186 119
31 4 15 255 186 119
31 4 16 255 186 119
31 4 17 255 186 119
31 4 18 255 186 119
31 4 19 255 186 119
31 4 20 255 186 119
31 4 21 255 186 119
31 4 22 255 186 119
31 4 23 255 186 119
31 4 24 255 186 119
31 4 25 255 186 119
31 4 26 255 186 119
31 4 27 158 216 229
31 4 28 158 216 229
31 5 8 255 186 119
31 5 9 255 186 119
31 5 10 255 186 119
31 5 11 255 186 119
31 5 12 255 186 119
31 5 13 255 186 119
31 5 14 255 186 119
31 5 15 255 186 119
31 5 16 255 186 119
31 5 17 255 186 119
31 5 18 255 186 119
31 5 19 255 186 119
31 5 20 255 186 119
31 5 21 255 186 119
31 5 22 255 186 119
31 5 23 255 186 119
31 5 24 255 186 119
31 5 25 255 186 119
31 5 26 255 186 119
31 5 27 158 216 229
31 5 28 158 216 229
31 6 8 255 186 119
31 6 9 255 186 119
31 6 10 255 186 119
31 6 11 255 186 119
31 6 12 255 186 119
31 6 13 255 186 119
31 6 14 255 186 119
31 6 15 255 186 119
31 6 16 255 186 119
31 6 17 255 186 119
31 6 18 255 186 119
31 6 19 255 186 119
31 6 20 255 186 119
31 6 21 255 186 119
31 6 22 255 186 119
31 6 23 255 186 119
31 6 24 255 186 119
31 6 25 255 186 119
31 6 26 255 186 119
31 6 27 158 216 229
31 6 28 158 216 229
31 7 9 255 186 119
31 7 10 255 186 119
31 7 11 255 186 119
31 7 12 255 186 119
31 7 13 255 186 119
31 7 14 255 186 119
31 7 15 255 186 119
31 7 16 255 186 119
31 7 17 255 186 119
31 7 18 255 186 119
31 7 19 255 186 119
31 7 20 255 186 119
31 7 21 255 186 119
31 7 24 196 175 214
31 7 25 196 175 214
31 7 26 196 175 214
31 7 27 158 216 229
31 7 28 158 216 229
31 8 24 196 175 214
31 8 25 196 175 214
31 8 26 196 175 214
31 8 27 158 216 229
31 8 28 158 216 229
31 9 24 196 175 214
31 9 25 196 175 214
31 9 26 196 175 214
31 9 27 158 216 229
31 9 28 158 216 229
31 10 27 158 216 229
31 10 28 158 216 229
31 11 27 158 216 229
31 11 28 158 216 229
31 12 27 158 216 229
31 12 28 158 216 229
31 13 27 158 216 229
31 13 28 158 216 229
31 14 27 158 216 229
31 14 28 158 216 229
31 15 27 158 216 229
31 15 28 158 216 229
31 16 27 158 216 229
31 16 28 158 216 229
31 17 27 158 216 229
31 17 28 158 216 229
31 18 27 158 216 229
31 18 28 158 216 229
31 19 27 158 216 229
31 19 28 158 216 229
31 20 27 158 216 229
31 20 28 158 216 229
31 21 27 158 216 229
31 21 28 158 216 229
31 22 27 158 216 229
31 22 28 158 216 229
31 23 27 158 216 229
31 23 28 158 216 229
31 24 27 158 216 229
31 24 28 158 216 229
31 25 27 158 216 229
31 25 28 158 216 229
31 26 27 158 216 229
31 26 28 158 216 229
31 27 27 158 216 229
31 27 28 158 216 229
31 28 28 158 216 229
31 29 28 158 216 229
31 30 28 158 216 229
31 31 28 158 216 229
31 32 28 158 216 229
31 33 2 214 38 40
31 33 3 214 38 40
31 33 4 214 38 40
31 33 5 214 38 40
31 33 6 214 38 40
31 33 7 214 38 40
31 33 8 214 38 40
31 33 9 214 38 40
31 33 10 214 38 40
31 33 11 214 38 40
31 33 12 214 38 40
31 33 13 214 38 40
31 33 14 214 38 40
31 33 15 214 38 40
31 33 16 214 38 40
31 33 17 214 38 40
31 33 18 214 38 40
31 33 19 214 38 40
31 33 20 214 38 40
31 33 21 214 38 40
31 33 22 214 38 40
31 33 23 214 38 40
31 33 24 214 38 40
31 33 25 214 38 40
31 33 26 214 38 40
31 33 27 214 38 40
31 33 28 158 216 229
31 34 0 214 38 40
31 34 1 214 38 40
31 34 2 214 38 40
31 34 3 214 38 40
31 34 4 214 38 40
31 34 5 214 38 40
31 34 6 214 38 40
31 34 7 214 38 40
31 34 8 214 38 40
31 34 9 214 38 40
31 34 10 214 38 40
32 0 0 43 160 4
32 0 1 43 160 4
32 0 2 43 160 4
32 0 3 43 160 4
32 0 4 43 160 4
32 0 5 43 160 4
32 0 6 43 160 4
32 0 7 43 160 4
32 0 8 43 160 4
32 0 9 43 160 4
32 0 10 255 186 119
32 0 11 255 186 119
32 0 12 255 186 119
32 0 13 255 186 119
32 0 14 255 186 119
32 0 15 255 186 119
32 0 16 255 186 119
32 0 17 255 186 119
32 0 18 255 186 119
32 0 19 255 186 119
32 0 20 255 186 119
32 0 21 255 186 119
32 0 22 255 186 119
32 0 23 255 186 119
32 0 24 255 186 119
32 0 25 255 186 119
32 0 26 255 186 119
32 0 27 158 216 229
32 1 0 43 160 4
32 1 8 255 186 119
32 1 9 255 186 119
32 1 10 255 186 119
32 1 11 255 186 119
32 1 12 255 186 119
32 1 13 255 186 119
32 1 14 255 186 119
32 1 15 255 186 119
32 1 16 255 186 119
32 1 17 255 186 119
32 1 18 255 186 119
32 1 19 255 186 119
32 1 20 255 186 119
32 1 21 255 186 119
32 1 22 255 186 119
32 1 23 255 186 119
32 1 24 255 186 119
32 1 25 255 186 119
32 1 26 255 186 119
32 1 27 158 216 229
32 2 8 255 186 119
32 2 9 255 186 119
32 2 10 255 186 119
32 2 11 255 186 119
32 2 12 255 186 119
32 2 13 255 186 119
32 2 14 255 186 119
32 2 15 255 186 119
32 2 16 255 186 119
32 2 17 255 186 119
32 2 18 255 186 119
32 2 19 255 186 119
32 2 20 255 186 119
32 2 21 255 186 119
32 2 22 255 186 119
32 2 23 255 186 119
32 2 24 255 186 119
32 2 25 255 186 119
32 2 26 255 186 119
32 2 27 158 216 229
32 3 8 255 186 119
32 3 9 255 186 119
32 3 10 255 186 119
32 3 11 255 186 119
32 3 12 255 186 119
32 3 13 255 186 119
32 3 14 255 186 119
32 3 15 255 186 119
32 3 16 255 186 119
32 3 17 255 186 119
32 3 18 255 186 119
32 3 19 255 186 119
32 3 20 255 186 119
32 3 21 255 186 119
32 3 22 255 186 119
32 3 23 255 186 119
32 3 24 255 186 119
32 3 25 255 186 119
32 3 26 255 186 119
32 3 27 158 216 229
32 4 8 255 186 119
32 4 9 255 186 119
32 4 10 255 186 119
32 4 11 255 186 119
32 4 12 255 186 119
32 4 13 255 186 119
32 4 14 255 186 119
32 4 15 255 186 119
32 4 16 255 186 119
32 4 17 255 186 119
32 4 18 255 186 119
32 4 19 255 186 119
32 4 20 255 186 119
32 4 21 255 186 119
32 4 22 255 186 119
32 4 23 255 186 119
32 4 24 255 186 119
32 4 25 255 186 119
32 4 26 255 186 119
32 4 27 158 216 229
32 5 8 255 186 119
32 5 9 255 186 119
32 5 10 255 186 119
32 5 11 255 186 119
32 5 12 255 186 119
32 5 13 255 186 119
32 5 14 255 186 119
32 5 15 255 186 119
32 5 16 255 186 119
32 5 17 255 186 119
32 5 18 255 186 119
32 5 19 255 186 119
32 5 20 255 186 119
32 5 21 255 186 119
32 5 22 255 186 119
32 5 23 255 186 119
32 5 24 255 186 119
32 5 25 255 186 119
32 5 26 255 186 119
32 5 27 158 216 229
32 6 8 255 186 119
32 6 9 255 186 119
32 6 10 255 186 119
32 6 11 255 186 119
32 6 12 255 186 119
32 6 13 255 186 119
32 6 14 255 186 119
32 6 15 255 186 119
32 6 16 255 186 119
32 6 17 255 186 119
32 6 18 255 186 119
32 6 19 255 186 119
32 6 20 255 186 119
32 6 21 255 186 119
32 6 22 255 186 119
32 6 23 255 186 119
32 6 24 255 186 119
32 6 25 255 186 119
32 6 26 255 186 119
32 6 27 158 216 229
32 7 9 255 186 119
32 7 10 255 186 119
32 7 11 255 186 119
32 7 12 255 186 119
32 7 13 255 186 119
32 7 14 255 186 119
32 7 15 255 186 119
32 7 16 255 186 119
32 7 17 255 186 119
32 7 18 255 186 119
32 7 19 255 186 119
32 7 20 255 186 119
32 7 21 255 186 119
32 7 24 196 175 214
32 7 25 196 175 214
32 7 26 196 175 214
32 7 27 158 216 229
32 8 24 196 175 214
32 8 25 196 175 214
32 8 26 196 175 214
32 8 27 158 216 229
32 9 24 196 175 214
32 9 25 196 175 214
32 9 26 196 175 214
32 9 27 158 216 229
32 10 27 158 216 229
32 11 27 158 216 229
32 12 27 158 216 229
32 13 27 158 216 229
32 14 27 158 216 229
32 15 27 158 216 229
32 16 27 158 216 229
32 17 27 158 216 229
32 18 27 158 216 229
32 19 27 158 216 229
32 20 27 158 216 229
32 20 28 158 216 229
32 21 27 158 216 229
32 21 28 158 216 229
32 22 27 158 216 229
32 22 28 158 216 229
32 23 27 158 216 229
32 23 28 158 216 229
32 24 27 158 216 229
32 24 28 158 216 229
32 25 27 158 216 229
32 25 28 158 216 229
32 26 27 158 216 229
32 26 28 158 216 229
32 27 27 158 216 229
32 27 28 158 216 229
32 28 27 158 216 229
32 28 28 158 216 229
32 29 27 158 216 229
32 29 28 158 216 229
32 30 27 158 216 229
32 30 28 158 216 229
32 31 27 158 216 229
32 31 28 158 216 229
32 32 27 158 216 229
32 32 28 158 216 229
32 33 2 214 38 40
32 33 3 214 38 40
32 33 4 214 38 40
32 33 5 214 38 40
32 33 6 214 38 40
32 33 7 214 38 40
32 33 8 214 38 40
32 33 9 214 38 40
32 33 10 214 38 40
32 33 11 214 38 40
32 33 12 214 38 40
32 33 13 214 38 40
32 33 14 214 38 40
32 33 15 214 38 40
32 33 16 214 38 40
32 33 17 214 38 40
32 33 18 214 38 40
32 33 19 214 38 40
32 33 20 214 38 40
32 33 21 214 38 40
32 33 22 214 38 40
32 33 23 214 38 40
32 33 24 214 38 40
32 33 25 214 38 40
32 33 26 214 38 40
32 33 27 214 38 40
32 33 28 158 216 229
32 34 0 214 38 40
32 34 1 214 38 40
32 34 2 214 38 40
32 34 3 214 38 40
32 34 4 214 38 40
32 34 5 214 38 40
32 34 6 214 38 40
32 34 7 214 38 40
32 34 8 214 38 40
32 34 9 214 38 40
32 34 10 214 38 40
33 0 0 43 160 4
33 0 1 43 160 4
33 0 2 43 160 4
33 0 3 43 160 4
33 0 4 43 160 4
33 0 5 43 160 4
33 0 6 43 160 4
33 0 7 43 160 4
33 0 8 43 160 4
33 0 9 43 160 4
33 0 10 43 160 4
33 0 11 43 160 4
33 0 12 255 186 119
33 0 13 255 186 119
33 0 14 255 186 119
33 0 15 255 186 119
33 0 16 255 186 119
33 0 17 255 186 119
33 0 18 255 186 119
33 0 19 255 186 119
33 0 20 255 186 119
33 0 21 255 186 119
33 0 22 255 186 119
33 0 23 255 186 119
33 0 24 255 186 119
33 0 25 255 186 119
33 0 26 43 160 4
33 0 27 158 216 229
33 1 0 43 160 4
33 1 11 255 186 119
33 1 12 255 186 119
33 1 13 255 186 119
33 1 14 255 186 119
33 1 15 255 186 119
33 1 16 255 186 119
33 1 17 255 186 119
33 1 18 255 186 119
33 1 19 255 186 119
33 1 20 255 186 119
33 1 21 255 186 119
33 1 22 255 186 119
33 1 23 255 186 119
33 1 24 255 186 119
33 1 25 255 186 119
33 1 26 158 216 229
33 1 27 158 216 229
33 2 11 255 186 119
33 2 12 255 186 119
33 2 13 255 186 119
33 2 14 255 186 119
33 2 15 255 186 119
33 2 16 255 186 119
33 2 17 255 186 119
33 2 18 255 186 119
33 2 19 255 186 119
33 2 20 255 186 119
33 2 21 255 186 119
33 2 22 255 186 119
33 2 23 255 186 119
33 2 24 255 186 119
33 2 25 255 186 119
33 2 26 158 216 229
33 2 27 158 216 229
33 3 11 255 186 119
33 3 12 255 186 119
33 3 13 255 186 119
33 3 14 255 186 119
33 3 15 255 186 119
33 3 16 255 186 119
33 3 17 255 186 119
33 3 18 255 186 119
33 3 19 255 186 119
33 3 20 255 186 119
33 3 21 255 186 119
33 3 22 255 186 119
33 3 23 255 186 119
33 3 24 255 186 119
33 3 25 255 186 119
33 3 26 158 216 229
33 3 27 158 216 229
33 4 11 255 186 119
33 4 12 255 186 119
33 4 13 255 186 119
33 4 14 255 186 119
33 4 15 255 186 119
33 4 16 255 186 119
33 4 17 255 186 119
33 4 18 255 186 119
33 4 19 255 186 119
33 4 20 255 186 119
33 4 21 255 186 119
33 4 22 255 186 119
33 4 23 255 186 119
33 4 24 255 186 119
33 4 25 255 186 119
33 4 26 158 216 229
33 4 27 158 216 229
33 5 11 255 186 119
33 5 12 255 186 119
33 5 13 255 186 119
33 5 14 255 186 119
33 5 15 255 186 119
33 5 16 255 186 119
33 5 17 255 186 119
33 5 18 255 186 119
33 5 19 255 186 119
33 5 20 255 186 119
33 5 21 255 186 119
33 5 22 255 186 119
33 5 23 255 186 119
33 5 24 255 186 119
33 5 25 255 186 119
33 5 26 158 216 229
33 5 27 158 216 229
33 6 11 255 186 119
33 6 12 255 186 119
33 6 13 255 186 119
33 6 14 255 186 119
33 6 15 255 186 119
33 6 16 255 186 119
33 6 17 255 186 119
33 6 18 255 186 119
33 6 19 255 186 119
33 6 20 255 186 119
33 6 21 255 186 119
33 6 22 255 186 119
33 6 23 255 186 119
33 6 24 255 186 119
33 6 25 255 186 119
33 6 26 255 186 119
33 6 27 158 216 229
33 7 11 255 186 119
33 7 12 255 186 119
33 7 13 255 186 119
33 7 14 255 186 119
33 7 15 255 186 119
33 7 16 255 186 119
33 7 17 255 186 119
33 7 18 255 186 119
33 7 19 255 186 119
33 7 20 255 186 119
33 7 21 255 186 119
33 7 22 255 186 119
33 7 23 196 175 214
33 7 24 196 175 214
33 7 25 196 175 214
33 7 26 158 216 229
33 7 27 158 216 229
33 8 23 196 175 214
33 8 24 196 175 214
33 8 25 196 175 214
33 8 26 196 175 214
33 8 27 158 216 229
33 9 23 196 175 214
33 9 24 196 175 214
33 9 25 196 175 214
33 9 26 196 175 214
33 9 27 158 216 229
33 10 26 158 216 229
33 10 27 158 216 229
33 11 26 158 216 229
33 11 27 158 216 229
33 12 26 158 216 229
33 12 27 158 216 229
33 13 26 158 216 229
33 13 27 158 216 229
33 14 26 158 216 229
33 14 27 158 216 229
33 15 26 158 216 229
33 15 27 158 216 229
33 16 26 158 216 229
33 16 27 158 216 229
33 17 26 158 216 229
33 17 27 158 216 229
33 18 26 158 216 229
33 18 27 158 216 229
33 19 27 158 216 229
33 20 27 158 216 229
33 21 27 158 216 229
33 22 27 158 216 229
33 23 27 158 216 229
33 24 27 158 216 229
33 25 27 158 216 229
33 26 27 158 216 229
33 27 27 158 216 229
33 28 27 158 216 229
33 29 27 158 216 229
33 30 27 158 216 229
33 31 27 158 216 229
33 32 27 158 216 229
33 33 3 214 38 40
33 33 4 214 38 40
33 33 5 214 38 40
33 33 6 214 38 40
33 33 7 214 38 40
33 33 8 214 38 40
33 33 9 214 38 40
33 33 10 214 38 40
33 33 11 214 38 40
33 33 12 214 38 40
33 33 13 214 38 40
33 33 14 214 38 40
33 33 15 214 38 40
33 33 16 214 38 40
33 33 17 214 38 40
33 33 18 214 38 40
33 33 19 214 38 40
33 33 20 214 38 40
33 33 21 214 38 40
33 33 22 214 38 40
33 33 23 214 38 40
33 33 24 214 38 40
33 33 25 214 38 40
33 33 26 214 38 40
33 33 27 214 38 40
33 34 0 214 38 40
33 34 1 214 38 40
33 34 2 214 38 40
33 34 3 214 38 40
33 34 4 214 38 40
33 34 5 214 38 40
33 34 6 214 38 40
33 34 7 214 38 40
33 34 8 214 38 40
33 34 9 214 38 40
33 34 10 214 38 40
33 34 11 214 38 40
34 0 0 43 160 4
34 0 1 43 160 4
34 0 2 43 160 4
34 0 3 43 160 4
34 0 4 43 160 4
34 0 5 43 160 4
34 0 6 43 160 4
34 0 7 43 160 4
34 0 8 43 160 4
34 0 9 43 160 4
34 0 10 43 160 4
34 0 11 43 160 4
34 0 12 43 160 4
34 0 13 43 160 4
34 0 14 43 160 4
34 0 15 255 186 119
34 0 16 255 186 119
34 0 17 255 186 119
34 0 18 255 186 119
34 0 19 255 186 119
34 0 20 255 186 119
34 0 21 255 186 119
34 0 22 255 186 119
34 0 23 255 186 119
34 0 24 255 186 119
34 0 25 255 186 119
34 0 26 158 216 229
34 1 0 43 160 4
34 1 1 43 160 4
34 1 13 255 186 119
34 1 14 255 186 119
34 1 15 255 186 119
34 1 16 255 186 119
34 1 17 255 186 119
34 1 18 255 186 119
34 1 19 255 186 119
34 1 20 255 186 119
34 1 21 255 186 119
34 1 22 255 186 119
34 1 23 255 186 119
34 1 24 255 186 119
34 1 25 255 186 119
34 1 26 158 216 229
34 2 13 255 186 119
34 2 14 255 186 119
34 2 15 255 186 119
34 2 16 255 186 119
34 2 17 255 186 119
34 2 18 255 186 119
34 2 19 255 186 119
34 2 20 255 186 119
34 2 21 255 186 119
34 2 22 255 186 119
34 2 23 255 186 119
34 2 24 255 186 119
34 2 25 255 186 119
34 2 26 158 216 229
34 3 13 255 186 119
34 3 14 255 186 119
34 3 15 255 186 119
34 3 16 255 186 119
34 3 17 255 186 119
34 3 18 255 186 119
34 3 19 255 186 119
34 3 20 255 186 119
34 3 21 255 186 119
34 3 22 255 186 119
34 3 23 255 186 119
34 3 24 255 186 119
34 3 25 255 186 119
34 3 26 158 216 229
34 4 13 255 186 119
34 4 14 255 186 119
34 4 15 255 186 119
34 4 16 255 186 119
34 4 17 255 186 119
34 4 18 255 186 119
34 4 19 255 186 119
34 4 20 255 186 119
34 4 21 255 186 119
34 4 22 255 186 119
34 4 23 255 186 119
34 4 24 255 186 119
34 4 25 255 186 119
34 4 26 158 216 229
34 5 13 255 186 119
34 5 14 255 186 119
34 5 15 255 186 119
34 5 16 255 186 119
34 5 17 255 186 119
34 5 18 255 186 119
34 5 19 255 186 119
34 5 20 255 186 119
34 5 21 255 186 119
34 5 22 255 186 119
34 5 23 255 186 119
34 5 24 255 186 119
34 5 25 255 186 119
34 5 26 158 216 229
34 6 13 255 186 119
34 6 14 255 186 119
34 6 15 255 186 119
34 6 16 255 186 119
34 6 17 255 186 119
34 6 18 255 186 119
34 6 19 255 186 119
34 6 20 255 186 119
34 6 21 255 186 119
34 6 22 255 186 119
34 6 23 255 186 119
34 6 24 255 186 119
34 6 25 255 186 119
34 6 26 158 216 229
34 7 14 255 186 119
34 7 15 255 186 119
34 7 16 255 186 119
34 7 17 255 186 119
34 7 18 255 186 119
34 7 19 255 186 119
34 7 20 255 186 119
34 7 21 255 186 119
34 7 22 255 186 119
34 7 23 196 175 214
34 7 24 196 175 214
34 7 25 196 175 214
34 7 26 158 216 229
34 8 23 196 175 214
34 8 24 196 175 214
34 8 25 196 175 214
34 8 26 158 216 229
34 9 23 196 175 214
34 9 24 196 175 214
34 9 25 196 175 214
34 9 26 158 216 229
34 10 26 158 216 229
34 11 26 158 216 229
34 12 26 158 216 229
34 12 27 158 216 229
34 13 26 158 216 229
34 13 27 158 216 229
34 14 26 158 216 229
34 14 27 158 216 229
34 15 26 158 216 229
34 15 27 158 216 229
34 16 26 158 216 229
34 16 27 158 216 229
34 17 26 158 216 229
34 17 27 158 216 229
34 18 26 158 216 229
34 18 27 158 216 229
34 19 26 158 216 229
34 19 27 158 216 229
34 20 26 158 216 229
34 20 27 158 216 229
34 21 26 158 216 229
34 21 27 158 216 229
34 22 26 158 216 229
34 22 27 158 216 229
34 23 26 158 216 229
34 23 27 158 216 229
34 24 26 158 216 229
34 24 27 158 216 229
34 25 26 158 216 229
34 25 27 158 216 229
34 26 26 158 216 229
34 26 27 158 216 229
34 27 26 158 216 229
34 27 27 158 216 229
34 28 26 158 216 229
34 28 27 158 216 229
34 29 26 158 216 229
34 29 27 158 216 229
34 30 26 158 216 229
34 30 27 158 216 229
34 31 26 158 216 229
34 31 27 158 216 229
34 32 26 158 216 229
34 32 27 158 216 229
34 33 3 214 38 40
34 33 4 214 38 40
34 33 5 214 38 40
34 33 6 214 38 40
34 33 7 214 38 40
34 33 8 214 38 40
34 33 9 214 38 40
34 33 10 214 38 40
34 33 11 214 38 40
34 33 12 214 38 40
34 33 13 214 38 40
34 33 14 214 38 40
34 33 15 214 38 40
34 33 16 214 38 40
34 33 17 214 38 40
34 33 18 214 38 40
34 33 19 214 38 40
34 33 20 214 38 40
34 33 21 214 38 40
34 33 22 214 38 40
34 33 23 214 38 40
34 33 24 214 38 40
34 33 25 214 38 40
34 33 26 214 38 40
34 33 27 158 216 229
34 34 0 214 38 40
34 34 1 214 38 40
34 34 2 214 38 40
34 34 3 214 38 40
34 34 4 214 38 40
34 34 5 214 38 40
34 34 6 214 38 40
34 34 7 214 38 40
34 34 8 214 38 40
34 34 9 214 38 40
34 34 10 214 38 40
34 34 11 214 38 40
35 0 0 43 160 4
35 0 1 43 160 4
35 0 2 43 160 4
35 0 3 43 160 4
35 0 4 43 160 4
35 0 5 43 160 4
35 0 6 43 160 4
35 0 7 43 160 4
35 0 8 43 160 4
35 0 9 43 160 4
35 0 10 43 160 4
35 0 11 43 160 4
35 0 12 43 160 4
35 0 13 43 160 4
35 0 14 43 160 4
35 0 15 43 160 4
35 0 16 43 160 4
35 0 17 255 186 119
35 0 18 255 186 119
35 0 19 255 186 119
35 0 20 255 186 119
35 0 21 255 186 119
35 0 22 255 186 119
35 0 23 255 186 119
35 0 24 255 186 119
35 0 25 43 160 4
35 0 26 158 216 229
35 1 0 43 160 4
35 1 1 43 160 4
35 1 2 43 160 4
35 1 16 255 186 119
35 1 17 255 186 119
35 1 18 255 186 119
35 1 19 255 186 119
35 1 20 255 186 119
35 1 21 255 186 119
35 1 22 255 186 119
35 1 23 255 186 119
35 1 24 255 186 119
35 1 25 255 186 119
35 1 26 158 216 229
35 2 16 255 186 119
35 2 17 255 186 119
35 2 18 255 186 119
35 2 19 255 186 119
35 2 20 255 186 119
35 2 21 255 186 119
35 2 22 255 186 119
35 2 23 255 186 119
35 2 24 255 186 119
35 2 25 255 186 119
35 2 26 158 216 229
35 3 16 255 186 119
35 3 17 255 186 119
35 3 18 255 186 119
35 3 19 255 186 119
35 3 20 255 186 119
35 3 21 255 186 119
35 3 22 255 186 119
35 3 23 255 186 119
35 3 24 255 186 119
35 3 25 255 186 119
35 3 26 158 216 229
35 4 16 255 186 119
35 4 17 255 186 119
35 4 18 255 186 119
35 4 19 255 186 119
35 4 20 255 186 119
35 4 21 255 186 119
35 4 22 255 186 119
35 4 23 255 186 119
35 4 24 255 186 119
35 4 25 255 186 119
35 4 26 158 216 229
35 5 16 255 186 119
35 5 17 255 186 119
35 5 18 255 186 119
35 5 19 255 186 119
35 5 20 255 186 119
35 5 21 255 186 119
35 5 22 255 186 119
35 5 23 255 186 119
35 5 24 255 186 119
35 5 25 255 186 119
35 5 26 158 216 229
35 6 16 255 186 119
35 6 17 255 186 119
35 6 18 255 186 119
35 6 19 255 186 119
35 6 20 255 186 119
35 6 21 255 186 119
35 6 22 255 186 119
35 6 23 255 186 119
35 6 24 255 186 119
35 6 25 255 186 119
35 6 26 158 216 229
35 7 16 255 186 119
35 7 17 255 186 119
35 7 18 255 186 119
35 7 19 255 186 119
35 7 20 255 186 119
35 7 21 255 186 119
35 7 22 255 186 119
35 7 23 255 186 119
35 7 25 196 175 214
35 7 26 158 216 229
35 8 24 196 175 214
35 8 25 196 175 214
35 8 26 158 216 229
35 9 24 196 175 214
35 9 25 196 175 214
35 9 26 158 216 229
35 10 26 158 216 229
35 11 26 158 216 229
35 12 26 158 216 229
35 13 26 158 216 229
35 14 26 158 216 229
35 15 26 158 216 229
35 16 26 158 216 229
35 17 26 158 216 229
35 18 26 158 216 229
35 19 26 158 216 229
35 20 26 158 216 229
35 21 26 158 216 229
35 22 26 158 216 229
35 23 26 158 216 229
35 24 26 158 216 229
35 25 26 158 216 229
35 26 26 158 216 229
35 27 26 158 216 229
35 28 26 158 216 229
35 29 26 158 216 229
35 29 27 158 216 229
35 30 26 158 216 229
35 30 27 158 216 229
35 31 26 158 216 229
35 31 27 158 216 229
35 32 26 158 216 229
35 32 27 158 216 229
35 33 4 214 38 40
35 33 5 214 38 40
35 33 6 214 38 40
35 33 7 214 38 40
35 33 8 214 38 40
35 33 9 214 38 40
35 33 10 214 38 40
35 33 11 214 38 40
35 33 12 214 38 40
35 33 13 214 38 40
35 33 14 214 38 40
35 33 15 214 38 40
35 33 16 214 38 40
35 33 17 214 38 40
35 33 18 214 38 40
35 33 19 214 38 40
35 33 20 214 38 40
35 33 21 214 38 40
35 33 22 214 38 40
35 33 23 214 38 40
35 33 24 214 38 40
35 33 25 214 38 40
35 33 26 214 38 40
35 33 27 158 216 229
35 34 0 214 38 40
35 34 1 214 38 40
35 34 2 214 38 40
35 34 3 214 38 40
35 34 4 214 38 40
35 34 5 214 38 40
35 34 6 214 38 40
35 34 7 214 38 40
35 34 8 214 38 40
35 34 9 214 38 40
35 34 10 214 38 40
35 34 11 214 38 40
35 34 12 214 38 40
36 0 0 43 160 4
36 0 1 43 160 4
36 0 2 43 160 4
36 0 3 43 160 4
36 0 4 43 160 4
36 0 5 43 160 4
36 0 6 43 160 4
36 0 7 43 160 4
36 0 8 43 160 4
36 0 9 43 160 4
36 0 10 43 160 4
36 0 11 43 160 4
36 0 12 43 160 4
36 0 13 43 160 4
36 0 14 43 160 4
36 0 15 43 160 4
36 0 16 43 160 4
36 0 17 43 160 4
36 0 18 43 160 4
36 0 19 255 186 119
36 0 20 255 186 119
36 0 21 255 186 119
36 0 22 255 186 119
36 0 23 255 186 119
36 0 24 255 186 119
36 0 25 158 216 229
36 1 0 43 160 4
36 1 1 43 160 4
36 1 2 43 160 4
36 1 18 196 175 214
36 1 19 255 186 119
36 1 20 255 186 119
36 1 21 255 186 119
36 1 22 255 186 119
36 1 23 255 186 119
36 1 24 255 186 119
36 1 25 158 216 229
36 2 18 196 175 214
36 2 19 255 186 119
36 2 20 255 186 119
36 2 21 255 186 119
36 2 22 255 186 119
36 2 23 255 186 119
36 2 24 255 186 119
36 2 25 158 216 229
36 3 18 196 175 214
36 3 19 255 186 119
36 3 20 255 186 119
36 3 21 255 186 119
36 3 22 255 186 119
36 3 23 255 186 119
36 3 24 255 186 119
36 3 25 158 216 229
36 3 26 158 216 229
36 4 18 196 175 214
36 4 19 255 186 119
36 4 20 255 186 119
36 4 21 255 186 119
36 4 22 255 186 119
36 4 23 255 186 119
36 4 24 255 186 119
36 4 25 158 216 229
36 4 26 158 216 229
36 5 18 255 186 119
36 5 19 255 186 119
36 5 20 255 186 119
36 5 21 255 186 119
36 5 22 255 186 119
36 5 23 255 186 119
36 5 24 255 186 119
36 5 25 158 216 229
36 5 26 158 216 229
36 6 18 255 186 119
36 6 19 255 186 119
36 6 20 255 186 119
36 6 21 255 186 119
36 6 22 255 186 119
36 6 23 255 186 119
36 6 24 255 186 119
36 6 25 158 216 229
36 6 26 158 216 229
36 7 19 255 186 119
36 7 20 255 186 119
36 7 21 255 186 119
36 7 22 255 186 119
36 7 23 255 186 119
36 7 25 158 216 229
36 7 26 158 216 229
36 8 25 158 216 229
36 8 26 158 216 229
36 9 25 158 216 229
36 9 26 158 216 229
36 10 25 158 216 229
36 10 26 158 216 229
36 11 25 158 216 229
36 11 26 158 216 229
36 12 25 158 216 229
36 12 26 158 216 229
36 13 25 158 216 229
36 13 26 158 216 229
36 14 25 158 216 229
36 14 26 158 216 229
36 15 25 158 216 229
36 15 26 158 216 229
36 16 25 158 216 229
36 16 26 158 216 229
36 17 25 158 216 229
36 17 26 158 216 229
36 18 25 158 216 229
36 18 26 158 216 229
36 19 25 158 216 229
36 19 26 158 216 229
36 20 25 158 216 229
36 20 26 158 216 229
36 21 25 158 216 229
36 21 26 158 216 229
36 22 25 158 216 229
36 22 26 158 216 229
36 23 25 158 216 229
36 23 26 158 216 229
36 24 25 158 216 229
36 24 26 158 216 229
36 25 25 158 216 229
36 25 26 158 216 229
36 26 25 158 216 229
36 26 26 158 216 229
36 27 25 158 216 229
36 27 26 158 216 229
36 28 26 158 216 229
36 29 26 158 216 229
36 30 26 158 216 229
36 31 26 158 216 229
36 32 26 158 216 229
36 33 4 214 38 40
36 33 5 214 38 40
36 33 6 214 38 40
36 33 7 214 38 40
36 33 8 214 38 40
36 33 9 214 38 40
36 33 10 214 38 40
36 33 11 214 38 40
36 33 12 214 38 40
36 33 13 214 38 40
36 33 14 214 38 40
36 33 15 214 38 40
36 33 16 214 38 40
36 33 17 214 38 40
36 33 18 214 38 40
36 33 19 214 38 40
36 33 20 214 38 40
36 33 21 214 38 40
36 33 22 214 38 40
36 33 23 214 38 40
36 33 24 214 38 40
36 33 25 214 38 40
36 33 26 158 216 229
36 34 0 214 38 40
36 34 1 214 38 40
36 34 2 214 38 40
36 34 3 214 38 40
36 34 4 214 38 40
36 34 5 214 38 40
36 34 6 214 38 40
36 34 7 214 38 40
36 34 8 214 38 40
36 34 9 214 38 40
36 34 10 214 38 40
36 34 11 214 38 40
36 34 12 214 38 40
36 34 13 214 38 40
37 0 0 43 160 4
37 0 1 43 160 4
37 0 2 43 160 4
37 0 3 43 160 4
37 0 4 43 160 4
37 0 5 43 160 4
37 0 6 43 160 4
37 0 7 43 160 4
37 0 8 43 160 4
37 0 9 43 160 4
37 0 10 43 160 4
37 0 11 43 160 4
37 0 12 43 160 4
37 0 13 43 160 4
37 0 14 43 160 4
37 0 15 43 160 4
37 0 16 43 160 4
37 0 17 43 160 4
37 0 18 196 175 214
37 0 19 196 175 214
37 0 20 196 175 214
37 0 21 255 186 119
37 0 22 255 186 119
37 0 23 255 186 119
37 0 24 255 186 119
37 0 25 158 216 229
37 1 0 43 160 4
37 1 1 43 160 4
37 1 2 43 160 4
37 1 3 43 160 4
37 1 18 196 175 214
37 1 19 196 175 214
37 1 20 196 175 214
37 1 21 196 175 214
37 1 22 255 186 119
37 1 23 255 186 119
37 1 24 255 186 119
37 1 25 158 216 229
37 2 18 196 175 214
37 2 19 196 175 214
37 2 20 196 175 214
37 2 21 196 175 214
37 2 22 255 186 119
37 2 23 255 186 119
37 2 24 255 186 119
37 2 25 158 216 229
37 3 18 196 175 214
37 3 19 196 175 214
37 3 20 196 175 214
37 3 21 196 175 214
37 3 22 255 186 119
37 3 23 255 186 119
37 3 24 255 186 119
37 3 25 158 216 229
37 4 18 196 175 214
37 4 19 196 175 214
37 4 20 196 175 214
37 4 21 196 175 214
37 4 22 255 186 119
37 4 23 255 186 119
37 4 24 255 186 119
37 4 25 158 216 229
37 5 18 196 175 214
37 5 19 196 175 214
37 5 20 196 175 214
37 5 21 255 186 119
37 5 22 255 186 119
37 5 23 255 186 119
37 5 24 255 186 119
37 5 25 158 216 229
37 6 21 255 186 119
37 6 22 255 186 119
37 6 23 255 186 119
37 6 24 255 186 119
37 6 25 158 216 229
37 7 21 255 186 119
37 7 22 255 186 119
37 7 23 255 186 119
37 7 24 255 186 119
37 7 25 158 216 229
37 8 25 158 216 229
37 9 25 158 216 229
37 10 25 158 216 229
37 11 25 158 216 229
37 12 25 158 216 229
37 13 25 158 216 229
37 14 25 158 216 229
37 15 25 158 216 229
37 16 25 158 216 229
37 17 25 158 216 229
37 18 25 158 216 229
37 19 25 158 216 229
37 20 25 158 216 229
37 20 26 158 216 229
37 21 25 158 216 229
37 21 26 158 216 229
37 22 25 158 216 229
37 22 26 158 216 229
37 23 25 158 216 229
37 23 26 158 216 229
37 24 25 158 216 229
37 24 26 158 216 229
37 25 25 158 216 229
37 25 26 158 216 229
37 26 25 158 216 229
37 26 26 158 216 229
37 27 25 158 216 229
37 27 26 158 216 229
37 28 25 158 216 229
37 28 26 158 216 229
37 29 25 158 216 229
37 29 26 158 216 229
37 30 25 158 216 229
37 30 26 158 216 229
37 31 25 158 216 229
37 31 26 158 216 229
37 32 25 158 216 229
37 32 26 158 216 229
37 33 5 214 38 40
37 33 6 214 38 40
37 33 7 214 38 40
37 33 8 214 38 40
37 33 9 214 38 40
37 33 10 214 38 40
37 33 11 214 38 40
37 33 12 214 38 40
37 33 13 214 38 40
37 33 14 214 38 40
37 33 15 214 38 40
37 33 16 214 38 40
37 33 17 214 38 40
37 33 18 214 38 40
37 33 19 214 38 40
37 33 20 214 38 40
37 33 21 214 38 40
37 33 22 214 38 40
37 33 23 214 38 40
37 33 24 214 38 40
37 33 25 214 38 40
37 33 26 158 216 229
37 34 0 214 38 40
37 34 1 214 38 40
37 34 2 214 38 40
37 34 3 214 38 40
37 34 4 214 38 40
37 34 5 214 38 40
37 34 6 214 38 40
37 34 7 214 38 40
37 34 8 214 38 40
37 34 9 214 38 40
37 34 10 214 38 40
37 34 11 214 38 40
37 34 12 214 38 40
37 34 13 214 38 40
38 0 0 43 160 4
38 0 1 43 160 4
38 0 2 43 160 4
38 0 3 43 160 4
38 0 4 43 160 4
38 0 5 43 160 4
38 0 6 43 160 4
38 0 7 43 160 4
38 0 8 43 160 4
38 0 9 43 160 4
38 0 10 43 160 4
38 0 11 43 160 4
38 0 12 43 160 4
38 0 13 43 160 4
38 0 14 43 160 4
38 0 15 43 160 4
38 0 16 43 160 4
38 0 17 43 160 4
38 0 18 196 175 214
38 0 19 196 175 214
38 0 20 196 175 214
38 0 21 196 175 214
38 0 22 196 175 214
38 0 23 196 175 214
38 0 24 43 160 4
38 0 25 158 216 229
38 1 0 43 160 4
38 1 1 43 160 4
38 1 2 43 160 4
38 1 3 43 160 4
38 1 17 196 175 214
38 1 18 196 175 214
38 1 19 196 175 214
38 1 20 196 175 214
38 1 21 196 175 214
38 1 22 196 175 214
38 1 23 196 175 214
38 1 24 158 216 229
38 1 25 158 216 229
38 2 17 196 175 214
38 2 18 196 175 214
38 2 19 196 175 214
38 2 20 196 175 214
38 2 21 196 175 214
38 2 22 196 175 214
38 2 23 196 175 214
38 2 24 158 216 229
38 2 25 158 216 229
38 3 17 196 175 214
38 3 18 196 175 214
38 3 19 196 175 214
38 3 20 196 175 214
38 3 21 196 175 214
38 3 22 196 175 214
38 3 23 196 175 214
38 3 24 158 216 229
38 3 25 158 216 229
38 4 17 196 175 214
38 4 18 196 175 214
38 4 19 196 175 214
38 4 20 196 175 214
38 4 21 196 175 214
38 4 22 196 175 214
38 4 23 196 175 214
38 4 24 158 216 229
38 4 25 158 216 229
38 5 17 196 175 214
38 5 18 196 175 214
38 5 19 196 175 214
38 5 20 196 175 214
38 5 21 196 175 214
38 5 22 196 175 214
38 5 23 196 175 214
38 5 24 158 216 229
38 5 25 158 216 229
38 6 23 255 186 119
38 6 24 158 216 229
38 6 25 158 216 229
38 7 24 158 216 229
38 7 25 158 216 229
38 8 24 158 216 229
38 8 25 158 216 229
38 9 24 158 216 229
38 9 25 158 216 229
38 10 24 158 216 229
38 10 25 158 216 229
38 11 24 158 216 229
38 11 25 158 216 229
38 12 24 158 216 229
38 12 25 158 216 229
38 13 24 158 216 229
38 13 25 158 216 229
38 14 24 158 216 229
38 14 25 158 216 229
38 15 24 158 216 229
38 15 25 158 216 229
38 16 24 158 216 229
38 16 25 158 216 229
38 17 24 158 216 229
38 17 25 158 216 229
38 18 24 158 216 229
38 18 25 158 216 229
38 19 25 158 216 229
38 20 25 158 216 229
38 21 25 158 216 229
38 22 25 158 216 229
38 23 25 158 216 229
38 24 25 158 216 229
38 25 25 158 216 229
38 26 25 158 216 229
38 27 25 158 216 229
38 28 25 158 216 229
38 29 25 158 216 229
38 30 25 158 216 229
38 31 25 158 216 229
38 32 25 158 216 229
38 33 5 214 38 40
38 33 6 214 38 40
38 33 7 214 38 40
38 33 8 214 38 40
38 33 9 214 38 40
38 33 10 214 38 40
38 33 11 214 38 40
38 33 12 214 38 40
38 33 13 214 38 40
38 33 14 214 38 40
38 33 15 214 38 40
38 33 16 214 38 40
38 33 17 214 38 40
38 33 18 214 38 40
38 33 19 214 38 40
38 33 20 214 38 40
38 33 21 214 38 40
38 33 22 214 38 40
38 33 23 214 38 40
38 33 24 214 38 40
38 33 25 214 38 40
38 34 0 214 38 40
38 34 1 214 38 40
38 34 2 214 38 40
38 34 3 214 38 40
38 34 4 214 38 40
38 34 5 214 38 40
38 34 6 214 38 40
38 34 7 214 38 40
38 34 8 214 38 40
38 34 9 214 38 40
38 34 10 214 38 40
38 34 11 214 38 40
38 34 12 214 38 40
38 34 13 214 38 40
38 34 14 214 38 40
39 0 0 43 160 4
39 0 1 43 160 4
39 0 2 43 160 4
39 0 3 43 160 4
39 0 4 43 160 4
39 0 5 43 160 4
39 0 6 43 160 4
39 0 7 43 160 4
39 0 8 43 160 4
39 0 9 43 160 4
39 0 10 43 160 4
39 0 11 43 160 4
39 0 12 43 160 4
39 0 13 43 160 4
39 0 14 43 160 4
39 0 15 43 160 4
39 0 16 43 160 4
39 0 17 43 160 4
39 0 18 196 175 214
39 0 19 196 175 214
39 0 20 196 175 214
39 0 21 196 175 214
39 0 22 196 175 214
39 0 23 196 175 214
39 0 24 158 216 229
39 1 0 43 160 4
39 1 1 43 160 4
39 1 2 43 160 4
39 1 3 43 160 4
39 1 4 43 160 4
39 1 17 196 175 214
39 1 18 196 175 214
39 1 19 196 175 214
39 1 20 196 175 214
39 1 21 196 175 214
39 1 22 196 175 214
39 1 23 196 175 214
39 1 24 158 216 229
39 2 17 196 175 214
39 2 18 196 175 214
39 2 19 196 175 214
39 2 20 196 175 214
39 2 21 196 175 214
39 2 22 196 175 214
39 2 23 196 175 214
39 2 24 158 216 229
39 3 17 196 175 214
39 3 18 196 175 214
39 3 19 196 175 214
39 3 20 196 175 214
39 3 21 196 175 214
39 3 22 196 175 214
39 3 23 196 175 214
39 3 24 158 216 229
39 4 17 196 175 214
39 4 18 196 175 214
39 4 19 196 175 214
39 4 20 196 175 214
39 4 21 196 175 214
39 4 22 196 175 214
39 4 23 196 175 214
39 4 24 158 216 229
39 5 17 196 175 214
39 5 18 196 175 214
39 5 19 196 175 214
39 5 20 196 175 214
39 5 21 196 175 214
39 5 22 196 175 214
39 5 23 196 175 214
39 5 24 158 216 229
39 6 24 158 216 229
39 7 24 158 216 229
39 8 24 158 216 229
39 9 24 158 216 229
39 10 24 158 216 229
39 11 24 158 216 229
39 12 24 158 216 229
39 12 25 158 216 229
39 13 24 158 216 229
39 13 25 158 216 229
39 14 24 158 216 229
39 14 25 158 216 229
39 15 24 158 216 229
39 15 25 158 216 229
39 16 24 158 216 229
39 16 25 158 216 229
39 17 24 158 216 229
39 17 25 158 216 229
39 18 24 158 216 229
39 18 25 158 216 229
39 19 24 158 216 229
39 19 25 158 216 229
39 20 24 158 216 229
39 20 25 158 216 229
39 21 24 158 216 229
39 21 25 158 216 229
39 22 24 158 216 229
39 22 25 158 216 229
39 23 24 158 216 229
39 23 25 158 216 229
39 24 24 158 216 229
39 24 25 158 216 229
39 25 24 158 216 229
39 25 25 158 216 229
39 26 24 158 216 229
39 26 25 158 216 229
39 27 24 158 216 229
39 27 25 158 216 229
39 28 24 158 216 229
39 28 25 158 216 229
39 29 24 158 216 229
39 29 25 158 216 229
39 30 24 158 216 229
39 30 25 158 216 229
39 31 24 158 216 229
39 31 25 158 216 229
39 32 24 158 216 229
39 32 25 158 216 229
39 33 6 214 38 40
39 33 7 214 38 40
39 33 8 214 38 40
39 33 9 214 38 40
39 33 10 214 38 40
39 33 11 214 38 40
39 33 12 214 38 40
39 33 13 214 38 40
39 33 14 214 38 40
39 33 15 214 38 40
39 33 16 214 38 40
39 33 17 214 38 40
39 33 18 214 38 40
39 33 19 214 38 40
39 33 20 214 38 40
39 33 21 214 38 40
39 33 22 214 38 40
39 33 23 214 38 40
39 33 24 214 38 40
39 33 25 158 216 229
39 34 0 214 38 40
39 34 1 214 38 40
39 34 2 214 38 40
39 34 3 214 38 40
39 34 4 214 38 40
39 34 5 214 38 40
39 34 6 214 38 40
39 34 7 214 38 40
39 34 8 214 38 40
39 34 9 214 38 40
39 34 10 214 38 40
39 34 11 214 38 40
39 34 12 214 38 40
39 34 13 214 38 40
39 34 14 214 38 40
40 0 0 43 160 4
40 0 1 43 160 4
40 0 2 43 160 4
40 0 3 43 160 4
40 0 4 43 160 4
40 0 5 43 160 4
40 0 6 43 160 4
40 0 7 43 160 4
40 0 8 43 160 4
40 0 9 43 160 4
40 0 10 43 160 4
40 0 11 43 160 4
40 0 12 43 160 4
40 0 13 43 160 4
40 0 14 43 160 4
40 0 15 43 160 4
40 0 16 43 160 4
40 0 17 196 175 214
40 0 18 196 175 214
40 0 19 196 175 214
40 0 20 196 175 214
40 0 21 196 175 214
40 0 22 196 175 214
40 0 23 196 175 214
40 0 24 158 216 229
40 1 0 43 160 4
40 1 1 43 160 4
40 1 2 43 160 4
40 1 3 43 160 4
40 1 4 43 160 4
40 1 16 196 175 214
40 1 17 196 175 214
40 1 18 196 175 214
40 1 19 196 175 214
40 1 20 196 175 214
40 1 21 196 175 214
40 1 22 196 175 214
40 1 23 196 175 214
40 1 24 158 216 229
40 2 16 196 175 214
40 2 17 196 175 214
40 2 18 196 175 214
40 2 19 196 175 214
40 2 20 196 175 214
40 2 21 196 175 214
40 2 22 196 175 214
40 2 23 196 175 214
40 2 24 158 216 229
40 3 17 196 175 214
40 3 18 196 175 214
40 3 19 196 175 214
40 3 20 196 175 214
40 3 21 196 175 214
40 3 22 196 175 214
40 3 23 196 175 214
40 3 24 158 216 229
40 4 17 196 175 214
40 4 18 196 175 214
40 4 19 196 175 214
40 4 20 196 175 214
40 4 21 196 175 214
40 4 22 196 175 214
40 4 23 196 175 214
40 4 24 158 216 229
40 5 17 196 175 214
40 5 18 196 175 214
40 5 19 196 175 214
40 5 20 196 175 214
40 5 21 196 175 214
40 5 22 196 175 214
40 5 23 196 175 214
40 5 24 158 216 229
40 6 23 158 216 229
40 6 24 158 216 229
40 7 23 158 216 229
40 7 24 158 216 229
40 8 23 158 216 229
40 8 24 158 216 229
40 9 23 158 216 229
40 9 24 158 216 229
40 10 24 158 216 229
40 11 24 158 216 229
40 12 24 158 216 229
40 13 24 158 216 229
40 14 24 158 216 229
40 15 24 158 216 229
40 16 24 158 216 229
40 17 24 158 216 229
40 18 24 158 216 229
40 19 24 158 216 229
40 20 24 158 216 229
40 21 24 158 216 229
40 22 24 158 216 229
40 23 24 158 216 229
40 24 24 158 216 229
40 25 24 158 216 229
40 26 24 158 216 229
40 27 24 158 216 229
40 28 24 158 216 229
40 29 24 158 216 229
40 29 25 158 216 229
40 30 24 158 216 229
40 30 25 158 216 229
40 31 24 158 216 229
40 31 25 158 216 229
40 32 24 158 216 229
40 32 25 158 216 229
40 33 6 214 38 40
40 33 7 214 38 40
40 33 8 214 38 40
40 33 9 214 38 40
40 33 10 214 38 40
40 33 11 214 38 40
40 33 12 214 38 40
40 33 13 214 38 40
40 33 14 214 38 40
40 33 15 214 38 40
40 33 16 214 38 40
40 33 17 214 38 40
40 33 18 214 38 40
40 33 19 214 38 40
40 33 20 214 38 40
40 33 21 214 38 40
40 33 22 214 38 40
40 33 23 214 38 40
40 33 24 214 38 40
40 33 25 158 216 229
40 34 0 214 38 40
40 34 1 214 38 40
40 34 2 214 38 40
40 34 3 214 38 40
40 34 4 214 38 40
40 34 5 214 38 40
40 34 6 214 38 40
40 34 7 214 38 40
40 34 8 214 38 40
40 34 9 214 38 40
40 34 10 214 38 40
40 34 11 214 38 40
40 34 12 214 38 40
40 34 13 214 38 40
40 34 14 214 38 40
40 34 15 214 38 40
41 0 0 43 160 4
41 0 1 43 160 4
41 0 2 43 160 4
41 0 3 43 160 4
41 0 4 43 160 4
41 0 5 43 160 4
41 0 6 43 160 4
41 0 7 43 160 4
41 0 8 43 160 4
41 0 9 43 160 4
41 0 10 43 160 4
41 0 11 43 160 4
41 0 12 43 160 4
41 0 13 43 160 4
41 0 14 43 160 4
41 0 15 43 160 4
41 0 16 43 160 4
41 0 17 196 175 214
41 0 18 196 175 214
41 0 19 196 175 214
41 0 20 196 175 214
41 0 21 196 175 214
41 0 22 196 175 214
41 0 23 158 216 229
41 1 0 43 160 4
41 1 1 43 160 4
41 1 2 43 160 4
41 1 3 43 160 4
41 1 4 43 160 4
41 1 5 43 160 4
41 1 16 196 175 214
41 1 17 196 175 214
41 1 18 196 175 214
41 1 19 196 175 214
41 1 20 196 175 214
41 1 21 196 175 214
41 1 22 196 175 214
41 1 23 158 216 229
41 2 16 196 175 214
41 2 17 196 175 214
41 2 18 196 175 214
41 2 19 196 175 214
41 2 20 196 175 214
41 2 21 196 175 214
41 2 22 196 175 214
41 2 23 158 216 229
41 3 16 196 175 214
41 3 17 196 175 214
41 3 18 196 175 214
41 3 19 196 175 214
41 3 20 196 175 214
41 3 21 196 175 214
41 3 22 196 175 214
41 3 23 158 216 229
41 3 24 158 216 229
41 4 16 196 175 214
41 4 17 196 175 214
41 4 18 196 175 214
41 4 19 196 175 214
41 4 20 196 175 214
41 4 21 196 175 214
41 4 22 196 175 214
41 4 23 158 216 229
41 4 24 158 216 229
41 5 16 196 175 214
41 5 17 196 175 214
41 5 18 196 175 214
41 5 19 196 175 214
41 5 20 196 175 214
41 5 21 196 175 214
41 5 22 196 175 214
41 5 23 158 216 229
41 5 24 158 216 229
41 6 23 158 216 229
41 6 24 158 216 229
41 7 23 158 216 229
41 7 24 158 216 229
41 8 23 158 216 229
41 8 24 158 216 229
41 9 23 158 216 229
41 9 24 158 216 229
41 10 23 158 216 229
41 10 24 158 216 229
41 11 23 158 216 229
41 11 24 158 216 229
41 12 23 158 216 229
41 12 24 158 216 229
41 13 23 158 216 229
41 13 24 158 216 229
41 14 23 158 216 229
41 14 24 158 216 229
41 15 23 158 216 229
41 15 24 158 216 229
41 16 23 158 216 229
41 16 24 158 216 229
41 17 23 158 216 229
41 17 24 158 216 229
41 18 23 158 216 229
41 18 24 158 216 229
41 19 23 158 216 229
41 19 24 158 216 229
41 20 23 158 216 229
41 20 24 158 216 229
41 21 23 158 216 229
41 21 24 158 216 229
41 22 23 158 216 229
41 22 24 158 216 229
41 23 23 158 216 229
41 23 24 158 216 229
41 24 23 158 216 229
41 24 24 158 216 229
41 25 23 158 216 229
41 25 24 158 216 229
41 26 23 158 216 229
41 26 24 158 216 229
41 27 23 158 216 229
41 27 24 158 216 229
41 28 24 158 216 229
41 29 24 158 216 229
41 30 24 158 216 229
41 31 24 158 216 229
41 32 24 158 216 229
41 33 7 214 38 40
41 33 8 214 38 40
41 33 9 214 38 40
41 33 10 214 38 40
41 33 11 214 38 40
41 33 12 214 38 40
41 33 13 214 38 40
41 33 14 214 38 40
41 33 15 214 38 40
41 33 16 214 38 40
41 33 17 214 38 40
41 33 18 214 38 40
41 33 19 214 38 40
41 33 20 214 38 40
41 33 21 214 38 40
41 33 22 214 38 40
41 33 23 214 38 40
41 33 24 158 216 229
41 34 0 214 38 40
41 34 1 214 38 40
41 34 2 214 38 40
41 34 3 214 38 40
41 34 4 214 38 40
41 34 5 214 38 40
41 34 6 214 38 40
41 34 7 214 38 40
41 34 8 214 38 40
41 34 9 214 38 40
41 34 10 214 38 40
41 34 11 214 38 40
41 34 12 214 38 40
41 34 13 214 38 40
41 34 14 214 38 40
41 34 15 214 38 40
42 0 0 43 160 4
42 0 1 43 160 4
42 0 2 43 160 4
42 0 3 43 160 4
42 0 4 43 160 4
42 0 5 43 160 4
42 0 6 43 160 4
42 0 7 43 160 4
42 0 8 43 160 4
42 0 9 43 160 4
42 0 10 43 160 4
42 0 11 43 160 4
42 0 12 43 160 4
42 0 13 43 160 4
42 0 14 43 160 4
42 0 15 43 160 4
42 0 16 196 175 214
42 0 17 196 175 214
42 0 18 196 175 214
42 0 19 196 175 214
42 0 20 196 175 214
42 0 21 196 175 214
42 0 22 196 175 214
42 0 23 158 216 229
42 1 0 43 160 4
42 1 1 43 160 4
42 1 2 43 160 4
42 1 3 43 160 4
42 1 4 43 160 4
42 1 5 43 160 4
42 1 16 196 175 214
42 1 17 196 175 214
42 1 18 196 175 214
42 1 19 196 175 214
42 1 20 196 175 214
42 1 21 196 175 214
42 1 22 196 175 214
42 1 23 158 216 229
42 2 16 196 175 214
42 2 17 196 175 214
42 2 18 196 175 214
42 2 19 196 175 214
42 2 20 196 175 214
42 2 21 196 175 214
42 2 22 196 175 214
42 2 23 158 216 229
42 3 16 196 175 214
42 3 17 196 175 214
42 3 18 196 175 214
42 3 19 196 175 214
42 3 20 196 175 214
42 3 21 196 175 214
42 3 22 196 175 214
42 3 23 158 216 229
42 4 16 196 175 214
42 4 17 196 175 214
42 4 18 196 175 214
42 4 19 196 175 214
42 4 20 196 175 214
42 4 21 196 175 214
42 4 22 196 175 214
42 4 23 158 216 229
42 5 16 196 175 214
42 5 17 196 175 214
42 5 18 196 175 214
42 5 19 196 175 214
42 5 20 196 175 214
42 5 21 196 175 214
42 5 22 196 175 214
42 5 23 158 216 229
42 6 23 158 216 229
42 7 23 158 216 229
42 8 23 158 216 229
42 9 23 158 216 229
42 10 23 158 216 229
42 11 23 158 216 229
42 12 23 158 216 229
42 13 23 158 216 229
42 14 23 158 216 229
42 15 23 158 216 229
42 16 23 158 216 229
42 17 23 158 216 229
42 18 23 158 216 229
42 19 23 158 216 229
42 20 23 158 216 229
42 20 24 158 216 229
42 21 23 158 216 229
42 21 24 158 216 229
42 22 23 158 216 229
42 22 24 158 216 229
42 23 23 158 216 229
42 23 24 158 216 229
42 24 23 158 216 229
42 24 24 158 216 229
42 25 23 158 216 229
42 25 24 158 216 229
42 26 23 158 216 229
42 26 24 158 216 229
42 27 23 158 216 229
42 27 24 158 216 229
42 28 23 158 216 229
42 28 24 158 216 229
42 29 23 158 216 229
42 29 24 158 216 229
42 30 23 158 216 229
42 30 24 158 216 229
42 31 23 158 216 229
42 31 24 158 216 229
42 32 23 158 216 229
42 32 24 158 216 229
42 33 7 214 38 40
42 33 8 214 38 40
42 33 9 214 38 40
42 33 10 214 38 40
42 33 11 214 38 40
42 33 12 214 38 40
42 33 13 214 38 40
42 33 14 214 38 40
42 33 15 214 38 40
42 33 16 214 38 40
42 33 17 214 38 40
42 33 18 214 38 40
42 33 19 214 38 40
42 33 20 214 38 40
42 33 21 214 38 40
42 33 22 214 38 40
42 33 23 214 38 40
42 33 24 158 216 229
42 34 0 214 38 40
42 34 1 214 38 40
42 34 2 214 38 40
42 34 3 214 38 40
42 34 4 214 38 40
42 34 5 214 38 40
42 34 6 214 38 40
42 34 7 214 38 40
42 34 8 214 38 40
42 34 9 214 38 40
42 34 10 214 38 40
42 34 11 214 38 40
42 34 12 214 38 40
42 34 13 214 38 40
42 34 14 214 38 40
42 34 15 214 38 40
42 34 16 214 38 40
43 0 0 43 160 4
43 0 1 43 160 4
43 0 2 43 160 4
43 0 3 43 160 4
43 0 4 43 160 4
43 0 5 43 160 4
43 0 6 43 160 4
43 0 7 43 160 4
43 0 8 43 160 4
43 0 9 43 160 4
43 0 10 43 160 4
43 0 11 43 160 4
43 0 12 43 160 4
43 0 13 43 160 4
43 0 14 43 160 4
43 0 15 43 160 4
43 0 16 196 175 214
43 0 17 196 175 214
43 0 18 196 175 214
43 0 19 196 175 214
43 0 20 196 175 214
43 0 21 196 175 214
43 0 22 43 160 4
43 0 23 158 216 229
43 1 0 43 160 4
43 1 1 43 160 4
43 1 2 43 160 4
43 1 3 43 160 4
43 1 4 43 160 4
43 1 5 43 160 4
43 1 6 43 160 4
43 1 15 196 175 214
43 1 16 196 175 214
43 1 17 196 175 214
43 1 18 196 175 214
43 1 19 196 175 214
43 1 20 196 175 214
43 1 21 196 175 214
43 1 22 196 175 214
43 1 23 158 216 229
43 2 15 196 175 214
43 2 16 196 175 214
43 2 17 196 175 214
43 2 18 196 175 214
43 2 19 196 175 214
43 2 20 196 175 214
43 2 21 196 175 214
43 2 22 196 175 214
43 2 23 158 216 229
43 3 15 196 175 214
43 3 16 196 175 214
43 3 17 196 175 214
43 3 18 196 175 214
43 3 19 196 175 214
43 3 20 196 175 214
43 3 21 196 175 214
43 3 22 196 175 214
43 3 23 158 216 229
43 4 15 196 175 214
43 4 16 196 175 214
43 4 17 196 175 214
43 4 18 196 175 214
43 4 19 196 175 214
43 4 20 196 175 214
43 4 21 196 175 214
43 4 22 196 175 214
43 4 23 158 216 229
43 5 15 196 175 214
43 5 16 196 175 214
43 5 17 196 175 214
43 5 18 196 175 214
43 5 19 196 175 214
43 5 20 196 175 214
43 5 21 196 175 214
43 5 22 158 216 229
43 5 23 158 216 229
43 6 22 158 216 229
43 6 23 158 216 229
43 7 22 158 216 229
43 7 23 158 216 229
43 8 22 158 216 229
43 8 23 158 216 229
43 9 22 158 216 229
43 9 23 158 216 229
43 10 22 158 216 229
43 10 23 158 216 229
43 11 22 158 216 229
43 11 23 158 216 229
43 12 22 158 216 229
43 12 23 158 216 229
43 13 22 158 216 229
43 13 23 158 216 229
43 14 22 158 216 229
43 14 23 158 216 229
43 15 22 158 216 229
43 15 23 158 216 229
43 16 22 158 216 229
43 16 23 158 216 229
43 17 22 158 216 229
43 17 23 158 216 229
43 18 22 158 216 229
43 18 23 158 216 229
43 19 23 158 216 229
43 20 23 158 216 229
43 21 23 158 216 229
43 22 23 158 216 229
43 23 23 158 216 229
43 24 23 158 216 229
43 25 23 158 216 229
43 26 23 158 216 229
43 27 23 158 216 229
43 28 23 158 216 229
43 29 23 158 216 229
43 30 23 158 216 229
43 31 23 158 216 229
43 32 23 158 216 229
43 33 8 214 38 40
43 33 9 214 38 40
43 33 10 214 38 40
43 33 11 214 38 40
43 33 12 214 38 40
43 33 13 214 38 40
43 33 14 214 38 40
43 33 15 214 38 40
43 33 16 214 38 40
43 33 17 214 38 40
43 33 18 214 38 40
43 33 19 214 38 40
43 33 20 214 38 40
43 33 21 214 38 40
43 33 22 214 38 40
43 33 23 158 216 229
43 34 0 214 38 40
43 34 1 214 38 40
43 34 2 214 38 40
43 34 3 214 38 40
43 34 4 214 38 40
43 34 5 214 38 40
43 34 6 214 38 40
43 34 7 214 38 40
43 34 8 214 38 40
43 34 9 214 38 40
43 34 10 214 38 40
43 34 11 214 38 40
43 34 12 214 38 40
43 34 13 214 38 40
43 34 14 214 38 40
43 34 15 214 38 40
43 34 16 214 38 40
44 0 0 43 160 4
44 0 1 43 160 4
44 0 2 43 160 4
44 0 3 43 160 4
44 0 4 43 160 4
44 0 5 43 160 4
44 0 6 43 160 4
44 0 7 43 160 4
44 0 8 43 160 4
44 0 9 43 160 4
44 0 10 43 160 4
44 0 11 43 160 4
44 0 12 43 160 4
44 0 13 43 160 4
44 0 14 43 160 4
44 0 15 43 160 4
44 0 16 196 175 214
44 0 17 196 175 214
44 0 18 196 175 214
44 0 19 196 175 214
44 0 20 196 175 214
44 0 21 196 175 214
44 0 22 158 216 229
44 1 0 43 160 4
44 1 1 43 160 4
44 1 2 43 160 4
44 1 3 43 160 4
44 1 4 43 160 4
44 1 5 43 160 4
44 1 6 43 160 4
44 1 15 196 175 214
44 1 16 196 175 214
44 1 17 196 175 214
44 1 18 196 175 214
44 1 19 196 175 214
44 1 20 196 175 214
44 1 21 196 175 214
44 1 22 158 216 229
44 2 15 196 175 214
44 2 16 196 175 214
44 2 17 196 175 214
44 2 18 196 175 214
44 2 19 196 175 214
44 2 20 196 175 214
44 2 21 196 175 214
44 2 22 158 216 229
44 3 15 196 175 214
44 3 16 196 175 214
44 3 17 196 175 214
44 3 18 196 175 214
44 3 19 196 175 214
44 3 20 196 175 214
44 3 21 196 175 214
44 3 22 158 216 229
44 4 15 196 175 214
44 4 16 196 175 214
44 4 17 196 175 214
44 4 18 196 175 214
44 4 19 196 175 214
44 4 20 196 175 214
44 4 21 196 175 214
44 4 22 158 216 229
44 5 15 196 175 214
44 5 16 196 175 214
44 5 17 196 175 214
44 5 18 196 175 214
44 5 19 196 175 214
44 5 20 196 175 214
44 5 21 196 175 214
44 5 22 158 216 229
44 6 22 158 216 229
44 7 22 158 216 229
44 8 22 158 216 229
44 9 22 158 216 229
44 10 22 158 216 229
44 11 22 158 216 229
44 12 22 158 216 229
44 12 23 158 216 229
44 13 22 158 216 229
44 13 23 158 216 229
44 14 22 158 216 229
44 14 23 158 216 229
44 15 22 158 216 229
44 15 23 158 216 229
44 16 22 158 216 229
44 16 23 158 216 229
44 17 22 158 216 229
44 17 23 158 216 229
44 18 22 158 216 229
44 18 23 158 216 229
44 19 22 158 216 229
44 19 23 158 216 229
44 20 22 158 216 229
44 20 23 158 216 229
44 21 22 158 216 229
44 21 23 158 216 229
44 22 22 158 216 229
44 22 23 158 216 229
44 23 22 158 216 229
44 23 23 158 216 229
44 24 22 158 216 229
44 24 23 158 216 229
44 25 22 158 216 229
44 25 23 158 216 229
44 26 22 158 216 229
44 26 23 158 216 229
44 27 22 158 216 229
44 27 23 158 216 229
44 28 22 158 216 229
44 28 23 158 216 229
44 29 22 158 216 229
44 29 23 158 216 229
44 30 22 158 216 229
44 30 23 158 216 229
44 31 22 158 216 229
44 31 23 158 216 229
44 32 22 158 216 229
44 32 23 158 216 229
44 33 8 214 38 40
44 33 9 214 38 40
44 33 10 214 38 40
44 33 11 214 38 40
44 33 12 214 38 40
44 33 13 214 38 40
44 33 14 214 38 40
44 33 15 214 38 40
44 33 16 214 38 40
44 33 17 214 38 40
44 33 18 214 38 40
44 33 19 214 38 40
44 33 20 214 38 40
44 33 21 214 38 40
44 33 22 214 38 40
44 33 23 158 216 229
44 34 0 214 38 40
44 34 1 214 38 40
44 34 2 214 38 40
44 34 3 214 38 40
44 34 4 214 38 40
44 34 5 214 38 40
44 34 6 214 38 40
44 34 7 214 38 40
44 34 8 214 38 40
44 34 9 214 38 40
44 34 10 214 38 40
44 34 11 214 38 40
44 34 12 214 38 40
44 34 13 214 38 40
44 34 14 214 38 40
44 34 15 214 38 40
44 34 16 214 38 40
44 34 17 214 38 40
45 0 0 43 160 4
45 0 1 43 160 4
45 0 2 43 160 4
45 0 3 43 160 4
45 0 4 43 160 4
45 0 5 43 160 4
45 0 6 43 160 4
45 0 7 43 160 4
45 0 8 43 160 4
45 0 9 43 160 4
45 0 10 43 160 4
45 0 11 43 160 4
45 0 12 43 160 4
45 0 13 43 160 4
45 0 14 43 160 4
45 0 15 43 160 4
45 0 16 43 160 4
45 0 17 43 160 4
45 0 18 196 175 214
45 0 19 196 175 214
45 0 20 196 175 214
45 0 21 196 175 214
45 0 22 158 216 229
45 1 0 43 160 4
45 1 1 43 160 4
45 1 2 43 160 4
45 1 3 43 160 4
45 1 4 43 160 4
45 1 5 43 160 4
45 1 6 43 160 4
45 1 7 43 160 4
45 1 17 196 175 214
45 1 18 196 175 214
45 1 19 196 175 214
45 1 20 196 175 214
45 1 21 196 175 214
45 1 22 158 216 229
45 2 17 196 175 214
45 2 18 196 175 214
45 2 19 196 175 214
45 2 20 196 175 214
45 2 21 196 175 214
45 2 22 158 216 229
45 3 17 196 175 214
45 3 18 196 175 214
45 3 19 196 175 214
45 3 20 196 175 214
45 3 21 196 175 214
45 3 22 158 216 229
45 4 17 196 175 214
45 4 18 196 175 214
45 4 19 196 175 214
45 4 20 196 175 214
45 4 21 196 175 214
45 4 22 158 216 229
45 5 17 196 175 214
45 5 18 196 175 214
45 5 19 196 175 214
45 5 20 196 175 214
45 5 21 196 175 214
45 5 22 158 216 229
45 6 21 158 216 229
45 6 22 158 216 229
45 7 21 158 216 229
45 7 22 158 216 229
45 8 21 158 216 229
45 8 22 158 216 229
45 9 21 158 216 229
45 9 22 158 216 229
45 10 22 158 216 229
45 11 22 158 216 229
45 12 22 158 216 229
45 13 22 158 216 229
45 14 22 158 216 229
45 15 22 158 216 229
45 16 22 158 216 229
45 17 22 158 216 229
45 18 22 158 216 229
45 19 22 158 216 229
45 20 22 158 216 229
45 21 22 158 216 229
45 22 22 158 216 229
45 23 22 158 216 229
45 24 22 158 216 229
45 25 22 158 216 229
45 26 22 158 216 229
45 27 22 158 216 229
45 28 22 158 216 229
45 29 22 158 216 229
45 29 23 158 216 229
45 30 22 158 216 229
45 30 23 158 216 229
45 31 22 158 216 229
45 31 23 158 216 229
45 32 22 158 216 229
45 32 23 158 216 229
45 33 9 214 38 40
45 33 10 214 38 40
45 33 11 214 38 40
45 33 12 214 38 40
45 33 13 214 38 40
45 33 14 214 38 40
45 33 15 214 38 40
45 33 16 214 38 40
45 33 17 214 38 40
45 33 18 214 38 40
45 33 19 214 38 40
45 33 20 214 38 40
45 33 21 214 38 40
45 33 22 214 38 40
45 33 23 158 216 229
45 34 0 214 38 40
45 34 1 214 38 40
45 34 2 214 38 40
45 34 3 214 38 40
45 34 4 214 38 40
45 34 5 214 38 40
45 34 6 214 38 40
45 34 7 214 38 40
45 34 8 214 38 40
45 34 9 214 38 40
45 34 10 214 38 40
45 34 11 214 38 40
45 34 12 214 38 40
45 34 13 214 38 40
45 34 14 214 38 40
45 34 15 214 38 40
45 34 16 214 38 40
45 34 17 214 38 40
46 0 0 43 160 4
46 0 1 43 160 4
46 0 2 43 160 4
46 0 3 43 160 4
46 0 4 43 160 4
46 0 5 43 160 4
46 0 6 43 160 4
46 0 7 43 160 4
46 0 8 43 160 4
46 0 9 43 160 4
46 0 10 43 160 4
46 0 11 43 160 4
46 0 12 43 160 4
46 0 13 43 160 4
46 0 14 43 160 4
46 0 15 43 160 4
46 0 16 43 160 4
46 0 17 43 160 4
46 0 18 43 160 4
46 0 19 43 160 4
46 0 20 43 160 4
46 0 21 158 216 229
46 1 0 43 160 4
46 1 1 43 160 4
46 1 2 43 160 4
46 1 3 43 160 4
46 1 4 43 160 4
46 1 5 43 160 4
46 1 6 43 160 4
46 1 7 43 160 4
46 1 19 196 175 214
46 1 20 196 175 214
46 1 21 158 216 229
46 2 19 196 175 214
46 2 20 196 175 214
46 2 21 158 216 229
46 3 19 196 175 214
46 3 20 196 175 214
46 3 21 158 216 229
46 3 22 158 216 229
46 4 19 196 175 214
46 4 20 196 175 214
46 4 21 158 216 229
46 4 22 158 216 229
46 5 19 196 175 214
46 5 20 196 175 214
46 5 21 158 216 229
46 5 22 158 216 229
46 6 21 158 216 229
46 6 22 158 216 229
46 7 21 158 216 229
46 7 22 158 216 229
46 8 21 158 216 229
46 8 22 158 216 229
46 9 21 158 216 229
46 9 22 158 216 229
46 10 21 158 216 229
46 10 22 158 216 229
46 11 21 158 216 229
46 11 22 158 216 229
46 12 21 158 216 229
46 12 22 158 216 229
46 13 21 158 216 229
46 13 22 158 216 229
46 14 21 158 216 229
46 14 22 158 216 229
46 15 21 158 216 229
46 15 22 158 216 229
46 16 21 158 216 229
46 16 22 158 216 229
46 17 21 158 216 229
46 17 22 158 216 229
46 18 21 158 216 229
46 18 22 158 216 229
46 19 21 158 216 229
46 19 22 158 216 229
46 20 21 158 216 229
46 20 22 158 216 229
46 21 21 158 216 229
46 21 22 158 216 229
46 22 21 158 216 229
46 22 22 158 216 229
46 23 21 158 216 229
46 23 22 158 216 229
46 24 21 158 216 229
46 24 22 158 216 229
46 25 21 158 216 229
46 25 22 158 216 229
46 26 21 158 216 229
46 26 22 158 216 229
46 27 22 158 216 229
46 28 22 158 216 229
46 29 22 158 216 229
46 30 22 158 216 229
46 31 22 158 216 229
46 32 22 158 216 229
46 33 9 214 38 40
46 33 10 214 38 40
46 33 11 214 38 40
46 33 12 214 38 40
46 33 13 214 38 40
46 33 14 214 38 40
46 33 15 214 38 40
46 33 16 214 38 40
46 33 17 214 38 40
46 33 18 214 38 40
46 33 19 214 38 40
46 33 20 214 38 40
46 33 21 214 38 40
46 33 22 158 216 229
46 34 0 214 38 40
46 34 1 214 38 40
46 34 2 214 38 40
46 34 3 214 38 40
46 34 4 214 38 40
46 34 5 214 38 40
46 34 6 214 38 40
46 34 7 214 38 40
46 34 8 214 38 40
46 34 9 214 38 40
46 34 10 214 38 40
46 34 11 214 38 40
46 34 12 214 38 40
46 34 13 214 38 40
46 34 14 214 38 40
46 34 15 214 38 40
46 34 16 214 38 40
46 34 17 214 38 40
46 34 18 214 38 40
47 0 0 43 160 4
47 0 1 43 160 4
47 0 2 43 160 4
47 0 3 43 160 4
47 0 4 43 160 4
47 0 5 43 160 4
47 0 6 43 160 4
47 0 7 43 160 4
47 0 8 43 160 4
47 0 9 43 160 4
47 0 10 43 160 4
47 0 11 43 160 4
47 0 12 43 160 4
47 0 13 43 160 4
47 0 14 43 160 4
47 0 15 43 160 4
47 0 16 43 160 4
47 0 17 43 160 4
47 0 18 43 160 4
47 0 19 43 160 4
47 0 20 43 160 4
47 0 21 158 216 229
47 1 0 43 160 4
47 1 1 43 160 4
47 1 2 43 160 4
47 1 3 43 160 4
47 1 4 43 160 4
47 1 5 43 160 4
47 1 6 43 160 4
47 1 7 43 160 4
47 1 8 43 160 4
47 1 20 158 216 229
47 1 21 158 216 229
47 2 21 158 216 229
47 3 21 158 216 229
47 4 21 158 216 229
47 5 21 158 216 229
47 6 21 158 216 229
47 7 21 158 216 229
47 8 21 158 216 229
47 9 21 158 216 229
47 10 21 158 216 229
47 11 21 158 216 229
47 12 21 158 216 229
47 13 21 158 216 229
47 14 21 158 216 229
47 15 21 158 216 229
47 16 21 158 216 229
47 17 21 158 216 229
47 18 21 158 216 229
47 19 21 158 216 229
47 20 21 158 216 229
47 20 22 158 216 229
47 21 21 158 216 229
47 21 22 158 216 229
47 22 21 158 216 229
47 22 22 158 216 229
47 23 21 158 216 229
47 23 22 158 216 229
47 24 21 158 216 229
47 24 22 158 216 229
47 25 21 158 216 229
47 25 22 158 216 229
47 26 21 158 216 229
47 26 22 158 216 229
47 27 21 158 216 229
47 27 22 158 216 229
47 28 21 158 216 229
47 28 22 158 216 229
47 29 21 158 216 229
47 29 22 158 216 229
47 30 21 158 216 229
47 30 22 158 216 229
47 31 21 158 216 229
47 31 22 158 216 229
47 32 21 158 216 229
47 32 22 158 216 229
47 33 10 214 38 40
47 33 11 214 38 40
47 33 12 214 38 40
47 33 13 214 38 40
47 33 14 214 38 40
47 33 15 214 38 40
47 33 16 214 38 40
47 33 17 214 38 40
47 33 18 214 38 40
47 33 19 214 38 40
47 33 20 214 38 40
47 33 21 214 38 40
47 33 22 158 216 229
47 34 0 214 38 40
47 34 1 214 38 40
47 34 2 214 38 40
47 34 3 214 38 40
47 34 4 214 38 40
47 34 5 214 38 40
47 34 6 214 38 40
47 34 7 214 38 40
47 34 8 214 38 40
47 34 9 214 38 40
47 34 10 214 38 40
47 34 11 214 38 40
47 34 12 214 38 40
47 34 13 214 38 40
47 34 14 214 38 40
47 34 15 214 38 40
47 34 16 214 38 40
47 34 17 214 38 40
47 34 18 214 38 40
48 0 0 43 160 4
48 0 1 43 160 4
48 0 2 43 160 4
48 0 3 43 160 4
48 0 4 43 160 4
48 0 5 43 160 4
48 0 6 43 160 4
48 0 7 43 160 4
48 0 8 43 160 4
48 0 9 43 160 4
48 0 10 43 160 4
48 0 11 43 160 4
48 0 12 43 160 4
48 0 13 43 160 4
48 0 14 43 160 4
48 0 15 43 160 4
48 0 16 43 160 4
48 0 17 43 160 4
48 0 18 43 160 4
48 0 19 43 160 4
48 0 20 43 160 4
48 0 21 158 216 229
48 1 0 43 160 4
48 1 1 43 160 4
48 1 2 43 160 4
48 1 3 43 160 4
48 1 4 43 160 4
48 1 5 43 160 4
48 1 6 43 160 4
48 1 7 43 160 4
48 1 8 43 160 4
48 1 20 158 216 229
48 1 21 158 216 229
48 2 20 158 216 229
48 2 21 158 216 229
48 3 20 158 216 229
48 3 21 158 216 229
48 4 20 158 216 229
48 4 21 158 216 229
48 5 20 158 216 229
48 5 21 158 216 229
48 6 20 158 216 229
48 6 21 158 216 229
48 7 20 158 216 229
48 7 21 158 216 229
48 8 20 158 216 229
48 8 21 158 216 229
48 9 20 158 216 229
48 9 21 158 216 229
48 10 20 158 216 229
48 10 21 158 216 229
48 11 20 158 216 229
48 11 21 158 216 229
48 12 20 158 216 229
48 12 21 158 216 229
48 13 20 158 216 229
48 13 21 158 216 229
48 14 20 158 216 229
48 14 21 158 216 229
48 15 20 158 216 229
48 15 21 158 216 229
48 16 20 158 216 229
48 16 21 158 216 229
48 17 20 158 216 229
48 17 21 158 216 229
48 18 20 158 216 229
48 18 21 158 216 229
48 19 21 158 216 229
48 20 21 158 216 229
48 21 21 158 216 229
48 22 21 158 216 229
48 23 21 158 216 229
48 24 21 158 216 229
48 25 21 158 216 229
48 26 21 158 216 229
48 27 21 158 216 229
48 28 21 158 216 229
48 29 21 158 216 229
48 30 21 158 216 229
48 31 21 158 216 229
48 32 21 158 216 229
48 33 10 214 38 40
48 33 11 214 38 40
48 33 12 214 38 40
48 33 13 214 38 40
48 33 14 214 38 40
48 33 15 214 38 40
48 33 16 214 38 40
48 33 17 214 38 40
48 33 18 214 38 40
48 33 19 214 38 40
48 33 20 214 38 40
48 33 21 158 216 229
48 34 0 214 38 40
48 34 1 214 38 40
48 34 2 214 38 40
48 34 3 214 38 40
48 34 4 214 38 40
48 34 5 214 38 40
48 34 6 214 38 40
48 34 7 214 38 40
48 34 8 214 38 40
48 34 9 214 38 40
48 34 10 214 38 40
48 34 11 214 38 40
48 34 12 214 38 40
48 34 13 214 38 40
48 34 14 214 38 40
48 34 15 214 38 40
48 34 16 214 38 40
48 34 17 214 38 40
48 34 18 214 38 40
48 34 19 214 38 40
49 0 1 43 160 4
49 0 2 43 160 4
49 0 3 43 160 4
49 0 4 43 160 4
49 0 5 43 160 4
49 0 6 43 160 4
49 0 7 43 160 4
49 0 8 43 160 4
49 0 9 43 160 4
49 0 10 43 160 4
49 0 11 43 160 4
49 0 12 43 160 4
49 0 13 43 160 4
49 0 14 43 160 4
49 0 15 43 160 4
49 0 16 43 160 4
49 0 17 43 160 4
49 0 18 43 160 4
49 0 19 43 160 4
49 0 20 158 216 229
49 1 0 43 160 4
49 1 1 43 160 4
49 1 2 43 160 4
49 1 3 43 160 4
49 1 4 43 160 4
49 1 5 43 160 4
49 1 6 43 160 4
49 1 7 43 160 4
49 1 8 43 160 4
49 1 9 43 160 4
49 1 20 158 216 229
49 2 20 158 216 229
49 3 20 158 216 229
49 4 20 158 216 229
49 5 20 158 216 229
49 6 20 158 216 229
49 7 20 158 216 229
49 8 20 158 216 229
49 9 20 158 216 229
49 10 20 158 216 229
49 11 20 158 216 229
49 11 21 158 216 229
49 12 20 158 216 229
49 12 21 158 216 229
49 13 20 158 216 229
49 13 21 158 216 229
49 14 20 158 216 229
49 14 21 158 216 229
49 15 20 158 216 229
49 15 21 158 216 229
49 16 20 158 216 229
49 16 21 158 216 229
49 17 20 158 216 229
49 17 21 158 216 229
49 18 20 158 216 229
49 18 21 158 216 229
49 19 20 158 216 229
49 19 21 158 216 229
49 20 20 158 216 229
49 20 21 158 216 229
49 21 20 158 216 229
49 21 21 158 216 229
49 22 20 158 216 229
49 22 21 158 216 229
49 23 20 158 216 229
49 23 21 158 216 229
49 24 20 158 216 229
49 24 21 158 216 229
49 25 20 158 216 229
49 25 21 158 216 229
49 26 20 158 216 229
49 26 21 158 216 229
49 27 20 158 216 229
49 27 21 158 216 229
49 28 20 158 216 229
49 28 21 158 216 229
49 29 20 158 216 229
49 29 21 158 216 229
49 30 20 158 216 229
49 30 21 158 216 229
49 31 20 158 216 229
49 31 21 158 216 229
49 32 20 158 216 229
49 32 21 158 216 229
49 33 11 214 38 40
49 33 12 214 38 40
49 33 13 214 38 40
49 33 14 214 38 40
49 33 15 214 38 40
49 33 16 214 38 40
49 33 17 214 38 40
49 33 18 214 38 40
49 33 19 214 38 40
49 33 20 214 38 40
49 33 21 158 216 229
49 34 0 214 38 40
49 34 1 214 38 40
49 34 2 214 38 40
49 34 3 214 38 40
49 34 4 214 38 40
49 34 5 214 38 40
49 34 6 214 38 40
49 34 7 214 38 40
49 34 8 214 38 40
49 34 9 214 38 40
49 34 10 214 38 40
49 34 11 214 38 40
49 34 12 214 38 40
49 34 13 214 38 40
49 34 14 214 38 40
49 34 15 214 38 40
49 34 16 214 38 40
49 34 17 214 38 40
49 34 18 214 38 40
49 34 19 214 38 40
50 0 1 43 160 4
50 0 2 43 160 4
50 0 3 43 160 4
50 0 4 43 160 4
50 0 5 43 160 4
50 0 6 43 160 4
50 0 7 43 160 4
50 0 8 43 160 4
50 0 9 43 160 4
50 0 10 43 160 4
50 0 11 43 160 4
50 0 12 43 160 4
50 0 13 43 160 4
50 0 14 43 160 4
50 0 15 43 160 4
50 0 16 43 160 4
50 0 17 43 160 4
50 0 18 43 160 4
50 0 19 43 160 4
50 0 20 158 216 229
50 1 0 43 160 4
50 1 1 43 160 4
50 1 2 43 160 4
50 1 3 43 160 4
50 1 4 43 160 4
50 1 5 43 160 4
50 1 6 43 160 4
50 1 7 43 160 4
50 1 8 43 160 4
50 1 9 43 160 4
50 1 19 158 216 229
50 1 20 158 216 229
50 2 19 158 216 229
50 2 20 158 216 229
50 3 19 158 216 229
50 3 20 158 216 229
50 4 19 158 216 229
50 4 20 158 216 229
50 5 19 158 216 229
50 5 20 158 216 229
50 6 19 158 216 229
50 6 20 158 216 229
50 7 19 158 216 229
50 7 20 158 216 229
50 8 19 158 216 229
50 8 20 158 216 229
50 9 19 158 216 229
50 9 20 158 216 229
50 10 20 158 216 229
50 11 20 158 216 229
50 12 20 158 216 229
50 13 20 158 216 229
50 14 20 158 216 229
50 15 20 158 216 229
50 16 20 158 216 229
50 17 20 158 216 229
50 18 20 158 216 229
50 19 20 158 216 229
50 20 20 158 216 229
50 21 20 158 216 229
50 22 20 158 216 229
50 23 20 158 216 229
50 24 20 158 216 229
50 25 20 158 216 229
50 26 20 158 216 229
50 27 20 158 216 229
50 28 20 158 216 229
50 29 20 158 216 229
50 29 21 158 216 229
50 30 20 158 216 229
50 30 21 158 216 229
50 31 20 158 216 229
50 31 21 158 216 229
50 32 20 158 216 229
50 32 21 158 216 229
50 33 12 214 38 40
50 33 13 214 38 40
50 33 14 214 38 40
50 33 15 214 38 40
50 33 16 214 38 40
50 33 17 214 38 40
50 33 18 214 38 40
50 33 19 214 38 40
50 33 20 158 216 229
50 33 21 158 216 229
50 34 0 214 38 40
50 34 1 214 38 40
50 34 2 214 38 40
50 34 3 214 38 40
50 34 4 214 38 40
50 34 5 214 38 40
50 34 6 214 38 40
50 34 7 214 38 40
50 34 8 214 38 40
50 34 9 214 38 40
50 34 10 214 38 40
50 34 11 214 38 40
50 34 12 214 38 40
50 34 13 214 38 40
50 34 14 214 38 40
50 34 15 214 38 40
50 34 16 214 38 40
50 34 17 214 38 40
50 34 18 214 38 40
50 34 19 214 38 40
50 34 20 214 38 40
51 0 2 43 160 4
51 0 3 43 160 4
51 0 4 43 160 4
51 0 5 43 160 4
51 0 6 43 160 4
51 0 7 43 160 4
51 0 8 43 160 4
51 0 9 43 160 4
51 0 10 43 160 4
51 0 11 43 160 4
51 0 12 43 160 4
51 0 13 43 160 4
51 0 14 43 160 4
51 0 15 43 160 4
51 0 16 43 160 4
51 0 17 43 160 4
51 0 18 43 160 4
51 0 19 158 216 229
51 1 0 43 160 4
51 1 1 43 160 4
51 1 2 43 160 4
51 1 3 43 160 4
51 1 4 43 160 4
51 1 5 43 160 4
51 1 6 43 160 4
51 1 7 43 160 4
51 1 8 43 160 4
51 1 9 43 160 4
51 1 10 43 160 4
51 1 19 158 216 229
51 2 19 158 216 229
51 3 19 158 216 229
51 3 20 158 216 229
51 4 19 158 216 229
51 4 20 158 216 229
51 5 19 158 216 229
51 5 20 158 216 229
51 6 19 158 216 229
51 6 20 158 216 229
51 7 19 158 216 229
51 7 20 158 216 229
51 8 19 158 216 229
51 8 20 158 216 229
51 9 19 158 216 229
51 9 20 158 216 229
51 10 19 158 216 229
51 10 20 158 216 229
51 11 19 158 216 229
51 11 20 158 216 229
51 12 19 158 216 229
51 12 20 158 216 229
51 13 19 158 216 229
51 13 20 158 216 229
51 14 19 158 216 229
51 14 20 158 216 229
51 15 19 158 216 229
51 15 20 158 216 229
51 16 19 158 216 229
51 16 20 158 216 229
51 17 19 158 216 229
51 17 20 158 216 229
51 18 19 158 216 229
51 18 20 158 216 229
51 19 19 158 216 229
51 19 20 158 216 229
51 20 19 158 216 229
51 20 20 158 216 229
51 21 19 158 216 229
51 21 20 158 216 229
51 22 19 158 216 229
51 22 20 158 216 229
51 23 19 158 216 229
51 23 20 158 216 229
51 24 19 158 216 229
51 24 20 158 216 229
51 25 19 158 216 229
51 25 20 158 216 229
51 26 19 158 216 229
51 26 20 158 216 229
51 27 20 158 216 229
51 28 20 158 216 229
51 29 20 158 216 229
51 30 20 158 216 229
51 31 20 158 216 229
51 32 20 158 216 229
51 33 12 214 38 40
51 33 13 214 38 40
51 33 14 214 38 40
51 33 15 214 38 40
51 33 16 214 38 40
51 33 17 214 38 40
51 33 18 214 38 40
51 33 19 214 38 40
51 33 20 158 216 229
51 34 0 214 38 40
51 34 1 214 38 40
51 34 2 214 38 40
51 34 3 214 38 40
51 34 4 214 38 40
51 34 5 214 38 40
51 34 6 214 38 40
51 34 7 214 38 40
51 34 8 214 38 40
51 34 9 214 38 40
51 34 10 214 38 40
51 34 11 214 38 40
51 34 12 214 38 40
51 34 13 214 38 40
51 34 14 214 38 40
51 34 15 214 38 40
51 34 16 214 38 40
51 34 17 214 38 40
51 34 18 214 38 40
51 34 19 214 38 40
51 34 20 214 38 40
52 0 2 43 160 4
52 0 3 43 160 4
52 0 4 43 160 4
52 0 5 43 160 4
52 0 6 43 160 4
52 0 7 43 160 4
52 0 8 43 160 4
52 0 9 43 160 4
52 0 10 43 160 4
52 0 11 43 160 4
52 0 12 43 160 4
52 0 13 43 160 4
52 0 14 43 160 4
52 0 15 43 160 4
52 0 16 43 160 4
52 0 17 43 160 4
52 0 18 43 160 4
52 0 19 158 216 229
52 1 0 43 160 4
52 1 1 43 160 4
52 1 2 43 160 4
52 1 3 43 160 4
52 1 4 43 160 4
52 1 5 43 160 4
52 1 6 43 160 4
52 1 7 43 160 4
52 1 8 43 160 4
52 1 9 43 160 4
52 1 10 43 160 4
52 1 18 158 216 229
52 1 19 158 216 229
52 2 19 158 216 229
52 3 19 158 216 229
52 4 19 158 216 229
52 5 19 158 216 229
52 6 19 158 216 229
52 7 19 158 216 229
52 8 19 158 216 229
52 9 19 158 216 229
52 10 19 158 216 229
52 11 19 158 216 229
52 12 19 158 216 229
52 13 19 158 216 229
52 14 19 158 216 229
52 15 19 158 216 229
52 16 19 158 216 229
52 17 19 158 216 229
52 18 19 158 216 229
52 19 19 158 216 229
52 20 19 158 216 229
52 20 20 158 216 229
52 21 19 158 216 229
52 21 20 158 216 229
52 22 19 158 216 229
52 22 20 158 216 229
52 23 19 158 216 229
52 23 20 158 216 229
52 24 19 158 216 229
52 24 20 158 216 229
52 25 19 158 216 229
52 25 20 158 216 229
52 26 19 158 216 229
52 26 20 158 216 229
52 27 19 158 216 229
52 27 20 158 216 229
52 28 19 158 216 229
52 28 20 158 216 229
52 29 19 158 216 229
52 29 20 158 216 229
52 30 19 158 216 229
52 30 20 158 216 229
52 31 19 158 216 229
52 31 20 158 216 229
52 32 19 158 216 229
52 32 20 158 216 229
52 33 13 214 38 40
52 33 14 214 38 40
52 33 15 214 38 40
52 33 16 214 38 40
52 33 17 214 38 40
52 33 18 214 38 40
52 33 19 158 216 229
52 33 20 158 216 229
52 34 0 214 38 40
52 34 1 214 38 40
52 34 2 214 38 40
52 34 3 214 38 40
52 34 4 214 38 40
52 34 5 214 38 40
52 34 6 214 38 40
52 34 7 214 38 40
52 34 8 214 38 40
52 34 9 214 38 40
52 34 10 214 38 40
52 34 11 214 38 40
52 34 12 214 38 40
52 34 13 214 38 40
52 34 14 214 38 40
52 34 15 214 38 40
52 34 16 214 38 40
52 34 17 214 38 40
52 34 18 214 38 40
52 34 19 214 38 40
53 0 3 43 160 4
53 0 4 43 160 4
53 0 5 43 160 4
53 0 6 43 160 4
53 0 7 43 160 4
53 0 8 43 160 4
53 0 9 43 160 4
53 0 10 43 160 4
53 0 11 43 160 4
53 0 12 43 160 4
53 0 13 43 160 4
53 0 14 43 160 4
53 0 15 43 160 4
53 0 16 43 160 4
53 0 17 43 160 4
53 0 18 43 160 4
53 1 0 43 160 4
53 1 1 43 160 4
53 1 2 43 160 4
53 1 3 43 160 4
53 1 4 43 160 4
53 1 5 43 160 4
53 1 6 43 160 4
53 1 7 43 160 4
53 1 8 43 160 4
53 1 9 43 160 4
53 1 10 43 160 4
53 1 11 43 160 4
53 1 18 158 216 229
53 1 19 158 216 229
53 2 18 158 216 229
53 2 19 158 216 229
53 3 18 158 216 229
53 3 19 158 216 229
53 4 18 158 216 229
53 4 19 158 216 229
53 5 18 158 216 229
53 5 19 158 216 229
53 6 18 158 216 229
53 6 19 158 216 229
53 7 18 158 216 229
53 7 19 158 216 229
53 8 18 158 216 229
53 8 19 158 216 229
53 9 18 158 216 229
53 9 19 158 216 229
53 10 18 158 216 229
53 10 19 158 216 229
53 11 18 158 216 229
53 11 19 158 216 229
53 12 18 158 216 229
53 12 19 158 216 229
53 13 18 158 216 229
53 13 19 158 216 229
53 14 18 158 216 229
53 14 19 158 216 229
53 15 18 158 216 229
53 15 19 158 216 229
53 16 18 158 216 229
53 16 19 158 216 229
53 17 18 158 216 229
53 17 19 158 216 229
53 18 18 158 216 229
53 18 19 158 216 229
53 19 19 158 216 229
53 20 19 158 216 229
53 21 19 158 216 229
53 22 19 158 216 229
53 23 19 158 216 229
53 24 19 158 216 229
53 25 19 158 216 229
53 26 19 158 216 229
53 27 19 158 216 229
53 28 19 158 216 229
53 29 19 158 216 229
53 30 19 158 216 229
53 31 19 158 216 229
53 32 19 158 216 229
53 33 13 214 38 40
53 33 14 214 38 40
53 33 15 214 38 40
53 33 16 214 38 40
53 33 17 214 38 40
53 33 18 214 38 40
53 33 19 158 216 229
53 34 0 214 38 40
53 34 1 214 38 40
53 34 2 214 38 40
53 34 3 214 38 40
53 34 4 214 38 40
53 34 5 214 38 40
53 34 6 214 38 40
53 34 7 214 38 40
53 34 8 214 38 40
53 34 9 214 38 40
53 34 10 214 38 40
53 34 11 214 38 40
53 34 12 214 38 40
53 34 13 214 38 40
53 34 14 214 38 40
53 34 15 214 38 40
53 34 16 214 38 40
53 34 17 214 38 40
53 34 18 214 38 40
53 34 19 214 38 40
54 0 3 43 160 4
54 0 4 43 160 4
54 0 5 43 160 4
54 0 6 43 160 4
54 0 7 43 160 4
54 0 8 43 160 4
54 0 9 43 160 4
54 0 10 43 160 4
54 0 11 43 160 4
54 0 12 43 160 4
54 0 13 43 160 4
54 0 14 43 160 4
54 0 15 43 160 4
54 0 16 43 160 4
54 0 17 43 160 4
54 0 18 43 160 4
54 1 0 43 160 4
54 1 1 43 160 4
54 1 2 43 160 4
54 1 3 43 160 4
54 1 4 43 160 4
54 1 5 43 160 4
54 1 6 43 160 4
54 1 7 43 160 4
54 1 8 43 160 4
54 1 9 43 160 4
54 1 10 43 160 4
54 1 11 43 160 4
54 1 18 158 216 229
54 2 18 158 216 229
54 3 18 158 216 229
54 4 18 158 216 229
54 5 18 158 216 229
54 6 18 158 216 229
54 7 18 158 216 229
54 8 18 158 216 229
54 9 18 158 216 229
54 10 18 158 216 229
54 11 18 158 216 229
54 11 19 158 216 229
54 12 18 158 216 229
54 12 19 158 216 229
54 13 18 158 216 229
54 13 19 158 216 229
54 14 18 158 216 229
54 14 19 158 216 229
54 15 18 158 216 229
54 15 19 158 216 229
54 16 18 158 216 229
54 16 19 158 216 229
54 17 18 158 216 229
54 17 19 158 216 229
54 18 18 158 216 229
54 18 19 158 216 229
54 19 18 158 216 229
54 19 19 158 216 229
54 20 18 158 216 229
54 20 19 158 216 229
54 21 18 158 216 229
54 21 19 158 216 229
54 22 18 158 216 229
54 22 19 158 216 229
54 23 18 158 216 229
54 23 19 158 216 229
54 24 18 158 216 229
54 24 19 158 216 229
54 25 18 158 216 229
54 25 19 158 216 229
54 26 18 158 216 229
54 26 19 158 216 229
54 27 18 158 216 229
54 27 19 158 216 229
54 28 18 158 216 229
54 28 19 158 216 229
54 29 18 158 216 229
54 29 19 158 216 229
54 30 18 158 216 229
54 30 19 158 216 229
54 31 18 158 216 229
54 31 19 158 216 229
54 32 18 158 216 229
54 32 19 158 216 229
54 33 14 214 38 40
54 33 15 214 38 40
54 33 16 214 38 40
54 33 17 214 38 40
54 33 18 214 38 40
54 33 19 158 216 229
54 34 0 214 38 40
54 34 1 214 38 40
54 34 2 214 38 40
54 34 3 214 38 40
54 34 4 214 38 40
54 34 5 214 38 40
54 34 6 214 38 40
54 34 7 214 38 40
54 34 8 214 38 40
54 34 9 214 38 40
54 34 10 214 38 40
54 34 11 214 38 40
54 34 12 214 38 40
54 34 13 214 38 40
54 34 14 214 38 40
54 34 15 214 38 40
54 34 16 214 38 40
54 34 17 214 38 40
54 34 18 214 38 40
54 34 19 214 38 40
55 0 4 43 160 4
55 0 5 43 160 4
55 0 6 43 160 4
55 0 7 43 160 4
55 0 8 43 160 4
55 0 9 43 160 4
55 0 10 43 160 4
55 0 11 43 160 4
55 0 12 43 160 4
55 0 13 43 160 4
55 0 14 43 160 4
55 0 15 43 160 4
55 0 16 43 160 4
55 0 17 43 160 4
55 0 18 158 216 229
55 1 0 43 160 4
55 1 1 43 160 4
55 1 2 43 160 4
55 1 3 43 160 4
55 1 4 43 160 4
55 1 5 43 160 4
55 1 6 43 160 4
55 1 7 43 160 4
55 1 8 43 160 4
55 1 9 43 160 4
55 1 10 43 160 4
55 1 11 43 160 4
55 1 12 43 160 4
55 1 17 158 216 229
55 1 18 158 216 229
55 2 17 158 216 229
55 2 18 158 216 229
55 3 17 158 216 229
55 3 18 158 216 229
55 4 17 158 216 229
55 4 18 158 216 229
55 5 17 158 216 229
55 5 18 158 216 229
55 6 17 158 216 229
55 6 18 158 216 229
55 7 17 158 216 229
55 7 18 158 216 229
55 8 17 158 216 229
55 8 18 158 216 229
55 9 17 158 216 229
55 9 18 158 216 229
55 10 18 158 216 229
55 11 18 158 216 229
55 12 18 158 216 229
55 13 18 158 216 229
55 14 18 158 216 229
55 15 18 158 216 229
55 16 18 158 216 229
55 17 18 158 216 229
55 18 18 158 216 229
55 19 18 158 216 229
55 20 18 158 216 229
55 21 18 158 216 229
55 22 18 158 216 229
55 23 18 158 216 229
55 24 18 158 216 229
55 25 18 158 216 229
55 26 18 158 216 229
55 27 18 158 216 229
55 28 18 158 216 229
55 29 18 158 216 229
55 29 19 158 216 229
55 30 18 158 216 229
55 30 19 158 216 229
55 31 18 158 216 229
55 31 19 158 216 229
55 32 18 158 216 229
55 32 19 158 216 229
55 33 14 214 38 40
55 33 15 214 38 40
55 33 16 214 38 40
55 33 17 214 38 40
55 33 18 158 216 229
55 33 19 158 216 229
55 34 0 214 38 40
55 34 1 214 38 40
55 34 2 214 38 40
55 34 3 214 38 40
55 34 4 214 38 40
55 34 5 214 38 40
55 34 6 214 38 40
55 34 7 214 38 40
55 34 8 214 38 40
55 34 9 214 38 40
55 34 10 214 38 40
55 34 11 214 38 40
55 34 12 214 38 40
55 34 13 214 38 40
55 34 14 214 38 40
55 34 15 214 38 40
55 34 16 214 38 40
55 34 17 214 38 40
55 34 18 214 38 40
56 0 4 43 160 4
56 0 5 43 160 4
56 0 6 43 160 4
56 0 7 43 160 4
56 0 8 43 160 4
56 0 9 43 160 4
56 0 10 43 160 4
56 0 11 43 160 4
56 0 12 43 160 4
56 0 13 43 160 4
56 0 14 43 160 4
56 0 15 43 160 4
56 0 16 43 160 4
56 0 17 43 160 4
56 1 0 43 160 4
56 1 1 43 160 4
56 1 2 43 160 4
56 1 3 43 160 4
56 1 4 43 160 4
56 1 5 43 160 4
56 1 6 43 160 4
56 1 7 43 160 4
56 1 8 43 160 4
56 1 9 43 160 4
56 1 10 43 160 4
56 1 11 43 160 4
56 1 12 43 160 4
56 1 17 158 216 229
56 2 17 158 216 229
56 3 17 158 216 229
56 3 18 158 216 229
56 4 17 158 216 229
56 4 18 158 216 229
56 5 17 158 216 229
56 5 18 158 216 229
56 6 17 158 216 229
56 6 18 158 216 229
56 7 17 158 216 229
56 7 18 158 216 229
56 8 17 158 216 229
56 8 18 158 216 229
56 9 17 158 216 229
56 9 18 158 216 229
56 10 17 158 216 229
56 10 18 158 216 229
56 11 0 158 216 229
56 11 17 158 216 229
56 11 18 158 216 229
56 12 0 158 216 229
56 12 17 158 216 229
56 12 18 158 216 229
56 13 0 158 216 229
56 13 17 158 216 229
56 13 18 158 216 229
56 14 0 158 216 229
56 14 17 158 216 229
56 14 18 158 216 229
56 15 0 158 216 229
56 15 17 158 216 229
56 15 18 158 216 229
56 16 0 158 216 229
56 16 17 158 216 229
56 16 18 158 216 229
56 17 0 158 216 229
56 17 17 158 216 229
56 17 18 158 216 229
56 18 0 158 216 229
56 18 17 158 216 229
56 18 18 158 216 229
56 19 0 158 216 229
56 19 17 158 216 229
56 19 18 158 216 229
56 20 0 158 216 229
56 20 17 158 216 229
56 20 18 158 216 229
56 21 0 158 216 229
56 21 17 158 216 229
56 21 18 158 216 229
56 22 0 158 216 229
56 22 17 158 216 229
56 22 18 158 216 229
56 23 0 158 216 229
56 23 17 158 216 229
56 23 18 158 216 229
56 24 0 158 216 229
56 24 17 158 216 229
56 24 18 158 216 229
56 25 0 158 216 229
56 25 17 158 216 229
56 25 18 158 216 229
56 26 0 158 216 229
56 26 1 158 216 229
56 26 17 158 216 229
56 26 18 158 216 229
56 27 0 158 216 229
56 27 1 158 216 229
56 27 18 158 216 229
56 28 0 158 216 229
56 28 1 158 216 229
56 28 18 158 216 229
56 29 0 158 216 229
56 29 1 158 216 229
56 29 18 158 216 229
56 30 0 158 216 229
56 30 1 158 216 229
56 30 18 158 216 229
56 31 0 158 216 229
56 31 1 158 216 229
56 31 18 158 216 229
56 32 0 158 216 229
56 32 1 158 216 229
56 32 18 158 216 229
56 33 0 158 216 229
56 33 1 158 216 229
56 33 15 214 38 40
56 33 16 214 38 40
56 33 17 214 38 40
56 33 18 158 216 229
56 34 0 158 216 229
56 34 1 214 38 40
56 34 2 214 38 40
56 34 3 214 38 40
56 34 4 214 38 40
56 34 5 214 38 40
56 34 6 214 38 40
56 34 7 214 38 40
56 34 8 214 38 40
56 34 9 214 38 40
56 34 10 214 38 40
56 34 11 214 38 40
56 34 12 214 38 40
56 34 13 214 38 40
56 34 14 214 38 40
56 34 15 214 38 40
56 34 16 214 38 40
56 34 17 214 38 40
56 34 18 214 38 40
57 0 5 43 160 4
57 0 6 43 160 4
57 0 7 43 160 4
57 0 8 43 160 4
57 0 9 43 160 4
57 0 10 43 160 4
57 0 11 43 160 4
57 0 12 43 160 4
57 0 13 43 160 4
57 0 14 43 160 4
57 0 15 43 160 4
57 0 16 43 160 4
57 0 17 158 216 229
57 1 0 158 216 229
57 1 1 43 160 4
57 1 2 43 160 4
57 1 3 43 160 4
57 1 4 43 160 4
57 1 5 43 160 4
57 1 6 43 160 4
57 1 7 43 160 4
57 1 8 43 160 4
57 1 9 43 160 4
57 1 10 43 160 4
57 1 11 43 160 4
57 1 12 43 160 4
57 1 13 43 160 4
57 1 17 158 216 229
57 2 0 158 216 229
57 2 1 158 216 229
57 2 17 158 216 229
57 3 0 158 216 229
57 3 1 158 216 229
57 3 2 158 216 229
57 3 17 158 216 229
57 4 0 158 216 229
57 4 1 158 216 229
57 4 2 158 216 229
57 4 17 158 216 229
57 5 0 158 216 229
57 5 1 158 216 229
57 5 2 158 216 229
57 5 17 158 216 229
57 6 0 158 216 229
57 6 1 158 216 229
57 6 2 158 216 229
57 6 17 158 216 229
57 7 0 158 216 229
57 7 1 158 216 229
57 7 2 158 216 229
57 7 17 158 216 229
57 8 0 158 216 229
57 8 1 158 216 229
57 8 2 158 216 229
57 8 17 158 216 229
57 9 0 158 216 229
57 9 1 158 216 229
57 9 2 158 216 229
57 9 17 158 216 229
57 10 0 158 216 229
57 10 1 158 216 229
57 10 2 158 216 229
57 10 17 158 216 229
57 11 0 158 216 229
57 11 1 158 216 229
57 11 2 158 216 229
57 11 17 158 216 229
57 12 0 158 216 229
57 12 1 158 216 229
57 12 2 158 216 229
57 12 17 158 216 229
57 13 0 158 216 229
57 13 1 158 216 229
57 13 2 158 216 229
57 13 17 158 216 229
57 14 0 158 216 229
57 14 1 158 216 229
57 14 2 158 216 229
57 14 17 158 216 229
57 15 0 158 216 229
57 15 1 158 216 229
57 15 2 158 216 229
57 15 17 158 216 229
57 16 0 158 216 229
57 16 1 158 216 229
57 16 2 158 216 229
57 16 17 158 216 229
57 17 0 158 216 229
57 17 1 158 216 229
57 17 2 158 216 229
57 17 17 158 216 229
57 18 0 158 216 229
57 18 1 158 216 229
57 18 2 158 216 229
57 18 3 158 216 229
57 18 17 158 216 229
57 19 0 158 216 229
57 19 1 158 216 229
57 19 2 158 216 229
57 19 3 158 216 229
57 19 17 158 216 229
57 20 0 158 216 229
57 20 1 158 216 229
57 20 2 158 216 229
57 20 3 158 216 229
57 20 17 158 216 229
57 20 18 158 216 229
57 21 0 158 216 229
57 21 1 158 216 229
57 21 2 158 216 229
57 21 3 158 216 229
57 21 17 158 216 229
57 21 18 158 216 229
57 22 0 158 216 229
57 22 1 158 216 229
57 22 2 158 216 229
57 22 3 158 216 229
57 22 17 158 216 229
57 22 18 158 216 229
57 23 0 158 216 229
57 23 1 158 216 229
57 23 2 158 216 229
57 23 3 158 216 229
57 23 17 158 216 229
57 23 18 158 216 229
57 24 0 158 216 229
57 24 1 158 216 229
57 24 2 158 216 229
57 24 3 158 216 229
57 24 17 158 216 229
57 24 18 158 216 229
57 25 0 158 216 229
57 25 1 158 216 229
57 25 2 158 216 229
57 25 3 158 216 229
57 25 17 158 216 229
57 25 18 158 216 229
57 26 0 158 216 229
57 26 1 158 216 229
57 26 2 158 216 229
57 26 3 158 216 229
57 26 17 158 216 229
57 26 18 158 216 229
57 27 0 158 216 229
57 27 1 158 216 229
57 27 2 158 216 229
57 27 3 158 216 229
57 27 17 158 216 229
57 27 18 158 216 229
57 28 0 158 216 229
57 28 1 158 216 229
57 28 2 158 216 229
57 28 3 158 216 229
57 28 17 158 216 229
57 28 18 158 216 229
57 29 0 158 216 229
57 29 1 158 216 229
57 29 2 158 216 229
57 29 3 158 216 229
57 29 17 158 216 229
57 29 18 158 216 229
57 30 0 158 216 229
57 30 1 158 216 229
57 30 2 158 216 229
57 30 3 158 216 229
57 30 17 158 216 229
57 30 18 158 216 229
57 31 0 158 216 229
57 31 1 158 216 229
57 31 2 158 216 229
57 31 3 158 216 229
57 31 17 158 216 229
57 31 18 158 216 229
57 32 1 158 216 229
57 32 2 158 216 229
57 32 3 158 216 229
57 32 17 158 216 229
57 32 18 158 216 229
57 33 1 158 216 229
57 33 2 158 216 229
57 33 3 158 216 229
57 33 4 158 216 229
57 33 15 214 38 40
57 33 16 214 38 40
57 33 17 158 216 229
57 33 18 158 216 229
57 34 1 158 216 229
57 34 2 158 216 229
57 34 3 214 38 40
57 34 4 214 38 40
57 34 5 214 38 40
57 34 6 214 38 40
57 34 7 214 38 40
57 34 8 214 38 40
57 34 9 214 38 40
57 34 10 214 38 40
57 34 11 214 38 40
57 34 12 214 38 40
57 34 13 214 38 40
57 34 14 214 38 40
57 34 15 214 38 40
57 34 16 214 38 40
57 34 17 214 38 40
58 0 5 43 160 4
58 0 6 43 160 4
58 0 7 43 160 4
58 0 8 43 160 4
58 0 9 43 160 4
58 0 10 43 160 4
58 0 11 43 160 4
58 0 12 43 160 4
58 0 13 43 160 4
58 0 14 43 160 4
58 0 15 43 160 4
58 0 16 43 160 4
58 1 1 158 216 229
58 1 2 158 216 229
58 1 3 158 216 229
58 1 4 43 160 4
58 1 5 43 160 4
58 1 6 43 160 4
58 1 7 43 160 4
58 1 8 43 160 4
58 1 9 43 160 4
58 1 10 43 160 4
58 1 11 43 160 4
58 1 12 43 160 4
58 1 13 43 160 4
58 1 16 158 216 229
58 1 17 158 216 229
58 2 1 158 216 229
58 2 2 158 216 229
58 2 3 158 216 229
58 2 4 158 216 229
58 2 16 158 216 229
58 2 17 158 216 229
58 3 1 158 216 229
58 3 2 158 216 229
58 3 3 158 216 229
58 3 4 158 216 229
58 3 16 158 216 229
58 3 17 158 216 229
58 4 1 158 216 229
58 4 2 158 216 229
58 4 3 158 216 229
58 4 4 158 216 229
58 4 16 158 216 229
58 4 17 158 216 229
58 5 1 158 216 229
58 5 2 158 216 229
58 5 3 158 216 229
58 5 4 158 216 229
58 5 16 158 216 229
58 5 17 158 216 229
58 6 1 158 216 229
58 6 2 158 216 229
58 6 3 158 216 229
58 6 4 158 216 229
58 6 16 158 216 229
58 6 17 158 216 229
58 7 1 158 216 229
58 7 2 158 216 229
58 7 3 158 216 229
58 7 4 158 216 229
58 7 16 158 216 229
58 7 17 158 216 229
58 8 1 158 216 229
58 8 2 158 216 229
58 8 3 158 216 229
58 8 4 158 216 229
58 8 16 158 216 229
58 8 17 158 216 229
58 9 1 158 216 229
58 9 2 158 216 229
58 9 3 158 216 229
58 9 4 158 216 229
58 9 16 158 216 229
58 9 17 158 216 229
58 10 2 158 216 229
58 10 3 158 216 229
58 10 4 158 216 229
58 10 16 158 216 229
58 10 17 158 216 229
58 11 2 158 216 229
58 11 3 158 216 229
58 11 4 158 216 229
58 11 5 158 216 229
58 11 16 158 216 229
58 11 17 158 216 229
58 12 2 158 216 229
58 12 3 158 216 229
58 12 4 158 216 229
58 12 5 158 216 229
58 12 16 158 216 229
58 12 17 158 216 229
58 13 2 158 216 229
58 13 3 158 216 229
58 13 4 158 216 229
58 13 5 158 216 229
58 13 16 158 216 229
58 13 17 158 216 229
58 14 2 158 216 229
58 14 3 158 216 229
58 14 4 158 216 229
58 14 5 158 216 229
58 14 16 158 216 229
58 14 17 158 216 229
58 15 2 158 216 229
58 15 3 158 216 229
58 15 4 158 216 229
58 15 5 158 216 229
58 15 16 158 216 229
58 15 17 158 216 229
58 16 2 158 216 229
58 16 3 158 216 229
58 16 4 158 216 229
58 16 5 158 216 229
58 16 16 158 216 229
58 16 17 158 216 229
58 17 2 158 216 229
58 17 3 158 216 229
58 17 4 158 216 229
58 17 5 158 216 229
58 17 16 158 216 229
58 17 17 158 216 229
58 18 2 158 216 229
58 18 3 158 216 229
58 18 4 158 216 229
58 18 5 158 216 229
58 18 16 158 216 229
58 18 17 158 216 229
58 19 2 158 216 229
58 19 3 158 216 229
58 19 4 158 216 229
58 19 5 158 216 229
58 19 17 158 216 229
58 20 2 158 216 229
58 20 3 158 216 229
58 20 4 158 216 229
58 20 5 158 216 229
58 20 17 158 216 229
58 21 2 158 216 229
58 21 3 158 216 229
58 21 4 158 216 229
58 21 5 158 216 229
58 21 17 158 216 229
58 22 2 158 216 229
58 22 3 158 216 229
58 22 4 158 216 229
58 22 5 158 216 229
58 22 17 158 216 229
58 23 2 158 216 229
58 23 3 158 216 229
58 23 4 158 216 229
58 23 5 158 216 229
58 23 17 158 216 229
58 24 2 158 216 229
58 24 3 158 216 229
58 24 4 158 216 229
58 24 5 158 216 229
58 24 17 158 216 229
58 25 3 158 216 229
58 25 4 158 216 229
58 25 5 158 216 229
58 25 17 158 216 229
58 26 3 158 216 229
58 26 4 158 216 229
58 26 5 158 216 229
58 26 6 158 216 229
58 26 17 158 216 229
58 27 3 158 216 229
58 27 4 158 216 229
58 27 5 158 216 229
58 27 6 158 216 229
58 27 17 158 216 229
58 28 3 158 216 229
58 28 4 158 216 229
58 28 5 158 216 229
58 28 6 158 216 229
58 28 17 158 216 229
58 29 3 158 216 229
58 29 4 158 216 229
58 29 5 158 216 229
58 29 6 158 216 229
58 29 17 158 216 229
58 30 3 158 216 229
58 30 4 158 216 229
58 30 5 158 216 229
58 30 6 158 216 229
58 30 17 158 216 229
58 31 3 158 216 229
58 31 4 158 216 229
58 31 5 158 216 229
58 31 6 158 216 229
58 31 17 158 216 229
58 32 3 158 216 229
58 32 4 158 216 229
58 32 5 158 216 229
58 32 6 158 216 229
58 32 17 158 216 229
58 33 3 158 216 229
58 33 4 158 216 229
58 33 5 158 216 229
58 33 6 158 216 229
58 33 16 214 38 40
58 33 17 158 216 229
58 34 3 158 216 229
58 34 4 158 216 229
58 34 5 158 216 229
58 34 6 214 38 40
58 34 7 214 38 40
58 34 8 214 38 40
58 34 9 214 38 40
58 34 10 214 38 40
58 34 11 214 38 40
58 34 12 214 38 40
58 34 13 214 38 40
58 34 14 214 38 40
58 34 15 214 38 40
58 34 16 214 38 40
58 34 17 214 38 40
59 0 6 43 160 4
59 0 7 43 160 4
59 0 8 43 160 4
59 0 9 43 160 4
59 0 10 43 160 4
59 0 11 43 160 4
59 0 12 43 160 4
59 0 13 43 160 4
59 0 14 43 160 4
59 0 15 43 160 4
59 0 16 43 160 4
59 1 4 158 216 229
59 1 5 158 216 229
59 1 6 158 216 229
59 1 7 43 160 4
59 1 8 43 160 4
59 1 9 43 160 4
59 1 10 43 160 4
59 1 11 43 160 4
59 1 12 43 160 4
59 1 13 43 160 4
59 1 14 43 160 4
59 1 16 158 216 229
59 2 4 158 216 229
59 2 5 158 216 229
59 2 6 158 216 229
59 2 16 158 216 229
59 3 4 158 216 229
59 3 5 158 216 229
59 3 6 158 216 229
59 3 7 158 216 229
59 3 16 158 216 229
59 4 4 158 216 229
59 4 5 158 216 229
59 4 6 158 216 229
59 4 7 158 216 229
59 4 16 158 216 229
59 5 4 158 216 229
59 5 5 158 216 229
59 5 6 158 216 229
59 5 7 158 216 229
59 5 16 158 216 229
59 6 4 158 216 229
59 6 5 158 216 229
59 6 6 158 216 229
59 6 7 158 216 229
59 6 16 158 216 229
59 7 4 158 216 229
59 7 5 158 216 229
59 7 6 158 216 229
59 7 7 158 216 229
59 7 16 158 216 229
59 8 4 158 216 229
59 8 5 158 216 229
59 8 6 158 216 229
59 8 7 158 216 229
59 8 16 158 216 229
59 9 4 158 216 229
59 9 5 158 216 229
59 9 6 158 216 229
59 9 7 158 216 229
59 9 16 158 216 229
59 10 4 158 216 229
59 10 5 158 216 229
59 10 6 158 216 229
59 10 7 158 216 229
59 10 16 158 216 229
59 11 4 158 216 229
59 11 5 158 216 229
59 11 6 158 216 229
59 11 7 158 216 229
59 11 16 158 216 229
59 11 17 158 216 229
59 12 4 158 216 229
59 12 5 158 216 229
59 12 6 158 216 229
59 12 7 158 216 229
59 12 16 158 216 229
59 12 17 158 216 229
59 13 4 158 216 229
59 13 5 158 216 229
59 13 6 158 216 229
59 13 7 158 216 229
59 13 16 158 216 229
59 13 17 158 216 229
59 14 4 158 216 229
59 14 5 158 216 229
59 14 6 158 216 229
59 14 7 158 216 229
59 14 16 158 216 229
59 14 17 158 216 229
59 15 4 158 216 229
59 15 5 158 216 229
59 15 6 158 216 229
59 15 7 158 216 229
59 15 16 158 216 229
59 15 17 158 216 229
59 16 4 158 216 229
59 16 5 158 216 229
59 16 6 158 216 229
59 16 7 158 216 229
59 16 16 158 216 229
59 16 17 158 216 229
59 17 5 158 216 229
59 17 6 158 216 229
59 17 7 158 216 229
59 17 16 158 216 229
59 17 17 158 216 229
59 18 5 158 216 229
59 18 6 158 216 229
59 18 7 158 216 229
59 18 8 158 216 229
59 18 16 158 216 229
59 18 17 158 216 229
59 19 5 158 216 229
59 19 6 158 216 229
59 19 7 158 216 229
59 19 8 158 216 229
59 19 16 158 216 229
59 19 17 158 216 229
59 20 5 158 216 229
59 20 6 158 216 229
59 20 7 158 216 229
59 20 8 158 216 229
59 20 16 158 216 229
59 20 17 158 216 229
59 21 5 158 216 229
59 21 6 158 216 229
59 21 7 158 216 229
59 21 8 158 216 229
59 21 16 158 216 229
59 21 17 158 216 229
59 22 5 158 216 229
59 22 6 158 216 229
59 22 7 158 216 229
59 22 8 158 216 229
59 22 16 158 216 229
59 22 17 158 216 229
59 23 5 158 216 229
59 23 6 158 216 229
59 23 7 158 216 229
59 23 8 158 216 229
59 23 16 158 216 229
59 23 17 158 216 229
59 24 5 158 216 229
59 24 6 158 216 229
59 24 7 158 216 229
59 24 8 158 216 229
59 24 16 158 216 229
59 24 17 158 216 229
59 25 5 158 216 229
59 25 6 158 216 229
59 25 7 158 216 229
59 25 8 158 216 229
59 25 16 158 216 229
59 25 17 158 216 229
59 26 5 158 216 229
59 26 6 158 216 229
59 26 7 158 216 229
59 26 8 158 216 229
59 26 16 158 216 229
59 26 17 158 216 229
59 27 5 158 216 229
59 27 6 158 216 229
59 27 7 158 216 229
59 27 8 158 216 229
59 27 16 158 216 229
59 27 17 158 216 229
59 28 5 158 216 229
59 28 6 158 216 229
59 28 7 158 216 229
59 28 8 158 216 229
59 28 16 158 216 229
59 28 17 158 216 229
59 29 5 158 216 229
59 29 6 158 216 229
59 29 7 158 216 229
59 29 8 158 216 229
59 29 16 158 216 229
59 29 17 158 216 229
59 30 5 158 216 229
59 30 6 158 216 229
59 30 7 158 216 229
59 30 8 158 216 229
59 30 16 158 216 229
59 30 17 158 216 229
59 31 5 158 216 229
59 31 6 158 216 229
59 31 7 158 216 229
59 31 8 158 216 229
59 31 16 158 216 229
59 31 17 158 216 229
59 32 6 158 216 229
59 32 7 158 216 229
59 32 8 158 216 229
59 32 16 158 216 229
59 32 17 158 216 229
59 33 6 158 216 229
59 33 7 158 216 229
59 33 8 158 216 229
59 33 9 158 216 229
59 33 16 214 38 40
59 33 17 158 216 229
59 34 6 158 216 229
59 34 7 158 216 229
59 34 8 214 38 40
59 34 9 214 38 40
59 34 10 214 38 40
59 34 11 214 38 40
59 34 12 214 38 40
59 34 13 214 38 40
59 34 14 214 38 40
59 34 15 214 38 40
59 34 16 214 38 40
59 34 17 214 38 40
