ply
format ascii 1.0
element vertex 9029
property float x
property float y
property float z
property uchar red
property uchar green
property uchar blue
end_header
1 0 57 43 160 4
1 0 58 43 160 4
1 0 59 43 160 4
2 0 54 43 160 4
2 0 55 43 160 4
2 0 56 43 160 4
2 0 57 43 160 4
2 0 58 43 160 4
2 0 59 43 160 4
3 0 50 43 160 4
3 0 51 43 160 4
3 0 52 43 160 4
3 0 53 43 160 4
3 0 54 43 160 4
3 0 55 43 160 4
3 0 56 43 160 4
3 0 57 43 160 4
3 0 58 43 160 4
3 0 59 43 160 4
4 0 46 43 160 4
4 0 47 43 160 4
4 0 48 43 160 4
4 0 49 43 160 4
4 0 50 43 160 4
4 0 51 43 160 4
4 0 52 43 160 4
4 0 53 43 160 4
4 0 54 43 160 4
4 0 55 43 160 4
4 0 56 43 160 4
4 0 57 43 160 4
4 0 58 43 160 4
4 0 59 43 160 4
4 7 45 196 175 214
4 9 45 196 175 214
4 20 43 196 175 214
4 21 43 196 175 214
4 31 41 196 175 214
5 0 42 43 160 4
5 0 43 43 160 4
5 0 44 43 160 4
5 0 45 43 160 4
5 0 46 43 160 4
5 0 47 43 160 4
5 0 48 43 160 4
5 0 49 43 160 4
5 0 50 43 160 4
5 0 51 43 160 4
5 0 52 43 160 4
5 0 53 43 160 4
5 0 54 43 160 4
5 0 55 43 160 4
5 0 56 43 160 4
5 0 57 43 160 4
5 0 58 43 160 4
5 0 59 43 160 4
5 1 42 196 175 214
5 10 41 196 175 214
5 11 41 196 175 214
5 12 41 196 175 214
5 13 41 196 175 214
5 14 41 196 175 214
5 15 41 196 175 214
5 16 41 196 175 214
5 17 40 196 175 214
5 17 41 196 175 214
5 18 40 196 175 214
5 19 40 196 175 214
5 21 40 196 175 214
5 22 39 196 175 214
5 22 40 196 175 214
5 23 39 196 175 214
5 24 39 196 175 214
5 29 38 196 175 214
5 29 39 196 175 214
5 30 38 196 175 214
5 30 39 196 175 214
5 30 40 196 175 214
5 31 37 196 175 214
6 0 39 43 160 4
6 0 40 43 160 4
6 0 41 43 160 4
6 0 42 43 160 4
6 0 43 43 160 4
6 0 44 43 160 4
6 0 45 43 160 4
6 0 46 43 160 4
6 0 47 43 160 4
6 0 48 43 160 4
6 0 49 43 160 4
6 0 50 43 160 4
6 0 51 43 160 4
6 0 52 43 160 4
6 0 53 43 160 4
6 0 54 43 160 4
6 0 55 43 160 4
6 0 56 43 160 4
6 0 57 43 160 4
6 0 58 43 160 4
6 0 59 43 160 4
6 1 39 196 175 214
6 2 38 196 175 214
6 3 38 196 175 214
6 4 38 196 175 214
6 11 37 196 175 214
6 12 37 196 175 214
6 13 37 196 175 214
6 13 38 196 175 214
6 14 37 196 175 214
6 14 38 196 175 214
6 15 37 196 175 214
6 15 38 196 175 214
6 15 39 196 175 214
6 16 37 196 175 214
6 16 38 196 175 214
6 16 39 196 175 214
6 16 40 196 175 214
6 17 37 196 175 214
6 17 38 196 175 214
6 17 39 196 175 214
6 17 40 196 175 214
6 18 37 196 175 214
6 18 38 196 175 214
6 19 36 196 175 214
6 19 37 196 175 214
6 19 38 196 175 214
6 21 36 196 175 214
6 21 37 196 175 214
6 21 38 196 175 214
6 22 37 196 175 214
6 22 38 196 175 214
6 29 34 196 175 214
6 29 35 196 175 214
6 30 34 214 38 40
6 30 35 214 38 40
6 30 36 214 38 40
6 30 37 214 38 40
7 0 35 43 160 4
7 0 36 43 160 4
7 0 37 43 160 4
7 0 38 43 160 4
7 0 39 43 160 4
7 0 40 43 160 4
7 0 41 43 160 4
7 0 42 43 160 4
7 0 43 43 160 4
7 0 44 43 160 4
7 0 45 43 160 4
7 0 46 43 160 4
7 0 47 43 160 4
7 0 48 43 160 4
7 0 49 43 160 4
7 0 50 43 160 4
7 0 51 43 160 4
7 0 52 43 160 4
7 0 53 43 160 4
7 0 54 43 160 4
7 0 55 43 160 4
7 0 56 43 160 4
7 0 57 43 160 4
7 0 58 43 160 4
7 0 59 43 160 4
7 29 30 214 38 40
7 30 31 214 38 40
7 30 32 214 38 40
7 30 34 214 38 40
7 30 36 214 38 40
8 0 31 43 160 4
8 0 32 43 160 4
8 0 33 43 160 4
8 0 34 43 160 4
8 0 35 43 160 4
8 0 36 43 160 4
8 0 37 43 160 4
8 0 38 43 160 4
8 0 39 43 160 4
8 0 40 43 160 4
8 0 41 43 160 4
8 0 42 43 160 4
8 0 43 43 160 4
8 0 44 43 160 4
8 0 45 43 160 4
8 0 46 43 160 4
8 0 47 43 160 4
8 0 48 43 160 4
8 0 49 43 160 4
8 0 50 43 160 4
8 0 51 43 160 4
8 0 52 43 160 4
8 0 53 43 160 4
8 0 54 43 160 4
8 0 55 43 160 4
8 0 56 43 160 4
8 0 57 43 160 4
8 0 58 43 160 4
8 0 59 43 160 4
9 0 23 43 160 4
9 0 24 43 160 4
9 0 25 43 160 4
9 0 26 43 160 4
9 0 27 43 160 4
9 0 28 43 160 4
9 0 29 43 160 4
9 0 30 43 160 4
9 0 31 43 160 4
9 0 32 43 160 4
9 0 33 43 160 4
9 0 34 43 160 4
9 0 35 43 160 4
9 0 36 43 160 4
9 0 37 43 160 4
9 0 38 43 160 4
9 0 39 43 160 4
9 0 40 43 160 4
9 0 41 43 160 4
9 0 42 43 160 4
9 0 43 43 160 4
9 0 44 43 160 4
9 0 45 43 160 4
9 0 46 43 160 4
9 0 47 43 160 4
9 0 48 43 160 4
9 0 49 43 160 4
9 0 50 43 160 4
9 0 51 43 160 4
9 0 52 43 160 4
9 0 53 43 160 4
9 0 54 43 160 4
9 0 55 43 160 4
9 0 56 43 160 4
9 0 57 43 160 4
9 0 58 43 160 4
9 0 59 43 160 4
9 1 27 196 175 214
9 1 28 255 127 12
9 1 29 158 216 229
9 2 23 30 119 181
9 2 27 196 175 214
9 2 30 158 216 229
9 3 23 30 119 181
9 3 27 196 175 214
9 4 22 30 119 181
9 4 23 30 119 181
9 4 27 196 175 214
9 4 30 158 216 229
9 5 22 30 119 181
9 5 23 30 119 181
9 5 27 196 175 214
9 6 21 30 119 181
9 6 22 30 119 181
9 6 23 30 119 181
9 6 27 196 175 214
9 7 21 30 119 181
9 7 22 30 119 181
9 7 23 30 119 181
9 7 27 196 175 214
9 7 30 158 216 229
9 8 27 196 175 214
9 8 30 158 216 229
9 9 27 196 175 214
9 10 27 196 175 214
9 10 29 158 216 229
9 11 27 196 175 214
9 11 29 158 216 229
9 12 27 196 175 214
9 12 29 158 216 229
9 13 27 196 175 214
9 13 29 158 216 229
9 14 27 196 175 214
9 14 29 158 216 229
9 15 27 196 175 214
9 16 27 196 175 214
9 17 27 196 175 214
9 18 27 196 175 214
9 19 27 196 175 214
9 20 27 196 175 214
9 21 27 196 175 214
9 22 27 196 175 214
9 23 27 158 216 229
9 24 27 158 216 229
9 25 27 158 216 229
9 26 27 158 216 229
9 27 27 158 216 229
9 28 27 158 216 229
9 29 27 158 216 229
9 30 25 214 38 40
9 30 26 158 216 229
9 30 27 158 216 229
9 30 28 214 38 40
9 30 29 214 38 40
9 30 30 214 38 40
9 30 32 214 38 40
9 30 33 214 38 40
9 30 34 214 38 40
9 30 35 214 38 40
9 30 36 214 38 40
9 30 37 214 38 40
9 30 38 214 38 40
10 0 23 43 160 4
10 0 24 43 160 4
10 0 25 43 160 4
10 0 26 43 160 4
10 0 27 43 160 4
10 0 28 43 160 4
10 0 29 43 160 4
10 0 30 43 160 4
10 0 31 43 160 4
10 0 32 43 160 4
10 0 33 43 160 4
10 0 34 43 160 4
10 0 35 43 160 4
10 0 36 43 160 4
10 0 37 43 160 4
10 0 38 43 160 4
10 0 39 43 160 4
10 0 40 43 160 4
10 0 41 43 160 4
10 0 42 43 160 4
10 0 43 43 160 4
10 0 44 43 160 4
10 0 45 43 160 4
10 0 46 43 160 4
10 0 47 43 160 4
10 0 48 43 160 4
10 0 49 43 160 4
10 0 50 43 160 4
10 0 51 43 160 4
10 0 52 43 160 4
10 0 53 43 160 4
10 0 54 43 160 4
10 0 55 43 160 4
10 0 56 43 160 4
10 0 57 43 160 4
10 0 58 43 160 4
10 0 59 43 160 4
10 1 25 196 175 214
10 1 26 196 175 214
10 1 27 255 127 12
10 1 28 255 127 12
10 1 29 158 216 229
10 2 25 196 175 214
10 2 26 196 175 214
10 2 27 196 175 214
10 2 28 255 127 12
10 2 29 158 216 229
10 3 24 30 119 181
10 3 27 196 175 214
10 3 28 255 127 12
10 3 29 158 216 229
10 4 24 196 175 214
10 4 27 196 175 214
10 4 28 255 127 12
10 4 29 158 216 229
10 5 25 30 119 181
10 5 27 30 119 181
10 5 28 255 127 12
10 5 29 158 216 229
10 6 19 30 119 181
10 6 20 30 119 181
10 6 21 30 119 181
10 6 22 30 119 181
10 6 23 30 119 181
10 6 27 196 175 214
10 6 28 255 127 12
10 6 29 158 216 229
10 7 18 30 119 181
10 7 19 30 119 181
10 7 20 30 119 181
10 7 21 30 119 181
10 7 22 30 119 181
10 7 23 30 119 181
10 7 27 196 175 214
10 7 28 196 175 214
10 7 29 158 216 229
10 8 27 196 175 214
10 8 28 196 175 214
10 8 29 158 216 229
10 9 27 196 175 214
10 9 28 196 175 214
10 9 29 158 216 229
10 10 27 196 175 214
10 10 28 196 175 214
10 10 29 158 216 229
10 11 27 196 175 214
10 11 28 196 175 214
10 11 29 158 216 229
10 12 27 196 175 214
10 12 28 196 175 214
10 12 29 158 216 229
10 13 27 196 175 214
10 13 28 196 175 214
10 13 29 158 216 229
10 14 27 196 175 214
10 14 28 196 175 214
10 14 29 158 216 229
10 15 27 196 175 214
10 15 28 196 175 214
10 15 29 158 216 229
10 16 27 196 175 214
10 16 28 196 175 214
10 16 29 158 216 229
10 17 27 196 175 214
10 17 28 196 175 214
10 17 29 158 216 229
10 18 27 158 216 229
10 18 28 196 175 214
10 18 29 158 216 229
10 19 27 158 216 229
10 19 28 196 175 214
10 19 29 158 216 229
10 20 27 158 216 229
10 20 28 158 216 229
10 20 29 158 216 229
10 21 27 158 216 229
10 21 28 158 216 229
10 21 29 158 216 229
10 22 27 158 216 229
10 22 28 158 216 229
10 22 29 158 216 229
10 23 27 158 216 229
10 23 28 158 216 229
10 23 29 158 216 229
10 24 27 158 216 229
10 24 28 158 216 229
10 24 29 158 216 229
10 25 27 158 216 229
10 25 28 158 216 229
10 25 29 158 216 229
10 26 27 158 216 229
10 26 28 158 216 229
10 26 29 158 216 229
10 27 27 158 216 229
10 27 28 158 216 229
10 27 29 158 216 229
10 28 27 158 216 229
10 28 28 158 216 229
10 28 29 158 216 229
10 29 27 158 216 229
10 29 28 158 216 229
10 29 29 158 216 229
10 29 36 214 38 40
10 29 37 214 38 40
10 30 25 214 38 40
10 30 26 158 216 229
10 30 27 214 38 40
10 30 28 214 38 40
10 30 29 214 38 40
10 30 31 214 38 40
10 30 32 214 38 40
10 30 33 214 38 40
10 30 34 214 38 40
10 30 35 214 38 40
10 30 36 214 38 40
10 30 37 214 38 40
10 30 38 214 38 40
10 30 39 214 38 40
11 0 23 43 160 4
11 0 24 43 160 4
11 0 25 43 160 4
11 0 26 43 160 4
11 0 27 43 160 4
11 0 28 43 160 4
11 0 29 43 160 4
11 0 30 43 160 4
11 0 31 43 160 4
11 0 32 43 160 4
11 0 33 43 160 4
11 0 34 43 160 4
11 0 35 43 160 4
11 0 36 43 160 4
11 0 37 43 160 4
11 0 38 43 160 4
11 0 39 43 160 4
11 0 40 43 160 4
11 0 41 43 160 4
11 0 42 43 160 4
11 0 43 43 160 4
11 0 44 43 160 4
11 0 45 43 160 4
11 0 46 43 160 4
11 0 47 43 160 4
11 0 48 43 160 4
11 0 49 43 160 4
11 0 50 43 160 4
11 0 51 43 160 4
11 0 52 43 160 4
11 0 53 43 160 4
11 0 54 43 160 4
11 0 55 43 160 4
11 0 56 43 160 4
11 0 57 43 160 4
11 0 58 43 160 4
11 0 59 43 160 4
11 1 24 255 127 12
11 1 25 255 127 12
11 1 26 255 127 12
11 1 27 255 127 12
11 1 28 255 127 12
11 1 29 158 216 229
11 2 27 255 127 12
11 2 28 255 127 12
11 2 29 158 216 229
11 2 30 158 216 229
11 3 16 204 204 91
11 3 17 204 204 91
11 3 24 30 119 181
11 3 27 30 119 181
11 3 28 255 127 12
11 3 29 158 216 229
11 4 15 204 204 91
11 4 16 204 204 91
11 4 17 204 204 91
11 4 21 30 119 181
11 4 27 255 127 12
11 4 28 255 127 12
11 4 29 158 216 229
11 5 15 204 204 91
11 5 16 204 204 91
11 5 17 30 119 181
11 5 27 30 119 181
11 5 28 255 127 12
11 5 29 158 216 229
11 6 15 204 204 91
11 6 16 30 119 181
11 6 17 30 119 181
11 6 19 30 119 181
11 6 20 30 119 181
11 6 21 30 119 181
11 6 22 30 119 181
11 6 23 30 119 181
11 6 27 196 175 214
11 6 28 196 175 214
11 6 29 158 216 229
11 7 15 204 204 91
11 7 16 30 119 181
11 7 17 30 119 181
11 7 18 30 119 181
11 7 19 30 119 181
11 7 20 30 119 181
11 7 21 30 119 181
11 7 22 30 119 181
11 7 23 30 119 181
11 7 27 196 175 214
11 7 28 196 175 214
11 7 29 158 216 229
11 8 15 204 204 91
11 8 16 204 204 91
11 8 17 204 204 91
11 8 27 196 175 214
11 8 28 196 175 214
11 8 29 158 216 229
11 9 16 204 204 91
11 9 17 204 204 91
11 9 27 196 175 214
11 9 28 196 175 214
11 9 29 158 216 229
11 10 27 196 175 214
11 10 28 196 175 214
11 10 29 158 216 229
11 11 27 196 175 214
11 11 28 196 175 214
11 11 29 158 216 229
11 11 30 158 216 229
11 12 27 196 175 214
11 12 28 196 175 214
11 12 29 158 216 229
11 12 30 158 216 229
11 13 27 196 175 214
11 13 28 196 175 214
11 13 29 158 216 229
11 14 27 196 175 214
11 14 28 196 175 214
11 14 29 158 216 229
11 14 30 158 216 229
11 15 27 196 175 214
11 15 28 196 175 214
11 15 29 158 216 229
11 16 27 196 175 214
11 16 28 196 175 214
11 16 29 158 216 229
11 17 27 196 175 214
11 17 28 196 175 214
11 17 29 158 216 229
11 18 27 196 175 214
11 18 28 196 175 214
11 18 29 158 216 229
11 19 27 196 175 214
11 19 28 196 175 214
11 19 29 158 216 229
11 20 27 196 175 214
11 20 28 196 175 214
11 20 29 158 216 229
11 21 27 196 175 214
11 21 28 196 175 214
11 21 29 158 216 229
11 22 27 196 175 214
11 22 28 196 175 214
11 22 29 158 216 229
11 23 27 196 175 214
11 23 28 158 216 229
11 23 29 158 216 229
11 24 27 158 216 229
11 24 28 158 216 229
11 24 29 158 216 229
11 25 27 158 216 229
11 25 28 158 216 229
11 25 29 158 216 229
11 26 27 158 216 229
11 26 28 158 216 229
11 26 29 158 216 229
11 27 27 158 216 229
11 27 28 158 216 229
11 27 29 158 216 229
11 28 27 158 216 229
11 28 28 158 216 229
11 28 29 158 216 229
11 29 27 158 216 229
11 29 28 158 216 229
11 29 29 158 216 229
11 29 36 214 38 40
11 29 37 214 38 40
11 30 25 214 38 40
11 30 26 214 38 40
11 30 27 214 38 40
11 30 28 214 38 40
11 30 29 214 38 40
11 30 31 214 38 40
11 30 32 214 38 40
11 30 33 214 38 40
11 30 34 214 38 40
11 30 35 214 38 40
11 30 36 214 38 40
11 30 37 214 38 40
11 30 38 214 38 40
11 30 39 214 38 40
12 0 23 43 160 4
12 0 24 43 160 4
12 0 25 43 160 4
12 0 26 43 160 4
12 0 27 43 160 4
12 0 28 43 160 4
12 0 29 43 160 4
12 0 30 43 160 4
12 0 31 43 160 4
12 0 32 43 160 4
12 0 33 43 160 4
12 0 34 43 160 4
12 0 35 43 160 4
12 0 36 43 160 4
12 0 37 43 160 4
12 0 38 43 160 4
12 0 39 43 160 4
12 0 40 43 160 4
12 0 41 43 160 4
12 0 42 43 160 4
12 0 43 43 160 4
12 0 44 43 160 4
12 0 45 43 160 4
12 0 46 43 160 4
12 0 47 43 160 4
12 0 48 43 160 4
12 0 49 43 160 4
12 0 50 43 160 4
12 0 51 43 160 4
12 0 52 43 160 4
12 0 53 43 160 4
12 0 54 43 160 4
12 0 55 43 160 4
12 0 56 43 160 4
12 0 57 43 160 4
12 0 58 43 160 4
12 0 59 43 160 4
12 1 22 255 127 12
12 1 23 255 127 12
12 1 24 255 127 12
12 1 25 255 127 12
12 1 26 255 127 12
12 1 27 255 127 12
12 1 28 255 127 12
12 1 29 158 216 229
12 2 19 204 204 91
12 2 29 158 216 229
12 3 16 204 204 91
12 3 17 204 204 91
12 3 18 204 204 91
12 3 29 158 216 229
12 4 14 204 204 91
12 4 15 204 204 91
12 4 16 204 204 91
12 4 17 204 204 91
12 4 18 204 204 91
12 4 19 204 204 91
12 4 29 158 216 229
12 5 13 204 204 91
12 5 14 204 204 91
12 5 15 204 204 91
12 5 16 204 204 91
12 5 17 204 204 91
12 5 18 204 204 91
12 5 19 204 204 91
12 5 22 30 119 181
12 5 23 30 119 181
12 5 29 158 216 229
12 6 12 204 204 91
12 6 14 204 204 91
12 6 15 204 204 91
12 6 16 204 204 91
12 6 17 204 204 91
12 6 18 30 119 181
12 6 19 30 119 181
12 6 20 30 119 181
12 6 21 30 119 181
12 6 22 30 119 181
12 6 23 30 119 181
12 6 29 158 216 229
12 7 14 204 204 91
12 7 15 204 204 91
12 7 16 204 204 91
12 7 18 196 175 214
12 7 19 30 119 181
12 7 20 30 119 181
12 7 21 30 119 181
12 7 22 30 119 181
12 7 23 30 119 181
12 7 29 158 216 229
12 8 29 158 216 229
12 9 27 196 175 214
12 9 29 158 216 229
12 10 27 196 175 214
12 10 28 196 175 214
12 10 29 158 216 229
12 11 27 196 175 214
12 11 28 196 175 214
12 11 29 158 216 229
12 12 27 196 175 214
12 12 28 196 175 214
12 12 29 158 216 229
12 13 27 196 175 214
12 13 28 196 175 214
12 13 29 158 216 229
12 14 27 196 175 214
12 14 28 196 175 214
12 14 29 158 216 229
12 15 27 196 175 214
12 15 28 196 175 214
12 15 29 158 216 229
12 16 29 158 216 229
12 17 29 158 216 229
12 18 29 158 216 229
12 19 29 158 216 229
12 20 29 158 216 229
12 21 29 158 216 229
12 22 29 158 216 229
12 23 29 158 216 229
12 24 29 158 216 229
12 25 29 158 216 229
12 26 29 158 216 229
12 27 29 158 216 229
12 28 29 158 216 229
12 29 29 158 216 229
12 29 33 214 38 40
12 29 37 214 38 40
12 30 24 214 38 40
12 30 25 214 38 40
12 30 26 214 38 40
12 30 27 214 38 40
12 30 28 214 38 40
12 30 29 214 38 40
12 30 31 214 38 40
12 30 32 214 38 40
12 30 33 214 38 40
12 30 34 214 38 40
12 30 35 214 38 40
12 30 36 214 38 40
12 30 37 214 38 40
12 30 38 214 38 40
13 0 22 43 160 4
13 0 23 43 160 4
13 0 24 43 160 4
13 0 25 43 160 4
13 0 26 43 160 4
13 0 27 43 160 4
13 0 28 43 160 4
13 0 29 43 160 4
13 0 30 43 160 4
13 0 31 43 160 4
13 0 32 43 160 4
13 0 33 43 160 4
13 0 34 43 160 4
13 0 35 43 160 4
13 0 36 43 160 4
13 0 37 43 160 4
13 0 38 43 160 4
13 0 39 43 160 4
13 0 40 43 160 4
13 0 41 43 160 4
13 0 42 43 160 4
13 0 43 43 160 4
13 0 44 43 160 4
13 0 45 43 160 4
13 0 46 43 160 4
13 0 47 43 160 4
13 0 48 43 160 4
13 0 49 43 160 4
13 0 50 43 160 4
13 0 51 43 160 4
13 0 52 43 160 4
13 0 53 43 160 4
13 0 54 43 160 4
13 0 55 43 160 4
13 0 56 43 160 4
13 0 57 43 160 4
13 0 58 43 160 4
13 0 59 43 160 4
13 1 26 255 127 12
13 1 27 255 127 12
13 1 28 255 127 12
13 1 29 158 216 229
13 2 26 30 119 181
13 2 27 255 127 12
13 2 28 255 127 12
13 2 29 158 216 229
13 3 16 204 204 91
13 3 17 204 204 91
13 3 26 30 119 181
13 3 27 30 119 181
13 3 28 255 127 12
13 3 29 158 216 229
13 4 13 204 204 91
13 4 14 204 204 91
13 4 15 204 204 91
13 4 16 204 204 91
13 4 17 204 204 91
13 4 18 204 204 91
13 4 26 30 119 181
13 4 27 255 127 12
13 4 28 255 127 12
13 4 29 158 216 229
13 5 13 204 204 91
13 5 14 204 204 91
13 5 15 204 204 91
13 5 16 204 204 91
13 5 22 30 119 181
13 5 26 30 119 181
13 5 27 30 119 181
13 5 28 196 175 214
13 5 29 158 216 229
13 6 12 204 204 91
13 6 17 204 204 91
13 6 26 196 175 214
13 6 27 196 175 214
13 6 28 196 175 214
13 6 29 158 216 229
13 7 12 204 204 91
13 7 17 204 204 91
13 7 26 196 175 214
13 7 27 196 175 214
13 7 28 196 175 214
13 7 29 158 216 229
13 8 26 196 175 214
13 8 27 196 175 214
13 8 28 196 175 214
13 8 29 158 216 229
13 9 26 196 175 214
13 9 27 196 175 214
13 9 28 196 175 214
13 9 29 158 216 229
13 10 26 196 175 214
13 10 27 196 175 214
13 10 28 196 175 214
13 10 29 158 216 229
13 11 29 158 216 229
13 12 29 158 216 229
13 13 29 158 216 229
13 14 29 158 216 229
13 15 29 158 216 229
13 16 29 158 216 229
13 17 29 158 216 229
13 18 29 158 216 229
13 19 29 158 216 229
13 20 29 158 216 229
13 21 29 158 216 229
13 22 29 158 216 229
13 23 29 158 216 229
13 24 29 158 216 229
13 25 29 158 216 229
13 26 29 158 216 229
13 27 29 158 216 229
13 28 29 158 216 229
13 29 29 158 216 229
13 29 33 214 38 40
13 29 37 214 38 40
13 30 24 214 38 40
13 30 25 214 38 40
13 30 26 214 38 40
13 30 27 214 38 40
13 30 28 214 38 40
13 30 29 214 38 40
13 30 31 214 38 40
13 30 32 214 38 40
13 30 33 214 38 40
13 30 34 214 38 40
13 30 35 214 38 40
13 30 36 214 38 40
13 30 37 214 38 40
13 30 38 214 38 40
13 30 39 214 38 40
14 0 22 43 160 4
14 0 23 43 160 4
14 0 24 43 160 4
14 0 25 43 160 4
14 0 26 43 160 4
14 0 27 43 160 4
14 0 28 43 160 4
14 0 29 43 160 4
14 0 30 43 160 4
14 0 31 43 160 4
14 0 32 43 160 4
14 0 33 43 160 4
14 0 34 43 160 4
14 0 35 43 160 4
14 0 36 43 160 4
14 0 37 43 160 4
14 0 38 43 160 4
14 0 39 43 160 4
14 0 40 43 160 4
14 0 41 43 160 4
14 0 42 43 160 4
14 0 43 43 160 4
14 0 44 43 160 4
14 0 45 43 160 4
14 0 46 43 160 4
14 0 47 43 160 4
14 0 48 43 160 4
14 0 49 43 160 4
14 0 50 43 160 4
14 0 51 43 160 4
14 0 52 43 160 4
14 0 53 43 160 4
14 0 54 43 160 4
14 0 55 43 160 4
14 0 56 43 160 4
14 0 57 43 160 4
14 0 58 43 160 4
14 0 59 43 160 4
14 1 26 255 127 12
14 1 27 255 127 12
14 1 28 255 127 12
14 1 29 158 216 229
14 2 26 255 127 12
14 2 27 255 127 12
14 2 28 255 127 12
14 2 29 158 216 229
14 3 16 204 204 91
14 3 17 204 204 91
14 3 19 204 204 91
14 3 22 30 119 181
14 3 26 30 119 181
14 3 27 255 127 12
14 3 28 255 127 12
14 3 29 158 216 229
14 4 13 204 204 91
14 4 14 204 204 91
14 4 15 204 204 91
14 4 16 204 204 91
14 4 17 204 204 91
14 4 26 255 127 12
14 4 27 255 127 12
14 4 28 255 127 12
14 4 29 158 216 229
14 5 12 204 204 91
14 5 13 204 204 91
14 5 14 204 204 91
14 5 15 204 204 91
14 5 16 204 204 91
14 5 17 204 204 91
14 5 26 30 119 181
14 5 27 196 175 214
14 5 28 255 127 12
14 5 29 158 216 229
14 6 12 204 204 91
14 6 17 204 204 91
14 6 26 196 175 214
14 6 27 196 175 214
14 6 28 196 175 214
14 6 29 158 216 229
14 7 26 196 175 214
14 7 27 196 175 214
14 7 28 196 175 214
14 7 29 158 216 229
14 8 26 196 175 214
14 8 27 196 175 214
14 8 28 196 175 214
14 8 29 158 216 229
14 9 26 196 175 214
14 9 27 196 175 214
14 9 28 196 175 214
14 9 29 158 216 229
14 10 26 196 175 214
14 10 27 196 175 214
14 10 28 196 175 214
14 10 29 158 216 229
14 11 29 158 216 229
14 12 29 158 216 229
14 13 29 158 216 229
14 14 29 158 216 229
14 15 29 158 216 229
14 16 29 158 216 229
14 17 29 158 216 229
14 18 29 158 216 229
14 19 29 158 216 229
14 20 29 158 216 229
14 21 29 158 216 229
14 22 29 158 216 229
14 23 29 158 216 229
14 24 29 158 216 229
14 25 29 158 216 229
14 26 29 158 216 229
14 27 29 158 216 229
14 28 29 158 216 229
14 29 29 158 216 229
14 29 37 214 38 40
14 30 24 214 38 40
14 30 25 214 38 40
14 30 26 214 38 40
14 30 27 214 38 40
14 30 28 214 38 40
14 30 29 214 38 40
14 30 31 214 38 40
14 30 32 214 38 40
14 30 33 214 38 40
14 30 34 214 38 40
14 30 35 214 38 40
14 30 36 214 38 40
14 30 37 214 38 40
14 30 38 214 38 40
14 30 39 214 38 40
15 0 22 43 160 4
15 0 23 43 160 4
15 0 24 43 160 4
15 0 25 43 160 4
15 0 26 43 160 4
15 0 27 43 160 4
15 0 28 43 160 4
15 0 29 43 160 4
15 0 30 43 160 4
15 0 31 43 160 4
15 0 32 43 160 4
15 0 33 43 160 4
15 0 34 43 160 4
15 0 35 43 160 4
15 0 36 43 160 4
15 0 37 43 160 4
15 0 38 43 160 4
15 0 39 43 160 4
15 0 40 43 160 4
15 0 41 43 160 4
15 0 42 43 160 4
15 0 43 43 160 4
15 0 44 43 160 4
15 0 45 43 160 4
15 0 46 43 160 4
15 0 47 43 160 4
15 0 48 43 160 4
15 0 49 43 160 4
15 0 50 43 160 4
15 0 51 43 160 4
15 0 52 43 160 4
15 0 53 43 160 4
15 0 54 43 160 4
15 0 55 43 160 4
15 0 56 43 160 4
15 0 57 43 160 4
15 0 58 43 160 4
15 0 59 43 160 4
15 1 26 255 127 12
15 1 27 255 127 12
15 1 28 255 127 12
15 1 29 158 216 229
15 2 26 255 127 12
15 2 27 255 127 12
15 2 28 255 127 12
15 2 29 158 216 229
15 3 16 204 204 91
15 3 17 204 204 91
15 3 26 255 127 12
15 3 27 255 127 12
15 3 28 255 127 12
15 3 29 158 216 229
15 4 13 204 204 91
15 4 14 204 204 91
15 4 15 204 204 91
15 4 16 204 204 91
15 4 17 204 204 91
15 4 26 255 127 12
15 4 27 255 127 12
15 4 28 255 127 12
15 4 29 158 216 229
15 5 13 204 204 91
15 5 14 204 204 91
15 5 15 204 204 91
15 5 16 204 204 91
15 5 26 30 119 181
15 5 27 30 119 181
15 5 29 158 216 229
15 6 26 196 175 214
15 6 27 196 175 214
15 6 28 196 175 214
15 6 29 158 216 229
15 7 26 196 175 214
15 7 27 196 175 214
15 7 28 196 175 214
15 7 29 158 216 229
15 8 26 196 175 214
15 8 27 196 175 214
15 8 28 196 175 214
15 8 29 158 216 229
15 9 26 196 175 214
15 9 27 196 175 214
15 9 28 196 175 214
15 9 29 158 216 229
15 10 26 196 175 214
15 10 27 196 175 214
15 10 28 196 175 214
15 10 29 158 216 229
15 11 29 158 216 229
15 12 29 158 216 229
15 13 29 158 216 229
15 14 29 158 216 229
15 15 29 158 216 229
15 16 29 196 175 214
15 17 29 158 216 229
15 18 29 158 216 229
15 19 29 158 216 229
15 20 29 158 216 229
15 21 29 158 216 229
15 22 29 158 216 229
15 23 29 158 216 229
15 24 29 158 216 229
15 25 29 158 216 229
15 26 29 158 216 229
15 27 29 158 216 229
15 28 29 158 216 229
15 29 29 158 216 229
15 29 33 214 38 40
15 29 37 214 38 40
15 30 23 214 38 40
15 30 24 214 38 40
15 30 25 214 38 40
15 30 26 214 38 40
15 30 27 214 38 40
15 30 28 214 38 40
15 30 29 214 38 40
15 30 31 214 38 40
15 30 32 214 38 40
15 30 33 214 38 40
15 30 34 214 38 40
15 30 35 214 38 40
15 30 36 214 38 40
15 30 37 214 38 40
15 30 38 214 38 40
15 30 39 214 38 40
16 0 22 43 160 4
16 0 23 43 160 4
16 0 24 43 160 4
16 0 25 43 160 4
16 0 26 43 160 4
16 0 27 43 160 4
16 0 28 43 160 4
16 0 29 43 160 4
16 0 30 43 160 4
16 0 31 43 160 4
16 0 32 43 160 4
16 0 33 43 160 4
16 0 34 43 160 4
16 0 35 43 160 4
16 0 36 43 160 4
16 0 37 43 160 4
16 0 38 43 160 4
16 0 39 43 160 4
16 0 40 43 160 4
16 0 41 43 160 4
16 0 42 43 160 4
16 0 43 43 160 4
16 0 44 43 160 4
16 0 45 43 160 4
16 0 46 43 160 4
16 0 47 43 160 4
16 0 48 43 160 4
16 0 49 43 160 4
16 0 50 43 160 4
16 0 51 43 160 4
16 0 52 43 160 4
16 0 53 43 160 4
16 0 54 43 160 4
16 0 55 43 160 4
16 0 56 43 160 4
16 0 57 43 160 4
16 0 58 43 160 4
16 0 59 43 160 4
16 1 26 255 127 12
16 1 27 255 127 12
16 1 28 255 127 12
16 1 29 158 216 229
16 2 26 255 127 12
16 2 27 255 127 12
16 2 28 255 127 12
16 2 29 158 216 229
16 3 26 255 127 12
16 3 27 255 127 12
16 3 28 255 127 12
16 3 29 158 216 229
16 4 26 255 127 12
16 4 27 255 127 12
16 4 28 255 127 12
16 4 29 158 216 229
16 5 26 255 127 12
16 5 27 255 127 12
16 5 28 255 127 12
16 5 29 158 216 229
16 6 26 255 127 12
16 6 27 255 127 12
16 6 28 196 175 214
16 6 29 158 216 229
16 7 26 196 175 214
16 7 27 196 175 214
16 7 28 196 175 214
16 7 29 158 216 229
16 8 26 196 175 214
16 8 27 196 175 214
16 8 28 196 175 214
16 8 29 158 216 229
16 9 26 196 175 214
16 9 27 196 175 214
16 9 28 196 175 214
16 9 29 158 216 229
16 10 26 196 175 214
16 10 27 196 175 214
16 10 28 196 175 214
16 10 29 158 216 229
16 11 29 158 216 229
16 12 29 158 216 229
16 13 29 158 216 229
16 14 29 196 175 214
16 15 29 196 175 214
16 16 29 196 175 214
16 17 29 158 216 229
16 18 29 158 216 229
16 19 29 158 216 229
16 20 29 158 216 229
16 21 29 158 216 229
16 22 29 158 216 229
16 23 29 158 216 229
16 24 29 158 216 229
16 25 29 158 216 229
16 26 29 158 216 229
16 27 29 158 216 229
16 28 29 158 216 229
16 29 29 158 216 229
16 29 33 214 38 40
16 29 35 214 38 40
16 29 36 214 38 40
16 29 37 214 38 40
16 30 23 214 38 40
16 30 24 214 38 40
16 30 25 214 38 40
16 30 26 214 38 40
16 30 27 214 38 40
16 30 28 214 38 40
16 30 29 214 38 40
16 30 31 214 38 40
16 30 32 214 38 40
16 30 33 214 38 40
16 30 34 214 38 40
16 30 35 214 38 40
16 30 36 214 38 40
16 30 37 214 38 40
16 30 38 214 38 40
17 0 22 43 160 4
17 0 23 43 160 4
17 0 24 43 160 4
17 0 25 43 160 4
17 0 26 43 160 4
17 0 27 43 160 4
17 0 28 43 160 4
17 0 29 43 160 4
17 0 30 43 160 4
17 0 31 43 160 4
17 0 32 43 160 4
17 0 33 43 160 4
17 0 34 43 160 4
17 0 35 43 160 4
17 0 36 43 160 4
17 0 37 43 160 4
17 0 38 43 160 4
17 0 39 43 160 4
17 0 40 43 160 4
17 0 41 43 160 4
17 0 42 43 160 4
17 0 43 43 160 4
17 0 44 43 160 4
17 0 45 43 160 4
17 0 46 43 160 4
17 0 47 43 160 4
17 0 48 43 160 4
17 0 49 43 160 4
17 0 50 43 160 4
17 0 51 43 160 4
17 0 52 43 160 4
17 0 53 43 160 4
17 0 54 43 160 4
17 0 55 43 160 4
17 0 56 43 160 4
17 0 57 43 160 4
17 0 58 43 160 4
17 0 59 43 160 4
17 1 26 255 127 12
17 1 27 255 127 12
17 1 29 158 216 229
17 2 26 255 127 12
17 2 27 255 127 12
17 2 28 255 127 12
17 2 29 158 216 229
17 2 30 158 216 229
17 3 26 255 127 12
17 3 27 255 127 12
17 3 28 255 127 12
17 3 29 158 216 229
17 4 26 255 127 12
17 4 27 255 127 12
17 4 28 255 127 12
17 4 29 158 216 229
17 5 26 255 127 12
17 5 27 255 127 12
17 5 29 158 216 229
17 6 26 255 127 12
17 6 27 255 127 12
17 6 28 196 175 214
17 6 29 158 216 229
17 7 26 196 175 214
17 7 27 196 175 214
17 7 28 196 175 214
17 7 29 158 216 229
17 8 26 196 175 214
17 8 27 196 175 214
17 8 28 196 175 214
17 8 29 158 216 229
17 9 26 196 175 214
17 9 27 196 175 214
17 9 28 196 175 214
17 9 29 158 216 229
17 10 26 196 175 214
17 10 27 196 175 214
17 10 28 196 175 214
17 10 29 158 216 229
17 11 29 158 216 229
17 12 29 158 216 229
17 13 29 158 216 229
17 14 29 158 216 229
17 15 29 158 216 229
17 16 29 158 216 229
17 17 29 158 216 229
17 18 29 158 216 229
17 19 29 158 216 229
17 20 29 158 216 229
17 21 29 158 216 229
17 22 29 158 216 229
17 23 29 158 216 229
17 24 29 158 216 229
17 25 29 158 216 229
17 26 29 158 216 229
17 27 29 158 216 229
17 28 29 158 216 229
17 29 29 158 216 229
17 29 33 214 38 40
17 29 35 214 38 40
17 29 36 214 38 40
17 29 37 214 38 40
17 30 23 214 38 40
17 30 24 214 38 40
17 30 25 214 38 40
17 30 26 214 38 40
17 30 27 214 38 40
17 30 28 214 38 40
17 30 29 214 38 40
17 30 31 214 38 40
17 30 32 214 38 40
17 30 33 214 38 40
17 30 34 214 38 40
17 30 35 214 38 40
17 30 36 214 38 40
17 30 37 214 38 40
17 30 38 214 38 40
17 30 39 214 38 40
18 0 22 43 160 4
18 0 23 43 160 4
18 0 24 43 160 4
18 0 25 43 160 4
18 0 26 43 160 4
18 0 27 43 160 4
18 0 28 43 160 4
18 0 29 43 160 4
18 0 30 43 160 4
18 0 31 43 160 4
18 0 32 43 160 4
18 0 33 43 160 4
18 0 34 43 160 4
18 0 35 43 160 4
18 0 36 43 160 4
18 0 37 43 160 4
18 0 38 43 160 4
18 0 39 43 160 4
18 0 40 43 160 4
18 0 41 43 160 4
18 0 42 43 160 4
18 0 43 43 160 4
18 0 44 43 160 4
18 0 45 43 160 4
18 0 46 43 160 4
18 0 47 43 160 4
18 0 48 43 160 4
18 0 49 43 160 4
18 0 50 43 160 4
18 0 51 43 160 4
18 0 52 43 160 4
18 0 53 43 160 4
18 0 54 43 160 4
18 0 55 43 160 4
18 0 56 43 160 4
18 0 57 43 160 4
18 0 58 43 160 4
18 0 59 43 160 4
18 1 26 204 204 91
18 1 27 147 102 188
18 1 29 158 216 229
18 2 26 204 204 91
18 2 27 204 204 91
18 2 28 147 102 188
18 2 29 158 216 229
18 3 26 204 204 91
18 3 27 147 102 188
18 3 28 147 102 188
18 3 29 158 216 229
18 4 26 204 204 91
18 4 27 147 102 188
18 4 29 158 216 229
18 5 26 204 204 91
18 5 27 147 102 188
18 5 28 147 102 188
18 5 29 158 216 229
18 6 26 147 102 188
18 6 27 147 102 188
18 6 28 147 102 188
18 6 29 158 216 229
18 7 26 147 102 188
18 7 27 147 102 188
18 7 28 147 102 188
18 7 29 158 216 229
18 8 26 147 102 188
18 8 27 147 102 188
18 8 28 196 175 214
18 8 29 158 216 229
18 9 26 147 102 188
18 9 27 147 102 188
18 9 28 196 175 214
18 9 29 158 216 229
18 10 26 147 102 188
18 10 27 196 175 214
18 10 28 196 175 214
18 10 29 158 216 229
18 11 29 158 216 229
18 12 29 158 216 229
18 13 29 158 216 229
18 14 29 158 216 229
18 15 29 158 216 229
18 16 29 158 216 229
18 17 29 158 216 229
18 18 29 158 216 229
18 19 29 158 216 229
18 20 29 158 216 229
18 21 29 158 216 229
18 22 29 158 216 229
18 23 29 158 216 229
18 24 29 158 216 229
18 25 29 158 216 229
18 26 29 158 216 229
18 27 29 158 216 229
18 28 29 158 216 229
18 29 29 158 216 229
18 29 32 214 38 40
18 29 33 214 38 40
18 29 35 214 38 40
18 29 36 214 38 40
18 29 37 214 38 40
18 30 22 214 38 40
18 30 23 214 38 40
18 30 24 214 38 40
18 30 25 214 38 40
18 30 26 214 38 40
18 30 27 214 38 40
18 30 28 214 38 40
18 30 29 214 38 40
18 30 31 214 38 40
18 30 32 214 38 40
18 30 33 214 38 40
18 30 34 214 38 40
18 30 35 214 38 40
18 30 36 214 38 40
18 30 37 214 38 40
18 30 38 214 38 40
18 30 39 214 38 40
18 31 33 214 38 40
19 0 21 43 160 4
19 0 22 43 160 4
19 0 23 43 160 4
19 0 24 43 160 4
19 0 25 43 160 4
19 0 26 43 160 4
19 0 27 43 160 4
19 0 28 43 160 4
19 0 29 43 160 4
19 0 30 43 160 4
19 0 31 43 160 4
19 0 32 43 160 4
19 0 33 43 160 4
19 0 34 43 160 4
19 0 35 43 160 4
19 0 36 43 160 4
19 0 37 43 160 4
19 0 38 43 160 4
19 0 39 43 160 4
19 0 40 43 160 4
19 0 41 43 160 4
19 0 42 43 160 4
19 0 43 43 160 4
19 0 44 43 160 4
19 0 45 43 160 4
19 0 46 43 160 4
19 0 47 43 160 4
19 0 48 43 160 4
19 0 49 43 160 4
19 0 50 43 160 4
19 0 51 43 160 4
19 0 52 43 160 4
19 0 53 43 160 4
19 0 54 43 160 4
19 0 55 43 160 4
19 0 56 43 160 4
19 0 57 43 160 4
19 0 58 43 160 4
19 0 59 43 160 4
19 1 20 204 204 91
19 1 21 204 204 91
19 1 22 204 204 91
19 1 23 204 204 91
19 1 24 204 204 91
19 1 25 204 204 91
19 1 26 204 204 91
19 1 27 204 204 91
19 1 29 158 216 229
19 1 30 158 216 229
19 2 20 204 204 91
19 2 21 204 204 91
19 2 22 204 204 91
19 2 23 204 204 91
19 2 24 204 204 91
19 2 25 204 204 91
19 2 26 204 204 91
19 2 27 204 204 91
19 2 28 147 102 188
19 2 29 158 216 229
19 2 30 158 216 229
19 3 20 204 204 91
19 3 21 204 204 91
19 3 22 204 204 91
19 3 23 204 204 91
19 3 24 204 204 91
19 3 25 204 204 91
19 3 26 204 204 91
19 3 27 204 204 91
19 3 28 147 102 188
19 3 29 158 216 229
19 3 30 158 216 229
19 4 20 204 204 91
19 4 21 204 204 91
19 4 22 204 204 91
19 4 23 204 204 91
19 4 24 204 204 91
19 4 25 204 204 91
19 4 26 204 204 91
19 4 27 147 102 188
19 4 28 147 102 188
19 4 29 158 216 229
19 5 21 204 204 91
19 5 22 204 204 91
19 5 26 204 204 91
19 5 27 204 204 91
19 5 28 147 102 188
19 5 29 158 216 229
19 6 21 204 204 91
19 6 22 204 204 91
19 6 23 204 204 91
19 6 24 204 204 91
19 6 25 204 204 91
19 6 26 204 204 91
19 6 27 204 204 91
19 6 28 204 204 91
19 6 29 158 216 229
19 7 26 204 204 91
19 7 27 204 204 91
19 7 28 147 102 188
19 7 29 158 216 229
19 8 26 147 102 188
19 8 27 147 102 188
19 8 28 147 102 188
19 8 29 158 216 229
19 9 26 147 102 188
19 9 27 147 102 188
19 9 28 196 175 214
19 9 29 158 216 229
19 10 26 147 102 188
19 10 27 147 102 188
19 10 28 196 175 214
19 10 29 158 216 229
19 11 29 158 216 229
19 12 29 158 216 229
19 13 29 158 216 229
19 14 29 158 216 229
19 15 29 158 216 229
19 16 29 158 216 229
19 17 29 158 216 229
19 18 29 158 216 229
19 19 29 158 216 229
19 20 29 158 216 229
19 21 29 158 216 229
19 22 29 158 216 229
19 23 29 158 216 229
19 24 29 158 216 229
19 25 29 158 216 229
19 26 29 158 216 229
19 27 29 158 216 229
19 28 29 158 216 229
19 29 29 158 216 229
19 29 32 214 38 40
19 29 33 214 38 40
19 29 34 214 38 40
19 29 35 214 38 40
19 29 36 214 38 40
19 29 37 214 38 40
19 29 38 214 38 40
19 30 22 214 38 40
19 30 23 214 38 40
19 30 24 214 38 40
19 30 25 214 38 40
19 30 26 214 38 40
19 30 27 214 38 40
19 30 28 214 38 40
19 30 29 214 38 40
19 30 31 214 38 40
19 30 32 214 38 40
19 30 33 214 38 40
19 30 34 214 38 40
19 30 35 214 38 40
19 30 36 214 38 40
19 30 37 214 38 40
19 30 38 214 38 40
19 30 39 214 38 40
19 31 32 214 38 40
19 31 33 214 38 40
19 31 34 214 38 40
19 31 35 214 38 40
20 0 21 43 160 4
20 0 22 43 160 4
20 0 23 43 160 4
20 0 24 43 160 4
20 0 25 43 160 4
20 0 26 43 160 4
20 0 27 43 160 4
20 0 28 43 160 4
20 0 29 43 160 4
20 0 30 43 160 4
20 0 31 43 160 4
20 0 32 43 160 4
20 0 33 43 160 4
20 0 34 43 160 4
20 0 35 43 160 4
20 0 36 43 160 4
20 0 37 43 160 4
20 0 38 43 160 4
20 0 39 43 160 4
20 0 40 43 160 4
20 0 41 43 160 4
20 0 42 43 160 4
20 0 43 43 160 4
20 0 44 43 160 4
20 0 45 43 160 4
20 0 46 43 160 4
20 0 47 43 160 4
20 0 48 43 160 4
20 0 49 43 160 4
20 0 50 43 160 4
20 0 51 43 160 4
20 0 52 43 160 4
20 0 53 43 160 4
20 0 54 43 160 4
20 0 55 43 160 4
20 0 56 43 160 4
20 0 57 43 160 4
20 0 58 43 160 4
20 0 59 43 160 4
20 1 19 204 204 91
20 1 20 204 204 91
20 1 21 204 204 91
20 1 22 204 204 91
20 1 23 204 204 91
20 1 24 204 204 91
20 1 25 204 204 91
20 1 26 204 204 91
20 1 27 204 204 91
20 1 29 158 216 229
20 1 30 158 216 229
20 2 19 204 204 91
20 2 20 204 204 91
20 2 21 204 204 91
20 2 22 204 204 91
20 2 23 204 204 91
20 2 24 204 204 91
20 2 25 204 204 91
20 2 26 204 204 91
20 2 27 204 204 91
20 2 29 158 216 229
20 2 30 158 216 229
20 3 19 204 204 91
20 3 20 204 204 91
20 3 21 204 204 91
20 3 22 204 204 91
20 3 23 204 204 91
20 3 24 204 204 91
20 3 25 204 204 91
20 3 26 204 204 91
20 3 27 204 204 91
20 3 28 147 102 188
20 3 29 158 216 229
20 3 30 158 216 229
20 4 19 204 204 91
20 4 20 204 204 91
20 4 21 204 204 91
20 4 22 204 204 91
20 4 23 204 204 91
20 4 24 204 204 91
20 4 25 204 204 91
20 4 26 204 204 91
20 4 27 204 204 91
20 4 28 147 102 188
20 4 29 158 216 229
20 5 26 204 204 91
20 5 27 204 204 91
20 5 28 204 204 91
20 5 29 158 216 229
20 6 26 204 204 91
20 6 27 204 204 91
20 6 28 204 204 91
20 6 29 158 216 229
20 7 26 204 204 91
20 7 27 204 204 91
20 7 28 204 204 91
20 7 29 158 216 229
20 8 27 204 204 91
20 8 28 147 102 188
20 8 29 158 216 229
20 8 30 158 216 229
20 9 28 196 175 214
20 9 29 158 216 229
20 10 29 158 216 229
20 11 29 158 216 229
20 12 29 158 216 229
20 13 29 158 216 229
20 14 29 158 216 229
20 15 29 158 216 229
20 16 29 158 216 229
20 17 29 158 216 229
20 18 29 158 216 229
20 19 29 158 216 229
20 20 29 158 216 229
20 21 29 158 216 229
20 22 29 158 216 229
20 23 29 158 216 229
20 24 29 158 216 229
20 25 29 158 216 229
20 26 29 158 216 229
20 27 29 158 216 229
20 28 29 158 216 229
20 29 29 158 216 229
20 29 32 214 38 40
20 29 33 214 38 40
20 29 34 214 38 40
20 29 35 214 38 40
20 29 36 214 38 40
20 29 37 214 38 40
20 29 38 214 38 40
20 29 39 214 38 40
20 30 22 214 38 40
20 30 23 214 38 40
20 30 24 214 38 40
20 30 25 214 38 40
20 30 26 214 38 40
20 30 27 214 38 40
20 30 28 214 38 40
20 30 29 214 38 40
20 30 31 214 38 40
20 30 32 214 38 40
20 30 33 214 38 40
20 30 34 214 38 40
20 30 35 214 38 40
20 30 36 214 38 40
20 30 37 214 38 40
20 30 38 214 38 40
20 30 39 214 38 40
20 31 32 214 38 40
20 31 33 214 38 40
20 31 34 214 38 40
20 31 35 214 38 40
20 31 37 214 38 40
21 0 21 43 160 4
21 0 22 43 160 4
21 0 23 43 160 4
21 0 24 43 160 4
21 0 25 43 160 4
21 0 26 43 160 4
21 0 27 43 160 4
21 0 28 43 160 4
21 0 29 43 160 4
21 0 30 43 160 4
21 0 31 43 160 4
21 0 32 43 160 4
21 0 33 43 160 4
21 0 34 43 160 4
21 0 35 43 160 4
21 0 36 43 160 4
21 0 37 43 160 4
21 0 38 43 160 4
21 0 39 43 160 4
21 0 40 43 160 4
21 0 41 43 160 4
21 0 42 43 160 4
21 0 43 43 160 4
21 0 44 43 160 4
21 0 45 43 160 4
21 0 46 43 160 4
21 0 47 43 160 4
21 0 48 43 160 4
21 0 49 43 160 4
21 0 50 43 160 4
21 0 51 43 160 4
21 0 52 43 160 4
21 0 53 43 160 4
21 0 54 43 160 4
21 0 55 43 160 4
21 0 56 43 160 4
21 0 57 43 160 4
21 0 58 43 160 4
21 0 59 43 160 4
21 1 19 204 204 91
21 1 20 204 204 91
21 1 21 204 204 91
21 1 22 204 204 91
21 1 23 204 204 91
21 1 24 204 204 91
21 1 25 204 204 91
21 1 26 204 204 91
21 1 27 204 204 91
21 1 29 158 216 229
21 1 30 158 216 229
21 2 19 204 204 91
21 2 20 204 204 91
21 2 21 204 204 91
21 2 22 204 204 91
21 2 23 204 204 91
21 2 24 204 204 91
21 2 25 204 204 91
21 2 26 204 204 91
21 2 27 204 204 91
21 2 28 147 102 188
21 2 29 158 216 229
21 2 30 158 216 229
21 3 19 204 204 91
21 3 20 204 204 91
21 3 21 204 204 91
21 3 22 204 204 91
21 3 23 204 204 91
21 3 24 204 204 91
21 3 25 204 204 91
21 3 26 204 204 91
21 3 27 204 204 91
21 3 28 147 102 188
21 3 29 158 216 229
21 3 30 158 216 229
21 4 19 204 204 91
21 4 20 204 204 91
21 4 21 204 204 91
21 4 22 204 204 91
21 4 23 204 204 91
21 4 24 204 204 91
21 4 25 204 204 91
21 4 26 204 204 91
21 4 27 204 204 91
21 4 28 147 102 188
21 4 29 158 216 229
21 5 26 204 204 91
21 5 27 204 204 91
21 5 28 204 204 91
21 5 29 158 216 229
21 6 26 204 204 91
21 6 27 204 204 91
21 6 28 204 204 91
21 6 29 158 216 229
21 7 26 204 204 91
21 7 27 204 204 91
21 7 28 204 204 91
21 7 29 158 216 229
21 8 27 204 204 91
21 8 28 147 102 188
21 8 29 158 216 229
21 8 30 158 216 229
21 9 28 147 102 188
21 9 29 158 216 229
21 10 29 158 216 229
21 11 29 158 216 229
21 12 29 158 216 229
21 13 29 158 216 229
21 14 29 158 216 229
21 15 29 158 216 229
21 16 29 158 216 229
21 17 29 158 216 229
21 18 29 158 216 229
21 19 29 158 216 229
21 20 29 158 216 229
21 21 29 158 216 229
21 22 29 158 216 229
21 23 29 158 216 229
21 24 29 158 216 229
21 25 29 158 216 229
21 26 29 158 216 229
21 27 29 158 216 229
21 28 29 158 216 229
21 29 29 158 216 229
21 29 33 214 38 40
21 29 34 214 38 40
21 29 35 214 38 40
21 29 36 214 38 40
21 29 37 214 38 40
21 29 38 214 38 40
21 29 39 214 38 40
21 30 21 214 38 40
21 30 22 214 38 40
21 30 23 214 38 40
21 30 24 214 38 40
21 30 25 214 38 40
21 30 26 214 38 40
21 30 27 214 38 40
21 30 28 214 38 40
21 30 29 214 38 40
21 30 31 214 38 40
21 30 32 214 38 40
21 30 33 214 38 40
21 30 34 214 38 40
21 30 35 214 38 40
21 30 36 214 38 40
21 30 37 214 38 40
21 30 38 214 38 40
21 30 39 214 38 40
21 30 41 214 38 40
21 31 32 214 38 40
21 31 33 214 38 40
21 31 34 214 38 40
21 31 35 214 38 40
22 0 21 43 160 4
22 0 22 43 160 4
22 0 23 43 160 4
22 0 24 43 160 4
22 0 25 43 160 4
22 0 26 43 160 4
22 0 27 43 160 4
22 0 28 43 160 4
22 0 29 43 160 4
22 0 30 43 160 4
22 0 31 43 160 4
22 0 32 43 160 4
22 0 33 43 160 4
22 0 34 43 160 4
22 0 35 43 160 4
22 0 36 43 160 4
22 0 37 43 160 4
22 0 38 43 160 4
22 0 39 43 160 4
22 0 40 43 160 4
22 0 41 43 160 4
22 0 42 43 160 4
22 0 43 43 160 4
22 0 44 43 160 4
22 0 45 43 160 4
22 0 46 43 160 4
22 0 47 43 160 4
22 0 48 43 160 4
22 0 49 43 160 4
22 0 50 43 160 4
22 0 51 43 160 4
22 0 52 43 160 4
22 0 53 43 160 4
22 0 54 43 160 4
22 0 55 43 160 4
22 0 56 43 160 4
22 0 57 43 160 4
22 0 58 43 160 4
22 0 59 43 160 4
22 1 19 204 204 91
22 1 20 204 204 91
22 1 21 204 204 91
22 1 22 204 204 91
22 1 23 204 204 91
22 1 24 204 204 91
22 1 25 204 204 91
22 1 26 204 204 91
22 1 27 204 204 91
22 1 29 158 216 229
22 1 30 158 216 229
22 2 19 204 204 91
22 2 20 204 204 91
22 2 21 204 204 91
22 2 22 204 204 91
22 2 23 204 204 91
22 2 24 204 204 91
22 2 25 204 204 91
22 2 26 204 204 91
22 2 27 204 204 91
22 2 28 147 102 188
22 2 29 158 216 229
22 2 30 158 216 229
22 3 19 204 204 91
22 3 20 204 204 91
22 3 21 204 204 91
22 3 22 204 204 91
22 3 23 204 204 91
22 3 24 204 204 91
22 3 25 204 204 91
22 3 26 204 204 91
22 3 27 204 204 91
22 3 28 147 102 188
22 3 29 158 216 229
22 3 30 158 216 229
22 4 19 204 204 91
22 4 20 204 204 91
22 4 21 204 204 91
22 4 22 204 204 91
22 4 23 204 204 91
22 4 24 204 204 91
22 4 25 204 204 91
22 4 26 204 204 91
22 4 27 204 204 91
22 4 28 147 102 188
22 4 29 158 216 229
22 4 30 158 216 229
22 5 26 204 204 91
22 5 27 204 204 91
22 5 28 204 204 91
22 5 29 158 216 229
22 6 26 204 204 91
22 6 27 204 204 91
22 6 28 204 204 91
22 6 29 158 216 229
22 7 26 204 204 91
22 7 27 204 204 91
22 7 28 204 204 91
22 7 29 158 216 229
22 8 27 204 204 91
22 8 28 147 102 188
22 8 29 158 216 229
22 9 28 204 204 91
22 9 29 158 216 229
22 10 29 158 216 229
22 11 29 158 216 229
22 12 29 158 216 229
22 13 29 158 216 229
22 14 29 158 216 229
22 15 29 158 216 229
22 16 29 158 216 229
22 17 29 158 216 229
22 18 29 158 216 229
22 19 29 158 216 229
22 20 29 158 216 229
22 21 29 158 216 229
22 22 29 158 216 229
22 23 29 158 216 229
22 24 29 158 216 229
22 25 29 158 216 229
22 26 29 158 216 229
22 27 29 158 216 229
22 28 29 158 216 229
22 29 29 158 216 229
22 29 33 214 38 40
22 29 34 214 38 40
22 29 35 214 38 40
22 29 36 214 38 40
22 29 37 214 38 40
22 29 38 214 38 40
22 29 39 214 38 40
22 30 21 214 38 40
22 30 22 214 38 40
22 30 23 214 38 40
22 30 24 214 38 40
22 30 25 214 38 40
22 30 26 214 38 40
22 30 27 214 38 40
22 30 28 214 38 40
22 30 29 214 38 40
22 30 31 214 38 40
22 30 32 214 38 40
22 30 33 214 38 40
22 30 34 214 38 40
22 30 35 214 38 40
22 30 36 214 38 40
22 30 37 214 38 40
22 30 38 214 38 40
22 30 39 214 38 40
22 30 40 214 38 40
22 30 41 214 38 40
22 30 42 214 38 40
22 31 32 214 38 40
22 31 33 214 38 40
22 31 34 214 38 40
22 31 35 214 38 40
22 31 37 214 38 40
23 0 21 43 160 4
23 0 22 43 160 4
23 0 23 43 160 4
23 0 24 43 160 4
23 0 25 43 160 4
23 0 26 43 160 4
23 0 27 43 160 4
23 0 28 43 160 4
23 0 29 43 160 4
23 0 30 43 160 4
23 0 31 43 160 4
23 0 32 43 160 4
23 0 33 43 160 4
23 0 34 43 160 4
23 0 35 43 160 4
23 0 36 43 160 4
23 0 37 43 160 4
23 0 38 43 160 4
23 0 39 43 160 4
23 0 40 43 160 4
23 0 41 43 160 4
23 0 42 43 160 4
23 0 43 43 160 4
23 0 44 43 160 4
23 0 45 43 160 4
23 0 46 43 160 4
23 0 47 43 160 4
23 0 48 43 160 4
23 0 49 43 160 4
23 0 50 43 160 4
23 0 51 43 160 4
23 0 52 43 160 4
23 0 53 43 160 4
23 0 54 43 160 4
23 0 55 43 160 4
23 0 56 43 160 4
23 0 57 43 160 4
23 0 58 43 160 4
23 0 59 43 160 4
23 1 19 204 204 91
23 1 20 204 204 91
23 1 21 204 204 91
23 1 22 204 204 91
23 1 23 204 204 91
23 1 24 204 204 91
23 1 25 204 204 91
23 1 26 204 204 91
23 1 27 204 204 91
23 1 29 158 216 229
23 1 30 158 216 229
23 2 19 204 204 91
23 2 20 204 204 91
23 2 21 204 204 91
23 2 22 204 204 91
23 2 23 204 204 91
23 2 24 204 204 91
23 2 25 204 204 91
23 2 26 204 204 91
23 2 27 204 204 91
23 2 28 147 102 188
23 2 29 158 216 229
23 2 30 158 216 229
23 3 19 204 204 91
23 3 20 204 204 91
23 3 21 204 204 91
23 3 22 204 204 91
23 3 23 204 204 91
23 3 24 204 204 91
23 3 25 204 204 91
23 3 26 204 204 91
23 3 27 204 204 91
23 3 28 147 102 188
23 3 29 158 216 229
23 3 30 158 216 229
23 4 19 204 204 91
23 4 20 204 204 91
23 4 21 204 204 91
23 4 22 204 204 91
23 4 23 204 204 91
23 4 24 204 204 91
23 4 25 204 204 91
23 4 26 204 204 91
23 4 27 204 204 91
23 4 28 147 102 188
23 4 29 158 216 229
23 4 30 158 216 229
23 5 26 204 204 91
23 5 27 204 204 91
23 5 28 204 204 91
23 5 29 158 216 229
23 5 30 158 216 229
23 6 26 204 204 91
23 6 27 204 204 91
23 6 28 204 204 91
23 6 29 158 216 229
23 7 26 204 204 91
23 7 27 204 204 91
23 7 28 204 204 91
23 7 29 158 216 229
23 7 30 158 216 229
23 8 27 204 204 91
23 8 28 147 102 188
23 8 29 158 216 229
23 9 28 147 102 188
23 9 29 158 216 229
23 10 29 158 216 229
23 11 29 158 216 229
23 12 29 158 216 229
23 13 29 158 216 229
23 14 29 158 216 229
23 15 29 158 216 229
23 16 29 158 216 229
23 17 29 158 216 229
23 18 29 158 216 229
23 19 29 158 216 229
23 20 29 158 216 229
23 21 29 158 216 229
23 22 29 158 216 229
23 23 29 158 216 229
23 24 29 158 216 229
23 25 29 158 216 229
23 26 29 158 216 229
23 27 29 158 216 229
23 28 29 158 216 229
23 29 29 158 216 229
23 29 33 214 38 40
23 29 34 214 38 40
23 29 35 214 38 40
23 29 36 214 38 40
23 29 37 214 38 40
23 29 38 214 38 40
23 29 39 214 38 40
23 30 20 214 38 40
23 30 21 214 38 40
23 30 22 214 38 40
23 30 23 214 38 40
23 30 24 214 38 40
23 30 25 214 38 40
23 30 26 214 38 40
23 30 27 214 38 40
23 30 28 214 38 40
23 30 29 214 38 40
23 30 31 214 38 40
23 30 32 214 38 40
23 30 33 214 38 40
23 30 34 214 38 40
23 30 35 214 38 40
23 30 36 214 38 40
23 30 37 214 38 40
23 30 38 214 38 40
23 30 39 214 38 40
23 30 40 214 38 40
23 30 41 214 38 40
23 30 42 214 38 40
23 31 32 214 38 40
23 31 33 214 38 40
23 31 34 214 38 40
23 31 35 214 38 40
23 31 36 214 38 40
24 0 21 43 160 4
24 0 22 43 160 4
24 0 23 43 160 4
24 0 24 43 160 4
24 0 25 43 160 4
24 0 26 43 160 4
24 0 27 43 160 4
24 0 28 43 160 4
24 0 29 43 160 4
24 0 30 43 160 4
24 0 31 43 160 4
24 0 32 43 160 4
24 0 33 43 160 4
24 0 34 43 160 4
24 0 35 43 160 4
24 0 36 43 160 4
24 0 37 43 160 4
24 0 38 43 160 4
24 0 39 43 160 4
24 0 40 43 160 4
24 0 41 43 160 4
24 0 42 43 160 4
24 0 43 43 160 4
24 0 44 43 160 4
24 0 45 43 160 4
24 0 46 43 160 4
24 0 47 43 160 4
24 0 48 43 160 4
24 0 49 43 160 4
24 0 50 43 160 4
24 0 51 43 160 4
24 0 52 43 160 4
24 0 53 43 160 4
24 0 54 43 160 4
24 0 55 43 160 4
24 0 56 43 160 4
24 0 57 43 160 4
24 0 58 43 160 4
24 0 59 43 160 4
24 1 19 204 204 91
24 1 20 204 204 91
24 1 21 204 204 91
24 1 22 204 204 91
24 1 23 204 204 91
24 1 24 204 204 91
24 1 25 204 204 91
24 1 26 204 204 91
24 1 27 204 204 91
24 1 28 147 102 188
24 1 29 158 216 229
24 1 30 158 216 229
24 2 19 204 204 91
24 2 20 204 204 91
24 2 21 204 204 91
24 2 22 204 204 91
24 2 23 204 204 91
24 2 24 204 204 91
24 2 25 204 204 91
24 2 26 204 204 91
24 2 27 204 204 91
24 2 28 147 102 188
24 2 29 158 216 229
24 2 30 158 216 229
24 3 19 204 204 91
24 3 20 204 204 91
24 3 21 204 204 91
24 3 22 204 204 91
24 3 23 204 204 91
24 3 24 204 204 91
24 3 25 204 204 91
24 3 26 204 204 91
24 3 27 204 204 91
24 3 28 147 102 188
24 3 29 158 216 229
24 3 30 158 216 229
24 4 19 204 204 91
24 4 20 204 204 91
24 4 21 204 204 91
24 4 22 204 204 91
24 4 23 204 204 91
24 4 24 204 204 91
24 4 25 204 204 91
24 4 26 204 204 91
24 4 27 147 102 188
24 4 28 147 102 188
24 4 29 158 216 229
24 4 30 158 216 229
24 5 26 204 204 91
24 5 27 204 204 91
24 5 28 147 102 188
24 5 29 158 216 229
24 6 26 204 204 91
24 6 27 204 204 91
24 6 28 204 204 91
24 6 29 158 216 229
24 7 26 204 204 91
24 7 27 204 204 91
24 7 28 204 204 91
24 7 29 158 216 229
24 7 30 158 216 229
24 8 27 204 204 91
24 8 28 147 102 188
24 8 29 158 216 229
24 8 30 158 216 229
24 9 28 147 102 188
24 9 29 158 216 229
24 10 29 158 216 229
24 11 29 158 216 229
24 12 29 158 216 229
24 13 29 158 216 229
24 14 29 158 216 229
24 15 29 158 216 229
24 16 29 158 216 229
24 17 29 158 216 229
24 18 29 158 216 229
24 19 29 158 216 229
24 20 29 158 216 229
24 21 29 158 216 229
24 22 29 158 216 229
24 23 29 158 216 229
24 24 29 158 216 229
24 25 29 158 216 229
24 26 29 158 216 229
24 27 29 158 216 229
24 28 29 158 216 229
24 29 29 214 38 40
24 29 32 214 38 40
24 29 33 214 38 40
24 29 34 214 38 40
24 29 35 214 38 40
24 29 36 214 38 40
24 29 37 214 38 40
24 29 38 214 38 40
24 30 20 214 38 40
24 30 21 214 38 40
24 30 22 214 38 40
24 30 23 214 38 40
24 30 24 214 38 40
24 30 25 214 38 40
24 30 26 214 38 40
24 30 27 214 38 40
24 30 28 214 38 40
24 30 29 214 38 40
24 30 31 214 38 40
24 30 32 214 38 40
24 30 33 214 38 40
24 30 34 214 38 40
24 30 35 214 38 40
24 30 36 214 38 40
24 30 37 214 38 40
24 30 38 214 38 40
24 30 39 214 38 40
24 31 30 214 38 40
24 31 32 214 38 40
24 31 33 214 38 40
24 31 34 214 38 40
24 31 35 214 38 40
24 31 37 214 38 40
25 0 20 43 160 4
25 0 21 43 160 4
25 0 22 43 160 4
25 0 23 43 160 4
25 0 24 43 160 4
25 0 25 43 160 4
25 0 26 43 160 4
25 0 27 43 160 4
25 0 28 43 160 4
25 0 29 43 160 4
25 0 30 43 160 4
25 0 31 43 160 4
25 0 32 43 160 4
25 0 33 43 160 4
25 0 34 43 160 4
25 0 35 43 160 4
25 0 36 43 160 4
25 0 37 43 160 4
25 0 38 43 160 4
25 0 39 43 160 4
25 0 40 43 160 4
25 0 41 43 160 4
25 0 42 43 160 4
25 0 43 43 160 4
25 0 44 43 160 4
25 0 45 43 160 4
25 0 46 43 160 4
25 0 47 43 160 4
25 0 48 43 160 4
25 0 49 43 160 4
25 0 50 43 160 4
25 0 51 43 160 4
25 0 52 43 160 4
25 0 53 43 160 4
25 0 54 43 160 4
25 0 55 43 160 4
25 0 56 43 160 4
25 0 57 43 160 4
25 0 58 43 160 4
25 0 59 43 160 4
25 1 19 204 204 91
25 1 20 204 204 91
25 1 21 204 204 91
25 1 22 204 204 91
25 1 23 204 204 91
25 1 24 204 204 91
25 1 25 204 204 91
25 1 26 204 204 91
25 1 27 204 204 91
25 1 29 158 216 229
25 1 30 158 216 229
25 2 19 204 204 91
25 2 20 204 204 91
25 2 21 204 204 91
25 2 22 204 204 91
25 2 23 204 204 91
25 2 24 204 204 91
25 2 25 204 204 91
25 2 26 204 204 91
25 2 27 204 204 91
25 2 28 147 102 188
25 2 29 158 216 229
25 2 30 158 216 229
25 3 19 204 204 91
25 3 20 204 204 91
25 3 21 204 204 91
25 3 22 204 204 91
25 3 23 204 204 91
25 3 24 204 204 91
25 3 25 204 204 91
25 3 26 204 204 91
25 3 27 147 102 188
25 3 28 147 102 188
25 3 29 158 216 229
25 3 30 158 216 229
25 4 19 204 204 91
25 4 20 204 204 91
25 4 21 204 204 91
25 4 22 204 204 91
25 4 23 204 204 91
25 4 24 204 204 91
25 4 25 204 204 91
25 4 26 204 204 91
25 4 27 147 102 188
25 4 28 147 102 188
25 4 29 158 216 229
25 4 30 158 216 229
25 5 26 204 204 91
25 5 27 204 204 91
25 5 28 147 102 188
25 5 29 158 216 229
25 5 30 158 216 229
25 6 26 204 204 91
25 6 27 204 204 91
25 6 28 204 204 91
25 6 29 158 216 229
25 7 26 204 204 91
25 7 27 204 204 91
25 7 28 204 204 91
25 7 29 158 216 229
25 7 30 158 216 229
25 8 27 204 204 91
25 8 28 147 102 188
25 8 29 158 216 229
25 8 30 158 216 229
25 9 28 147 102 188
25 9 29 158 216 229
25 10 29 158 216 229
25 11 29 158 216 229
25 12 29 158 216 229
25 13 29 158 216 229
25 14 29 158 216 229
25 15 29 158 216 229
25 16 29 158 216 229
25 17 29 158 216 229
25 18 29 158 216 229
25 19 29 158 216 229
25 20 29 158 216 229
25 21 29 158 216 229
25 22 29 158 216 229
25 23 29 158 216 229
25 24 29 158 216 229
25 25 29 158 216 229
25 26 29 158 216 229
25 27 29 158 216 229
25 28 29 158 216 229
25 29 29 214 38 40
25 29 33 214 38 40
25 29 35 214 38 40
25 29 36 214 38 40
25 29 37 214 38 40
25 29 38 214 38 40
25 30 20 214 38 40
25 30 21 214 38 40
25 30 22 214 38 40
25 30 23 214 38 40
25 30 24 214 38 40
25 30 25 214 38 40
25 30 26 214 38 40
25 30 27 214 38 40
25 30 28 214 38 40
25 30 29 214 38 40
25 30 31 214 38 40
25 30 32 214 38 40
25 30 33 214 38 40
25 30 34 214 38 40
25 30 35 214 38 40
25 30 36 214 38 40
25 30 37 214 38 40
25 30 38 214 38 40
25 30 39 214 38 40
25 30 41 214 38 40
25 30 42 214 38 40
25 31 30 214 38 40
25 31 32 214 38 40
25 31 33 214 38 40
25 31 34 214 38 40
25 31 35 214 38 40
26 0 20 43 160 4
26 0 21 43 160 4
26 0 22 43 160 4
26 0 23 43 160 4
26 0 24 43 160 4
26 0 25 43 160 4
26 0 26 43 160 4
26 0 27 43 160 4
26 0 28 43 160 4
26 0 29 43 160 4
26 0 30 43 160 4
26 0 31 43 160 4
26 0 32 43 160 4
26 0 33 43 160 4
26 0 34 43 160 4
26 0 35 43 160 4
26 0 36 43 160 4
26 0 37 43 160 4
26 0 38 43 160 4
26 0 39 43 160 4
26 0 40 43 160 4
26 0 41 43 160 4
26 0 42 43 160 4
26 0 43 43 160 4
26 0 44 43 160 4
26 0 45 43 160 4
26 0 46 43 160 4
26 0 47 43 160 4
26 0 48 43 160 4
26 0 49 43 160 4
26 0 50 43 160 4
26 0 51 43 160 4
26 0 52 43 160 4
26 0 53 43 160 4
26 0 54 43 160 4
26 0 55 43 160 4
26 0 56 43 160 4
26 0 57 43 160 4
26 0 58 43 160 4
26 0 59 43 160 4
26 1 19 204 204 91
26 1 20 204 204 91
26 1 21 204 204 91
26 1 22 204 204 91
26 1 23 204 204 91
26 1 24 204 204 91
26 1 25 204 204 91
26 1 26 147 102 188
26 1 27 147 102 188
26 1 28 147 102 188
26 1 29 158 216 229
26 1 30 158 216 229
26 2 19 204 204 91
26 2 20 204 204 91
26 2 21 204 204 91
26 2 22 204 204 91
26 2 23 204 204 91
26 2 24 204 204 91
26 2 25 204 204 91
26 2 26 204 204 91
26 2 27 147 102 188
26 2 28 147 102 188
26 2 29 158 216 229
26 2 30 158 216 229
26 3 19 204 204 91
26 3 20 204 204 91
26 3 21 204 204 91
26 3 22 204 204 91
26 3 23 204 204 91
26 3 24 204 204 91
26 3 25 204 204 91
26 3 26 147 102 188
26 3 27 147 102 188
26 3 28 147 102 188
26 3 29 158 216 229
26 3 30 158 216 229
26 4 19 204 204 91
26 4 20 204 204 91
26 4 21 204 204 91
26 4 22 204 204 91
26 4 23 204 204 91
26 4 24 204 204 91
26 4 25 204 204 91
26 4 26 147 102 188
26 4 27 147 102 188
26 4 28 147 102 188
26 4 29 158 216 229
26 4 30 158 216 229
26 5 26 204 204 91
26 5 27 204 204 91
26 5 28 147 102 188
26 5 29 158 216 229
26 5 30 158 216 229
26 6 26 204 204 91
26 6 27 204 204 91
26 6 28 204 204 91
26 6 29 158 216 229
26 6 30 158 216 229
26 7 26 204 204 91
26 7 27 204 204 91
26 7 28 147 102 188
26 7 29 158 216 229
26 8 27 147 102 188
26 8 28 147 102 188
26 8 29 158 216 229
26 9 28 147 102 188
26 9 29 158 216 229
26 10 29 158 216 229
26 11 29 158 216 229
26 12 29 158 216 229
26 13 29 158 216 229
26 14 29 158 216 229
26 15 29 158 216 229
26 16 29 158 216 229
26 17 29 158 216 229
26 18 29 158 216 229
26 19 29 158 216 229
26 20 29 158 216 229
26 21 29 158 216 229
26 22 29 158 216 229
26 23 29 158 216 229
26 24 29 158 216 229
26 25 29 158 216 229
26 26 29 158 216 229
26 27 29 158 216 229
26 28 29 158 216 229
26 29 29 214 38 40
26 29 33 214 38 40
26 29 35 214 38 40
26 29 36 214 38 40
26 29 37 214 38 40
26 29 38 214 38 40
26 30 19 214 38 40
26 30 20 214 38 40
26 30 21 214 38 40
26 30 22 214 38 40
26 30 23 214 38 40
26 30 24 214 38 40
26 30 25 214 38 40
26 30 26 214 38 40
26 30 27 214 38 40
26 30 28 214 38 40
26 30 29 214 38 40
26 30 31 214 38 40
26 30 32 214 38 40
26 30 33 214 38 40
26 30 34 214 38 40
26 30 35 214 38 40
26 30 36 214 38 40
26 30 37 214 38 40
26 30 38 214 38 40
26 30 39 214 38 40
26 30 40 214 38 40
26 30 41 214 38 40
26 30 42 214 38 40
26 31 30 214 38 40
26 31 32 214 38 40
26 31 33 214 38 40
26 31 34 214 38 40
26 31 35 214 38 40
26 31 37 214 38 40
27 0 20 43 160 4
27 0 21 43 160 4
27 0 22 43 160 4
27 0 23 43 160 4
27 0 24 43 160 4
27 0 25 43 160 4
27 0 26 43 160 4
27 0 27 43 160 4
27 0 28 43 160 4
27 0 29 43 160 4
27 0 30 43 160 4
27 0 31 43 160 4
27 0 32 43 160 4
27 0 33 43 160 4
27 0 34 43 160 4
27 0 35 43 160 4
27 0 36 43 160 4
27 0 37 43 160 4
27 0 38 43 160 4
27 0 39 43 160 4
27 0 40 43 160 4
27 0 41 43 160 4
27 0 42 43 160 4
27 0 43 43 160 4
27 0 44 43 160 4
27 0 45 43 160 4
27 0 46 43 160 4
27 0 47 43 160 4
27 0 48 43 160 4
27 0 49 43 160 4
27 0 50 43 160 4
27 0 51 43 160 4
27 0 52 43 160 4
27 0 53 43 160 4
27 0 54 43 160 4
27 0 55 43 160 4
27 0 56 43 160 4
27 0 57 43 160 4
27 0 58 43 160 4
27 0 59 43 160 4
27 1 19 204 204 91
27 1 20 204 204 91
27 1 21 204 204 91
27 1 22 204 204 91
27 1 23 204 204 91
27 1 24 204 204 91
27 1 25 204 204 91
27 1 26 204 204 91
27 1 27 147 102 188
27 1 28 255 127 12
27 1 29 158 216 229
27 1 30 158 216 229
27 2 19 204 204 91
27 2 20 204 204 91
27 2 21 204 204 91
27 2 22 204 204 91
27 2 23 204 204 91
27 2 24 255 127 12
27 2 25 204 204 91
27 2 26 147 102 188
27 2 27 147 102 188
27 2 28 147 102 188
27 2 29 158 216 229
27 2 30 158 216 229
27 3 19 204 204 91
27 3 20 204 204 91
27 3 21 204 204 91
27 3 22 204 204 91
27 3 23 204 204 91
27 3 24 204 204 91
27 3 25 204 204 91
27 3 26 147 102 188
27 3 27 147 102 188
27 3 28 147 102 188
27 3 29 158 216 229
27 3 30 158 216 229
27 4 19 147 102 188
27 4 20 147 102 188
27 4 21 204 204 91
27 4 22 204 204 91
27 4 23 204 204 91
27 4 24 147 102 188
27 4 25 147 102 188
27 4 26 147 102 188
27 4 27 147 102 188
27 4 28 147 102 188
27 4 29 158 216 229
27 5 21 204 204 91
27 5 26 204 204 91
27 5 27 204 204 91
27 5 28 147 102 188
27 5 29 158 216 229
27 6 22 204 204 91
27 6 23 204 204 91
27 6 24 204 204 91
27 6 25 204 204 91
27 6 26 204 204 91
27 6 27 204 204 91
27 6 28 255 127 12
27 6 29 158 216 229
27 7 27 204 204 91
27 7 28 147 102 188
27 7 29 158 216 229
27 8 27 147 102 188
27 8 28 255 127 12
27 8 29 158 216 229
27 9 28 147 102 188
27 9 29 158 216 229
27 10 29 158 216 229
27 11 29 158 216 229
27 12 29 158 216 229
27 13 29 158 216 229
27 14 29 158 216 229
27 15 29 158 216 229
27 16 29 158 216 229
27 17 29 158 216 229
27 18 29 158 216 229
27 19 29 158 216 229
27 20 29 158 216 229
27 21 29 158 216 229
27 22 29 158 216 229
27 23 29 158 216 229
27 24 29 158 216 229
27 25 29 158 216 229
27 26 29 158 216 229
27 27 29 158 216 229
27 28 29 158 216 229
27 29 29 158 216 229
27 29 33 214 38 40
27 29 35 214 38 40
27 29 36 214 38 40
27 29 37 214 38 40
27 29 38 214 38 40
27 30 19 214 38 40
27 30 20 214 38 40
27 30 21 214 38 40
27 30 22 214 38 40
27 30 23 214 38 40
27 30 24 214 38 40
27 30 25 214 38 40
27 30 26 214 38 40
27 30 27 214 38 40
27 30 28 214 38 40
27 30 29 214 38 40
27 30 30 214 38 40
27 30 31 214 38 40
27 30 32 214 38 40
27 30 33 214 38 40
27 30 34 214 38 40
27 30 35 214 38 40
27 30 36 214 38 40
27 30 37 214 38 40
27 30 38 214 38 40
27 30 39 214 38 40
27 30 40 214 38 40
27 30 41 214 38 40
27 30 42 214 38 40
27 31 32 214 38 40
27 31 33 214 38 40
27 31 34 214 38 40
27 31 35 214 38 40
28 0 20 43 160 4
28 0 21 43 160 4
28 0 22 43 160 4
28 0 23 43 160 4
28 0 24 43 160 4
28 0 25 43 160 4
28 0 26 43 160 4
28 0 27 43 160 4
28 0 28 43 160 4
28 0 29 43 160 4
28 0 30 43 160 4
28 0 31 43 160 4
28 0 32 43 160 4
28 0 33 43 160 4
28 0 34 43 160 4
28 0 35 43 160 4
28 0 36 43 160 4
28 0 37 43 160 4
28 0 38 43 160 4
28 0 39 43 160 4
28 0 40 43 160 4
28 0 41 43 160 4
28 0 42 43 160 4
28 0 43 43 160 4
28 0 44 43 160 4
28 0 45 43 160 4
28 0 46 43 160 4
28 0 47 43 160 4
28 0 48 43 160 4
28 0 49 43 160 4
28 0 50 43 160 4
28 0 51 43 160 4
28 0 52 43 160 4
28 0 53 43 160 4
28 0 54 43 160 4
28 0 55 43 160 4
28 0 56 43 160 4
28 0 57 43 160 4
28 0 58 43 160 4
28 0 59 43 160 4
28 1 21 196 175 214
28 1 26 255 127 12
28 1 27 255 127 12
28 1 28 255 127 12
28 1 29 158 216 229
28 1 30 158 216 229
28 2 21 255 127 12
28 2 26 147 102 188
28 2 27 255 127 12
28 2 28 255 127 12
28 2 29 158 216 229
28 2 30 158 216 229
28 3 21 255 127 12
28 3 26 147 102 188
28 3 27 147 102 188
28 3 28 255 127 12
28 3 29 158 216 229
28 3 30 158 216 229
28 4 21 255 127 12
28 4 26 147 102 188
28 4 27 255 127 12
28 4 28 255 127 12
28 4 29 158 216 229
28 5 21 255 127 12
28 5 22 255 127 12
28 5 26 255 127 12
28 5 27 255 127 12
28 5 28 255 127 12
28 5 29 255 127 12
28 6 21 255 127 12
28 6 22 255 127 12
28 6 23 255 127 12
28 6 24 255 127 12
28 6 25 255 127 12
28 6 26 255 127 12
28 6 27 255 127 12
28 6 28 255 127 12
28 6 29 158 216 229
28 7 26 255 127 12
28 7 27 255 127 12
28 7 28 255 127 12
28 7 29 158 216 229
28 8 26 255 127 12
28 8 27 255 127 12
28 8 28 255 127 12
28 8 29 158 216 229
28 9 26 255 127 12
28 9 27 196 175 214
28 9 28 196 175 214
28 9 29 158 216 229
28 10 29 158 216 229
28 11 29 158 216 229
28 12 29 158 216 229
28 13 29 158 216 229
28 14 29 158 216 229
28 15 29 158 216 229
28 16 29 158 216 229
28 17 29 158 216 229
28 18 29 158 216 229
28 19 29 158 216 229
28 20 29 158 216 229
28 21 29 158 216 229
28 22 29 158 216 229
28 23 29 158 216 229
28 24 29 158 216 229
28 25 29 158 216 229
28 26 29 158 216 229
28 27 29 158 216 229
28 28 29 158 216 229
28 29 29 158 216 229
28 29 32 214 38 40
28 29 33 214 38 40
28 29 34 214 38 40
28 29 35 214 38 40
28 29 36 214 38 40
28 29 37 214 38 40
28 30 19 214 38 40
28 30 20 214 38 40
28 30 21 214 38 40
28 30 22 214 38 40
28 30 23 214 38 40
28 30 24 214 38 40
28 30 25 214 38 40
28 30 26 214 38 40
28 30 27 214 38 40
28 30 28 214 38 40
28 30 29 214 38 40
28 30 31 214 38 40
28 30 32 214 38 40
28 30 33 214 38 40
28 30 34 214 38 40
28 30 35 214 38 40
28 30 36 214 38 40
28 30 37 214 38 40
28 30 38 214 38 40
28 30 39 214 38 40
28 31 32 214 38 40
28 31 33 214 38 40
28 31 34 214 38 40
28 31 35 214 38 40
29 0 20 43 160 4
29 0 21 43 160 4
29 0 22 43 160 4
29 0 23 43 160 4
29 0 24 43 160 4
29 0 25 43 160 4
29 0 26 43 160 4
29 0 27 43 160 4
29 0 28 43 160 4
29 0 29 43 160 4
29 0 30 43 160 4
29 0 31 43 160 4
29 0 32 43 160 4
29 0 33 43 160 4
29 0 34 43 160 4
29 0 35 43 160 4
29 0 36 43 160 4
29 0 37 43 160 4
29 0 38 43 160 4
29 0 39 43 160 4
29 0 40 43 160 4
29 0 41 43 160 4
29 0 42 43 160 4
29 0 43 43 160 4
29 0 44 43 160 4
29 0 45 43 160 4
29 0 46 43 160 4
29 0 47 43 160 4
29 0 48 43 160 4
29 0 49 43 160 4
29 0 50 43 160 4
29 0 51 43 160 4
29 0 52 43 160 4
29 0 53 43 160 4
29 0 54 43 160 4
29 0 55 43 160 4
29 0 56 43 160 4
29 0 57 43 160 4
29 0 58 43 160 4
29 0 59 43 160 4
29 1 21 196 175 214
29 1 26 255 127 12
29 1 27 255 127 12
29 1 28 255 127 12
29 1 29 255 127 12
29 1 30 158 216 229
29 2 26 255 127 12
29 2 27 255 127 12
29 2 28 255 127 12
29 2 29 158 216 229
29 2 30 158 216 229
29 3 26 255 127 12
29 3 27 255 127 12
29 3 28 255 127 12
29 3 29 158 216 229
29 3 30 158 216 229
29 4 26 255 127 12
29 4 27 255 127 12
29 4 28 255 127 12
29 4 29 158 216 229
29 5 26 255 127 12
29 5 27 255 127 12
29 5 28 255 127 12
29 5 29 255 127 12
29 6 26 255 127 12
29 6 27 255 127 12
29 6 28 255 127 12
29 6 29 255 127 12
29 7 26 255 127 12
29 7 27 255 127 12
29 7 28 255 127 12
29 7 29 255 127 12
29 8 26 255 127 12
29 8 27 255 127 12
29 8 28 255 127 12
29 8 29 255 127 12
29 9 26 255 127 12
29 9 27 255 127 12
29 9 28 255 127 12
29 9 29 158 216 229
29 10 29 158 216 229
29 11 29 158 216 229
29 12 29 158 216 229
29 13 29 158 216 229
29 14 29 158 216 229
29 15 29 158 216 229
29 16 29 158 216 229
29 17 29 158 216 229
29 18 29 196 175 214
29 19 29 158 216 229
29 20 29 158 216 229
29 21 29 158 216 229
29 22 29 158 216 229
29 23 29 158 216 229
29 24 29 158 216 229
29 25 29 158 216 229
29 26 29 158 216 229
29 27 29 158 216 229
29 28 29 158 216 229
29 29 29 158 216 229
29 29 33 214 38 40
29 29 35 214 38 40
29 29 36 214 38 40
29 29 37 214 38 40
29 30 18 214 38 40
29 30 19 214 38 40
29 30 20 214 38 40
29 30 21 214 38 40
29 30 22 214 38 40
29 30 23 214 38 40
29 30 24 214 38 40
29 30 25 214 38 40
29 30 26 214 38 40
29 30 27 214 38 40
29 30 28 214 38 40
29 30 29 214 38 40
29 30 31 214 38 40
29 30 32 214 38 40
29 30 33 214 38 40
29 30 34 214 38 40
29 30 35 214 38 40
29 30 36 214 38 40
29 30 37 214 38 40
29 30 38 214 38 40
29 30 39 214 38 40
29 31 32 214 38 40
29 31 33 214 38 40
29 31 34 214 38 40
29 31 35 214 38 40
30 0 20 43 160 4
30 0 21 43 160 4
30 0 22 43 160 4
30 0 23 43 160 4
30 0 24 43 160 4
30 0 25 43 160 4
30 0 26 43 160 4
30 0 27 43 160 4
30 0 28 43 160 4
30 0 29 43 160 4
30 0 30 43 160 4
30 0 31 43 160 4
30 0 32 43 160 4
30 0 33 43 160 4
30 0 34 43 160 4
30 0 35 43 160 4
30 0 36 43 160 4
30 0 37 43 160 4
30 0 38 43 160 4
30 0 39 43 160 4
30 0 40 43 160 4
30 0 41 43 160 4
30 0 42 43 160 4
30 0 43 43 160 4
30 0 44 43 160 4
30 0 45 43 160 4
30 0 46 43 160 4
30 0 47 43 160 4
30 0 48 43 160 4
30 0 49 43 160 4
30 0 50 43 160 4
30 0 51 43 160 4
30 0 52 43 160 4
30 0 53 43 160 4
30 0 54 43 160 4
30 0 55 43 160 4
30 0 56 43 160 4
30 0 57 43 160 4
30 0 58 43 160 4
30 0 59 43 160 4
30 1 26 255 127 12
30 1 27 255 127 12
30 1 28 255 127 12
30 1 29 255 127 12
30 2 26 255 127 12
30 2 27 255 127 12
30 2 28 255 127 12
30 2 29 255 127 12
30 3 26 255 127 12
30 3 27 255 127 12
30 3 28 255 127 12
30 3 29 255 127 12
30 4 26 255 127 12
30 4 27 255 127 12
30 4 28 255 127 12
30 4 29 255 127 12
30 5 26 255 127 12
30 5 27 255 127 12
30 5 28 255 127 12
30 5 29 255 127 12
30 6 26 255 127 12
30 6 27 255 127 12
30 6 28 255 127 12
30 6 29 255 127 12
30 7 26 255 127 12
30 7 27 255 127 12
30 7 28 255 127 12
30 7 29 255 127 12
30 8 26 255 127 12
30 8 27 255 127 12
30 8 28 255 127 12
30 8 29 255 127 12
30 9 26 255 127 12
30 9 27 255 127 12
30 9 28 255 127 12
30 9 29 158 216 229
30 10 29 158 216 229
30 11 29 158 216 229
30 12 29 158 216 229
30 13 29 158 216 229
30 14 29 158 216 229
30 15 29 158 216 229
30 16 26 196 175 214
30 16 27 196 175 214
30 16 28 196 175 214
30 16 29 196 175 214
30 17 26 196 175 214
30 17 27 196 175 214
30 17 28 196 175 214
30 17 29 196 175 214
30 18 26 196 175 214
30 18 27 196 175 214
30 18 28 196 175 214
30 18 29 196 175 214
30 19 26 196 175 214
30 19 27 196 175 214
30 19 28 196 175 214
30 19 29 196 175 214
30 20 26 196 175 214
30 20 27 196 175 214
30 20 28 196 175 214
30 20 29 196 175 214
30 21 26 196 175 214
30 21 27 196 175 214
30 21 28 196 175 214
30 21 29 158 216 229
30 22 29 158 216 229
30 23 29 158 216 229
30 24 29 158 216 229
30 25 29 158 216 229
30 26 29 158 216 229
30 27 29 158 216 229
30 28 29 158 216 229
30 29 29 158 216 229
30 29 35 214 38 40
30 29 36 214 38 40
30 29 37 214 38 40
30 30 18 214 38 40
30 30 19 214 38 40
30 30 20 214 38 40
30 30 21 214 38 40
30 30 22 214 38 40
30 30 23 214 38 40
30 30 24 214 38 40
30 30 25 214 38 40
30 30 26 214 38 40
30 30 27 214 38 40
30 30 28 214 38 40
30 30 29 214 38 40
30 30 31 214 38 40
30 30 32 214 38 40
30 30 33 214 38 40
30 30 34 214 38 40
30 30 35 214 38 40
30 30 36 214 38 40
30 30 37 214 38 40
30 30 38 214 38 40
30 30 39 214 38 40
30 30 40 214 38 40
30 30 41 214 38 40
30 30 42 214 38 40
30 31 32 214 38 40
30 31 33 214 38 40
30 31 34 214 38 40
30 31 35 214 38 40
31 0 20 43 160 4
31 0 21 43 160 4
31 0 22 43 160 4
31 0 23 43 160 4
31 0 24 43 160 4
31 0 25 43 160 4
31 0 26 43 160 4
31 0 27 43 160 4
31 0 28 43 160 4
31 0 29 43 160 4
31 0 30 43 160 4
31 0 31 43 160 4
31 0 32 43 160 4
31 0 33 43 160 4
31 0 34 43 160 4
31 0 35 43 160 4
31 0 36 43 160 4
31 0 37 43 160 4
31 0 38 43 160 4
31 0 39 43 160 4
31 0 40 43 160 4
31 0 41 43 160 4
31 0 42 43 160 4
31 0 43 43 160 4
31 0 44 43 160 4
31 0 45 43 160 4
31 0 46 43 160 4
31 0 47 43 160 4
31 0 48 43 160 4
31 0 49 43 160 4
31 0 50 43 160 4
31 0 51 43 160 4
31 0 52 43 160 4
31 0 53 43 160 4
31 0 54 43 160 4
31 0 55 43 160 4
31 0 56 43 160 4
31 0 57 43 160 4
31 0 58 43 160 4
31 0 59 43 160 4
31 1 21 196 175 214
31 1 26 255 127 12
31 1 27 255 127 12
31 1 28 255 127 12
31 1 29 255 127 12
31 2 26 255 127 12
31 2 27 255 127 12
31 2 28 255 127 12
31 2 29 255 127 12
31 3 26 255 127 12
31 3 27 255 127 12
31 3 28 255 127 12
31 3 29 255 127 12
31 4 26 255 127 12
31 4 27 255 127 12
31 4 28 255 127 12
31 4 29 255 127 12
31 5 26 255 127 12
31 5 27 255 127 12
31 5 28 255 127 12
31 5 29 255 127 12
31 6 26 255 127 12
31 6 27 255 127 12
31 6 28 255 127 12
31 6 29 255 127 12
31 7 26 255 127 12
31 7 27 255 127 12
31 7 28 255 127 12
31 7 29 255 127 12
31 8 26 255 127 12
31 8 27 255 127 12
31 8 28 255 127 12
31 8 29 255 127 12
31 9 26 255 127 12
31 9 27 255 127 12
31 9 28 255 127 12
31 9 29 255 127 12
31 10 29 158 216 229
31 11 29 158 216 229
31 12 29 158 216 229
31 13 29 158 216 229
31 14 29 158 216 229
31 15 29 158 216 229
31 16 26 196 175 214
31 16 27 196 175 214
31 16 28 196 175 214
31 16 29 196 175 214
31 17 26 196 175 214
31 17 27 196 175 214
31 17 28 196 175 214
31 17 29 196 175 214
31 18 26 196 175 214
31 18 27 196 175 214
31 18 28 196 175 214
31 18 29 196 175 214
31 19 26 196 175 214
31 19 27 196 175 214
31 19 28 196 175 214
31 19 29 196 175 214
31 20 26 196 175 214
31 20 27 196 175 214
31 20 28 196 175 214
31 20 29 196 175 214
31 21 26 196 175 214
31 21 27 196 175 214
31 21 28 196 175 214
31 21 29 158 216 229
31 22 29 158 216 229
31 23 29 158 216 229
31 24 29 158 216 229
31 25 29 158 216 229
31 26 29 158 216 229
31 27 29 158 216 229
31 28 29 158 216 229
31 29 29 158 216 229
31 29 36 214 38 40
31 29 37 214 38 40
31 30 18 214 38 40
31 30 19 214 38 40
31 30 20 214 38 40
31 30 21 214 38 40
31 30 22 214 38 40
31 30 23 214 38 40
31 30 24 214 38 40
31 30 25 214 38 40
31 30 26 214 38 40
31 30 27 214 38 40
31 30 28 214 38 40
31 30 29 214 38 40
31 30 31 214 38 40
31 30 32 214 38 40
31 30 33 214 38 40
31 30 34 214 38 40
31 30 35 214 38 40
31 30 36 214 38 40
31 30 37 214 38 40
31 30 38 214 38 40
31 30 39 214 38 40
31 31 33 214 38 40
31 31 34 214 38 40
31 31 35 214 38 40
32 0 19 43 160 4
32 0 20 43 160 4
32 0 21 43 160 4
32 0 22 43 160 4
32 0 23 43 160 4
32 0 24 43 160 4
32 0 25 43 160 4
32 0 26 43 160 4
32 0 27 43 160 4
32 0 28 43 160 4
32 0 29 43 160 4
32 0 30 43 160 4
32 0 31 43 160 4
32 0 32 43 160 4
32 0 33 43 160 4
32 0 34 43 160 4
32 0 35 43 160 4
32 0 36 43 160 4
32 0 37 43 160 4
32 0 38 43 160 4
32 0 39 43 160 4
32 0 40 43 160 4
32 0 41 43 160 4
32 0 42 43 160 4
32 0 43 43 160 4
32 0 44 43 160 4
32 0 45 43 160 4
32 0 46 43 160 4
32 0 47 43 160 4
32 0 48 43 160 4
32 0 49 43 160 4
32 0 50 43 160 4
32 0 51 43 160 4
32 0 52 43 160 4
32 0 53 43 160 4
32 0 54 43 160 4
32 0 55 43 160 4
32 0 56 43 160 4
32 0 57 43 160 4
32 0 58 43 160 4
32 0 59 43 160 4
32 1 26 255 127 12
32 1 27 255 127 12
32 1 28 255 127 12
32 1 29 255 127 12
32 2 26 255 127 12
32 2 27 255 127 12
32 2 28 255 127 12
32 2 29 255 127 12
32 3 26 255 127 12
32 3 27 255 127 12
32 3 28 255 127 12
32 3 29 255 127 12
32 4 26 255 127 12
32 4 27 255 127 12
32 4 28 255 127 12
32 4 29 255 127 12
32 5 26 255 127 12
32 5 27 255 127 12
32 5 28 255 127 12
32 5 29 255 127 12
32 6 26 255 127 12
32 6 27 255 127 12
32 6 28 255 127 12
32 6 29 255 127 12
32 7 26 255 127 12
32 7 27 255 127 12
32 7 28 255 127 12
32 7 29 255 127 12
32 8 26 255 127 12
32 8 27 255 127 12
32 8 28 255 127 12
32 8 29 255 127 12
32 9 26 255 127 12
32 9 27 255 127 12
32 9 28 255 127 12
32 9 29 255 127 12
32 10 29 158 216 229
32 11 29 158 216 229
32 12 29 158 216 229
32 13 29 158 216 229
32 14 29 158 216 229
32 15 29 158 216 229
32 16 26 196 175 214
32 16 27 196 175 214
32 16 28 196 175 214
32 16 29 196 175 214
32 17 26 196 175 214
32 17 27 196 175 214
32 17 28 196 175 214
32 17 29 196 175 214
32 18 26 196 175 214
32 18 27 196 175 214
32 18 28 196 175 214
32 18 29 196 175 214
32 19 26 196 175 214
32 19 27 196 175 214
32 19 28 196 175 214
32 19 29 196 175 214
32 20 26 196 175 214
32 20 27 196 175 214
32 20 28 196 175 214
32 20 29 196 175 214
32 21 26 196 175 214
32 21 27 196 175 214
32 21 28 196 175 214
32 21 29 158 216 229
32 22 29 158 216 229
32 23 29 158 216 229
32 24 29 158 216 229
32 25 29 158 216 229
32 26 29 158 216 229
32 27 29 158 216 229
32 28 29 158 216 229
32 29 29 158 216 229
32 30 17 214 38 40
32 30 18 214 38 40
32 30 19 214 38 40
32 30 20 214 38 40
32 30 21 214 38 40
32 30 22 214 38 40
32 30 23 214 38 40
32 30 24 214 38 40
32 30 25 214 38 40
32 30 26 214 38 40
32 30 27 214 38 40
32 30 28 214 38 40
32 30 29 214 38 40
32 30 31 214 38 40
32 30 32 214 38 40
32 30 33 214 38 40
32 30 34 214 38 40
32 30 35 214 38 40
32 30 36 214 38 40
32 30 37 214 38 40
32 30 38 214 38 40
32 31 33 214 38 40
32 31 34 214 38 40
33 0 19 43 160 4
33 0 20 43 160 4
33 0 21 43 160 4
33 0 22 43 160 4
33 0 23 43 160 4
33 0 24 43 160 4
33 0 25 43 160 4
33 0 26 43 160 4
33 0 27 43 160 4
33 0 28 43 160 4
33 0 29 43 160 4
33 0 30 43 160 4
33 0 31 43 160 4
33 0 32 43 160 4
33 0 33 43 160 4
33 0 34 43 160 4
33 0 35 43 160 4
33 0 36 43 160 4
33 0 37 43 160 4
33 0 38 43 160 4
33 0 39 43 160 4
33 0 40 43 160 4
33 0 41 43 160 4
33 0 42 43 160 4
33 0 43 43 160 4
33 0 44 43 160 4
33 0 45 43 160 4
33 0 46 43 160 4
33 0 47 43 160 4
33 0 48 43 160 4
33 0 49 43 160 4
33 0 50 43 160 4
33 0 51 43 160 4
33 0 52 43 160 4
33 0 53 43 160 4
33 0 54 43 160 4
33 0 55 43 160 4
33 0 56 43 160 4
33 0 57 43 160 4
33 0 58 43 160 4
33 0 59 43 160 4
33 1 26 255 127 12
33 1 27 255 127 12
33 1 28 255 127 12
33 1 29 158 216 229
33 2 26 255 127 12
33 2 27 255 127 12
33 2 28 255 127 12
33 2 29 158 216 229
33 3 26 255 127 12
33 3 27 255 127 12
33 3 28 255 127 12
33 3 29 255 127 12
33 4 26 255 127 12
33 4 27 255 127 12
33 4 28 255 127 12
33 4 29 158 216 229
33 5 26 255 127 12
33 5 27 255 127 12
33 5 28 255 127 12
33 5 29 255 127 12
33 6 26 255 127 12
33 6 27 255 127 12
33 6 28 255 127 12
33 6 29 158 216 229
33 7 26 255 127 12
33 7 27 255 127 12
33 7 28 255 127 12
33 7 29 255 127 12
33 8 26 255 127 12
33 8 27 255 127 12
33 8 28 255 127 12
33 8 29 255 127 12
33 8 30 158 216 229
33 9 26 255 127 12
33 9 27 255 127 12
33 9 28 255 127 12
33 9 29 158 216 229
33 10 29 158 216 229
33 11 29 158 216 229
33 12 29 158 216 229
33 13 29 158 216 229
33 14 29 158 216 229
33 15 29 158 216 229
33 16 26 196 175 214
33 16 27 196 175 214
33 16 28 196 175 214
33 16 29 196 175 214
33 17 26 196 175 214
33 17 27 196 175 214
33 17 28 196 175 214
33 17 29 196 175 214
33 18 26 196 175 214
33 18 27 196 175 214
33 18 28 196 175 214
33 18 29 196 175 214
33 19 26 196 175 214
33 19 27 196 175 214
33 19 28 196 175 214
33 19 29 196 175 214
33 20 26 196 175 214
33 20 27 196 175 214
33 20 28 196 175 214
33 20 29 196 175 214
33 21 26 196 175 214
33 21 27 196 175 214
33 21 28 196 175 214
33 21 29 158 216 229
33 22 29 158 216 229
33 23 29 158 216 229
33 24 29 158 216 229
33 25 29 158 216 229
33 26 29 158 216 229
33 27 29 158 216 229
33 28 29 158 216 229
33 29 29 158 216 229
33 30 17 214 38 40
33 30 18 214 38 40
33 30 19 214 38 40
33 30 20 214 38 40
33 30 21 214 38 40
33 30 22 214 38 40
33 30 23 214 38 40
33 30 24 214 38 40
33 30 25 214 38 40
33 30 26 214 38 40
33 30 27 214 38 40
33 30 28 214 38 40
33 30 29 214 38 40
33 30 31 214 38 40
33 30 32 214 38 40
33 30 33 214 38 40
33 30 34 214 38 40
33 30 35 214 38 40
33 30 36 214 38 40
33 30 37 214 38 40
33 30 38 214 38 40
33 31 33 214 38 40
33 31 34 214 38 40
34 0 19 43 160 4
34 0 20 43 160 4
34 0 21 43 160 4
34 0 22 43 160 4
34 0 23 43 160 4
34 0 24 43 160 4
34 0 25 43 160 4
34 0 26 43 160 4
34 0 27 43 160 4
34 0 28 43 160 4
34 0 29 43 160 4
34 0 30 43 160 4
34 0 31 43 160 4
34 0 32 43 160 4
34 0 33 43 160 4
34 0 34 43 160 4
34 0 35 43 160 4
34 0 36 43 160 4
34 0 37 43 160 4
34 0 38 43 160 4
34 0 39 43 160 4
34 0 40 43 160 4
34 0 41 43 160 4
34 0 42 43 160 4
34 0 43 43 160 4
34 0 44 43 160 4
34 0 45 43 160 4
34 0 46 43 160 4
34 0 47 43 160 4
34 0 48 43 160 4
34 0 49 43 160 4
34 0 50 43 160 4
34 0 51 43 160 4
34 0 52 43 160 4
34 0 53 43 160 4
34 0 54 43 160 4
34 0 55 43 160 4
34 0 56 43 160 4
34 0 57 43 160 4
34 0 58 43 160 4
34 0 59 43 160 4
34 1 26 255 127 12
34 1 27 255 127 12
34 1 28 255 127 12
34 1 29 158 216 229
34 2 26 255 127 12
34 2 27 255 127 12
34 2 28 255 127 12
34 2 29 158 216 229
34 2 30 158 216 229
34 3 26 255 127 12
34 3 27 255 127 12
34 3 28 255 127 12
34 3 29 158 216 229
34 3 30 158 216 229
34 4 26 255 127 12
34 4 27 255 127 12
34 4 28 255 127 12
34 4 29 158 216 229
34 4 30 158 216 229
34 5 26 255 127 12
34 5 27 255 127 12
34 5 28 255 127 12
34 5 29 158 216 229
34 6 26 255 127 12
34 6 27 255 127 12
34 6 28 255 127 12
34 6 29 158 216 229
34 6 30 158 216 229
34 7 26 255 127 12
34 7 27 255 127 12
34 7 28 255 127 12
34 7 29 158 216 229
34 7 30 158 216 229
34 8 26 196 175 214
34 8 27 255 127 12
34 8 28 255 127 12
34 8 29 158 216 229
34 8 30 158 216 229
34 9 26 255 127 12
34 9 27 255 127 12
34 9 28 255 127 12
34 9 29 158 216 229
34 10 29 158 216 229
34 11 29 158 216 229
34 12 29 158 216 229
34 13 29 158 216 229
34 14 29 158 216 229
34 15 29 158 216 229
34 16 26 196 175 214
34 16 27 196 175 214
34 16 28 196 175 214
34 16 29 158 216 229
34 17 26 196 175 214
34 17 27 196 175 214
34 17 28 196 175 214
34 17 29 158 216 229
34 18 26 196 175 214
34 18 27 196 175 214
34 18 28 196 175 214
34 18 29 196 175 214
34 19 26 196 175 214
34 19 27 196 175 214
34 19 28 196 175 214
34 19 29 196 175 214
34 20 26 196 175 214
34 20 27 196 175 214
34 20 28 196 175 214
34 20 29 158 216 229
34 21 26 196 175 214
34 21 27 196 175 214
34 21 28 196 175 214
34 21 29 158 216 229
34 22 29 158 216 229
34 23 29 158 216 229
34 24 29 158 216 229
34 25 29 158 216 229
34 26 29 158 216 229
34 27 29 158 216 229
34 28 29 158 216 229
34 29 29 158 216 229
34 30 17 214 38 40
34 30 18 214 38 40
34 30 19 214 38 40
34 30 20 214 38 40
34 30 21 214 38 40
34 30 22 214 38 40
34 30 23 214 38 40
34 30 24 214 38 40
34 30 25 214 38 40
34 30 26 214 38 40
34 30 27 214 38 40
34 30 28 214 38 40
34 30 29 214 38 40
34 30 30 214 38 40
34 30 31 214 38 40
34 30 32 214 38 40
34 30 33 214 38 40
34 30 34 214 38 40
34 30 35 214 38 40
34 30 36 214 38 40
34 30 37 214 38 40
34 30 38 214 38 40
34 30 39 214 38 40
34 30 40 214 38 40
34 31 33 214 38 40
34 31 34 214 38 40
35 0 19 43 160 4
35 0 20 43 160 4
35 0 21 43 160 4
35 0 22 43 160 4
35 0 23 43 160 4
35 0 24 43 160 4
35 0 25 43 160 4
35 0 26 43 160 4
35 0 27 43 160 4
35 0 28 43 160 4
35 0 29 43 160 4
35 0 30 43 160 4
35 0 31 43 160 4
35 0 32 43 160 4
35 0 33 43 160 4
35 0 34 43 160 4
35 0 35 43 160 4
35 0 36 43 160 4
35 0 37 43 160 4
35 0 38 43 160 4
35 0 39 43 160 4
35 0 40 43 160 4
35 0 41 43 160 4
35 0 42 43 160 4
35 0 43 43 160 4
35 0 44 43 160 4
35 0 45 43 160 4
35 0 46 43 160 4
35 0 47 43 160 4
35 0 48 43 160 4
35 0 49 43 160 4
35 0 50 43 160 4
35 0 51 43 160 4
35 0 52 43 160 4
35 0 53 43 160 4
35 0 54 43 160 4
35 0 55 43 160 4
35 0 56 43 160 4
35 0 57 43 160 4
35 0 58 43 160 4
35 0 59 43 160 4
35 1 26 255 127 12
35 1 27 255 127 12
35 1 28 255 127 12
35 1 29 158 216 229
35 2 26 255 127 12
35 2 27 255 127 12
35 2 28 255 127 12
35 2 29 158 216 229
35 3 26 255 127 12
35 3 27 255 127 12
35 3 28 255 127 12
35 3 29 158 216 229
35 4 26 255 127 12
35 4 27 255 127 12
35 4 28 255 127 12
35 4 29 158 216 229
35 5 26 255 127 12
35 5 27 255 127 12
35 5 28 255 127 12
35 5 29 158 216 229
35 6 26 255 127 12
35 6 27 255 127 12
35 6 28 255 127 12
35 6 29 158 216 229
35 7 26 196 175 214
35 7 27 255 127 12
35 7 28 255 127 12
35 7 29 158 216 229
35 8 26 196 175 214
35 8 27 196 175 214
35 8 28 255 127 12
35 8 29 158 216 229
35 9 26 196 175 214
35 9 27 255 127 12
35 9 28 255 127 12
35 9 29 158 216 229
35 10 29 158 216 229
35 11 29 158 216 229
35 12 29 158 216 229
35 13 29 158 216 229
35 14 29 158 216 229
35 15 29 158 216 229
35 16 26 196 175 214
35 16 27 196 175 214
35 16 28 196 175 214
35 16 29 158 216 229
35 17 26 196 175 214
35 17 27 196 175 214
35 17 28 196 175 214
35 17 29 158 216 229
35 18 26 196 175 214
35 18 27 196 175 214
35 18 28 196 175 214
35 18 29 158 216 229
35 19 26 196 175 214
35 19 27 196 175 214
35 19 28 196 175 214
35 19 29 158 216 229
35 20 26 196 175 214
35 20 27 196 175 214
35 20 28 196 175 214
35 20 29 158 216 229
35 21 27 196 175 214
35 21 28 196 175 214
35 21 29 158 216 229
35 22 29 158 216 229
35 23 29 158 216 229
35 24 29 158 216 229
35 25 29 158 216 229
35 26 29 158 216 229
35 27 29 158 216 229
35 28 29 158 216 229
35 29 29 158 216 229
35 30 16 214 38 40
35 30 17 214 38 40
35 30 18 214 38 40
35 30 19 214 38 40
35 30 20 214 38 40
35 30 21 214 38 40
35 30 22 214 38 40
35 30 23 214 38 40
35 30 24 214 38 40
35 30 25 214 38 40
35 30 26 214 38 40
35 30 27 214 38 40
35 30 28 214 38 40
35 30 29 214 38 40
35 30 30 214 38 40
35 30 31 214 38 40
35 30 32 214 38 40
35 30 33 214 38 40
35 30 34 214 38 40
35 30 35 214 38 40
35 30 36 214 38 40
35 30 37 214 38 40
35 30 38 214 38 40
35 31 29 214 38 40
35 31 33 214 38 40
35 31 34 214 38 40
36 0 19 43 160 4
36 0 20 43 160 4
36 0 21 43 160 4
36 0 22 43 160 4
36 0 23 43 160 4
36 0 24 43 160 4
36 0 25 43 160 4
36 0 26 43 160 4
36 0 27 43 160 4
36 0 28 43 160 4
36 0 29 43 160 4
36 0 30 43 160 4
36 0 31 43 160 4
36 0 32 43 160 4
36 0 33 43 160 4
36 0 34 43 160 4
36 0 35 43 160 4
36 0 36 43 160 4
36 0 37 43 160 4
36 0 38 43 160 4
36 0 39 43 160 4
36 0 40 43 160 4
36 0 41 43 160 4
36 0 42 43 160 4
36 0 43 43 160 4
36 0 44 43 160 4
36 0 45 43 160 4
36 0 46 43 160 4
36 0 47 43 160 4
36 0 48 43 160 4
36 0 49 43 160 4
36 0 50 43 160 4
36 0 51 43 160 4
36 0 52 43 160 4
36 0 53 43 160 4
36 0 54 43 160 4
36 0 55 43 160 4
36 0 56 43 160 4
36 0 57 43 160 4
36 0 58 43 160 4
36 0 59 43 160 4
36 1 26 255 127 12
36 1 27 255 127 12
36 1 28 255 127 12
36 1 29 158 216 229
36 2 26 255 127 12
36 2 27 255 127 12
36 2 28 255 127 12
36 2 29 158 216 229
36 3 26 196 175 214
36 3 27 196 175 214
36 3 28 255 127 12
36 3 29 158 216 229
36 4 26 196 175 214
36 4 27 196 175 214
36 4 28 255 127 12
36 4 29 158 216 229
36 5 26 196 175 214
36 5 27 196 175 214
36 5 28 196 175 214
36 5 29 158 216 229
36 6 26 196 175 214
36 6 27 196 175 214
36 6 28 255 127 12
36 6 29 158 216 229
36 7 26 196 175 214
36 7 27 196 175 214
36 7 28 255 127 12
36 7 29 158 216 229
36 8 26 196 175 214
36 8 27 196 175 214
36 8 28 255 127 12
36 8 29 158 216 229
36 9 26 196 175 214
36 9 27 196 175 214
36 9 28 255 127 12
36 9 29 158 216 229
36 10 29 158 216 229
36 11 29 158 216 229
36 12 29 158 216 229
36 13 29 158 216 229
36 14 29 158 216 229
36 15 29 158 216 229
36 16 29 158 216 229
36 17 29 158 216 229
36 18 29 158 216 229
36 19 29 158 216 229
36 20 29 158 216 229
36 21 29 158 216 229
36 22 29 158 216 229
36 23 29 158 216 229
36 24 29 158 216 229
36 25 29 158 216 229
36 26 9 255 127 12
36 26 10 255 127 12
36 26 11 255 127 12
36 26 12 255 127 12
36 26 13 255 127 12
36 26 14 255 127 12
36 26 15 255 127 12
36 26 16 255 127 12
36 26 17 255 127 12
36 26 18 255 127 12
36 26 19 255 127 12
36 26 20 158 216 229
36 26 21 255 127 12
36 26 22 255 127 12
36 26 23 255 127 12
36 26 24 255 127 12
36 26 25 255 127 12
36 26 26 158 216 229
36 26 27 158 216 229
36 26 28 158 216 229
36 26 29 158 216 229
36 27 9 255 127 12
36 27 10 255 127 12
36 27 11 255 127 12
36 27 12 255 127 12
36 27 13 255 127 12
36 27 14 214 38 40
36 27 15 214 38 40
36 27 16 214 38 40
36 27 17 214 38 40
36 27 18 214 38 40
36 27 19 214 38 40
36 27 20 214 38 40
36 27 21 214 38 40
36 27 22 214 38 40
36 27 23 214 38 40
36 27 24 158 216 229
36 27 25 255 127 12
36 27 26 158 216 229
36 27 27 158 216 229
36 27 28 158 216 229
36 27 29 158 216 229
36 28 11 214 38 40
36 28 12 214 38 40
36 28 13 214 38 40
36 28 14 214 38 40
36 28 15 214 38 40
36 28 16 214 38 40
36 28 17 214 38 40
36 28 18 214 38 40
36 28 19 214 38 40
36 28 20 214 38 40
36 28 21 214 38 40
36 28 22 214 38 40
36 28 23 214 38 40
36 28 24 214 38 40
36 28 25 214 38 40
36 28 26 214 38 40
36 28 27 158 216 229
36 28 28 158 216 229
36 28 29 158 216 229
36 29 13 214 38 40
36 29 14 214 38 40
36 29 15 214 38 40
36 29 16 214 38 40
36 29 17 214 38 40
36 29 18 214 38 40
36 29 19 214 38 40
36 29 20 214 38 40
36 29 21 214 38 40
36 29 22 214 38 40
36 29 23 214 38 40
36 29 24 214 38 40
36 29 25 214 38 40
36 29 26 214 38 40
36 29 27 214 38 40
36 29 28 158 216 229
36 29 29 158 216 229
36 30 15 214 38 40
36 30 16 214 38 40
36 30 17 214 38 40
36 30 18 214 38 40
36 30 19 214 38 40
36 30 20 214 38 40
36 30 21 214 38 40
36 30 22 214 38 40
36 30 23 214 38 40
36 30 24 214 38 40
36 30 25 214 38 40
36 30 26 214 38 40
36 30 27 214 38 40
36 30 28 214 38 40
36 30 29 214 38 40
36 30 32 214 38 40
36 30 33 214 38 40
36 30 34 214 38 40
36 30 38 214 38 40
37 0 19 43 160 4
37 0 20 43 160 4
37 0 21 43 160 4
37 0 22 43 160 4
37 0 23 43 160 4
37 0 24 43 160 4
37 0 25 43 160 4
37 0 26 43 160 4
37 0 27 43 160 4
37 0 28 43 160 4
37 0 29 43 160 4
37 0 30 43 160 4
37 0 31 43 160 4
37 0 32 43 160 4
37 0 33 43 160 4
37 0 34 43 160 4
37 0 35 43 160 4
37 0 36 43 160 4
37 0 37 43 160 4
37 0 38 43 160 4
37 0 39 43 160 4
37 0 40 43 160 4
37 0 41 43 160 4
37 0 42 43 160 4
37 0 43 43 160 4
37 0 44 43 160 4
37 0 45 43 160 4
37 0 46 43 160 4
37 0 47 43 160 4
37 0 48 43 160 4
37 0 49 43 160 4
37 0 50 43 160 4
37 0 51 43 160 4
37 0 52 43 160 4
37 0 53 43 160 4
37 0 54 43 160 4
37 0 55 43 160 4
37 0 56 43 160 4
37 0 57 43 160 4
37 0 58 43 160 4
37 0 59 43 160 4
37 1 17 196 175 214
37 1 18 196 175 214
37 1 19 196 175 214
37 1 20 196 175 214
37 1 21 196 175 214
37 1 22 196 175 214
37 1 23 196 175 214
37 1 24 255 127 12
37 1 25 255 127 12
37 1 26 255 127 12
37 1 27 255 127 12
37 1 28 255 127 12
37 1 29 158 216 229
37 2 14 196 175 214
37 2 15 196 175 214
37 2 16 196 175 214
37 2 17 196 175 214
37 2 18 196 175 214
37 2 19 196 175 214
37 2 20 196 175 214
37 2 21 196 175 214
37 2 22 196 175 214
37 2 23 196 175 214
37 2 24 196 175 214
37 2 25 255 127 12
37 2 26 255 127 12
37 2 27 255 127 12
37 2 28 255 127 12
37 2 29 158 216 229
37 3 12 196 175 214
37 3 13 196 175 214
37 3 14 196 175 214
37 3 15 196 175 214
37 3 16 196 175 214
37 3 17 196 175 214
37 3 18 196 175 214
37 3 19 196 175 214
37 3 20 196 175 214
37 3 21 196 175 214
37 3 22 196 175 214
37 3 23 196 175 214
37 3 24 196 175 214
37 3 25 196 175 214
37 3 26 255 127 12
37 3 27 255 127 12
37 3 28 255 127 12
37 3 29 158 216 229
37 4 10 196 175 214
37 4 11 196 175 214
37 4 12 196 175 214
37 4 13 196 175 214
37 4 14 196 175 214
37 4 15 196 175 214
37 4 16 196 175 214
37 4 17 196 175 214
37 4 18 196 175 214
37 4 19 196 175 214
37 4 20 196 175 214
37 4 21 196 175 214
37 4 22 196 175 214
37 4 23 196 175 214
37 4 24 196 175 214
37 4 25 196 175 214
37 4 26 255 127 12
37 4 27 255 127 12
37 4 28 255 127 12
37 4 29 158 216 229
37 5 8 196 175 214
37 5 9 196 175 214
37 5 10 196 175 214
37 5 11 196 175 214
37 5 12 196 175 214
37 5 13 196 175 214
37 5 14 196 175 214
37 5 15 196 175 214
37 5 16 196 175 214
37 5 17 196 175 214
37 5 18 196 175 214
37 5 19 196 175 214
37 5 20 196 175 214
37 5 21 196 175 214
37 5 22 196 175 214
37 5 23 196 175 214
37 5 24 196 175 214
37 5 25 196 175 214
37 5 26 255 127 12
37 5 27 255 127 12
37 5 28 255 127 12
37 5 29 158 216 229
37 6 6 196 175 214
37 6 7 196 175 214
37 6 8 196 175 214
37 6 9 196 175 214
37 6 10 196 175 214
37 6 11 196 175 214
37 6 12 196 175 214
37 6 13 196 175 214
37 6 14 196 175 214
37 6 15 196 175 214
37 6 16 196 175 214
37 6 17 196 175 214
37 6 18 196 175 214
37 6 19 196 175 214
37 6 20 196 175 214
37 6 21 196 175 214
37 6 22 196 175 214
37 6 23 196 175 214
37 6 24 196 175 214
37 6 25 196 175 214
37 6 26 196 175 214
37 6 27 255 127 12
37 6 28 255 127 12
37 6 29 158 216 229
37 7 6 196 175 214
37 7 7 196 175 214
37 7 8 196 175 214
37 7 9 196 175 214
37 7 10 196 175 214
37 7 11 196 175 214
37 7 12 196 175 214
37 7 13 196 175 214
37 7 14 196 175 214
37 7 15 196 175 214
37 7 16 196 175 214
37 7 17 196 175 214
37 7 18 196 175 214
37 7 19 196 175 214
37 7 20 196 175 214
37 7 21 196 175 214
37 7 22 196 175 214
37 7 23 196 175 214
37 7 24 196 175 214
37 7 25 196 175 214
37 7 26 196 175 214
37 7 27 196 175 214
37 7 28 255 127 12
37 7 29 158 216 229
37 8 6 196 175 214
37 8 7 196 175 214
37 8 8 196 175 214
37 8 9 196 175 214
37 8 10 196 175 214
37 8 11 196 175 214
37 8 12 196 175 214
37 8 13 196 175 214
37 8 14 196 175 214
37 8 15 196 175 214
37 8 16 196 175 214
37 8 17 196 175 214
37 8 18 196 175 214
37 8 19 196 175 214
37 8 20 196 175 214
37 8 21 196 175 214
37 8 22 196 175 214
37 8 23 196 175 214
37 8 24 196 175 214
37 8 25 196 175 214
37 8 26 196 175 214
37 8 27 196 175 214
37 8 28 255 127 12
37 8 29 158 216 229
37 9 6 196 175 214
37 9 7 196 175 214
37 9 8 196 175 214
37 9 9 196 175 214
37 9 10 196 175 214
37 9 11 196 175 214
37 9 12 196 175 214
37 9 13 196 175 214
37 9 14 196 175 214
37 9 15 196 175 214
37 9 16 196 175 214
37 9 17 196 175 214
37 9 18 196 175 214
37 9 19 196 175 214
37 9 20 196 175 214
37 9 21 196 175 214
37 9 22 196 175 214
37 9 23 196 175 214
37 9 24 196 175 214
37 9 25 196 175 214
37 9 26 196 175 214
37 9 27 255 127 12
37 9 28 255 127 12
37 9 29 158 216 229
37 10 6 196 175 214
37 10 7 196 175 214
37 10 8 196 175 214
37 10 9 196 175 214
37 10 10 196 175 214
37 10 11 196 175 214
37 10 12 196 175 214
37 10 13 196 175 214
37 10 14 196 175 214
37 10 15 196 175 214
37 10 16 196 175 214
37 10 17 196 175 214
37 10 18 196 175 214
37 10 19 196 175 214
37 10 20 196 175 214
37 10 21 196 175 214
37 10 22 196 175 214
37 10 23 196 175 214
37 10 24 196 175 214
37 10 25 196 175 214
37 10 26 196 175 214
37 10 27 255 127 12
37 10 28 255 127 12
37 10 29 158 216 229
37 11 6 196 175 214
37 11 7 196 175 214
37 11 8 196 175 214
37 11 9 196 175 214
37 11 10 196 175 214
37 11 11 196 175 214
37 11 12 196 175 214
37 11 13 196 175 214
37 11 14 196 175 214
37 11 15 196 175 214
37 11 16 196 175 214
37 11 17 196 175 214
37 11 18 196 175 214
37 11 19 196 175 214
37 11 20 196 175 214
37 11 21 196 175 214
37 11 22 196 175 214
37 11 23 196 175 214
37 11 24 196 175 214
37 11 25 196 175 214
37 11 26 196 175 214
37 11 27 255 127 12
37 11 28 158 216 229
37 11 29 158 216 229
37 12 6 196 175 214
37 12 7 196 175 214
37 12 8 196 175 214
37 12 9 196 175 214
37 12 10 196 175 214
37 12 29 158 216 229
37 13 6 196 175 214
37 13 7 196 175 214
37 13 8 196 175 214
37 13 9 196 175 214
37 13 10 196 175 214
37 13 29 158 216 229
37 14 6 196 175 214
37 14 7 196 175 214
37 14 8 196 175 214
37 14 9 196 175 214
37 14 10 255 127 12
37 14 29 158 216 229
37 15 6 196 175 214
37 15 7 196 175 214
37 15 8 196 175 214
37 15 9 196 175 214
37 15 10 196 175 214
37 15 29 158 216 229
37 16 6 196 175 214
37 16 7 196 175 214
37 16 8 196 175 214
37 16 9 196 175 214
37 16 10 196 175 214
37 16 29 158 216 229
37 17 6 196 175 214
37 17 7 196 175 214
37 17 8 196 175 214
37 17 9 196 175 214
37 17 10 196 175 214
37 17 29 158 216 229
37 18 6 196 175 214
37 18 7 196 175 214
37 18 8 196 175 214
37 18 9 196 175 214
37 18 10 196 175 214
37 18 29 158 216 229
37 19 6 196 175 214
37 19 7 196 175 214
37 19 8 196 175 214
37 19 9 196 175 214
37 19 10 196 175 214
37 19 29 158 216 229
37 20 6 196 175 214
37 20 7 196 175 214
37 20 8 196 175 214
37 20 9 196 175 214
37 20 10 196 175 214
37 20 29 158 216 229
37 21 7 255 127 12
37 21 8 255 127 12
37 21 9 255 127 12
37 21 29 158 216 229
37 22 29 158 216 229
37 23 29 158 216 229
37 24 29 158 216 229
37 25 29 158 216 229
37 26 9 255 127 12
37 26 10 255 127 12
37 26 11 255 127 12
37 26 12 255 127 12
37 26 13 255 127 12
37 26 14 255 127 12
37 26 15 255 127 12
37 26 16 255 127 12
37 26 17 255 127 12
37 26 18 255 127 12
37 26 19 255 127 12
37 26 20 255 127 12
37 26 21 255 127 12
37 26 22 255 127 12
37 26 23 255 127 12
37 26 24 255 127 12
37 26 25 255 127 12
37 26 26 255 127 12
37 26 27 158 216 229
37 26 28 158 216 229
37 26 29 158 216 229
37 27 9 255 127 12
37 27 10 255 127 12
37 27 11 255 127 12
37 27 12 255 127 12
37 27 13 255 127 12
37 27 14 255 127 12
37 27 15 214 38 40
37 27 16 214 38 40
37 27 17 214 38 40
37 27 18 214 38 40
37 27 19 214 38 40
37 27 20 214 38 40
37 27 21 214 38 40
37 27 22 214 38 40
37 27 23 214 38 40
37 27 24 214 38 40
37 27 25 214 38 40
37 27 26 214 38 40
37 27 27 158 216 229
37 27 28 158 216 229
37 27 29 158 216 229
37 29 24 214 38 40
37 29 25 214 38 40
37 29 26 214 38 40
37 29 27 214 38 40
37 29 28 214 38 40
37 30 23 214 38 40
37 30 24 214 38 40
37 30 25 214 38 40
37 30 26 214 38 40
37 30 27 214 38 40
37 30 28 214 38 40
37 30 29 214 38 40
37 30 32 214 38 40
37 30 33 214 38 40
37 30 37 214 38 40
38 0 18 43 160 4
38 0 19 43 160 4
38 0 20 43 160 4
38 0 21 43 160 4
38 0 22 43 160 4
38 0 23 43 160 4
38 0 24 43 160 4
38 0 25 43 160 4
38 0 26 43 160 4
38 0 27 43 160 4
38 0 28 43 160 4
38 0 29 43 160 4
38 0 30 43 160 4
38 0 31 43 160 4
38 0 32 43 160 4
38 0 33 43 160 4
38 0 34 43 160 4
38 0 35 43 160 4
38 0 36 43 160 4
38 0 37 43 160 4
38 0 38 43 160 4
38 0 39 43 160 4
38 0 40 43 160 4
38 0 41 43 160 4
38 0 42 43 160 4
38 0 43 43 160 4
38 0 44 43 160 4
38 0 45 43 160 4
38 0 46 43 160 4
38 0 47 43 160 4
38 0 48 43 160 4
38 0 49 43 160 4
38 0 50 43 160 4
38 0 51 43 160 4
38 0 52 43 160 4
38 0 53 43 160 4
38 0 54 43 160 4
38 0 55 43 160 4
38 0 56 43 160 4
38 0 57 43 160 4
38 0 58 43 160 4
38 0 59 43 160 4
38 1 16 196 175 214
38 1 17 196 175 214
38 1 18 196 175 214
38 1 19 196 175 214
38 1 20 196 175 214
38 1 21 196 175 214
38 1 22 196 175 214
38 1 23 196 175 214
38 1 24 196 175 214
38 1 25 255 127 12
38 1 26 255 127 12
38 1 27 255 127 12
38 1 28 255 127 12
38 1 29 158 216 229
38 2 14 196 175 214
38 2 15 196 175 214
38 2 16 196 175 214
38 2 17 196 175 214
38 2 18 196 175 214
38 2 19 196 175 214
38 2 20 196 175 214
38 2 21 196 175 214
38 2 22 196 175 214
38 2 23 196 175 214
38 2 24 196 175 214
38 2 25 255 127 12
38 2 26 255 127 12
38 2 27 255 127 12
38 2 28 255 127 12
38 2 29 158 216 229
38 3 12 196 175 214
38 3 13 196 175 214
38 3 14 196 175 214
38 3 15 196 175 214
38 3 16 196 175 214
38 3 17 196 175 214
38 3 18 196 175 214
38 3 19 196 175 214
38 3 20 196 175 214
38 3 21 196 175 214
38 3 22 196 175 214
38 3 23 196 175 214
38 3 24 255 127 12
38 3 25 255 127 12
38 3 26 255 127 12
38 3 27 255 127 12
38 3 28 255 127 12
38 3 29 158 216 229
38 4 9 196 175 214
38 4 10 196 175 214
38 4 11 196 175 214
38 4 12 196 175 214
38 4 13 196 175 214
38 4 14 196 175 214
38 4 15 196 175 214
38 4 16 196 175 214
38 4 17 196 175 214
38 4 18 196 175 214
38 4 19 196 175 214
38 4 20 196 175 214
38 4 21 196 175 214
38 4 22 196 175 214
38 4 23 196 175 214
38 4 24 255 127 12
38 4 25 255 127 12
38 4 26 255 127 12
38 4 27 255 127 12
38 4 28 255 127 12
38 4 29 158 216 229
38 5 7 196 175 214
38 5 8 196 175 214
38 5 9 196 175 214
38 5 10 196 175 214
38 5 11 196 175 214
38 5 12 196 175 214
38 5 13 196 175 214
38 5 14 196 175 214
38 5 15 196 175 214
38 5 16 196 175 214
38 5 17 196 175 214
38 5 18 196 175 214
38 5 19 196 175 214
38 5 20 196 175 214
38 5 21 196 175 214
38 5 22 196 175 214
38 5 23 196 175 214
38 5 24 196 175 214
38 5 25 196 175 214
38 5 26 255 127 12
38 5 27 255 127 12
38 5 28 255 127 12
38 5 29 158 216 229
38 6 6 196 175 214
38 6 7 196 175 214
38 6 8 196 175 214
38 6 9 196 175 214
38 6 10 196 175 214
38 6 11 196 175 214
38 6 12 196 175 214
38 6 13 196 175 214
38 6 14 196 175 214
38 6 15 196 175 214
38 6 16 196 175 214
38 6 17 196 175 214
38 6 18 196 175 214
38 6 19 196 175 214
38 6 20 196 175 214
38 6 21 196 175 214
38 6 22 196 175 214
38 6 23 196 175 214
38 6 24 196 175 214
38 6 25 196 175 214
38 6 26 255 127 12
38 6 27 255 127 12
38 6 28 255 127 12
38 6 29 158 216 229
38 7 6 196 175 214
38 7 7 196 175 214
38 7 8 196 175 214
38 7 9 196 175 214
38 7 10 196 175 214
38 7 11 196 175 214
38 7 12 196 175 214
38 7 13 196 175 214
38 7 14 196 175 214
38 7 15 196 175 214
38 7 16 196 175 214
38 7 17 196 175 214
38 7 18 196 175 214
38 7 19 196 175 214
38 7 20 196 175 214
38 7 21 196 175 214
38 7 22 196 175 214
38 7 23 196 175 214
38 7 24 196 175 214
38 7 25 196 175 214
38 7 26 196 175 214
38 7 27 255 127 12
38 7 28 255 127 12
38 7 29 158 216 229
38 8 6 196 175 214
38 8 7 196 175 214
38 8 8 196 175 214
38 8 9 196 175 214
38 8 10 196 175 214
38 8 11 196 175 214
38 8 12 196 175 214
38 8 13 196 175 214
38 8 14 196 175 214
38 8 15 196 175 214
38 8 16 196 175 214
38 8 17 196 175 214
38 8 18 196 175 214
38 8 19 196 175 214
38 8 20 196 175 214
38 8 21 196 175 214
38 8 22 196 175 214
38 8 23 196 175 214
38 8 24 196 175 214
38 8 25 196 175 214
38 8 26 196 175 214
38 8 27 255 127 12
38 8 28 255 127 12
38 8 29 158 216 229
38 9 6 196 175 214
38 9 7 196 175 214
38 9 8 196 175 214
38 9 9 196 175 214
38 9 10 196 175 214
38 9 11 196 175 214
38 9 12 196 175 214
38 9 13 196 175 214
38 9 14 196 175 214
38 9 15 196 175 214
38 9 16 196 175 214
38 9 17 196 175 214
38 9 18 196 175 214
38 9 19 196 175 214
38 9 20 196 175 214
38 9 21 196 175 214
38 9 22 196 175 214
38 9 23 196 175 214
38 9 24 196 175 214
38 9 25 196 175 214
38 9 26 196 175 214
38 9 27 255 127 12
38 9 28 255 127 12
38 9 29 158 216 229
38 10 6 196 175 214
38 10 7 196 175 214
38 10 8 196 175 214
38 10 9 196 175 214
38 10 10 196 175 214
38 10 11 196 175 214
38 10 12 196 175 214
38 10 13 196 175 214
38 10 14 196 175 214
38 10 15 196 175 214
38 10 16 196 175 214
38 10 17 196 175 214
38 10 18 196 175 214
38 10 19 196 175 214
38 10 20 196 175 214
38 10 21 196 175 214
38 10 22 196 175 214
38 10 23 196 175 214
38 10 24 196 175 214
38 10 25 196 175 214
38 10 26 196 175 214
38 10 27 255 127 12
38 10 28 255 127 12
38 10 29 158 216 229
38 11 6 196 175 214
38 11 7 196 175 214
38 11 8 196 175 214
38 11 9 196 175 214
38 11 10 196 175 214
38 11 11 196 175 214
38 11 12 196 175 214
38 11 13 196 175 214
38 11 14 196 175 214
38 11 15 196 175 214
38 11 16 196 175 214
38 11 17 196 175 214
38 11 18 196 175 214
38 11 19 196 175 214
38 11 20 196 175 214
38 11 21 196 175 214
38 11 22 196 175 214
38 11 23 196 175 214
38 11 24 255 127 12
38 11 25 196 175 214
38 11 26 255 127 12
38 11 27 255 127 12
38 11 28 158 216 229
38 11 29 158 216 229
38 12 6 196 175 214
38 12 7 196 175 214
38 12 8 196 175 214
38 12 9 196 175 214
38 12 10 196 175 214
38 12 29 158 216 229
38 13 6 196 175 214
38 13 7 196 175 214
38 13 8 196 175 214
38 13 9 196 175 214
38 13 10 196 175 214
38 13 29 158 216 229
38 14 6 255 127 12
38 14 7 255 127 12
38 14 8 255 127 12
38 14 9 255 127 12
38 14 10 255 127 12
38 14 29 158 216 229
38 15 6 196 175 214
38 15 7 196 175 214
38 15 8 196 175 214
38 15 9 196 175 214
38 15 10 255 127 12
38 15 29 158 216 229
38 16 7 196 175 214
38 16 8 196 175 214
38 16 9 196 175 214
38 16 10 196 175 214
38 16 29 158 216 229
38 17 7 196 175 214
38 17 8 196 175 214
38 17 9 196 175 214
38 17 10 255 127 12
38 17 29 158 216 229
38 18 7 255 127 12
38 18 8 196 175 214
38 18 9 255 127 12
38 18 10 255 127 12
38 18 29 158 216 229
38 19 7 255 127 12
38 19 8 255 127 12
38 19 9 255 127 12
38 19 10 255 127 12
38 19 29 158 216 229
38 20 7 255 127 12
38 20 8 196 175 214
38 20 9 255 127 12
38 20 10 255 127 12
38 20 29 158 216 229
38 21 7 255 127 12
38 21 8 255 127 12
38 21 9 255 127 12
38 21 10 255 127 12
38 21 29 158 216 229
38 22 29 158 216 229
38 23 29 158 216 229
38 24 29 158 216 229
38 25 29 158 216 229
38 26 9 255 127 12
38 26 10 255 127 12
38 26 11 255 127 12
38 26 12 255 127 12
38 26 13 255 127 12
38 26 14 255 127 12
38 26 15 255 127 12
38 26 16 255 127 12
38 26 17 255 127 12
38 26 18 255 127 12
38 26 19 255 127 12
38 26 20 255 127 12
38 26 21 255 127 12
38 26 22 255 127 12
38 26 23 255 127 12
38 26 24 255 127 12
38 26 25 255 127 12
38 26 26 255 127 12
38 26 27 158 216 229
38 26 28 158 216 229
38 26 29 158 216 229
38 27 9 255 127 12
38 27 10 255 127 12
38 27 11 255 127 12
38 27 12 255 127 12
38 27 13 255 127 12
38 27 14 255 127 12
38 27 15 255 127 12
38 27 16 214 38 40
38 27 17 214 38 40
38 27 18 214 38 40
38 27 19 214 38 40
38 27 20 214 38 40
38 27 21 214 38 40
38 27 22 214 38 40
38 27 23 214 38 40
38 27 24 214 38 40
38 27 25 214 38 40
38 27 26 214 38 40
38 27 27 214 38 40
38 27 28 158 216 229
38 27 29 158 216 229
38 28 28 158 216 229
38 29 15 214 38 40
38 29 16 214 38 40
38 29 17 214 38 40
38 29 18 214 38 40
38 29 19 214 38 40
38 29 20 214 38 40
38 29 21 214 38 40
38 29 22 214 38 40
38 29 23 214 38 40
38 29 26 214 38 40
38 30 27 214 38 40
38 30 28 214 38 40
38 30 36 214 38 40
38 30 37 214 38 40
39 0 18 196 175 214
39 0 19 196 175 214
39 0 20 43 160 4
39 0 21 43 160 4
39 0 22 43 160 4
39 0 23 43 160 4
39 0 24 43 160 4
39 0 25 43 160 4
39 0 26 43 160 4
39 0 27 43 160 4
39 0 28 43 160 4
39 0 29 43 160 4
39 0 30 43 160 4
39 0 31 43 160 4
39 0 32 43 160 4
39 0 33 43 160 4
39 0 34 43 160 4
39 0 35 43 160 4
39 0 36 43 160 4
39 0 37 43 160 4
39 0 38 43 160 4
39 0 39 43 160 4
39 0 40 43 160 4
39 0 41 43 160 4
39 0 42 43 160 4
39 0 43 43 160 4
39 0 44 43 160 4
39 0 45 43 160 4
39 0 46 43 160 4
39 0 47 43 160 4
39 0 48 43 160 4
39 0 49 43 160 4
39 0 50 43 160 4
39 0 51 43 160 4
39 0 52 43 160 4
39 0 53 43 160 4
39 0 54 43 160 4
39 0 55 43 160 4
39 0 56 43 160 4
39 0 57 43 160 4
39 0 58 43 160 4
39 0 59 43 160 4
39 1 16 196 175 214
39 1 17 196 175 214
39 1 18 196 175 214
39 1 19 196 175 214
39 1 20 196 175 214
39 1 21 196 175 214
39 1 22 196 175 214
39 1 23 196 175 214
39 1 24 196 175 214
39 1 25 196 175 214
39 1 26 255 127 12
39 1 27 255 127 12
39 1 28 255 127 12
39 1 29 158 216 229
39 2 14 196 175 214
39 2 15 196 175 214
39 2 16 196 175 214
39 2 17 196 175 214
39 2 18 196 175 214
39 2 19 196 175 214
39 2 20 196 175 214
39 2 21 196 175 214
39 2 22 196 175 214
39 2 23 196 175 214
39 2 24 196 175 214
39 2 25 196 175 214
39 2 26 255 127 12
39 2 27 255 127 12
39 2 28 255 127 12
39 2 29 158 216 229
39 3 11 196 175 214
39 3 12 196 175 214
39 3 13 196 175 214
39 3 14 196 175 214
39 3 15 196 175 214
39 3 16 196 175 214
39 3 17 196 175 214
39 3 18 196 175 214
39 3 19 196 175 214
39 3 20 196 175 214
39 3 21 196 175 214
39 3 22 196 175 214
39 3 23 196 175 214
39 3 24 196 175 214
39 3 25 196 175 214
39 3 26 255 127 12
39 3 27 255 127 12
39 3 28 255 127 12
39 3 29 158 216 229
39 4 9 196 175 214
39 4 10 196 175 214
39 4 11 196 175 214
39 4 12 196 175 214
39 4 13 196 175 214
39 4 14 196 175 214
39 4 15 196 175 214
39 4 16 196 175 214
39 4 17 196 175 214
39 4 18 196 175 214
39 4 19 196 175 214
39 4 20 196 175 214
39 4 21 196 175 214
39 4 22 196 175 214
39 4 23 196 175 214
39 4 24 196 175 214
39 4 25 255 127 12
39 4 26 255 127 12
39 4 27 255 127 12
39 4 28 255 127 12
39 4 29 158 216 229
39 5 7 196 175 214
39 5 8 196 175 214
39 5 9 196 175 214
39 5 10 196 175 214
39 5 11 196 175 214
39 5 12 196 175 214
39 5 13 196 175 214
39 5 14 196 175 214
39 5 15 196 175 214
39 5 16 196 175 214
39 5 17 196 175 214
39 5 18 196 175 214
39 5 19 196 175 214
39 5 20 196 175 214
39 5 21 196 175 214
39 5 22 196 175 214
39 5 23 196 175 214
39 5 24 196 175 214
39 5 25 196 175 214
39 5 26 255 127 12
39 5 27 255 127 12
39 5 28 255 127 12
39 5 29 255 127 12
39 6 7 196 175 214
39 6 8 196 175 214
39 6 9 196 175 214
39 6 10 196 175 214
39 6 11 196 175 214
39 6 12 196 175 214
39 6 13 196 175 214
39 6 14 196 175 214
39 6 15 196 175 214
39 6 16 196 175 214
39 6 17 196 175 214
39 6 18 196 175 214
39 6 19 196 175 214
39 6 20 196 175 214
39 6 21 196 175 214
39 6 22 196 175 214
39 6 23 196 175 214
39 6 24 196 175 214
39 6 25 196 175 214
39 6 26 196 175 214
39 6 27 255 127 12
39 6 28 255 127 12
39 6 29 158 216 229
39 7 7 196 175 214
39 7 8 196 175 214
39 7 9 196 175 214
39 7 10 196 175 214
39 7 11 196 175 214
39 7 12 196 175 214
39 7 13 196 175 214
39 7 14 196 175 214
39 7 15 196 175 214
39 7 16 196 175 214
39 7 17 196 175 214
39 7 18 196 175 214
39 7 19 196 175 214
39 7 20 196 175 214
39 7 21 196 175 214
39 7 22 196 175 214
39 7 23 196 175 214
39 7 24 196 175 214
39 7 25 196 175 214
39 7 26 196 175 214
39 7 27 255 127 12
39 7 28 255 127 12
39 7 29 255 127 12
39 8 7 196 175 214
39 8 8 196 175 214
39 8 9 196 175 214
39 8 10 196 175 214
39 8 11 196 175 214
39 8 12 196 175 214
39 8 13 196 175 214
39 8 14 196 175 214
39 8 15 196 175 214
39 8 16 196 175 214
39 8 17 196 175 214
39 8 18 196 175 214
39 8 19 196 175 214
39 8 20 196 175 214
39 8 21 196 175 214
39 8 22 196 175 214
39 8 23 196 175 214
39 8 24 196 175 214
39 8 25 196 175 214
39 8 26 196 175 214
39 8 27 196 175 214
39 8 28 255 127 12
39 8 29 255 127 12
39 9 7 196 175 214
39 9 8 196 175 214
39 9 9 196 175 214
39 9 10 196 175 214
39 9 11 196 175 214
39 9 12 196 175 214
39 9 13 196 175 214
39 9 14 196 175 214
39 9 15 196 175 214
39 9 16 196 175 214
39 9 17 196 175 214
39 9 18 196 175 214
39 9 19 196 175 214
39 9 20 196 175 214
39 9 21 196 175 214
39 9 22 196 175 214
39 9 23 196 175 214
39 9 24 196 175 214
39 9 25 196 175 214
39 9 26 196 175 214
39 9 27 255 127 12
39 9 28 255 127 12
39 9 29 158 216 229
39 10 7 196 175 214
39 10 8 196 175 214
39 10 9 196 175 214
39 10 10 196 175 214
39 10 11 196 175 214
39 10 12 196 175 214
39 10 13 196 175 214
39 10 14 196 175 214
39 10 15 196 175 214
39 10 16 196 175 214
39 10 17 196 175 214
39 10 18 196 175 214
39 10 19 196 175 214
39 10 20 196 175 214
39 10 21 196 175 214
39 10 22 196 175 214
39 10 23 196 175 214
39 10 24 196 175 214
39 10 25 196 175 214
39 10 26 196 175 214
39 10 27 255 127 12
39 10 28 255 127 12
39 10 29 158 216 229
39 11 7 196 175 214
39 11 8 196 175 214
39 11 9 196 175 214
39 11 10 196 175 214
39 11 11 196 175 214
39 11 12 196 175 214
39 11 13 196 175 214
39 11 14 196 175 214
39 11 15 196 175 214
39 11 16 196 175 214
39 11 17 196 175 214
39 11 18 196 175 214
39 11 19 196 175 214
39 11 20 196 175 214
39 11 21 196 175 214
39 11 22 196 175 214
39 11 23 196 175 214
39 11 24 196 175 214
39 11 25 196 175 214
39 11 26 196 175 214
39 11 27 255 127 12
39 11 28 255 127 12
39 11 29 158 216 229
39 12 7 196 175 214
39 12 8 196 175 214
39 12 9 196 175 214
39 12 10 196 175 214
39 12 29 158 216 229
39 13 7 196 175 214
39 13 8 196 175 214
39 13 9 196 175 214
39 13 10 196 175 214
39 13 29 158 216 229
39 14 7 196 175 214
39 14 8 196 175 214
39 14 9 255 127 12
39 14 10 255 127 12
39 14 29 158 216 229
39 15 7 196 175 214
39 15 8 196 175 214
39 15 9 196 175 214
39 15 10 196 175 214
39 15 29 158 216 229
39 16 7 196 175 214
39 16 8 196 175 214
39 16 9 196 175 214
39 16 10 196 175 214
39 16 29 158 216 229
39 17 8 196 175 214
39 17 9 255 127 12
39 17 10 255 127 12
39 17 29 158 216 229
39 18 8 255 127 12
39 18 9 255 127 12
39 18 10 255 127 12
39 18 29 158 216 229
39 19 8 255 127 12
39 19 9 255 127 12
39 19 10 255 127 12
39 19 29 158 216 229
39 20 8 196 175 214
39 20 9 255 127 12
39 20 10 255 127 12
39 20 29 158 216 229
39 21 8 255 127 12
39 21 9 255 127 12
39 21 10 255 127 12
39 21 29 158 216 229
39 22 29 158 216 229
39 23 29 158 216 229
39 24 29 158 216 229
39 25 29 158 216 229
39 26 9 255 127 12
39 26 10 255 127 12
39 26 11 255 127 12
39 26 12 255 127 12
39 26 13 255 127 12
39 26 14 255 127 12
39 26 15 255 127 12
39 26 16 255 127 12
39 26 17 255 127 12
39 26 18 255 127 12
39 26 19 255 127 12
39 26 20 255 127 12
39 26 21 255 127 12
39 26 22 255 127 12
39 26 23 255 127 12
39 26 24 255 127 12
39 26 25 255 127 12
39 26 26 255 127 12
39 26 27 255 127 12
39 26 28 158 216 229
39 26 29 158 216 229
39 27 9 255 127 12
39 27 10 255 127 12
39 27 11 255 127 12
39 27 12 255 127 12
39 27 13 255 127 12
39 27 14 255 127 12
39 27 15 255 127 12
39 27 16 255 127 12
39 27 17 255 127 12
39 27 18 255 127 12
39 27 19 255 127 12
39 27 20 255 127 12
39 27 21 255 127 12
39 27 22 255 127 12
39 27 23 255 127 12
39 27 24 255 127 12
39 27 25 255 127 12
39 27 26 255 127 12
39 27 27 255 127 12
39 27 28 158 216 229
39 27 29 158 216 229
39 28 28 158 216 229
39 29 14 214 38 40
39 29 15 214 38 40
39 29 19 214 38 40
39 29 20 214 38 40
39 29 21 214 38 40
39 29 22 214 38 40
39 29 23 214 38 40
39 29 25 214 38 40
39 29 26 214 38 40
39 29 27 214 38 40
39 29 28 214 38 40
39 30 26 214 38 40
39 30 27 214 38 40
39 30 28 214 38 40
40 0 18 196 175 214
40 0 19 196 175 214
40 0 20 196 175 214
40 0 21 196 175 214
40 0 22 43 160 4
40 0 23 43 160 4
40 0 24 43 160 4
40 0 25 43 160 4
40 0 26 43 160 4
40 0 27 43 160 4
40 0 28 43 160 4
40 0 29 43 160 4
40 0 30 43 160 4
40 0 31 43 160 4
40 0 32 43 160 4
40 0 33 43 160 4
40 0 34 43 160 4
40 0 35 43 160 4
40 0 36 43 160 4
40 0 37 43 160 4
40 0 38 43 160 4
40 0 39 43 160 4
40 0 40 43 160 4
40 0 41 43 160 4
40 0 42 43 160 4
40 0 43 43 160 4
40 0 44 43 160 4
40 0 45 43 160 4
40 0 46 43 160 4
40 0 47 43 160 4
40 0 48 43 160 4
40 0 49 43 160 4
40 0 50 43 160 4
40 0 51 43 160 4
40 0 52 43 160 4
40 0 53 43 160 4
40 0 54 43 160 4
40 0 55 43 160 4
40 0 56 43 160 4
40 0 57 43 160 4
40 0 58 43 160 4
40 0 59 43 160 4
40 1 16 196 175 214
40 1 17 196 175 214
40 1 18 196 175 214
40 1 19 196 175 214
40 1 20 196 175 214
40 1 21 196 175 214
40 1 22 196 175 214
40 1 23 196 175 214
40 1 24 196 175 214
40 1 25 196 175 214
40 1 26 196 175 214
40 1 27 196 175 214
40 1 28 196 175 214
40 1 29 158 216 229
40 2 14 196 175 214
40 2 15 196 175 214
40 2 16 196 175 214
40 2 17 196 175 214
40 2 18 196 175 214
40 2 19 196 175 214
40 2 20 196 175 214
40 2 21 196 175 214
40 2 22 196 175 214
40 2 23 196 175 214
40 2 24 196 175 214
40 2 25 196 175 214
40 2 26 196 175 214
40 2 27 196 175 214
40 2 28 196 175 214
40 2 29 158 216 229
40 3 11 196 175 214
40 3 12 196 175 214
40 3 13 196 175 214
40 3 14 196 175 214
40 3 15 196 175 214
40 3 16 196 175 214
40 3 17 196 175 214
40 3 18 196 175 214
40 3 19 196 175 214
40 3 20 196 175 214
40 3 21 196 175 214
40 3 22 196 175 214
40 3 23 196 175 214
40 3 24 196 175 214
40 3 25 196 175 214
40 3 26 196 175 214
40 3 27 196 175 214
40 3 28 255 127 12
40 3 29 158 216 229
40 4 9 196 175 214
40 4 10 196 175 214
40 4 11 196 175 214
40 4 12 196 175 214
40 4 13 196 175 214
40 4 14 196 175 214
40 4 15 196 175 214
40 4 16 196 175 214
40 4 17 196 175 214
40 4 18 196 175 214
40 4 19 196 175 214
40 4 20 196 175 214
40 4 21 196 175 214
40 4 22 196 175 214
40 4 23 196 175 214
40 4 24 196 175 214
40 4 25 196 175 214
40 4 26 196 175 214
40 4 27 255 127 12
40 4 28 255 127 12
40 4 29 158 216 229
40 5 8 196 175 214
40 5 9 196 175 214
40 5 10 196 175 214
40 5 11 196 175 214
40 5 12 196 175 214
40 5 13 196 175 214
40 5 14 196 175 214
40 5 15 196 175 214
40 5 16 196 175 214
40 5 17 196 175 214
40 5 18 196 175 214
40 5 19 196 175 214
40 5 20 196 175 214
40 5 21 196 175 214
40 5 22 196 175 214
40 5 23 196 175 214
40 5 24 196 175 214
40 5 25 196 175 214
40 5 26 196 175 214
40 5 27 255 127 12
40 5 28 255 127 12
40 5 29 158 216 229
40 6 8 196 175 214
40 6 9 196 175 214
40 6 10 196 175 214
40 6 11 196 175 214
40 6 12 196 175 214
40 6 13 196 175 214
40 6 14 196 175 214
40 6 15 196 175 214
40 6 16 196 175 214
40 6 17 196 175 214
40 6 18 196 175 214
40 6 19 196 175 214
40 6 20 196 175 214
40 6 21 196 175 214
40 6 22 196 175 214
40 6 23 196 175 214
40 6 24 196 175 214
40 6 25 196 175 214
40 6 26 196 175 214
40 6 27 255 127 12
40 6 28 255 127 12
40 6 29 255 127 12
40 7 8 196 175 214
40 7 9 196 175 214
40 7 10 196 175 214
40 7 11 196 175 214
40 7 12 196 175 214
40 7 13 196 175 214
40 7 14 196 175 214
40 7 15 196 175 214
40 7 16 196 175 214
40 7 17 196 175 214
40 7 18 196 175 214
40 7 19 196 175 214
40 7 20 196 175 214
40 7 21 196 175 214
40 7 22 196 175 214
40 7 23 196 175 214
40 7 24 196 175 214
40 7 25 196 175 214
40 7 26 196 175 214
40 7 27 196 175 214
40 7 28 255 127 12
40 7 29 255 127 12
40 8 8 196 175 214
40 8 9 196 175 214
40 8 10 196 175 214
40 8 11 196 175 214
40 8 12 196 175 214
40 8 13 196 175 214
40 8 14 196 175 214
40 8 15 196 175 214
40 8 16 196 175 214
40 8 17 196 175 214
40 8 18 196 175 214
40 8 19 196 175 214
40 8 20 196 175 214
40 8 21 196 175 214
40 8 22 196 175 214
40 8 23 196 175 214
40 8 24 196 175 214
40 8 25 196 175 214
40 8 26 196 175 214
40 8 27 196 175 214
40 8 28 255 127 12
40 8 29 255 127 12
40 9 8 196 175 214
40 9 9 196 175 214
40 9 10 196 175 214
40 9 11 196 175 214
40 9 12 196 175 214
40 9 13 196 175 214
40 9 14 196 175 214
40 9 15 196 175 214
40 9 16 196 175 214
40 9 17 196 175 214
40 9 18 196 175 214
40 9 19 196 175 214
40 9 20 196 175 214
40 9 21 196 175 214
40 9 22 196 175 214
40 9 23 196 175 214
40 9 24 196 175 214
40 9 25 196 175 214
40 9 26 196 175 214
40 9 27 196 175 214
40 9 28 255 127 12
40 9 29 255 127 12
40 10 8 196 175 214
40 10 9 196 175 214
40 10 10 196 175 214
40 10 11 196 175 214
40 10 12 196 175 214
40 10 13 196 175 214
40 10 14 196 175 214
40 10 15 196 175 214
40 10 16 196 175 214
40 10 17 196 175 214
40 10 18 196 175 214
40 10 19 196 175 214
40 10 20 196 175 214
40 10 21 196 175 214
40 10 22 196 175 214
40 10 23 196 175 214
40 10 24 196 175 214
40 10 25 196 175 214
40 10 26 196 175 214
40 10 27 196 175 214
40 10 28 255 127 12
40 10 29 255 127 12
40 11 8 196 175 214
40 11 9 196 175 214
40 11 10 196 175 214
40 11 11 196 175 214
40 11 12 196 175 214
40 11 13 196 175 214
40 11 14 196 175 214
40 11 15 196 175 214
40 11 16 196 175 214
40 11 17 196 175 214
40 11 18 196 175 214
40 11 19 196 175 214
40 11 20 196 175 214
40 11 21 196 175 214
40 11 22 196 175 214
40 11 23 196 175 214
40 11 24 196 175 214
40 11 25 196 175 214
40 11 26 196 175 214
40 11 27 196 175 214
40 11 28 255 127 12
40 11 29 158 216 229
40 12 8 196 175 214
40 12 9 196 175 214
40 12 10 196 175 214
40 12 11 196 175 214
40 12 29 158 216 229
40 13 8 196 175 214
40 13 9 196 175 214
40 13 10 196 175 214
40 13 11 196 175 214
40 13 29 158 216 229
40 14 8 196 175 214
40 14 9 196 175 214
40 14 10 255 127 12
40 14 11 255 127 12
40 14 29 158 216 229
40 15 8 196 175 214
40 15 9 196 175 214
40 15 10 255 127 12
40 15 29 158 216 229
40 16 8 196 175 214
40 16 9 255 127 12
40 16 10 255 127 12
40 16 29 158 216 229
40 17 8 255 127 12
40 17 9 255 127 12
40 17 10 255 127 12
40 17 11 255 127 12
40 17 23 196 175 214
40 17 24 196 175 214
40 17 25 196 175 214
40 17 26 196 175 214
40 17 27 255 127 12
40 17 28 158 216 229
40 17 29 158 216 229
40 18 9 255 127 12
40 18 10 255 127 12
40 18 23 196 175 214
40 18 24 196 175 214
40 18 25 196 175 214
40 18 26 255 127 12
40 18 27 255 127 12
40 18 28 196 175 214
40 18 29 158 216 229
40 19 9 255 127 12
40 19 10 255 127 12
40 19 23 196 175 214
40 19 24 196 175 214
40 19 25 196 175 214
40 19 26 196 175 214
40 19 27 196 175 214
40 19 28 196 175 214
40 19 29 158 216 229
40 20 9 255 127 12
40 20 10 255 127 12
40 20 23 196 175 214
40 20 24 196 175 214
40 20 25 196 175 214
40 20 26 196 175 214
40 20 27 196 175 214
40 20 28 196 175 214
40 20 29 196 175 214
40 21 9 255 127 12
40 21 10 255 127 12
40 21 23 196 175 214
40 21 24 196 175 214
40 21 25 196 175 214
40 21 26 196 175 214
40 21 27 196 175 214
40 21 28 196 175 214
40 21 29 158 216 229
40 22 23 196 175 214
40 22 24 196 175 214
40 22 25 196 175 214
40 22 26 255 127 12
40 22 27 255 127 12
40 22 28 158 216 229
40 22 29 158 216 229
40 23 29 158 216 229
40 24 29 158 216 229
40 25 29 158 216 229
40 26 9 255 127 12
40 26 10 255 127 12
40 26 11 255 127 12
40 26 12 255 127 12
40 26 13 255 127 12
40 26 14 255 127 12
40 26 15 255 127 12
40 26 16 255 127 12
40 26 17 255 127 12
40 26 18 255 127 12
40 26 19 255 127 12
40 26 20 255 127 12
40 26 21 255 127 12
40 26 22 255 127 12
40 26 23 255 127 12
40 26 24 255 127 12
40 26 25 255 127 12
40 26 26 255 127 12
40 26 27 255 127 12
40 26 28 158 216 229
40 26 29 158 216 229
40 27 9 255 127 12
40 27 10 255 127 12
40 27 11 255 127 12
40 27 12 255 127 12
40 27 13 255 127 12
40 27 14 255 127 12
40 27 15 255 127 12
40 27 16 255 127 12
40 27 17 255 127 12
40 27 18 255 127 12
40 27 19 255 127 12
40 27 20 255 127 12
40 27 21 255 127 12
40 27 22 255 127 12
40 27 23 255 127 12
40 27 24 255 127 12
40 27 25 255 127 12
40 27 26 255 127 12
40 27 27 255 127 12
40 27 28 158 216 229
40 27 29 158 216 229
40 28 28 158 216 229
40 29 14 255 127 12
40 29 15 255 127 12
40 29 16 255 127 12
40 29 17 255 127 12
40 29 18 255 127 12
40 29 19 255 127 12
40 29 20 255 127 12
40 29 21 255 127 12
40 29 22 214 38 40
40 29 23 214 38 40
40 29 24 214 38 40
40 29 25 214 38 40
40 29 26 214 38 40
40 29 27 214 38 40
40 29 28 214 38 40
40 30 16 255 127 12
40 30 17 255 127 12
40 30 18 255 127 12
40 30 25 214 38 40
40 30 26 214 38 40
40 30 27 214 38 40
40 30 28 214 38 40
41 0 18 196 175 214
41 0 19 196 175 214
41 0 20 43 160 4
41 0 21 43 160 4
41 0 22 43 160 4
41 0 23 43 160 4
41 0 24 43 160 4
41 0 25 43 160 4
41 0 26 43 160 4
41 0 27 43 160 4
41 0 28 43 160 4
41 0 29 43 160 4
41 0 30 43 160 4
41 0 31 43 160 4
41 0 32 43 160 4
41 0 33 43 160 4
41 0 34 43 160 4
41 0 35 43 160 4
41 0 36 43 160 4
41 0 37 43 160 4
41 0 38 43 160 4
41 0 39 43 160 4
41 0 40 43 160 4
41 0 41 43 160 4
41 0 42 43 160 4
41 0 43 43 160 4
41 0 44 43 160 4
41 0 45 43 160 4
41 0 46 43 160 4
41 0 47 43 160 4
41 0 48 43 160 4
41 0 49 43 160 4
41 0 50 43 160 4
41 0 51 43 160 4
41 0 52 43 160 4
41 0 53 43 160 4
41 0 54 43 160 4
41 0 55 43 160 4
41 0 56 43 160 4
41 0 57 43 160 4
41 0 58 43 160 4
41 0 59 43 160 4
41 1 16 196 175 214
41 1 17 196 175 214
41 1 18 196 175 214
41 1 19 196 175 214
41 1 20 196 175 214
41 1 21 196 175 214
41 1 22 196 175 214
41 1 23 196 175 214
41 1 24 196 175 214
41 1 25 196 175 214
41 1 26 196 175 214
41 1 27 196 175 214
41 1 28 255 127 12
41 2 13 196 175 214
41 2 14 196 175 214
41 2 15 196 175 214
41 2 16 196 175 214
41 2 17 196 175 214
41 2 18 196 175 214
41 2 19 196 175 214
41 2 20 196 175 214
41 2 21 196 175 214
41 2 22 196 175 214
41 2 23 196 175 214
41 2 24 196 175 214
41 2 25 196 175 214
41 2 26 196 175 214
41 2 27 196 175 214
41 2 28 255 127 12
41 3 11 196 175 214
41 3 12 196 175 214
41 3 13 196 175 214
41 3 14 196 175 214
41 3 15 196 175 214
41 3 16 196 175 214
41 3 17 196 175 214
41 3 18 196 175 214
41 3 19 196 175 214
41 3 20 196 175 214
41 3 21 196 175 214
41 3 22 196 175 214
41 3 23 196 175 214
41 3 24 196 175 214
41 3 25 196 175 214
41 3 26 196 175 214
41 3 27 255 127 12
41 3 28 255 127 12
41 4 9 196 175 214
41 4 10 196 175 214
41 4 11 196 175 214
41 4 12 196 175 214
41 4 13 196 175 214
41 4 14 196 175 214
41 4 15 196 175 214
41 4 16 196 175 214
41 4 17 196 175 214
41 4 18 196 175 214
41 4 19 196 175 214
41 4 20 196 175 214
41 4 21 196 175 214
41 4 22 196 175 214
41 4 23 196 175 214
41 4 24 196 175 214
41 4 25 196 175 214
41 4 26 196 175 214
41 4 27 255 127 12
41 4 28 255 127 12
41 5 9 196 175 214
41 5 10 196 175 214
41 5 11 196 175 214
41 5 12 196 175 214
41 5 13 196 175 214
41 5 14 196 175 214
41 5 15 196 175 214
41 5 16 196 175 214
41 5 17 196 175 214
41 5 18 196 175 214
41 5 19 196 175 214
41 5 20 196 175 214
41 5 21 196 175 214
41 5 22 196 175 214
41 5 23 196 175 214
41 5 24 196 175 214
41 5 25 196 175 214
41 5 26 196 175 214
41 5 27 255 127 12
41 5 28 255 127 12
41 5 29 255 127 12
41 6 9 196 175 214
41 6 10 196 175 214
41 6 11 196 175 214
41 6 12 196 175 214
41 6 13 196 175 214
41 6 14 196 175 214
41 6 15 196 175 214
41 6 16 196 175 214
41 6 17 196 175 214
41 6 18 196 175 214
41 6 19 196 175 214
41 6 20 196 175 214
41 6 21 196 175 214
41 6 22 196 175 214
41 6 23 196 175 214
41 6 24 196 175 214
41 6 25 196 175 214
41 6 26 196 175 214
41 6 27 255 127 12
41 6 28 255 127 12
41 6 29 255 127 12
41 7 9 196 175 214
41 7 10 196 175 214
41 7 11 196 175 214
41 7 12 196 175 214
41 7 13 196 175 214
41 7 14 196 175 214
41 7 15 196 175 214
41 7 16 196 175 214
41 7 17 196 175 214
41 7 18 196 175 214
41 7 19 196 175 214
41 7 20 196 175 214
41 7 21 196 175 214
41 7 22 196 175 214
41 7 23 196 175 214
41 7 24 196 175 214
41 7 25 196 175 214
41 7 26 196 175 214
41 7 27 196 175 214
41 7 28 255 127 12
41 7 29 255 127 12
41 8 9 196 175 214
41 8 10 196 175 214
41 8 11 196 175 214
41 8 12 196 175 214
41 8 13 196 175 214
41 8 14 196 175 214
41 8 15 196 175 214
41 8 16 196 175 214
41 8 17 196 175 214
41 8 18 196 175 214
41 8 19 196 175 214
41 8 20 196 175 214
41 8 21 196 175 214
41 8 22 196 175 214
41 8 23 196 175 214
41 8 24 196 175 214
41 8 25 196 175 214
41 8 26 196 175 214
41 8 27 196 175 214
41 8 28 255 127 12
41 8 29 255 127 12
41 9 9 196 175 214
41 9 10 196 175 214
41 9 11 196 175 214
41 9 12 196 175 214
41 9 13 196 175 214
41 9 14 196 175 214
41 9 15 196 175 214
41 9 16 196 175 214
41 9 17 196 175 214
41 9 18 196 175 214
41 9 19 196 175 214
41 9 20 196 175 214
41 9 21 196 175 214
41 9 22 196 175 214
41 9 23 196 175 214
41 9 24 196 175 214
41 9 25 196 175 214
41 9 26 196 175 214
41 9 27 196 175 214
41 9 28 255 127 12
41 9 29 255 127 12
41 10 9 196 175 214
41 10 10 196 175 214
41 10 11 196 175 214
41 10 12 196 175 214
41 10 13 196 175 214
41 10 14 196 175 214
41 10 15 196 175 214
41 10 16 196 175 214
41 10 17 196 175 214
41 10 18 196 175 214
41 10 19 196 175 214
41 10 20 196 175 214
41 10 21 196 175 214
41 10 22 196 175 214
41 10 23 196 175 214
41 10 24 196 175 214
41 10 25 196 175 214
41 10 26 196 175 214
41 10 27 255 127 12
41 10 28 255 127 12
41 10 29 255 127 12
41 11 9 196 175 214
41 11 10 196 175 214
41 11 11 196 175 214
41 11 12 196 175 214
41 11 13 196 175 214
41 11 14 196 175 214
41 11 15 196 175 214
41 11 16 196 175 214
41 11 17 196 175 214
41 11 18 196 175 214
41 11 19 196 175 214
41 11 20 196 175 214
41 11 21 196 175 214
41 11 22 196 175 214
41 11 23 196 175 214
41 11 24 196 175 214
41 11 25 196 175 214
41 11 26 196 175 214
41 11 27 196 175 214
41 11 28 255 127 12
41 11 29 158 216 229
41 12 9 196 175 214
41 12 10 196 175 214
41 12 29 158 216 229
41 13 9 196 175 214
41 13 10 196 175 214
41 13 29 158 216 229
41 14 9 196 175 214
41 14 10 255 127 12
41 14 29 158 216 229
41 15 9 196 175 214
41 15 10 255 127 12
41 15 29 158 216 229
41 16 9 255 127 12
41 16 10 255 127 12
41 16 29 158 216 229
41 17 9 255 127 12
41 17 10 255 127 12
41 17 13 255 127 12
41 17 14 255 127 12
41 17 15 255 127 12
41 17 16 255 127 12
41 17 17 255 127 12
41 17 18 196 175 214
41 17 19 196 175 214
41 17 20 196 175 214
41 17 21 196 175 214
41 17 22 196 175 214
41 17 23 196 175 214
41 17 24 196 175 214
41 17 25 255 127 12
41 17 26 255 127 12
41 17 27 255 127 12
41 17 28 158 216 229
41 17 29 158 216 229
41 18 9 255 127 12
41 18 10 255 127 12
41 18 13 255 127 12
41 18 14 255 127 12
41 18 15 255 127 12
41 18 16 255 127 12
41 18 17 255 127 12
41 18 18 255 127 12
41 18 19 196 175 214
41 18 20 196 175 214
41 18 21 196 175 214
41 18 22 196 175 214
41 18 23 196 175 214
41 18 24 255 127 12
41 18 25 255 127 12
41 18 26 255 127 12
41 18 27 255 127 12
41 18 28 255 127 12
41 18 29 158 216 229
41 19 10 255 127 12
41 19 13 255 127 12
41 19 14 255 127 12
41 19 15 255 127 12
41 19 16 255 127 12
41 19 17 196 175 214
41 19 18 196 175 214
41 19 19 196 175 214
41 19 20 196 175 214
41 19 21 196 175 214
41 19 22 196 175 214
41 19 23 196 175 214
41 19 24 196 175 214
41 19 25 196 175 214
41 19 26 196 175 214
41 19 27 196 175 214
41 19 28 196 175 214
41 19 29 158 216 229
41 20 10 255 127 12
41 20 13 255 127 12
41 20 14 255 127 12
41 20 15 255 127 12
41 20 16 196 175 214
41 20 17 196 175 214
41 20 18 196 175 214
41 20 19 196 175 214
41 20 20 196 175 214
41 20 21 196 175 214
41 20 22 196 175 214
41 20 23 196 175 214
41 20 24 196 175 214
41 20 25 196 175 214
41 20 26 196 175 214
41 20 27 196 175 214
41 20 28 196 175 214
41 20 29 158 216 229
41 21 13 255 127 12
41 21 14 255 127 12
41 21 15 255 127 12
41 21 16 255 127 12
41 21 17 255 127 12
41 21 18 196 175 214
41 21 19 196 175 214
41 21 20 196 175 214
41 21 21 196 175 214
41 21 22 196 175 214
41 21 23 196 175 214
41 21 24 196 175 214
41 21 25 196 175 214
41 21 26 196 175 214
41 21 27 196 175 214
41 21 28 196 175 214
41 21 29 158 216 229
41 22 13 255 127 12
41 22 14 255 127 12
41 22 15 255 127 12
41 22 16 255 127 12
41 22 17 255 127 12
41 22 18 255 127 12
41 22 19 255 127 12
41 22 20 196 175 214
41 22 21 196 175 214
41 22 22 196 175 214
41 22 23 196 175 214
41 22 24 196 175 214
41 22 25 255 127 12
41 22 26 255 127 12
41 22 27 255 127 12
41 22 28 255 127 12
41 22 29 158 216 229
41 23 13 255 127 12
41 23 14 255 127 12
41 23 15 255 127 12
41 23 16 255 127 12
41 23 17 255 127 12
41 23 18 255 127 12
41 23 19 255 127 12
41 23 20 255 127 12
41 23 21 255 127 12
41 23 22 255 127 12
41 23 23 255 127 12
41 23 24 255 127 12
41 23 25 255 127 12
41 23 26 255 127 12
41 23 27 255 127 12
41 23 28 255 127 12
41 24 13 255 127 12
41 24 14 255 127 12
41 24 15 255 127 12
41 24 16 255 127 12
41 24 17 255 127 12
41 24 18 255 127 12
41 24 19 255 127 12
41 24 20 255 127 12
41 24 21 255 127 12
41 24 22 255 127 12
41 24 23 255 127 12
41 24 24 255 127 12
41 24 25 255 127 12
41 24 26 255 127 12
41 24 27 255 127 12
41 24 28 255 127 12
41 25 13 255 127 12
41 25 14 255 127 12
41 25 15 255 127 12
41 25 16 255 127 12
41 25 17 255 127 12
41 25 18 255 127 12
41 25 19 255 127 12
41 25 20 255 127 12
41 25 21 255 127 12
41 25 22 255 127 12
41 25 23 255 127 12
41 25 24 255 127 12
41 25 25 255 127 12
41 25 26 255 127 12
41 25 27 255 127 12
41 25 28 255 127 12
41 25 29 158 216 229
41 26 10 255 127 12
41 26 11 255 127 12
41 26 12 255 127 12
41 26 13 255 127 12
41 26 14 255 127 12
41 26 15 255 127 12
41 26 16 255 127 12
41 26 17 255 127 12
41 26 18 255 127 12
41 26 19 255 127 12
41 26 20 255 127 12
41 26 21 255 127 12
41 26 22 255 127 12
41 26 23 255 127 12
41 26 24 255 127 12
41 26 25 255 127 12
41 26 26 255 127 12
41 26 27 255 127 12
41 26 28 158 216 229
41 27 10 255 127 12
41 27 11 255 127 12
41 27 12 255 127 12
41 27 13 255 127 12
41 27 14 255 127 12
41 27 15 255 127 12
41 27 16 255 127 12
41 27 17 255 127 12
41 27 18 255 127 12
41 27 19 255 127 12
41 27 20 255 127 12
41 27 21 255 127 12
41 27 22 255 127 12
41 27 23 255 127 12
41 27 24 255 127 12
41 27 25 255 127 12
41 27 26 255 127 12
41 27 27 255 127 12
41 27 28 255 127 12
41 28 25 255 127 12
41 28 26 255 127 12
41 28 27 255 127 12
41 29 13 255 127 12
41 29 14 255 127 12
41 29 15 255 127 12
41 29 16 255 127 12
41 29 17 255 127 12
41 29 18 255 127 12
41 29 19 255 127 12
41 29 21 214 38 40
41 29 22 214 38 40
41 29 23 214 38 40
41 29 25 214 38 40
41 29 26 214 38 40
41 29 27 214 38 40
41 30 15 255 127 12
41 30 22 214 38 40
41 30 23 214 38 40
41 30 24 214 38 40
41 30 25 214 38 40
41 30 26 214 38 40
41 30 27 214 38 40
41 30 28 214 38 40
41 30 29 214 38 40
42 0 18 196 175 214
42 0 19 43 160 4
42 0 20 43 160 4
42 0 21 43 160 4
42 0 22 43 160 4
42 0 23 43 160 4
42 0 24 43 160 4
42 0 25 43 160 4
42 0 26 43 160 4
42 0 27 43 160 4
42 0 28 43 160 4
42 0 29 43 160 4
42 0 30 43 160 4
42 0 31 43 160 4
42 0 32 43 160 4
42 0 33 43 160 4
42 0 34 43 160 4
42 0 35 43 160 4
42 0 36 43 160 4
42 0 37 43 160 4
42 0 38 43 160 4
42 0 39 43 160 4
42 0 40 43 160 4
42 0 41 43 160 4
42 0 42 43 160 4
42 0 43 43 160 4
42 0 44 43 160 4
42 0 45 43 160 4
42 0 46 43 160 4
42 0 47 43 160 4
42 0 48 43 160 4
42 0 49 43 160 4
42 0 50 43 160 4
42 0 51 43 160 4
42 0 52 43 160 4
42 0 53 43 160 4
42 0 54 43 160 4
42 0 55 43 160 4
42 0 56 43 160 4
42 0 57 43 160 4
42 0 58 43 160 4
42 0 59 43 160 4
42 1 15 196 175 214
42 1 16 196 175 214
42 1 17 196 175 214
42 1 18 196 175 214
42 1 19 196 175 214
42 1 20 196 175 214
42 1 21 196 175 214
42 1 22 196 175 214
42 1 23 196 175 214
42 1 24 196 175 214
42 1 25 196 175 214
42 1 26 255 127 12
42 1 27 255 127 12
42 1 28 255 127 12
42 2 13 196 175 214
42 2 14 196 175 214
42 2 15 196 175 214
42 2 16 196 175 214
42 2 17 196 175 214
42 2 18 196 175 214
42 2 19 196 175 214
42 2 20 196 175 214
42 2 21 196 175 214
42 2 22 196 175 214
42 2 23 196 175 214
42 2 24 196 175 214
42 2 25 196 175 214
42 2 26 255 127 12
42 2 27 255 127 12
42 2 28 255 127 12
42 3 11 196 175 214
42 3 12 196 175 214
42 3 13 196 175 214
42 3 14 196 175 214
42 3 15 196 175 214
42 3 16 196 175 214
42 3 17 196 175 214
42 3 18 196 175 214
42 3 19 196 175 214
42 3 20 196 175 214
42 3 21 196 175 214
42 3 22 196 175 214
42 3 23 196 175 214
42 3 24 196 175 214
42 3 25 196 175 214
42 3 26 255 127 12
42 3 27 255 127 12
42 3 28 255 127 12
42 4 10 196 175 214
42 4 11 196 175 214
42 4 12 196 175 214
42 4 13 196 175 214
42 4 14 196 175 214
42 4 15 196 175 214
42 4 16 196 175 214
42 4 17 196 175 214
42 4 18 196 175 214
42 4 19 196 175 214
42 4 20 196 175 214
42 4 21 196 175 214
42 4 22 196 175 214
42 4 23 196 175 214
42 4 24 196 175 214
42 4 25 196 175 214
42 4 26 255 127 12
42 4 27 255 127 12
42 4 28 255 127 12
42 5 10 196 175 214
42 5 11 196 175 214
42 5 12 196 175 214
42 5 13 196 175 214
42 5 14 196 175 214
42 5 15 196 175 214
42 5 16 196 175 214
42 5 17 196 175 214
42 5 18 196 175 214
42 5 19 196 175 214
42 5 20 196 175 214
42 5 21 196 175 214
42 5 22 196 175 214
42 5 23 196 175 214
42 5 24 196 175 214
42 5 25 196 175 214
42 5 26 196 175 214
42 5 27 255 127 12
42 5 28 255 127 12
42 5 29 255 127 12
42 6 10 196 175 214
42 6 11 196 175 214
42 6 12 196 175 214
42 6 13 196 175 214
42 6 14 196 175 214
42 6 15 196 175 214
42 6 16 196 175 214
42 6 17 196 175 214
42 6 18 196 175 214
42 6 19 196 175 214
42 6 20 196 175 214
42 6 21 196 175 214
42 6 22 196 175 214
42 6 23 196 175 214
42 6 24 196 175 214
42 6 25 196 175 214
42 6 26 255 127 12
42 6 27 255 127 12
42 6 28 255 127 12
42 6 29 255 127 12
42 7 10 196 175 214
42 7 11 196 175 214
42 7 12 196 175 214
42 7 13 196 175 214
42 7 14 196 175 214
42 7 15 196 175 214
42 7 16 196 175 214
42 7 17 196 175 214
42 7 18 196 175 214
42 7 19 196 175 214
42 7 20 196 175 214
42 7 21 196 175 214
42 7 22 196 175 214
42 7 23 196 175 214
42 7 24 196 175 214
42 7 25 196 175 214
42 7 26 196 175 214
42 7 27 196 175 214
42 7 28 255 127 12
42 7 29 255 127 12
42 8 10 196 175 214
42 8 11 196 175 214
42 8 12 196 175 214
42 8 13 196 175 214
42 8 14 196 175 214
42 8 15 196 175 214
42 8 16 196 175 214
42 8 17 196 175 214
42 8 18 196 175 214
42 8 19 196 175 214
42 8 20 196 175 214
42 8 21 196 175 214
42 8 22 196 175 214
42 8 23 196 175 214
42 8 24 196 175 214
42 8 25 196 175 214
42 8 26 196 175 214
42 8 27 196 175 214
42 8 28 255 127 12
42 8 29 255 127 12
42 9 10 196 175 214
42 9 11 196 175 214
42 9 12 196 175 214
42 9 13 196 175 214
42 9 14 196 175 214
42 9 15 196 175 214
42 9 16 196 175 214
42 9 17 196 175 214
42 9 18 196 175 214
42 9 19 196 175 214
42 9 20 196 175 214
42 9 21 196 175 214
42 9 22 196 175 214
42 9 23 196 175 214
42 9 24 196 175 214
42 9 25 196 175 214
42 9 26 196 175 214
42 9 27 255 127 12
42 9 28 255 127 12
42 9 29 255 127 12
42 10 10 196 175 214
42 10 11 196 175 214
42 10 12 196 175 214
42 10 13 196 175 214
42 10 14 196 175 214
42 10 15 196 175 214
42 10 16 196 175 214
42 10 17 196 175 214
42 10 18 196 175 214
42 10 19 196 175 214
42 10 20 196 175 214
42 10 21 196 175 214
42 10 22 196 175 214
42 10 23 196 175 214
42 10 24 196 175 214
42 10 25 196 175 214
42 10 26 255 127 12
42 10 27 255 127 12
42 10 28 255 127 12
42 10 29 255 127 12
42 11 10 196 175 214
42 11 11 196 175 214
42 11 12 196 175 214
42 11 13 196 175 214
42 11 14 196 175 214
42 11 15 196 175 214
42 11 16 196 175 214
42 11 17 196 175 214
42 11 18 196 175 214
42 11 19 196 175 214
42 11 20 196 175 214
42 11 21 196 175 214
42 11 22 196 175 214
42 11 23 196 175 214
42 11 24 196 175 214
42 11 25 196 175 214
42 11 26 255 127 12
42 11 27 255 127 12
42 11 28 255 127 12
42 11 29 158 216 229
42 12 13 196 175 214
42 12 14 196 175 214
42 12 29 158 216 229
42 13 29 158 216 229
42 14 29 158 216 229
42 15 29 158 216 229
42 16 29 158 216 229
42 17 13 255 127 12
42 17 14 255 127 12
42 17 15 255 127 12
42 17 16 255 127 12
42 17 17 255 127 12
42 17 18 255 127 12
42 17 19 196 175 214
42 17 20 196 175 214
42 17 21 196 175 214
42 17 22 196 175 214
42 17 23 196 175 214
42 17 24 255 127 12
42 17 25 255 127 12
42 17 26 255 127 12
42 17 27 255 127 12
42 17 28 255 127 12
42 17 29 158 216 229
42 18 13 255 127 12
42 18 14 255 127 12
42 18 15 255 127 12
42 18 16 255 127 12
42 18 17 255 127 12
42 18 18 255 127 12
42 18 19 255 127 12
42 18 20 196 175 214
42 18 21 196 175 214
42 18 22 255 127 12
42 18 23 255 127 12
42 18 24 255 127 12
42 18 25 255 127 12
42 18 26 255 127 12
42 18 27 255 127 12
42 18 28 255 127 12
42 18 29 255 127 12
42 19 13 255 127 12
42 19 14 255 127 12
42 19 15 255 127 12
42 19 16 255 127 12
42 19 17 255 127 12
42 19 18 255 127 12
42 19 19 196 175 214
42 19 20 196 175 214
42 19 21 196 175 214
42 19 22 196 175 214
42 19 23 196 175 214
42 19 24 196 175 214
42 19 25 196 175 214
42 19 26 255 127 12
42 19 27 196 175 214
42 19 28 196 175 214
42 19 29 158 216 229
42 20 13 255 127 12
42 20 14 255 127 12
42 20 15 255 127 12
42 20 16 255 127 12
42 20 17 196 175 214
42 20 18 196 175 214
42 20 19 196 175 214
42 20 20 196 175 214
42 20 21 196 175 214
42 20 22 196 175 214
42 20 23 196 175 214
42 20 24 196 175 214
42 20 25 196 175 214
42 20 26 196 175 214
42 20 27 196 175 214
42 20 28 196 175 214
42 20 29 158 216 229
42 21 13 255 127 12
42 21 14 255 127 12
42 21 15 255 127 12
42 21 16 255 127 12
42 21 17 255 127 12
42 21 18 255 127 12
42 21 19 196 175 214
42 21 20 196 175 214
42 21 21 196 175 214
42 21 22 196 175 214
42 21 23 196 175 214
42 21 24 196 175 214
42 21 25 196 175 214
42 21 26 255 127 12
42 21 27 255 127 12
42 21 28 158 216 229
42 21 29 158 216 229
42 22 13 255 127 12
42 22 14 255 127 12
42 22 15 255 127 12
42 22 16 255 127 12
42 22 17 255 127 12
42 22 18 255 127 12
42 22 19 255 127 12
42 22 20 255 127 12
42 22 21 255 127 12
42 22 22 255 127 12
42 22 23 255 127 12
42 22 24 255 127 12
42 22 25 255 127 12
42 22 26 255 127 12
42 22 27 255 127 12
42 22 28 255 127 12
42 22 29 158 216 229
42 23 13 255 127 12
42 23 14 255 127 12
42 23 15 255 127 12
42 23 16 255 127 12
42 23 17 255 127 12
42 23 18 255 127 12
42 23 19 255 127 12
42 23 20 255 127 12
42 23 21 255 127 12
42 23 22 255 127 12
42 23 23 255 127 12
42 23 24 255 127 12
42 23 25 255 127 12
42 23 26 255 127 12
42 23 27 255 127 12
42 23 28 255 127 12
42 24 13 255 127 12
42 24 14 255 127 12
42 24 15 255 127 12
42 24 16 255 127 12
42 24 17 255 127 12
42 24 18 255 127 12
42 24 19 255 127 12
42 24 20 255 127 12
42 24 21 255 127 12
42 24 22 255 127 12
42 24 23 255 127 12
42 24 24 255 127 12
42 24 25 255 127 12
42 24 26 255 127 12
42 24 27 255 127 12
42 24 28 255 127 12
42 25 13 255 127 12
42 25 14 255 127 12
42 25 15 255 127 12
42 25 16 255 127 12
42 25 17 255 127 12
42 25 18 255 127 12
42 25 19 255 127 12
42 25 20 255 127 12
42 25 21 255 127 12
42 25 22 255 127 12
42 25 23 255 127 12
42 25 24 255 127 12
42 25 25 255 127 12
42 25 26 255 127 12
42 25 27 255 127 12
42 25 28 255 127 12
42 26 11 255 127 12
42 26 12 255 127 12
42 26 13 255 127 12
42 26 14 255 127 12
42 26 15 255 127 12
42 26 16 255 127 12
42 26 17 255 127 12
42 26 18 255 127 12
42 26 19 255 127 12
42 26 20 255 127 12
42 26 21 255 127 12
42 26 22 255 127 12
42 26 23 255 127 12
42 26 24 255 127 12
42 26 25 255 127 12
42 26 26 255 127 12
42 26 27 255 127 12
42 27 11 255 127 12
42 27 12 255 127 12
42 27 13 255 127 12
42 27 14 255 127 12
42 27 15 255 127 12
42 27 16 255 127 12
42 27 17 255 127 12
42 27 18 255 127 12
42 27 19 255 127 12
42 27 20 255 127 12
42 27 21 255 127 12
42 27 22 255 127 12
42 27 23 255 127 12
42 27 24 255 127 12
42 27 25 255 127 12
42 27 26 255 127 12
42 27 27 255 127 12
42 28 14 255 127 12
42 28 15 255 127 12
42 28 16 255 127 12
42 28 17 255 127 12
42 28 18 255 127 12
42 28 19 255 127 12
42 28 20 255 127 12
42 28 21 255 127 12
42 28 22 255 127 12
42 28 23 255 127 12
42 28 24 255 127 12
42 29 14 255 127 12
42 29 15 255 127 12
42 29 16 255 127 12
42 29 17 214 38 40
42 29 18 214 38 40
42 29 19 214 38 40
42 29 21 214 38 40
42 29 22 214 38 40
42 29 23 214 38 40
42 29 25 214 38 40
42 29 26 214 38 40
42 29 27 214 38 40
42 30 15 255 127 12
42 30 22 214 38 40
42 30 25 214 38 40
42 30 26 214 38 40
42 30 27 214 38 40
43 0 18 43 160 4
43 0 19 43 160 4
43 0 20 43 160 4
43 0 21 43 160 4
43 0 22 43 160 4
43 0 23 43 160 4
43 0 24 43 160 4
43 0 25 43 160 4
43 0 26 43 160 4
43 0 27 43 160 4
43 0 28 43 160 4
43 0 29 43 160 4
43 0 30 43 160 4
43 0 31 43 160 4
43 0 32 43 160 4
43 0 33 43 160 4
43 0 34 43 160 4
43 0 35 43 160 4
43 0 36 43 160 4
43 0 37 43 160 4
43 0 38 43 160 4
43 0 39 43 160 4
43 0 40 43 160 4
43 0 41 43 160 4
43 0 42 43 160 4
43 0 43 43 160 4
43 0 44 43 160 4
43 0 45 43 160 4
43 0 46 43 160 4
43 0 47 43 160 4
43 0 48 43 160 4
43 0 49 43 160 4
43 0 50 43 160 4
43 0 51 43 160 4
43 0 52 43 160 4
43 0 53 43 160 4
43 0 54 43 160 4
43 0 55 43 160 4
43 0 56 43 160 4
43 0 57 43 160 4
43 0 58 43 160 4
43 0 59 43 160 4
43 1 15 196 175 214
43 1 16 196 175 214
43 1 17 196 175 214
43 1 18 196 175 214
43 1 19 196 175 214
43 1 20 196 175 214
43 1 21 196 175 214
43 1 22 196 175 214
43 1 23 196 175 214
43 1 24 255 127 12
43 1 25 255 127 12
43 1 26 255 127 12
43 1 27 255 127 12
43 1 28 255 127 12
43 2 13 196 175 214
43 2 14 196 175 214
43 2 15 196 175 214
43 2 16 196 175 214
43 2 17 196 175 214
43 2 18 196 175 214
43 2 19 196 175 214
43 2 20 196 175 214
43 2 21 196 175 214
43 2 22 196 175 214
43 2 23 196 175 214
43 2 24 196 175 214
43 2 25 255 127 12
43 2 26 255 127 12
43 2 27 255 127 12
43 2 28 255 127 12
43 2 29 158 216 229
43 3 11 196 175 214
43 3 12 196 175 214
43 3 13 196 175 214
43 3 14 196 175 214
43 3 15 196 175 214
43 3 16 196 175 214
43 3 17 196 175 214
43 3 18 196 175 214
43 3 19 196 175 214
43 3 20 196 175 214
43 3 21 196 175 214
43 3 22 196 175 214
43 3 23 196 175 214
43 3 24 196 175 214
43 3 25 255 127 12
43 3 26 255 127 12
43 3 27 255 127 12
43 3 28 255 127 12
43 3 29 158 216 229
43 4 11 196 175 214
43 4 12 196 175 214
43 4 13 196 175 214
43 4 14 196 175 214
43 4 15 196 175 214
43 4 16 196 175 214
43 4 17 196 175 214
43 4 18 196 175 214
43 4 19 196 175 214
43 4 20 196 175 214
43 4 21 196 175 214
43 4 22 196 175 214
43 4 23 196 175 214
43 4 24 196 175 214
43 4 25 255 127 12
43 4 26 255 127 12
43 4 27 255 127 12
43 4 28 255 127 12
43 5 11 196 175 214
43 5 12 196 175 214
43 5 13 196 175 214
43 5 14 196 175 214
43 5 15 196 175 214
43 5 16 196 175 214
43 5 17 196 175 214
43 5 18 196 175 214
43 5 19 196 175 214
43 5 20 196 175 214
43 5 21 196 175 214
43 5 22 196 175 214
43 5 23 196 175 214
43 5 24 196 175 214
43 5 25 196 175 214
43 5 26 255 127 12
43 5 27 255 127 12
43 5 28 255 127 12
43 5 29 255 127 12
43 6 11 196 175 214
43 6 12 196 175 214
43 6 13 196 175 214
43 6 14 196 175 214
43 6 15 196 175 214
43 6 16 196 175 214
43 6 17 196 175 214
43 6 18 196 175 214
43 6 19 196 175 214
43 6 20 196 175 214
43 6 21 196 175 214
43 6 22 196 175 214
43 6 23 196 175 214
43 6 24 196 175 214
43 6 25 196 175 214
43 6 26 196 175 214
43 6 27 255 127 12
43 6 28 255 127 12
43 6 29 255 127 12
43 7 11 196 175 214
43 7 12 196 175 214
43 7 13 196 175 214
43 7 14 196 175 214
43 7 15 196 175 214
43 7 16 196 175 214
43 7 17 196 175 214
43 7 18 196 175 214
43 7 19 196 175 214
43 7 20 196 175 214
43 7 21 196 175 214
43 7 22 196 175 214
43 7 23 196 175 214
43 7 24 196 175 214
43 7 25 196 175 214
43 7 26 196 175 214
43 7 27 255 127 12
43 7 28 255 127 12
43 7 29 255 127 12
43 8 11 196 175 214
43 8 12 196 175 214
43 8 13 196 175 214
43 8 14 196 175 214
43 8 15 196 175 214
43 8 16 196 175 214
43 8 17 196 175 214
43 8 18 196 175 214
43 8 19 196 175 214
43 8 20 196 175 214
43 8 21 196 175 214
43 8 22 196 175 214
43 8 23 196 175 214
43 8 24 196 175 214
43 8 25 196 175 214
43 8 26 196 175 214
43 8 27 255 127 12
43 8 28 255 127 12
43 8 29 255 127 12
43 9 11 196 175 214
43 9 12 196 175 214
43 9 13 196 175 214
43 9 14 196 175 214
43 9 15 196 175 214
43 9 16 196 175 214
43 9 17 196 175 214
43 9 18 196 175 214
43 9 19 196 175 214
43 9 20 196 175 214
43 9 21 196 175 214
43 9 22 196 175 214
43 9 23 196 175 214
43 9 24 196 175 214
43 9 25 196 175 214
43 9 26 255 127 12
43 9 27 255 127 12
43 9 28 255 127 12
43 9 29 255 127 12
43 10 11 196 175 214
43 10 12 196 175 214
43 10 13 196 175 214
43 10 14 196 175 214
43 10 15 196 175 214
43 10 16 196 175 214
43 10 17 196 175 214
43 10 18 196 175 214
43 10 19 196 175 214
43 10 20 196 175 214
43 10 21 196 175 214
43 10 22 196 175 214
43 10 23 196 175 214
43 10 24 196 175 214
43 10 25 255 127 12
43 10 26 255 127 12
43 10 27 255 127 12
43 10 28 255 127 12
43 10 29 255 127 12
43 11 11 196 175 214
43 11 12 196 175 214
43 11 13 196 175 214
43 11 14 196 175 214
43 11 15 196 175 214
43 11 16 196 175 214
43 11 17 196 175 214
43 11 18 196 175 214
43 11 19 196 175 214
43 11 20 196 175 214
43 11 21 196 175 214
43 11 22 196 175 214
43 11 23 196 175 214
43 11 24 196 175 214
43 11 25 196 175 214
43 11 26 255 127 12
43 11 27 255 127 12
43 11 28 255 127 12
43 11 29 158 216 229
43 12 29 158 216 229
43 13 29 158 216 229
43 14 29 158 216 229
43 15 29 158 216 229
43 16 29 158 216 229
43 17 13 255 127 12
43 17 14 255 127 12
43 17 15 255 127 12
43 17 16 255 127 12
43 17 17 255 127 12
43 17 18 255 127 12
43 17 19 255 127 12
43 17 20 255 127 12
43 17 21 196 175 214
43 17 22 255 127 12
43 17 23 255 127 12
43 17 24 255 127 12
43 17 25 255 127 12
43 17 26 255 127 12
43 17 27 255 127 12
43 17 28 255 127 12
43 17 29 158 216 229
43 18 13 255 127 12
43 18 14 255 127 12
43 18 15 255 127 12
43 18 16 255 127 12
43 18 17 255 127 12
43 18 18 255 127 12
43 18 19 255 127 12
43 18 20 255 127 12
43 18 21 255 127 12
43 18 22 255 127 12
43 18 23 255 127 12
43 18 24 255 127 12
43 18 25 255 127 12
43 18 26 255 127 12
43 18 27 255 127 12
43 18 28 255 127 12
43 18 29 158 216 229
43 19 13 255 127 12
43 19 14 255 127 12
43 19 15 255 127 12
43 19 16 255 127 12
43 19 17 255 127 12
43 19 18 255 127 12
43 19 19 196 175 214
43 19 20 196 175 214
43 19 21 196 175 214
43 19 22 196 175 214
43 19 23 196 175 214
43 19 24 196 175 214
43 19 25 196 175 214
43 19 26 255 127 12
43 19 27 196 175 214
43 19 28 158 216 229
43 19 29 158 216 229
43 20 13 255 127 12
43 20 16 196 175 214
43 20 17 196 175 214
43 20 18 196 175 214
43 20 19 196 175 214
43 20 20 196 175 214
43 20 21 196 175 214
43 20 22 196 175 214
43 20 23 196 175 214
43 20 24 196 175 214
43 20 25 196 175 214
43 20 26 196 175 214
43 20 27 196 175 214
43 20 28 158 216 229
43 20 29 158 216 229
43 21 13 255 127 12
43 21 14 255 127 12
43 21 15 255 127 12
43 21 16 255 127 12
43 21 17 255 127 12
43 21 18 255 127 12
43 21 19 196 175 214
43 21 20 196 175 214
43 21 21 196 175 214
43 21 22 196 175 214
43 21 23 196 175 214
43 21 24 196 175 214
43 21 25 196 175 214
43 21 26 255 127 12
43 21 27 255 127 12
43 21 28 158 216 229
43 21 29 158 216 229
43 22 13 255 127 12
43 22 14 255 127 12
43 22 15 255 127 12
43 22 16 255 127 12
43 22 17 255 127 12
43 22 18 255 127 12
43 22 19 255 127 12
43 22 20 255 127 12
43 22 21 255 127 12
43 22 22 255 127 12
43 22 23 255 127 12
43 22 24 255 127 12
43 22 25 255 127 12
43 22 26 255 127 12
43 22 27 255 127 12
43 22 28 158 216 229
43 22 29 158 216 229
43 23 13 255 127 12
43 23 14 255 127 12
43 23 15 255 127 12
43 23 16 255 127 12
43 23 17 255 127 12
43 23 18 255 127 12
43 23 19 255 127 12
43 23 20 255 127 12
43 23 21 255 127 12
43 23 22 255 127 12
43 23 23 255 127 12
43 23 24 255 127 12
43 23 25 255 127 12
43 23 26 255 127 12
43 23 27 255 127 12
43 23 28 158 216 229
43 24 13 255 127 12
43 24 14 255 127 12
43 24 15 255 127 12
43 24 16 255 127 12
43 24 17 255 127 12
43 24 18 255 127 12
43 24 19 255 127 12
43 24 20 255 127 12
43 24 21 255 127 12
43 24 22 255 127 12
43 24 23 255 127 12
43 24 24 255 127 12
43 24 25 255 127 12
43 24 26 255 127 12
43 24 27 255 127 12
43 24 28 255 127 12
43 25 13 255 127 12
43 25 14 255 127 12
43 25 15 255 127 12
43 25 16 255 127 12
43 25 17 255 127 12
43 25 18 255 127 12
43 25 19 255 127 12
43 25 20 255 127 12
43 25 21 255 127 12
43 25 22 255 127 12
43 25 23 255 127 12
43 25 24 255 127 12
43 25 25 255 127 12
43 25 26 255 127 12
43 25 27 255 127 12
43 26 12 255 127 12
43 26 13 255 127 12
43 26 14 255 127 12
43 26 15 255 127 12
43 26 16 255 127 12
43 26 17 255 127 12
43 26 18 255 127 12
43 26 19 255 127 12
43 26 20 255 127 12
43 26 21 255 127 12
43 26 22 255 127 12
43 26 23 255 127 12
43 26 24 255 127 12
43 26 25 255 127 12
43 26 26 255 127 12
43 27 12 255 127 12
43 27 13 255 127 12
43 27 14 255 127 12
43 27 15 255 127 12
43 27 16 255 127 12
43 27 17 255 127 12
43 27 18 255 127 12
43 27 19 255 127 12
43 27 20 255 127 12
43 27 21 255 127 12
43 27 22 255 127 12
43 27 23 255 127 12
43 27 24 255 127 12
43 27 25 255 127 12
43 27 26 255 127 12
43 28 15 255 127 12
43 28 16 255 127 12
43 28 17 255 127 12
43 28 18 255 127 12
43 28 19 255 127 12
43 28 20 255 127 12
43 28 21 255 127 12
43 28 22 255 127 12
43 28 23 255 127 12
43 28 24 255 127 12
43 28 25 255 127 12
43 29 14 255 127 12
43 29 16 255 127 12
43 30 15 255 127 12
44 0 17 43 160 4
44 0 18 43 160 4
44 0 19 43 160 4
44 0 20 43 160 4
44 0 21 43 160 4
44 0 22 43 160 4
44 0 23 43 160 4
44 0 24 43 160 4
44 0 25 43 160 4
44 0 26 43 160 4
44 0 27 43 160 4
44 0 28 43 160 4
44 0 29 43 160 4
44 0 30 43 160 4
44 0 31 43 160 4
44 0 32 43 160 4
44 0 33 43 160 4
44 0 34 43 160 4
44 0 35 43 160 4
44 0 36 43 160 4
44 0 37 43 160 4
44 0 38 43 160 4
44 0 39 43 160 4
44 0 40 43 160 4
44 0 41 43 160 4
44 0 42 43 160 4
44 0 43 43 160 4
44 0 44 43 160 4
44 0 45 43 160 4
44 0 46 43 160 4
44 0 47 43 160 4
44 0 48 43 160 4
44 0 49 43 160 4
44 0 50 43 160 4
44 0 51 43 160 4
44 0 52 43 160 4
44 0 53 43 160 4
44 0 54 43 160 4
44 0 55 43 160 4
44 0 56 43 160 4
44 0 57 43 160 4
44 0 58 43 160 4
44 0 59 43 160 4
44 1 15 196 175 214
44 1 16 196 175 214
44 1 17 196 175 214
44 1 18 196 175 214
44 1 19 196 175 214
44 1 20 196 175 214
44 1 21 196 175 214
44 1 22 255 127 12
44 1 23 255 127 12
44 1 24 255 127 12
44 1 25 255 127 12
44 1 26 255 127 12
44 1 27 255 127 12
44 1 28 255 127 12
44 1 29 255 127 12
44 2 13 196 175 214
44 2 14 196 175 214
44 2 15 196 175 214
44 2 16 196 175 214
44 2 17 196 175 214
44 2 18 196 175 214
44 2 19 196 175 214
44 2 20 196 175 214
44 2 21 196 175 214
44 2 22 196 175 214
44 2 23 196 175 214
44 2 24 255 127 12
44 2 25 255 127 12
44 2 26 255 127 12
44 2 27 255 127 12
44 2 28 255 127 12
44 3 12 196 175 214
44 3 13 196 175 214
44 3 14 196 175 214
44 3 15 196 175 214
44 3 16 196 175 214
44 3 17 196 175 214
44 3 18 196 175 214
44 3 19 196 175 214
44 3 20 196 175 214
44 3 21 196 175 214
44 3 22 196 175 214
44 3 23 196 175 214
44 3 24 255 127 12
44 3 25 255 127 12
44 3 26 255 127 12
44 3 27 255 127 12
44 3 28 255 127 12
44 4 12 196 175 214
44 4 13 196 175 214
44 4 14 196 175 214
44 4 15 196 175 214
44 4 16 196 175 214
44 4 17 196 175 214
44 4 18 196 175 214
44 4 19 196 175 214
44 4 20 196 175 214
44 4 21 196 175 214
44 4 22 196 175 214
44 4 23 196 175 214
44 4 24 255 127 12
44 4 25 255 127 12
44 4 26 255 127 12
44 4 27 255 127 12
44 4 28 255 127 12
44 5 12 196 175 214
44 5 13 196 175 214
44 5 14 196 175 214
44 5 15 196 175 214
44 5 16 196 175 214
44 5 17 196 175 214
44 5 18 196 175 214
44 5 19 196 175 214
44 5 20 196 175 214
44 5 21 196 175 214
44 5 22 196 175 214
44 5 23 196 175 214
44 5 24 255 127 12
44 5 25 255 127 12
44 5 26 255 127 12
44 5 27 255 127 12
44 5 28 255 127 12
44 5 29 255 127 12
44 6 12 196 175 214
44 6 13 196 175 214
44 6 14 196 175 214
44 6 15 196 175 214
44 6 16 196 175 214
44 6 17 196 175 214
44 6 18 196 175 214
44 6 19 196 175 214
44 6 20 196 175 214
44 6 21 196 175 214
44 6 22 196 175 214
44 6 23 196 175 214
44 6 24 196 175 214
44 6 25 196 175 214
44 6 26 255 127 12
44 6 27 255 127 12
44 6 28 255 127 12
44 6 29 255 127 12
44 7 12 196 175 214
44 7 13 196 175 214
44 7 14 196 175 214
44 7 15 196 175 214
44 7 16 196 175 214
44 7 17 196 175 214
44 7 18 196 175 214
44 7 19 196 175 214
44 7 20 196 175 214
44 7 21 196 175 214
44 7 22 196 175 214
44 7 23 196 175 214
44 7 24 255 127 12
44 7 25 255 127 12
44 7 26 255 127 12
44 7 27 255 127 12
44 7 28 255 127 12
44 7 29 255 127 12
44 8 12 196 175 214
44 8 13 196 175 214
44 8 14 196 175 214
44 8 15 196 175 214
44 8 16 196 175 214
44 8 17 196 175 214
44 8 18 196 175 214
44 8 19 196 175 214
44 8 20 196 175 214
44 8 21 196 175 214
44 8 22 196 175 214
44 8 23 196 175 214
44 8 24 255 127 12
44 8 25 255 127 12
44 8 26 255 127 12
44 8 27 255 127 12
44 8 28 255 127 12
44 8 29 255 127 12
44 9 12 196 175 214
44 9 13 196 175 214
44 9 14 196 175 214
44 9 15 196 175 214
44 9 16 196 175 214
44 9 17 196 175 214
44 9 18 196 175 214
44 9 19 196 175 214
44 9 20 196 175 214
44 9 21 196 175 214
44 9 22 196 175 214
44 9 23 196 175 214
44 9 24 255 127 12
44 9 25 255 127 12
44 9 26 255 127 12
44 9 27 255 127 12
44 9 28 255 127 12
44 9 29 255 127 12
44 10 12 196 175 214
44 10 13 196 175 214
44 10 14 196 175 214
44 10 15 196 175 214
44 10 16 196 175 214
44 10 17 196 175 214
44 10 18 196 175 214
44 10 19 196 175 214
44 10 20 255 127 12
44 10 21 255 127 12
44 10 22 196 175 214
44 10 23 196 175 214
44 10 24 255 127 12
44 10 25 255 127 12
44 10 26 255 127 12
44 10 27 255 127 12
44 10 28 255 127 12
44 11 12 255 127 12
44 11 13 196 175 214
44 11 14 196 175 214
44 11 15 196 175 214
44 11 16 196 175 214
44 11 17 196 175 214
44 11 18 196 175 214
44 11 19 196 175 214
44 11 20 255 127 12
44 11 21 196 175 214
44 11 22 196 175 214
44 11 23 196 175 214
44 11 24 255 127 12
44 11 25 255 127 12
44 11 26 255 127 12
44 11 27 255 127 12
44 11 28 255 127 12
44 13 29 158 216 229
44 14 29 158 216 229
44 15 29 158 216 229
44 16 15 255 127 12
44 16 29 158 216 229
44 17 13 255 127 12
44 17 14 255 127 12
44 17 15 255 127 12
44 17 16 255 127 12
44 17 17 255 127 12
44 17 18 255 127 12
44 17 19 255 127 12
44 17 20 255 127 12
44 17 21 255 127 12
44 17 22 255 127 12
44 17 23 255 127 12
44 17 24 255 127 12
44 17 25 255 127 12
44 17 26 255 127 12
44 17 27 255 127 12
44 17 28 255 127 12
44 17 29 158 216 229
44 18 13 255 127 12
44 18 14 255 127 12
44 18 15 255 127 12
44 18 16 255 127 12
44 18 17 255 127 12
44 18 18 255 127 12
44 18 19 255 127 12
44 18 20 255 127 12
44 18 21 255 127 12
44 18 22 255 127 12
44 18 23 255 127 12
44 18 24 255 127 12
44 18 25 255 127 12
44 18 26 255 127 12
44 18 27 255 127 12
44 18 28 255 127 12
44 18 29 158 216 229
44 19 13 255 127 12
44 19 14 255 127 12
44 19 15 255 127 12
44 19 16 255 127 12
44 19 17 255 127 12
44 19 18 255 127 12
44 19 19 255 127 12
44 19 20 196 175 214
44 19 21 196 175 214
44 19 22 196 175 214
44 19 23 196 175 214
44 19 24 196 175 214
44 19 25 196 175 214
44 19 26 255 127 12
44 19 27 255 127 12
44 19 28 158 216 229
44 19 29 158 216 229
44 20 13 255 127 12
44 20 14 255 127 12
44 20 15 255 127 12
44 20 16 196 175 214
44 20 17 196 175 214
44 20 18 196 175 214
44 20 19 196 175 214
44 20 20 196 175 214
44 20 21 196 175 214
44 20 22 196 175 214
44 20 23 196 175 214
44 20 24 196 175 214
44 20 25 196 175 214
44 20 26 196 175 214
44 20 27 196 175 214
44 20 28 158 216 229
44 20 29 158 216 229
44 21 13 255 127 12
44 21 14 255 127 12
44 21 15 255 127 12
44 21 16 255 127 12
44 21 17 255 127 12
44 21 18 255 127 12
44 21 19 196 175 214
44 21 20 196 175 214
44 21 21 196 175 214
44 21 22 196 175 214
44 21 23 196 175 214
44 21 24 196 175 214
44 21 25 196 175 214
44 21 26 196 175 214
44 21 27 158 216 229
44 21 28 158 216 229
44 21 29 158 216 229
44 22 13 255 127 12
44 22 14 255 127 12
44 22 15 255 127 12
44 22 16 255 127 12
44 22 17 255 127 12
44 22 18 255 127 12
44 22 19 255 127 12
44 22 20 255 127 12
44 22 21 196 175 214
44 22 22 196 175 214
44 22 23 196 175 214
44 22 24 196 175 214
44 22 25 255 127 12
44 22 26 255 127 12
44 22 27 255 127 12
44 22 28 158 216 229
44 22 29 158 216 229
44 23 13 255 127 12
44 23 14 255 127 12
44 23 15 255 127 12
44 23 16 255 127 12
44 23 17 255 127 12
44 23 18 255 127 12
44 23 19 255 127 12
44 23 20 255 127 12
44 23 21 255 127 12
44 23 22 255 127 12
44 23 23 255 127 12
44 23 24 255 127 12
44 23 25 255 127 12
44 23 26 255 127 12
44 23 27 255 127 12
44 23 28 158 216 229
44 24 13 255 127 12
44 24 14 255 127 12
44 24 15 255 127 12
44 24 16 255 127 12
44 24 17 255 127 12
44 24 18 255 127 12
44 24 19 255 127 12
44 24 22 255 127 12
44 24 23 255 127 12
44 24 24 255 127 12
44 24 25 255 127 12
44 24 26 255 127 12
44 24 27 255 127 12
44 25 13 255 127 12
44 25 14 255 127 12
44 25 15 255 127 12
44 25 16 255 127 12
44 25 17 255 127 12
44 25 18 255 127 12
44 25 19 255 127 12
44 25 21 255 127 12
44 25 22 255 127 12
44 25 23 255 127 12
44 25 24 255 127 12
44 25 25 255 127 12
44 25 26 255 127 12
44 25 27 255 127 12
44 26 13 255 127 12
44 26 14 255 127 12
44 26 15 255 127 12
44 26 16 255 127 12
44 26 17 255 127 12
44 26 18 255 127 12
44 26 19 255 127 12
44 26 21 255 127 12
44 26 22 255 127 12
44 26 23 255 127 12
44 26 24 255 127 12
44 26 25 255 127 12
44 26 26 255 127 12
44 27 13 255 127 12
44 27 14 255 127 12
44 27 15 255 127 12
44 27 16 255 127 12
44 27 17 255 127 12
44 27 18 255 127 12
44 27 19 255 127 12
44 27 20 255 127 12
44 27 21 255 127 12
44 27 22 255 127 12
44 27 23 255 127 12
44 27 24 255 127 12
44 27 25 255 127 12
44 27 26 255 127 12
44 28 15 255 127 12
44 28 16 255 127 12
44 28 17 255 127 12
44 28 18 255 127 12
44 28 19 255 127 12
44 28 20 255 127 12
44 28 21 255 127 12
44 28 22 255 127 12
44 28 23 255 127 12
44 28 24 255 127 12
44 28 25 255 127 12
44 28 26 255 127 12
44 29 15 255 127 12
44 29 24 255 127 12
44 30 15 255 127 12
45 0 17 43 160 4
45 0 18 43 160 4
45 0 19 43 160 4
45 0 20 43 160 4
45 0 21 43 160 4
45 0 22 43 160 4
45 0 23 43 160 4
45 0 24 43 160 4
45 0 25 43 160 4
45 0 26 43 160 4
45 0 27 43 160 4
45 0 28 43 160 4
45 0 29 43 160 4
45 0 30 43 160 4
45 0 31 43 160 4
45 0 32 43 160 4
45 0 33 43 160 4
45 0 34 43 160 4
45 0 35 43 160 4
45 0 36 43 160 4
45 0 37 43 160 4
45 0 38 43 160 4
45 0 39 43 160 4
45 0 40 43 160 4
45 0 41 43 160 4
45 0 42 43 160 4
45 0 43 43 160 4
45 0 44 43 160 4
45 0 45 43 160 4
45 0 46 43 160 4
45 0 47 43 160 4
45 0 48 43 160 4
45 0 49 43 160 4
45 0 50 43 160 4
45 0 51 43 160 4
45 0 52 43 160 4
45 0 53 43 160 4
45 0 54 43 160 4
45 0 55 43 160 4
45 0 56 43 160 4
45 0 57 43 160 4
45 0 58 43 160 4
45 0 59 43 160 4
45 1 15 196 175 214
45 1 16 196 175 214
45 1 17 196 175 214
45 1 18 196 175 214
45 1 19 196 175 214
45 1 20 158 216 229
45 1 21 255 127 12
45 1 22 158 216 229
45 1 23 255 127 12
45 1 24 255 127 12
45 1 25 255 127 12
45 1 26 255 127 12
45 1 27 255 127 12
45 1 28 255 127 12
45 1 29 158 216 229
45 2 13 196 175 214
45 2 14 196 175 214
45 2 15 196 175 214
45 2 16 196 175 214
45 2 17 196 175 214
45 2 18 196 175 214
45 2 19 196 175 214
45 2 20 158 216 229
45 2 21 196 175 214
45 2 22 158 216 229
45 2 23 158 216 229
45 2 24 158 216 229
45 2 25 255 127 12
45 2 26 255 127 12
45 2 27 255 127 12
45 2 28 158 216 229
45 2 29 158 216 229
45 3 13 196 175 214
45 3 14 196 175 214
45 3 15 196 175 214
45 3 16 196 175 214
45 3 17 196 175 214
45 3 18 196 175 214
45 3 19 196 175 214
45 3 20 158 216 229
45 3 21 158 216 229
45 3 22 158 216 229
45 3 23 255 127 12
45 3 24 255 127 12
45 3 25 255 127 12
45 3 26 255 127 12
45 3 27 255 127 12
45 3 28 158 216 229
45 3 29 158 216 229
45 4 13 196 175 214
45 4 14 196 175 214
45 4 15 196 175 214
45 4 16 196 175 214
45 4 17 196 175 214
45 4 18 196 175 214
45 4 19 196 175 214
45 4 20 158 216 229
45 4 21 158 216 229
45 4 22 158 216 229
45 4 23 158 216 229
45 4 24 255 127 12
45 4 25 255 127 12
45 4 26 158 216 229
45 4 27 255 127 12
45 4 28 255 127 12
45 4 29 158 216 229
45 5 13 196 175 214
45 5 14 196 175 214
45 5 15 196 175 214
45 5 16 196 175 214
45 5 17 196 175 214
45 5 18 196 175 214
45 5 19 196 175 214
45 5 20 196 175 214
45 5 21 196 175 214
45 5 22 196 175 214
45 5 23 196 175 214
45 5 24 255 127 12
45 5 25 255 127 12
45 5 26 255 127 12
45 5 27 255 127 12
45 5 28 255 127 12
45 5 29 158 216 229
45 6 13 196 175 214
45 6 14 196 175 214
45 6 15 196 175 214
45 6 16 196 175 214
45 6 17 196 175 214
45 6 18 196 175 214
45 6 19 196 175 214
45 6 20 196 175 214
45 6 21 196 175 214
45 6 22 196 175 214
45 6 23 196 175 214
45 6 24 255 127 12
45 6 25 255 127 12
45 6 26 255 127 12
45 6 27 255 127 12
45 6 28 255 127 12
45 6 29 158 216 229
45 7 13 196 175 214
45 7 14 196 175 214
45 7 15 196 175 214
45 7 16 196 175 214
45 7 17 196 175 214
45 7 18 196 175 214
45 7 19 196 175 214
45 7 20 196 175 214
45 7 21 196 175 214
45 7 22 196 175 214
45 7 23 255 127 12
45 7 24 255 127 12
45 7 25 255 127 12
45 7 26 255 127 12
45 7 27 255 127 12
45 7 28 255 127 12
45 7 29 158 216 229
45 8 13 196 175 214
45 8 14 196 175 214
45 8 15 196 175 214
45 8 16 196 175 214
45 8 17 196 175 214
45 8 18 196 175 214
45 8 19 196 175 214
45 8 20 196 175 214
45 8 21 196 175 214
45 8 22 196 175 214
45 8 23 255 127 12
45 8 24 255 127 12
45 8 25 255 127 12
45 8 26 255 127 12
45 8 27 255 127 12
45 8 28 255 127 12
45 8 29 158 216 229
45 9 13 196 175 214
45 9 14 196 175 214
45 9 15 196 175 214
45 9 16 196 175 214
45 9 17 255 127 12
45 9 18 196 175 214
45 9 19 255 127 12
45 9 20 255 127 12
45 9 21 255 127 12
45 9 22 255 127 12
45 9 23 255 127 12
45 9 24 255 127 12
45 9 25 255 127 12
45 9 26 255 127 12
45 9 27 255 127 12
45 9 28 255 127 12
45 9 29 158 216 229
45 10 13 196 175 214
45 10 14 196 175 214
45 10 15 196 175 214
45 10 16 196 175 214
45 10 17 196 175 214
45 10 18 255 127 12
45 10 19 255 127 12
45 10 20 255 127 12
45 10 21 255 127 12
45 10 22 255 127 12
45 10 23 255 127 12
45 10 24 255 127 12
45 10 25 255 127 12
45 10 26 255 127 12
45 10 27 255 127 12
45 10 28 255 127 12
45 10 29 158 216 229
45 11 13 255 127 12
45 11 14 196 175 214
45 11 15 196 175 214
45 11 16 196 175 214
45 11 17 196 175 214
45 11 18 196 175 214
45 11 19 255 127 12
45 11 20 255 127 12
45 11 21 255 127 12
45 11 22 158 216 229
45 11 23 255 127 12
45 11 24 158 216 229
45 11 25 255 127 12
45 11 26 255 127 12
45 11 27 255 127 12
45 11 28 255 127 12
45 11 29 158 216 229
45 12 13 188 188 33
45 12 14 158 216 229
45 12 15 158 216 229
45 12 16 158 216 229
45 12 17 158 216 229
45 12 18 158 216 229
45 12 19 196 175 214
45 12 20 196 175 214
45 12 21 196 175 214
45 12 22 158 216 229
45 12 23 158 216 229
45 12 24 158 216 229
45 12 25 158 216 229
45 12 26 158 216 229
45 12 27 158 216 229
45 12 28 158 216 229
45 12 29 158 216 229
45 13 13 188 188 33
45 13 14 158 216 229
45 13 15 158 216 229
45 13 16 158 216 229
45 13 17 158 216 229
45 13 18 158 216 229
45 13 19 158 216 229
45 13 20 158 216 229
45 13 21 158 216 229
45 13 22 158 216 229
45 13 23 158 216 229
45 13 24 158 216 229
45 13 25 158 216 229
45 13 26 158 216 229
45 13 27 158 216 229
45 13 28 158 216 229
45 13 29 158 216 229
45 14 13 158 216 229
45 14 14 158 216 229
45 14 15 158 216 229
45 14 16 158 216 229
45 14 17 158 216 229
45 14 18 158 216 229
45 14 19 158 216 229
45 14 20 158 216 229
45 14 21 158 216 229
45 14 22 158 216 229
45 14 23 158 216 229
45 14 24 158 216 229
45 14 25 158 216 229
45 14 26 158 216 229
45 14 27 158 216 229
45 14 28 158 216 229
45 14 29 158 216 229
45 15 13 158 216 229
45 15 14 158 216 229
45 15 15 158 216 229
45 15 16 158 216 229
45 15 17 158 216 229
45 15 18 158 216 229
45 15 19 158 216 229
45 15 20 158 216 229
45 15 21 158 216 229
45 15 22 158 216 229
45 15 23 158 216 229
45 15 24 158 216 229
45 15 25 158 216 229
45 15 26 158 216 229
45 15 27 158 216 229
45 15 28 158 216 229
45 15 29 158 216 229
45 16 13 255 127 12
45 16 14 158 216 229
45 16 15 158 216 229
45 16 16 158 216 229
45 16 17 158 216 229
45 16 18 158 216 229
45 16 19 158 216 229
45 16 20 158 216 229
45 16 21 158 216 229
45 16 22 158 216 229
45 16 23 158 216 229
45 16 24 158 216 229
45 16 25 255 127 12
45 16 26 158 216 229
45 16 27 255 127 12
45 16 28 158 216 229
45 16 29 158 216 229
45 17 13 255 127 12
45 17 14 255 127 12
45 17 15 255 127 12
45 17 16 255 127 12
45 17 17 255 127 12
45 17 18 255 127 12
45 17 19 255 127 12
45 17 20 255 127 12
45 17 21 255 127 12
45 17 22 255 127 12
45 17 23 255 127 12
45 17 24 255 127 12
45 17 25 255 127 12
45 17 26 255 127 12
45 17 27 255 127 12
45 17 28 255 127 12
45 17 29 158 216 229
45 18 13 255 127 12
45 18 14 255 127 12
45 18 15 255 127 12
45 18 16 255 127 12
45 18 17 255 127 12
45 18 18 255 127 12
45 18 19 255 127 12
45 18 20 255 127 12
45 18 21 255 127 12
45 18 22 255 127 12
45 18 23 255 127 12
45 18 24 255 127 12
45 18 25 255 127 12
45 18 26 255 127 12
45 18 27 255 127 12
45 18 28 255 127 12
45 18 29 158 216 229
45 19 13 255 127 12
45 19 14 255 127 12
45 19 15 255 127 12
45 19 16 255 127 12
45 19 17 255 127 12
45 19 18 255 127 12
45 19 19 255 127 12
45 19 20 255 127 12
45 19 21 255 127 12
45 19 22 255 127 12
45 19 23 255 127 12
45 19 24 255 127 12
45 19 25 255 127 12
45 19 26 255 127 12
45 19 27 255 127 12
45 19 28 158 216 229
45 19 29 158 216 229
45 20 13 255 127 12
45 20 14 158 216 229
45 20 15 255 127 12
45 20 16 255 127 12
45 20 17 255 127 12
45 20 18 196 175 214
45 20 19 196 175 214
45 20 20 196 175 214
45 20 21 196 175 214
45 20 22 196 175 214
45 20 23 196 175 214
45 20 24 196 175 214
45 20 27 158 216 229
45 20 28 158 216 229
45 20 29 158 216 229
45 21 13 255 127 12
45 21 14 255 127 12
45 21 15 255 127 12
45 21 16 255 127 12
45 21 17 255 127 12
45 21 18 255 127 12
45 21 19 255 127 12
45 21 20 255 127 12
45 21 21 196 175 214
45 21 22 196 175 214
45 21 23 196 175 214
45 21 24 196 175 214
45 21 26 255 127 12
45 21 27 158 216 229
45 21 28 158 216 229
45 21 29 158 216 229
45 22 13 255 127 12
45 22 14 255 127 12
45 22 15 255 127 12
45 22 16 255 127 12
45 22 17 255 127 12
45 22 18 255 127 12
45 22 19 255 127 12
45 22 20 255 127 12
45 22 21 255 127 12
45 22 22 255 127 12
45 22 23 255 127 12
45 22 24 255 127 12
45 22 25 255 127 12
45 22 26 255 127 12
45 22 27 158 216 229
45 22 28 158 216 229
45 22 29 158 216 229
45 23 13 255 127 12
45 23 14 255 127 12
45 23 15 255 127 12
45 23 16 255 127 12
45 23 17 255 127 12
45 23 18 255 127 12
45 23 19 255 127 12
45 23 20 255 127 12
45 23 21 255 127 12
45 23 22 255 127 12
45 23 23 255 127 12
45 23 24 255 127 12
45 23 25 255 127 12
45 23 26 255 127 12
45 23 27 255 127 12
45 23 28 158 216 229
45 23 29 158 216 229
45 24 14 255 127 12
45 24 15 255 127 12
45 24 16 255 127 12
45 24 17 255 127 12
45 24 18 255 127 12
45 24 19 255 127 12
45 24 22 255 127 12
45 24 23 255 127 12
45 24 24 255 127 12
45 24 25 255 127 12
45 24 26 255 127 12
45 24 27 255 127 12
45 25 14 255 127 12
45 25 15 255 127 12
45 25 16 255 127 12
45 25 17 255 127 12
45 25 18 255 127 12
45 25 19 255 127 12
45 25 21 255 127 12
45 25 22 255 127 12
45 25 23 255 127 12
45 25 24 255 127 12
45 25 25 255 127 12
45 25 26 255 127 12
45 25 27 255 127 12
45 25 28 158 216 229
45 26 14 255 127 12
45 26 15 255 127 12
45 26 16 255 127 12
45 26 17 255 127 12
45 26 18 255 127 12
45 26 23 255 127 12
45 26 24 255 127 12
45 26 25 255 127 12
45 27 14 255 127 12
45 27 15 255 127 12
45 27 16 255 127 12
45 27 17 255 127 12
45 27 18 255 127 12
45 27 19 255 127 12
45 27 21 255 127 12
45 27 22 255 127 12
45 27 23 255 127 12
45 27 24 255 127 12
45 27 25 255 127 12
45 28 14 255 127 12
45 28 15 255 127 12
45 28 16 255 127 12
45 28 17 255 127 12
45 28 21 255 127 12
45 28 22 255 127 12
45 28 23 255 127 12
45 28 24 255 127 12
45 28 25 255 127 12
45 29 14 255 127 12
45 29 15 255 127 12
45 30 14 255 127 12
45 30 15 255 127 12
45 30 30 214 38 40
45 30 33 214 38 40
45 30 34 214 38 40
46 0 18 43 160 4
46 0 19 43 160 4
46 0 20 43 160 4
46 0 21 43 160 4
46 0 22 43 160 4
46 0 23 43 160 4
46 0 24 43 160 4
46 0 25 43 160 4
46 0 26 43 160 4
46 0 27 43 160 4
46 0 28 43 160 4
46 0 29 43 160 4
46 0 30 43 160 4
46 0 31 43 160 4
46 0 32 43 160 4
46 0 33 43 160 4
46 0 34 43 160 4
46 0 35 43 160 4
46 0 36 43 160 4
46 0 37 43 160 4
46 0 38 43 160 4
46 0 39 43 160 4
46 0 40 43 160 4
46 0 41 43 160 4
46 0 42 43 160 4
46 0 43 43 160 4
46 0 44 43 160 4
46 0 45 43 160 4
46 0 46 43 160 4
46 0 47 43 160 4
46 0 48 43 160 4
46 0 49 43 160 4
46 0 50 43 160 4
46 0 51 43 160 4
46 0 52 43 160 4
46 0 53 43 160 4
46 0 54 43 160 4
46 0 55 43 160 4
46 0 56 43 160 4
46 0 57 43 160 4
46 0 58 43 160 4
46 0 59 43 160 4
46 1 18 158 216 229
46 1 19 158 216 229
46 1 20 158 216 229
46 1 21 158 216 229
46 1 22 158 216 229
46 1 23 158 216 229
46 1 24 158 216 229
46 1 25 158 216 229
46 1 26 158 216 229
46 1 27 158 216 229
46 1 28 158 216 229
46 1 29 158 216 229
46 2 16 158 216 229
46 2 17 158 216 229
46 2 18 158 216 229
46 2 19 158 216 229
46 2 20 158 216 229
46 2 21 158 216 229
46 2 22 158 216 229
46 2 23 158 216 229
46 2 24 158 216 229
46 2 25 158 216 229
46 2 26 158 216 229
46 2 27 158 216 229
46 2 28 158 216 229
46 2 29 158 216 229
46 3 16 158 216 229
46 3 17 158 216 229
46 3 18 158 216 229
46 3 19 158 216 229
46 3 20 158 216 229
46 3 21 158 216 229
46 3 22 158 216 229
46 3 23 158 216 229
46 3 24 158 216 229
46 3 25 158 216 229
46 3 26 158 216 229
46 3 27 158 216 229
46 3 28 158 216 229
46 3 29 158 216 229
46 4 16 158 216 229
46 4 17 158 216 229
46 4 18 158 216 229
46 4 19 158 216 229
46 4 20 158 216 229
46 4 21 158 216 229
46 4 22 158 216 229
46 4 23 158 216 229
46 4 24 158 216 229
46 4 25 158 216 229
46 4 26 158 216 229
46 4 27 158 216 229
46 4 28 158 216 229
46 5 16 158 216 229
46 5 17 158 216 229
46 5 18 158 216 229
46 5 19 158 216 229
46 5 20 158 216 229
46 5 21 158 216 229
46 5 22 158 216 229
46 5 23 158 216 229
46 5 24 158 216 229
46 5 25 158 216 229
46 5 26 158 216 229
46 6 16 158 216 229
46 6 17 158 216 229
46 6 18 158 216 229
46 6 19 158 216 229
46 6 20 158 216 229
46 6 21 158 216 229
46 6 22 158 216 229
46 6 23 158 216 229
46 6 24 158 216 229
46 6 25 158 216 229
46 6 26 158 216 229
46 7 16 158 216 229
46 7 17 158 216 229
46 7 18 158 216 229
46 7 19 158 216 229
46 7 20 158 216 229
46 7 21 158 216 229
46 7 22 158 216 229
46 7 23 158 216 229
46 7 24 158 216 229
46 7 25 158 216 229
46 7 26 158 216 229
46 8 16 158 216 229
46 8 17 158 216 229
46 8 18 158 216 229
46 8 19 158 216 229
46 8 20 158 216 229
46 8 21 158 216 229
46 8 22 158 216 229
46 8 23 158 216 229
46 8 24 158 216 229
46 8 25 158 216 229
46 8 26 158 216 229
46 8 27 158 216 229
46 9 16 158 216 229
46 9 17 158 216 229
46 9 18 158 216 229
46 9 19 158 216 229
46 9 20 158 216 229
46 9 21 158 216 229
46 9 22 158 216 229
46 9 23 158 216 229
46 9 26 158 216 229
46 9 27 255 127 12
46 10 16 158 216 229
46 10 17 158 216 229
46 10 18 158 216 229
46 10 19 158 216 229
46 10 22 158 216 229
46 10 23 158 216 229
46 10 26 255 127 12
46 10 27 255 127 12
46 11 17 158 216 229
46 11 18 158 216 229
46 11 22 158 216 229
46 11 23 158 216 229
46 11 26 158 216 229
46 12 17 158 216 229
46 12 23 158 216 229
46 12 24 158 216 229
46 12 25 158 216 229
46 13 17 158 216 229
46 13 26 158 216 229
46 13 27 158 216 229
46 14 28 158 216 229
46 15 26 158 216 229
46 15 27 158 216 229
46 18 21 255 127 12
46 18 22 255 127 12
46 18 23 255 127 12
46 18 24 255 127 12
46 19 17 255 127 12
46 19 18 255 127 12
46 19 19 255 127 12
46 19 20 158 216 229
46 19 21 158 216 229
46 19 27 255 127 12
46 20 17 158 216 229
46 20 18 158 216 229
46 20 20 158 216 229
46 21 17 255 127 12
46 21 18 158 216 229
46 21 19 158 216 229
46 21 20 158 216 229
46 21 21 158 216 229
46 21 22 158 216 229
46 22 17 255 127 12
46 22 18 255 127 12
46 22 19 158 216 229
46 22 20 158 216 229
46 22 21 158 216 229
46 22 22 158 216 229
46 22 23 158 216 229
46 22 26 255 127 12
46 23 17 255 127 12
46 23 18 255 127 12
46 23 19 158 216 229
46 23 20 158 216 229
46 23 21 158 216 229
46 23 22 158 216 229
46 23 23 255 127 12
46 23 24 255 127 12
46 23 25 255 127 12
46 23 26 255 127 12
46 23 30 158 216 229
46 23 32 158 216 229
46 24 17 255 127 12
46 24 18 255 127 12
46 24 19 158 216 229
46 24 20 158 216 229
46 24 21 158 216 229
46 24 22 158 216 229
46 24 23 255 127 12
46 24 24 255 127 12
46 24 25 255 127 12
46 24 26 255 127 12
46 24 27 255 127 12
46 25 17 255 127 12
46 25 19 158 216 229
46 25 20 158 216 229
46 25 21 158 216 229
46 25 22 158 216 229
46 25 23 158 216 229
46 25 24 255 127 12
46 25 25 255 127 12
46 26 17 255 127 12
46 26 20 158 216 229
46 26 24 255 127 12
46 27 17 255 127 12
46 27 20 158 216 229
46 27 23 255 127 12
46 27 24 255 127 12
46 27 25 255 127 12
46 28 24 255 127 12
46 30 17 214 38 40
46 30 22 214 38 40
46 30 23 214 38 40
46 30 25 214 38 40
46 30 26 214 38 40
46 30 27 214 38 40
46 30 28 214 38 40
46 30 29 214 38 40
46 30 30 214 38 40
46 30 31 214 38 40
46 30 33 214 38 40
46 30 34 214 38 40
46 30 35 214 38 40
47 0 20 43 160 4
47 0 21 43 160 4
47 0 22 43 160 4
47 0 23 43 160 4
47 0 24 43 160 4
47 0 25 43 160 4
47 0 26 43 160 4
47 0 27 43 160 4
47 0 28 43 160 4
47 0 29 43 160 4
47 0 30 43 160 4
47 0 31 43 160 4
47 0 32 43 160 4
47 0 33 43 160 4
47 0 34 43 160 4
47 0 35 43 160 4
47 0 36 43 160 4
47 0 37 43 160 4
47 0 38 43 160 4
47 0 39 43 160 4
47 0 40 43 160 4
47 0 41 43 160 4
47 0 42 43 160 4
47 0 43 43 160 4
47 0 44 43 160 4
47 0 45 43 160 4
47 0 46 43 160 4
47 0 47 43 160 4
47 0 48 43 160 4
47 0 49 43 160 4
47 0 50 43 160 4
47 0 51 43 160 4
47 0 52 43 160 4
47 0 53 43 160 4
47 0 54 43 160 4
47 0 55 43 160 4
47 0 56 43 160 4
47 0 57 43 160 4
47 0 58 43 160 4
47 0 59 43 160 4
47 1 18 158 216 229
47 1 19 158 216 229
47 1 20 158 216 229
47 1 29 158 216 229
47 2 17 158 216 229
47 2 18 158 216 229
47 2 20 158 216 229
47 3 17 158 216 229
47 3 18 158 216 229
47 3 20 158 216 229
47 4 17 158 216 229
47 4 18 158 216 229
47 4 19 158 216 229
47 4 20 158 216 229
47 5 17 158 216 229
47 5 18 158 216 229
47 5 19 158 216 229
47 5 20 158 216 229
47 6 17 158 216 229
47 6 18 158 216 229
47 6 19 158 216 229
47 6 20 158 216 229
47 7 17 158 216 229
47 7 18 158 216 229
47 7 19 158 216 229
47 7 20 158 216 229
47 7 22 158 216 229
47 8 17 158 216 229
47 8 18 158 216 229
47 8 19 158 216 229
47 8 20 158 216 229
47 8 21 158 216 229
47 8 22 158 216 229
47 8 23 158 216 229
47 8 24 158 216 229
47 9 17 158 216 229
47 9 18 158 216 229
47 9 19 158 216 229
47 9 20 158 216 229
47 9 21 158 216 229
47 9 22 158 216 229
47 9 23 158 216 229
47 10 17 158 216 229
47 10 20 158 216 229
47 10 22 158 216 229
47 11 17 158 216 229
47 11 18 158 216 229
47 11 20 158 216 229
47 12 17 158 216 229
47 12 20 158 216 229
47 13 18 158 216 229
47 13 20 158 216 229
47 14 18 158 216 229
47 14 20 158 216 229
47 14 21 158 216 229
47 15 18 158 216 229
47 15 20 158 216 229
47 16 18 158 216 229
47 16 20 158 216 229
47 17 18 158 216 229
47 17 19 158 216 229
47 17 20 158 216 229
47 17 21 158 216 229
47 18 18 158 216 229
47 18 19 158 216 229
47 18 20 158 216 229
47 18 21 158 216 229
47 19 18 158 216 229
47 19 19 158 216 229
47 19 20 158 216 229
47 19 21 158 216 229
47 20 18 158 216 229
47 20 19 158 216 229
47 20 20 158 216 229
47 20 21 158 216 229
47 20 22 158 216 229
47 21 18 158 216 229
47 21 19 158 216 229
47 21 20 158 216 229
47 21 21 158 216 229
47 21 22 158 216 229
47 21 23 158 216 229
47 21 30 158 216 229
47 22 18 158 216 229
47 22 19 158 216 229
47 22 20 158 216 229
47 22 21 158 216 229
47 22 22 158 216 229
47 22 23 158 216 229
47 22 24 158 216 229
47 23 18 158 216 229
47 23 19 158 216 229
47 23 20 158 216 229
47 23 21 158 216 229
47 23 22 158 216 229
47 23 23 158 216 229
47 23 24 158 216 229
47 23 25 158 216 229
47 23 26 158 216 229
47 24 18 158 216 229
47 24 19 158 216 229
47 24 20 158 216 229
47 24 21 158 216 229
47 24 22 158 216 229
47 24 23 158 216 229
47 24 24 158 216 229
47 24 25 158 216 229
47 24 26 158 216 229
47 25 18 158 216 229
47 25 19 158 216 229
47 25 20 158 216 229
47 25 21 158 216 229
47 25 22 158 216 229
47 25 23 158 216 229
47 25 24 158 216 229
47 25 25 158 216 229
47 26 18 158 216 229
47 26 24 158 216 229
47 30 25 214 38 40
47 30 26 214 38 40
47 30 27 214 38 40
47 30 28 214 38 40
47 30 29 214 38 40
47 30 30 214 38 40
47 30 31 214 38 40
47 30 32 214 38 40
47 30 33 214 38 40
47 30 34 214 38 40
47 30 35 214 38 40
48 0 20 43 160 4
48 0 21 43 160 4
48 0 22 43 160 4
48 0 23 43 160 4
48 0 24 43 160 4
48 0 25 43 160 4
48 0 26 43 160 4
48 0 27 43 160 4
48 0 28 43 160 4
48 0 29 43 160 4
48 0 30 43 160 4
48 0 31 43 160 4
48 0 32 43 160 4
48 0 33 43 160 4
48 0 34 43 160 4
48 0 35 43 160 4
48 0 36 43 160 4
48 0 37 43 160 4
48 0 38 43 160 4
48 0 39 43 160 4
48 0 40 43 160 4
48 0 41 43 160 4
48 0 42 43 160 4
48 0 43 43 160 4
48 0 44 43 160 4
48 0 45 43 160 4
48 0 46 43 160 4
48 0 47 43 160 4
48 0 48 43 160 4
48 0 49 43 160 4
48 0 50 43 160 4
48 0 51 43 160 4
48 0 52 43 160 4
48 0 53 43 160 4
48 0 54 43 160 4
48 0 55 43 160 4
48 0 56 43 160 4
48 0 57 43 160 4
48 0 58 43 160 4
48 0 59 43 160 4
48 30 33 214 38 40
48 30 34 214 38 40
48 30 38 214 38 40
49 0 20 43 160 4
49 0 21 43 160 4
49 0 22 43 160 4
49 0 23 43 160 4
49 0 24 43 160 4
49 0 25 43 160 4
49 0 26 43 160 4
49 0 27 43 160 4
49 0 28 43 160 4
49 0 29 43 160 4
49 0 30 43 160 4
49 0 31 43 160 4
49 0 32 43 160 4
49 0 33 43 160 4
49 0 34 43 160 4
49 0 35 43 160 4
49 0 36 43 160 4
49 0 37 43 160 4
49 0 38 43 160 4
49 0 39 43 160 4
49 0 40 43 160 4
49 0 41 43 160 4
49 0 42 43 160 4
49 0 43 43 160 4
49 0 44 43 160 4
49 0 45 43 160 4
49 0 46 43 160 4
49 0 47 43 160 4
49 0 48 43 160 4
49 0 49 43 160 4
49 0 50 43 160 4
49 0 51 43 160 4
49 0 52 43 160 4
49 0 53 43 160 4
49 0 54 43 160 4
49 0 55 43 160 4
49 0 56 43 160 4
49 0 57 43 160 4
49 0 58 43 160 4
49 0 59 43 160 4
49 30 28 214 38 40
49 30 29 214 38 40
49 30 30 214 38 40
49 30 31 214 38 40
49 30 33 214 38 40
49 30 34 214 38 40
49 30 35 214 38 40
49 30 36 214 38 40
49 30 37 214 38 40
49 30 38 214 38 40
49 30 39 214 38 40
49 30 40 214 38 40
49 31 38 214 38 40
49 31 42 214 38 40
50 0 20 43 160 4
50 0 21 43 160 4
50 0 22 43 160 4
50 0 23 43 160 4
50 0 24 43 160 4
50 0 25 43 160 4
50 0 26 43 160 4
50 0 27 43 160 4
50 0 28 43 160 4
50 0 29 43 160 4
50 0 30 43 160 4
50 0 31 43 160 4
50 0 32 43 160 4
50 0 33 43 160 4
50 0 34 43 160 4
50 0 35 43 160 4
50 0 36 43 160 4
50 0 37 43 160 4
50 0 38 43 160 4
50 0 39 43 160 4
50 0 40 43 160 4
50 0 41 43 160 4
50 0 42 43 160 4
50 0 43 43 160 4
50 0 44 43 160 4
50 0 45 43 160 4
50 0 46 43 160 4
50 0 47 43 160 4
50 0 48 43 160 4
50 0 49 43 160 4
50 0 50 43 160 4
50 0 51 43 160 4
50 0 52 43 160 4
50 0 53 43 160 4
50 0 54 43 160 4
50 0 55 43 160 4
50 0 56 43 160 4
50 0 57 43 160 4
50 0 58 43 160 4
50 0 59 43 160 4
50 29 21 214 38 40
50 30 21 214 38 40
50 30 25 214 38 40
50 30 26 214 38 40
50 30 27 214 38 40
50 30 28 214 38 40
50 30 29 214 38 40
50 30 30 214 38 40
50 30 31 214 38 40
50 30 33 214 38 40
50 30 34 214 38 40
50 30 35 214 38 40
50 30 36 214 38 40
50 30 37 214 38 40
50 30 38 214 38 40
50 30 39 214 38 40
50 30 41 214 38 40
50 30 42 214 38 40
50 31 38 214 38 40
50 31 41 214 38 40
50 31 42 214 38 40
51 0 21 43 160 4
51 0 22 43 160 4
51 0 23 43 160 4
51 0 24 43 160 4
51 0 25 43 160 4
51 0 26 43 160 4
51 0 27 43 160 4
51 0 28 43 160 4
51 0 29 43 160 4
51 0 30 43 160 4
51 0 31 43 160 4
51 0 32 43 160 4
51 0 33 43 160 4
51 0 34 43 160 4
51 0 35 43 160 4
51 0 36 43 160 4
51 0 37 43 160 4
51 0 38 43 160 4
51 0 39 43 160 4
51 0 40 43 160 4
51 0 41 43 160 4
51 0 42 43 160 4
51 0 43 43 160 4
51 0 44 43 160 4
51 0 45 43 160 4
51 0 46 43 160 4
51 0 47 43 160 4
51 0 48 43 160 4
51 0 49 43 160 4
51 0 50 43 160 4
51 0 51 43 160 4
51 0 52 43 160 4
51 0 53 43 160 4
51 0 54 43 160 4
51 0 55 43 160 4
51 0 56 43 160 4
51 0 57 43 160 4
51 0 58 43 160 4
51 0 59 43 160 4
51 30 22 214 38 40
51 30 28 214 38 40
51 30 29 214 38 40
51 30 36 214 38 40
51 30 37 214 38 40
51 30 38 214 38 40
52 0 22 43 160 4
52 0 23 43 160 4
52 0 24 43 160 4
52 0 25 43 160 4
52 0 26 43 160 4
52 0 27 43 160 4
52 0 28 43 160 4
52 0 29 43 160 4
52 0 30 43 160 4
52 0 31 43 160 4
52 0 32 43 160 4
52 0 33 43 160 4
52 0 34 43 160 4
52 0 35 43 160 4
52 0 36 43 160 4
52 0 37 43 160 4
52 0 38 43 160 4
52 0 39 43 160 4
52 0 40 43 160 4
52 0 41 43 160 4
52 0 42 43 160 4
52 0 43 43 160 4
52 0 44 43 160 4
52 0 45 43 160 4
52 0 46 43 160 4
52 0 47 43 160 4
52 0 48 43 160 4
52 0 49 43 160 4
52 0 50 43 160 4
52 0 51 43 160 4
52 0 52 43 160 4
52 0 53 43 160 4
52 0 54 43 160 4
52 0 55 43 160 4
52 0 56 43 160 4
52 0 57 43 160 4
52 0 58 43 160 4
52 0 59 43 160 4
53 0 23 43 160 4
53 0 24 43 160 4
53 0 25 43 160 4
53 0 26 43 160 4
53 0 27 43 160 4
53 0 28 43 160 4
53 0 29 43 160 4
53 0 30 43 160 4
53 0 31 43 160 4
53 0 32 43 160 4
53 0 33 43 160 4
53 0 34 43 160 4
53 0 35 43 160 4
53 0 36 43 160 4
53 0 37 43 160 4
53 0 38 43 160 4
53 0 39 43 160 4
53 0 40 43 160 4
53 0 41 43 160 4
53 0 42 43 160 4
53 0 43 43 160 4
53 0 44 43 160 4
53 0 45 43 160 4
53 0 46 43 160 4
53 0 47 43 160 4
53 0 48 43 160 4
53 0 49 43 160 4
53 0 50 43 160 4
53 0 51 43 160 4
53 0 52 43 160 4
53 0 53 43 160 4
53 0 54 43 160 4
53 0 55 43 160 4
53 0 56 43 160 4
53 0 57 43 160 4
53 0 58 43 160 4
53 0 59 43 160 4
54 0 24 43 160 4
54 0 25 43 160 4
54 0 26 43 160 4
54 0 27 43 160 4
54 0 28 43 160 4
54 0 29 43 160 4
54 0 30 43 160 4
54 0 31 43 160 4
54 0 32 43 160 4
54 0 33 43 160 4
54 0 34 43 160 4
54 0 35 43 160 4
54 0 36 43 160 4
54 0 37 43 160 4
54 0 38 43 160 4
54 0 39 43 160 4
54 0 40 43 160 4
54 0 41 43 160 4
54 0 42 43 160 4
54 0 43 43 160 4
54 0 44 43 160 4
54 0 45 43 160 4
54 0 46 43 160 4
54 0 47 43 160 4
54 0 48 43 160 4
54 0 49 43 160 4
54 0 50 43 160 4
54 0 51 43 160 4
54 0 52 43 160 4
54 0 53 43 160 4
54 0 54 43 160 4
54 0 55 43 160 4
54 0 56 43 160 4
54 0 57 43 160 4
54 0 58 43 160 4
54 0 59 43 160 4
55 0 25 43 160 4
55 0 26 43 160 4
55 0 27 43 160 4
55 0 28 43 160 4
55 0 29 43 160 4
55 0 30 43 160 4
55 0 31 43 160 4
55 0 32 43 160 4
55 0 33 43 160 4
55 0 34 43 160 4
55 0 35 43 160 4
55 0 36 43 160 4
55 0 37 43 160 4
55 0 38 43 160 4
55 0 39 43 160 4
55 0 40 43 160 4
55 0 41 43 160 4
55 0 42 43 160 4
55 0 43 43 160 4
55 0 44 43 160 4
55 0 45 43 160 4
55 0 46 43 160 4
55 0 47 43 160 4
55 0 48 43 160 4
55 0 49 43 160 4
55 0 50 43 160 4
55 0 51 43 160 4
55 0 52 43 160 4
55 0 53 43 160 4
55 0 54 43 160 4
55 0 55 43 160 4
55 0 56 43 160 4
55 0 57 43 160 4
55 0 58 43 160 4
55 0 59 43 160 4
55 6 25 158 216 229
55 23 42 158 216 229
56 0 26 43 160 4
56 0 27 43 160 4
56 0 28 43 160 4
56 0 29 43 160 4
56 0 30 43 160 4
56 0 31 43 160 4
56 0 32 43 160 4
56 0 33 43 160 4
56 0 34 43 160 4
56 0 35 43 160 4
56 0 36 43 160 4
56 0 37 43 160 4
56 0 38 43 160 4
56 0 39 43 160 4
56 0 40 43 160 4
56 0 41 43 160 4
56 0 42 43 160 4
56 0 43 43 160 4
56 0 44 43 160 4
56 0 45 43 160 4
56 0 46 43 160 4
56 0 47 43 160 4
56 0 48 43 160 4
56 0 49 43 160 4
56 0 50 43 160 4
56 0 51 43 160 4
56 0 52 43 160 4
56 0 53 43 160 4
56 0 54 43 160 4
56 0 55 43 160 4
56 0 56 43 160 4
56 0 57 43 160 4
56 0 58 43 160 4
56 0 59 43 160 4
57 0 27 43 160 4
57 0 28 43 160 4
57 0 29 43 160 4
57 0 30 43 160 4
57 0 31 43 160 4
57 0 32 43 160 4
57 0 33 43 160 4
57 0 34 43 160 4
57 0 35 43 160 4
57 0 36 43 160 4
57 0 37 43 160 4
57 0 38 43 160 4
57 0 39 43 160 4
57 0 40 43 160 4
57 0 41 43 160 4
57 0 42 43 160 4
57 0 43 43 160 4
57 0 44 43 160 4
57 0 45 43 160 4
57 0 46 43 160 4
57 0 47 43 160 4
57 0 48 43 160 4
57 0 49 43 160 4
57 0 50 43 160 4
57 0 51 43 160 4
57 0 52 43 160 4
57 0 53 43 160 4
57 0 54 43 160 4
57 0 55 43 160 4
57 0 56 43 160 4
57 0 57 43 160 4
57 0 58 43 160 4
57 0 59 43 160 4
58 0 28 43 160 4
58 0 29 43 160 4
58 0 30 43 160 4
58 0 31 43 160 4
58 0 32 43 160 4
58 0 33 43 160 4
58 0 34 43 160 4
58 0 35 43 160 4
58 0 36 43 160 4
58 0 37 43 160 4
58 0 38 43 160 4
58 0 39 43 160 4
58 0 40 43 160 4
58 0 41 43 160 4
58 0 42 43 160 4
58 0 43 43 160 4
58 0 44 43 160 4
58 0 45 43 160 4
58 0 46 43 160 4
58 0 47 43 160 4
58 0 48 43 160 4
58 0 49 43 160 4
58 0 50 43 160 4
58 0 51 43 160 4
58 0 52 43 160 4
58 0 53 43 160 4
58 0 54 43 160 4
58 0 55 43 160 4
58 0 56 43 160 4
58 0 57 43 160 4
58 0 58 43 160 4
58 0 59 43 160 4
59 0 29 43 160 4
59 0 30 43 160 4
59 0 31 43 160 4
59 0 32 43 160 4
59 0 33 43 160 4
59 0 34 43 160 4
59 0 35 43 160 4
59 0 36 43 160 4
59 0 37 43 160 4
59 0 38 43 160 4
59 0 39 43 160 4
59 0 40 43 160 4
59 0 41 43 160 4
59 0 42 43 160 4
59 0 43 43 160 4
59 0 44 43 160 4
59 0 45 43 160 4
59 0 46 43 160 4
59 0 47 43 160 4
59 0 48 43 160 4
59 0 49 43 160 4
59 0 50 43 160 4
59 0 51 43 160 4
59 0 52 43 160 4
59 0 53 43 160 4
59 0 54 43 160 4
59 0 55 43 160 4
59 0 56 43 160 4
59 0 57 43 160 4
59 0 58 43 160 4
59 0 59 43 160 4
