ply
format ascii 1.0
element vertex 13614
property float x
property float y
property float z
property uchar red
property uchar green
property uchar blue
end_header
0 0 0 158 216 229
0 0 1 158 216 229
0 0 2 158 216 229
0 0 3 158 216 229
0 0 4 158 216 229
0 0 5 158 216 229
0 0 6 158 216 229
0 0 7 158 216 229
0 0 8 158 216 229
0 0 9 158 216 229
0 0 10 158 216 229
0 0 11 158 216 229
0 0 12 158 216 229
0 0 13 158 216 229
0 0 14 158 216 229
0 0 15 158 216 229
0 1 0 158 216 229
0 1 1 158 216 229
0 1 2 158 216 229
0 1 3 158 216 229
0 1 4 158 216 229
0 1 5 158 216 229
0 1 6 158 216 229
0 1 7 158 216 229
0 1 8 158 216 229
0 1 9 158 216 229
0 1 10 158 216 229
0 1 11 158 216 229
0 1 12 158 216 229
0 1 13 158 216 229
0 1 14 158 216 229
0 1 15 158 216 229
0 2 0 158 216 229
0 2 1 158 216 229
0 2 2 158 216 229
0 2 3 158 216 229
0 2 4 158 216 229
0 2 5 158 216 229
0 2 6 158 216 229
0 2 7 158 216 229
0 2 8 158 216 229
0 2 9 158 216 229
0 2 10 158 216 229
0 2 11 158 216 229
0 2 12 158 216 229
0 2 13 158 216 229
0 2 14 158 216 229
0 2 15 158 216 229
0 3 0 158 216 229
0 3 1 158 216 229
0 3 2 158 216 229
0 3 3 158 216 229
0 3 4 158 216 229
0 3 5 158 216 229
0 3 6 158 216 229
0 3 7 158 216 229
0 3 8 158 216 229
0 3 9 158 216 229
0 3 10 158 216 229
0 3 11 158 216 229
0 3 12 158 216 229
0 3 13 158 216 229
0 3 14 158 216 229
0 3 15 158 216 229
0 4 0 158 216 229
0 4 1 158 216 229
0 4 2 158 216 229
0 4 3 158 216 229
0 4 4 158 216 229
0 4 5 158 216 229
0 4 6 158 216 229
0 4 7 158 216 229
0 4 8 158 216 229
0 4 9 158 216 229
0 4 10 158 216 229
0 4 11 158 216 229
0 4 12 158 216 229
0 4 13 158 216 229
0 4 14 158 216 229
0 4 15 158 216 229
0 5 0 158 216 229
0 5 1 158 216 229
0 5 2 158 216 229
0 5 3 158 216 229
0 5 4 158 216 229
0 5 5 158 216 229
0 5 6 158 216 229
0 5 7 158 216 229
0 5 8 158 216 229
0 5 9 158 216 229
0 5 10 158 216 229
0 5 11 158 216 229
0 5 12 158 216 229
0 5 13 158 216 229
0 5 14 158 216 229
0 5 15 158 216 229
0 6 0 158 216 229
0 6 1 158 216 229
0 6 2 158 216 229
0 6 3 158 216 229
0 6 4 158 216 229
0 6 5 158 216 229
0 6 6 158 216 229
0 6 7 158 216 229
0 6 8 158 216 229
0 6 9 158 216 229
0 6 10 158 216 229
0 6 11 158 216 229
0 6 12 158 216 229
0 6 13 158 216 229
0 6 14 158 216 229
0 6 15 158 216 229
0 7 0 158 216 229
0 7 1 158 216 229
0 7 2 158 216 229
0 7 3 158 216 229
0 7 4 158 216 229
0 7 5 158 216 229
0 7 6 158 216 229
0 7 7 158 216 229
0 7 8 158 216 229
0 7 9 158 216 229
0 7 10 158 216 229
0 7 11 158 216 229
0 7 12 158 216 229
0 7 13 158 216 229
0 7 14 158 216 229
0 7 15 158 216 229
0 8 0 158 216 229
0 8 1 158 216 229
0 8 2 158 216 229
0 8 3 158 216 229
0 8 4 158 216 229
0 8 5 158 216 229
0 8 6 158 216 229
0 8 7 158 216 229
0 8 8 158 216 229
0 8 9 158 216 229
0 8 10 158 216 229
0 8 11 158 216 229
0 8 12 158 216 229
0 8 13 158 216 229
0 8 14 158 216 229
0 8 15 158 216 229
0 9 0 158 216 229
0 9 1 158 216 229
0 9 2 158 216 229
0 9 3 158 216 229
0 9 4 158 216 229
0 9 5 158 216 229
0 9 6 158 216 229
0 9 7 158 216 229
0 9 8 158 216 229
0 9 9 158 216 229
0 9 10 158 216 229
0 9 11 158 216 229
0 9 12 158 216 229
0 9 13 158 216 229
0 9 14 158 216 229
0 9 15 158 216 229
0 10 0 158 216 229
0 10 1 158 216 229
0 10 2 158 216 229
0 10 3 158 216 229
0 10 4 158 216 229
0 10 5 158 216 229
0 10 6 158 216 229
0 10 7 158 216 229
0 10 8 158 216 229
0 10 9 158 216 229
0 10 10 158 216 229
0 10 11 158 216 229
0 10 12 158 216 229
0 10 13 158 216 229
0 10 14 158 216 229
0 10 15 158 216 229
0 11 0 158 216 229
0 11 1 158 216 229
0 11 2 158 216 229
0 11 3 158 216 229
0 11 4 158 216 229
0 11 5 158 216 229
0 11 6 158 216 229
0 11 7 158 216 229
0 11 8 158 216 229
0 11 9 158 216 229
0 11 10 158 216 229
0 11 11 158 216 229
0 11 12 158 216 229
0 11 13 158 216 229
0 11 14 158 216 229
0 11 15 158 216 229
0 12 0 158 216 229
0 12 1 158 216 229
0 12 2 158 216 229
0 12 3 158 216 229
0 12 4 158 216 229
0 12 5 158 216 229
0 12 6 158 216 229
0 12 7 158 216 229
0 12 8 158 216 229
0 12 9 158 216 229
0 12 10 158 216 229
0 12 11 158 216 229
0 12 12 158 216 229
0 12 13 158 216 229
0 12 14 158 216 229
0 12 15 158 216 229
0 13 0 158 216 229
0 13 1 158 216 229
0 13 2 158 216 229
0 13 3 158 216 229
0 13 4 158 216 229
0 13 5 158 216 229
0 13 6 158 216 229
0 13 7 158 216 229
0 13 8 158 216 229
0 13 9 158 216 229
0 13 10 158 216 229
0 13 11 158 216 229
0 13 12 158 216 229
0 13 13 158 216 229
0 13 14 158 216 229
0 13 15 158 216 229
0 13 16 114 158 206
0 13 17 114 158 206
0 13 18 114 158 206
0 13 19 114 158 206
0 13 20 114 158 206
0 13 21 114 158 206
0 13 22 114 158 206
0 14 0 158 216 229
0 14 1 158 216 229
0 14 2 158 216 229
0 14 3 158 216 229
0 14 4 158 216 229
0 14 5 158 216 229
0 14 6 158 216 229
0 14 7 158 216 229
0 14 8 158 216 229
0 14 9 158 216 229
0 14 10 114 158 206
0 14 11 114 158 206
0 14 12 114 158 206
0 14 13 114 158 206
0 14 14 114 158 206
0 14 15 114 158 206
0 14 16 114 158 206
0 14 17 114 158 206
0 14 18 114 158 206
0 14 19 114 158 206
0 14 20 114 158 206
0 14 21 114 158 206
0 14 22 114 158 206
0 14 23 114 158 206
0 15 0 158 216 229
0 15 1 158 216 229
0 15 2 158 216 229
0 15 3 158 216 229
0 15 4 158 216 229
0 15 5 158 216 229
0 15 6 158 216 229
0 15 7 158 216 229
0 15 8 158 216 229
0 15 9 158 216 229
0 15 10 114 158 206
0 15 11 114 158 206
0 15 12 114 158 206
0 15 13 114 158 206
0 15 14 114 158 206
0 15 15 114 158 206
0 15 16 114 158 206
0 15 17 114 158 206
0 15 18 114 158 206
0 15 19 114 158 206
0 15 20 114 158 206
0 15 21 114 158 206
0 15 22 114 158 206
0 15 23 114 158 206
0 16 0 158 216 229
0 16 1 158 216 229
0 16 2 158 216 229
0 16 3 158 216 229
0 16 4 158 216 229
0 16 5 158 216 229
0 16 6 158 216 229
0 16 7 158 216 229
0 16 8 158 216 229
0 16 9 158 216 229
0 16 10 114 158 206
0 16 11 114 158 206
0 16 12 114 158 206
0 16 13 114 158 206
0 16 14 114 158 206
0 16 15 114 158 206
0 16 16 114 158 206
0 16 17 114 158 206
0 16 18 114 158 206
0 16 19 114 158 206
0 16 20 114 158 206
0 16 21 114 158 206
0 16 22 114 158 206
0 16 23 114 158 206
0 17 0 158 216 229
0 17 1 158 216 229
0 17 2 158 216 229
0 17 3 158 216 229
0 17 4 158 216 229
0 17 5 158 216 229
0 17 6 158 216 229
0 17 7 158 216 229
0 17 8 158 216 229
0 17 9 158 216 229
0 17 10 114 158 206
0 17 11 114 158 206
0 17 12 114 158 206
0 17 13 114 158 206
0 17 14 114 158 206
0 17 15 114 158 206
0 17 16 114 158 206
0 17 17 114 158 206
0 17 18 114 158 206
0 17 19 114 158 206
0 17 20 114 158 206
0 17 21 114 158 206
0 17 22 114 158 206
0 17 23 114 158 206
0 18 0 158 216 229
0 18 1 158 216 229
0 18 2 158 216 229
0 18 3 158 216 229
0 18 4 158 216 229
0 18 5 158 216 229
0 18 6 158 216 229
0 18 7 158 216 229
0 18 8 158 216 229
0 18 9 158 216 229
0 18 10 114 158 206
0 18 11 114 158 206
0 18 12 114 158 206
0 18 13 114 158 206
0 18 14 114 158 206
0 18 15 114 158 206
0 18 16 114 158 206
0 18 17 114 158 206
0 18 18 114 158 206
0 18 19 114 158 206
0 18 20 114 158 206
0 18 21 114 158 206
0 18 22 114 158 206
0 18 23 114 158 206
0 19 0 158 216 229
0 19 1 158 216 229
0 19 2 158 216 229
0 19 3 158 216 229
0 19 4 158 216 229
0 19 5 158 216 229
0 19 6 158 216 229
0 19 7 158 216 229
0 19 8 158 216 229
0 19 9 158 216 229
0 19 10 114 158 206
0 19 11 114 158 206
0 19 12 114 158 206
0 19 13 114 158 206
0 19 14 114 158 206
0 19 15 114 158 206
0 19 16 114 158 206
0 19 17 114 158 206
0 19 18 114 158 206
0 19 19 114 158 206
0 19 20 114 158 206
0 19 21 114 158 206
0 19 22 114 158 206
0 19 23 114 158 206
0 20 0 158 216 229
0 20 1 158 216 229
0 20 2 158 216 229
0 20 3 158 216 229
0 20 4 158 216 229
0 20 5 158 216 229
0 20 6 158 216 229
0 20 7 158 216 229
0 20 8 158 216 229
0 20 9 158 216 229
0 20 10 114 158 206
0 20 11 114 158 206
0 20 12 114 158 206
0 20 13 114 158 206
0 20 14 114 158 206
0 20 15 114 158 206
0 20 16 114 158 206
0 20 17 114 158 206
0 20 18 114 158 206
0 20 19 114 158 206
0 20 20 114 158 206
0 20 21 114 158 206
0 20 22 114 158 206
0 20 23 114 158 206
0 21 0 158 216 229
0 21 1 158 216 229
0 21 2 158 216 229
0 21 3 158 216 229
0 21 4 158 216 229
0 21 5 158 216 229
0 21 6 158 216 229
0 21 7 158 216 229
0 21 8 158 216 229
0 21 9 158 216 229
0 21 10 114 158 206
0 21 11 114 158 206
0 21 12 114 158 206
0 21 13 114 158 206
0 21 14 114 158 206
0 21 15 114 158 206
0 21 16 114 158 206
0 21 17 114 158 206
0 21 18 114 158 206
0 21 19 114 158 206
0 21 20 114 158 206
0 21 21 114 158 206
0 21 22 114 158 206
0 21 23 114 158 206
0 22 0 158 216 229
0 22 1 158 216 229
0 22 2 158 216 229
0 22 3 158 216 229
0 22 4 158 216 229
0 22 5 158 216 229
0 22 6 158 216 229
0 22 7 158 216 229
0 22 8 158 216 229
0 22 9 158 216 229
0 22 10 114 158 206
0 22 11 114 158 206
0 22 12 114 158 206
0 22 13 114 158 206
0 22 14 114 158 206
0 22 15 114 158 206
0 22 16 114 158 206
0 22 17 114 158 206
0 22 18 114 158 206
0 22 19 114 158 206
0 22 20 114 158 206
0 22 21 114 158 206
0 22 22 114 158 206
0 22 23 114 158 206
0 23 0 158 216 229
0 23 1 158 216 229
0 23 2 158 216 229
0 23 3 158 216 229
0 23 4 158 216 229
0 23 5 158 216 229
0 23 6 158 216 229
0 23 7 158 216 229
0 23 8 158 216 229
0 23 9 158 216 229
0 23 10 114 158 206
0 23 11 114 158 206
0 23 12 114 158 206
0 23 13 114 158 206
0 23 14 114 158 206
0 23 15 114 158 206
0 23 16 114 158 206
0 23 17 114 158 206
0 23 18 114 158 206
0 23 19 114 158 206
0 23 20 114 158 206
0 23 21 114 158 206
0 23 22 114 158 206
0 23 23 114 158 206
0 24 0 158 216 229
0 24 1 158 216 229
0 24 2 158 216 229
0 24 3 158 216 229
0 24 4 158 216 229
0 24 5 158 216 229
0 24 6 158 216 229
0 24 7 158 216 229
0 24 8 158 216 229
0 24 9 158 216 229
0 24 10 114 158 206
0 24 11 114 158 206
0 24 12 114 158 206
0 24 13 114 158 206
0 24 14 114 158 206
0 24 15 114 158 206
0 24 16 114 158 206
0 24 17 114 158 206
0 24 18 114 158 206
0 24 19 114 158 206
0 24 20 114 158 206
0 24 21 114 158 206
0 24 22 114 158 206
0 24 23 114 158 206
0 25 0 158 216 229
0 25 1 158 216 229
0 25 2 158 216 229
0 25 3 158 216 229
0 25 4 158 216 229
0 25 5 158 216 229
0 25 6 158 216 229
0 25 7 158 216 229
0 25 8 158 216 229
0 25 9 158 216 229
0 25 10 114 158 206
0 25 11 114 158 206
0 25 12 114 158 206
0 25 13 114 158 206
0 25 14 114 158 206
0 25 15 114 158 206
0 25 16 114 158 206
0 25 17 114 158 206
0 25 18 114 158 206
0 25 19 114 158 206
0 25 20 114 158 206
0 25 21 114 158 206
0 25 22 114 158 206
0 25 23 114 158 206
0 26 0 158 216 229
0 26 1 158 216 229
0 26 2 158 216 229
0 26 3 158 216 229
0 26 4 158 216 229
0 26 5 158 216 229
0 26 6 158 216 229
0 26 7 158 216 229
0 26 8 158 216 229
0 26 9 158 216 229
0 26 10 114 158 206
0 26 11 114 158 206
0 26 12 114 158 206
0 26 13 114 158 206
0 26 14 114 158 206
0 26 15 114 158 206
0 26 16 114 158 206
0 26 17 114 158 206
0 26 18 114 158 206
0 26 19 114 158 206
0 26 20 114 158 206
0 26 21 114 158 206
0 26 22 114 158 206
0 26 23 114 158 206
0 27 0 158 216 229
0 27 1 158 216 229
0 27 2 158 216 229
0 27 3 158 216 229
0 27 4 158 216 229
0 27 5 158 216 229
0 27 6 158 216 229
0 27 7 158 216 229
0 27 8 158 216 229
0 27 9 158 216 229
0 27 10 114 158 206
0 27 11 114 158 206
0 27 12 114 158 206
0 27 13 114 158 206
0 27 14 114 158 206
0 27 15 114 158 206
0 27 16 114 158 206
0 27 17 114 158 206
0 27 18 114 158 206
0 27 19 114 158 206
0 27 20 114 158 206
0 27 21 114 158 206
0 27 22 114 158 206
0 27 23 114 158 206
0 28 0 158 216 229
0 28 1 158 216 229
0 28 2 158 216 229
0 28 3 158 216 229
0 28 4 158 216 229
0 28 5 158 216 229
0 28 6 158 216 229
0 28 7 158 216 229
0 28 8 158 216 229
0 28 9 158 216 229
0 28 10 114 158 206
0 28 11 114 158 206
0 28 12 114 158 206
0 28 13 114 158 206
0 28 14 114 158 206
0 28 15 114 158 206
0 28 16 114 158 206
0 28 17 114 158 206
0 28 18 114 158 206
0 28 19 114 158 206
0 28 20 114 158 206
0 28 21 114 158 206
0 28 22 114 158 206
0 28 23 114 158 206
0 29 0 158 216 229
0 29 1 158 216 229
0 29 2 158 216 229
0 29 3 158 216 229
0 29 4 158 216 229
0 29 5 158 216 229
0 29 6 158 216 229
0 29 7 158 216 229
0 29 8 158 216 229
0 29 9 158 216 229
0 29 10 114 158 206
0 29 11 114 158 206
0 29 12 114 158 206
0 29 13 114 158 206
0 29 14 114 158 206
0 29 15 114 158 206
0 29 16 114 158 206
0 29 17 114 158 206
0 29 18 114 158 206
0 29 19 114 158 206
0 29 20 114 158 206
0 29 21 114 158 206
0 29 22 114 158 206
0 29 23 114 158 206
0 30 0 158 216 229
0 30 1 158 216 229
0 30 2 158 216 229
0 30 3 158 216 229
0 30 4 158 216 229
0 30 5 158 216 229
0 30 6 158 216 229
0 30 7 158 216 229
0 30 8 158 216 229
0 30 9 158 216 229
0 30 10 158 216 229
0 30 11 158 216 229
0 30 12 158 216 229
0 30 13 158 216 229
0 30 14 158 216 229
0 30 15 158 216 229
0 31 0 158 216 229
0 31 1 158 216 229
0 31 2 158 216 229
0 31 3 158 216 229
0 31 4 158 216 229
0 31 5 158 216 229
0 31 6 158 216 229
0 31 7 158 216 229
0 31 8 158 216 229
0 31 9 158 216 229
0 31 10 158 216 229
0 31 11 158 216 229
0 31 12 158 216 229
0 31 13 158 216 229
0 31 14 158 216 229
0 31 15 158 216 229
0 32 0 158 216 229
0 32 1 158 216 229
0 32 2 158 216 229
0 32 3 158 216 229
0 32 4 158 216 229
0 32 5 158 216 229
0 32 6 158 216 229
0 32 7 158 216 229
0 32 8 158 216 229
0 32 9 158 216 229
0 32 10 158 216 229
0 32 11 158 216 229
0 32 12 158 216 229
0 32 13 158 216 229
0 32 14 158 216 229
0 32 15 158 216 229
0 33 0 158 216 229
0 33 1 158 216 229
0 33 2 158 216 229
0 33 3 158 216 229
0 33 4 158 216 229
0 33 5 158 216 229
0 33 6 158 216 229
0 33 7 158 216 229
0 33 8 158 216 229
0 33 9 158 216 229
0 33 10 158 216 229
0 33 11 158 216 229
0 33 12 158 216 229
0 33 13 158 216 229
0 33 14 158 216 229
0 33 15 158 216 229
0 34 0 214 38 40
0 34 1 214 38 40
0 34 2 214 38 40
0 34 3 214 38 40
0 34 4 214 38 40
0 34 5 214 38 40
0 34 6 214 38 40
0 34 7 214 38 40
0 34 8 214 38 40
0 34 9 214 38 40
0 34 10 214 38 40
1 0 0 158 216 229
1 0 1 158 216 229
1 0 2 158 216 229
1 0 3 158 216 229
1 0 4 158 216 229
1 0 5 158 216 229
1 0 6 158 216 229
1 0 7 158 216 229
1 0 8 158 216 229
1 0 9 158 216 229
1 0 10 43 160 4
1 0 11 43 160 4
1 0 12 43 160 4
1 0 13 43 160 4
1 0 14 43 160 4
1 0 15 43 160 4
1 0 16 43 160 4
1 0 17 43 160 4
1 0 18 43 160 4
1 0 19 43 160 4
1 0 20 43 160 4
1 0 21 43 160 4
1 0 22 43 160 4
1 0 23 43 160 4
1 0 24 43 160 4
1 0 25 43 160 4
1 0 26 158 216 229
1 1 0 158 216 229
1 1 1 158 216 229
1 1 2 158 216 229
1 1 3 158 216 229
1 1 4 158 216 229
1 1 5 158 216 229
1 1 6 158 216 229
1 1 7 158 216 229
1 1 8 158 216 229
1 1 9 158 216 229
1 1 10 255 186 119
1 1 11 158 216 229
1 1 12 158 216 229
1 1 13 158 216 229
1 1 14 158 216 229
1 1 15 158 216 229
1 1 16 158 216 229
1 1 17 158 216 229
1 1 18 158 216 229
1 1 19 158 216 229
1 1 20 158 216 229
1 1 21 158 216 229
1 1 22 158 216 229
1 1 23 158 216 229
1 1 24 158 216 229
1 1 25 158 216 229
1 1 26 158 216 229
1 2 0 158 216 229
1 2 1 158 216 229
1 2 2 158 216 229
1 2 3 158 216 229
1 2 4 158 216 229
1 2 5 158 216 229
1 2 6 158 216 229
1 2 7 158 216 229
1 2 8 158 216 229
1 2 9 158 216 229
1 2 10 255 186 119
1 2 11 158 216 229
1 2 12 158 216 229
1 2 13 158 216 229
1 2 14 158 216 229
1 2 15 158 216 229
1 2 16 158 216 229
1 2 17 158 216 229
1 2 18 158 216 229
1 2 19 158 216 229
1 2 20 158 216 229
1 2 21 158 216 229
1 2 22 158 216 229
1 2 23 158 216 229
1 2 24 158 216 229
1 2 25 158 216 229
1 2 26 158 216 229
1 3 0 158 216 229
1 3 1 158 216 229
1 3 2 158 216 229
1 3 3 158 216 229
1 3 4 158 216 229
1 3 5 158 216 229
1 3 6 158 216 229
1 3 7 158 216 229
1 3 8 158 216 229
1 3 9 158 216 229
1 3 10 255 186 119
1 3 11 158 216 229
1 3 12 158 216 229
1 3 13 158 216 229
1 3 14 158 216 229
1 3 15 158 216 229
1 3 16 158 216 229
1 3 17 158 216 229
1 3 18 158 216 229
1 3 19 158 216 229
1 3 20 158 216 229
1 3 21 158 216 229
1 3 22 158 216 229
1 3 23 158 216 229
1 3 24 158 216 229
1 3 25 158 216 229
1 3 26 158 216 229
1 4 0 158 216 229
1 4 1 158 216 229
1 4 2 158 216 229
1 4 3 158 216 229
1 4 4 158 216 229
1 4 5 158 216 229
1 4 6 158 216 229
1 4 7 158 216 229
1 4 8 158 216 229
1 4 9 158 216 229
1 4 10 255 186 119
1 4 11 158 216 229
1 4 12 158 216 229
1 4 13 158 216 229
1 4 14 158 216 229
1 4 15 158 216 229
1 4 16 158 216 229
1 4 17 158 216 229
1 4 18 158 216 229
1 4 19 158 216 229
1 4 20 158 216 229
1 4 21 158 216 229
1 4 22 158 216 229
1 4 23 158 216 229
1 4 24 158 216 229
1 4 25 158 216 229
1 4 26 158 216 229
1 5 0 158 216 229
1 5 1 158 216 229
1 5 2 158 216 229
1 5 3 158 216 229
1 5 4 158 216 229
1 5 5 158 216 229
1 5 6 158 216 229
1 5 7 158 216 229
1 5 8 158 216 229
1 5 9 158 216 229
1 5 10 255 186 119
1 5 11 158 216 229
1 5 12 158 216 229
1 5 13 158 216 229
1 5 14 158 216 229
1 5 15 158 216 229
1 5 16 158 216 229
1 5 17 158 216 229
1 5 18 158 216 229
1 5 19 158 216 229
1 5 20 158 216 229
1 5 21 158 216 229
1 5 22 158 216 229
1 5 23 158 216 229
1 5 24 158 216 229
1 5 25 158 216 229
1 5 26 158 216 229
1 6 0 158 216 229
1 6 1 158 216 229
1 6 2 158 216 229
1 6 3 158 216 229
1 6 4 158 216 229
1 6 5 158 216 229
1 6 6 158 216 229
1 6 7 158 216 229
1 6 8 158 216 229
1 6 9 158 216 229
1 6 10 255 186 119
1 6 11 158 216 229
1 6 12 158 216 229
1 6 13 158 216 229
1 6 14 158 216 229
1 6 15 158 216 229
1 6 16 158 216 229
1 6 17 158 216 229
1 6 18 158 216 229
1 6 19 158 216 229
1 6 20 158 216 229
1 6 21 158 216 229
1 6 22 158 216 229
1 6 23 158 216 229
1 6 24 158 216 229
1 6 25 158 216 229
1 6 26 158 216 229
1 7 0 158 216 229
1 7 1 158 216 229
1 7 2 158 216 229
1 7 3 158 216 229
1 7 4 158 216 229
1 7 5 158 216 229
1 7 6 158 216 229
1 7 7 158 216 229
1 7 8 158 216 229
1 7 9 158 216 229
1 7 10 196 175 214
1 7 11 158 216 229
1 7 12 158 216 229
1 7 13 158 216 229
1 7 14 158 216 229
1 7 15 158 216 229
1 7 16 158 216 229
1 7 17 158 216 229
1 7 18 158 216 229
1 7 19 158 216 229
1 7 20 158 216 229
1 7 21 158 216 229
1 7 22 158 216 229
1 7 23 158 216 229
1 7 24 158 216 229
1 7 25 158 216 229
1 7 26 158 216 229
1 8 0 158 216 229
1 8 1 158 216 229
1 8 2 158 216 229
1 8 3 158 216 229
1 8 4 158 216 229
1 8 5 158 216 229
1 8 6 158 216 229
1 8 7 158 216 229
1 8 8 158 216 229
1 8 9 158 216 229
1 8 10 196 175 214
1 8 11 158 216 229
1 8 12 158 216 229
1 8 13 158 216 229
1 8 14 158 216 229
1 8 15 158 216 229
1 8 16 158 216 229
1 8 17 158 216 229
1 8 18 158 216 229
1 8 19 158 216 229
1 8 20 158 216 229
1 8 21 158 216 229
1 8 22 158 216 229
1 8 23 158 216 229
1 8 24 158 216 229
1 8 25 158 216 229
1 8 26 158 216 229
1 9 0 158 216 229
1 9 1 158 216 229
1 9 2 158 216 229
1 9 3 158 216 229
1 9 4 158 216 229
1 9 5 158 216 229
1 9 6 158 216 229
1 9 7 158 216 229
1 9 8 158 216 229
1 9 9 158 216 229
1 9 10 196 175 214
1 9 11 158 216 229
1 9 12 158 216 229
1 9 13 158 216 229
1 9 14 158 216 229
1 9 15 158 216 229
1 9 16 158 216 229
1 9 17 158 216 229
1 9 18 158 216 229
1 9 19 158 216 229
1 9 20 158 216 229
1 9 21 158 216 229
1 9 22 158 216 229
1 9 23 158 216 229
1 9 24 158 216 229
1 9 25 158 216 229
1 9 26 158 216 229
1 10 0 158 216 229
1 10 1 158 216 229
1 10 2 158 216 229
1 10 3 158 216 229
1 10 4 158 216 229
1 10 5 158 216 229
1 10 6 158 216 229
1 10 7 158 216 229
1 10 8 158 216 229
1 10 9 158 216 229
1 10 11 158 216 229
1 10 12 158 216 229
1 10 13 158 216 229
1 10 14 158 216 229
1 10 15 158 216 229
1 10 16 158 216 229
1 10 17 158 216 229
1 10 18 158 216 229
1 10 19 158 216 229
1 10 20 158 216 229
1 10 21 158 216 229
1 10 22 158 216 229
1 10 23 158 216 229
1 10 24 158 216 229
1 10 25 158 216 229
1 10 26 158 216 229
1 11 0 158 216 229
1 11 1 158 216 229
1 11 2 158 216 229
1 11 3 158 216 229
1 11 4 158 216 229
1 11 5 158 216 229
1 11 6 158 216 229
1 11 7 158 216 229
1 11 8 158 216 229
1 11 9 158 216 229
1 11 11 158 216 229
1 11 12 158 216 229
1 11 13 158 216 229
1 11 14 158 216 229
1 11 15 158 216 229
1 11 16 158 216 229
1 11 17 158 216 229
1 11 18 158 216 229
1 11 19 158 216 229
1 11 20 158 216 229
1 11 21 158 216 229
1 11 22 158 216 229
1 11 23 158 216 229
1 11 24 158 216 229
1 11 25 158 216 229
1 11 26 158 216 229
1 12 0 158 216 229
1 12 1 158 216 229
1 12 2 158 216 229
1 12 3 158 216 229
1 12 4 158 216 229
1 12 5 158 216 229
1 12 6 158 216 229
1 12 7 158 216 229
1 12 8 158 216 229
1 12 9 158 216 229
1 12 11 158 216 229
1 12 12 158 216 229
1 12 13 158 216 229
1 12 14 158 216 229
1 12 15 158 216 229
1 12 16 158 216 229
1 12 17 158 216 229
1 12 18 158 216 229
1 12 19 158 216 229
1 12 20 158 216 229
1 12 21 158 216 229
1 12 22 158 216 229
1 12 23 158 216 229
1 12 24 158 216 229
1 12 25 158 216 229
1 12 26 158 216 229
1 13 0 158 216 229
1 13 1 158 216 229
1 13 2 158 216 229
1 13 3 158 216 229
1 13 4 158 216 229
1 13 5 158 216 229
1 13 6 158 216 229
1 13 7 158 216 229
1 13 8 158 216 229
1 13 9 158 216 229
1 13 10 114 158 206
1 13 11 158 216 229
1 13 12 158 216 229
1 13 13 158 216 229
1 13 14 158 216 229
1 13 15 158 216 229
1 13 16 158 216 229
1 13 17 158 216 229
1 13 18 158 216 229
1 13 19 158 216 229
1 13 20 158 216 229
1 13 21 158 216 229
1 13 22 158 216 229
1 13 23 158 216 229
1 13 24 158 216 229
1 13 25 158 216 229
1 13 26 158 216 229
1 14 0 158 216 229
1 14 1 158 216 229
1 14 2 158 216 229
1 14 3 158 216 229
1 14 4 158 216 229
1 14 5 158 216 229
1 14 6 158 216 229
1 14 7 158 216 229
1 14 8 158 216 229
1 14 9 158 216 229
1 14 10 114 158 206
1 14 11 114 158 206
1 14 12 114 158 206
1 14 13 114 158 206
1 14 14 114 158 206
1 14 15 114 158 206
1 14 16 114 158 206
1 14 17 114 158 206
1 14 18 114 158 206
1 14 19 114 158 206
1 14 20 114 158 206
1 14 21 114 158 206
1 14 22 114 158 206
1 14 23 114 158 206
1 14 24 158 216 229
1 14 25 158 216 229
1 14 26 158 216 229
1 15 0 158 216 229
1 15 1 158 216 229
1 15 2 158 216 229
1 15 3 158 216 229
1 15 4 158 216 229
1 15 5 158 216 229
1 15 6 158 216 229
1 15 7 158 216 229
1 15 8 158 216 229
1 15 9 158 216 229
1 15 10 114 158 206
1 15 11 114 158 206
1 15 12 114 158 206
1 15 13 114 158 206
1 15 14 114 158 206
1 15 15 114 158 206
1 15 16 114 158 206
1 15 17 114 158 206
1 15 18 114 158 206
1 15 19 114 158 206
1 15 20 114 158 206
1 15 21 114 158 206
1 15 22 114 158 206
1 15 23 114 158 206
1 15 24 158 216 229
1 15 25 158 216 229
1 15 26 158 216 229
1 16 0 158 216 229
1 16 1 158 216 229
1 16 2 158 216 229
1 16 3 158 216 229
1 16 4 158 216 229
1 16 5 158 216 229
1 16 6 158 216 229
1 16 7 158 216 229
1 16 8 158 216 229
1 16 9 158 216 229
1 16 10 114 158 206
1 16 11 114 158 206
1 16 12 114 158 206
1 16 13 114 158 206
1 16 14 114 158 206
1 16 15 114 158 206
1 16 16 114 158 206
1 16 17 114 158 206
1 16 18 114 158 206
1 16 19 114 158 206
1 16 20 114 158 206
1 16 21 114 158 206
1 16 22 114 158 206
1 16 23 114 158 206
1 16 24 158 216 229
1 16 25 158 216 229
1 16 26 158 216 229
1 17 0 158 216 229
1 17 1 158 216 229
1 17 2 158 216 229
1 17 3 158 216 229
1 17 4 158 216 229
1 17 5 158 216 229
1 17 6 158 216 229
1 17 7 158 216 229
1 17 8 158 216 229
1 17 9 158 216 229
1 17 10 114 158 206
1 17 11 114 158 206
1 17 12 114 158 206
1 17 13 114 158 206
1 17 14 114 158 206
1 17 15 114 158 206
1 17 16 114 158 206
1 17 17 114 158 206
1 17 18 114 158 206
1 17 19 114 158 206
1 17 20 114 158 206
1 17 21 114 158 206
1 17 22 114 158 206
1 17 23 114 158 206
1 17 24 158 216 229
1 17 25 158 216 229
1 17 26 158 216 229
1 18 0 158 216 229
1 18 1 158 216 229
1 18 2 158 216 229
1 18 3 158 216 229
1 18 4 158 216 229
1 18 5 158 216 229
1 18 6 158 216 229
1 18 7 158 216 229
1 18 8 158 216 229
1 18 9 158 216 229
1 18 10 114 158 206
1 18 11 114 158 206
1 18 12 114 158 206
1 18 13 114 158 206
1 18 14 114 158 206
1 18 15 114 158 206
1 18 16 114 158 206
1 18 17 114 158 206
1 18 18 114 158 206
1 18 19 114 158 206
1 18 20 114 158 206
1 18 21 114 158 206
1 18 22 114 158 206
1 18 23 114 158 206
1 18 24 158 216 229
1 18 25 158 216 229
1 18 26 158 216 229
1 19 0 158 216 229
1 19 1 158 216 229
1 19 2 158 216 229
1 19 3 158 216 229
1 19 4 158 216 229
1 19 5 158 216 229
1 19 6 158 216 229
1 19 7 158 216 229
1 19 8 158 216 229
1 19 9 158 216 229
1 19 10 114 158 206
1 19 11 114 158 206
1 19 12 114 158 206
1 19 13 114 158 206
1 19 14 114 158 206
1 19 15 114 158 206
1 19 16 114 158 206
1 19 17 114 158 206
1 19 18 114 158 206
1 19 19 114 158 206
1 19 20 114 158 206
1 19 21 114 158 206
1 19 22 114 158 206
1 19 23 114 158 206
1 19 24 158 216 229
1 19 25 158 216 229
1 19 26 158 216 229
1 20 0 158 216 229
1 20 1 158 216 229
1 20 2 158 216 229
1 20 3 158 216 229
1 20 4 158 216 229
1 20 5 158 216 229
1 20 6 158 216 229
1 20 7 158 216 229
1 20 8 158 216 229
1 20 9 158 216 229
1 20 10 114 158 206
1 20 11 114 158 206
1 20 12 114 158 206
1 20 13 114 158 206
1 20 14 114 158 206
1 20 15 114 158 206
1 20 16 114 158 206
1 20 17 114 158 206
1 20 18 114 158 206
1 20 19 114 158 206
1 20 20 114 158 206
1 20 21 114 158 206
1 20 22 114 158 206
1 20 23 114 158 206
1 20 24 158 216 229
1 20 25 158 216 229
1 20 26 158 216 229
1 21 0 158 216 229
1 21 1 158 216 229
1 21 2 158 216 229
1 21 3 158 216 229
1 21 4 158 216 229
1 21 5 158 216 229
1 21 6 158 216 229
1 21 7 158 216 229
1 21 8 158 216 229
1 21 9 158 216 229
1 21 10 114 158 206
1 21 11 114 158 206
1 21 12 114 158 206
1 21 13 114 158 206
1 21 14 114 158 206
1 21 15 114 158 206
1 21 16 114 158 206
1 21 17 114 158 206
1 21 18 114 158 206
1 21 19 114 158 206
1 21 20 114 158 206
1 21 21 114 158 206
1 21 22 114 158 206
1 21 23 114 158 206
1 21 24 158 216 229
1 21 25 158 216 229
1 21 26 158 216 229
1 22 0 158 216 229
1 22 1 158 216 229
1 22 2 158 216 229
1 22 3 158 216 229
1 22 4 158 216 229
1 22 5 158 216 229
1 22 6 158 216 229
1 22 7 158 216 229
1 22 8 158 216 229
1 22 9 158 216 229
1 22 10 114 158 206
1 22 11 114 158 206
1 22 12 114 158 206
1 22 13 114 158 206
1 22 14 114 158 206
1 22 15 114 158 206
1 22 16 114 158 206
1 22 17 114 158 206
1 22 18 114 158 206
1 22 19 114 158 206
1 22 20 114 158 206
1 22 21 114 158 206
1 22 22 114 158 206
1 22 23 114 158 206
1 22 24 158 216 229
1 22 25 158 216 229
1 22 26 158 216 229
1 23 0 158 216 229
1 23 1 158 216 229
1 23 2 158 216 229
1 23 3 158 216 229
1 23 4 158 216 229
1 23 5 158 216 229
1 23 6 158 216 229
1 23 7 158 216 229
1 23 8 158 216 229
1 23 9 158 216 229
1 23 10 114 158 206
1 23 11 114 158 206
1 23 12 114 158 206
1 23 13 114 158 206
1 23 14 114 158 206
1 23 15 114 158 206
1 23 16 114 158 206
1 23 17 114 158 206
1 23 18 114 158 206
1 23 19 114 158 206
1 23 20 114 158 206
1 23 21 114 158 206
1 23 22 114 158 206
1 23 23 114 158 206
1 23 24 158 216 229
1 23 25 158 216 229
1 23 26 158 216 229
1 24 0 158 216 229
1 24 1 158 216 229
1 24 2 158 216 229
1 24 3 158 216 229
1 24 4 158 216 229
1 24 5 158 216 229
1 24 6 158 216 229
1 24 7 158 216 229
1 24 8 158 216 229
1 24 9 158 216 229
1 24 10 114 158 206
1 24 11 114 158 206
1 24 12 114 158 206
1 24 13 114 158 206
1 24 14 114 158 206
1 24 15 114 158 206
1 24 16 114 158 206
1 24 17 114 158 206
1 24 18 114 158 206
1 24 19 114 158 206
1 24 20 114 158 206
1 24 21 114 158 206
1 24 22 114 158 206
1 24 23 114 158 206
1 24 24 158 216 229
1 24 25 158 216 229
1 24 26 158 216 229
1 25 0 158 216 229
1 25 1 158 216 229
1 25 2 158 216 229
1 25 3 158 216 229
1 25 4 158 216 229
1 25 5 158 216 229
1 25 6 158 216 229
1 25 7 158 216 229
1 25 8 158 216 229
1 25 9 158 216 229
1 25 10 114 158 206
1 25 11 114 158 206
1 25 12 114 158 206
1 25 13 114 158 206
1 25 14 114 158 206
1 25 15 114 158 206
1 25 16 114 158 206
1 25 17 114 158 206
1 25 18 114 158 206
1 25 19 114 158 206
1 25 20 114 158 206
1 25 21 114 158 206
1 25 22 114 158 206
1 25 23 114 158 206
1 25 24 158 216 229
1 25 25 158 216 229
1 25 26 158 216 229
1 26 0 158 216 229
1 26 1 158 216 229
1 26 2 158 216 229
1 26 3 158 216 229
1 26 4 158 216 229
1 26 5 158 216 229
1 26 6 158 216 229
1 26 7 158 216 229
1 26 8 158 216 229
1 26 9 158 216 229
1 26 10 114 158 206
1 26 11 114 158 206
1 26 12 114 158 206
1 26 13 114 158 206
1 26 14 114 158 206
1 26 15 114 158 206
1 26 16 114 158 206
1 26 17 114 158 206
1 26 18 114 158 206
1 26 19 114 158 206
1 26 20 114 158 206
1 26 21 114 158 206
1 26 22 114 158 206
1 26 23 114 158 206
1 26 24 158 216 229
1 26 25 158 216 229
1 26 26 158 216 229
1 27 0 158 216 229
1 27 1 158 216 229
1 27 2 158 216 229
1 27 3 158 216 229
1 27 4 158 216 229
1 27 5 158 216 229
1 27 6 158 216 229
1 27 7 158 216 229
1 27 8 158 216 229
1 27 9 158 216 229
1 27 10 114 158 206
1 27 11 114 158 206
1 27 12 114 158 206
1 27 13 114 158 206
1 27 14 114 158 206
1 27 15 114 158 206
1 27 16 114 158 206
1 27 17 114 158 206
1 27 18 114 158 206
1 27 19 114 158 206
1 27 20 114 158 206
1 27 21 114 158 206
1 27 22 114 158 206
1 27 23 114 158 206
1 27 24 158 216 229
1 27 25 158 216 229
1 27 26 158 216 229
1 28 0 158 216 229
1 28 1 158 216 229
1 28 2 158 216 229
1 28 3 158 216 229
1 28 4 158 216 229
1 28 5 158 216 229
1 28 6 158 216 229
1 28 7 158 216 229
1 28 8 158 216 229
1 28 9 158 216 229
1 28 10 114 158 206
1 28 11 114 158 206
1 28 12 114 158 206
1 28 13 114 158 206
1 28 14 114 158 206
1 28 15 114 158 206
1 28 16 114 158 206
1 28 17 114 158 206
1 28 18 114 158 206
1 28 19 114 158 206
1 28 20 114 158 206
1 28 21 114 158 206
1 28 22 114 158 206
1 28 23 114 158 206
1 28 24 158 216 229
1 28 25 158 216 229
1 28 26 158 216 229
1 29 0 158 216 229
1 29 1 158 216 229
1 29 2 158 216 229
1 29 3 158 216 229
1 29 4 158 216 229
1 29 5 158 216 229
1 29 6 158 216 229
1 29 7 158 216 229
1 29 8 158 216 229
1 29 9 158 216 229
1 29 10 114 158 206
1 29 11 114 158 206
1 29 12 114 158 206
1 29 13 114 158 206
1 29 14 114 158 206
1 29 15 114 158 206
1 29 16 114 158 206
1 29 17 114 158 206
1 29 18 114 158 206
1 29 19 114 158 206
1 29 20 114 158 206
1 29 21 114 158 206
1 29 22 114 158 206
1 29 23 114 158 206
1 29 24 158 216 229
1 29 25 158 216 229
1 29 26 158 216 229
1 30 0 158 216 229
1 30 1 158 216 229
1 30 2 158 216 229
1 30 3 158 216 229
1 30 4 158 216 229
1 30 5 158 216 229
1 30 6 158 216 229
1 30 7 158 216 229
1 30 8 158 216 229
1 30 9 158 216 229
1 30 11 158 216 229
1 30 12 158 216 229
1 30 13 158 216 229
1 30 14 158 216 229
1 30 15 158 216 229
1 30 16 158 216 229
1 30 17 158 216 229
1 30 18 158 216 229
1 30 19 158 216 229
1 30 20 158 216 229
1 30 21 158 216 229
1 30 22 158 216 229
1 30 23 158 216 229
1 30 24 158 216 229
1 30 25 158 216 229
1 30 26 158 216 229
1 31 0 158 216 229
1 31 1 158 216 229
1 31 2 158 216 229
1 31 3 158 216 229
1 31 4 158 216 229
1 31 5 158 216 229
1 31 6 158 216 229
1 31 7 158 216 229
1 31 8 158 216 229
1 31 9 158 216 229
1 31 11 158 216 229
1 31 12 158 216 229
1 31 13 158 216 229
1 31 14 158 216 229
1 31 15 158 216 229
1 31 16 158 216 229
1 31 17 158 216 229
1 31 18 158 216 229
1 31 19 158 216 229
1 31 20 158 216 229
1 31 21 158 216 229
1 31 22 158 216 229
1 31 23 158 216 229
1 31 24 158 216 229
1 31 25 158 216 229
1 31 26 158 216 229
1 32 0 158 216 229
1 32 1 158 216 229
1 32 2 158 216 229
1 32 3 158 216 229
1 32 4 158 216 229
1 32 5 158 216 229
1 32 6 158 216 229
1 32 7 158 216 229
1 32 8 158 216 229
1 32 9 158 216 229
1 32 11 158 216 229
1 32 12 158 216 229
1 32 13 158 216 229
1 32 14 158 216 229
1 32 15 158 216 229
1 32 16 158 216 229
1 32 17 158 216 229
1 32 18 158 216 229
1 32 19 158 216 229
1 32 20 158 216 229
1 32 21 158 216 229
1 32 22 158 216 229
1 32 23 158 216 229
1 32 24 158 216 229
1 32 25 158 216 229
1 32 26 158 216 229
1 33 0 158 216 229
1 33 1 158 216 229
1 33 2 158 216 229
1 33 3 158 216 229
1 33 4 158 216 229
1 33 5 158 216 229
1 33 6 158 216 229
1 33 7 158 216 229
1 33 8 158 216 229
1 33 9 158 216 229
1 33 10 214 38 40
1 33 11 158 216 229
1 33 12 158 216 229
1 33 13 158 216 229
1 33 14 158 216 229
1 33 15 158 216 229
1 33 16 158 216 229
1 33 17 158 216 229
1 33 18 158 216 229
1 33 19 158 216 229
1 33 20 158 216 229
1 33 21 158 216 229
1 33 22 158 216 229
1 33 23 158 216 229
1 33 24 158 216 229
1 33 25 158 216 229
1 33 26 158 216 229
1 34 0 214 38 40
1 34 1 214 38 40
1 34 2 214 38 40
1 34 3 214 38 40
1 34 4 214 38 40
1 34 5 214 38 40
1 34 6 214 38 40
1 34 7 214 38 40
1 34 8 214 38 40
1 34 9 214 38 40
1 34 10 214 38 40
1 34 11 214 38 40
1 34 12 214 38 40
1 34 13 214 38 40
1 34 14 214 38 40
1 34 15 214 38 40
1 34 16 214 38 40
1 34 17 214 38 40
1 34 18 214 38 40
1 34 19 214 38 40
1 34 20 214 38 40
1 34 21 214 38 40
1 34 22 214 38 40
1 34 23 214 38 40
1 34 24 214 38 40
1 34 25 214 38 40
1 34 26 214 38 40
2 0 0 158 216 229
2 0 1 158 216 229
2 0 2 158 216 229
2 0 3 158 216 229
2 0 4 158 216 229
2 0 5 158 216 229
2 0 6 158 216 229
2 0 7 158 216 229
2 0 8 158 216 229
2 0 9 158 216 229
2 0 10 255 186 119
2 0 11 255 186 119
2 0 12 255 186 119
2 0 13 255 186 119
2 0 14 255 186 119
2 0 15 255 186 119
2 0 16 255 186 119
2 0 17 255 186 119
2 0 18 255 186 119
2 0 19 255 186 119
2 0 20 255 186 119
2 0 21 255 186 119
2 0 22 255 186 119
2 0 23 255 186 119
2 0 24 43 160 4
2 0 25 43 160 4
2 0 26 43 160 4
2 1 0 158 216 229
2 1 1 158 216 229
2 1 2 158 216 229
2 1 3 158 216 229
2 1 4 158 216 229
2 1 5 158 216 229
2 1 6 158 216 229
2 1 7 158 216 229
2 1 8 158 216 229
2 1 9 158 216 229
2 1 10 255 186 119
2 1 11 255 186 119
2 1 12 255 186 119
2 1 13 255 186 119
2 1 14 255 186 119
2 1 15 255 186 119
2 1 16 255 186 119
2 1 17 255 186 119
2 1 18 255 186 119
2 1 19 255 186 119
2 1 20 255 186 119
2 1 21 255 186 119
2 1 22 255 186 119
2 1 23 255 186 119
2 1 24 255 186 119
2 1 25 255 186 119
2 1 26 158 216 229
2 2 0 158 216 229
2 2 1 158 216 229
2 2 2 158 216 229
2 2 3 158 216 229
2 2 4 158 216 229
2 2 5 158 216 229
2 2 6 158 216 229
2 2 7 158 216 229
2 2 8 158 216 229
2 2 9 158 216 229
2 2 10 255 186 119
2 2 11 255 186 119
2 2 12 255 186 119
2 2 13 255 186 119
2 2 14 255 186 119
2 2 15 255 186 119
2 2 16 255 186 119
2 2 17 255 186 119
2 2 18 255 186 119
2 2 19 255 186 119
2 2 20 255 186 119
2 2 21 255 186 119
2 2 22 255 186 119
2 2 23 255 186 119
2 2 24 255 186 119
2 2 25 255 186 119
2 2 26 158 216 229
2 3 0 158 216 229
2 3 1 158 216 229
2 3 2 158 216 229
2 3 3 158 216 229
2 3 4 158 216 229
2 3 5 158 216 229
2 3 6 158 216 229
2 3 7 158 216 229
2 3 8 158 216 229
2 3 9 158 216 229
2 3 10 255 186 119
2 3 11 255 186 119
2 3 12 255 186 119
2 3 13 255 186 119
2 3 14 255 186 119
2 3 15 255 186 119
2 3 16 255 186 119
2 3 17 255 186 119
2 3 18 255 186 119
2 3 19 255 186 119
2 3 20 255 186 119
2 3 21 255 186 119
2 3 22 255 186 119
2 3 23 255 186 119
2 3 24 255 186 119
2 3 25 255 186 119
2 3 26 158 216 229
2 4 0 158 216 229
2 4 1 158 216 229
2 4 2 158 216 229
2 4 3 158 216 229
2 4 4 158 216 229
2 4 5 158 216 229
2 4 6 158 216 229
2 4 7 158 216 229
2 4 8 158 216 229
2 4 9 158 216 229
2 4 10 255 186 119
2 4 11 255 186 119
2 4 12 255 186 119
2 4 13 255 186 119
2 4 14 255 186 119
2 4 15 255 186 119
2 4 16 255 186 119
2 4 17 255 186 119
2 4 18 255 186 119
2 4 19 255 186 119
2 4 20 255 186 119
2 4 21 255 186 119
2 4 22 255 186 119
2 4 23 255 186 119
2 4 24 255 186 119
2 4 25 255 186 119
2 4 26 158 216 229
2 5 0 158 216 229
2 5 1 158 216 229
2 5 2 158 216 229
2 5 3 158 216 229
2 5 4 158 216 229
2 5 5 158 216 229
2 5 6 158 216 229
2 5 7 158 216 229
2 5 8 158 216 229
2 5 9 158 216 229
2 5 10 255 186 119
2 5 11 255 186 119
2 5 12 255 186 119
2 5 13 255 186 119
2 5 14 255 186 119
2 5 15 255 186 119
2 5 16 255 186 119
2 5 17 255 186 119
2 5 18 255 186 119
2 5 19 255 186 119
2 5 20 255 186 119
2 5 21 255 186 119
2 5 22 255 186 119
2 5 23 255 186 119
2 5 24 255 186 119
2 5 25 255 186 119
2 5 26 158 216 229
2 6 0 158 216 229
2 6 1 158 216 229
2 6 2 158 216 229
2 6 3 158 216 229
2 6 4 158 216 229
2 6 5 158 216 229
2 6 6 158 216 229
2 6 7 158 216 229
2 6 8 158 216 229
2 6 9 158 216 229
2 6 10 255 186 119
2 6 11 255 186 119
2 6 12 255 186 119
2 6 13 255 186 119
2 6 14 255 186 119
2 6 15 255 186 119
2 6 16 255 186 119
2 6 17 255 186 119
2 6 18 255 186 119
2 6 19 255 186 119
2 6 20 255 186 119
2 6 21 255 186 119
2 6 22 255 186 119
2 6 23 255 186 119
2 6 24 255 186 119
2 6 25 255 186 119
2 6 26 158 216 229
2 7 0 158 216 229
2 7 1 158 216 229
2 7 2 158 216 229
2 7 3 158 216 229
2 7 4 158 216 229
2 7 5 158 216 229
2 7 6 158 216 229
2 7 7 158 216 229
2 7 8 158 216 229
2 7 9 158 216 229
2 7 10 255 186 119
2 7 11 255 186 119
2 7 12 255 186 119
2 7 13 255 186 119
2 7 14 255 186 119
2 7 15 255 186 119
2 7 16 255 186 119
2 7 17 255 186 119
2 7 18 255 186 119
2 7 19 255 186 119
2 7 20 255 186 119
2 7 21 255 186 119
2 7 22 255 186 119
2 7 23 255 186 119
2 7 24 255 186 119
2 7 25 255 186 119
2 7 26 158 216 229
2 8 0 158 216 229
2 8 1 158 216 229
2 8 2 158 216 229
2 8 3 158 216 229
2 8 4 158 216 229
2 8 5 158 216 229
2 8 6 158 216 229
2 8 7 158 216 229
2 8 8 158 216 229
2 8 9 196 175 214
2 8 10 196 175 214
2 8 11 196 175 214
2 8 12 196 175 214
2 8 14 196 175 214
2 8 15 196 175 214
2 8 16 196 175 214
2 8 17 196 175 214
2 8 18 196 175 214
2 8 19 196 175 214
2 8 20 196 175 214
2 8 21 196 175 214
2 8 22 196 175 214
2 8 23 196 175 214
2 8 24 196 175 214
2 8 25 196 175 214
2 8 26 158 216 229
2 9 0 158 216 229
2 9 1 158 216 229
2 9 2 158 216 229
2 9 3 158 216 229
2 9 4 158 216 229
2 9 5 158 216 229
2 9 6 158 216 229
2 9 7 158 216 229
2 9 8 158 216 229
2 9 9 196 175 214
2 9 10 196 175 214
2 9 11 196 175 214
2 9 12 196 175 214
2 9 14 196 175 214
2 9 15 196 175 214
2 9 16 196 175 214
2 9 17 196 175 214
2 9 18 196 175 214
2 9 19 196 175 214
2 9 20 196 175 214
2 9 21 196 175 214
2 9 22 196 175 214
2 9 23 196 175 214
2 9 24 196 175 214
2 9 25 196 175 214
2 9 26 158 216 229
2 10 0 158 216 229
2 10 1 158 216 229
2 10 2 158 216 229
2 10 3 158 216 229
2 10 4 158 216 229
2 10 5 158 216 229
2 10 6 158 216 229
2 10 7 158 216 229
2 10 8 158 216 229
2 10 9 158 216 229
2 10 17 196 175 214
2 10 18 196 175 214
2 10 19 196 175 214
2 10 20 196 175 214
2 10 26 158 216 229
2 11 0 158 216 229
2 11 1 158 216 229
2 11 2 158 216 229
2 11 3 158 216 229
2 11 4 158 216 229
2 11 5 158 216 229
2 11 6 158 216 229
2 11 7 158 216 229
2 11 8 158 216 229
2 11 9 158 216 229
2 11 26 158 216 229
2 12 0 158 216 229
2 12 1 158 216 229
2 12 2 158 216 229
2 12 3 158 216 229
2 12 4 158 216 229
2 12 5 158 216 229
2 12 6 158 216 229
2 12 7 158 216 229
2 12 8 158 216 229
2 12 9 158 216 229
2 12 26 158 216 229
2 13 0 158 216 229
2 13 1 158 216 229
2 13 2 158 216 229
2 13 3 158 216 229
2 13 4 158 216 229
2 13 5 158 216 229
2 13 6 158 216 229
2 13 7 158 216 229
2 13 8 158 216 229
2 13 9 158 216 229
2 13 21 114 158 206
2 13 22 114 158 206
2 13 26 158 216 229
2 14 0 158 216 229
2 14 1 158 216 229
2 14 2 158 216 229
2 14 3 158 216 229
2 14 4 158 216 229
2 14 5 158 216 229
2 14 6 158 216 229
2 14 7 158 216 229
2 14 8 158 216 229
2 14 9 158 216 229
2 14 21 114 158 206
2 14 22 114 158 206
2 14 23 114 158 206
2 14 26 158 216 229
2 15 0 158 216 229
2 15 1 158 216 229
2 15 2 158 216 229
2 15 3 158 216 229
2 15 4 158 216 229
2 15 5 158 216 229
2 15 6 158 216 229
2 15 7 158 216 229
2 15 8 158 216 229
2 15 9 158 216 229
2 15 21 114 158 206
2 15 22 114 158 206
2 15 23 114 158 206
2 15 26 158 216 229
2 16 0 158 216 229
2 16 1 158 216 229
2 16 2 158 216 229
2 16 3 158 216 229
2 16 4 158 216 229
2 16 5 158 216 229
2 16 6 158 216 229
2 16 7 158 216 229
2 16 8 158 216 229
2 16 9 158 216 229
2 16 21 114 158 206
2 16 22 114 158 206
2 16 23 114 158 206
2 16 26 158 216 229
2 17 0 158 216 229
2 17 1 158 216 229
2 17 2 158 216 229
2 17 3 158 216 229
2 17 4 158 216 229
2 17 5 158 216 229
2 17 6 158 216 229
2 17 7 158 216 229
2 17 8 158 216 229
2 17 9 158 216 229
2 17 21 114 158 206
2 17 22 114 158 206
2 17 23 114 158 206
2 17 26 158 216 229
2 18 0 158 216 229
2 18 1 158 216 229
2 18 2 158 216 229
2 18 3 158 216 229
2 18 4 158 216 229
2 18 5 158 216 229
2 18 6 158 216 229
2 18 7 158 216 229
2 18 8 158 216 229
2 18 9 158 216 229
2 18 21 114 158 206
2 18 22 114 158 206
2 18 23 114 158 206
2 18 26 158 216 229
2 19 0 158 216 229
2 19 1 158 216 229
2 19 2 158 216 229
2 19 3 158 216 229
2 19 4 158 216 229
2 19 5 158 216 229
2 19 6 158 216 229
2 19 7 158 216 229
2 19 8 158 216 229
2 19 9 158 216 229
2 19 21 114 158 206
2 19 22 114 158 206
2 19 23 114 158 206
2 19 26 158 216 229
2 20 0 158 216 229
2 20 1 158 216 229
2 20 2 158 216 229
2 20 3 158 216 229
2 20 4 158 216 229
2 20 5 158 216 229
2 20 6 158 216 229
2 20 7 158 216 229
2 20 8 158 216 229
2 20 9 158 216 229
2 20 21 114 158 206
2 20 22 114 158 206
2 20 23 114 158 206
2 20 26 158 216 229
2 21 0 158 216 229
2 21 1 158 216 229
2 21 2 158 216 229
2 21 3 158 216 229
2 21 4 158 216 229
2 21 5 158 216 229
2 21 6 158 216 229
2 21 7 158 216 229
2 21 8 158 216 229
2 21 9 158 216 229
2 21 21 114 158 206
2 21 22 114 158 206
2 21 23 114 158 206
2 21 26 158 216 229
2 22 0 158 216 229
2 22 1 158 216 229
2 22 2 158 216 229
2 22 3 158 216 229
2 22 4 158 216 229
2 22 5 158 216 229
2 22 6 158 216 229
2 22 7 158 216 229
2 22 8 158 216 229
2 22 9 158 216 229
2 22 21 114 158 206
2 22 22 114 158 206
2 22 23 114 158 206
2 22 26 158 216 229
2 23 0 158 216 229
2 23 1 158 216 229
2 23 2 158 216 229
2 23 3 158 216 229
2 23 4 158 216 229
2 23 5 158 216 229
2 23 6 158 216 229
2 23 7 158 216 229
2 23 8 158 216 229
2 23 9 158 216 229
2 23 21 114 158 206
2 23 22 114 158 206
2 23 23 114 158 206
2 23 26 158 216 229
2 24 0 158 216 229
2 24 1 158 216 229
2 24 2 158 216 229
2 24 3 158 216 229
2 24 4 158 216 229
2 24 5 158 216 229
2 24 6 158 216 229
2 24 7 158 216 229
2 24 8 158 216 229
2 24 9 158 216 229
2 24 21 114 158 206
2 24 22 114 158 206
2 24 23 114 158 206
2 24 26 158 216 229
2 25 0 158 216 229
2 25 1 158 216 229
2 25 2 158 216 229
2 25 3 158 216 229
2 25 4 158 216 229
2 25 5 158 216 229
2 25 6 158 216 229
2 25 7 158 216 229
2 25 8 158 216 229
2 25 9 158 216 229
2 25 21 114 158 206
2 25 22 114 158 206
2 25 23 114 158 206
2 25 26 158 216 229
2 26 0 158 216 229
2 26 1 158 216 229
2 26 2 158 216 229
2 26 3 158 216 229
2 26 4 158 216 229
2 26 5 158 216 229
2 26 6 158 216 229
2 26 7 158 216 229
2 26 8 158 216 229
2 26 9 158 216 229
2 26 21 114 158 206
2 26 22 114 158 206
2 26 23 114 158 206
2 26 26 158 216 229
2 27 0 158 216 229
2 27 1 158 216 229
2 27 2 158 216 229
2 27 3 158 216 229
2 27 4 158 216 229
2 27 5 158 216 229
2 27 6 158 216 229
2 27 7 158 216 229
2 27 8 158 216 229
2 27 9 158 216 229
2 27 21 114 158 206
2 27 22 114 158 206
2 27 23 114 158 206
2 27 26 158 216 229
2 28 0 158 216 229
2 28 1 158 216 229
2 28 2 158 216 229
2 28 3 158 216 229
2 28 4 158 216 229
2 28 5 158 216 229
2 28 6 158 216 229
2 28 7 158 216 229
2 28 8 158 216 229
2 28 9 158 216 229
2 28 21 114 158 206
2 28 22 114 158 206
2 28 23 114 158 206
2 28 26 158 216 229
2 29 0 158 216 229
2 29 1 158 216 229
2 29 2 158 216 229
2 29 3 158 216 229
2 29 4 158 216 229
2 29 5 158 216 229
2 29 6 158 216 229
2 29 7 158 216 229
2 29 8 158 216 229
2 29 9 158 216 229
2 29 21 114 158 206
2 29 22 114 158 206
2 29 23 114 158 206
2 29 26 158 216 229
2 30 0 158 216 229
2 30 1 158 216 229
2 30 2 158 216 229
2 30 3 158 216 229
2 30 4 158 216 229
2 30 5 158 216 229
2 30 6 158 216 229
2 30 7 158 216 229
2 30 8 158 216 229
2 30 9 158 216 229
2 30 26 158 216 229
2 31 0 158 216 229
2 31 1 158 216 229
2 31 2 158 216 229
2 31 3 158 216 229
2 31 4 158 216 229
2 31 5 158 216 229
2 31 6 158 216 229
2 31 7 158 216 229
2 31 8 158 216 229
2 31 9 158 216 229
2 31 26 158 216 229
2 32 0 158 216 229
2 32 1 158 216 229
2 32 2 158 216 229
2 32 3 158 216 229
2 32 4 158 216 229
2 32 5 158 216 229
2 32 6 158 216 229
2 32 7 158 216 229
2 32 8 158 216 229
2 32 9 158 216 229
2 32 26 158 216 229
2 33 0 158 216 229
2 33 1 158 216 229
2 33 2 158 216 229
2 33 3 158 216 229
2 33 4 158 216 229
2 33 5 158 216 229
2 33 6 158 216 229
2 33 7 158 216 229
2 33 8 158 216 229
2 33 9 158 216 229
2 33 10 214 38 40
2 33 11 214 38 40
2 33 12 214 38 40
2 33 13 214 38 40
2 33 14 214 38 40
2 33 15 214 38 40
2 33 16 214 38 40
2 33 17 214 38 40
2 33 18 214 38 40
2 33 19 214 38 40
2 33 20 214 38 40
2 33 21 214 38 40
2 33 22 214 38 40
2 33 23 214 38 40
2 33 24 214 38 40
2 33 25 214 38 40
2 33 26 158 216 229
2 34 0 214 38 40
2 34 1 214 38 40
2 34 2 214 38 40
2 34 3 214 38 40
2 34 4 214 38 40
2 34 5 214 38 40
2 34 6 214 38 40
2 34 7 214 38 40
2 34 8 214 38 40
2 34 9 214 38 40
2 34 10 214 38 40
2 34 11 214 38 40
2 34 12 214 38 40
2 34 13 214 38 40
2 34 14 214 38 40
2 34 15 214 38 40
2 34 16 214 38 40
2 34 17 214 38 40
2 34 18 214 38 40
2 34 19 214 38 40
2 34 20 214 38 40
2 34 21 214 38 40
2 34 22 214 38 40
2 34 23 214 38 40
2 34 24 214 38 40
2 34 25 214 38 40
2 34 26 214 38 40
3 0 0 43 160 4
3 0 1 43 160 4
3 0 2 43 160 4
3 0 3 43 160 4
3 0 4 43 160 4
3 0 5 43 160 4
3 0 6 43 160 4
3 0 7 43 160 4
3 0 8 30 119 181
3 0 9 255 186 119
3 0 10 255 186 119
3 0 11 255 186 119
3 0 12 255 186 119
3 0 13 255 186 119
3 0 14 255 186 119
3 0 15 255 186 119
3 0 16 255 186 119
3 0 17 255 186 119
3 0 18 255 186 119
3 0 19 255 186 119
3 0 20 255 186 119
3 0 21 255 186 119
3 0 22 255 186 119
3 0 23 255 186 119
3 0 24 255 186 119
3 0 25 255 186 119
3 0 26 43 160 4
3 1 4 158 216 229
3 1 5 158 216 229
3 1 6 158 216 229
3 1 7 158 216 229
3 1 8 30 119 181
3 1 9 255 186 119
3 1 10 255 186 119
3 1 11 255 186 119
3 1 12 255 186 119
3 1 13 255 186 119
3 1 14 255 186 119
3 1 15 255 186 119
3 1 16 255 186 119
3 1 17 255 186 119
3 1 18 255 186 119
3 1 19 255 186 119
3 1 20 255 186 119
3 1 21 255 186 119
3 1 22 255 186 119
3 1 23 255 186 119
3 1 24 255 186 119
3 1 25 255 186 119
3 1 26 158 216 229
3 2 4 158 216 229
3 2 5 158 216 229
3 2 6 158 216 229
3 2 7 158 216 229
3 2 8 30 119 181
3 2 9 255 186 119
3 2 10 255 186 119
3 2 11 255 186 119
3 2 12 255 186 119
3 2 13 255 186 119
3 2 14 255 186 119
3 2 15 255 186 119
3 2 16 255 186 119
3 2 17 255 186 119
3 2 18 255 186 119
3 2 19 255 186 119
3 2 20 255 186 119
3 2 21 255 186 119
3 2 22 255 186 119
3 2 23 255 186 119
3 2 24 255 186 119
3 2 25 255 186 119
3 2 26 158 216 229
3 3 4 158 216 229
3 3 5 158 216 229
3 3 6 158 216 229
3 3 7 158 216 229
3 3 8 30 119 181
3 3 9 255 186 119
3 3 10 255 186 119
3 3 11 255 186 119
3 3 12 255 186 119
3 3 13 255 186 119
3 3 14 255 186 119
3 3 15 255 186 119
3 3 16 255 186 119
3 3 17 255 186 119
3 3 18 255 186 119
3 3 19 255 186 119
3 3 20 255 186 119
3 3 21 255 186 119
3 3 22 255 186 119
3 3 23 255 186 119
3 3 24 255 186 119
3 3 25 255 186 119
3 3 26 158 216 229
3 4 4 158 216 229
3 4 5 158 216 229
3 4 6 158 216 229
3 4 7 158 216 229
3 4 8 30 119 181
3 4 9 255 186 119
3 4 10 255 186 119
3 4 11 255 186 119
3 4 12 255 186 119
3 4 13 255 186 119
3 4 14 255 186 119
3 4 15 255 186 119
3 4 16 255 186 119
3 4 17 255 186 119
3 4 18 255 186 119
3 4 19 255 186 119
3 4 20 255 186 119
3 4 21 255 186 119
3 4 22 255 186 119
3 4 23 255 186 119
3 4 24 255 186 119
3 4 25 255 186 119
3 4 26 158 216 229
3 5 4 158 216 229
3 5 5 158 216 229
3 5 6 158 216 229
3 5 7 158 216 229
3 5 8 30 119 181
3 5 9 255 186 119
3 5 10 255 186 119
3 5 11 255 186 119
3 5 12 255 186 119
3 5 13 255 186 119
3 5 14 255 186 119
3 5 15 255 186 119
3 5 16 255 186 119
3 5 17 255 186 119
3 5 18 255 186 119
3 5 19 255 186 119
3 5 20 255 186 119
3 5 21 255 186 119
3 5 22 255 186 119
3 5 23 255 186 119
3 5 24 255 186 119
3 5 25 255 186 119
3 5 26 158 216 229
3 6 4 158 216 229
3 6 5 158 216 229
3 6 6 158 216 229
3 6 7 158 216 229
3 6 8 30 119 181
3 6 9 255 186 119
3 6 10 255 186 119
3 6 11 255 186 119
3 6 12 255 186 119
3 6 13 255 186 119
3 6 14 255 186 119
3 6 15 255 186 119
3 6 16 255 186 119
3 6 17 255 186 119
3 6 18 255 186 119
3 6 19 255 186 119
3 6 20 255 186 119
3 6 21 255 186 119
3 6 22 255 186 119
3 6 23 255 186 119
3 6 24 255 186 119
3 6 25 255 186 119
3 6 26 158 216 229
3 7 4 158 216 229
3 7 5 158 216 229
3 7 6 158 216 229
3 7 7 158 216 229
3 7 8 30 119 181
3 7 9 30 119 181
3 7 10 255 186 119
3 7 11 255 186 119
3 7 12 255 186 119
3 7 13 255 186 119
3 7 14 255 186 119
3 7 15 255 186 119
3 7 16 255 186 119
3 7 17 255 186 119
3 7 18 255 186 119
3 7 19 255 186 119
3 7 20 255 186 119
3 7 21 255 186 119
3 7 22 255 186 119
3 7 23 255 186 119
3 7 24 255 186 119
3 7 25 255 186 119
3 7 26 158 216 229
3 8 0 30 119 181
3 8 1 30 119 181
3 8 2 30 119 181
3 8 3 30 119 181
3 8 4 30 119 181
3 8 5 158 216 229
3 8 6 158 216 229
3 8 7 158 216 229
3 8 8 30 119 181
3 8 9 196 175 214
3 8 10 196 175 214
3 8 11 196 175 214
3 8 12 196 175 214
3 8 14 196 175 214
3 8 15 196 175 214
3 8 16 196 175 214
3 8 17 196 175 214
3 8 18 196 175 214
3 8 19 196 175 214
3 8 20 196 175 214
3 8 21 196 175 214
3 8 22 196 175 214
3 8 23 196 175 214
3 8 24 196 175 214
3 8 25 196 175 214
3 8 26 158 216 229
3 9 0 30 119 181
3 9 1 30 119 181
3 9 2 30 119 181
3 9 3 30 119 181
3 9 4 30 119 181
3 9 5 30 119 181
3 9 6 30 119 181
3 9 7 30 119 181
3 9 8 30 119 181
3 9 9 196 175 214
3 9 10 196 175 214
3 9 11 196 175 214
3 9 12 196 175 214
3 9 14 196 175 214
3 9 15 196 175 214
3 9 16 196 175 214
3 9 17 196 175 214
3 9 18 196 175 214
3 9 19 196 175 214
3 9 20 196 175 214
3 9 21 196 175 214
3 9 22 196 175 214
3 9 23 196 175 214
3 9 24 196 175 214
3 9 25 196 175 214
3 9 26 158 216 229
3 10 0 196 175 214
3 10 1 196 175 214
3 10 2 196 175 214
3 10 3 196 175 214
3 10 4 196 175 214
3 10 5 196 175 214
3 10 6 196 175 214
3 10 7 196 175 214
3 10 8 196 175 214
3 10 9 196 175 214
3 10 17 196 175 214
3 10 18 196 175 214
3 10 19 196 175 214
3 10 20 196 175 214
3 10 21 196 175 214
3 10 22 196 175 214
3 10 23 196 175 214
3 10 24 196 175 214
3 10 25 196 175 214
3 10 26 158 216 229
3 11 0 196 175 214
3 11 1 196 175 214
3 11 2 196 175 214
3 11 3 196 175 214
3 11 4 196 175 214
3 11 5 196 175 214
3 11 6 196 175 214
3 11 7 196 175 214
3 11 8 196 175 214
3 11 9 196 175 214
3 11 24 196 175 214
3 11 25 196 175 214
3 11 26 158 216 229
3 12 4 158 216 229
3 12 5 158 216 229
3 12 6 196 175 214
3 12 7 196 175 214
3 12 8 196 175 214
3 12 9 196 175 214
3 12 24 196 175 214
3 12 25 196 175 214
3 12 26 158 216 229
3 13 4 158 216 229
3 13 5 158 216 229
3 13 6 196 175 214
3 13 7 196 175 214
3 13 8 196 175 214
3 13 9 196 175 214
3 13 24 196 175 214
3 13 25 196 175 214
3 13 26 158 216 229
3 14 4 158 216 229
3 14 5 158 216 229
3 14 6 196 175 214
3 14 7 196 175 214
3 14 8 196 175 214
3 14 9 158 216 229
3 14 26 158 216 229
3 15 4 158 216 229
3 15 5 158 216 229
3 15 6 158 216 229
3 15 7 158 216 229
3 15 8 158 216 229
3 15 9 158 216 229
3 15 26 158 216 229
3 16 4 158 216 229
3 16 5 158 216 229
3 16 6 158 216 229
3 16 7 158 216 229
3 16 8 158 216 229
3 16 9 158 216 229
3 16 26 158 216 229
3 17 4 158 216 229
3 17 5 158 216 229
3 17 6 158 216 229
3 17 7 158 216 229
3 17 8 158 216 229
3 17 9 158 216 229
3 17 26 158 216 229
3 18 4 158 216 229
3 18 5 158 216 229
3 18 6 158 216 229
3 18 7 158 216 229
3 18 8 158 216 229
3 18 9 158 216 229
3 18 26 158 216 229
3 19 4 158 216 229
3 19 5 158 216 229
3 19 6 158 216 229
3 19 7 158 216 229
3 19 8 158 216 229
3 19 9 158 216 229
3 19 26 158 216 229
3 20 4 158 216 229
3 20 5 158 216 229
3 20 6 158 216 229
3 20 7 158 216 229
3 20 8 158 216 229
3 20 9 158 216 229
3 20 26 158 216 229
3 21 4 158 216 229
3 21 5 158 216 229
3 21 6 158 216 229
3 21 7 158 216 229
3 21 8 158 216 229
3 21 9 158 216 229
3 21 26 158 216 229
3 22 4 158 216 229
3 22 5 158 216 229
3 22 6 158 216 229
3 22 7 158 216 229
3 22 8 158 216 229
3 22 9 158 216 229
3 22 26 158 216 229
3 23 4 158 216 229
3 23 5 158 216 229
3 23 6 158 216 229
3 23 7 158 216 229
3 23 8 158 216 229
3 23 9 158 216 229
3 23 26 158 216 229
3 24 4 158 216 229
3 24 5 158 216 229
3 24 6 158 216 229
3 24 7 158 216 229
3 24 8 158 216 229
3 24 9 158 216 229
3 24 26 158 216 229
3 25 4 158 216 229
3 25 5 158 216 229
3 25 6 158 216 229
3 25 7 158 216 229
3 25 8 158 216 229
3 25 9 158 216 229
3 25 26 158 216 229
3 26 4 158 216 229
3 26 5 158 216 229
3 26 6 158 216 229
3 26 7 158 216 229
3 26 8 158 216 229
3 26 9 158 216 229
3 26 26 158 216 229
3 27 4 158 216 229
3 27 5 158 216 229
3 27 6 158 216 229
3 27 7 158 216 229
3 27 8 158 216 229
3 27 9 158 216 229
3 27 26 158 216 229
3 28 4 158 216 229
3 28 5 158 216 229
3 28 6 158 216 229
3 28 7 158 216 229
3 28 8 158 216 229
3 28 9 158 216 229
3 28 26 158 216 229
3 29 4 158 216 229
3 29 5 158 216 229
3 29 6 158 216 229
3 29 7 158 216 229
3 29 8 158 216 229
3 29 9 158 216 229
3 29 26 158 216 229
3 30 4 158 216 229
3 30 5 158 216 229
3 30 6 158 216 229
3 30 7 158 216 229
3 30 8 158 216 229
3 30 9 158 216 229
3 30 26 158 216 229
3 31 4 158 216 229
3 31 5 158 216 229
3 31 6 158 216 229
3 31 7 158 216 229
3 31 8 158 216 229
3 31 9 158 216 229
3 31 26 158 216 229
3 32 4 158 216 229
3 32 5 158 216 229
3 32 6 158 216 229
3 32 7 158 216 229
3 32 8 158 216 229
3 32 9 158 216 229
3 32 26 158 216 229
3 33 0 214 38 40
3 33 1 214 38 40
3 33 2 214 38 40
3 33 3 214 38 40
3 33 4 214 38 40
3 33 5 214 38 40
3 33 6 214 38 40
3 33 7 214 38 40
3 33 8 214 38 40
3 33 9 214 38 40
3 33 10 214 38 40
3 33 11 214 38 40
3 33 12 214 38 40
3 33 13 214 38 40
3 33 14 214 38 40
3 33 15 214 38 40
3 33 16 214 38 40
3 33 17 214 38 40
3 33 18 214 38 40
3 33 19 214 38 40
3 33 20 214 38 40
3 33 21 214 38 40
3 33 22 214 38 40
3 33 23 214 38 40
3 33 24 214 38 40
3 33 25 214 38 40
3 33 26 158 216 229
3 34 0 214 38 40
3 34 1 214 38 40
3 34 2 214 38 40
3 34 3 214 38 40
3 34 4 214 38 40
3 34 5 214 38 40
3 34 6 214 38 40
3 34 7 214 38 40
3 34 8 214 38 40
3 34 9 214 38 40
3 34 10 214 38 40
3 34 11 214 38 40
3 34 12 214 38 40
3 34 13 214 38 40
3 34 14 214 38 40
3 34 15 214 38 40
3 34 16 214 38 40
3 34 17 214 38 40
3 34 18 214 38 40
3 34 19 214 38 40
3 34 20 214 38 40
3 34 21 214 38 40
3 34 22 214 38 40
3 34 23 214 38 40
3 34 24 214 38 40
3 34 25 214 38 40
3 34 26 214 38 40
4 0 0 43 160 4
4 0 1 43 160 4
4 0 2 43 160 4
4 0 3 43 160 4
4 0 4 43 160 4
4 0 5 43 160 4
4 0 6 43 160 4
4 0 7 43 160 4
4 0 8 30 119 181
4 0 9 255 186 119
4 0 10 255 186 119
4 0 11 255 186 119
4 0 12 255 186 119
4 0 13 255 186 119
4 0 14 255 186 119
4 0 15 255 186 119
4 0 16 255 186 119
4 0 17 255 186 119
4 0 18 255 186 119
4 0 19 255 186 119
4 0 20 255 186 119
4 0 21 255 186 119
4 0 22 255 186 119
4 0 23 255 186 119
4 0 24 255 186 119
4 0 25 255 186 119
4 0 26 43 160 4
4 1 8 30 119 181
4 1 9 255 186 119
4 1 10 255 186 119
4 1 11 255 186 119
4 1 12 255 186 119
4 1 13 255 186 119
4 1 14 255 186 119
4 1 15 255 186 119
4 1 16 255 186 119
4 1 17 255 186 119
4 1 18 255 186 119
4 1 19 255 186 119
4 1 20 255 186 119
4 1 21 255 186 119
4 1 22 255 186 119
4 1 23 255 186 119
4 1 24 255 186 119
4 1 25 255 186 119
4 1 26 158 216 229
4 2 8 30 119 181
4 2 9 255 186 119
4 2 10 255 186 119
4 2 11 255 186 119
4 2 12 255 186 119
4 2 13 255 186 119
4 2 14 255 186 119
4 2 15 255 186 119
4 2 16 255 186 119
4 2 17 255 186 119
4 2 18 255 186 119
4 2 19 255 186 119
4 2 20 255 186 119
4 2 21 255 186 119
4 2 22 255 186 119
4 2 23 255 186 119
4 2 24 255 186 119
4 2 25 255 186 119
4 2 26 158 216 229
4 3 8 30 119 181
4 3 9 255 186 119
4 3 10 255 186 119
4 3 11 255 186 119
4 3 12 255 186 119
4 3 13 255 186 119
4 3 14 255 186 119
4 3 15 255 186 119
4 3 16 255 186 119
4 3 17 255 186 119
4 3 18 255 186 119
4 3 19 255 186 119
4 3 20 255 186 119
4 3 21 255 186 119
4 3 22 255 186 119
4 3 23 255 186 119
4 3 24 255 186 119
4 3 25 255 186 119
4 3 26 158 216 229
4 4 8 30 119 181
4 4 9 255 186 119
4 4 10 255 186 119
4 4 11 255 186 119
4 4 12 255 186 119
4 4 13 255 186 119
4 4 14 255 186 119
4 4 15 255 186 119
4 4 16 255 186 119
4 4 17 255 186 119
4 4 18 255 186 119
4 4 19 255 186 119
4 4 20 255 186 119
4 4 21 255 186 119
4 4 22 255 186 119
4 4 23 255 186 119
4 4 24 255 186 119
4 4 25 255 186 119
4 4 26 158 216 229
4 5 8 30 119 181
4 5 9 255 186 119
4 5 10 255 186 119
4 5 11 255 186 119
4 5 12 255 186 119
4 5 13 255 186 119
4 5 14 255 186 119
4 5 15 255 186 119
4 5 16 255 186 119
4 5 17 255 186 119
4 5 18 255 186 119
4 5 19 255 186 119
4 5 20 255 186 119
4 5 21 255 186 119
4 5 22 255 186 119
4 5 23 255 186 119
4 5 24 255 186 119
4 5 25 255 186 119
4 5 26 158 216 229
4 6 8 30 119 181
4 6 9 255 186 119
4 6 10 255 186 119
4 6 11 255 186 119
4 6 12 255 186 119
4 6 13 255 186 119
4 6 14 255 186 119
4 6 15 255 186 119
4 6 16 255 186 119
4 6 17 255 186 119
4 6 18 255 186 119
4 6 19 255 186 119
4 6 20 255 186 119
4 6 21 255 186 119
4 6 22 255 186 119
4 6 23 255 186 119
4 6 24 255 186 119
4 6 25 255 186 119
4 6 26 158 216 229
4 7 8 30 119 181
4 7 9 30 119 181
4 7 10 255 186 119
4 7 11 255 186 119
4 7 12 255 186 119
4 7 13 255 186 119
4 7 14 255 186 119
4 7 15 255 186 119
4 7 16 255 186 119
4 7 17 255 186 119
4 7 18 255 186 119
4 7 19 255 186 119
4 7 20 255 186 119
4 7 21 255 186 119
4 7 22 255 186 119
4 7 23 255 186 119
4 7 24 255 186 119
4 7 25 255 186 119
4 7 26 158 216 229
4 8 0 30 119 181
4 8 1 30 119 181
4 8 2 30 119 181
4 8 3 30 119 181
4 8 4 30 119 181
4 8 5 30 119 181
4 8 6 30 119 181
4 8 7 30 119 181
4 8 8 30 119 181
4 8 9 30 119 181
4 8 10 196 175 214
4 8 11 196 175 214
4 8 12 196 175 214
4 8 14 196 175 214
4 8 15 196 175 214
4 8 16 196 175 214
4 8 17 196 175 214
4 8 18 196 175 214
4 8 19 196 175 214
4 8 20 196 175 214
4 8 21 196 175 214
4 8 22 196 175 214
4 8 23 196 175 214
4 8 24 196 175 214
4 8 25 196 175 214
4 8 26 158 216 229
4 9 0 30 119 181
4 9 1 30 119 181
4 9 2 30 119 181
4 9 3 30 119 181
4 9 4 30 119 181
4 9 5 30 119 181
4 9 6 30 119 181
4 9 7 30 119 181
4 9 8 30 119 181
4 9 9 30 119 181
4 9 10 196 175 214
4 9 11 196 175 214
4 9 12 196 175 214
4 9 14 196 175 214
4 9 15 196 175 214
4 9 16 196 175 214
4 9 17 196 175 214
4 9 18 196 175 214
4 9 19 196 175 214
4 9 20 196 175 214
4 9 21 196 175 214
4 9 22 196 175 214
4 9 23 196 175 214
4 9 24 196 175 214
4 9 25 196 175 214
4 9 26 158 216 229
4 10 0 196 175 214
4 10 1 196 175 214
4 10 2 196 175 214
4 10 3 196 175 214
4 10 4 196 175 214
4 10 5 196 175 214
4 10 6 196 175 214
4 10 7 196 175 214
4 10 8 196 175 214
4 10 9 196 175 214
4 10 17 196 175 214
4 10 18 196 175 214
4 10 19 196 175 214
4 10 20 196 175 214
4 10 21 196 175 214
4 10 22 196 175 214
4 10 23 196 175 214
4 10 24 196 175 214
4 10 25 196 175 214
4 10 26 158 216 229
4 11 0 196 175 214
4 11 1 196 175 214
4 11 2 196 175 214
4 11 3 196 175 214
4 11 4 196 175 214
4 11 5 196 175 214
4 11 6 196 175 214
4 11 7 196 175 214
4 11 8 196 175 214
4 11 9 196 175 214
4 11 24 196 175 214
4 11 25 196 175 214
4 11 26 158 216 229
4 12 6 196 175 214
4 12 7 196 175 214
4 12 8 196 175 214
4 12 9 196 175 214
4 12 24 196 175 214
4 12 25 196 175 214
4 12 26 158 216 229
4 13 6 196 175 214
4 13 7 196 175 214
4 13 8 196 175 214
4 13 9 196 175 214
4 13 24 196 175 214
4 13 25 196 175 214
4 13 26 158 216 229
4 14 6 196 175 214
4 14 7 196 175 214
4 14 8 196 175 214
4 14 9 196 175 214
4 14 26 158 216 229
4 15 26 158 216 229
4 16 26 158 216 229
4 17 26 158 216 229
4 18 26 158 216 229
4 19 26 158 216 229
4 20 26 158 216 229
4 21 26 158 216 229
4 22 26 158 216 229
4 23 26 158 216 229
4 24 26 158 216 229
4 25 26 158 216 229
4 26 26 158 216 229
4 27 26 158 216 229
4 28 26 158 216 229
4 29 26 158 216 229
4 30 26 158 216 229
4 31 26 158 216 229
4 32 26 158 216 229
4 33 0 214 38 40
4 33 1 214 38 40
4 33 2 214 38 40
4 33 3 214 38 40
4 33 4 214 38 40
4 33 5 214 38 40
4 33 6 214 38 40
4 33 7 214 38 40
4 33 8 214 38 40
4 33 9 214 38 40
4 33 10 214 38 40
4 33 11 214 38 40
4 33 12 214 38 40
4 33 13 214 38 40
4 33 14 214 38 40
4 33 15 214 38 40
4 33 16 214 38 40
4 33 17 214 38 40
4 33 18 214 38 40
4 33 19 214 38 40
4 33 20 214 38 40
4 33 21 214 38 40
4 33 22 214 38 40
4 33 23 214 38 40
4 33 24 214 38 40
4 33 25 214 38 40
4 33 26 158 216 229
4 34 0 214 38 40
4 34 1 214 38 40
4 34 2 214 38 40
4 34 3 214 38 40
4 34 4 214 38 40
4 34 5 214 38 40
4 34 6 214 38 40
4 34 7 214 38 40
4 34 8 214 38 40
4 34 9 214 38 40
4 34 10 214 38 40
4 34 11 214 38 40
4 34 12 214 38 40
4 34 13 214 38 40
4 34 14 214 38 40
4 34 15 214 38 40
4 34 16 214 38 40
4 34 17 214 38 40
4 34 18 214 38 40
4 34 19 214 38 40
4 34 20 214 38 40
4 34 21 214 38 40
4 34 22 214 38 40
4 34 23 214 38 40
4 34 24 214 38 40
4 34 25 214 38 40
4 34 26 214 38 40
5 0 0 204 204 91
5 0 1 204 204 91
5 0 2 204 204 91
5 0 3 204 204 91
5 0 4 204 204 91
5 0 5 43 160 4
5 0 6 43 160 4
5 0 7 43 160 4
5 0 8 30 119 181
5 0 9 255 186 119
5 0 10 255 186 119
5 0 11 255 186 119
5 0 12 255 186 119
5 0 13 255 186 119
5 0 14 255 186 119
5 0 15 255 186 119
5 0 16 255 186 119
5 0 17 255 186 119
5 0 18 255 186 119
5 0 19 255 186 119
5 0 20 255 186 119
5 0 21 255 186 119
5 0 22 255 186 119
5 0 23 255 186 119
5 0 24 255 186 119
5 0 25 255 186 119
5 0 26 43 160 4
5 1 0 204 204 91
5 1 1 204 204 91
5 1 2 204 204 91
5 1 3 204 204 91
5 1 4 204 204 91
5 1 8 30 119 181
5 1 9 255 186 119
5 1 10 255 186 119
5 1 11 255 186 119
5 1 12 255 186 119
5 1 13 255 186 119
5 1 14 255 186 119
5 1 15 255 186 119
5 1 16 255 186 119
5 1 17 255 186 119
5 1 18 255 186 119
5 1 19 255 186 119
5 1 20 255 186 119
5 1 21 255 186 119
5 1 22 255 186 119
5 1 23 255 186 119
5 1 24 255 186 119
5 1 25 255 186 119
5 1 26 158 216 229
5 2 8 30 119 181
5 2 9 255 186 119
5 2 10 255 186 119
5 2 11 255 186 119
5 2 12 255 186 119
5 2 13 255 186 119
5 2 14 255 186 119
5 2 15 255 186 119
5 2 16 255 186 119
5 2 17 255 186 119
5 2 18 255 186 119
5 2 19 255 186 119
5 2 20 255 186 119
5 2 21 255 186 119
5 2 22 255 186 119
5 2 23 255 186 119
5 2 24 255 186 119
5 2 25 255 186 119
5 2 26 158 216 229
5 3 8 30 119 181
5 3 9 255 186 119
5 3 10 255 186 119
5 3 11 255 186 119
5 3 12 255 186 119
5 3 13 255 186 119
5 3 14 255 186 119
5 3 15 255 186 119
5 3 16 255 186 119
5 3 17 255 186 119
5 3 18 255 186 119
5 3 19 255 186 119
5 3 20 255 186 119
5 3 21 255 186 119
5 3 22 255 186 119
5 3 23 255 186 119
5 3 24 255 186 119
5 3 25 255 186 119
5 3 26 158 216 229
5 4 8 30 119 181
5 4 9 255 186 119
5 4 10 255 186 119
5 4 11 255 186 119
5 4 12 255 186 119
5 4 13 255 186 119
5 4 14 255 186 119
5 4 15 255 186 119
5 4 16 255 186 119
5 4 17 255 186 119
5 4 18 255 186 119
5 4 19 255 186 119
5 4 20 255 186 119
5 4 21 255 186 119
5 4 22 255 186 119
5 4 23 255 186 119
5 4 24 255 186 119
5 4 25 255 186 119
5 4 26 158 216 229
5 5 8 30 119 181
5 5 9 255 186 119
5 5 10 255 186 119
5 5 11 255 186 119
5 5 12 255 186 119
5 5 13 255 186 119
5 5 14 255 186 119
5 5 15 255 186 119
5 5 16 255 186 119
5 5 17 255 186 119
5 5 18 255 186 119
5 5 19 255 186 119
5 5 20 255 186 119
5 5 21 255 186 119
5 5 22 255 186 119
5 5 23 255 186 119
5 5 24 255 186 119
5 5 25 255 186 119
5 5 26 158 216 229
5 6 8 30 119 181
5 6 9 255 186 119
5 6 10 255 186 119
5 6 11 255 186 119
5 6 12 255 186 119
5 6 13 255 186 119
5 6 14 255 186 119
5 6 15 255 186 119
5 6 16 255 186 119
5 6 17 255 186 119
5 6 18 255 186 119
5 6 19 255 186 119
5 6 20 255 186 119
5 6 21 255 186 119
5 6 22 255 186 119
5 6 23 255 186 119
5 6 24 255 186 119
5 6 25 255 186 119
5 6 26 158 216 229
5 7 8 30 119 181
5 7 9 30 119 181
5 7 10 255 186 119
5 7 11 255 186 119
5 7 12 255 186 119
5 7 13 255 186 119
5 7 14 255 186 119
5 7 15 255 186 119
5 7 16 255 186 119
5 7 17 255 186 119
5 7 18 255 186 119
5 7 19 255 186 119
5 7 20 255 186 119
5 7 21 255 186 119
5 7 22 255 186 119
5 7 23 255 186 119
5 7 24 255 186 119
5 7 25 255 186 119
5 7 26 158 216 229
5 8 0 30 119 181
5 8 1 30 119 181
5 8 2 30 119 181
5 8 3 30 119 181
5 8 4 30 119 181
5 8 5 30 119 181
5 8 6 30 119 181
5 8 7 30 119 181
5 8 8 30 119 181
5 8 9 30 119 181
5 8 10 196 175 214
5 8 11 196 175 214
5 8 12 196 175 214
5 8 14 196 175 214
5 8 15 196 175 214
5 8 16 196 175 214
5 8 17 196 175 214
5 8 18 196 175 214
5 8 19 196 175 214
5 8 20 196 175 214
5 8 21 196 175 214
5 8 22 196 175 214
5 8 23 196 175 214
5 8 24 196 175 214
5 8 25 196 175 214
5 8 26 158 216 229
5 9 0 30 119 181
5 9 1 30 119 181
5 9 2 30 119 181
5 9 3 30 119 181
5 9 4 30 119 181
5 9 5 30 119 181
5 9 6 30 119 181
5 9 7 30 119 181
5 9 8 30 119 181
5 9 9 30 119 181
5 9 10 196 175 214
5 9 11 196 175 214
5 9 12 196 175 214
5 9 14 196 175 214
5 9 15 196 175 214
5 9 16 196 175 214
5 9 17 196 175 214
5 9 18 196 175 214
5 9 19 196 175 214
5 9 20 196 175 214
5 9 21 196 175 214
5 9 22 196 175 214
5 9 23 196 175 214
5 9 24 196 175 214
5 9 25 196 175 214
5 9 26 158 216 229
5 10 6 196 175 214
5 10 7 196 175 214
5 10 8 196 175 214
5 10 9 196 175 214
5 10 17 196 175 214
5 10 18 196 175 214
5 10 19 196 175 214
5 10 20 196 175 214
5 10 21 196 175 214
5 10 22 196 175 214
5 10 23 196 175 214
5 10 24 196 175 214
5 10 25 196 175 214
5 10 26 158 216 229
5 11 6 196 175 214
5 11 7 196 175 214
5 11 8 196 175 214
5 11 9 196 175 214
5 11 24 196 175 214
5 11 25 196 175 214
5 11 26 158 216 229
5 12 6 196 175 214
5 12 7 196 175 214
5 12 8 196 175 214
5 12 9 196 175 214
5 12 24 196 175 214
5 12 25 196 175 214
5 12 26 158 216 229
5 13 6 196 175 214
5 13 7 196 175 214
5 13 8 196 175 214
5 13 9 196 175 214
5 13 24 196 175 214
5 13 25 196 175 214
5 13 26 158 216 229
5 14 6 196 175 214
5 14 7 196 175 214
5 14 8 196 175 214
5 14 9 196 175 214
5 14 26 158 216 229
5 15 26 158 216 229
5 16 26 158 216 229
5 17 26 158 216 229
5 18 26 158 216 229
5 19 26 158 216 229
5 20 26 158 216 229
5 21 26 158 216 229
5 22 26 158 216 229
5 23 26 158 216 229
5 24 26 158 216 229
5 25 26 158 216 229
5 26 26 158 216 229
5 27 26 158 216 229
5 28 26 158 216 229
5 29 26 158 216 229
5 30 26 158 216 229
5 31 26 158 216 229
5 32 26 158 216 229
5 33 0 214 38 40
5 33 1 214 38 40
5 33 2 214 38 40
5 33 3 214 38 40
5 33 4 214 38 40
5 33 5 214 38 40
5 33 6 214 38 40
5 33 7 214 38 40
5 33 8 214 38 40
5 33 9 214 38 40
5 33 10 214 38 40
5 33 11 214 38 40
5 33 12 214 38 40
5 33 13 214 38 40
5 33 14 214 38 40
5 33 15 214 38 40
5 33 16 214 38 40
5 33 17 214 38 40
5 33 18 214 38 40
5 33 19 214 38 40
5 33 20 214 38 40
5 33 21 214 38 40
5 33 22 214 38 40
5 33 23 214 38 40
5 33 24 214 38 40
5 33 25 214 38 40
5 33 26 158 216 229
5 34 0 214 38 40
5 34 1 214 38 40
5 34 2 214 38 40
5 34 3 214 38 40
5 34 4 214 38 40
5 34 5 214 38 40
5 34 6 214 38 40
5 34 7 214 38 40
5 34 8 214 38 40
5 34 9 214 38 40
5 34 10 214 38 40
5 34 11 214 38 40
5 34 12 214 38 40
5 34 13 214 38 40
5 34 14 214 38 40
5 34 15 214 38 40
5 34 16 214 38 40
5 34 17 214 38 40
5 34 18 214 38 40
5 34 19 214 38 40
5 34 20 214 38 40
5 34 21 214 38 40
5 34 22 214 38 40
5 34 23 214 38 40
5 34 24 214 38 40
5 34 25 214 38 40
5 34 26 214 38 40
6 0 0 204 204 91
6 0 1 204 204 91
6 0 2 204 204 91
6 0 3 204 204 91
6 0 4 204 204 91
6 0 5 43 160 4
6 0 6 43 160 4
6 0 7 43 160 4
6 0 8 30 119 181
6 0 9 255 186 119
6 0 10 255 186 119
6 0 11 255 186 119
6 0 12 255 186 119
6 0 13 255 186 119
6 0 14 255 186 119
6 0 15 255 186 119
6 0 16 255 186 119
6 0 17 255 186 119
6 0 18 255 186 119
6 0 19 255 186 119
6 0 20 255 186 119
6 0 21 255 186 119
6 0 22 255 186 119
6 0 23 255 186 119
6 0 24 255 186 119
6 0 25 255 186 119
6 0 26 43 160 4
6 1 0 204 204 91
6 1 1 204 204 91
6 1 2 204 204 91
6 1 3 204 204 91
6 1 4 204 204 91
6 1 8 30 119 181
6 1 9 255 186 119
6 1 10 255 186 119
6 1 11 255 186 119
6 1 12 255 186 119
6 1 13 255 186 119
6 1 14 255 186 119
6 1 15 255 186 119
6 1 16 255 186 119
6 1 17 255 186 119
6 1 18 255 186 119
6 1 19 255 186 119
6 1 20 255 186 119
6 1 21 255 186 119
6 1 22 255 186 119
6 1 23 255 186 119
6 1 24 255 186 119
6 1 25 255 186 119
6 1 26 158 216 229
6 2 8 30 119 181
6 2 9 255 186 119
6 2 10 255 186 119
6 2 11 255 186 119
6 2 12 255 186 119
6 2 13 255 186 119
6 2 14 255 186 119
6 2 15 255 186 119
6 2 16 255 186 119
6 2 17 255 186 119
6 2 18 255 186 119
6 2 19 255 186 119
6 2 20 255 186 119
6 2 21 255 186 119
6 2 22 255 186 119
6 2 23 255 186 119
6 2 24 255 186 119
6 2 25 255 186 119
6 2 26 158 216 229
6 3 8 30 119 181
6 3 9 255 186 119
6 3 10 255 186 119
6 3 11 255 186 119
6 3 12 255 186 119
6 3 13 255 186 119
6 3 14 255 186 119
6 3 15 255 186 119
6 3 16 255 186 119
6 3 17 255 186 119
6 3 18 255 186 119
6 3 19 255 186 119
6 3 20 255 186 119
6 3 21 255 186 119
6 3 22 255 186 119
6 3 23 255 186 119
6 3 24 255 186 119
6 3 25 255 186 119
6 3 26 158 216 229
6 4 0 204 204 91
6 4 1 204 204 91
6 4 2 204 204 91
6 4 3 204 204 91
6 4 8 30 119 181
6 4 9 255 186 119
6 4 10 255 186 119
6 4 11 255 186 119
6 4 12 255 186 119
6 4 13 255 186 119
6 4 14 255 186 119
6 4 15 255 186 119
6 4 16 255 186 119
6 4 17 255 186 119
6 4 18 255 186 119
6 4 19 255 186 119
6 4 20 255 186 119
6 4 21 255 186 119
6 4 22 255 186 119
6 4 23 255 186 119
6 4 24 255 186 119
6 4 25 255 186 119
6 4 26 158 216 229
6 5 0 204 204 91
6 5 1 204 204 91
6 5 2 204 204 91
6 5 3 204 204 91
6 5 8 30 119 181
6 5 9 255 186 119
6 5 10 255 186 119
6 5 11 255 186 119
6 5 12 255 186 119
6 5 13 255 186 119
6 5 14 255 186 119
6 5 15 255 186 119
6 5 16 255 186 119
6 5 17 255 186 119
6 5 18 255 186 119
6 5 19 255 186 119
6 5 20 255 186 119
6 5 21 255 186 119
6 5 22 255 186 119
6 5 23 255 186 119
6 5 24 255 186 119
6 5 25 255 186 119
6 5 26 158 216 229
6 6 0 204 204 91
6 6 1 204 204 91
6 6 2 204 204 91
6 6 3 204 204 91
6 6 8 30 119 181
6 6 9 255 186 119
6 6 10 255 186 119
6 6 11 255 186 119
6 6 12 255 186 119
6 6 13 255 186 119
6 6 14 255 186 119
6 6 15 255 186 119
6 6 16 255 186 119
6 6 17 255 186 119
6 6 18 255 186 119
6 6 19 255 186 119
6 6 20 255 186 119
6 6 21 255 186 119
6 6 22 255 186 119
6 6 23 255 186 119
6 6 24 255 186 119
6 6 25 255 186 119
6 6 26 158 216 229
6 7 8 30 119 181
6 7 9 30 119 181
6 7 10 255 186 119
6 7 11 255 186 119
6 7 12 255 186 119
6 7 13 255 186 119
6 7 14 255 186 119
6 7 15 255 186 119
6 7 16 255 186 119
6 7 17 255 186 119
6 7 18 255 186 119
6 7 19 255 186 119
6 7 20 255 186 119
6 7 21 255 186 119
6 7 22 255 186 119
6 7 23 255 186 119
6 7 24 255 186 119
6 7 25 255 186 119
6 7 26 158 216 229
6 8 0 30 119 181
6 8 1 30 119 181
6 8 2 30 119 181
6 8 3 30 119 181
6 8 4 30 119 181
6 8 5 30 119 181
6 8 6 30 119 181
6 8 7 30 119 181
6 8 8 30 119 181
6 8 9 30 119 181
6 8 10 196 175 214
6 8 11 196 175 214
6 8 12 196 175 214
6 8 14 196 175 214
6 8 15 196 175 214
6 8 16 196 175 214
6 8 17 196 175 214
6 8 18 196 175 214
6 8 19 196 175 214
6 8 20 196 175 214
6 8 21 196 175 214
6 8 22 196 175 214
6 8 23 196 175 214
6 8 24 196 175 214
6 8 25 196 175 214
6 8 26 196 175 214
6 9 0 30 119 181
6 9 1 30 119 181
6 9 2 30 119 181
6 9 3 30 119 181
6 9 4 30 119 181
6 9 5 30 119 181
6 9 6 30 119 181
6 9 7 30 119 181
6 9 8 30 119 181
6 9 9 30 119 181
6 9 10 196 175 214
6 9 11 196 175 214
6 9 12 196 175 214
6 9 14 196 175 214
6 9 15 196 175 214
6 9 16 196 175 214
6 9 17 196 175 214
6 9 18 196 175 214
6 9 19 196 175 214
6 9 20 196 175 214
6 9 21 196 175 214
6 9 22 196 175 214
6 9 23 196 175 214
6 9 24 196 175 214
6 9 25 196 175 214
6 9 26 158 216 229
6 10 5 196 175 214
6 10 6 196 175 214
6 10 7 196 175 214
6 10 16 196 175 214
6 10 17 196 175 214
6 10 18 196 175 214
6 10 19 196 175 214
6 10 20 196 175 214
6 10 21 196 175 214
6 10 22 196 175 214
6 10 23 196 175 214
6 10 24 196 175 214
6 10 25 196 175 214
6 10 26 196 175 214
6 11 5 196 175 214
6 11 6 196 175 214
6 11 7 196 175 214
6 11 24 196 175 214
6 11 25 196 175 214
6 11 26 196 175 214
6 12 5 196 175 214
6 12 6 196 175 214
6 12 7 196 175 214
6 12 24 196 175 214
6 12 25 196 175 214
6 12 26 196 175 214
6 13 5 196 175 214
6 13 6 196 175 214
6 13 7 196 175 214
6 13 24 196 175 214
6 13 25 196 175 214
6 13 26 158 216 229
6 14 26 158 216 229
6 15 26 158 216 229
6 16 26 158 216 229
6 17 26 158 216 229
6 18 26 158 216 229
6 19 26 158 216 229
6 20 26 158 216 229
6 21 26 158 216 229
6 22 26 158 216 229
6 23 26 158 216 229
6 24 26 158 216 229
6 25 26 158 216 229
6 26 26 158 216 229
6 27 26 158 216 229
6 28 26 158 216 229
6 29 26 158 216 229
6 30 26 158 216 229
6 31 26 158 216 229
6 32 26 158 216 229
6 33 0 214 38 40
6 33 1 214 38 40
6 33 2 214 38 40
6 33 3 214 38 40
6 33 4 214 38 40
6 33 5 214 38 40
6 33 6 214 38 40
6 33 7 214 38 40
6 33 8 214 38 40
6 33 9 214 38 40
6 33 10 214 38 40
6 33 11 214 38 40
6 33 12 214 38 40
6 33 13 214 38 40
6 33 14 214 38 40
6 33 15 214 38 40
6 33 16 214 38 40
6 33 17 214 38 40
6 33 18 214 38 40
6 33 19 214 38 40
6 33 20 214 38 40
6 33 21 214 38 40
6 33 22 214 38 40
6 33 23 214 38 40
6 33 24 214 38 40
6 33 25 214 38 40
6 33 26 158 216 229
6 34 0 214 38 40
6 34 1 214 38 40
6 34 2 214 38 40
6 34 3 214 38 40
6 34 4 214 38 40
6 34 5 214 38 40
6 34 6 214 38 40
6 34 7 214 38 40
6 34 8 214 38 40
6 34 9 214 38 40
6 34 10 214 38 40
6 34 11 214 38 40
6 34 12 214 38 40
6 34 13 214 38 40
6 34 14 214 38 40
6 34 15 214 38 40
6 34 16 214 38 40
6 34 17 214 38 40
6 34 18 214 38 40
6 34 19 214 38 40
6 34 20 214 38 40
6 34 21 214 38 40
6 34 22 214 38 40
6 34 23 214 38 40
6 34 24 214 38 40
6 34 25 214 38 40
6 34 26 214 38 40
7 0 0 204 204 91
7 0 1 204 204 91
7 0 2 204 204 91
7 0 3 204 204 91
7 0 4 204 204 91
7 0 5 43 160 4
7 0 6 43 160 4
7 0 7 43 160 4
7 0 8 30 119 181
7 0 9 255 186 119
7 0 10 255 186 119
7 0 11 255 186 119
7 0 12 255 186 119
7 0 13 255 186 119
7 0 14 255 186 119
7 0 15 255 186 119
7 0 16 255 186 119
7 0 17 255 186 119
7 0 18 255 186 119
7 0 19 255 186 119
7 0 20 255 186 119
7 0 21 255 186 119
7 0 22 255 186 119
7 0 23 255 186 119
7 0 24 255 186 119
7 0 25 255 186 119
7 0 26 43 160 4
7 1 0 204 204 91
7 1 1 204 204 91
7 1 2 204 204 91
7 1 3 204 204 91
7 1 4 204 204 91
7 1 8 30 119 181
7 1 9 255 186 119
7 1 10 255 186 119
7 1 11 255 186 119
7 1 12 255 186 119
7 1 13 255 186 119
7 1 14 255 186 119
7 1 15 255 186 119
7 1 16 255 186 119
7 1 17 255 186 119
7 1 18 255 186 119
7 1 19 255 186 119
7 1 20 255 186 119
7 1 21 255 186 119
7 1 22 255 186 119
7 1 23 255 186 119
7 1 24 255 186 119
7 1 25 255 186 119
7 1 26 158 216 229
7 2 8 30 119 181
7 2 9 255 186 119
7 2 10 255 186 119
7 2 11 255 186 119
7 2 12 255 186 119
7 2 13 255 186 119
7 2 14 255 186 119
7 2 15 255 186 119
7 2 16 255 186 119
7 2 17 255 186 119
7 2 18 255 186 119
7 2 19 255 186 119
7 2 20 255 186 119
7 2 21 255 186 119
7 2 22 255 186 119
7 2 23 255 186 119
7 2 24 255 186 119
7 2 25 255 186 119
7 2 26 158 216 229
7 3 8 30 119 181
7 3 9 255 186 119
7 3 10 255 186 119
7 3 11 255 186 119
7 3 12 255 186 119
7 3 13 255 186 119
7 3 14 255 186 119
7 3 15 255 186 119
7 3 16 255 186 119
7 3 17 255 186 119
7 3 18 255 186 119
7 3 19 255 186 119
7 3 20 255 186 119
7 3 21 255 186 119
7 3 22 255 186 119
7 3 23 255 186 119
7 3 24 255 186 119
7 3 25 255 186 119
7 3 26 158 216 229
7 4 0 204 204 91
7 4 1 204 204 91
7 4 2 204 204 91
7 4 3 204 204 91
7 4 4 204 204 91
7 4 8 30 119 181
7 4 9 255 186 119
7 4 10 255 186 119
7 4 11 255 186 119
7 4 12 255 186 119
7 4 13 255 186 119
7 4 14 255 186 119
7 4 15 255 186 119
7 4 16 255 186 119
7 4 17 255 186 119
7 4 18 255 186 119
7 4 19 255 186 119
7 4 20 255 186 119
7 4 21 255 186 119
7 4 22 255 186 119
7 4 23 255 186 119
7 4 24 255 186 119
7 4 25 255 186 119
7 4 26 158 216 229
7 5 0 204 204 91
7 5 1 204 204 91
7 5 2 204 204 91
7 5 3 204 204 91
7 5 4 204 204 91
7 5 8 30 119 181
7 5 9 255 186 119
7 5 10 255 186 119
7 5 11 255 186 119
7 5 12 255 186 119
7 5 13 255 186 119
7 5 14 255 186 119
7 5 15 255 186 119
7 5 16 255 186 119
7 5 17 255 186 119
7 5 18 255 186 119
7 5 19 255 186 119
7 5 20 255 186 119
7 5 21 255 186 119
7 5 22 255 186 119
7 5 23 255 186 119
7 5 24 255 186 119
7 5 25 255 186 119
7 5 26 158 216 229
7 6 0 204 204 91
7 6 1 204 204 91
7 6 2 204 204 91
7 6 3 204 204 91
7 6 4 204 204 91
7 6 8 30 119 181
7 6 9 255 186 119
7 6 10 255 186 119
7 6 11 255 186 119
7 6 12 255 186 119
7 6 13 255 186 119
7 6 14 255 186 119
7 6 15 255 186 119
7 6 16 255 186 119
7 6 17 255 186 119
7 6 18 255 186 119
7 6 19 255 186 119
7 6 20 255 186 119
7 6 21 255 186 119
7 6 22 255 186 119
7 6 23 255 186 119
7 6 24 255 186 119
7 6 25 255 186 119
7 6 26 158 216 229
7 7 8 30 119 181
7 7 9 30 119 181
7 7 10 255 186 119
7 7 11 255 186 119
7 7 12 255 186 119
7 7 13 255 186 119
7 7 14 255 186 119
7 7 15 255 186 119
7 7 16 255 186 119
7 7 17 255 186 119
7 7 18 255 186 119
7 7 19 255 186 119
7 7 20 255 186 119
7 7 21 255 186 119
7 7 22 255 186 119
7 7 23 255 186 119
7 7 24 255 186 119
7 7 25 255 186 119
7 7 26 158 216 229
7 8 0 30 119 181
7 8 1 30 119 181
7 8 2 30 119 181
7 8 3 30 119 181
7 8 4 30 119 181
7 8 5 30 119 181
7 8 6 30 119 181
7 8 7 30 119 181
7 8 8 30 119 181
7 8 9 30 119 181
7 8 10 196 175 214
7 8 11 196 175 214
7 8 12 196 175 214
7 8 23 196 175 214
7 8 24 196 175 214
7 8 25 196 175 214
7 8 26 158 216 229
7 9 0 30 119 181
7 9 1 30 119 181
7 9 2 30 119 181
7 9 3 30 119 181
7 9 4 30 119 181
7 9 5 30 119 181
7 9 6 30 119 181
7 9 7 30 119 181
7 9 8 30 119 181
7 9 9 30 119 181
7 9 10 196 175 214
7 9 11 196 175 214
7 9 12 196 175 214
7 9 23 196 175 214
7 9 24 196 175 214
7 9 25 196 175 214
7 9 26 158 216 229
7 10 5 196 175 214
7 10 6 196 175 214
7 10 7 196 175 214
7 10 23 196 175 214
7 10 24 196 175 214
7 10 25 196 175 214
7 10 26 196 175 214
7 11 5 196 175 214
7 11 6 196 175 214
7 11 7 196 175 214
7 11 24 196 175 214
7 11 25 196 175 214
7 11 26 196 175 214
7 12 5 196 175 214
7 12 6 196 175 214
7 12 7 196 175 214
7 12 24 196 175 214
7 12 25 196 175 214
7 12 26 196 175 214
7 13 5 196 175 214
7 13 6 196 175 214
7 13 7 196 175 214
7 13 24 196 175 214
7 13 25 196 175 214
7 13 26 158 216 229
7 14 26 158 216 229
7 15 26 158 216 229
7 16 26 158 216 229
7 17 26 158 216 229
7 18 26 158 216 229
7 19 26 158 216 229
7 20 26 158 216 229
7 21 26 158 216 229
7 22 26 158 216 229
7 23 26 158 216 229
7 24 26 158 216 229
7 25 26 158 216 229
7 26 26 158 216 229
7 27 26 158 216 229
7 28 26 158 216 229
7 29 26 158 216 229
7 30 26 158 216 229
7 31 26 158 216 229
7 32 26 158 216 229
7 33 0 214 38 40
7 33 1 214 38 40
7 33 2 214 38 40
7 33 3 214 38 40
7 33 4 214 38 40
7 33 5 214 38 40
7 33 6 214 38 40
7 33 7 214 38 40
7 33 8 214 38 40
7 33 9 214 38 40
7 33 10 214 38 40
7 33 11 214 38 40
7 33 12 214 38 40
7 33 13 214 38 40
7 33 14 214 38 40
7 33 15 214 38 40
7 33 16 214 38 40
7 33 17 214 38 40
7 33 18 214 38 40
7 33 19 214 38 40
7 33 20 214 38 40
7 33 21 214 38 40
7 33 22 214 38 40
7 33 23 214 38 40
7 33 24 214 38 40
7 33 25 214 38 40
7 33 26 158 216 229
7 34 0 214 38 40
7 34 1 214 38 40
7 34 2 214 38 40
7 34 3 214 38 40
7 34 4 214 38 40
7 34 5 214 38 40
7 34 6 214 38 40
7 34 7 214 38 40
7 34 8 214 38 40
7 34 9 214 38 40
7 34 10 214 38 40
7 34 11 214 38 40
7 34 12 214 38 40
7 34 13 214 38 40
7 34 14 214 38 40
7 34 15 214 38 40
7 34 16 214 38 40
7 34 17 214 38 40
7 34 18 214 38 40
7 34 19 214 38 40
7 34 20 214 38 40
7 34 21 214 38 40
7 34 22 214 38 40
7 34 23 214 38 40
7 34 24 214 38 40
7 34 25 214 38 40
7 34 26 214 38 40
8 0 0 204 204 91
8 0 1 204 204 91
8 0 2 204 204 91
8 0 3 204 204 91
8 0 4 43 160 4
8 0 5 43 160 4
8 0 6 43 160 4
8 0 7 43 160 4
8 0 8 30 119 181
8 0 9 255 186 119
8 0 10 255 186 119
8 0 11 255 186 119
8 0 12 255 186 119
8 0 13 255 186 119
8 0 14 255 186 119
8 0 15 255 186 119
8 0 16 255 186 119
8 0 17 255 186 119
8 0 18 255 186 119
8 0 19 255 186 119
8 0 20 255 186 119
8 0 21 255 186 119
8 0 22 255 186 119
8 0 23 255 186 119
8 0 24 255 186 119
8 0 25 255 186 119
8 0 26 43 160 4
8 1 0 204 204 91
8 1 1 204 204 91
8 1 2 204 204 91
8 1 3 204 204 91
8 1 4 204 204 91
8 1 8 30 119 181
8 1 9 255 186 119
8 1 10 255 186 119
8 1 11 255 186 119
8 1 12 255 186 119
8 1 13 255 186 119
8 1 14 255 186 119
8 1 15 255 186 119
8 1 16 255 186 119
8 1 17 255 186 119
8 1 18 255 186 119
8 1 19 255 186 119
8 1 20 255 186 119
8 1 21 255 186 119
8 1 22 255 186 119
8 1 23 255 186 119
8 1 24 255 186 119
8 1 25 255 186 119
8 1 26 158 216 229
8 2 0 204 204 91
8 2 1 204 204 91
8 2 8 30 119 181
8 2 9 255 186 119
8 2 10 255 186 119
8 2 11 255 186 119
8 2 12 255 186 119
8 2 13 255 186 119
8 2 14 255 186 119
8 2 15 255 186 119
8 2 16 255 186 119
8 2 17 255 186 119
8 2 18 255 186 119
8 2 19 255 186 119
8 2 20 255 186 119
8 2 21 255 186 119
8 2 22 255 186 119
8 2 23 255 186 119
8 2 24 255 186 119
8 2 25 255 186 119
8 2 26 158 216 229
8 3 0 204 204 91
8 3 1 204 204 91
8 3 8 30 119 181
8 3 9 255 186 119
8 3 10 255 186 119
8 3 11 255 186 119
8 3 12 255 186 119
8 3 13 255 186 119
8 3 14 255 186 119
8 3 15 255 186 119
8 3 16 255 186 119
8 3 17 255 186 119
8 3 18 255 186 119
8 3 19 255 186 119
8 3 20 255 186 119
8 3 21 255 186 119
8 3 22 255 186 119
8 3 23 255 186 119
8 3 24 255 186 119
8 3 25 255 186 119
8 3 26 158 216 229
8 4 0 204 204 91
8 4 1 204 204 91
8 4 2 204 204 91
8 4 3 204 204 91
8 4 4 204 204 91
8 4 8 30 119 181
8 4 9 255 186 119
8 4 10 255 186 119
8 4 11 255 186 119
8 4 12 255 186 119
8 4 13 255 186 119
8 4 14 255 186 119
8 4 15 255 186 119
8 4 16 255 186 119
8 4 17 255 186 119
8 4 18 255 186 119
8 4 19 255 186 119
8 4 20 255 186 119
8 4 21 255 186 119
8 4 22 255 186 119
8 4 23 255 186 119
8 4 24 255 186 119
8 4 25 255 186 119
8 4 26 158 216 229
8 5 0 204 204 91
8 5 1 204 204 91
8 5 2 204 204 91
8 5 3 204 204 91
8 5 4 204 204 91
8 5 8 30 119 181
8 5 9 255 186 119
8 5 10 255 186 119
8 5 11 255 186 119
8 5 12 255 186 119
8 5 13 255 186 119
8 5 14 255 186 119
8 5 15 255 186 119
8 5 16 255 186 119
8 5 17 255 186 119
8 5 18 255 186 119
8 5 19 255 186 119
8 5 20 255 186 119
8 5 21 255 186 119
8 5 22 255 186 119
8 5 23 255 186 119
8 5 24 255 186 119
8 5 25 255 186 119
8 5 26 158 216 229
8 6 0 204 204 91
8 6 1 204 204 91
8 6 2 204 204 91
8 6 3 204 204 91
8 6 4 204 204 91
8 6 8 30 119 181
8 6 9 255 186 119
8 6 10 255 186 119
8 6 11 255 186 119
8 6 12 255 186 119
8 6 13 255 186 119
8 6 14 255 186 119
8 6 15 255 186 119
8 6 16 255 186 119
8 6 17 255 186 119
8 6 18 255 186 119
8 6 19 255 186 119
8 6 20 255 186 119
8 6 21 255 186 119
8 6 22 255 186 119
8 6 23 255 186 119
8 6 24 255 186 119
8 6 25 255 186 119
8 6 26 158 216 229
8 7 8 30 119 181
8 7 9 255 186 119
8 7 10 255 186 119
8 7 11 255 186 119
8 7 12 255 186 119
8 7 13 255 186 119
8 7 14 255 186 119
8 7 15 255 186 119
8 7 16 255 186 119
8 7 17 255 186 119
8 7 18 255 186 119
8 7 19 255 186 119
8 7 20 255 186 119
8 7 21 255 186 119
8 7 22 255 186 119
8 7 23 255 186 119
8 7 24 255 186 119
8 7 25 255 186 119
8 7 26 158 216 229
8 8 0 30 119 181
8 8 1 30 119 181
8 8 2 30 119 181
8 8 3 30 119 181
8 8 4 30 119 181
8 8 5 30 119 181
8 8 6 30 119 181
8 8 7 30 119 181
8 8 8 30 119 181
8 8 9 196 175 214
8 8 10 196 175 214
8 8 11 196 175 214
8 8 12 196 175 214
8 8 23 196 175 214
8 8 24 196 175 214
8 8 25 196 175 214
8 8 26 158 216 229
8 9 0 30 119 181
8 9 1 30 119 181
8 9 2 30 119 181
8 9 3 30 119 181
8 9 4 30 119 181
8 9 5 30 119 181
8 9 6 30 119 181
8 9 7 30 119 181
8 9 8 30 119 181
8 9 9 196 175 214
8 9 10 196 175 214
8 9 11 196 175 214
8 9 12 196 175 214
8 9 23 196 175 214
8 9 24 196 175 214
8 9 25 196 175 214
8 9 26 158 216 229
8 10 6 196 175 214
8 10 23 196 175 214
8 10 24 196 175 214
8 10 25 196 175 214
8 10 26 158 216 229
8 11 6 196 175 214
8 11 24 196 175 214
8 11 25 196 175 214
8 11 26 158 216 229
8 12 6 196 175 214
8 12 24 196 175 214
8 12 25 196 175 214
8 12 26 158 216 229
8 13 24 196 175 214
8 13 25 196 175 214
8 13 26 158 216 229
8 14 26 158 216 229
8 15 26 158 216 229
8 16 26 158 216 229
8 17 26 158 216 229
8 18 26 158 216 229
8 19 26 158 216 229
8 20 26 158 216 229
8 21 26 158 216 229
8 22 26 158 216 229
8 23 26 158 216 229
8 24 26 158 216 229
8 25 26 158 216 229
8 26 26 158 216 229
8 27 26 158 216 229
8 28 26 158 216 229
8 29 26 158 216 229
8 30 26 158 216 229
8 31 26 158 216 229
8 32 26 158 216 229
8 33 0 214 38 40
8 33 1 214 38 40
8 33 2 214 38 40
8 33 3 214 38 40
8 33 4 214 38 40
8 33 5 214 38 40
8 33 6 214 38 40
8 33 7 214 38 40
8 33 8 214 38 40
8 33 9 214 38 40
8 33 10 214 38 40
8 33 11 214 38 40
8 33 12 214 38 40
8 33 13 214 38 40
8 33 14 214 38 40
8 33 15 214 38 40
8 33 16 214 38 40
8 33 17 214 38 40
8 33 18 214 38 40
8 33 19 214 38 40
8 33 20 214 38 40
8 33 21 214 38 40
8 33 22 214 38 40
8 33 23 214 38 40
8 33 24 214 38 40
8 33 25 214 38 40
8 33 26 158 216 229
8 34 0 214 38 40
8 34 1 214 38 40
8 34 2 214 38 40
8 34 3 214 38 40
8 34 4 214 38 40
8 34 5 214 38 40
8 34 6 214 38 40
8 34 7 214 38 40
8 34 8 214 38 40
8 34 9 214 38 40
8 34 10 214 38 40
8 34 11 214 38 40
8 34 12 214 38 40
8 34 13 214 38 40
8 34 14 214 38 40
8 34 15 214 38 40
8 34 16 214 38 40
8 34 17 214 38 40
8 34 18 214 38 40
8 34 19 214 38 40
8 34 20 214 38 40
8 34 21 214 38 40
8 34 22 214 38 40
8 34 23 214 38 40
8 34 24 214 38 40
8 34 25 214 38 40
8 34 26 214 38 40
9 0 0 204 204 91
9 0 1 204 204 91
9 0 2 204 204 91
9 0 3 204 204 91
9 0 4 43 160 4
9 0 5 43 160 4
9 0 6 43 160 4
9 0 7 43 160 4
9 0 8 30 119 181
9 0 9 255 186 119
9 0 10 255 186 119
9 0 11 255 186 119
9 0 12 255 186 119
9 0 13 255 186 119
9 0 14 255 186 119
9 0 15 255 186 119
9 0 16 255 186 119
9 0 17 255 186 119
9 0 18 255 186 119
9 0 19 255 186 119
9 0 20 255 186 119
9 0 21 255 186 119
9 0 22 255 186 119
9 0 23 255 186 119
9 0 24 255 186 119
9 0 25 255 186 119
9 0 26 43 160 4
9 1 0 204 204 91
9 1 1 204 204 91
9 1 2 204 204 91
9 1 3 204 204 91
9 1 4 204 204 91
9 1 8 30 119 181
9 1 9 255 186 119
9 1 10 255 186 119
9 1 11 255 186 119
9 1 12 255 186 119
9 1 13 255 186 119
9 1 14 255 186 119
9 1 15 255 186 119
9 1 16 255 186 119
9 1 17 255 186 119
9 1 18 255 186 119
9 1 19 255 186 119
9 1 20 255 186 119
9 1 21 255 186 119
9 1 22 255 186 119
9 1 23 255 186 119
9 1 24 255 186 119
9 1 25 255 186 119
9 1 26 158 216 229
9 2 0 204 204 91
9 2 1 204 204 91
9 2 8 30 119 181
9 2 9 255 186 119
9 2 10 255 186 119
9 2 11 255 186 119
9 2 12 255 186 119
9 2 13 255 186 119
9 2 14 255 186 119
9 2 15 255 186 119
9 2 16 255 186 119
9 2 17 255 186 119
9 2 18 255 186 119
9 2 19 255 186 119
9 2 20 255 186 119
9 2 21 255 186 119
9 2 22 255 186 119
9 2 23 255 186 119
9 2 24 255 186 119
9 2 25 255 186 119
9 2 26 158 216 229
9 3 0 204 204 91
9 3 1 204 204 91
9 3 8 30 119 181
9 3 9 255 186 119
9 3 10 255 186 119
9 3 11 255 186 119
9 3 12 255 186 119
9 3 13 255 186 119
9 3 14 255 186 119
9 3 15 255 186 119
9 3 16 255 186 119
9 3 17 255 186 119
9 3 18 255 186 119
9 3 19 255 186 119
9 3 20 255 186 119
9 3 21 255 186 119
9 3 22 255 186 119
9 3 23 255 186 119
9 3 24 255 186 119
9 3 25 255 186 119
9 3 26 158 216 229
9 4 0 204 204 91
9 4 1 204 204 91
9 4 2 204 204 91
9 4 3 204 204 91
9 4 4 204 204 91
9 4 8 30 119 181
9 4 9 255 186 119
9 4 10 255 186 119
9 4 11 255 186 119
9 4 12 255 186 119
9 4 13 255 186 119
9 4 14 255 186 119
9 4 15 255 186 119
9 4 16 255 186 119
9 4 17 255 186 119
9 4 18 255 186 119
9 4 19 255 186 119
9 4 20 255 186 119
9 4 21 255 186 119
9 4 22 255 186 119
9 4 23 255 186 119
9 4 24 255 186 119
9 4 25 255 186 119
9 4 26 158 216 229
9 5 0 204 204 91
9 5 1 204 204 91
9 5 2 204 204 91
9 5 3 204 204 91
9 5 4 204 204 91
9 5 8 30 119 181
9 5 9 255 186 119
9 5 10 255 186 119
9 5 11 255 186 119
9 5 12 255 186 119
9 5 13 255 186 119
9 5 14 255 186 119
9 5 15 255 186 119
9 5 16 255 186 119
9 5 17 255 186 119
9 5 18 255 186 119
9 5 19 255 186 119
9 5 20 255 186 119
9 5 21 255 186 119
9 5 22 255 186 119
9 5 23 255 186 119
9 5 24 255 186 119
9 5 25 255 186 119
9 5 26 158 216 229
9 6 0 204 204 91
9 6 1 204 204 91
9 6 2 204 204 91
9 6 3 204 204 91
9 6 4 204 204 91
9 6 8 30 119 181
9 6 9 255 186 119
9 6 10 255 186 119
9 6 11 255 186 119
9 6 12 255 186 119
9 6 13 255 186 119
9 6 14 255 186 119
9 6 15 255 186 119
9 6 16 255 186 119
9 6 17 255 186 119
9 6 18 255 186 119
9 6 19 255 186 119
9 6 20 255 186 119
9 6 21 255 186 119
9 6 22 255 186 119
9 6 23 255 186 119
9 6 24 255 186 119
9 6 25 255 186 119
9 6 26 158 216 229
9 7 8 30 119 181
9 7 9 255 186 119
9 7 10 255 186 119
9 7 11 255 186 119
9 7 12 255 186 119
9 7 13 255 186 119
9 7 14 255 186 119
9 7 15 255 186 119
9 7 16 255 186 119
9 7 17 255 186 119
9 7 18 255 186 119
9 7 19 255 186 119
9 7 20 255 186 119
9 7 21 255 186 119
9 7 22 255 186 119
9 7 23 255 186 119
9 7 24 255 186 119
9 7 25 255 186 119
9 7 26 158 216 229
9 8 0 30 119 181
9 8 1 30 119 181
9 8 2 30 119 181
9 8 3 30 119 181
9 8 4 30 119 181
9 8 5 30 119 181
9 8 6 30 119 181
9 8 7 30 119 181
9 8 8 30 119 181
9 8 9 30 119 181
9 8 10 196 175 214
9 8 11 196 175 214
9 8 23 196 175 214
9 8 24 196 175 214
9 8 25 196 175 214
9 8 26 158 216 229
9 9 0 30 119 181
9 9 1 30 119 181
9 9 2 30 119 181
9 9 3 30 119 181
9 9 4 30 119 181
9 9 5 30 119 181
9 9 6 30 119 181
9 9 7 30 119 181
9 9 8 30 119 181
9 9 9 30 119 181
9 9 10 196 175 214
9 9 11 196 175 214
9 9 23 196 175 214
9 9 24 196 175 214
9 9 25 196 175 214
9 9 26 158 216 229
9 10 23 196 175 214
9 10 24 196 175 214
9 10 25 196 175 214
9 10 26 158 216 229
9 11 24 196 175 214
9 11 25 196 175 214
9 11 26 158 216 229
9 12 24 196 175 214
9 12 25 196 175 214
9 12 26 158 216 229
9 13 25 196 175 214
9 13 26 158 216 229
9 14 26 158 216 229
9 15 26 158 216 229
9 16 26 158 216 229
9 17 26 158 216 229
9 18 26 158 216 229
9 19 26 158 216 229
9 20 26 158 216 229
9 21 26 158 216 229
9 22 26 158 216 229
9 23 26 158 216 229
9 24 26 158 216 229
9 25 26 158 216 229
9 26 26 158 216 229
9 27 26 158 216 229
9 28 26 158 216 229
9 29 26 158 216 229
9 30 26 158 216 229
9 31 26 158 216 229
9 32 26 158 216 229
9 33 0 214 38 40
9 33 1 214 38 40
9 33 2 214 38 40
9 33 3 214 38 40
9 33 4 214 38 40
9 33 5 214 38 40
9 33 6 214 38 40
9 33 7 214 38 40
9 33 8 214 38 40
9 33 9 214 38 40
9 33 10 214 38 40
9 33 11 214 38 40
9 33 12 214 38 40
9 33 13 214 38 40
9 33 14 214 38 40
9 33 15 214 38 40
9 33 16 214 38 40
9 33 17 214 38 40
9 33 18 214 38 40
9 33 19 214 38 40
9 33 20 214 38 40
9 33 21 214 38 40
9 33 22 214 38 40
9 33 23 214 38 40
9 33 24 214 38 40
9 33 25 214 38 40
9 33 26 158 216 229
9 34 0 214 38 40
9 34 1 214 38 40
9 34 2 214 38 40
9 34 3 214 38 40
9 34 4 214 38 40
9 34 5 214 38 40
9 34 6 214 38 40
9 34 7 214 38 40
9 34 8 214 38 40
9 34 9 214 38 40
9 34 10 214 38 40
9 34 11 214 38 40
9 34 12 214 38 40
9 34 13 214 38 40
9 34 14 214 38 40
9 34 15 214 38 40
9 34 16 214 38 40
9 34 17 214 38 40
9 34 18 214 38 40
9 34 19 214 38 40
9 34 20 214 38 40
9 34 21 214 38 40
9 34 22 214 38 40
9 34 23 214 38 40
9 34 24 214 38 40
9 34 25 214 38 40
9 34 26 214 38 40
10 0 0 204 204 91
10 0 1 204 204 91
10 0 2 204 204 91
10 0 3 204 204 91
10 0 4 43 160 4
10 0 5 43 160 4
10 0 6 43 160 4
10 0 7 43 160 4
10 0 8 30 119 181
10 0 9 255 186 119
10 0 10 255 186 119
10 0 11 255 186 119
10 0 12 255 186 119
10 0 13 255 186 119
10 0 14 255 186 119
10 0 15 255 186 119
10 0 16 255 186 119
10 0 17 255 186 119
10 0 18 255 186 119
10 0 19 255 186 119
10 0 20 255 186 119
10 0 21 255 186 119
10 0 22 255 186 119
10 0 23 255 186 119
10 0 24 255 186 119
10 0 25 255 186 119
10 0 26 43 160 4
10 1 0 204 204 91
10 1 1 204 204 91
10 1 2 204 204 91
10 1 3 204 204 91
10 1 4 204 204 91
10 1 8 30 119 181
10 1 9 255 186 119
10 1 10 255 186 119
10 1 11 255 186 119
10 1 12 255 186 119
10 1 13 255 186 119
10 1 14 255 186 119
10 1 15 255 186 119
10 1 16 255 186 119
10 1 17 255 186 119
10 1 18 255 186 119
10 1 19 255 186 119
10 1 20 255 186 119
10 1 21 255 186 119
10 1 22 255 186 119
10 1 23 255 186 119
10 1 24 255 186 119
10 1 25 255 186 119
10 1 26 158 216 229
10 2 8 30 119 181
10 2 9 255 186 119
10 2 10 255 186 119
10 2 11 255 186 119
10 2 12 255 186 119
10 2 13 255 186 119
10 2 14 255 186 119
10 2 15 255 186 119
10 2 16 255 186 119
10 2 17 255 186 119
10 2 18 255 186 119
10 2 19 255 186 119
10 2 20 255 186 119
10 2 21 255 186 119
10 2 22 255 186 119
10 2 23 255 186 119
10 2 24 255 186 119
10 2 25 255 186 119
10 2 26 158 216 229
10 3 8 30 119 181
10 3 9 255 186 119
10 3 10 255 186 119
10 3 11 255 186 119
10 3 12 255 186 119
10 3 13 255 186 119
10 3 14 255 186 119
10 3 15 255 186 119
10 3 16 255 186 119
10 3 17 255 186 119
10 3 18 255 186 119
10 3 19 255 186 119
10 3 20 255 186 119
10 3 21 255 186 119
10 3 22 255 186 119
10 3 23 255 186 119
10 3 24 255 186 119
10 3 25 255 186 119
10 3 26 158 216 229
10 4 0 204 204 91
10 4 1 204 204 91
10 4 2 204 204 91
10 4 3 204 204 91
10 4 4 204 204 91
10 4 8 30 119 181
10 4 9 255 186 119
10 4 10 255 186 119
10 4 11 255 186 119
10 4 12 255 186 119
10 4 13 255 186 119
10 4 14 255 186 119
10 4 15 255 186 119
10 4 16 255 186 119
10 4 17 255 186 119
10 4 18 255 186 119
10 4 19 255 186 119
10 4 20 255 186 119
10 4 21 255 186 119
10 4 22 255 186 119
10 4 23 255 186 119
10 4 24 255 186 119
10 4 25 255 186 119
10 4 26 158 216 229
10 5 0 204 204 91
10 5 1 204 204 91
10 5 2 204 204 91
10 5 3 204 204 91
10 5 4 204 204 91
10 5 8 30 119 181
10 5 9 255 186 119
10 5 10 255 186 119
10 5 11 255 186 119
10 5 12 255 186 119
10 5 13 255 186 119
10 5 14 255 186 119
10 5 15 255 186 119
10 5 16 255 186 119
10 5 17 255 186 119
10 5 18 255 186 119
10 5 19 255 186 119
10 5 20 255 186 119
10 5 21 255 186 119
10 5 22 255 186 119
10 5 23 255 186 119
10 5 24 255 186 119
10 5 25 255 186 119
10 5 26 158 216 229
10 6 0 204 204 91
10 6 1 204 204 91
10 6 2 204 204 91
10 6 3 204 204 91
10 6 4 204 204 91
10 6 8 30 119 181
10 6 9 255 186 119
10 6 10 255 186 119
10 6 11 255 186 119
10 6 12 255 186 119
10 6 13 255 186 119
10 6 14 255 186 119
10 6 15 255 186 119
10 6 16 255 186 119
10 6 17 255 186 119
10 6 18 255 186 119
10 6 19 255 186 119
10 6 20 255 186 119
10 6 21 255 186 119
10 6 22 255 186 119
10 6 23 255 186 119
10 6 24 255 186 119
10 6 25 255 186 119
10 6 26 158 216 229
10 7 8 30 119 181
10 7 9 255 186 119
10 7 10 255 186 119
10 7 11 255 186 119
10 7 12 255 186 119
10 7 13 255 186 119
10 7 14 255 186 119
10 7 15 255 186 119
10 7 16 255 186 119
10 7 17 255 186 119
10 7 18 255 186 119
10 7 19 255 186 119
10 7 20 255 186 119
10 7 21 255 186 119
10 7 22 255 186 119
10 7 23 255 186 119
10 7 24 255 186 119
10 7 25 255 186 119
10 7 26 158 216 229
10 8 0 30 119 181
10 8 1 30 119 181
10 8 2 30 119 181
10 8 3 30 119 181
10 8 4 30 119 181
10 8 5 30 119 181
10 8 6 30 119 181
10 8 7 30 119 181
10 8 8 30 119 181
10 8 9 30 119 181
10 8 23 196 175 214
10 8 24 196 175 214
10 8 25 196 175 214
10 8 26 158 216 229
10 9 0 30 119 181
10 9 1 30 119 181
10 9 2 30 119 181
10 9 3 30 119 181
10 9 4 30 119 181
10 9 5 30 119 181
10 9 6 30 119 181
10 9 7 30 119 181
10 9 8 30 119 181
10 9 9 30 119 181
10 9 23 196 175 214
10 9 24 196 175 214
10 9 25 196 175 214
10 9 26 158 216 229
10 10 23 196 175 214
10 10 24 196 175 214
10 10 25 196 175 214
10 10 26 158 216 229
10 11 26 158 216 229
10 12 26 158 216 229
10 13 26 158 216 229
10 14 26 158 216 229
10 15 26 158 216 229
10 16 26 158 216 229
10 17 26 158 216 229
10 18 26 158 216 229
10 19 26 158 216 229
10 20 26 158 216 229
10 21 26 158 216 229
10 22 26 158 216 229
10 23 26 158 216 229
10 24 26 158 216 229
10 25 26 158 216 229
10 26 26 158 216 229
10 27 26 158 216 229
10 28 26 158 216 229
10 29 26 158 216 229
10 30 26 158 216 229
10 31 26 158 216 229
10 32 26 158 216 229
10 33 0 214 38 40
10 33 1 214 38 40
10 33 2 214 38 40
10 33 3 214 38 40
10 33 4 214 38 40
10 33 5 214 38 40
10 33 6 214 38 40
10 33 7 214 38 40
10 33 8 214 38 40
10 33 9 214 38 40
10 33 10 214 38 40
10 33 11 214 38 40
10 33 12 214 38 40
10 33 13 214 38 40
10 33 14 214 38 40
10 33 15 214 38 40
10 33 16 214 38 40
10 33 17 214 38 40
10 33 18 214 38 40
10 33 19 214 38 40
10 33 20 214 38 40
10 33 21 214 38 40
10 33 22 214 38 40
10 33 23 214 38 40
10 33 24 214 38 40
10 33 25 214 38 40
10 33 26 158 216 229
10 34 0 214 38 40
10 34 1 214 38 40
10 34 2 214 38 40
10 34 3 214 38 40
10 34 4 214 38 40
10 34 5 214 38 40
10 34 6 214 38 40
10 34 7 214 38 40
10 34 8 214 38 40
10 34 9 214 38 40
10 34 10 214 38 40
10 34 11 214 38 40
10 34 12 214 38 40
10 34 13 214 38 40
10 34 14 214 38 40
10 34 15 214 38 40
10 34 16 214 38 40
10 34 17 214 38 40
10 34 18 214 38 40
10 34 19 214 38 40
10 34 20 214 38 40
10 34 21 214 38 40
10 34 22 214 38 40
10 34 23 214 38 40
10 34 24 214 38 40
10 34 25 214 38 40
10 34 26 214 38 40
11 0 0 204 204 91
11 0 1 204 204 91
11 0 2 204 204 91
11 0 3 204 204 91
11 0 4 43 160 4
11 0 5 43 160 4
11 0 6 43 160 4
11 0 7 43 160 4
11 0 8 43 160 4
11 0 9 255 186 119
11 0 10 255 186 119
11 0 11 255 186 119
11 0 12 255 186 119
11 0 13 255 186 119
11 0 14 255 186 119
11 0 15 255 186 119
11 0 16 255 186 119
11 0 17 255 186 119
11 0 18 255 186 119
11 0 19 255 186 119
11 0 20 255 186 119
11 0 21 255 186 119
11 0 22 255 186 119
11 0 23 255 186 119
11 0 24 255 186 119
11 0 25 255 186 119
11 0 26 43 160 4
11 1 0 204 204 91
11 1 1 204 204 91
11 1 2 204 204 91
11 1 3 204 204 91
11 1 4 204 204 91
11 1 8 30 119 181
11 1 9 255 186 119
11 1 10 255 186 119
11 1 11 255 186 119
11 1 12 255 186 119
11 1 13 255 186 119
11 1 14 255 186 119
11 1 15 255 186 119
11 1 16 255 186 119
11 1 17 255 186 119
11 1 18 255 186 119
11 1 19 255 186 119
11 1 20 255 186 119
11 1 21 255 186 119
11 1 22 255 186 119
11 1 23 255 186 119
11 1 24 255 186 119
11 1 25 255 186 119
11 1 26 158 216 229
11 2 8 30 119 181
11 2 9 255 186 119
11 2 10 255 186 119
11 2 11 255 186 119
11 2 12 255 186 119
11 2 13 255 186 119
11 2 14 255 186 119
11 2 15 255 186 119
11 2 16 255 186 119
11 2 17 255 186 119
11 2 18 255 186 119
11 2 19 255 186 119
11 2 20 255 186 119
11 2 21 255 186 119
11 2 22 255 186 119
11 2 23 255 186 119
11 2 24 255 186 119
11 2 25 255 186 119
11 2 26 158 216 229
11 3 8 30 119 181
11 3 9 255 186 119
11 3 10 255 186 119
11 3 11 255 186 119
11 3 12 255 186 119
11 3 13 255 186 119
11 3 14 255 186 119
11 3 15 255 186 119
11 3 16 255 186 119
11 3 17 255 186 119
11 3 18 255 186 119
11 3 19 255 186 119
11 3 20 255 186 119
11 3 21 255 186 119
11 3 22 255 186 119
11 3 23 255 186 119
11 3 24 255 186 119
11 3 25 255 186 119
11 3 26 158 216 229
11 4 0 204 204 91
11 4 1 204 204 91
11 4 2 204 204 91
11 4 3 204 204 91
11 4 4 204 204 91
11 4 8 30 119 181
11 4 9 255 186 119
11 4 10 255 186 119
11 4 11 255 186 119
11 4 12 255 186 119
11 4 13 255 186 119
11 4 14 255 186 119
11 4 15 255 186 119
11 4 16 255 186 119
11 4 17 255 186 119
11 4 18 255 186 119
11 4 19 255 186 119
11 4 20 255 186 119
11 4 21 255 186 119
11 4 22 255 186 119
11 4 23 255 186 119
11 4 24 255 186 119
11 4 25 255 186 119
11 4 26 158 216 229
11 5 0 204 204 91
11 5 1 204 204 91
11 5 2 204 204 91
11 5 3 204 204 91
11 5 4 204 204 91
11 5 8 30 119 181
11 5 9 255 186 119
11 5 10 255 186 119
11 5 11 255 186 119
11 5 12 255 186 119
11 5 13 255 186 119
11 5 14 255 186 119
11 5 15 255 186 119
11 5 16 255 186 119
11 5 17 255 186 119
11 5 18 255 186 119
11 5 19 255 186 119
11 5 20 255 186 119
11 5 21 255 186 119
11 5 22 255 186 119
11 5 23 255 186 119
11 5 24 255 186 119
11 5 25 255 186 119
11 5 26 158 216 229
11 6 0 204 204 91
11 6 1 204 204 91
11 6 2 204 204 91
11 6 3 204 204 91
11 6 4 204 204 91
11 6 8 30 119 181
11 6 9 255 186 119
11 6 10 255 186 119
11 6 11 255 186 119
11 6 12 255 186 119
11 6 13 255 186 119
11 6 14 255 186 119
11 6 15 255 186 119
11 6 16 255 186 119
11 6 17 255 186 119
11 6 18 255 186 119
11 6 19 255 186 119
11 6 20 255 186 119
11 6 21 255 186 119
11 6 22 255 186 119
11 6 23 255 186 119
11 6 24 255 186 119
11 6 25 255 186 119
11 6 26 158 216 229
11 7 0 204 204 91
11 7 1 204 204 91
11 7 2 204 204 91
11 7 3 204 204 91
11 7 4 204 204 91
11 7 8 30 119 181
11 7 9 255 186 119
11 7 10 255 186 119
11 7 11 255 186 119
11 7 12 255 186 119
11 7 13 255 186 119
11 7 14 255 186 119
11 7 15 255 186 119
11 7 16 255 186 119
11 7 17 255 186 119
11 7 18 255 186 119
11 7 19 255 186 119
11 7 20 255 186 119
11 7 21 255 186 119
11 7 22 255 186 119
11 7 23 255 186 119
11 7 24 255 186 119
11 7 25 255 186 119
11 7 26 158 216 229
11 8 0 204 204 91
11 8 1 204 204 91
11 8 2 204 204 91
11 8 3 204 204 91
11 8 4 204 204 91
11 8 5 30 119 181
11 8 6 30 119 181
11 8 7 30 119 181
11 8 8 30 119 181
11 8 9 30 119 181
11 8 23 196 175 214
11 8 24 196 175 214
11 8 25 196 175 214
11 8 26 158 216 229
11 9 0 204 204 91
11 9 1 204 204 91
11 9 2 204 204 91
11 9 3 204 204 91
11 9 4 30 119 181
11 9 5 30 119 181
11 9 6 30 119 181
11 9 7 30 119 181
11 9 8 30 119 181
11 9 9 30 119 181
11 9 23 196 175 214
11 9 24 196 175 214
11 9 25 196 175 214
11 9 26 158 216 229
11 10 23 196 175 214
11 10 24 196 175 214
11 10 25 196 175 214
11 10 26 158 216 229
11 11 26 158 216 229
11 12 26 158 216 229
11 13 26 158 216 229
11 14 26 158 216 229
11 15 26 158 216 229
11 16 26 158 216 229
11 17 26 158 216 229
11 18 26 158 216 229
11 19 26 158 216 229
11 20 26 158 216 229
11 21 26 158 216 229
11 22 26 158 216 229
11 23 26 158 216 229
11 24 26 158 216 229
11 25 26 158 216 229
11 26 26 158 216 229
11 27 26 158 216 229
11 28 26 158 216 229
11 29 26 158 216 229
11 30 26 158 216 229
11 31 26 158 216 229
11 32 26 158 216 229
11 33 0 214 38 40
11 33 1 214 38 40
11 33 2 214 38 40
11 33 3 214 38 40
11 33 4 214 38 40
11 33 5 214 38 40
11 33 6 214 38 40
11 33 7 214 38 40
11 33 8 214 38 40
11 33 9 214 38 40
11 33 10 214 38 40
11 33 11 214 38 40
11 33 12 214 38 40
11 33 13 214 38 40
11 33 14 214 38 40
11 33 15 214 38 40
11 33 16 214 38 40
11 33 17 214 38 40
11 33 18 214 38 40
11 33 19 214 38 40
11 33 20 214 38 40
11 33 21 214 38 40
11 33 22 214 38 40
11 33 23 214 38 40
11 33 24 214 38 40
11 33 25 214 38 40
11 33 26 158 216 229
11 34 0 214 38 40
11 34 1 214 38 40
11 34 2 214 38 40
11 34 3 214 38 40
11 34 4 214 38 40
11 34 5 214 38 40
11 34 6 214 38 40
11 34 7 214 38 40
11 34 8 214 38 40
11 34 9 214 38 40
11 34 10 214 38 40
11 34 11 214 38 40
11 34 12 214 38 40
11 34 13 214 38 40
11 34 14 214 38 40
11 34 15 214 38 40
11 34 16 214 38 40
11 34 17 214 38 40
11 34 18 214 38 40
11 34 19 214 38 40
11 34 20 214 38 40
11 34 21 214 38 40
11 34 22 214 38 40
11 34 23 214 38 40
11 34 24 214 38 40
11 34 25 214 38 40
11 34 26 214 38 40
12 0 0 204 204 91
12 0 1 204 204 91
12 0 2 204 204 91
12 0 3 204 204 91
12 0 4 43 160 4
12 0 5 43 160 4
12 0 6 43 160 4
12 0 7 43 160 4
12 0 8 43 160 4
12 0 9 255 186 119
12 0 10 255 186 119
12 0 11 255 186 119
12 0 12 255 186 119
12 0 13 255 186 119
12 0 14 255 186 119
12 0 15 255 186 119
12 0 16 255 186 119
12 0 17 255 186 119
12 0 18 255 186 119
12 0 19 255 186 119
12 0 20 255 186 119
12 0 21 255 186 119
12 0 22 255 186 119
12 0 23 255 186 119
12 0 24 255 186 119
12 0 25 255 186 119
12 0 26 158 216 229
12 1 0 204 204 91
12 1 1 204 204 91
12 1 2 204 204 91
12 1 3 204 204 91
12 1 4 204 204 91
12 1 8 255 186 119
12 1 9 255 186 119
12 1 10 255 186 119
12 1 11 255 186 119
12 1 12 255 186 119
12 1 13 255 186 119
12 1 14 255 186 119
12 1 15 255 186 119
12 1 16 255 186 119
12 1 17 255 186 119
12 1 18 255 186 119
12 1 19 255 186 119
12 1 20 255 186 119
12 1 21 255 186 119
12 1 22 255 186 119
12 1 23 255 186 119
12 1 24 255 186 119
12 1 25 255 186 119
12 1 26 158 216 229
12 2 8 255 186 119
12 2 9 255 186 119
12 2 10 255 186 119
12 2 11 255 186 119
12 2 12 255 186 119
12 2 13 255 186 119
12 2 14 255 186 119
12 2 15 255 186 119
12 2 16 255 186 119
12 2 17 255 186 119
12 2 18 255 186 119
12 2 19 255 186 119
12 2 20 255 186 119
12 2 21 255 186 119
12 2 22 255 186 119
12 2 23 255 186 119
12 2 24 255 186 119
12 2 25 255 186 119
12 2 26 158 216 229
12 3 8 255 186 119
12 3 9 255 186 119
12 3 10 255 186 119
12 3 11 255 186 119
12 3 12 255 186 119
12 3 13 255 186 119
12 3 14 255 186 119
12 3 15 255 186 119
12 3 16 255 186 119
12 3 17 255 186 119
12 3 18 255 186 119
12 3 19 255 186 119
12 3 20 255 186 119
12 3 21 255 186 119
12 3 22 255 186 119
12 3 23 255 186 119
12 3 24 255 186 119
12 3 25 255 186 119
12 3 26 158 216 229
12 4 0 204 204 91
12 4 1 204 204 91
12 4 2 204 204 91
12 4 3 204 204 91
12 4 4 204 204 91
12 4 8 255 186 119
12 4 9 255 186 119
12 4 10 255 186 119
12 4 11 255 186 119
12 4 12 255 186 119
12 4 13 255 186 119
12 4 14 255 186 119
12 4 15 255 186 119
12 4 16 255 186 119
12 4 17 255 186 119
12 4 18 255 186 119
12 4 19 255 186 119
12 4 20 255 186 119
12 4 21 255 186 119
12 4 22 255 186 119
12 4 23 255 186 119
12 4 24 255 186 119
12 4 25 255 186 119
12 4 26 158 216 229
12 5 0 204 204 91
12 5 1 204 204 91
12 5 2 204 204 91
12 5 3 204 204 91
12 5 4 204 204 91
12 5 8 255 186 119
12 5 9 255 186 119
12 5 10 255 186 119
12 5 11 255 186 119
12 5 12 255 186 119
12 5 13 255 186 119
12 5 14 255 186 119
12 5 15 255 186 119
12 5 16 255 186 119
12 5 17 255 186 119
12 5 18 255 186 119
12 5 19 255 186 119
12 5 20 255 186 119
12 5 21 255 186 119
12 5 22 255 186 119
12 5 23 255 186 119
12 5 24 255 186 119
12 5 25 255 186 119
12 5 26 158 216 229
12 6 0 204 204 91
12 6 1 204 204 91
12 6 2 204 204 91
12 6 3 204 204 91
12 6 4 204 204 91
12 6 8 255 186 119
12 6 9 255 186 119
12 6 10 255 186 119
12 6 11 255 186 119
12 6 12 255 186 119
12 6 13 255 186 119
12 6 14 255 186 119
12 6 15 255 186 119
12 6 16 255 186 119
12 6 17 255 186 119
12 6 18 255 186 119
12 6 19 255 186 119
12 6 20 255 186 119
12 6 21 255 186 119
12 6 22 255 186 119
12 6 23 255 186 119
12 6 24 255 186 119
12 6 25 255 186 119
12 6 26 158 216 229
12 7 0 204 204 91
12 7 1 204 204 91
12 7 2 204 204 91
12 7 3 204 204 91
12 7 4 204 204 91
12 7 8 255 186 119
12 7 9 255 186 119
12 7 10 255 186 119
12 7 11 255 186 119
12 7 12 255 186 119
12 7 13 255 186 119
12 7 14 255 186 119
12 7 15 255 186 119
12 7 16 255 186 119
12 7 17 255 186 119
12 7 18 255 186 119
12 7 19 255 186 119
12 7 20 255 186 119
12 7 21 255 186 119
12 7 22 255 186 119
12 7 23 255 186 119
12 7 24 255 186 119
12 7 25 255 186 119
12 7 26 158 216 229
12 8 0 204 204 91
12 8 1 204 204 91
12 8 2 204 204 91
12 8 3 204 204 91
12 8 4 204 204 91
12 8 23 196 175 214
12 8 24 196 175 214
12 8 25 196 175 214
12 8 26 158 216 229
12 9 0 204 204 91
12 9 1 204 204 91
12 9 2 204 204 91
12 9 3 204 204 91
12 9 4 204 204 91
12 9 23 196 175 214
12 9 24 196 175 214
12 9 25 196 175 214
12 9 26 158 216 229
12 10 23 196 175 214
12 10 24 196 175 214
12 10 25 196 175 214
12 10 26 158 216 229
12 11 26 158 216 229
12 12 26 158 216 229
12 13 26 158 216 229
12 14 26 158 216 229
12 15 26 158 216 229
12 16 26 158 216 229
12 17 26 158 216 229
12 18 26 158 216 229
12 19 26 158 216 229
12 20 26 158 216 229
12 21 26 158 216 229
12 22 26 158 216 229
12 23 26 158 216 229
12 24 26 158 216 229
12 25 26 158 216 229
12 26 26 158 216 229
12 27 26 158 216 229
12 28 26 158 216 229
12 29 26 158 216 229
12 30 26 158 216 229
12 31 26 158 216 229
12 32 26 158 216 229
12 33 0 214 38 40
12 33 1 214 38 40
12 33 2 214 38 40
12 33 3 214 38 40
12 33 4 214 38 40
12 33 5 214 38 40
12 33 6 214 38 40
12 33 7 214 38 40
12 33 8 214 38 40
12 33 9 214 38 40
12 33 10 214 38 40
12 33 11 214 38 40
12 33 12 214 38 40
12 33 13 214 38 40
12 33 14 214 38 40
12 33 15 214 38 40
12 33 16 214 38 40
12 33 17 214 38 40
12 33 18 214 38 40
12 33 19 214 38 40
12 33 20 214 38 40
12 33 21 214 38 40
12 33 22 214 38 40
12 33 23 214 38 40
12 33 24 214 38 40
12 33 25 214 38 40
12 33 26 158 216 229
12 34 0 214 38 40
12 34 1 214 38 40
12 34 2 214 38 40
12 34 3 214 38 40
12 34 4 214 38 40
12 34 5 214 38 40
12 34 6 214 38 40
12 34 7 214 38 40
12 34 8 214 38 40
12 34 9 214 38 40
12 34 10 214 38 40
12 34 11 214 38 40
12 34 12 214 38 40
12 34 13 214 38 40
12 34 14 214 38 40
12 34 15 214 38 40
12 34 16 214 38 40
12 34 17 214 38 40
12 34 18 214 38 40
12 34 19 214 38 40
12 34 20 214 38 40
12 34 21 214 38 40
12 34 22 214 38 40
12 34 23 214 38 40
12 34 24 214 38 40
12 34 25 214 38 40
12 34 26 214 38 40
13 0 0 43 160 4
13 0 1 43 160 4
13 0 2 43 160 4
13 0 3 43 160 4
13 0 4 43 160 4
13 0 5 43 160 4
13 0 6 43 160 4
13 0 7 43 160 4
13 0 8 43 160 4
13 0 9 255 186 119
13 0 10 255 186 119
13 0 11 255 186 119
13 0 12 255 186 119
13 0 13 255 186 119
13 0 14 255 186 119
13 0 15 255 186 119
13 0 16 255 186 119
13 0 17 255 186 119
13 0 18 255 186 119
13 0 19 255 186 119
13 0 20 255 186 119
13 0 21 255 186 119
13 0 22 255 186 119
13 0 23 255 186 119
13 0 24 255 186 119
13 0 25 255 186 119
13 0 26 158 216 229
13 1 0 204 204 91
13 1 1 204 204 91
13 1 2 204 204 91
13 1 3 204 204 91
13 1 4 204 204 91
13 1 8 255 186 119
13 1 9 255 186 119
13 1 10 255 186 119
13 1 11 255 186 119
13 1 12 255 186 119
13 1 13 255 186 119
13 1 14 255 186 119
13 1 15 255 186 119
13 1 16 255 186 119
13 1 17 255 186 119
13 1 18 255 186 119
13 1 19 255 186 119
13 1 20 255 186 119
13 1 21 255 186 119
13 1 22 255 186 119
13 1 23 255 186 119
13 1 24 255 186 119
13 1 25 255 186 119
13 1 26 158 216 229
13 2 8 255 186 119
13 2 9 255 186 119
13 2 10 255 186 119
13 2 11 255 186 119
13 2 12 255 186 119
13 2 13 255 186 119
13 2 14 255 186 119
13 2 15 255 186 119
13 2 16 255 186 119
13 2 17 255 186 119
13 2 18 255 186 119
13 2 19 255 186 119
13 2 20 255 186 119
13 2 21 255 186 119
13 2 22 255 186 119
13 2 23 255 186 119
13 2 24 255 186 119
13 2 25 255 186 119
13 2 26 158 216 229
13 3 8 255 186 119
13 3 9 255 186 119
13 3 10 255 186 119
13 3 11 255 186 119
13 3 12 255 186 119
13 3 13 255 186 119
13 3 14 255 186 119
13 3 15 255 186 119
13 3 16 255 186 119
13 3 17 255 186 119
13 3 18 255 186 119
13 3 19 255 186 119
13 3 20 255 186 119
13 3 21 255 186 119
13 3 22 255 186 119
13 3 23 255 186 119
13 3 24 255 186 119
13 3 25 255 186 119
13 3 26 158 216 229
13 4 8 255 186 119
13 4 9 255 186 119
13 4 10 255 186 119
13 4 11 255 186 119
13 4 12 255 186 119
13 4 13 255 186 119
13 4 14 255 186 119
13 4 15 255 186 119
13 4 16 255 186 119
13 4 17 255 186 119
13 4 18 255 186 119
13 4 19 255 186 119
13 4 20 255 186 119
13 4 21 255 186 119
13 4 22 255 186 119
13 4 23 255 186 119
13 4 24 255 186 119
13 4 25 255 186 119
13 4 26 158 216 229
13 5 0 204 204 91
13 5 1 204 204 91
13 5 2 204 204 91
13 5 3 204 204 91
13 5 4 204 204 91
13 5 8 255 186 119
13 5 9 255 186 119
13 5 10 255 186 119
13 5 11 255 186 119
13 5 12 255 186 119
13 5 13 255 186 119
13 5 14 255 186 119
13 5 15 255 186 119
13 5 16 255 186 119
13 5 17 255 186 119
13 5 18 255 186 119
13 5 19 255 186 119
13 5 20 255 186 119
13 5 21 255 186 119
13 5 22 255 186 119
13 5 23 255 186 119
13 5 24 255 186 119
13 5 25 255 186 119
13 5 26 158 216 229
13 6 0 204 204 91
13 6 1 204 204 91
13 6 2 204 204 91
13 6 3 204 204 91
13 6 4 204 204 91
13 6 8 255 186 119
13 6 9 255 186 119
13 6 10 255 186 119
13 6 11 255 186 119
13 6 12 255 186 119
13 6 13 255 186 119
13 6 14 255 186 119
13 6 15 255 186 119
13 6 16 255 186 119
13 6 17 255 186 119
13 6 18 255 186 119
13 6 19 255 186 119
13 6 20 255 186 119
13 6 21 255 186 119
13 6 22 255 186 119
13 6 23 255 186 119
13 6 24 255 186 119
13 6 25 255 186 119
13 6 26 158 216 229
13 7 0 204 204 91
13 7 1 204 204 91
13 7 2 204 204 91
13 7 3 204 204 91
13 7 4 204 204 91
13 7 8 255 186 119
13 7 9 255 186 119
13 7 10 255 186 119
13 7 11 255 186 119
13 7 12 255 186 119
13 7 13 255 186 119
13 7 14 255 186 119
13 7 15 255 186 119
13 7 16 255 186 119
13 7 17 255 186 119
13 7 18 255 186 119
13 7 19 255 186 119
13 7 20 255 186 119
13 7 21 255 186 119
13 7 22 255 186 119
13 7 23 255 186 119
13 7 24 255 186 119
13 7 25 255 186 119
13 7 26 158 216 229
13 8 0 204 204 91
13 8 1 204 204 91
13 8 2 204 204 91
13 8 3 204 204 91
13 8 4 204 204 91
13 8 23 196 175 214
13 8 24 196 175 214
13 8 25 196 175 214
13 8 26 158 216 229
13 9 0 204 204 91
13 9 1 204 204 91
13 9 2 204 204 91
13 9 3 204 204 91
13 9 4 204 204 91
13 9 23 196 175 214
13 9 24 196 175 214
13 9 25 196 175 214
13 9 26 158 216 229
13 10 23 196 175 214
13 10 24 196 175 214
13 10 25 196 175 214
13 10 26 158 216 229
13 11 26 158 216 229
13 12 26 158 216 229
13 13 26 158 216 229
13 14 26 158 216 229
13 15 26 158 216 229
13 16 26 158 216 229
13 17 26 158 216 229
13 18 26 158 216 229
13 19 26 158 216 229
13 20 26 158 216 229
13 21 26 158 216 229
13 22 26 158 216 229
13 23 26 158 216 229
13 24 26 158 216 229
13 25 26 158 216 229
13 26 26 158 216 229
13 27 26 158 216 229
13 28 26 158 216 229
13 29 26 158 216 229
13 30 26 158 216 229
13 31 26 158 216 229
13 32 26 158 216 229
13 33 0 214 38 40
13 33 1 214 38 40
13 33 2 214 38 40
13 33 3 214 38 40
13 33 4 214 38 40
13 33 5 214 38 40
13 33 6 214 38 40
13 33 7 214 38 40
13 33 8 214 38 40
13 33 9 214 38 40
13 33 10 214 38 40
13 33 11 214 38 40
13 33 12 214 38 40
13 33 13 214 38 40
13 33 14 214 38 40
13 33 15 214 38 40
13 33 16 214 38 40
13 33 17 214 38 40
13 33 18 214 38 40
13 33 19 214 38 40
13 33 20 214 38 40
13 33 21 214 38 40
13 33 22 214 38 40
13 33 23 214 38 40
13 33 24 214 38 40
13 33 25 214 38 40
13 33 26 158 216 229
13 34 0 214 38 40
13 34 1 214 38 40
13 34 2 214 38 40
13 34 3 214 38 40
13 34 4 214 38 40
13 34 5 214 38 40
13 34 6 214 38 40
13 34 7 214 38 40
13 34 8 214 38 40
13 34 9 214 38 40
13 34 10 214 38 40
13 34 11 214 38 40
13 34 12 214 38 40
13 34 13 214 38 40
13 34 14 214 38 40
13 34 15 214 38 40
13 34 16 214 38 40
13 34 17 214 38 40
13 34 18 214 38 40
13 34 19 214 38 40
13 34 20 214 38 40
13 34 21 214 38 40
13 34 22 214 38 40
13 34 23 214 38 40
13 34 24 214 38 40
13 34 25 214 38 40
13 34 26 214 38 40
14 0 0 43 160 4
14 0 1 43 160 4
14 0 2 43 160 4
14 0 3 43 160 4
14 0 4 43 160 4
14 0 5 43 160 4
14 0 6 43 160 4
14 0 7 43 160 4
14 0 8 43 160 4
14 0 9 255 186 119
14 0 10 255 186 119
14 0 11 255 186 119
14 0 12 255 186 119
14 0 13 255 186 119
14 0 14 255 186 119
14 0 15 255 186 119
14 0 16 255 186 119
14 0 17 255 186 119
14 0 18 255 186 119
14 0 19 255 186 119
14 0 20 255 186 119
14 0 21 255 186 119
14 0 22 255 186 119
14 0 23 255 186 119
14 0 24 255 186 119
14 0 25 255 186 119
14 0 26 158 216 229
14 1 8 255 186 119
14 1 9 255 186 119
14 1 10 255 186 119
14 1 11 255 186 119
14 1 12 255 186 119
14 1 13 255 186 119
14 1 14 255 186 119
14 1 15 255 186 119
14 1 16 255 186 119
14 1 17 255 186 119
14 1 18 255 186 119
14 1 19 255 186 119
14 1 20 255 186 119
14 1 21 255 186 119
14 1 22 255 186 119
14 1 23 255 186 119
14 1 24 255 186 119
14 1 25 255 186 119
14 1 26 158 216 229
14 2 8 255 186 119
14 2 9 255 186 119
14 2 10 255 186 119
14 2 11 255 186 119
14 2 12 255 186 119
14 2 13 255 186 119
14 2 14 255 186 119
14 2 15 255 186 119
14 2 16 255 186 119
14 2 17 255 186 119
14 2 18 255 186 119
14 2 19 255 186 119
14 2 20 255 186 119
14 2 21 255 186 119
14 2 22 255 186 119
14 2 23 255 186 119
14 2 24 255 186 119
14 2 25 255 186 119
14 2 26 158 216 229
14 3 8 255 186 119
14 3 9 255 186 119
14 3 10 255 186 119
14 3 11 255 186 119
14 3 12 255 186 119
14 3 13 255 186 119
14 3 14 255 186 119
14 3 15 255 186 119
14 3 16 255 186 119
14 3 17 255 186 119
14 3 18 255 186 119
14 3 19 255 186 119
14 3 20 255 186 119
14 3 21 255 186 119
14 3 22 255 186 119
14 3 23 255 186 119
14 3 24 255 186 119
14 3 25 255 186 119
14 3 26 158 216 229
14 4 8 255 186 119
14 4 9 255 186 119
14 4 10 255 186 119
14 4 11 255 186 119
14 4 12 255 186 119
14 4 13 255 186 119
14 4 14 255 186 119
14 4 15 255 186 119
14 4 16 255 186 119
14 4 17 255 186 119
14 4 18 255 186 119
14 4 19 255 186 119
14 4 20 255 186 119
14 4 21 255 186 119
14 4 22 255 186 119
14 4 23 255 186 119
14 4 24 255 186 119
14 4 25 255 186 119
14 4 26 158 216 229
14 5 8 255 186 119
14 5 9 255 186 119
14 5 10 255 186 119
14 5 11 255 186 119
14 5 12 255 186 119
14 5 13 255 186 119
14 5 14 255 186 119
14 5 15 255 186 119
14 5 16 255 186 119
14 5 17 255 186 119
14 5 18 255 186 119
14 5 19 255 186 119
14 5 20 255 186 119
14 5 21 255 186 119
14 5 22 255 186 119
14 5 23 255 186 119
14 5 24 255 186 119
14 5 25 255 186 119
14 5 26 158 216 229
14 6 8 255 186 119
14 6 9 255 186 119
14 6 10 255 186 119
14 6 11 255 186 119
14 6 12 255 186 119
14 6 13 255 186 119
14 6 14 255 186 119
14 6 15 255 186 119
14 6 16 255 186 119
14 6 17 255 186 119
14 6 18 255 186 119
14 6 19 255 186 119
14 6 20 255 186 119
14 6 21 255 186 119
14 6 22 255 186 119
14 6 23 255 186 119
14 6 24 255 186 119
14 6 25 255 186 119
14 6 26 158 216 229
14 7 8 255 186 119
14 7 9 255 186 119
14 7 10 255 186 119
14 7 11 255 186 119
14 7 12 255 186 119
14 7 13 255 186 119
14 7 14 255 186 119
14 7 15 255 186 119
14 7 16 255 186 119
14 7 17 255 186 119
14 7 18 255 186 119
14 7 19 255 186 119
14 7 20 255 186 119
14 7 21 255 186 119
14 7 22 255 186 119
14 7 23 255 186 119
14 7 24 255 186 119
14 7 25 255 186 119
14 7 26 158 216 229
14 8 23 196 175 214
14 8 24 196 175 214
14 8 25 196 175 214
14 8 26 158 216 229
14 9 23 196 175 214
14 9 24 196 175 214
14 9 25 196 175 214
14 9 26 158 216 229
14 10 23 196 175 214
14 10 24 196 175 214
14 10 25 196 175 214
14 10 26 158 216 229
14 11 26 158 216 229
14 12 26 158 216 229
14 13 26 158 216 229
14 14 26 158 216 229
14 15 26 158 216 229
14 16 26 158 216 229
14 17 26 158 216 229
14 18 26 158 216 229
14 19 26 158 216 229
14 20 26 158 216 229
14 21 26 158 216 229
14 22 26 158 216 229
14 23 26 158 216 229
14 24 26 158 216 229
14 25 26 158 216 229
14 26 26 158 216 229
14 27 26 158 216 229
14 28 26 158 216 229
14 29 26 158 216 229
14 30 26 158 216 229
14 31 26 158 216 229
14 32 26 158 216 229
14 33 0 214 38 40
14 33 1 214 38 40
14 33 2 214 38 40
14 33 3 214 38 40
14 33 4 214 38 40
14 33 5 214 38 40
14 33 6 214 38 40
14 33 7 214 38 40
14 33 8 214 38 40
14 33 9 214 38 40
14 33 10 214 38 40
14 33 11 214 38 40
14 33 12 214 38 40
14 33 13 214 38 40
14 33 14 214 38 40
14 33 15 214 38 40
14 33 16 214 38 40
14 33 17 214 38 40
14 33 18 214 38 40
14 33 19 214 38 40
14 33 20 214 38 40
14 33 21 214 38 40
14 33 22 214 38 40
14 33 23 214 38 40
14 33 24 214 38 40
14 33 25 214 38 40
14 33 26 158 216 229
14 34 0 214 38 40
14 34 1 214 38 40
14 34 2 214 38 40
14 34 3 214 38 40
14 34 4 214 38 40
14 34 5 214 38 40
14 34 6 214 38 40
14 34 7 214 38 40
14 34 8 214 38 40
14 34 9 214 38 40
14 34 10 214 38 40
14 34 11 214 38 40
14 34 12 214 38 40
14 34 13 214 38 40
14 34 14 214 38 40
14 34 15 214 38 40
14 34 16 214 38 40
14 34 17 214 38 40
14 34 18 214 38 40
14 34 19 214 38 40
14 34 20 214 38 40
14 34 21 214 38 40
14 34 22 214 38 40
14 34 23 214 38 40
14 34 24 214 38 40
14 34 25 214 38 40
14 34 26 214 38 40
15 0 0 43 160 4
15 0 1 43 160 4
15 0 2 43 160 4
15 0 3 43 160 4
15 0 4 43 160 4
15 0 5 43 160 4
15 0 6 43 160 4
15 0 7 43 160 4
15 0 8 43 160 4
15 0 9 255 186 119
15 0 10 255 186 119
15 0 11 255 186 119
15 0 12 255 186 119
15 0 13 255 186 119
15 0 14 255 186 119
15 0 15 255 186 119
15 0 16 255 186 119
15 0 17 255 186 119
15 0 18 255 186 119
15 0 19 255 186 119
15 0 20 255 186 119
15 0 21 255 186 119
15 0 22 255 186 119
15 0 23 255 186 119
15 0 24 255 186 119
15 0 25 43 160 4
15 0 26 158 216 229
15 1 8 255 186 119
15 1 9 255 186 119
15 1 10 255 186 119
15 1 11 255 186 119
15 1 12 255 186 119
15 1 13 255 186 119
15 1 14 255 186 119
15 1 15 255 186 119
15 1 16 255 186 119
15 1 17 255 186 119
15 1 18 255 186 119
15 1 19 255 186 119
15 1 20 255 186 119
15 1 21 255 186 119
15 1 22 255 186 119
15 1 23 255 186 119
15 1 24 255 186 119
15 1 25 255 186 119
15 1 26 158 216 229
15 2 8 255 186 119
15 2 9 255 186 119
15 2 10 255 186 119
15 2 11 255 186 119
15 2 12 255 186 119
15 2 13 255 186 119
15 2 14 255 186 119
15 2 15 255 186 119
15 2 16 255 186 119
15 2 17 255 186 119
15 2 18 255 186 119
15 2 19 255 186 119
15 2 20 255 186 119
15 2 21 255 186 119
15 2 22 255 186 119
15 2 23 255 186 119
15 2 24 255 186 119
15 2 25 255 186 119
15 2 26 158 216 229
15 3 8 255 186 119
15 3 9 255 186 119
15 3 10 255 186 119
15 3 11 255 186 119
15 3 12 255 186 119
15 3 13 255 186 119
15 3 14 255 186 119
15 3 15 255 186 119
15 3 16 255 186 119
15 3 17 255 186 119
15 3 18 255 186 119
15 3 19 255 186 119
15 3 20 255 186 119
15 3 21 255 186 119
15 3 22 255 186 119
15 3 23 255 186 119
15 3 24 255 186 119
15 3 25 255 186 119
15 3 26 158 216 229
15 4 8 255 186 119
15 4 9 255 186 119
15 4 10 255 186 119
15 4 11 255 186 119
15 4 12 255 186 119
15 4 13 255 186 119
15 4 14 255 186 119
15 4 15 255 186 119
15 4 16 255 186 119
15 4 17 255 186 119
15 4 18 255 186 119
15 4 19 255 186 119
15 4 20 255 186 119
15 4 21 255 186 119
15 4 22 255 186 119
15 4 23 255 186 119
15 4 24 255 186 119
15 4 25 255 186 119
15 4 26 158 216 229
15 5 8 255 186 119
15 5 9 255 186 119
15 5 10 255 186 119
15 5 11 255 186 119
15 5 12 255 186 119
15 5 13 255 186 119
15 5 14 255 186 119
15 5 15 255 186 119
15 5 16 255 186 119
15 5 17 255 186 119
15 5 18 255 186 119
15 5 19 255 186 119
15 5 20 255 186 119
15 5 21 255 186 119
15 5 22 255 186 119
15 5 23 255 186 119
15 5 24 255 186 119
15 5 25 255 186 119
15 5 26 158 216 229
15 6 8 255 186 119
15 6 9 255 186 119
15 6 10 255 186 119
15 6 11 255 186 119
15 6 12 255 186 119
15 6 13 255 186 119
15 6 14 255 186 119
15 6 15 255 186 119
15 6 16 255 186 119
15 6 17 255 186 119
15 6 18 255 186 119
15 6 19 255 186 119
15 6 20 255 186 119
15 6 21 255 186 119
15 6 22 255 186 119
15 6 23 255 186 119
15 6 24 255 186 119
15 6 25 255 186 119
15 6 26 158 216 229
15 7 8 255 186 119
15 7 9 255 186 119
15 7 10 255 186 119
15 7 11 255 186 119
15 7 12 255 186 119
15 7 13 255 186 119
15 7 14 255 186 119
15 7 15 255 186 119
15 7 16 255 186 119
15 7 17 255 186 119
15 7 18 255 186 119
15 7 19 255 186 119
15 7 20 255 186 119
15 7 21 255 186 119
15 7 22 255 186 119
15 7 23 255 186 119
15 7 24 255 186 119
15 7 25 255 186 119
15 7 26 158 216 229
15 8 23 196 175 214
15 8 24 196 175 214
15 8 25 196 175 214
15 8 26 158 216 229
15 9 23 196 175 214
15 9 24 196 175 214
15 9 25 196 175 214
15 9 26 158 216 229
15 10 23 196 175 214
15 10 24 196 175 214
15 10 25 196 175 214
15 10 26 158 216 229
15 11 26 158 216 229
15 12 26 158 216 229
15 13 26 158 216 229
15 14 26 158 216 229
15 15 26 158 216 229
15 16 26 158 216 229
15 17 26 158 216 229
15 18 26 158 216 229
15 19 26 158 216 229
15 20 26 158 216 229
15 21 26 158 216 229
15 22 26 158 216 229
15 23 26 158 216 229
15 24 26 158 216 229
15 25 26 158 216 229
15 26 26 158 216 229
15 27 26 158 216 229
15 28 26 158 216 229
15 29 26 158 216 229
15 30 26 158 216 229
15 31 26 158 216 229
15 32 26 158 216 229
15 33 0 214 38 40
15 33 1 214 38 40
15 33 2 214 38 40
15 33 3 214 38 40
15 33 4 214 38 40
15 33 5 214 38 40
15 33 6 214 38 40
15 33 7 214 38 40
15 33 8 214 38 40
15 33 9 214 38 40
15 33 10 214 38 40
15 33 11 214 38 40
15 33 12 214 38 40
15 33 13 214 38 40
15 33 14 214 38 40
15 33 15 214 38 40
15 33 16 214 38 40
15 33 17 214 38 40
15 33 18 214 38 40
15 33 19 214 38 40
15 33 20 214 38 40
15 33 21 214 38 40
15 33 22 214 38 40
15 33 23 214 38 40
15 33 24 214 38 40
15 33 25 214 38 40
15 33 26 158 216 229
15 34 0 214 38 40
15 34 1 214 38 40
15 34 2 214 38 40
15 34 3 214 38 40
15 34 4 214 38 40
15 34 5 214 38 40
15 34 6 214 38 40
15 34 7 214 38 40
15 34 8 214 38 40
15 34 9 214 38 40
15 34 10 214 38 40
15 34 11 214 38 40
15 34 12 214 38 40
15 34 13 214 38 40
15 34 14 214 38 40
15 34 15 214 38 40
15 34 16 214 38 40
15 34 17 214 38 40
15 34 18 214 38 40
15 34 19 214 38 40
15 34 20 214 38 40
15 34 21 214 38 40
15 34 22 214 38 40
15 34 23 214 38 40
15 34 24 214 38 40
15 34 25 214 38 40
15 34 26 214 38 40
16 0 0 43 160 4
16 0 1 43 160 4
16 0 2 43 160 4
16 0 3 43 160 4
16 0 4 43 160 4
16 0 5 43 160 4
16 0 6 43 160 4
16 0 7 43 160 4
16 0 8 43 160 4
16 0 9 255 186 119
16 0 10 255 186 119
16 0 11 255 186 119
16 0 12 255 186 119
16 0 13 255 186 119
16 0 14 255 186 119
16 0 15 255 186 119
16 0 16 255 186 119
16 0 17 255 186 119
16 0 18 255 186 119
16 0 19 255 186 119
16 0 20 255 186 119
16 0 21 255 186 119
16 0 22 255 186 119
16 0 23 255 186 119
16 0 24 255 186 119
16 0 25 255 186 119
16 0 26 158 216 229
16 1 8 255 186 119
16 1 9 255 186 119
16 1 10 255 186 119
16 1 11 255 186 119
16 1 12 255 186 119
16 1 13 255 186 119
16 1 14 255 186 119
16 1 15 255 186 119
16 1 16 255 186 119
16 1 17 255 186 119
16 1 18 255 186 119
16 1 19 255 186 119
16 1 20 255 186 119
16 1 21 255 186 119
16 1 22 255 186 119
16 1 23 255 186 119
16 1 24 255 186 119
16 1 25 255 186 119
16 1 26 158 216 229
16 2 8 255 186 119
16 2 9 255 186 119
16 2 10 255 186 119
16 2 11 255 186 119
16 2 12 255 186 119
16 2 13 255 186 119
16 2 14 255 186 119
16 2 15 255 186 119
16 2 16 255 186 119
16 2 17 255 186 119
16 2 18 255 186 119
16 2 19 255 186 119
16 2 20 255 186 119
16 2 21 255 186 119
16 2 22 255 186 119
16 2 23 255 186 119
16 2 24 255 186 119
16 2 25 255 186 119
16 2 26 158 216 229
16 3 8 255 186 119
16 3 9 255 186 119
16 3 10 255 186 119
16 3 11 255 186 119
16 3 12 255 186 119
16 3 13 255 186 119
16 3 14 255 186 119
16 3 15 255 186 119
16 3 16 255 186 119
16 3 17 255 186 119
16 3 18 255 186 119
16 3 19 255 186 119
16 3 20 255 186 119
16 3 21 255 186 119
16 3 22 255 186 119
16 3 23 255 186 119
16 3 24 255 186 119
16 3 25 255 186 119
16 3 26 158 216 229
16 4 8 255 186 119
16 4 9 255 186 119
16 4 10 255 186 119
16 4 11 255 186 119
16 4 12 255 186 119
16 4 13 255 186 119
16 4 14 255 186 119
16 4 15 255 186 119
16 4 16 255 186 119
16 4 17 255 186 119
16 4 18 255 186 119
16 4 19 255 186 119
16 4 20 255 186 119
16 4 21 255 186 119
16 4 22 255 186 119
16 4 23 255 186 119
16 4 24 255 186 119
16 4 25 255 186 119
16 4 26 158 216 229
16 5 8 255 186 119
16 5 9 255 186 119
16 5 10 255 186 119
16 5 11 255 186 119
16 5 12 255 186 119
16 5 13 255 186 119
16 5 14 255 186 119
16 5 15 255 186 119
16 5 16 255 186 119
16 5 17 255 186 119
16 5 18 255 186 119
16 5 19 255 186 119
16 5 20 255 186 119
16 5 21 255 186 119
16 5 22 255 186 119
16 5 23 255 186 119
16 5 24 255 186 119
16 5 25 255 186 119
16 5 26 158 216 229
16 6 8 255 186 119
16 6 9 255 186 119
16 6 10 255 186 119
16 6 11 255 186 119
16 6 12 255 186 119
16 6 13 255 186 119
16 6 14 255 186 119
16 6 15 255 186 119
16 6 16 255 186 119
16 6 17 255 186 119
16 6 18 255 186 119
16 6 19 255 186 119
16 6 20 255 186 119
16 6 21 255 186 119
16 6 22 255 186 119
16 6 23 255 186 119
16 6 24 255 186 119
16 6 25 255 186 119
16 6 26 158 216 229
16 7 8 255 186 119
16 7 9 255 186 119
16 7 10 255 186 119
16 7 11 255 186 119
16 7 12 255 186 119
16 7 13 255 186 119
16 7 14 255 186 119
16 7 15 255 186 119
16 7 16 255 186 119
16 7 17 255 186 119
16 7 18 255 186 119
16 7 19 255 186 119
16 7 20 255 186 119
16 7 21 255 186 119
16 7 22 255 186 119
16 7 23 255 186 119
16 7 24 255 186 119
16 7 25 255 186 119
16 7 26 158 216 229
16 8 23 196 175 214
16 8 24 196 175 214
16 8 25 196 175 214
16 8 26 158 216 229
16 9 23 196 175 214
16 9 24 196 175 214
16 9 25 196 175 214
16 9 26 158 216 229
16 10 23 196 175 214
16 10 24 196 175 214
16 10 25 196 175 214
16 10 26 158 216 229
16 11 25 158 216 229
16 11 26 158 216 229
16 12 25 158 216 229
16 12 26 158 216 229
16 13 25 158 216 229
16 13 26 158 216 229
16 14 25 158 216 229
16 14 26 158 216 229
16 15 25 158 216 229
16 15 26 158 216 229
16 16 25 158 216 229
16 16 26 158 216 229
16 17 25 158 216 229
16 17 26 158 216 229
16 18 25 158 216 229
16 18 26 158 216 229
16 19 25 158 216 229
16 19 26 158 216 229
16 20 25 158 216 229
16 20 26 158 216 229
16 21 25 158 216 229
16 21 26 158 216 229
16 22 25 158 216 229
16 22 26 158 216 229
16 23 25 158 216 229
16 23 26 158 216 229
16 24 25 158 216 229
16 24 26 158 216 229
16 25 25 158 216 229
16 25 26 158 216 229
16 26 25 158 216 229
16 26 26 158 216 229
16 27 25 158 216 229
16 27 26 158 216 229
16 28 25 158 216 229
16 28 26 158 216 229
16 29 25 158 216 229
16 29 26 158 216 229
16 30 25 158 216 229
16 30 26 158 216 229
16 31 25 158 216 229
16 31 26 158 216 229
16 32 25 158 216 229
16 32 26 158 216 229
16 33 0 214 38 40
16 33 1 214 38 40
16 33 2 214 38 40
16 33 3 214 38 40
16 33 4 214 38 40
16 33 5 214 38 40
16 33 6 214 38 40
16 33 7 214 38 40
16 33 8 214 38 40
16 33 9 214 38 40
16 33 10 214 38 40
16 33 11 214 38 40
16 33 12 214 38 40
16 33 13 214 38 40
16 33 14 214 38 40
16 33 15 214 38 40
16 33 16 214 38 40
16 33 17 214 38 40
16 33 18 214 38 40
16 33 19 214 38 40
16 33 20 214 38 40
16 33 21 214 38 40
16 33 22 214 38 40
16 33 23 214 38 40
16 33 24 214 38 40
16 33 25 214 38 40
16 33 26 158 216 229
16 34 0 214 38 40
16 34 1 214 38 40
16 34 2 214 38 40
16 34 3 214 38 40
16 34 4 214 38 40
16 34 5 214 38 40
16 34 6 214 38 40
16 34 7 214 38 40
16 34 8 214 38 40
16 34 9 214 38 40
16 34 10 214 38 40
16 34 11 214 38 40
16 34 12 214 38 40
16 34 13 214 38 40
16 34 14 214 38 40
16 34 15 214 38 40
16 34 16 214 38 40
16 34 17 214 38 40
16 34 18 214 38 40
16 34 19 214 38 40
16 34 20 214 38 40
16 34 21 214 38 40
16 34 22 214 38 40
16 34 23 214 38 40
16 34 24 214 38 40
16 34 25 214 38 40
16 34 26 214 38 40
17 0 0 43 160 4
17 0 1 43 160 4
17 0 2 43 160 4
17 0 3 43 160 4
17 0 4 43 160 4
17 0 5 43 160 4
17 0 6 43 160 4
17 0 7 43 160 4
17 0 8 43 160 4
17 0 9 255 186 119
17 0 10 255 186 119
17 0 11 255 186 119
17 0 12 255 186 119
17 0 13 255 186 119
17 0 14 255 186 119
17 0 15 255 186 119
17 0 16 255 186 119
17 0 17 255 186 119
17 0 18 255 186 119
17 0 19 255 186 119
17 0 20 255 186 119
17 0 21 255 186 119
17 0 22 255 186 119
17 0 23 255 186 119
17 0 24 255 186 119
17 0 25 255 186 119
17 0 26 158 216 229
17 1 8 255 186 119
17 1 9 255 186 119
17 1 10 255 186 119
17 1 11 255 186 119
17 1 12 255 186 119
17 1 13 255 186 119
17 1 14 255 186 119
17 1 15 255 186 119
17 1 16 255 186 119
17 1 17 255 186 119
17 1 18 255 186 119
17 1 19 255 186 119
17 1 20 255 186 119
17 1 21 255 186 119
17 1 22 255 186 119
17 1 23 255 186 119
17 1 24 255 186 119
17 1 25 255 186 119
17 1 26 158 216 229
17 2 8 255 186 119
17 2 9 255 186 119
17 2 10 255 186 119
17 2 11 255 186 119
17 2 12 255 186 119
17 2 13 255 186 119
17 2 14 255 186 119
17 2 15 255 186 119
17 2 16 255 186 119
17 2 17 255 186 119
17 2 18 255 186 119
17 2 19 255 186 119
17 2 20 255 186 119
17 2 21 255 186 119
17 2 22 255 186 119
17 2 23 255 186 119
17 2 24 255 186 119
17 2 25 255 186 119
17 2 26 158 216 229
17 3 8 255 186 119
17 3 9 255 186 119
17 3 10 255 186 119
17 3 11 255 186 119
17 3 12 255 186 119
17 3 13 255 186 119
17 3 14 255 186 119
17 3 15 255 186 119
17 3 16 255 186 119
17 3 17 255 186 119
17 3 18 255 186 119
17 3 19 255 186 119
17 3 20 255 186 119
17 3 21 255 186 119
17 3 22 255 186 119
17 3 23 255 186 119
17 3 24 255 186 119
17 3 25 255 186 119
17 3 26 158 216 229
17 4 8 255 186 119
17 4 9 255 186 119
17 4 10 255 186 119
17 4 11 255 186 119
17 4 12 255 186 119
17 4 13 255 186 119
17 4 14 255 186 119
17 4 15 255 186 119
17 4 16 255 186 119
17 4 17 255 186 119
17 4 18 255 186 119
17 4 19 255 186 119
17 4 20 255 186 119
17 4 21 255 186 119
17 4 22 255 186 119
17 4 23 255 186 119
17 4 24 255 186 119
17 4 25 255 186 119
17 4 26 158 216 229
17 5 8 255 186 119
17 5 9 255 186 119
17 5 10 255 186 119
17 5 11 255 186 119
17 5 12 255 186 119
17 5 13 255 186 119
17 5 14 255 186 119
17 5 15 255 186 119
17 5 16 255 186 119
17 5 17 255 186 119
17 5 18 255 186 119
17 5 19 255 186 119
17 5 20 255 186 119
17 5 21 255 186 119
17 5 22 255 186 119
17 5 23 255 186 119
17 5 24 255 186 119
17 5 25 255 186 119
17 5 26 158 216 229
17 6 8 255 186 119
17 6 9 255 186 119
17 6 10 255 186 119
17 6 11 255 186 119
17 6 12 255 186 119
17 6 13 255 186 119
17 6 14 255 186 119
17 6 15 255 186 119
17 6 16 255 186 119
17 6 17 255 186 119
17 6 18 255 186 119
17 6 19 255 186 119
17 6 20 255 186 119
17 6 21 255 186 119
17 6 22 255 186 119
17 6 23 255 186 119
17 6 24 255 186 119
17 6 25 255 186 119
17 6 26 158 216 229
17 7 8 255 186 119
17 7 9 255 186 119
17 7 10 255 186 119
17 7 11 255 186 119
17 7 12 255 186 119
17 7 13 255 186 119
17 7 14 255 186 119
17 7 15 255 186 119
17 7 16 255 186 119
17 7 17 255 186 119
17 7 18 255 186 119
17 7 19 255 186 119
17 7 20 255 186 119
17 7 21 255 186 119
17 7 22 255 186 119
17 7 23 255 186 119
17 7 24 255 186 119
17 7 25 158 216 229
17 7 26 158 216 229
17 8 23 196 175 214
17 8 24 196 175 214
17 8 25 196 175 214
17 8 26 158 216 229
17 9 23 196 175 214
17 9 24 196 175 214
17 9 25 196 175 214
17 9 26 158 216 229
17 10 23 196 175 214
17 10 24 196 175 214
17 10 25 158 216 229
17 10 26 158 216 229
17 11 25 158 216 229
17 11 26 158 216 229
17 12 25 158 216 229
17 12 26 158 216 229
17 13 25 158 216 229
17 13 26 158 216 229
17 14 25 158 216 229
17 14 26 158 216 229
17 15 25 158 216 229
17 15 26 158 216 229
17 16 25 158 216 229
17 16 26 158 216 229
17 17 25 158 216 229
17 17 26 158 216 229
17 18 25 158 216 229
17 18 26 158 216 229
17 19 25 158 216 229
17 19 26 158 216 229
17 20 25 158 216 229
17 20 26 158 216 229
17 21 25 158 216 229
17 21 26 158 216 229
17 22 25 158 216 229
17 22 26 158 216 229
17 23 25 158 216 229
17 23 26 158 216 229
17 24 25 158 216 229
17 24 26 158 216 229
17 25 25 158 216 229
17 25 26 158 216 229
17 26 25 158 216 229
17 26 26 158 216 229
17 27 25 158 216 229
17 27 26 158 216 229
17 28 25 158 216 229
17 28 26 158 216 229
17 29 25 158 216 229
17 29 26 158 216 229
17 30 25 158 216 229
17 30 26 158 216 229
17 31 25 158 216 229
17 31 26 158 216 229
17 32 25 158 216 229
17 32 26 158 216 229
17 33 0 214 38 40
17 33 1 214 38 40
17 33 2 214 38 40
17 33 3 214 38 40
17 33 4 214 38 40
17 33 5 214 38 40
17 33 6 214 38 40
17 33 7 214 38 40
17 33 8 214 38 40
17 33 9 214 38 40
17 33 10 214 38 40
17 33 11 214 38 40
17 33 12 214 38 40
17 33 13 214 38 40
17 33 14 214 38 40
17 33 15 214 38 40
17 33 16 214 38 40
17 33 17 214 38 40
17 33 18 214 38 40
17 33 19 214 38 40
17 33 20 214 38 40
17 33 21 214 38 40
17 33 22 214 38 40
17 33 23 214 38 40
17 33 24 214 38 40
17 33 25 158 216 229
17 33 26 158 216 229
17 34 0 214 38 40
17 34 1 214 38 40
17 34 2 214 38 40
17 34 3 214 38 40
17 34 4 214 38 40
17 34 5 214 38 40
17 34 6 214 38 40
17 34 7 214 38 40
17 34 8 214 38 40
17 34 9 214 38 40
17 34 10 214 38 40
17 34 11 214 38 40
17 34 12 214 38 40
17 34 13 214 38 40
17 34 14 214 38 40
17 34 15 214 38 40
17 34 16 214 38 40
17 34 17 214 38 40
17 34 18 214 38 40
17 34 19 214 38 40
17 34 20 214 38 40
17 34 21 214 38 40
17 34 22 214 38 40
17 34 23 214 38 40
17 34 24 214 38 40
17 34 25 214 38 40
18 0 0 43 160 4
18 0 1 43 160 4
18 0 2 43 160 4
18 0 3 43 160 4
18 0 4 43 160 4
18 0 5 43 160 4
18 0 6 43 160 4
18 0 7 43 160 4
18 0 8 43 160 4
18 0 9 255 186 119
18 0 10 255 186 119
18 0 11 255 186 119
18 0 12 255 186 119
18 0 13 255 186 119
18 0 14 255 186 119
18 0 15 255 186 119
18 0 16 255 186 119
18 0 17 255 186 119
18 0 18 255 186 119
18 0 19 255 186 119
18 0 20 255 186 119
18 0 21 255 186 119
18 0 22 255 186 119
18 0 23 255 186 119
18 0 24 255 186 119
18 0 25 255 186 119
18 0 26 158 216 229
18 1 8 255 186 119
18 1 9 255 186 119
18 1 10 255 186 119
18 1 11 255 186 119
18 1 12 255 186 119
18 1 13 255 186 119
18 1 14 255 186 119
18 1 15 255 186 119
18 1 16 255 186 119
18 1 17 255 186 119
18 1 18 255 186 119
18 1 19 255 186 119
18 1 20 255 186 119
18 1 21 255 186 119
18 1 22 255 186 119
18 1 23 255 186 119
18 1 24 255 186 119
18 1 25 255 186 119
18 1 26 158 216 229
18 2 8 255 186 119
18 2 9 255 186 119
18 2 10 255 186 119
18 2 11 255 186 119
18 2 12 255 186 119
18 2 13 255 186 119
18 2 14 255 186 119
18 2 15 255 186 119
18 2 16 255 186 119
18 2 17 255 186 119
18 2 18 255 186 119
18 2 19 255 186 119
18 2 20 255 186 119
18 2 21 255 186 119
18 2 22 255 186 119
18 2 23 255 186 119
18 2 24 255 186 119
18 2 25 255 186 119
18 2 26 158 216 229
18 3 8 255 186 119
18 3 9 255 186 119
18 3 10 255 186 119
18 3 11 255 186 119
18 3 12 255 186 119
18 3 13 255 186 119
18 3 14 255 186 119
18 3 15 255 186 119
18 3 16 255 186 119
18 3 17 255 186 119
18 3 18 255 186 119
18 3 19 255 186 119
18 3 20 255 186 119
18 3 21 255 186 119
18 3 22 255 186 119
18 3 23 255 186 119
18 3 24 255 186 119
18 3 25 255 186 119
18 3 26 158 216 229
18 4 8 255 186 119
18 4 9 255 186 119
18 4 10 255 186 119
18 4 11 255 186 119
18 4 12 255 186 119
18 4 13 255 186 119
18 4 14 255 186 119
18 4 15 255 186 119
18 4 16 255 186 119
18 4 17 255 186 119
18 4 18 255 186 119
18 4 19 255 186 119
18 4 20 255 186 119
18 4 21 255 186 119
18 4 22 255 186 119
18 4 23 255 186 119
18 4 24 255 186 119
18 4 25 255 186 119
18 4 26 158 216 229
18 5 8 255 186 119
18 5 9 255 186 119
18 5 10 255 186 119
18 5 11 255 186 119
18 5 12 255 186 119
18 5 13 255 186 119
18 5 14 255 186 119
18 5 15 255 186 119
18 5 16 255 186 119
18 5 17 255 186 119
18 5 18 255 186 119
18 5 19 255 186 119
18 5 20 255 186 119
18 5 21 255 186 119
18 5 22 255 186 119
18 5 23 255 186 119
18 5 24 255 186 119
18 5 25 255 186 119
18 5 26 158 216 229
18 6 8 255 186 119
18 6 9 255 186 119
18 6 10 255 186 119
18 6 11 255 186 119
18 6 12 255 186 119
18 6 13 255 186 119
18 6 14 255 186 119
18 6 15 255 186 119
18 6 16 255 186 119
18 6 17 255 186 119
18 6 18 255 186 119
18 6 19 255 186 119
18 6 20 255 186 119
18 6 21 255 186 119
18 6 22 255 186 119
18 6 23 255 186 119
18 6 24 255 186 119
18 6 25 255 186 119
18 6 26 158 216 229
18 7 8 255 186 119
18 7 9 255 186 119
18 7 10 255 186 119
18 7 11 255 186 119
18 7 12 255 186 119
18 7 13 255 186 119
18 7 14 255 186 119
18 7 15 255 186 119
18 7 16 255 186 119
18 7 17 255 186 119
18 7 18 255 186 119
18 7 19 255 186 119
18 7 20 255 186 119
18 7 21 255 186 119
18 7 22 255 186 119
18 7 23 255 186 119
18 7 24 255 186 119
18 7 25 158 216 229
18 7 26 158 216 229
18 8 23 196 175 214
18 8 24 196 175 214
18 8 25 196 175 214
18 8 26 158 216 229
18 9 23 196 175 214
18 9 24 196 175 214
18 9 25 196 175 214
18 9 26 158 216 229
18 10 23 196 175 214
18 10 24 196 175 214
18 10 25 158 216 229
18 10 26 158 216 229
18 11 25 158 216 229
18 11 26 158 216 229
18 12 25 158 216 229
18 12 26 158 216 229
18 13 25 158 216 229
18 13 26 158 216 229
18 14 25 158 216 229
18 14 26 158 216 229
18 15 25 158 216 229
18 15 26 158 216 229
18 16 25 158 216 229
18 16 26 158 216 229
18 17 25 158 216 229
18 17 26 158 216 229
18 18 25 158 216 229
18 18 26 158 216 229
18 19 25 158 216 229
18 19 26 158 216 229
18 20 25 158 216 229
18 20 26 158 216 229
18 21 25 158 216 229
18 21 26 158 216 229
18 22 25 158 216 229
18 22 26 158 216 229
18 23 25 158 216 229
18 23 26 158 216 229
18 24 25 158 216 229
18 24 26 158 216 229
18 25 25 158 216 229
18 25 26 158 216 229
18 26 25 158 216 229
18 26 26 158 216 229
18 27 25 158 216 229
18 27 26 158 216 229
18 28 25 158 216 229
18 28 26 158 216 229
18 29 25 158 216 229
18 29 26 158 216 229
18 30 25 158 216 229
18 30 26 158 216 229
18 31 25 158 216 229
18 31 26 158 216 229
18 32 25 158 216 229
18 32 26 158 216 229
18 33 0 214 38 40
18 33 1 214 38 40
18 33 2 214 38 40
18 33 3 214 38 40
18 33 4 214 38 40
18 33 5 214 38 40
18 33 6 214 38 40
18 33 7 214 38 40
18 33 8 214 38 40
18 33 9 214 38 40
18 33 10 214 38 40
18 33 11 214 38 40
18 33 12 214 38 40
18 33 13 214 38 40
18 33 14 214 38 40
18 33 15 214 38 40
18 33 16 214 38 40
18 33 17 214 38 40
18 33 18 214 38 40
18 33 19 214 38 40
18 33 20 214 38 40
18 33 21 214 38 40
18 33 22 214 38 40
18 33 23 214 38 40
18 33 24 214 38 40
18 33 25 158 216 229
18 33 26 158 216 229
18 34 0 214 38 40
18 34 1 214 38 40
18 34 2 214 38 40
18 34 3 214 38 40
18 34 4 214 38 40
18 34 5 214 38 40
18 34 6 214 38 40
18 34 7 214 38 40
18 34 8 214 38 40
18 34 9 214 38 40
18 34 10 214 38 40
18 34 11 214 38 40
18 34 12 214 38 40
18 34 13 214 38 40
18 34 14 214 38 40
18 34 15 214 38 40
18 34 16 214 38 40
18 34 17 214 38 40
18 34 18 214 38 40
18 34 19 214 38 40
18 34 20 214 38 40
18 34 21 214 38 40
18 34 22 214 38 40
18 34 23 214 38 40
18 34 24 214 38 40
18 34 25 214 38 40
19 0 0 43 160 4
19 0 1 43 160 4
19 0 2 43 160 4
19 0 3 43 160 4
19 0 4 43 160 4
19 0 5 43 160 4
19 0 6 43 160 4
19 0 7 43 160 4
19 0 8 43 160 4
19 0 9 255 186 119
19 0 10 255 186 119
19 0 11 255 186 119
19 0 12 255 186 119
19 0 13 255 186 119
19 0 14 255 186 119
19 0 15 255 186 119
19 0 16 255 186 119
19 0 17 255 186 119
19 0 18 255 186 119
19 0 19 255 186 119
19 0 20 255 186 119
19 0 21 255 186 119
19 0 22 255 186 119
19 0 23 255 186 119
19 0 24 255 186 119
19 0 25 43 160 4
19 0 26 158 216 229
19 1 8 255 186 119
19 1 9 255 186 119
19 1 10 255 186 119
19 1 11 255 186 119
19 1 12 255 186 119
19 1 13 255 186 119
19 1 14 255 186 119
19 1 15 255 186 119
19 1 16 255 186 119
19 1 17 255 186 119
19 1 18 255 186 119
19 1 19 255 186 119
19 1 20 255 186 119
19 1 21 255 186 119
19 1 22 255 186 119
19 1 23 255 186 119
19 1 24 255 186 119
19 1 25 255 186 119
19 1 26 158 216 229
19 2 8 255 186 119
19 2 9 255 186 119
19 2 10 255 186 119
19 2 11 255 186 119
19 2 12 255 186 119
19 2 13 255 186 119
19 2 14 255 186 119
19 2 15 255 186 119
19 2 16 255 186 119
19 2 17 255 186 119
19 2 18 255 186 119
19 2 19 255 186 119
19 2 20 255 186 119
19 2 21 255 186 119
19 2 22 255 186 119
19 2 23 255 186 119
19 2 24 255 186 119
19 2 25 255 186 119
19 2 26 158 216 229
19 3 8 255 186 119
19 3 9 255 186 119
19 3 10 255 186 119
19 3 11 255 186 119
19 3 12 255 186 119
19 3 13 255 186 119
19 3 14 255 186 119
19 3 15 255 186 119
19 3 16 255 186 119
19 3 17 255 186 119
19 3 18 255 186 119
19 3 19 255 186 119
19 3 20 255 186 119
19 3 21 255 186 119
19 3 22 255 186 119
19 3 23 255 186 119
19 3 24 255 186 119
19 3 25 255 186 119
19 3 26 158 216 229
19 4 8 255 186 119
19 4 9 255 186 119
19 4 10 255 186 119
19 4 11 255 186 119
19 4 12 255 186 119
19 4 13 255 186 119
19 4 14 255 186 119
19 4 15 255 186 119
19 4 16 255 186 119
19 4 17 255 186 119
19 4 18 255 186 119
19 4 19 255 186 119
19 4 20 255 186 119
19 4 21 255 186 119
19 4 22 255 186 119
19 4 23 255 186 119
19 4 24 255 186 119
19 4 25 255 186 119
19 4 26 158 216 229
19 5 8 255 186 119
19 5 9 255 186 119
19 5 10 255 186 119
19 5 11 255 186 119
19 5 12 255 186 119
19 5 13 255 186 119
19 5 14 255 186 119
19 5 15 255 186 119
19 5 16 255 186 119
19 5 17 255 186 119
19 5 18 255 186 119
19 5 19 255 186 119
19 5 20 255 186 119
19 5 21 255 186 119
19 5 22 255 186 119
19 5 23 255 186 119
19 5 24 255 186 119
19 5 25 255 186 119
19 5 26 158 216 229
19 6 8 255 186 119
19 6 9 255 186 119
19 6 10 255 186 119
19 6 11 255 186 119
19 6 12 255 186 119
19 6 13 255 186 119
19 6 14 255 186 119
19 6 15 255 186 119
19 6 16 255 186 119
19 6 17 255 186 119
19 6 18 255 186 119
19 6 19 255 186 119
19 6 20 255 186 119
19 6 21 255 186 119
19 6 22 255 186 119
19 6 23 255 186 119
19 6 24 255 186 119
19 6 25 255 186 119
19 6 26 158 216 229
19 7 8 255 186 119
19 7 9 255 186 119
19 7 10 255 186 119
19 7 11 255 186 119
19 7 12 255 186 119
19 7 13 255 186 119
19 7 14 255 186 119
19 7 15 255 186 119
19 7 16 255 186 119
19 7 17 255 186 119
19 7 18 255 186 119
19 7 19 255 186 119
19 7 20 255 186 119
19 7 21 255 186 119
19 7 22 255 186 119
19 7 23 255 186 119
19 7 24 255 186 119
19 7 25 158 216 229
19 7 26 158 216 229
19 8 22 196 175 214
19 8 23 196 175 214
19 8 24 196 175 214
19 8 25 158 216 229
19 8 26 158 216 229
19 9 22 196 175 214
19 9 23 196 175 214
19 9 24 196 175 214
19 9 25 158 216 229
19 9 26 158 216 229
19 10 22 196 175 214
19 10 23 196 175 214
19 10 24 196 175 214
19 10 25 158 216 229
19 10 26 158 216 229
19 11 25 158 216 229
19 11 26 158 216 229
19 12 25 158 216 229
19 12 26 158 216 229
19 13 25 158 216 229
19 13 26 158 216 229
19 14 25 158 216 229
19 14 26 158 216 229
19 15 25 158 216 229
19 15 26 158 216 229
19 16 25 158 216 229
19 16 26 158 216 229
19 17 25 158 216 229
19 17 26 158 216 229
19 18 25 158 216 229
19 18 26 158 216 229
19 19 25 158 216 229
19 19 26 158 216 229
19 20 25 158 216 229
19 20 26 158 216 229
19 21 25 158 216 229
19 21 26 158 216 229
19 22 25 158 216 229
19 22 26 158 216 229
19 23 25 158 216 229
19 23 26 158 216 229
19 24 25 158 216 229
19 24 26 158 216 229
19 25 25 158 216 229
19 25 26 158 216 229
19 26 25 158 216 229
19 26 26 158 216 229
19 27 25 158 216 229
19 27 26 158 216 229
19 28 25 158 216 229
19 28 26 158 216 229
19 29 25 158 216 229
19 29 26 158 216 229
19 30 25 158 216 229
19 30 26 158 216 229
19 31 25 158 216 229
19 31 26 158 216 229
19 32 25 158 216 229
19 32 26 158 216 229
19 33 0 214 38 40
19 33 1 214 38 40
19 33 2 214 38 40
19 33 3 214 38 40
19 33 4 214 38 40
19 33 5 214 38 40
19 33 6 214 38 40
19 33 7 214 38 40
19 33 8 214 38 40
19 33 9 214 38 40
19 33 10 214 38 40
19 33 11 214 38 40
19 33 12 214 38 40
19 33 13 214 38 40
19 33 14 214 38 40
19 33 15 214 38 40
19 33 16 214 38 40
19 33 17 214 38 40
19 33 18 214 38 40
19 33 19 214 38 40
19 33 20 214 38 40
19 33 21 214 38 40
19 33 22 214 38 40
19 33 23 214 38 40
19 33 24 214 38 40
19 33 25 158 216 229
19 33 26 158 216 229
19 34 0 214 38 40
19 34 1 214 38 40
19 34 2 214 38 40
19 34 3 214 38 40
19 34 4 214 38 40
19 34 5 214 38 40
19 34 6 214 38 40
19 34 7 214 38 40
19 34 8 214 38 40
19 34 9 214 38 40
19 34 10 214 38 40
19 34 11 214 38 40
19 34 12 214 38 40
19 34 13 214 38 40
19 34 14 214 38 40
19 34 15 214 38 40
19 34 16 214 38 40
19 34 17 214 38 40
19 34 18 214 38 40
19 34 19 214 38 40
19 34 20 214 38 40
19 34 21 214 38 40
19 34 22 214 38 40
19 34 23 214 38 40
19 34 24 214 38 40
19 34 25 214 38 40
20 0 0 43 160 4
20 0 1 43 160 4
20 0 2 43 160 4
20 0 3 43 160 4
20 0 4 43 160 4
20 0 5 43 160 4
20 0 6 43 160 4
20 0 7 43 160 4
20 0 8 43 160 4
20 0 9 255 186 119
20 0 10 255 186 119
20 0 11 255 186 119
20 0 12 255 186 119
20 0 13 255 186 119
20 0 14 255 186 119
20 0 15 255 186 119
20 0 16 255 186 119
20 0 17 255 186 119
20 0 18 255 186 119
20 0 19 255 186 119
20 0 20 255 186 119
20 0 21 255 186 119
20 0 22 255 186 119
20 0 23 255 186 119
20 0 24 255 186 119
20 0 25 43 160 4
20 0 26 158 216 229
20 1 8 255 186 119
20 1 9 255 186 119
20 1 10 255 186 119
20 1 11 255 186 119
20 1 12 255 186 119
20 1 13 255 186 119
20 1 14 255 186 119
20 1 15 255 186 119
20 1 16 255 186 119
20 1 17 255 186 119
20 1 18 255 186 119
20 1 19 255 186 119
20 1 20 255 186 119
20 1 21 255 186 119
20 1 22 255 186 119
20 1 23 255 186 119
20 1 24 255 186 119
20 1 25 158 216 229
20 1 26 158 216 229
20 2 8 255 186 119
20 2 9 255 186 119
20 2 10 255 186 119
20 2 11 255 186 119
20 2 12 255 186 119
20 2 13 255 186 119
20 2 14 255 186 119
20 2 15 255 186 119
20 2 16 255 186 119
20 2 17 255 186 119
20 2 18 255 186 119
20 2 19 255 186 119
20 2 20 255 186 119
20 2 21 255 186 119
20 2 22 255 186 119
20 2 23 255 186 119
20 2 24 255 186 119
20 2 25 158 216 229
20 2 26 158 216 229
20 3 8 255 186 119
20 3 9 255 186 119
20 3 10 255 186 119
20 3 11 255 186 119
20 3 12 255 186 119
20 3 13 255 186 119
20 3 14 255 186 119
20 3 15 255 186 119
20 3 16 255 186 119
20 3 17 255 186 119
20 3 18 255 186 119
20 3 19 255 186 119
20 3 20 255 186 119
20 3 21 255 186 119
20 3 22 255 186 119
20 3 23 255 186 119
20 3 24 255 186 119
20 3 25 158 216 229
20 3 26 158 216 229
20 4 8 255 186 119
20 4 9 255 186 119
20 4 10 255 186 119
20 4 11 255 186 119
20 4 12 255 186 119
20 4 13 255 186 119
20 4 14 255 186 119
20 4 15 255 186 119
20 4 16 255 186 119
20 4 17 255 186 119
20 4 18 255 186 119
20 4 19 255 186 119
20 4 20 255 186 119
20 4 21 255 186 119
20 4 22 255 186 119
20 4 23 255 186 119
20 4 24 255 186 119
20 4 25 158 216 229
20 4 26 158 216 229
20 5 8 255 186 119
20 5 9 255 186 119
20 5 10 255 186 119
20 5 11 255 186 119
20 5 12 255 186 119
20 5 13 255 186 119
20 5 14 255 186 119
20 5 15 255 186 119
20 5 16 255 186 119
20 5 17 255 186 119
20 5 18 255 186 119
20 5 19 255 186 119
20 5 20 255 186 119
20 5 21 255 186 119
20 5 22 255 186 119
20 5 23 255 186 119
20 5 24 255 186 119
20 5 25 158 216 229
20 5 26 158 216 229
20 6 8 255 186 119
20 6 9 255 186 119
20 6 10 255 186 119
20 6 11 255 186 119
20 6 12 255 186 119
20 6 13 255 186 119
20 6 14 255 186 119
20 6 15 255 186 119
20 6 16 255 186 119
20 6 17 255 186 119
20 6 18 255 186 119
20 6 19 255 186 119
20 6 20 255 186 119
20 6 21 255 186 119
20 6 22 255 186 119
20 6 23 255 186 119
20 6 24 255 186 119
20 6 25 158 216 229
20 6 26 158 216 229
20 7 8 255 186 119
20 7 9 255 186 119
20 7 10 255 186 119
20 7 11 255 186 119
20 7 12 255 186 119
20 7 13 255 186 119
20 7 14 255 186 119
20 7 15 255 186 119
20 7 16 255 186 119
20 7 17 255 186 119
20 7 18 255 186 119
20 7 19 255 186 119
20 7 20 255 186 119
20 7 21 255 186 119
20 7 22 255 186 119
20 7 23 255 186 119
20 7 24 255 186 119
20 7 25 158 216 229
20 7 26 158 216 229
20 8 22 196 175 214
20 8 23 196 175 214
20 8 24 196 175 214
20 8 25 158 216 229
20 8 26 158 216 229
20 9 22 196 175 214
20 9 23 196 175 214
20 9 24 196 175 214
20 9 25 158 216 229
20 9 26 158 216 229
20 10 22 196 175 214
20 10 23 196 175 214
20 10 24 196 175 214
20 10 25 158 216 229
20 10 26 158 216 229
20 11 25 158 216 229
20 11 26 158 216 229
20 12 25 158 216 229
20 12 26 158 216 229
20 13 25 158 216 229
20 13 26 158 216 229
20 14 25 158 216 229
20 14 26 158 216 229
20 15 25 158 216 229
20 15 26 158 216 229
20 16 25 158 216 229
20 16 26 158 216 229
20 17 25 158 216 229
20 17 26 158 216 229
20 18 25 158 216 229
20 18 26 158 216 229
20 19 25 158 216 229
20 19 26 158 216 229
20 20 25 158 216 229
20 20 26 158 216 229
20 21 25 158 216 229
20 21 26 158 216 229
20 22 25 158 216 229
20 22 26 158 216 229
20 23 25 158 216 229
20 23 26 158 216 229
20 24 25 158 216 229
20 24 26 158 216 229
20 25 25 158 216 229
20 25 26 158 216 229
20 26 25 158 216 229
20 26 26 158 216 229
20 27 25 158 216 229
20 27 26 158 216 229
20 28 25 158 216 229
20 28 26 158 216 229
20 29 25 158 216 229
20 29 26 158 216 229
20 30 25 158 216 229
20 30 26 158 216 229
20 31 25 158 216 229
20 31 26 158 216 229
20 32 25 158 216 229
20 32 26 158 216 229
20 33 0 214 38 40
20 33 1 214 38 40
20 33 2 214 38 40
20 33 3 214 38 40
20 33 4 214 38 40
20 33 5 214 38 40
20 33 6 214 38 40
20 33 7 214 38 40
20 33 8 214 38 40
20 33 9 214 38 40
20 33 10 214 38 40
20 33 11 214 38 40
20 33 12 214 38 40
20 33 13 214 38 40
20 33 14 214 38 40
20 33 15 214 38 40
20 33 16 214 38 40
20 33 17 214 38 40
20 33 18 214 38 40
20 33 19 214 38 40
20 33 20 214 38 40
20 33 21 214 38 40
20 33 22 214 38 40
20 33 23 214 38 40
20 33 24 214 38 40
20 33 25 158 216 229
20 33 26 158 216 229
20 34 0 214 38 40
20 34 1 214 38 40
20 34 2 214 38 40
20 34 3 214 38 40
20 34 4 214 38 40
20 34 5 214 38 40
20 34 6 214 38 40
20 34 7 214 38 40
20 34 8 214 38 40
20 34 9 214 38 40
20 34 10 214 38 40
20 34 11 214 38 40
20 34 12 214 38 40
20 34 13 214 38 40
20 34 14 214 38 40
20 34 15 214 38 40
20 34 16 214 38 40
20 34 17 214 38 40
20 34 18 214 38 40
20 34 19 214 38 40
20 34 20 214 38 40
20 34 21 214 38 40
20 34 22 214 38 40
20 34 23 214 38 40
20 34 24 214 38 40
20 34 25 214 38 40
21 0 0 43 160 4
21 0 1 43 160 4
21 0 2 43 160 4
21 0 3 43 160 4
21 0 4 43 160 4
21 0 5 43 160 4
21 0 6 43 160 4
21 0 7 43 160 4
21 0 8 255 186 119
21 0 9 255 186 119
21 0 10 255 186 119
21 0 11 255 186 119
21 0 12 255 186 119
21 0 13 255 186 119
21 0 14 255 186 119
21 0 15 255 186 119
21 0 16 255 186 119
21 0 17 255 186 119
21 0 18 255 186 119
21 0 19 255 186 119
21 0 20 255 186 119
21 0 21 255 186 119
21 0 22 255 186 119
21 0 23 255 186 119
21 0 24 255 186 119
21 0 25 43 160 4
21 0 26 158 216 229
21 1 8 255 186 119
21 1 9 255 186 119
21 1 10 255 186 119
21 1 11 255 186 119
21 1 12 255 186 119
21 1 13 255 186 119
21 1 14 255 186 119
21 1 15 255 186 119
21 1 16 255 186 119
21 1 17 255 186 119
21 1 18 255 186 119
21 1 19 255 186 119
21 1 20 255 186 119
21 1 21 255 186 119
21 1 22 255 186 119
21 1 23 255 186 119
21 1 24 255 186 119
21 1 25 158 216 229
21 1 26 158 216 229
21 2 8 255 186 119
21 2 9 255 186 119
21 2 10 255 186 119
21 2 11 255 186 119
21 2 12 255 186 119
21 2 13 255 186 119
21 2 14 255 186 119
21 2 15 255 186 119
21 2 16 255 186 119
21 2 17 255 186 119
21 2 18 255 186 119
21 2 19 255 186 119
21 2 20 255 186 119
21 2 21 255 186 119
21 2 22 255 186 119
21 2 23 255 186 119
21 2 24 255 186 119
21 2 25 158 216 229
21 2 26 158 216 229
21 3 8 255 186 119
21 3 9 255 186 119
21 3 10 255 186 119
21 3 11 255 186 119
21 3 12 255 186 119
21 3 13 255 186 119
21 3 14 255 186 119
21 3 15 255 186 119
21 3 16 255 186 119
21 3 17 255 186 119
21 3 18 255 186 119
21 3 19 255 186 119
21 3 20 255 186 119
21 3 21 255 186 119
21 3 22 255 186 119
21 3 23 255 186 119
21 3 24 255 186 119
21 3 25 158 216 229
21 3 26 158 216 229
21 4 8 255 186 119
21 4 9 255 186 119
21 4 10 255 186 119
21 4 11 255 186 119
21 4 12 255 186 119
21 4 13 255 186 119
21 4 14 255 186 119
21 4 15 255 186 119
21 4 16 255 186 119
21 4 17 255 186 119
21 4 18 255 186 119
21 4 19 255 186 119
21 4 20 255 186 119
21 4 21 255 186 119
21 4 22 255 186 119
21 4 23 255 186 119
21 4 24 255 186 119
21 4 25 158 216 229
21 4 26 158 216 229
21 5 8 255 186 119
21 5 9 255 186 119
21 5 10 255 186 119
21 5 11 255 186 119
21 5 12 255 186 119
21 5 13 255 186 119
21 5 14 255 186 119
21 5 15 255 186 119
21 5 16 255 186 119
21 5 17 255 186 119
21 5 18 255 186 119
21 5 19 255 186 119
21 5 20 255 186 119
21 5 21 255 186 119
21 5 22 255 186 119
21 5 23 255 186 119
21 5 24 255 186 119
21 5 25 158 216 229
21 5 26 158 216 229
21 6 8 255 186 119
21 6 9 255 186 119
21 6 10 255 186 119
21 6 11 255 186 119
21 6 12 255 186 119
21 6 13 255 186 119
21 6 14 255 186 119
21 6 15 255 186 119
21 6 16 255 186 119
21 6 17 255 186 119
21 6 18 255 186 119
21 6 19 255 186 119
21 6 20 255 186 119
21 6 21 255 186 119
21 6 22 255 186 119
21 6 23 255 186 119
21 6 24 255 186 119
21 6 25 158 216 229
21 6 26 158 216 229
21 7 8 255 186 119
21 7 9 255 186 119
21 7 10 255 186 119
21 7 11 255 186 119
21 7 12 255 186 119
21 7 13 255 186 119
21 7 14 255 186 119
21 7 15 255 186 119
21 7 16 255 186 119
21 7 17 255 186 119
21 7 18 255 186 119
21 7 19 255 186 119
21 7 20 255 186 119
21 7 21 255 186 119
21 7 22 255 186 119
21 7 23 255 186 119
21 7 24 255 186 119
21 7 25 158 216 229
21 7 26 158 216 229
21 8 22 196 175 214
21 8 23 196 175 214
21 8 24 196 175 214
21 8 25 158 216 229
21 8 26 158 216 229
21 9 22 196 175 214
21 9 23 196 175 214
21 9 24 196 175 214
21 9 25 158 216 229
21 9 26 158 216 229
21 10 22 196 175 214
21 10 23 196 175 214
21 10 24 196 175 214
21 10 25 158 216 229
21 10 26 158 216 229
21 11 25 158 216 229
21 11 26 158 216 229
21 12 25 158 216 229
21 12 26 158 216 229
21 13 25 158 216 229
21 13 26 158 216 229
21 14 25 158 216 229
21 14 26 158 216 229
21 15 25 158 216 229
21 15 26 158 216 229
21 16 25 158 216 229
21 16 26 158 216 229
21 17 25 158 216 229
21 17 26 158 216 229
21 18 25 158 216 229
21 18 26 158 216 229
21 19 25 158 216 229
21 19 26 158 216 229
21 20 25 158 216 229
21 20 26 158 216 229
21 21 25 158 216 229
21 21 26 158 216 229
21 22 25 158 216 229
21 22 26 158 216 229
21 23 25 158 216 229
21 23 26 158 216 229
21 24 25 158 216 229
21 24 26 158 216 229
21 25 25 158 216 229
21 25 26 158 216 229
21 26 25 158 216 229
21 26 26 158 216 229
21 27 25 158 216 229
21 27 26 158 216 229
21 28 25 158 216 229
21 28 26 158 216 229
21 29 25 158 216 229
21 29 26 158 216 229
21 30 25 158 216 229
21 30 26 158 216 229
21 31 25 158 216 229
21 31 26 158 216 229
21 32 25 158 216 229
21 32 26 158 216 229
21 33 0 214 38 40
21 33 1 214 38 40
21 33 2 214 38 40
21 33 3 214 38 40
21 33 4 214 38 40
21 33 5 214 38 40
21 33 6 214 38 40
21 33 7 214 38 40
21 33 8 214 38 40
21 33 9 214 38 40
21 33 10 214 38 40
21 33 11 214 38 40
21 33 12 214 38 40
21 33 13 214 38 40
21 33 14 214 38 40
21 33 15 214 38 40
21 33 16 214 38 40
21 33 17 214 38 40
21 33 18 214 38 40
21 33 19 214 38 40
21 33 20 214 38 40
21 33 21 214 38 40
21 33 22 214 38 40
21 33 23 214 38 40
21 33 24 214 38 40
21 33 25 158 216 229
21 33 26 158 216 229
21 34 0 214 38 40
21 34 1 214 38 40
21 34 2 214 38 40
21 34 3 214 38 40
21 34 4 214 38 40
21 34 5 214 38 40
21 34 6 214 38 40
21 34 7 214 38 40
21 34 8 214 38 40
21 34 9 214 38 40
21 34 10 214 38 40
21 34 11 214 38 40
21 34 12 214 38 40
21 34 13 214 38 40
21 34 14 214 38 40
21 34 15 214 38 40
21 34 16 214 38 40
21 34 17 214 38 40
21 34 18 214 38 40
21 34 19 214 38 40
21 34 20 214 38 40
21 34 21 214 38 40
21 34 22 214 38 40
21 34 23 214 38 40
21 34 24 214 38 40
21 34 25 214 38 40
22 0 0 43 160 4
22 0 1 43 160 4
22 0 2 43 160 4
22 0 3 43 160 4
22 0 4 43 160 4
22 0 5 43 160 4
22 0 6 43 160 4
22 0 7 43 160 4
22 0 8 255 186 119
22 0 9 255 186 119
22 0 10 255 186 119
22 0 11 255 186 119
22 0 12 255 186 119
22 0 13 255 186 119
22 0 14 255 186 119
22 0 15 255 186 119
22 0 16 255 186 119
22 0 17 255 186 119
22 0 18 255 186 119
22 0 19 255 186 119
22 0 20 255 186 119
22 0 21 255 186 119
22 0 22 255 186 119
22 0 23 255 186 119
22 0 24 255 186 119
22 0 25 43 160 4
22 1 8 255 186 119
22 1 9 255 186 119
22 1 10 255 186 119
22 1 11 255 186 119
22 1 12 255 186 119
22 1 13 255 186 119
22 1 14 255 186 119
22 1 15 255 186 119
22 1 16 255 186 119
22 1 17 255 186 119
22 1 18 255 186 119
22 1 19 255 186 119
22 1 20 255 186 119
22 1 21 255 186 119
22 1 22 255 186 119
22 1 23 255 186 119
22 1 24 255 186 119
22 1 25 158 216 229
22 2 8 255 186 119
22 2 9 255 186 119
22 2 10 255 186 119
22 2 11 255 186 119
22 2 12 255 186 119
22 2 13 255 186 119
22 2 14 255 186 119
22 2 15 255 186 119
22 2 16 255 186 119
22 2 17 255 186 119
22 2 18 255 186 119
22 2 19 255 186 119
22 2 20 255 186 119
22 2 21 255 186 119
22 2 22 255 186 119
22 2 23 255 186 119
22 2 24 255 186 119
22 2 25 158 216 229
22 3 8 255 186 119
22 3 9 255 186 119
22 3 10 255 186 119
22 3 11 255 186 119
22 3 12 255 186 119
22 3 13 255 186 119
22 3 14 255 186 119
22 3 15 255 186 119
22 3 16 255 186 119
22 3 17 255 186 119
22 3 18 255 186 119
22 3 19 255 186 119
22 3 20 255 186 119
22 3 21 255 186 119
22 3 22 255 186 119
22 3 23 255 186 119
22 3 24 255 186 119
22 3 25 158 216 229
22 4 8 255 186 119
22 4 9 255 186 119
22 4 10 255 186 119
22 4 11 255 186 119
22 4 12 255 186 119
22 4 13 255 186 119
22 4 14 255 186 119
22 4 15 255 186 119
22 4 16 255 186 119
22 4 17 255 186 119
22 4 18 255 186 119
22 4 19 255 186 119
22 4 20 255 186 119
22 4 21 255 186 119
22 4 22 255 186 119
22 4 23 255 186 119
22 4 24 255 186 119
22 4 25 158 216 229
22 5 8 255 186 119
22 5 9 255 186 119
22 5 10 255 186 119
22 5 11 255 186 119
22 5 12 255 186 119
22 5 13 255 186 119
22 5 14 255 186 119
22 5 15 255 186 119
22 5 16 255 186 119
22 5 17 255 186 119
22 5 18 255 186 119
22 5 19 255 186 119
22 5 20 255 186 119
22 5 21 255 186 119
22 5 22 255 186 119
22 5 23 255 186 119
22 5 24 255 186 119
22 5 25 158 216 229
22 6 8 255 186 119
22 6 9 255 186 119
22 6 10 255 186 119
22 6 11 255 186 119
22 6 12 255 186 119
22 6 13 255 186 119
22 6 14 255 186 119
22 6 15 255 186 119
22 6 16 255 186 119
22 6 17 255 186 119
22 6 18 255 186 119
22 6 19 255 186 119
22 6 20 255 186 119
22 6 21 255 186 119
22 6 22 255 186 119
22 6 23 255 186 119
22 6 24 255 186 119
22 6 25 158 216 229
22 7 8 255 186 119
22 7 9 255 186 119
22 7 10 255 186 119
22 7 11 255 186 119
22 7 12 255 186 119
22 7 13 255 186 119
22 7 14 255 186 119
22 7 15 255 186 119
22 7 16 255 186 119
22 7 17 255 186 119
22 7 18 255 186 119
22 7 19 255 186 119
22 7 20 255 186 119
22 7 21 255 186 119
22 7 22 255 186 119
22 7 23 255 186 119
22 7 24 255 186 119
22 7 25 158 216 229
22 8 22 196 175 214
22 8 23 196 175 214
22 8 24 196 175 214
22 8 25 158 216 229
22 9 22 196 175 214
22 9 23 196 175 214
22 9 24 196 175 214
22 9 25 158 216 229
22 10 22 196 175 214
22 10 23 196 175 214
22 10 24 196 175 214
22 10 25 158 216 229
22 11 25 158 216 229
22 12 25 158 216 229
22 13 25 158 216 229
22 14 25 158 216 229
22 15 25 158 216 229
22 16 25 158 216 229
22 17 25 158 216 229
22 18 25 158 216 229
22 19 25 158 216 229
22 20 25 158 216 229
22 21 25 158 216 229
22 22 25 158 216 229
22 23 25 158 216 229
22 24 25 158 216 229
22 25 25 158 216 229
22 26 25 158 216 229
22 27 25 158 216 229
22 28 25 158 216 229
22 29 25 158 216 229
22 30 25 158 216 229
22 31 25 158 216 229
22 32 25 158 216 229
22 33 0 214 38 40
22 33 1 214 38 40
22 33 2 214 38 40
22 33 3 214 38 40
22 33 4 214 38 40
22 33 5 214 38 40
22 33 6 214 38 40
22 33 7 214 38 40
22 33 8 214 38 40
22 33 9 214 38 40
22 33 10 214 38 40
22 33 11 214 38 40
22 33 12 214 38 40
22 33 13 214 38 40
22 33 14 214 38 40
22 33 15 214 38 40
22 33 16 214 38 40
22 33 17 214 38 40
22 33 18 214 38 40
22 33 19 214 38 40
22 33 20 214 38 40
22 33 21 214 38 40
22 33 22 214 38 40
22 33 23 214 38 40
22 33 24 214 38 40
22 33 25 158 216 229
22 34 0 214 38 40
22 34 1 214 38 40
22 34 2 214 38 40
22 34 3 214 38 40
22 34 4 214 38 40
22 34 5 214 38 40
22 34 6 214 38 40
22 34 7 214 38 40
22 34 8 214 38 40
22 34 9 214 38 40
22 34 10 214 38 40
22 34 11 214 38 40
22 34 12 214 38 40
22 34 13 214 38 40
22 34 14 214 38 40
22 34 15 214 38 40
22 34 16 214 38 40
22 34 17 214 38 40
22 34 18 214 38 40
22 34 19 214 38 40
22 34 20 214 38 40
22 34 21 214 38 40
22 34 22 214 38 40
22 34 23 214 38 40
22 34 24 214 38 40
22 34 25 214 38 40
23 0 0 43 160 4
23 0 1 43 160 4
23 0 2 43 160 4
23 0 3 43 160 4
23 0 4 43 160 4
23 0 5 43 160 4
23 0 6 43 160 4
23 0 7 43 160 4
23 0 8 255 186 119
23 0 9 255 186 119
23 0 10 255 186 119
23 0 11 255 186 119
23 0 12 255 186 119
23 0 13 255 186 119
23 0 14 255 186 119
23 0 15 255 186 119
23 0 16 255 186 119
23 0 17 255 186 119
23 0 18 255 186 119
23 0 19 255 186 119
23 0 20 255 186 119
23 0 21 255 186 119
23 0 22 255 186 119
23 0 23 255 186 119
23 0 24 255 186 119
23 0 25 43 160 4
23 1 8 255 186 119
23 1 9 255 186 119
23 1 10 255 186 119
23 1 11 255 186 119
23 1 12 255 186 119
23 1 13 255 186 119
23 1 14 255 186 119
23 1 15 255 186 119
23 1 16 255 186 119
23 1 17 255 186 119
23 1 18 255 186 119
23 1 19 255 186 119
23 1 20 255 186 119
23 1 21 255 186 119
23 1 22 255 186 119
23 1 23 255 186 119
23 1 24 255 186 119
23 1 25 158 216 229
23 2 8 255 186 119
23 2 9 255 186 119
23 2 10 255 186 119
23 2 11 255 186 119
23 2 12 255 186 119
23 2 13 255 186 119
23 2 14 255 186 119
23 2 15 255 186 119
23 2 16 255 186 119
23 2 17 255 186 119
23 2 18 255 186 119
23 2 19 255 186 119
23 2 20 255 186 119
23 2 21 255 186 119
23 2 22 255 186 119
23 2 23 255 186 119
23 2 24 255 186 119
23 2 25 158 216 229
23 3 8 255 186 119
23 3 9 255 186 119
23 3 10 255 186 119
23 3 11 255 186 119
23 3 12 255 186 119
23 3 13 255 186 119
23 3 14 255 186 119
23 3 15 255 186 119
23 3 16 255 186 119
23 3 17 255 186 119
23 3 18 255 186 119
23 3 19 255 186 119
23 3 20 255 186 119
23 3 21 255 186 119
23 3 22 255 186 119
23 3 23 255 186 119
23 3 24 255 186 119
23 3 25 158 216 229
23 4 8 255 186 119
23 4 9 255 186 119
23 4 10 255 186 119
23 4 11 255 186 119
23 4 12 255 186 119
23 4 13 255 186 119
23 4 14 255 186 119
23 4 15 255 186 119
23 4 16 255 186 119
23 4 17 255 186 119
23 4 18 255 186 119
23 4 19 255 186 119
23 4 20 255 186 119
23 4 21 255 186 119
23 4 22 255 186 119
23 4 23 255 186 119
23 4 24 255 186 119
23 4 25 158 216 229
23 5 8 255 186 119
23 5 9 255 186 119
23 5 10 255 186 119
23 5 11 255 186 119
23 5 12 255 186 119
23 5 13 255 186 119
23 5 14 255 186 119
23 5 15 255 186 119
23 5 16 255 186 119
23 5 17 255 186 119
23 5 18 255 186 119
23 5 19 255 186 119
23 5 20 255 186 119
23 5 21 255 186 119
23 5 22 255 186 119
23 5 23 255 186 119
23 5 24 255 186 119
23 5 25 158 216 229
23 6 8 255 186 119
23 6 9 255 186 119
23 6 10 255 186 119
23 6 11 255 186 119
23 6 12 255 186 119
23 6 13 255 186 119
23 6 14 255 186 119
23 6 15 255 186 119
23 6 16 255 186 119
23 6 17 255 186 119
23 6 18 255 186 119
23 6 19 255 186 119
23 6 20 255 186 119
23 6 21 255 186 119
23 6 22 255 186 119
23 6 23 255 186 119
23 6 24 255 186 119
23 6 25 158 216 229
23 7 8 255 186 119
23 7 9 255 186 119
23 7 10 255 186 119
23 7 11 255 186 119
23 7 12 255 186 119
23 7 13 255 186 119
23 7 14 255 186 119
23 7 15 255 186 119
23 7 16 255 186 119
23 7 17 255 186 119
23 7 18 255 186 119
23 7 19 255 186 119
23 7 20 255 186 119
23 7 21 255 186 119
23 7 22 255 186 119
23 7 23 255 186 119
23 7 24 255 186 119
23 7 25 158 216 229
23 8 22 196 175 214
23 8 23 196 175 214
23 8 24 196 175 214
23 8 25 158 216 229
23 9 22 196 175 214
23 9 23 196 175 214
23 9 24 196 175 214
23 9 25 158 216 229
23 10 22 196 175 214
23 10 23 196 175 214
23 10 24 196 175 214
23 10 25 158 216 229
23 11 25 158 216 229
23 12 25 158 216 229
23 13 25 158 216 229
23 14 25 158 216 229
23 15 25 158 216 229
23 16 25 158 216 229
23 17 25 158 216 229
23 18 25 158 216 229
23 19 25 158 216 229
23 20 25 158 216 229
23 21 25 158 216 229
23 22 25 158 216 229
23 23 25 158 216 229
23 24 25 158 216 229
23 25 25 158 216 229
23 26 25 158 216 229
23 27 25 158 216 229
23 28 25 158 216 229
23 29 25 158 216 229
23 30 25 158 216 229
23 31 25 158 216 229
23 32 25 158 216 229
23 33 0 214 38 40
23 33 1 214 38 40
23 33 2 214 38 40
23 33 3 214 38 40
23 33 4 214 38 40
23 33 5 214 38 40
23 33 6 214 38 40
23 33 7 214 38 40
23 33 8 214 38 40
23 33 9 214 38 40
23 33 10 214 38 40
23 33 11 214 38 40
23 33 12 214 38 40
23 33 13 214 38 40
23 33 14 214 38 40
23 33 15 214 38 40
23 33 16 214 38 40
23 33 17 214 38 40
23 33 18 214 38 40
23 33 19 214 38 40
23 33 20 214 38 40
23 33 21 214 38 40
23 33 22 214 38 40
23 33 23 214 38 40
23 33 24 214 38 40
23 33 25 158 216 229
23 34 0 214 38 40
23 34 1 214 38 40
23 34 2 214 38 40
23 34 3 214 38 40
23 34 4 214 38 40
23 34 5 214 38 40
23 34 6 214 38 40
23 34 7 214 38 40
23 34 8 214 38 40
23 34 9 214 38 40
23 34 10 214 38 40
23 34 11 214 38 40
23 34 12 214 38 40
23 34 13 214 38 40
23 34 14 214 38 40
23 34 15 214 38 40
23 34 16 214 38 40
23 34 17 214 38 40
23 34 18 214 38 40
23 34 19 214 38 40
23 34 20 214 38 40
23 34 21 214 38 40
23 34 22 214 38 40
23 34 23 214 38 40
23 34 24 214 38 40
23 34 25 214 38 40
24 0 0 43 160 4
24 0 1 43 160 4
24 0 2 43 160 4
24 0 3 43 160 4
24 0 4 43 160 4
24 0 5 43 160 4
24 0 6 43 160 4
24 0 7 43 160 4
24 0 8 255 186 119
24 0 9 255 186 119
24 0 10 255 186 119
24 0 11 255 186 119
24 0 12 255 186 119
24 0 13 255 186 119
24 0 14 255 186 119
24 0 15 255 186 119
24 0 16 255 186 119
24 0 17 255 186 119
24 0 18 255 186 119
24 0 19 255 186 119
24 0 20 255 186 119
24 0 21 255 186 119
24 0 22 255 186 119
24 0 23 255 186 119
24 0 24 255 186 119
24 0 25 43 160 4
24 1 8 255 186 119
24 1 9 255 186 119
24 1 10 255 186 119
24 1 11 255 186 119
24 1 12 255 186 119
24 1 13 255 186 119
24 1 14 255 186 119
24 1 15 255 186 119
24 1 16 255 186 119
24 1 17 255 186 119
24 1 18 255 186 119
24 1 19 255 186 119
24 1 20 255 186 119
24 1 21 255 186 119
24 1 22 255 186 119
24 1 23 255 186 119
24 1 24 255 186 119
24 1 25 158 216 229
24 2 8 255 186 119
24 2 9 255 186 119
24 2 10 255 186 119
24 2 11 255 186 119
24 2 12 255 186 119
24 2 13 255 186 119
24 2 14 255 186 119
24 2 15 255 186 119
24 2 16 255 186 119
24 2 17 255 186 119
24 2 18 255 186 119
24 2 19 255 186 119
24 2 20 255 186 119
24 2 21 255 186 119
24 2 22 255 186 119
24 2 23 255 186 119
24 2 24 255 186 119
24 2 25 158 216 229
24 3 8 255 186 119
24 3 9 255 186 119
24 3 10 255 186 119
24 3 11 255 186 119
24 3 12 255 186 119
24 3 13 255 186 119
24 3 14 255 186 119
24 3 15 255 186 119
24 3 16 255 186 119
24 3 17 255 186 119
24 3 18 255 186 119
24 3 19 255 186 119
24 3 20 255 186 119
24 3 21 255 186 119
24 3 22 255 186 119
24 3 23 255 186 119
24 3 24 255 186 119
24 3 25 158 216 229
24 4 8 255 186 119
24 4 9 255 186 119
24 4 10 255 186 119
24 4 11 255 186 119
24 4 12 255 186 119
24 4 13 255 186 119
24 4 14 255 186 119
24 4 15 255 186 119
24 4 16 255 186 119
24 4 17 255 186 119
24 4 18 255 186 119
24 4 19 255 186 119
24 4 20 255 186 119
24 4 21 255 186 119
24 4 22 255 186 119
24 4 23 255 186 119
24 4 24 255 186 119
24 4 25 158 216 229
24 5 8 255 186 119
24 5 9 255 186 119
24 5 10 255 186 119
24 5 11 255 186 119
24 5 12 255 186 119
24 5 13 255 186 119
24 5 14 255 186 119
24 5 15 255 186 119
24 5 16 255 186 119
24 5 17 255 186 119
24 5 18 255 186 119
24 5 19 255 186 119
24 5 20 255 186 119
24 5 21 255 186 119
24 5 22 255 186 119
24 5 23 255 186 119
24 5 24 255 186 119
24 5 25 158 216 229
24 6 8 255 186 119
24 6 9 255 186 119
24 6 10 255 186 119
24 6 11 255 186 119
24 6 12 255 186 119
24 6 13 255 186 119
24 6 14 255 186 119
24 6 15 255 186 119
24 6 16 255 186 119
24 6 17 255 186 119
24 6 18 255 186 119
24 6 19 255 186 119
24 6 20 255 186 119
24 6 21 255 186 119
24 6 22 255 186 119
24 6 23 255 186 119
24 6 24 255 186 119
24 6 25 158 216 229
24 7 8 255 186 119
24 7 9 255 186 119
24 7 10 255 186 119
24 7 11 255 186 119
24 7 12 255 186 119
24 7 13 255 186 119
24 7 14 255 186 119
24 7 15 255 186 119
24 7 16 255 186 119
24 7 17 255 186 119
24 7 18 255 186 119
24 7 19 255 186 119
24 7 20 255 186 119
24 7 21 255 186 119
24 7 22 255 186 119
24 7 23 255 186 119
24 7 24 255 186 119
24 7 25 158 216 229
24 8 22 196 175 214
24 8 23 196 175 214
24 8 24 196 175 214
24 8 25 158 216 229
24 9 22 196 175 214
24 9 23 196 175 214
24 9 24 196 175 214
24 9 25 158 216 229
24 10 23 196 175 214
24 10 24 196 175 214
24 10 25 158 216 229
24 11 25 158 216 229
24 12 25 158 216 229
24 13 25 158 216 229
24 14 25 158 216 229
24 15 25 158 216 229
24 16 25 158 216 229
24 17 25 158 216 229
24 18 25 158 216 229
24 19 25 158 216 229
24 20 25 158 216 229
24 21 25 158 216 229
24 22 25 158 216 229
24 23 25 158 216 229
24 24 25 158 216 229
24 25 25 158 216 229
24 26 25 158 216 229
24 27 25 158 216 229
24 28 25 158 216 229
24 29 25 158 216 229
24 30 25 158 216 229
24 31 25 158 216 229
24 32 25 158 216 229
24 33 0 214 38 40
24 33 1 214 38 40
24 33 2 214 38 40
24 33 3 214 38 40
24 33 4 214 38 40
24 33 5 214 38 40
24 33 6 214 38 40
24 33 7 214 38 40
24 33 8 214 38 40
24 33 9 214 38 40
24 33 10 214 38 40
24 33 11 214 38 40
24 33 12 214 38 40
24 33 13 214 38 40
24 33 14 214 38 40
24 33 15 214 38 40
24 33 16 214 38 40
24 33 17 214 38 40
24 33 18 214 38 40
24 33 19 214 38 40
24 33 20 214 38 40
24 33 21 214 38 40
24 33 22 214 38 40
24 33 23 214 38 40
24 33 24 214 38 40
24 33 25 158 216 229
24 34 0 214 38 40
24 34 1 214 38 40
24 34 2 214 38 40
24 34 3 214 38 40
24 34 4 214 38 40
24 34 5 214 38 40
24 34 6 214 38 40
24 34 7 214 38 40
24 34 8 214 38 40
24 34 9 214 38 40
24 34 10 214 38 40
24 34 11 214 38 40
24 34 12 214 38 40
24 34 13 214 38 40
24 34 14 214 38 40
24 34 15 214 38 40
24 34 16 214 38 40
24 34 17 214 38 40
24 34 18 214 38 40
24 34 19 214 38 40
24 34 20 214 38 40
24 34 21 214 38 40
24 34 22 214 38 40
24 34 23 214 38 40
24 34 24 214 38 40
24 34 25 214 38 40
25 0 0 43 160 4
25 0 1 43 160 4
25 0 2 43 160 4
25 0 3 43 160 4
25 0 4 43 160 4
25 0 5 43 160 4
25 0 6 43 160 4
25 0 7 43 160 4
25 0 8 255 186 119
25 0 9 255 186 119
25 0 10 255 186 119
25 0 11 255 186 119
25 0 12 255 186 119
25 0 13 255 186 119
25 0 14 255 186 119
25 0 15 255 186 119
25 0 16 255 186 119
25 0 17 255 186 119
25 0 18 255 186 119
25 0 19 255 186 119
25 0 20 255 186 119
25 0 21 255 186 119
25 0 22 255 186 119
25 0 23 255 186 119
25 0 24 255 186 119
25 0 25 43 160 4
25 1 8 255 186 119
25 1 9 255 186 119
25 1 10 255 186 119
25 1 11 255 186 119
25 1 12 255 186 119
25 1 13 255 186 119
25 1 14 255 186 119
25 1 15 255 186 119
25 1 16 255 186 119
25 1 17 255 186 119
25 1 18 255 186 119
25 1 19 255 186 119
25 1 20 255 186 119
25 1 21 255 186 119
25 1 22 255 186 119
25 1 23 255 186 119
25 1 24 255 186 119
25 1 25 158 216 229
25 2 8 255 186 119
25 2 9 255 186 119
25 2 10 255 186 119
25 2 11 255 186 119
25 2 12 255 186 119
25 2 13 255 186 119
25 2 14 255 186 119
25 2 15 255 186 119
25 2 16 255 186 119
25 2 17 255 186 119
25 2 18 255 186 119
25 2 19 255 186 119
25 2 20 255 186 119
25 2 21 255 186 119
25 2 22 255 186 119
25 2 23 255 186 119
25 2 24 255 186 119
25 2 25 158 216 229
25 3 8 255 186 119
25 3 9 255 186 119
25 3 10 255 186 119
25 3 11 255 186 119
25 3 12 255 186 119
25 3 13 255 186 119
25 3 14 255 186 119
25 3 15 255 186 119
25 3 16 255 186 119
25 3 17 255 186 119
25 3 18 255 186 119
25 3 19 255 186 119
25 3 20 255 186 119
25 3 21 255 186 119
25 3 22 255 186 119
25 3 23 255 186 119
25 3 24 255 186 119
25 3 25 158 216 229
25 4 8 255 186 119
25 4 9 255 186 119
25 4 10 255 186 119
25 4 11 255 186 119
25 4 12 255 186 119
25 4 13 255 186 119
25 4 14 255 186 119
25 4 15 255 186 119
25 4 16 255 186 119
25 4 17 255 186 119
25 4 18 255 186 119
25 4 19 255 186 119
25 4 20 255 186 119
25 4 21 255 186 119
25 4 22 255 186 119
25 4 23 255 186 119
25 4 24 255 186 119
25 4 25 158 216 229
25 5 8 255 186 119
25 5 9 255 186 119
25 5 10 255 186 119
25 5 11 255 186 119
25 5 12 255 186 119
25 5 13 255 186 119
25 5 14 255 186 119
25 5 15 255 186 119
25 5 16 255 186 119
25 5 17 255 186 119
25 5 18 255 186 119
25 5 19 255 186 119
25 5 20 255 186 119
25 5 21 255 186 119
25 5 22 255 186 119
25 5 23 255 186 119
25 5 24 255 186 119
25 5 25 158 216 229
25 6 8 255 186 119
25 6 9 255 186 119
25 6 10 255 186 119
25 6 11 255 186 119
25 6 12 255 186 119
25 6 13 255 186 119
25 6 14 255 186 119
25 6 15 255 186 119
25 6 16 255 186 119
25 6 17 255 186 119
25 6 18 255 186 119
25 6 19 255 186 119
25 6 20 255 186 119
25 6 21 255 186 119
25 6 22 255 186 119
25 6 23 255 186 119
25 6 24 255 186 119
25 6 25 158 216 229
25 7 8 255 186 119
25 7 9 255 186 119
25 7 10 255 186 119
25 7 11 255 186 119
25 7 12 255 186 119
25 7 13 255 186 119
25 7 14 255 186 119
25 7 15 255 186 119
25 7 16 255 186 119
25 7 17 255 186 119
25 7 18 255 186 119
25 7 19 255 186 119
25 7 20 255 186 119
25 7 21 255 186 119
25 7 22 255 186 119
25 7 23 255 186 119
25 7 24 255 186 119
25 7 25 158 216 229
25 8 25 158 216 229
25 9 25 158 216 229
25 10 25 158 216 229
25 11 25 158 216 229
25 12 25 158 216 229
25 13 25 158 216 229
25 14 25 158 216 229
25 15 25 158 216 229
25 16 25 158 216 229
25 17 25 158 216 229
25 18 25 158 216 229
25 19 25 158 216 229
25 20 25 158 216 229
25 21 25 158 216 229
25 22 25 158 216 229
25 23 25 158 216 229
25 24 25 158 216 229
25 25 25 158 216 229
25 26 25 158 216 229
25 27 25 158 216 229
25 28 25 158 216 229
25 29 25 158 216 229
25 30 25 158 216 229
25 31 25 158 216 229
25 32 25 158 216 229
25 33 0 214 38 40
25 33 1 214 38 40
25 33 2 214 38 40
25 33 3 214 38 40
25 33 4 214 38 40
25 33 5 214 38 40
25 33 6 214 38 40
25 33 7 214 38 40
25 33 8 214 38 40
25 33 9 214 38 40
25 33 10 214 38 40
25 33 11 214 38 40
25 33 12 214 38 40
25 33 13 214 38 40
25 33 14 214 38 40
25 33 15 214 38 40
25 33 16 214 38 40
25 33 17 214 38 40
25 33 18 214 38 40
25 33 19 214 38 40
25 33 20 214 38 40
25 33 21 214 38 40
25 33 22 214 38 40
25 33 23 214 38 40
25 33 24 214 38 40
25 33 25 158 216 229
25 34 0 214 38 40
25 34 1 214 38 40
25 34 2 214 38 40
25 34 3 214 38 40
25 34 4 214 38 40
25 34 5 214 38 40
25 34 6 214 38 40
25 34 7 214 38 40
25 34 8 214 38 40
25 34 9 214 38 40
25 34 10 214 38 40
25 34 11 214 38 40
25 34 12 214 38 40
25 34 13 214 38 40
25 34 14 214 38 40
25 34 15 214 38 40
25 34 16 214 38 40
25 34 17 214 38 40
25 34 18 214 38 40
25 34 19 214 38 40
25 34 20 214 38 40
25 34 21 214 38 40
25 34 22 214 38 40
25 34 23 214 38 40
25 34 24 214 38 40
25 34 25 214 38 40
26 0 0 43 160 4
26 0 1 43 160 4
26 0 2 43 160 4
26 0 3 43 160 4
26 0 4 43 160 4
26 0 5 43 160 4
26 0 6 43 160 4
26 0 7 43 160 4
26 0 8 255 186 119
26 0 9 255 186 119
26 0 10 255 186 119
26 0 11 255 186 119
26 0 12 255 186 119
26 0 13 255 186 119
26 0 14 255 186 119
26 0 15 255 186 119
26 0 16 255 186 119
26 0 17 255 186 119
26 0 18 255 186 119
26 0 19 255 186 119
26 0 20 255 186 119
26 0 21 255 186 119
26 0 22 255 186 119
26 0 23 255 186 119
26 0 24 255 186 119
26 0 25 43 160 4
26 1 8 255 186 119
26 1 9 255 186 119
26 1 10 255 186 119
26 1 11 255 186 119
26 1 12 255 186 119
26 1 13 255 186 119
26 1 14 255 186 119
26 1 15 255 186 119
26 1 16 255 186 119
26 1 17 255 186 119
26 1 18 255 186 119
26 1 19 255 186 119
26 1 20 255 186 119
26 1 21 255 186 119
26 1 22 255 186 119
26 1 23 255 186 119
26 1 24 255 186 119
26 1 25 158 216 229
26 2 8 255 186 119
26 2 9 255 186 119
26 2 10 255 186 119
26 2 11 255 186 119
26 2 12 255 186 119
26 2 13 255 186 119
26 2 14 255 186 119
26 2 15 255 186 119
26 2 16 255 186 119
26 2 17 255 186 119
26 2 18 255 186 119
26 2 19 255 186 119
26 2 20 255 186 119
26 2 21 255 186 119
26 2 22 255 186 119
26 2 23 255 186 119
26 2 24 255 186 119
26 2 25 158 216 229
26 3 8 255 186 119
26 3 9 255 186 119
26 3 10 255 186 119
26 3 11 255 186 119
26 3 12 255 186 119
26 3 13 255 186 119
26 3 14 255 186 119
26 3 15 255 186 119
26 3 16 255 186 119
26 3 17 255 186 119
26 3 18 255 186 119
26 3 19 255 186 119
26 3 20 255 186 119
26 3 21 255 186 119
26 3 22 255 186 119
26 3 23 255 186 119
26 3 24 255 186 119
26 3 25 158 216 229
26 4 8 255 186 119
26 4 9 255 186 119
26 4 10 255 186 119
26 4 11 255 186 119
26 4 12 255 186 119
26 4 13 255 186 119
26 4 14 255 186 119
26 4 15 255 186 119
26 4 16 255 186 119
26 4 17 255 186 119
26 4 18 255 186 119
26 4 19 255 186 119
26 4 20 255 186 119
26 4 21 255 186 119
26 4 22 255 186 119
26 4 23 255 186 119
26 4 24 255 186 119
26 4 25 158 216 229
26 5 8 255 186 119
26 5 9 255 186 119
26 5 10 255 186 119
26 5 11 255 186 119
26 5 12 255 186 119
26 5 13 255 186 119
26 5 14 255 186 119
26 5 15 255 186 119
26 5 16 255 186 119
26 5 17 255 186 119
26 5 18 255 186 119
26 5 19 255 186 119
26 5 20 255 186 119
26 5 21 255 186 119
26 5 22 255 186 119
26 5 23 255 186 119
26 5 24 255 186 119
26 5 25 158 216 229
26 6 8 255 186 119
26 6 9 255 186 119
26 6 10 255 186 119
26 6 11 255 186 119
26 6 12 255 186 119
26 6 13 255 186 119
26 6 14 255 186 119
26 6 15 255 186 119
26 6 16 255 186 119
26 6 17 255 186 119
26 6 18 255 186 119
26 6 19 255 186 119
26 6 20 255 186 119
26 6 21 255 186 119
26 6 22 255 186 119
26 6 23 255 186 119
26 6 24 255 186 119
26 6 25 158 216 229
26 7 8 255 186 119
26 7 9 255 186 119
26 7 10 255 186 119
26 7 11 255 186 119
26 7 12 255 186 119
26 7 13 255 186 119
26 7 14 255 186 119
26 7 15 255 186 119
26 7 16 255 186 119
26 7 17 255 186 119
26 7 18 255 186 119
26 7 19 255 186 119
26 7 20 255 186 119
26 7 21 255 186 119
26 7 22 255 186 119
26 7 23 255 186 119
26 7 24 255 186 119
26 7 25 158 216 229
26 8 25 158 216 229
26 9 25 158 216 229
26 10 25 158 216 229
26 11 25 158 216 229
26 12 25 158 216 229
26 13 25 158 216 229
26 14 25 158 216 229
26 15 25 158 216 229
26 16 25 158 216 229
26 17 25 158 216 229
26 18 25 158 216 229
26 19 25 158 216 229
26 20 25 158 216 229
26 21 25 158 216 229
26 22 25 158 216 229
26 23 25 158 216 229
26 24 25 158 216 229
26 25 25 158 216 229
26 26 25 158 216 229
26 27 25 158 216 229
26 28 25 158 216 229
26 29 25 158 216 229
26 30 25 158 216 229
26 31 25 158 216 229
26 32 25 158 216 229
26 33 0 214 38 40
26 33 1 214 38 40
26 33 2 214 38 40
26 33 3 214 38 40
26 33 4 214 38 40
26 33 5 214 38 40
26 33 6 214 38 40
26 33 7 214 38 40
26 33 8 214 38 40
26 33 9 214 38 40
26 33 10 214 38 40
26 33 11 214 38 40
26 33 12 214 38 40
26 33 13 214 38 40
26 33 14 214 38 40
26 33 15 214 38 40
26 33 16 214 38 40
26 33 17 214 38 40
26 33 18 214 38 40
26 33 19 214 38 40
26 33 20 214 38 40
26 33 21 214 38 40
26 33 22 214 38 40
26 33 23 214 38 40
26 33 24 214 38 40
26 33 25 158 216 229
26 34 0 214 38 40
26 34 1 214 38 40
26 34 2 214 38 40
26 34 3 214 38 40
26 34 4 214 38 40
26 34 5 214 38 40
26 34 6 214 38 40
26 34 7 214 38 40
26 34 8 214 38 40
26 34 9 214 38 40
26 34 10 214 38 40
26 34 11 214 38 40
26 34 12 214 38 40
26 34 13 214 38 40
26 34 14 214 38 40
26 34 15 214 38 40
26 34 16 214 38 40
26 34 17 214 38 40
26 34 18 214 38 40
26 34 19 214 38 40
26 34 20 214 38 40
26 34 21 214 38 40
26 34 22 214 38 40
26 34 23 214 38 40
26 34 24 214 38 40
26 34 25 214 38 40
27 0 0 43 160 4
27 0 1 43 160 4
27 0 2 43 160 4
27 0 3 43 160 4
27 0 4 43 160 4
27 0 5 43 160 4
27 0 6 43 160 4
27 0 7 43 160 4
27 0 8 43 160 4
27 0 9 43 160 4
27 0 10 43 160 4
27 0 11 43 160 4
27 0 12 43 160 4
27 0 13 43 160 4
27 0 14 43 160 4
27 0 15 43 160 4
27 0 16 43 160 4
27 0 17 43 160 4
27 0 18 43 160 4
27 0 19 196 175 214
27 0 20 196 175 214
27 0 21 196 175 214
27 0 22 196 175 214
27 0 23 255 186 119
27 0 24 255 186 119
27 0 25 43 160 4
27 1 17 255 186 119
27 1 18 255 186 119
27 1 19 196 175 214
27 1 20 196 175 214
27 1 21 196 175 214
27 1 22 196 175 214
27 1 23 255 186 119
27 1 24 255 186 119
27 1 25 158 216 229
27 2 17 255 186 119
27 2 18 255 186 119
27 2 19 196 175 214
27 2 20 196 175 214
27 2 21 196 175 214
27 2 22 196 175 214
27 2 23 255 186 119
27 2 24 255 186 119
27 2 25 158 216 229
27 3 17 255 186 119
27 3 18 255 186 119
27 3 19 196 175 214
27 3 20 196 175 214
27 3 21 196 175 214
27 3 22 196 175 214
27 3 23 255 186 119
27 3 24 255 186 119
27 3 25 158 216 229
27 4 17 255 186 119
27 4 18 255 186 119
27 4 19 196 175 214
27 4 20 196 175 214
27 4 21 196 175 214
27 4 22 196 175 214
27 4 23 255 186 119
27 4 24 255 186 119
27 4 25 158 216 229
27 5 17 255 186 119
27 5 18 255 186 119
27 5 19 196 175 214
27 5 20 196 175 214
27 5 21 196 175 214
27 5 22 255 186 119
27 5 23 255 186 119
27 5 24 255 186 119
27 5 25 158 216 229
27 6 17 255 186 119
27 6 18 255 186 119
27 6 19 255 186 119
27 6 20 255 186 119
27 6 21 255 186 119
27 6 22 255 186 119
27 6 23 255 186 119
27 6 24 255 186 119
27 6 25 158 216 229
27 7 18 255 186 119
27 7 19 255 186 119
27 7 20 255 186 119
27 7 21 255 186 119
27 7 22 255 186 119
27 7 23 255 186 119
27 7 24 255 186 119
27 7 25 158 216 229
27 8 25 158 216 229
27 9 25 158 216 229
27 10 25 158 216 229
27 11 25 158 216 229
27 12 25 158 216 229
27 13 25 158 216 229
27 14 25 158 216 229
27 15 25 158 216 229
27 16 25 158 216 229
27 17 25 158 216 229
27 18 25 158 216 229
27 19 25 158 216 229
27 20 25 158 216 229
27 21 25 158 216 229
27 22 25 158 216 229
27 23 25 158 216 229
27 24 25 158 216 229
27 25 25 158 216 229
27 26 25 158 216 229
27 27 25 158 216 229
27 28 25 158 216 229
27 29 25 158 216 229
27 30 25 158 216 229
27 31 25 158 216 229
27 32 25 158 216 229
27 33 0 214 38 40
27 33 1 214 38 40
27 33 2 214 38 40
27 33 3 214 38 40
27 33 4 214 38 40
27 33 5 214 38 40
27 33 6 214 38 40
27 33 7 214 38 40
27 33 8 214 38 40
27 33 9 214 38 40
27 33 10 214 38 40
27 33 11 214 38 40
27 33 12 214 38 40
27 33 13 214 38 40
27 33 14 214 38 40
27 33 15 214 38 40
27 33 16 214 38 40
27 33 17 214 38 40
27 33 18 214 38 40
27 33 19 214 38 40
27 33 20 214 38 40
27 33 21 214 38 40
27 33 22 214 38 40
27 33 23 214 38 40
27 33 24 214 38 40
27 33 25 158 216 229
27 34 0 214 38 40
27 34 1 214 38 40
27 34 2 214 38 40
27 34 3 214 38 40
27 34 4 214 38 40
27 34 5 214 38 40
27 34 6 214 38 40
27 34 7 214 38 40
27 34 8 214 38 40
27 34 9 214 38 40
27 34 10 214 38 40
27 34 11 214 38 40
27 34 12 214 38 40
27 34 13 214 38 40
27 34 14 214 38 40
27 34 15 214 38 40
27 34 16 214 38 40
27 34 17 214 38 40
27 34 18 214 38 40
27 34 19 214 38 40
27 34 20 214 38 40
27 34 21 214 38 40
27 34 22 214 38 40
27 34 23 214 38 40
27 34 24 214 38 40
27 34 25 214 38 40
28 0 0 43 160 4
28 0 1 43 160 4
28 0 2 43 160 4
28 0 3 43 160 4
28 0 4 43 160 4
28 0 5 43 160 4
28 0 6 43 160 4
28 0 7 43 160 4
28 0 8 43 160 4
28 0 9 43 160 4
28 0 10 43 160 4
28 0 11 43 160 4
28 0 12 43 160 4
28 0 13 43 160 4
28 0 14 43 160 4
28 0 15 43 160 4
28 0 16 43 160 4
28 0 17 43 160 4
28 0 18 43 160 4
28 0 19 196 175 214
28 0 20 196 175 214
28 0 21 196 175 214
28 0 22 196 175 214
28 0 23 196 175 214
28 0 24 196 175 214
28 0 25 158 216 229
28 1 19 196 175 214
28 1 20 196 175 214
28 1 21 196 175 214
28 1 22 196 175 214
28 1 23 196 175 214
28 1 24 196 175 214
28 1 25 158 216 229
28 2 19 196 175 214
28 2 20 196 175 214
28 2 21 196 175 214
28 2 22 196 175 214
28 2 23 196 175 214
28 2 24 196 175 214
28 2 25 158 216 229
28 3 19 196 175 214
28 3 20 196 175 214
28 3 21 196 175 214
28 3 22 196 175 214
28 3 23 196 175 214
28 3 24 196 175 214
28 3 25 158 216 229
28 4 19 196 175 214
28 4 20 196 175 214
28 4 21 196 175 214
28 4 22 196 175 214
28 4 23 196 175 214
28 4 24 196 175 214
28 4 25 158 216 229
28 5 19 196 175 214
28 5 20 196 175 214
28 5 21 196 175 214
28 5 22 196 175 214
28 5 23 196 175 214
28 5 24 196 175 214
28 5 25 158 216 229
28 6 25 158 216 229
28 7 25 158 216 229
28 8 25 158 216 229
28 9 25 158 216 229
28 10 25 158 216 229
28 11 25 158 216 229
28 12 25 158 216 229
28 13 25 158 216 229
28 14 25 158 216 229
28 15 25 158 216 229
28 16 25 158 216 229
28 17 25 158 216 229
28 18 25 158 216 229
28 19 25 158 216 229
28 20 25 158 216 229
28 21 25 158 216 229
28 22 25 158 216 229
28 23 25 158 216 229
28 24 25 158 216 229
28 25 25 158 216 229
28 26 25 158 216 229
28 27 25 158 216 229
28 28 25 158 216 229
28 29 25 158 216 229
28 30 25 158 216 229
28 31 25 158 216 229
28 32 25 158 216 229
28 33 0 214 38 40
28 33 1 214 38 40
28 33 2 214 38 40
28 33 3 214 38 40
28 33 4 214 38 40
28 33 5 214 38 40
28 33 6 214 38 40
28 33 7 214 38 40
28 33 8 214 38 40
28 33 9 214 38 40
28 33 10 214 38 40
28 33 11 214 38 40
28 33 12 214 38 40
28 33 13 214 38 40
28 33 14 214 38 40
28 33 15 214 38 40
28 33 16 214 38 40
28 33 17 214 38 40
28 33 18 214 38 40
28 33 19 214 38 40
28 33 20 214 38 40
28 33 21 214 38 40
28 33 22 214 38 40
28 33 23 214 38 40
28 33 24 214 38 40
28 33 25 158 216 229
28 34 0 214 38 40
28 34 1 214 38 40
28 34 2 214 38 40
28 34 3 214 38 40
28 34 4 214 38 40
28 34 5 214 38 40
28 34 6 214 38 40
28 34 7 214 38 40
28 34 8 214 38 40
28 34 9 214 38 40
28 34 10 214 38 40
28 34 11 214 38 40
28 34 12 214 38 40
28 34 13 214 38 40
28 34 14 214 38 40
28 34 15 214 38 40
28 34 16 214 38 40
28 34 17 214 38 40
28 34 18 214 38 40
28 34 19 214 38 40
28 34 20 214 38 40
28 34 21 214 38 40
28 34 22 214 38 40
28 34 23 214 38 40
28 34 24 214 38 40
28 34 25 214 38 40
29 0 0 43 160 4
29 0 1 43 160 4
29 0 2 43 160 4
29 0 3 43 160 4
29 0 4 43 160 4
29 0 5 43 160 4
29 0 6 43 160 4
29 0 7 43 160 4
29 0 8 43 160 4
29 0 9 43 160 4
29 0 10 43 160 4
29 0 11 43 160 4
29 0 12 43 160 4
29 0 13 43 160 4
29 0 14 43 160 4
29 0 15 43 160 4
29 0 16 43 160 4
29 0 17 43 160 4
29 0 18 43 160 4
29 0 19 196 175 214
29 0 20 196 175 214
29 0 21 196 175 214
29 0 22 196 175 214
29 0 23 196 175 214
29 0 24 196 175 214
29 0 25 158 216 229
29 1 19 196 175 214
29 1 20 196 175 214
29 1 21 196 175 214
29 1 22 196 175 214
29 1 23 196 175 214
29 1 24 196 175 214
29 1 25 158 216 229
29 2 19 196 175 214
29 2 20 196 175 214
29 2 21 196 175 214
29 2 22 196 175 214
29 2 23 196 175 214
29 2 24 196 175 214
29 2 25 158 216 229
29 3 19 196 175 214
29 3 20 196 175 214
29 3 21 196 175 214
29 3 22 196 175 214
29 3 23 196 175 214
29 3 24 196 175 214
29 3 25 158 216 229
29 4 19 196 175 214
29 4 20 196 175 214
29 4 21 196 175 214
29 4 22 196 175 214
29 4 23 196 175 214
29 4 24 196 175 214
29 4 25 158 216 229
29 5 19 196 175 214
29 5 20 196 175 214
29 5 21 196 175 214
29 5 22 196 175 214
29 5 23 196 175 214
29 5 24 196 175 214
29 5 25 158 216 229
29 6 25 158 216 229
29 7 25 158 216 229
29 8 25 158 216 229
29 9 25 158 216 229
29 10 25 158 216 229
29 11 25 158 216 229
29 12 25 158 216 229
29 13 25 158 216 229
29 14 25 158 216 229
29 15 25 158 216 229
29 16 25 158 216 229
29 17 25 158 216 229
29 18 25 158 216 229
29 19 25 158 216 229
29 20 25 158 216 229
29 21 25 158 216 229
29 22 25 158 216 229
29 23 25 158 216 229
29 24 25 158 216 229
29 25 25 158 216 229
29 26 25 158 216 229
29 27 25 158 216 229
29 28 25 158 216 229
29 29 25 158 216 229
29 30 25 158 216 229
29 31 25 158 216 229
29 32 25 158 216 229
29 33 0 214 38 40
29 33 1 214 38 40
29 33 2 214 38 40
29 33 3 214 38 40
29 33 4 214 38 40
29 33 5 214 38 40
29 33 6 214 38 40
29 33 7 214 38 40
29 33 8 214 38 40
29 33 9 214 38 40
29 33 10 214 38 40
29 33 11 214 38 40
29 33 12 214 38 40
29 33 13 214 38 40
29 33 14 214 38 40
29 33 15 214 38 40
29 33 16 214 38 40
29 33 17 214 38 40
29 33 18 214 38 40
29 33 19 214 38 40
29 33 20 214 38 40
29 33 21 214 38 40
29 33 22 214 38 40
29 33 23 214 38 40
29 33 24 214 38 40
29 33 25 158 216 229
29 34 0 214 38 40
29 34 1 214 38 40
29 34 2 214 38 40
29 34 3 214 38 40
29 34 4 214 38 40
29 34 5 214 38 40
29 34 6 214 38 40
29 34 7 214 38 40
29 34 8 214 38 40
29 34 9 214 38 40
29 34 10 214 38 40
29 34 11 214 38 40
29 34 12 214 38 40
29 34 13 214 38 40
29 34 14 214 38 40
29 34 15 214 38 40
29 34 16 214 38 40
29 34 17 214 38 40
29 34 18 214 38 40
29 34 19 214 38 40
29 34 20 214 38 40
29 34 21 214 38 40
29 34 22 214 38 40
29 34 23 214 38 40
29 34 24 214 38 40
29 34 25 214 38 40
30 0 0 43 160 4
30 0 1 43 160 4
30 0 2 43 160 4
30 0 3 43 160 4
30 0 4 43 160 4
30 0 5 43 160 4
30 0 6 43 160 4
30 0 7 43 160 4
30 0 8 43 160 4
30 0 9 43 160 4
30 0 10 43 160 4
30 0 11 43 160 4
30 0 12 43 160 4
30 0 13 43 160 4
30 0 14 43 160 4
30 0 15 43 160 4
30 0 16 43 160 4
30 0 17 43 160 4
30 0 18 43 160 4
30 0 19 196 175 214
30 0 20 196 175 214
30 0 21 196 175 214
30 0 22 196 175 214
30 0 23 196 175 214
30 0 24 196 175 214
30 0 25 43 160 4
30 1 18 196 175 214
30 1 19 196 175 214
30 1 20 196 175 214
30 1 21 196 175 214
30 1 22 196 175 214
30 1 23 196 175 214
30 1 24 196 175 214
30 1 25 158 216 229
30 2 18 196 175 214
30 2 19 196 175 214
30 2 20 196 175 214
30 2 21 196 175 214
30 2 22 196 175 214
30 2 23 196 175 214
30 2 24 196 175 214
30 2 25 158 216 229
30 3 18 196 175 214
30 3 19 196 175 214
30 3 20 196 175 214
30 3 21 196 175 214
30 3 22 196 175 214
30 3 23 196 175 214
30 3 24 196 175 214
30 3 25 158 216 229
30 4 18 196 175 214
30 4 19 196 175 214
30 4 20 196 175 214
30 4 21 196 175 214
30 4 22 196 175 214
30 4 23 196 175 214
30 4 24 196 175 214
30 4 25 158 216 229
30 5 18 196 175 214
30 5 19 196 175 214
30 5 20 196 175 214
30 5 21 196 175 214
30 5 22 196 175 214
30 5 23 196 175 214
30 5 24 196 175 214
30 5 25 158 216 229
30 6 25 158 216 229
30 7 25 158 216 229
30 8 25 158 216 229
30 9 25 158 216 229
30 10 25 158 216 229
30 11 25 158 216 229
30 12 25 158 216 229
30 13 25 158 216 229
30 14 25 158 216 229
30 15 25 158 216 229
30 16 25 158 216 229
30 17 25 158 216 229
30 18 25 158 216 229
30 19 25 158 216 229
30 20 25 158 216 229
30 21 25 158 216 229
30 22 25 158 216 229
30 23 25 158 216 229
30 24 25 158 216 229
30 25 25 158 216 229
30 26 25 158 216 229
30 27 25 158 216 229
30 28 25 158 216 229
30 29 25 158 216 229
30 30 25 158 216 229
30 31 25 158 216 229
30 32 25 158 216 229
30 33 0 214 38 40
30 33 1 214 38 40
30 33 2 214 38 40
30 33 3 214 38 40
30 33 4 214 38 40
30 33 5 214 38 40
30 33 6 214 38 40
30 33 7 214 38 40
30 33 8 214 38 40
30 33 9 214 38 40
30 33 10 214 38 40
30 33 11 214 38 40
30 33 12 214 38 40
30 33 13 214 38 40
30 33 14 214 38 40
30 33 15 214 38 40
30 33 16 214 38 40
30 33 17 214 38 40
30 33 18 214 38 40
30 33 19 214 38 40
30 33 20 214 38 40
30 33 21 214 38 40
30 33 22 214 38 40
30 33 23 214 38 40
30 33 24 214 38 40
30 33 25 158 216 229
30 34 0 214 38 40
30 34 1 214 38 40
30 34 2 214 38 40
30 34 3 214 38 40
30 34 4 214 38 40
30 34 5 214 38 40
30 34 6 214 38 40
30 34 7 214 38 40
30 34 8 214 38 40
30 34 9 214 38 40
30 34 10 214 38 40
30 34 11 214 38 40
30 34 12 214 38 40
30 34 13 214 38 40
30 34 14 214 38 40
30 34 15 214 38 40
30 34 16 214 38 40
30 34 17 214 38 40
30 34 18 214 38 40
30 34 19 214 38 40
30 34 20 214 38 40
30 34 21 214 38 40
30 34 22 214 38 40
30 34 23 214 38 40
30 34 24 214 38 40
30 34 25 214 38 40
31 0 0 43 160 4
31 0 1 43 160 4
31 0 2 43 160 4
31 0 3 43 160 4
31 0 4 43 160 4
31 0 5 43 160 4
31 0 6 43 160 4
31 0 7 43 160 4
31 0 8 43 160 4
31 0 9 43 160 4
31 0 10 43 160 4
31 0 11 43 160 4
31 0 12 43 160 4
31 0 13 43 160 4
31 0 14 43 160 4
31 0 15 43 160 4
31 0 16 43 160 4
31 0 17 43 160 4
31 0 18 43 160 4
31 0 19 196 175 214
31 0 20 196 175 214
31 0 21 196 175 214
31 0 22 196 175 214
31 0 23 196 175 214
31 0 24 196 175 214
31 0 25 43 160 4
31 1 18 196 175 214
31 1 19 196 175 214
31 1 20 196 175 214
31 1 21 196 175 214
31 1 22 196 175 214
31 1 23 196 175 214
31 1 24 196 175 214
31 1 25 158 216 229
31 2 18 196 175 214
31 2 19 196 175 214
31 2 20 196 175 214
31 2 21 196 175 214
31 2 22 196 175 214
31 2 23 196 175 214
31 2 24 196 175 214
31 2 25 158 216 229
31 3 18 196 175 214
31 3 19 196 175 214
31 3 20 196 175 214
31 3 21 196 175 214
31 3 22 196 175 214
31 3 23 196 175 214
31 3 24 196 175 214
31 3 25 158 216 229
31 4 18 196 175 214
31 4 19 196 175 214
31 4 20 196 175 214
31 4 21 196 175 214
31 4 22 196 175 214
31 4 23 196 175 214
31 4 24 196 175 214
31 4 25 158 216 229
31 5 18 196 175 214
31 5 19 196 175 214
31 5 20 196 175 214
31 5 21 196 175 214
31 5 22 196 175 214
31 5 23 196 175 214
31 5 24 196 175 214
31 5 25 158 216 229
31 6 25 158 216 229
31 7 25 158 216 229
31 8 25 158 216 229
31 9 25 158 216 229
31 10 25 158 216 229
31 11 25 158 216 229
31 12 25 158 216 229
31 13 25 158 216 229
31 14 25 158 216 229
31 15 25 158 216 229
31 16 25 158 216 229
31 17 25 158 216 229
31 18 25 158 216 229
31 19 25 158 216 229
31 20 25 158 216 229
31 21 25 158 216 229
31 22 25 158 216 229
31 23 25 158 216 229
31 24 25 158 216 229
31 25 25 158 216 229
31 26 25 158 216 229
31 27 25 158 216 229
31 28 25 158 216 229
31 29 25 158 216 229
31 30 25 158 216 229
31 31 25 158 216 229
31 32 25 158 216 229
31 33 0 214 38 40
31 33 1 214 38 40
31 33 2 214 38 40
31 33 3 214 38 40
31 33 4 214 38 40
31 33 5 214 38 40
31 33 6 214 38 40
31 33 7 214 38 40
31 33 8 214 38 40
31 33 9 214 38 40
31 33 10 214 38 40
31 33 11 214 38 40
31 33 12 214 38 40
31 33 13 214 38 40
31 33 14 214 38 40
31 33 15 214 38 40
31 33 16 214 38 40
31 33 17 214 38 40
31 33 18 214 38 40
31 33 19 214 38 40
31 33 20 214 38 40
31 33 21 214 38 40
31 33 22 214 38 40
31 33 23 214 38 40
31 33 24 214 38 40
31 33 25 158 216 229
31 34 0 214 38 40
31 34 1 214 38 40
31 34 2 214 38 40
31 34 3 214 38 40
31 34 4 214 38 40
31 34 5 214 38 40
31 34 6 214 38 40
31 34 7 214 38 40
31 34 8 214 38 40
31 34 9 214 38 40
31 34 10 214 38 40
31 34 11 214 38 40
31 34 12 214 38 40
31 34 13 214 38 40
31 34 14 214 38 40
31 34 15 214 38 40
31 34 16 214 38 40
31 34 17 214 38 40
31 34 18 214 38 40
31 34 19 214 38 40
31 34 20 214 38 40
31 34 21 214 38 40
31 34 22 214 38 40
31 34 23 214 38 40
31 34 24 214 38 40
31 34 25 214 38 40
32 0 0 43 160 4
32 0 1 43 160 4
32 0 2 43 160 4
32 0 3 43 160 4
32 0 4 43 160 4
32 0 5 43 160 4
32 0 6 43 160 4
32 0 7 43 160 4
32 0 8 43 160 4
32 0 9 43 160 4
32 0 10 43 160 4
32 0 11 43 160 4
32 0 12 43 160 4
32 0 13 43 160 4
32 0 14 43 160 4
32 0 15 43 160 4
32 0 16 43 160 4
32 0 17 43 160 4
32 0 18 43 160 4
32 0 19 196 175 214
32 0 20 196 175 214
32 0 21 196 175 214
32 0 22 196 175 214
32 0 23 196 175 214
32 0 24 196 175 214
32 0 25 158 216 229
32 1 18 196 175 214
32 1 19 196 175 214
32 1 20 196 175 214
32 1 21 196 175 214
32 1 22 196 175 214
32 1 23 196 175 214
32 1 24 196 175 214
32 1 25 158 216 229
32 2 18 196 175 214
32 2 19 196 175 214
32 2 20 196 175 214
32 2 21 196 175 214
32 2 22 196 175 214
32 2 23 196 175 214
32 2 24 196 175 214
32 2 25 158 216 229
32 3 18 196 175 214
32 3 19 196 175 214
32 3 20 196 175 214
32 3 21 196 175 214
32 3 22 196 175 214
32 3 23 196 175 214
32 3 24 196 175 214
32 3 25 158 216 229
32 4 18 196 175 214
32 4 19 196 175 214
32 4 20 196 175 214
32 4 21 196 175 214
32 4 22 196 175 214
32 4 23 196 175 214
32 4 24 196 175 214
32 4 25 158 216 229
32 5 18 196 175 214
32 5 19 196 175 214
32 5 20 196 175 214
32 5 21 196 175 214
32 5 22 196 175 214
32 5 23 196 175 214
32 5 24 196 175 214
32 5 25 158 216 229
32 6 25 158 216 229
32 7 25 158 216 229
32 8 25 158 216 229
32 9 25 158 216 229
32 10 25 158 216 229
32 11 25 158 216 229
32 12 25 158 216 229
32 13 25 158 216 229
32 14 25 158 216 229
32 15 25 158 216 229
32 16 25 158 216 229
32 17 25 158 216 229
32 18 25 158 216 229
32 19 25 158 216 229
32 20 25 158 216 229
32 21 25 158 216 229
32 22 25 158 216 229
32 23 25 158 216 229
32 24 25 158 216 229
32 25 25 158 216 229
32 26 25 158 216 229
32 27 25 158 216 229
32 28 25 158 216 229
32 29 25 158 216 229
32 30 25 158 216 229
32 31 25 158 216 229
32 32 25 158 216 229
32 33 0 214 38 40
32 33 1 214 38 40
32 33 2 214 38 40
32 33 3 214 38 40
32 33 4 214 38 40
32 33 5 214 38 40
32 33 6 214 38 40
32 33 7 214 38 40
32 33 8 214 38 40
32 33 9 214 38 40
32 33 10 214 38 40
32 33 11 214 38 40
32 33 12 214 38 40
32 33 13 214 38 40
32 33 14 214 38 40
32 33 15 214 38 40
32 33 16 214 38 40
32 33 17 214 38 40
32 33 18 214 38 40
32 33 19 214 38 40
32 33 20 214 38 40
32 33 21 214 38 40
32 33 22 214 38 40
32 33 23 214 38 40
32 33 24 214 38 40
32 33 25 158 216 229
32 34 0 214 38 40
32 34 1 214 38 40
32 34 2 214 38 40
32 34 3 214 38 40
32 34 4 214 38 40
32 34 5 214 38 40
32 34 6 214 38 40
32 34 7 214 38 40
32 34 8 214 38 40
32 34 9 214 38 40
32 34 10 214 38 40
32 34 11 214 38 40
32 34 12 214 38 40
32 34 13 214 38 40
32 34 14 214 38 40
32 34 15 214 38 40
32 34 16 214 38 40
32 34 17 214 38 40
32 34 18 214 38 40
32 34 19 214 38 40
32 34 20 214 38 40
32 34 21 214 38 40
32 34 22 214 38 40
32 34 23 214 38 40
32 34 24 214 38 40
32 34 25 214 38 40
33 0 0 43 160 4
33 0 1 43 160 4
33 0 2 43 160 4
33 0 3 43 160 4
33 0 4 43 160 4
33 0 5 43 160 4
33 0 6 43 160 4
33 0 7 43 160 4
33 0 8 43 160 4
33 0 9 43 160 4
33 0 10 43 160 4
33 0 11 43 160 4
33 0 12 43 160 4
33 0 13 43 160 4
33 0 14 43 160 4
33 0 15 43 160 4
33 0 16 43 160 4
33 0 17 43 160 4
33 0 18 43 160 4
33 0 19 196 175 214
33 0 20 196 175 214
33 0 21 196 175 214
33 0 22 196 175 214
33 0 23 196 175 214
33 0 24 196 175 214
33 0 25 158 216 229
33 1 18 196 175 214
33 1 19 196 175 214
33 1 20 196 175 214
33 1 21 196 175 214
33 1 22 196 175 214
33 1 23 196 175 214
33 1 24 196 175 214
33 1 25 158 216 229
33 2 18 196 175 214
33 2 19 196 175 214
33 2 20 196 175 214
33 2 21 196 175 214
33 2 22 196 175 214
33 2 23 196 175 214
33 2 24 196 175 214
33 2 25 158 216 229
33 3 18 196 175 214
33 3 19 196 175 214
33 3 20 196 175 214
33 3 21 196 175 214
33 3 22 196 175 214
33 3 23 196 175 214
33 3 24 196 175 214
33 3 25 158 216 229
33 4 18 196 175 214
33 4 19 196 175 214
33 4 20 196 175 214
33 4 21 196 175 214
33 4 22 196 175 214
33 4 23 196 175 214
33 4 24 196 175 214
33 4 25 158 216 229
33 5 18 196 175 214
33 5 19 196 175 214
33 5 20 196 175 214
33 5 21 196 175 214
33 5 22 196 175 214
33 5 23 196 175 214
33 5 24 196 175 214
33 5 25 158 216 229
33 6 25 158 216 229
33 7 25 158 216 229
33 8 25 158 216 229
33 9 25 158 216 229
33 10 25 158 216 229
33 11 25 158 216 229
33 12 25 158 216 229
33 13 25 158 216 229
33 14 25 158 216 229
33 15 25 158 216 229
33 16 25 158 216 229
33 17 25 158 216 229
33 18 25 158 216 229
33 19 25 158 216 229
33 20 25 158 216 229
33 21 25 158 216 229
33 22 25 158 216 229
33 23 25 158 216 229
33 24 25 158 216 229
33 25 25 158 216 229
33 26 25 158 216 229
33 27 25 158 216 229
33 28 25 158 216 229
33 29 25 158 216 229
33 30 25 158 216 229
33 31 25 158 216 229
33 32 25 158 216 229
33 33 0 214 38 40
33 33 1 214 38 40
33 33 2 214 38 40
33 33 3 214 38 40
33 33 4 214 38 40
33 33 5 214 38 40
33 33 6 214 38 40
33 33 7 214 38 40
33 33 8 214 38 40
33 33 9 214 38 40
33 33 10 214 38 40
33 33 11 214 38 40
33 33 12 214 38 40
33 33 13 214 38 40
33 33 14 214 38 40
33 33 15 214 38 40
33 33 16 214 38 40
33 33 17 214 38 40
33 33 18 214 38 40
33 33 19 214 38 40
33 33 20 214 38 40
33 33 21 214 38 40
33 33 22 214 38 40
33 33 23 214 38 40
33 33 24 214 38 40
33 33 25 158 216 229
33 34 0 214 38 40
33 34 1 214 38 40
33 34 2 214 38 40
33 34 3 214 38 40
33 34 4 214 38 40
33 34 5 214 38 40
33 34 6 214 38 40
33 34 7 214 38 40
33 34 8 214 38 40
33 34 9 214 38 40
33 34 10 214 38 40
33 34 11 214 38 40
33 34 12 214 38 40
33 34 13 214 38 40
33 34 14 214 38 40
33 34 15 214 38 40
33 34 16 214 38 40
33 34 17 214 38 40
33 34 18 214 38 40
33 34 19 214 38 40
33 34 20 214 38 40
33 34 21 214 38 40
33 34 22 214 38 40
33 34 23 214 38 40
33 34 24 214 38 40
33 34 25 214 38 40
34 0 0 43 160 4
34 0 1 43 160 4
34 0 2 43 160 4
34 0 3 43 160 4
34 0 4 43 160 4
34 0 5 43 160 4
34 0 6 43 160 4
34 0 7 43 160 4
34 0 8 43 160 4
34 0 9 43 160 4
34 0 10 43 160 4
34 0 11 43 160 4
34 0 12 43 160 4
34 0 13 43 160 4
34 0 14 43 160 4
34 0 15 43 160 4
34 0 16 43 160 4
34 0 17 43 160 4
34 0 18 43 160 4
34 0 19 196 175 214
34 0 20 196 175 214
34 0 21 196 175 214
34 0 22 196 175 214
34 0 23 196 175 214
34 0 24 196 175 214
34 0 25 158 216 229
34 1 18 196 175 214
34 1 19 196 175 214
34 1 20 196 175 214
34 1 21 196 175 214
34 1 22 196 175 214
34 1 23 196 175 214
34 1 24 196 175 214
34 1 25 158 216 229
34 2 18 196 175 214
34 2 19 196 175 214
34 2 20 196 175 214
34 2 21 196 175 214
34 2 22 196 175 214
34 2 23 196 175 214
34 2 24 196 175 214
34 2 25 158 216 229
34 3 18 196 175 214
34 3 19 196 175 214
34 3 20 196 175 214
34 3 21 196 175 214
34 3 22 196 175 214
34 3 23 196 175 214
34 3 24 196 175 214
34 3 25 158 216 229
34 4 18 196 175 214
34 4 19 196 175 214
34 4 20 196 175 214
34 4 21 196 175 214
34 4 22 196 175 214
34 4 23 196 175 214
34 4 24 196 175 214
34 4 25 158 216 229
34 5 18 196 175 214
34 5 19 196 175 214
34 5 20 196 175 214
34 5 21 196 175 214
34 5 22 196 175 214
34 5 23 196 175 214
34 5 24 196 175 214
34 5 25 158 216 229
34 6 25 158 216 229
34 7 25 158 216 229
34 8 25 158 216 229
34 9 25 158 216 229
34 10 25 158 216 229
34 11 25 158 216 229
34 12 25 158 216 229
34 13 25 158 216 229
34 14 25 158 216 229
34 15 25 158 216 229
34 16 25 158 216 229
34 17 25 158 216 229
34 18 25 158 216 229
34 19 25 158 216 229
34 20 25 158 216 229
34 21 25 158 216 229
34 22 25 158 216 229
34 23 25 158 216 229
34 24 25 158 216 229
34 25 25 158 216 229
34 26 25 158 216 229
34 27 25 158 216 229
34 28 25 158 216 229
34 29 25 158 216 229
34 30 25 158 216 229
34 31 25 158 216 229
34 32 25 158 216 229
34 33 0 214 38 40
34 33 1 214 38 40
34 33 2 214 38 40
34 33 3 214 38 40
34 33 4 214 38 40
34 33 5 214 38 40
34 33 6 214 38 40
34 33 7 214 38 40
34 33 8 214 38 40
34 33 9 214 38 40
34 33 10 214 38 40
34 33 11 214 38 40
34 33 12 214 38 40
34 33 13 214 38 40
34 33 14 214 38 40
34 33 15 214 38 40
34 33 16 214 38 40
34 33 17 214 38 40
34 33 18 214 38 40
34 33 19 214 38 40
34 33 20 214 38 40
34 33 21 214 38 40
34 33 22 214 38 40
34 33 23 214 38 40
34 33 24 214 38 40
34 33 25 158 216 229
34 34 0 214 38 40
34 34 1 214 38 40
34 34 2 214 38 40
34 34 3 214 38 40
34 34 4 214 38 40
34 34 5 214 38 40
34 34 6 214 38 40
34 34 7 214 38 40
34 34 8 214 38 40
34 34 9 214 38 40
34 34 10 214 38 40
34 34 11 214 38 40
34 34 12 214 38 40
34 34 13 214 38 40
34 34 14 214 38 40
34 34 15 214 38 40
34 34 16 214 38 40
34 34 17 214 38 40
34 34 18 214 38 40
34 34 19 214 38 40
34 34 20 214 38 40
34 34 21 214 38 40
34 34 22 214 38 40
34 34 23 214 38 40
34 34 24 214 38 40
34 34 25 214 38 40
35 0 0 43 160 4
35 0 1 43 160 4
35 0 2 43 160 4
35 0 3 43 160 4
35 0 4 43 160 4
35 0 5 43 160 4
35 0 6 43 160 4
35 0 7 43 160 4
35 0 8 43 160 4
35 0 9 43 160 4
35 0 10 43 160 4
35 0 11 43 160 4
35 0 12 43 160 4
35 0 13 43 160 4
35 0 14 43 160 4
35 0 15 43 160 4
35 0 16 43 160 4
35 0 17 43 160 4
35 0 18 43 160 4
35 0 19 196 175 214
35 0 20 196 175 214
35 0 21 196 175 214
35 0 22 196 175 214
35 0 23 196 175 214
35 0 24 196 175 214
35 0 25 158 216 229
35 1 18 196 175 214
35 1 19 196 175 214
35 1 20 196 175 214
35 1 21 196 175 214
35 1 22 196 175 214
35 1 23 196 175 214
35 1 24 196 175 214
35 1 25 158 216 229
35 2 18 196 175 214
35 2 19 196 175 214
35 2 20 196 175 214
35 2 21 196 175 214
35 2 22 196 175 214
35 2 23 196 175 214
35 2 24 196 175 214
35 2 25 158 216 229
35 3 18 196 175 214
35 3 19 196 175 214
35 3 20 196 175 214
35 3 21 196 175 214
35 3 22 196 175 214
35 3 23 196 175 214
35 3 24 196 175 214
35 3 25 158 216 229
35 4 18 196 175 214
35 4 19 196 175 214
35 4 20 196 175 214
35 4 21 196 175 214
35 4 22 196 175 214
35 4 23 196 175 214
35 4 24 196 175 214
35 4 25 158 216 229
35 5 18 196 175 214
35 5 19 196 175 214
35 5 20 196 175 214
35 5 21 196 175 214
35 5 22 196 175 214
35 5 23 196 175 214
35 5 24 196 175 214
35 5 25 158 216 229
35 6 25 158 216 229
35 7 25 158 216 229
35 8 25 158 216 229
35 9 25 158 216 229
35 10 25 158 216 229
35 11 25 158 216 229
35 12 25 158 216 229
35 13 25 158 216 229
35 14 25 158 216 229
35 15 25 158 216 229
35 16 25 158 216 229
35 17 25 158 216 229
35 18 25 158 216 229
35 19 25 158 216 229
35 20 25 158 216 229
35 21 25 158 216 229
35 22 25 158 216 229
35 23 25 158 216 229
35 24 25 158 216 229
35 25 25 158 216 229
35 26 25 158 216 229
35 27 25 158 216 229
35 28 25 158 216 229
35 29 25 158 216 229
35 30 25 158 216 229
35 31 25 158 216 229
35 32 25 158 216 229
35 33 0 214 38 40
35 33 1 214 38 40
35 33 2 214 38 40
35 33 3 214 38 40
35 33 4 214 38 40
35 33 5 214 38 40
35 33 6 214 38 40
35 33 7 214 38 40
35 33 8 214 38 40
35 33 9 214 38 40
35 33 10 214 38 40
35 33 11 214 38 40
35 33 12 214 38 40
35 33 13 214 38 40
35 33 14 214 38 40
35 33 15 214 38 40
35 33 16 214 38 40
35 33 17 214 38 40
35 33 18 214 38 40
35 33 19 214 38 40
35 33 20 214 38 40
35 33 21 214 38 40
35 33 22 214 38 40
35 33 23 214 38 40
35 33 24 214 38 40
35 33 25 158 216 229
35 34 0 214 38 40
35 34 1 214 38 40
35 34 2 214 38 40
35 34 3 214 38 40
35 34 4 214 38 40
35 34 5 214 38 40
35 34 6 214 38 40
35 34 7 214 38 40
35 34 8 214 38 40
35 34 9 214 38 40
35 34 10 214 38 40
35 34 11 214 38 40
35 34 12 214 38 40
35 34 13 214 38 40
35 34 14 214 38 40
35 34 15 214 38 40
35 34 16 214 38 40
35 34 17 214 38 40
35 34 18 214 38 40
35 34 19 214 38 40
35 34 20 214 38 40
35 34 21 214 38 40
35 34 22 214 38 40
35 34 23 214 38 40
35 34 24 214 38 40
35 34 25 214 38 40
36 0 0 43 160 4
36 0 1 43 160 4
36 0 2 43 160 4
36 0 3 43 160 4
36 0 4 43 160 4
36 0 5 43 160 4
36 0 6 43 160 4
36 0 7 43 160 4
36 0 8 43 160 4
36 0 9 43 160 4
36 0 10 43 160 4
36 0 11 43 160 4
36 0 12 43 160 4
36 0 13 43 160 4
36 0 14 43 160 4
36 0 15 43 160 4
36 0 16 43 160 4
36 0 17 43 160 4
36 0 18 43 160 4
36 0 19 43 160 4
36 0 20 43 160 4
36 0 21 43 160 4
36 0 22 43 160 4
36 0 23 43 160 4
36 0 24 43 160 4
36 0 25 158 216 229
36 1 19 196 175 214
36 1 20 196 175 214
36 1 21 196 175 214
36 1 22 196 175 214
36 1 23 196 175 214
36 1 24 196 175 214
36 1 25 158 216 229
36 2 19 196 175 214
36 2 20 196 175 214
36 2 21 196 175 214
36 2 22 196 175 214
36 2 23 196 175 214
36 2 24 196 175 214
36 2 25 158 216 229
36 3 19 196 175 214
36 3 20 196 175 214
36 3 21 196 175 214
36 3 22 196 175 214
36 3 23 196 175 214
36 3 24 196 175 214
36 3 25 158 216 229
36 4 19 196 175 214
36 4 20 196 175 214
36 4 21 196 175 214
36 4 22 196 175 214
36 4 23 196 175 214
36 4 24 196 175 214
36 4 25 158 216 229
36 5 19 196 175 214
36 5 20 196 175 214
36 5 21 196 175 214
36 5 22 196 175 214
36 5 23 196 175 214
36 5 24 196 175 214
36 5 25 158 216 229
36 6 25 158 216 229
36 7 25 158 216 229
36 8 25 158 216 229
36 9 25 158 216 229
36 10 25 158 216 229
36 11 25 158 216 229
36 12 25 158 216 229
36 13 25 158 216 229
36 14 25 158 216 229
36 15 25 158 216 229
36 16 25 158 216 229
36 17 25 158 216 229
36 18 25 158 216 229
36 19 25 158 216 229
36 20 25 158 216 229
36 21 25 158 216 229
36 22 25 158 216 229
36 23 25 158 216 229
36 24 25 158 216 229
36 25 25 158 216 229
36 26 25 158 216 229
36 27 25 158 216 229
36 28 25 158 216 229
36 29 25 158 216 229
36 30 25 158 216 229
36 31 25 158 216 229
36 32 25 158 216 229
36 33 0 214 38 40
36 33 1 214 38 40
36 33 2 214 38 40
36 33 3 214 38 40
36 33 4 214 38 40
36 33 5 214 38 40
36 33 6 214 38 40
36 33 7 214 38 40
36 33 8 214 38 40
36 33 9 214 38 40
36 33 10 214 38 40
36 33 11 214 38 40
36 33 12 214 38 40
36 33 13 214 38 40
36 33 14 214 38 40
36 33 15 214 38 40
36 33 16 214 38 40
36 33 17 214 38 40
36 33 18 214 38 40
36 33 19 214 38 40
36 33 20 214 38 40
36 33 21 214 38 40
36 33 22 214 38 40
36 33 23 214 38 40
36 33 24 214 38 40
36 33 25 158 216 229
36 34 0 214 38 40
36 34 1 214 38 40
36 34 2 214 38 40
36 34 3 214 38 40
36 34 4 214 38 40
36 34 5 214 38 40
36 34 6 214 38 40
36 34 7 214 38 40
36 34 8 214 38 40
36 34 9 214 38 40
36 34 10 214 38 40
36 34 11 214 38 40
36 34 12 214 38 40
36 34 13 214 38 40
36 34 14 214 38 40
36 34 15 214 38 40
36 34 16 214 38 40
36 34 17 214 38 40
36 34 18 214 38 40
36 34 19 214 38 40
36 34 20 214 38 40
36 34 21 214 38 40
36 34 22 214 38 40
36 34 23 214 38 40
36 34 24 214 38 40
36 34 25 214 38 40
37 0 0 43 160 4
37 0 1 43 160 4
37 0 2 43 160 4
37 0 3 43 160 4
37 0 4 43 160 4
37 0 5 43 160 4
37 0 6 43 160 4
37 0 7 43 160 4
37 0 8 43 160 4
37 0 9 43 160 4
37 0 10 43 160 4
37 0 11 43 160 4
37 0 12 43 160 4
37 0 13 43 160 4
37 0 14 43 160 4
37 0 15 43 160 4
37 0 16 43 160 4
37 0 17 43 160 4
37 0 18 43 160 4
37 0 19 43 160 4
37 0 20 43 160 4
37 0 21 43 160 4
37 0 22 43 160 4
37 0 23 43 160 4
37 0 24 43 160 4
37 0 25 158 216 229
37 1 24 158 216 229
37 1 25 158 216 229
37 2 24 158 216 229
37 2 25 158 216 229
37 3 24 158 216 229
37 3 25 158 216 229
37 4 24 158 216 229
37 4 25 158 216 229
37 5 24 158 216 229
37 5 25 158 216 229
37 6 24 158 216 229
37 6 25 158 216 229
37 7 24 158 216 229
37 7 25 158 216 229
37 8 24 158 216 229
37 8 25 158 216 229
37 9 24 158 216 229
37 9 25 158 216 229
37 10 24 158 216 229
37 10 25 158 216 229
37 11 24 158 216 229
37 11 25 158 216 229
37 12 24 158 216 229
37 12 25 158 216 229
37 13 24 158 216 229
37 13 25 158 216 229
37 14 24 158 216 229
37 14 25 158 216 229
37 15 24 158 216 229
37 15 25 158 216 229
37 16 24 158 216 229
37 16 25 158 216 229
37 17 24 158 216 229
37 17 25 158 216 229
37 18 24 158 216 229
37 18 25 158 216 229
37 19 24 158 216 229
37 19 25 158 216 229
37 20 24 158 216 229
37 20 25 158 216 229
37 21 24 158 216 229
37 21 25 158 216 229
37 22 24 158 216 229
37 22 25 158 216 229
37 23 24 158 216 229
37 23 25 158 216 229
37 24 24 158 216 229
37 24 25 158 216 229
37 25 24 158 216 229
37 25 25 158 216 229
37 26 24 158 216 229
37 26 25 158 216 229
37 27 24 158 216 229
37 27 25 158 216 229
37 28 24 158 216 229
37 28 25 158 216 229
37 29 24 158 216 229
37 29 25 158 216 229
37 30 24 158 216 229
37 30 25 158 216 229
37 31 24 158 216 229
37 31 25 158 216 229
37 32 24 158 216 229
37 32 25 158 216 229
37 33 0 214 38 40
37 33 1 214 38 40
37 33 2 214 38 40
37 33 3 214 38 40
37 33 4 214 38 40
37 33 5 214 38 40
37 33 6 214 38 40
37 33 7 214 38 40
37 33 8 214 38 40
37 33 9 214 38 40
37 33 10 214 38 40
37 33 11 214 38 40
37 33 12 214 38 40
37 33 13 214 38 40
37 33 14 214 38 40
37 33 15 214 38 40
37 33 16 214 38 40
37 33 17 214 38 40
37 33 18 214 38 40
37 33 19 214 38 40
37 33 20 214 38 40
37 33 21 214 38 40
37 33 22 214 38 40
37 33 23 214 38 40
37 33 24 214 38 40
37 33 25 158 216 229
37 34 0 214 38 40
37 34 1 214 38 40
37 34 2 214 38 40
37 34 3 214 38 40
37 34 4 214 38 40
37 34 5 214 38 40
37 34 6 214 38 40
37 34 7 214 38 40
37 34 8 214 38 40
37 34 9 214 38 40
37 34 10 214 38 40
37 34 11 214 38 40
37 34 12 214 38 40
37 34 13 214 38 40
37 34 14 214 38 40
37 34 15 214 38 40
37 34 16 214 38 40
37 34 17 214 38 40
37 34 18 214 38 40
37 34 19 214 38 40
37 34 20 214 38 40
37 34 21 214 38 40
37 34 22 214 38 40
37 34 23 214 38 40
37 34 24 214 38 40
38 0 0 43 160 4
38 0 1 43 160 4
38 0 2 43 160 4
38 0 3 43 160 4
38 0 4 43 160 4
38 0 5 43 160 4
38 0 6 43 160 4
38 0 7 43 160 4
38 0 8 43 160 4
38 0 9 43 160 4
38 0 10 43 160 4
38 0 11 43 160 4
38 0 12 43 160 4
38 0 13 43 160 4
38 0 14 43 160 4
38 0 15 43 160 4
38 0 16 43 160 4
38 0 17 43 160 4
38 0 18 43 160 4
38 0 19 43 160 4
38 0 20 43 160 4
38 0 21 43 160 4
38 0 22 43 160 4
38 0 23 43 160 4
38 0 24 43 160 4
38 0 25 158 216 229
38 1 24 158 216 229
38 1 25 158 216 229
38 2 24 158 216 229
38 2 25 158 216 229
38 3 24 158 216 229
38 3 25 158 216 229
38 4 24 158 216 229
38 4 25 158 216 229
38 5 24 158 216 229
38 5 25 158 216 229
38 6 24 158 216 229
38 6 25 158 216 229
38 7 24 158 216 229
38 7 25 158 216 229
38 8 24 158 216 229
38 8 25 158 216 229
38 9 24 158 216 229
38 9 25 158 216 229
38 10 24 158 216 229
38 10 25 158 216 229
38 11 24 158 216 229
38 11 25 158 216 229
38 12 24 158 216 229
38 12 25 158 216 229
38 13 24 158 216 229
38 13 25 158 216 229
38 14 24 158 216 229
38 14 25 158 216 229
38 15 24 158 216 229
38 15 25 158 216 229
38 16 24 158 216 229
38 16 25 158 216 229
38 17 24 158 216 229
38 17 25 158 216 229
38 18 24 158 216 229
38 18 25 158 216 229
38 19 24 158 216 229
38 19 25 158 216 229
38 20 24 158 216 229
38 20 25 158 216 229
38 21 24 158 216 229
38 21 25 158 216 229
38 22 24 158 216 229
38 22 25 158 216 229
38 23 24 158 216 229
38 23 25 158 216 229
38 24 24 158 216 229
38 24 25 158 216 229
38 25 24 158 216 229
38 25 25 158 216 229
38 26 24 158 216 229
38 26 25 158 216 229
38 27 24 158 216 229
38 27 25 158 216 229
38 28 24 158 216 229
38 28 25 158 216 229
38 29 24 158 216 229
38 29 25 158 216 229
38 30 24 158 216 229
38 30 25 158 216 229
38 31 24 158 216 229
38 31 25 158 216 229
38 32 24 158 216 229
38 32 25 158 216 229
38 33 0 214 38 40
38 33 1 214 38 40
38 33 2 214 38 40
38 33 3 214 38 40
38 33 4 214 38 40
38 33 5 214 38 40
38 33 6 214 38 40
38 33 7 214 38 40
38 33 8 214 38 40
38 33 9 214 38 40
38 33 10 214 38 40
38 33 11 214 38 40
38 33 12 214 38 40
38 33 13 214 38 40
38 33 14 214 38 40
38 33 15 214 38 40
38 33 16 214 38 40
38 33 17 214 38 40
38 33 18 214 38 40
38 33 19 214 38 40
38 33 20 214 38 40
38 33 21 214 38 40
38 33 22 214 38 40
38 33 23 214 38 40
38 33 24 158 216 229
38 33 25 158 216 229
38 34 0 214 38 40
38 34 1 214 38 40
38 34 2 214 38 40
38 34 3 214 38 40
38 34 4 214 38 40
38 34 5 214 38 40
38 34 6 214 38 40
38 34 7 214 38 40
38 34 8 214 38 40
38 34 9 214 38 40
38 34 10 214 38 40
38 34 11 214 38 40
38 34 12 214 38 40
38 34 13 214 38 40
38 34 14 214 38 40
38 34 15 214 38 40
38 34 16 214 38 40
38 34 17 214 38 40
38 34 18 214 38 40
38 34 19 214 38 40
38 34 20 214 38 40
38 34 21 214 38 40
38 34 22 214 38 40
38 34 23 214 38 40
38 34 24 214 38 40
39 0 0 43 160 4
39 0 1 43 160 4
39 0 2 43 160 4
39 0 3 43 160 4
39 0 4 43 160 4
39 0 5 43 160 4
39 0 6 43 160 4
39 0 7 43 160 4
39 0 8 43 160 4
39 0 9 43 160 4
39 0 10 43 160 4
39 0 11 43 160 4
39 0 12 43 160 4
39 0 13 43 160 4
39 0 14 43 160 4
39 0 15 43 160 4
39 0 16 43 160 4
39 0 17 43 160 4
39 0 18 43 160 4
39 0 19 43 160 4
39 0 20 43 160 4
39 0 21 43 160 4
39 0 22 43 160 4
39 0 23 43 160 4
39 0 24 43 160 4
39 0 25 158 216 229
39 1 24 158 216 229
39 1 25 158 216 229
39 2 24 158 216 229
39 2 25 158 216 229
39 3 24 158 216 229
39 3 25 158 216 229
39 4 24 158 216 229
39 4 25 158 216 229
39 5 24 158 216 229
39 5 25 158 216 229
39 6 24 158 216 229
39 6 25 158 216 229
39 7 24 158 216 229
39 7 25 158 216 229
39 8 24 158 216 229
39 8 25 158 216 229
39 9 24 158 216 229
39 9 25 158 216 229
39 10 24 158 216 229
39 10 25 158 216 229
39 11 24 158 216 229
39 11 25 158 216 229
39 12 24 158 216 229
39 12 25 158 216 229
39 13 24 158 216 229
39 13 25 158 216 229
39 14 24 158 216 229
39 14 25 158 216 229
39 15 24 158 216 229
39 15 25 158 216 229
39 16 24 158 216 229
39 16 25 158 216 229
39 17 24 158 216 229
39 17 25 158 216 229
39 18 24 158 216 229
39 18 25 158 216 229
39 19 24 158 216 229
39 19 25 158 216 229
39 20 24 158 216 229
39 20 25 158 216 229
39 21 24 158 216 229
39 21 25 158 216 229
39 22 24 158 216 229
39 22 25 158 216 229
39 23 24 158 216 229
39 23 25 158 216 229
39 24 24 158 216 229
39 24 25 158 216 229
39 25 24 158 216 229
39 25 25 158 216 229
39 26 24 158 216 229
39 26 25 158 216 229
39 27 24 158 216 229
39 27 25 158 216 229
39 28 24 158 216 229
39 28 25 158 216 229
39 29 24 158 216 229
39 29 25 158 216 229
39 30 24 158 216 229
39 30 25 158 216 229
39 31 24 158 216 229
39 31 25 158 216 229
39 32 24 158 216 229
39 32 25 158 216 229
39 33 0 214 38 40
39 33 1 214 38 40
39 33 2 214 38 40
39 33 3 214 38 40
39 33 4 214 38 40
39 33 5 214 38 40
39 33 6 214 38 40
39 33 7 214 38 40
39 33 8 214 38 40
39 33 9 214 38 40
39 33 10 214 38 40
39 33 11 214 38 40
39 33 12 214 38 40
39 33 13 214 38 40
39 33 14 214 38 40
39 33 15 214 38 40
39 33 16 214 38 40
39 33 17 214 38 40
39 33 18 214 38 40
39 33 19 214 38 40
39 33 20 214 38 40
39 33 21 214 38 40
39 33 22 214 38 40
39 33 23 214 38 40
39 33 24 158 216 229
39 33 25 158 216 229
39 34 0 214 38 40
39 34 1 214 38 40
39 34 2 214 38 40
39 34 3 214 38 40
39 34 4 214 38 40
39 34 5 214 38 40
39 34 6 214 38 40
39 34 7 214 38 40
39 34 8 214 38 40
39 34 9 214 38 40
39 34 10 214 38 40
39 34 11 214 38 40
39 34 12 214 38 40
39 34 13 214 38 40
39 34 14 214 38 40
39 34 15 214 38 40
39 34 16 214 38 40
39 34 17 214 38 40
39 34 18 214 38 40
39 34 19 214 38 40
39 34 20 214 38 40
39 34 21 214 38 40
39 34 22 214 38 40
39 34 23 214 38 40
39 34 24 214 38 40
40 0 0 43 160 4
40 0 1 43 160 4
40 0 2 43 160 4
40 0 3 43 160 4
40 0 4 43 160 4
40 0 5 43 160 4
40 0 6 43 160 4
40 0 7 43 160 4
40 0 8 43 160 4
40 0 9 43 160 4
40 0 10 43 160 4
40 0 11 43 160 4
40 0 12 43 160 4
40 0 13 43 160 4
40 0 14 43 160 4
40 0 15 43 160 4
40 0 16 43 160 4
40 0 17 43 160 4
40 0 18 43 160 4
40 0 19 43 160 4
40 0 20 43 160 4
40 0 21 43 160 4
40 0 22 43 160 4
40 0 23 43 160 4
40 0 24 43 160 4
40 0 25 158 216 229
40 1 24 158 216 229
40 1 25 158 216 229
40 2 24 158 216 229
40 2 25 158 216 229
40 3 24 158 216 229
40 3 25 158 216 229
40 4 24 158 216 229
40 4 25 158 216 229
40 5 24 158 216 229
40 5 25 158 216 229
40 6 24 158 216 229
40 6 25 158 216 229
40 7 24 158 216 229
40 7 25 158 216 229
40 8 24 158 216 229
40 8 25 158 216 229
40 9 24 158 216 229
40 9 25 158 216 229
40 10 24 158 216 229
40 10 25 158 216 229
40 11 24 158 216 229
40 11 25 158 216 229
40 12 24 158 216 229
40 12 25 158 216 229
40 13 24 158 216 229
40 13 25 158 216 229
40 14 24 158 216 229
40 14 25 158 216 229
40 15 24 158 216 229
40 15 25 158 216 229
40 16 24 158 216 229
40 16 25 158 216 229
40 17 24 158 216 229
40 17 25 158 216 229
40 18 24 158 216 229
40 18 25 158 216 229
40 19 24 158 216 229
40 19 25 158 216 229
40 20 24 158 216 229
40 20 25 158 216 229
40 21 24 158 216 229
40 21 25 158 216 229
40 22 24 158 216 229
40 22 25 158 216 229
40 23 24 158 216 229
40 23 25 158 216 229
40 24 24 158 216 229
40 24 25 158 216 229
40 25 24 158 216 229
40 25 25 158 216 229
40 26 24 158 216 229
40 26 25 158 216 229
40 27 24 158 216 229
40 27 25 158 216 229
40 28 24 158 216 229
40 28 25 158 216 229
40 29 24 158 216 229
40 29 25 158 216 229
40 30 24 158 216 229
40 30 25 158 216 229
40 31 24 158 216 229
40 31 25 158 216 229
40 32 24 158 216 229
40 32 25 158 216 229
40 33 0 214 38 40
40 33 1 214 38 40
40 33 2 214 38 40
40 33 3 214 38 40
40 33 4 214 38 40
40 33 5 214 38 40
40 33 6 214 38 40
40 33 7 214 38 40
40 33 8 214 38 40
40 33 9 214 38 40
40 33 10 214 38 40
40 33 11 214 38 40
40 33 12 214 38 40
40 33 13 214 38 40
40 33 14 214 38 40
40 33 15 214 38 40
40 33 16 214 38 40
40 33 17 214 38 40
40 33 18 214 38 40
40 33 19 214 38 40
40 33 20 214 38 40
40 33 21 214 38 40
40 33 22 214 38 40
40 33 23 214 38 40
40 33 24 158 216 229
40 33 25 158 216 229
40 34 0 214 38 40
40 34 1 214 38 40
40 34 2 214 38 40
40 34 3 214 38 40
40 34 4 214 38 40
40 34 5 214 38 40
40 34 6 214 38 40
40 34 7 214 38 40
40 34 8 214 38 40
40 34 9 214 38 40
40 34 10 214 38 40
40 34 11 214 38 40
40 34 12 214 38 40
40 34 13 214 38 40
40 34 14 214 38 40
40 34 15 214 38 40
40 34 16 214 38 40
40 34 17 214 38 40
40 34 18 214 38 40
40 34 19 214 38 40
40 34 20 214 38 40
40 34 21 214 38 40
40 34 22 214 38 40
40 34 23 214 38 40
40 34 24 214 38 40
41 0 0 43 160 4
41 0 1 43 160 4
41 0 2 43 160 4
41 0 3 43 160 4
41 0 4 43 160 4
41 0 5 43 160 4
41 0 6 43 160 4
41 0 7 43 160 4
41 0 8 43 160 4
41 0 9 43 160 4
41 0 10 43 160 4
41 0 11 43 160 4
41 0 12 43 160 4
41 0 13 43 160 4
41 0 14 43 160 4
41 0 15 43 160 4
41 0 16 43 160 4
41 0 17 43 160 4
41 0 18 43 160 4
41 0 19 43 160 4
41 0 20 43 160 4
41 0 21 43 160 4
41 0 22 43 160 4
41 0 23 43 160 4
41 0 24 43 160 4
41 0 25 158 216 229
41 1 24 158 216 229
41 1 25 158 216 229
41 2 24 158 216 229
41 2 25 158 216 229
41 3 24 158 216 229
41 3 25 158 216 229
41 4 24 158 216 229
41 4 25 158 216 229
41 5 24 158 216 229
41 5 25 158 216 229
41 6 24 158 216 229
41 6 25 158 216 229
41 7 24 158 216 229
41 7 25 158 216 229
41 8 24 158 216 229
41 8 25 158 216 229
41 9 24 158 216 229
41 9 25 158 216 229
41 10 24 158 216 229
41 10 25 158 216 229
41 11 24 158 216 229
41 11 25 158 216 229
41 12 24 158 216 229
41 12 25 158 216 229
41 13 24 158 216 229
41 13 25 158 216 229
41 14 24 158 216 229
41 14 25 158 216 229
41 15 24 158 216 229
41 15 25 158 216 229
41 16 24 158 216 229
41 16 25 158 216 229
41 17 24 158 216 229
41 17 25 158 216 229
41 18 24 158 216 229
41 18 25 158 216 229
41 19 24 158 216 229
41 19 25 158 216 229
41 20 24 158 216 229
41 20 25 158 216 229
41 21 24 158 216 229
41 21 25 158 216 229
41 22 24 158 216 229
41 22 25 158 216 229
41 23 24 158 216 229
41 23 25 158 216 229
41 24 24 158 216 229
41 24 25 158 216 229
41 25 24 158 216 229
41 25 25 158 216 229
41 26 24 158 216 229
41 26 25 158 216 229
41 27 24 158 216 229
41 27 25 158 216 229
41 28 24 158 216 229
41 28 25 158 216 229
41 29 24 158 216 229
41 29 25 158 216 229
41 30 24 158 216 229
41 30 25 158 216 229
41 31 24 158 216 229
41 31 25 158 216 229
41 32 24 158 216 229
41 32 25 158 216 229
41 33 0 214 38 40
41 33 1 214 38 40
41 33 2 214 38 40
41 33 3 214 38 40
41 33 4 214 38 40
41 33 5 214 38 40
41 33 6 214 38 40
41 33 7 214 38 40
41 33 8 214 38 40
41 33 9 214 38 40
41 33 10 214 38 40
41 33 11 214 38 40
41 33 12 214 38 40
41 33 13 214 38 40
41 33 14 214 38 40
41 33 15 214 38 40
41 33 16 214 38 40
41 33 17 214 38 40
41 33 18 214 38 40
41 33 19 214 38 40
41 33 20 214 38 40
41 33 21 214 38 40
41 33 22 214 38 40
41 33 23 214 38 40
41 33 24 158 216 229
41 33 25 158 216 229
41 34 0 214 38 40
41 34 1 214 38 40
41 34 2 214 38 40
41 34 3 214 38 40
41 34 4 214 38 40
41 34 5 214 38 40
41 34 6 214 38 40
41 34 7 214 38 40
41 34 8 214 38 40
41 34 9 214 38 40
41 34 10 214 38 40
41 34 11 214 38 40
41 34 12 214 38 40
41 34 13 214 38 40
41 34 14 214 38 40
41 34 15 214 38 40
41 34 16 214 38 40
41 34 17 214 38 40
41 34 18 214 38 40
41 34 19 214 38 40
41 34 20 214 38 40
41 34 21 214 38 40
41 34 22 214 38 40
41 34 23 214 38 40
41 34 24 214 38 40
42 0 0 43 160 4
42 0 1 43 160 4
42 0 2 43 160 4
42 0 3 43 160 4
42 0 4 43 160 4
42 0 5 43 160 4
42 0 6 43 160 4
42 0 7 43 160 4
42 0 8 43 160 4
42 0 9 43 160 4
42 0 10 43 160 4
42 0 11 43 160 4
42 0 12 43 160 4
42 0 13 43 160 4
42 0 14 43 160 4
42 0 15 43 160 4
42 0 16 43 160 4
42 0 17 43 160 4
42 0 18 43 160 4
42 0 19 43 160 4
42 0 20 43 160 4
42 0 21 43 160 4
42 0 22 43 160 4
42 0 23 43 160 4
42 0 24 43 160 4
42 1 24 158 216 229
42 1 25 158 216 229
42 2 24 158 216 229
42 2 25 158 216 229
42 3 24 158 216 229
42 3 25 158 216 229
42 4 24 158 216 229
42 4 25 158 216 229
42 5 24 158 216 229
42 5 25 158 216 229
42 6 24 158 216 229
42 6 25 158 216 229
42 7 24 158 216 229
42 7 25 158 216 229
42 8 24 158 216 229
42 8 25 158 216 229
42 9 24 158 216 229
42 9 25 158 216 229
42 10 24 158 216 229
42 10 25 158 216 229
42 11 24 158 216 229
42 11 25 158 216 229
42 12 24 158 216 229
42 12 25 158 216 229
42 13 24 158 216 229
42 13 25 158 216 229
42 14 24 158 216 229
42 14 25 158 216 229
42 15 24 158 216 229
42 15 25 158 216 229
42 16 24 158 216 229
42 16 25 158 216 229
42 17 24 158 216 229
42 17 25 158 216 229
42 18 24 158 216 229
42 18 25 158 216 229
42 19 24 158 216 229
42 19 25 158 216 229
42 20 24 158 216 229
42 20 25 158 216 229
42 21 24 158 216 229
42 21 25 158 216 229
42 22 24 158 216 229
42 22 25 158 216 229
42 23 24 158 216 229
42 23 25 158 216 229
42 24 24 158 216 229
42 24 25 158 216 229
42 25 24 158 216 229
42 25 25 158 216 229
42 26 24 158 216 229
42 26 25 158 216 229
42 27 24 158 216 229
42 27 25 158 216 229
42 28 24 158 216 229
42 28 25 158 216 229
42 29 24 158 216 229
42 29 25 158 216 229
42 30 24 158 216 229
42 30 25 158 216 229
42 31 24 158 216 229
42 31 25 158 216 229
42 32 24 158 216 229
42 32 25 158 216 229
42 33 0 214 38 40
42 33 1 214 38 40
42 33 2 214 38 40
42 33 3 214 38 40
42 33 4 214 38 40
42 33 5 214 38 40
42 33 6 214 38 40
42 33 7 214 38 40
42 33 8 214 38 40
42 33 9 214 38 40
42 33 10 214 38 40
42 33 11 214 38 40
42 33 12 214 38 40
42 33 13 214 38 40
42 33 14 214 38 40
42 33 15 214 38 40
42 33 16 214 38 40
42 33 17 214 38 40
42 33 18 214 38 40
42 33 19 214 38 40
42 33 20 214 38 40
42 33 21 214 38 40
42 33 22 214 38 40
42 33 23 214 38 40
42 33 24 158 216 229
42 33 25 158 216 229
42 34 0 214 38 40
42 34 1 214 38 40
42 34 2 214 38 40
42 34 3 214 38 40
42 34 4 214 38 40
42 34 5 214 38 40
42 34 6 214 38 40
42 34 7 214 38 40
42 34 8 214 38 40
42 34 9 214 38 40
42 34 10 214 38 40
42 34 11 214 38 40
42 34 12 214 38 40
42 34 13 214 38 40
42 34 14 214 38 40
42 34 15 214 38 40
42 34 16 214 38 40
42 34 17 214 38 40
42 34 18 214 38 40
42 34 19 214 38 40
42 34 20 214 38 40
42 34 21 214 38 40
42 34 22 214 38 40
42 34 23 214 38 40
42 34 24 214 38 40
43 0 0 43 160 4
43 0 1 43 160 4
43 0 2 43 160 4
43 0 3 43 160 4
43 0 4 43 160 4
43 0 5 43 160 4
43 0 6 43 160 4
43 0 7 43 160 4
43 0 8 43 160 4
43 0 9 43 160 4
43 0 10 43 160 4
43 0 11 43 160 4
43 0 12 43 160 4
43 0 13 43 160 4
43 0 14 43 160 4
43 0 15 43 160 4
43 0 16 43 160 4
43 0 17 43 160 4
43 0 18 43 160 4
43 0 19 43 160 4
43 0 20 43 160 4
43 0 21 43 160 4
43 0 22 43 160 4
43 0 23 43 160 4
43 0 24 43 160 4
43 1 24 158 216 229
43 2 24 158 216 229
43 3 24 158 216 229
43 4 24 158 216 229
43 5 24 158 216 229
43 6 24 158 216 229
43 7 24 158 216 229
43 8 24 158 216 229
43 9 24 158 216 229
43 10 24 158 216 229
43 11 24 158 216 229
43 12 24 158 216 229
43 13 24 158 216 229
43 14 24 158 216 229
43 15 24 158 216 229
43 16 24 158 216 229
43 17 24 158 216 229
43 18 24 158 216 229
43 19 24 158 216 229
43 20 24 158 216 229
43 21 24 158 216 229
43 22 24 158 216 229
43 23 24 158 216 229
43 24 24 158 216 229
43 25 24 158 216 229
43 26 24 158 216 229
43 27 24 158 216 229
43 28 24 158 216 229
43 29 24 158 216 229
43 30 24 158 216 229
43 31 24 158 216 229
43 32 24 158 216 229
43 33 0 214 38 40
43 33 1 214 38 40
43 33 2 214 38 40
43 33 3 214 38 40
43 33 4 214 38 40
43 33 5 214 38 40
43 33 6 214 38 40
43 33 7 214 38 40
43 33 8 214 38 40
43 33 9 214 38 40
43 33 10 214 38 40
43 33 11 214 38 40
43 33 12 214 38 40
43 33 13 214 38 40
43 33 14 214 38 40
43 33 15 214 38 40
43 33 16 214 38 40
43 33 17 214 38 40
43 33 18 214 38 40
43 33 19 214 38 40
43 33 20 214 38 40
43 33 21 214 38 40
43 33 22 214 38 40
43 33 23 214 38 40
43 33 24 158 216 229
43 34 0 214 38 40
43 34 1 214 38 40
43 34 2 214 38 40
43 34 3 214 38 40
43 34 4 214 38 40
43 34 5 214 38 40
43 34 6 214 38 40
43 34 7 214 38 40
43 34 8 214 38 40
43 34 9 214 38 40
43 34 10 214 38 40
43 34 11 214 38 40
43 34 12 214 38 40
43 34 13 214 38 40
43 34 14 214 38 40
43 34 15 214 38 40
43 34 16 214 38 40
43 34 17 214 38 40
43 34 18 214 38 40
43 34 19 214 38 40
43 34 20 214 38 40
43 34 21 214 38 40
43 34 22 214 38 40
43 34 23 214 38 40
43 34 24 214 38 40
44 0 0 43 160 4
44 0 1 43 160 4
44 0 2 43 160 4
44 0 3 43 160 4
44 0 4 43 160 4
44 0 5 43 160 4
44 0 6 43 160 4
44 0 7 43 160 4
44 0 8 43 160 4
44 0 9 43 160 4
44 0 10 43 160 4
44 0 11 43 160 4
44 0 12 43 160 4
44 0 13 43 160 4
44 0 14 43 160 4
44 0 15 43 160 4
44 0 16 43 160 4
44 0 17 43 160 4
44 0 18 43 160 4
44 0 19 43 160 4
44 0 20 43 160 4
44 0 21 43 160 4
44 0 22 43 160 4
44 0 23 43 160 4
44 0 24 43 160 4
44 1 24 158 216 229
44 2 24 158 216 229
44 3 24 158 216 229
44 4 24 158 216 229
44 5 24 158 216 229
44 6 24 158 216 229
44 7 24 158 216 229
44 8 24 158 216 229
44 9 24 158 216 229
44 10 24 158 216 229
44 11 24 158 216 229
44 12 24 158 216 229
44 13 24 158 216 229
44 14 24 158 216 229
44 15 24 158 216 229
44 16 24 158 216 229
44 17 24 158 216 229
44 18 24 158 216 229
44 19 24 158 216 229
44 20 24 158 216 229
44 21 24 158 216 229
44 22 24 158 216 229
44 23 24 158 216 229
44 24 24 158 216 229
44 25 24 158 216 229
44 26 24 158 216 229
44 27 24 158 216 229
44 28 24 158 216 229
44 29 24 158 216 229
44 30 24 158 216 229
44 31 24 158 216 229
44 32 24 158 216 229
44 33 0 214 38 40
44 33 1 214 38 40
44 33 2 214 38 40
44 33 3 214 38 40
44 33 4 214 38 40
44 33 5 214 38 40
44 33 6 214 38 40
44 33 7 214 38 40
44 33 8 214 38 40
44 33 9 214 38 40
44 33 10 214 38 40
44 33 11 214 38 40
44 33 12 214 38 40
44 33 13 214 38 40
44 33 14 214 38 40
44 33 15 214 38 40
44 33 16 214 38 40
44 33 17 214 38 40
44 33 18 214 38 40
44 33 19 214 38 40
44 33 20 214 38 40
44 33 21 214 38 40
44 33 22 214 38 40
44 33 23 214 38 40
44 33 24 158 216 229
44 34 0 214 38 40
44 34 1 214 38 40
44 34 2 214 38 40
44 34 3 214 38 40
44 34 4 214 38 40
44 34 5 214 38 40
44 34 6 214 38 40
44 34 7 214 38 40
44 34 8 214 38 40
44 34 9 214 38 40
44 34 10 214 38 40
44 34 11 214 38 40
44 34 12 214 38 40
44 34 13 214 38 40
44 34 14 214 38 40
44 34 15 214 38 40
44 34 16 214 38 40
44 34 17 214 38 40
44 34 18 214 38 40
44 34 19 214 38 40
44 34 20 214 38 40
44 34 21 214 38 40
44 34 22 214 38 40
44 34 23 214 38 40
44 34 24 214 38 40
45 0 0 43 160 4
45 0 1 43 160 4
45 0 2 43 160 4
45 0 3 43 160 4
45 0 4 43 160 4
45 0 5 43 160 4
45 0 6 43 160 4
45 0 7 43 160 4
45 0 8 43 160 4
45 0 9 43 160 4
45 0 10 43 160 4
45 0 11 43 160 4
45 0 12 43 160 4
45 0 13 43 160 4
45 0 14 43 160 4
45 0 15 43 160 4
45 0 16 43 160 4
45 0 17 43 160 4
45 0 18 43 160 4
45 0 19 43 160 4
45 0 20 43 160 4
45 0 21 43 160 4
45 0 22 43 160 4
45 0 23 43 160 4
45 0 24 43 160 4
45 1 24 158 216 229
45 2 24 158 216 229
45 3 24 158 216 229
45 4 24 158 216 229
45 5 24 158 216 229
45 6 24 158 216 229
45 7 24 158 216 229
45 8 24 158 216 229
45 9 24 158 216 229
45 10 24 158 216 229
45 11 24 158 216 229
45 12 24 158 216 229
45 13 24 158 216 229
45 14 24 158 216 229
45 15 24 158 216 229
45 16 24 158 216 229
45 17 24 158 216 229
45 18 24 158 216 229
45 19 24 158 216 229
45 20 24 158 216 229
45 21 24 158 216 229
45 22 24 158 216 229
45 23 24 158 216 229
45 24 24 158 216 229
45 25 24 158 216 229
45 26 24 158 216 229
45 27 24 158 216 229
45 28 24 158 216 229
45 29 24 158 216 229
45 30 24 158 216 229
45 31 24 158 216 229
45 32 24 158 216 229
45 33 0 214 38 40
45 33 1 214 38 40
45 33 2 214 38 40
45 33 3 214 38 40
45 33 4 214 38 40
45 33 5 214 38 40
45 33 6 214 38 40
45 33 7 214 38 40
45 33 8 214 38 40
45 33 9 214 38 40
45 33 10 214 38 40
45 33 11 214 38 40
45 33 12 214 38 40
45 33 13 214 38 40
45 33 14 214 38 40
45 33 15 214 38 40
45 33 16 214 38 40
45 33 17 214 38 40
45 33 18 214 38 40
45 33 19 214 38 40
45 33 20 214 38 40
45 33 21 214 38 40
45 33 22 214 38 40
45 33 23 214 38 40
45 33 24 158 216 229
45 34 0 214 38 40
45 34 1 214 38 40
45 34 2 214 38 40
45 34 3 214 38 40
45 34 4 214 38 40
45 34 5 214 38 40
45 34 6 214 38 40
45 34 7 214 38 40
45 34 8 214 38 40
45 34 9 214 38 40
45 34 10 214 38 40
45 34 11 214 38 40
45 34 12 214 38 40
45 34 13 214 38 40
45 34 14 214 38 40
45 34 15 214 38 40
45 34 16 214 38 40
45 34 17 214 38 40
45 34 18 214 38 40
45 34 19 214 38 40
45 34 20 214 38 40
45 34 21 214 38 40
45 34 22 214 38 40
45 34 23 214 38 40
45 34 24 214 38 40
46 0 0 43 160 4
46 0 1 43 160 4
46 0 2 43 160 4
46 0 3 43 160 4
46 0 4 43 160 4
46 0 5 43 160 4
46 0 6 43 160 4
46 0 7 43 160 4
46 0 8 43 160 4
46 0 9 43 160 4
46 0 10 43 160 4
46 0 11 43 160 4
46 0 12 43 160 4
46 0 13 43 160 4
46 0 14 43 160 4
46 0 15 43 160 4
46 0 16 43 160 4
46 0 17 43 160 4
46 0 18 43 160 4
46 0 19 43 160 4
46 0 20 43 160 4
46 0 21 43 160 4
46 0 22 43 160 4
46 0 23 43 160 4
46 0 24 43 160 4
46 1 24 158 216 229
46 2 24 158 216 229
46 3 24 158 216 229
46 4 24 158 216 229
46 5 24 158 216 229
46 6 24 158 216 229
46 7 24 158 216 229
46 8 24 158 216 229
46 9 24 158 216 229
46 10 24 158 216 229
46 11 24 158 216 229
46 12 24 158 216 229
46 13 24 158 216 229
46 14 24 158 216 229
46 15 24 158 216 229
46 16 24 158 216 229
46 17 24 158 216 229
46 18 24 158 216 229
46 19 24 158 216 229
46 20 24 158 216 229
46 21 24 158 216 229
46 22 24 158 216 229
46 23 24 158 216 229
46 24 24 158 216 229
46 25 24 158 216 229
46 26 24 158 216 229
46 27 24 158 216 229
46 28 24 158 216 229
46 29 24 158 216 229
46 30 24 158 216 229
46 31 24 158 216 229
46 32 24 158 216 229
46 33 0 214 38 40
46 33 1 214 38 40
46 33 2 214 38 40
46 33 3 214 38 40
46 33 4 214 38 40
46 33 5 214 38 40
46 33 6 214 38 40
46 33 7 214 38 40
46 33 8 214 38 40
46 33 9 214 38 40
46 33 10 214 38 40
46 33 11 214 38 40
46 33 12 214 38 40
46 33 13 214 38 40
46 33 14 214 38 40
46 33 15 214 38 40
46 33 16 214 38 40
46 33 17 214 38 40
46 33 18 214 38 40
46 33 19 214 38 40
46 33 20 214 38 40
46 33 21 214 38 40
46 33 22 214 38 40
46 33 23 214 38 40
46 33 24 158 216 229
46 34 0 214 38 40
46 34 1 214 38 40
46 34 2 214 38 40
46 34 3 214 38 40
46 34 4 214 38 40
46 34 5 214 38 40
46 34 6 214 38 40
46 34 7 214 38 40
46 34 8 214 38 40
46 34 9 214 38 40
46 34 10 214 38 40
46 34 11 214 38 40
46 34 12 214 38 40
46 34 13 214 38 40
46 34 14 214 38 40
46 34 15 214 38 40
46 34 16 214 38 40
46 34 17 214 38 40
46 34 18 214 38 40
46 34 19 214 38 40
46 34 20 214 38 40
46 34 21 214 38 40
46 34 22 214 38 40
46 34 23 214 38 40
46 34 24 214 38 40
47 0 0 43 160 4
47 0 1 43 160 4
47 0 2 43 160 4
47 0 3 43 160 4
47 0 4 43 160 4
47 0 5 43 160 4
47 0 6 43 160 4
47 0 7 43 160 4
47 0 8 43 160 4
47 0 9 43 160 4
47 0 10 43 160 4
47 0 11 43 160 4
47 0 12 43 160 4
47 0 13 43 160 4
47 0 14 43 160 4
47 0 15 43 160 4
47 0 16 43 160 4
47 0 17 43 160 4
47 0 18 43 160 4
47 0 19 43 160 4
47 0 20 43 160 4
47 0 21 43 160 4
47 0 22 43 160 4
47 0 23 43 160 4
47 0 24 43 160 4
47 1 24 158 216 229
47 2 24 158 216 229
47 3 24 158 216 229
47 4 24 158 216 229
47 5 24 158 216 229
47 6 24 158 216 229
47 7 24 158 216 229
47 8 24 158 216 229
47 9 24 158 216 229
47 10 24 158 216 229
47 11 24 158 216 229
47 12 24 158 216 229
47 13 24 158 216 229
47 14 24 158 216 229
47 15 24 158 216 229
47 16 24 158 216 229
47 17 24 158 216 229
47 18 24 158 216 229
47 19 24 158 216 229
47 20 24 158 216 229
47 21 24 158 216 229
47 22 24 158 216 229
47 23 24 158 216 229
47 24 24 158 216 229
47 25 24 158 216 229
47 26 24 158 216 229
47 27 24 158 216 229
47 28 24 158 216 229
47 29 24 158 216 229
47 30 24 158 216 229
47 31 24 158 216 229
47 32 24 158 216 229
47 33 0 214 38 40
47 33 1 214 38 40
47 33 2 214 38 40
47 33 3 214 38 40
47 33 4 214 38 40
47 33 5 214 38 40
47 33 6 214 38 40
47 33 7 214 38 40
47 33 8 214 38 40
47 33 9 214 38 40
47 33 10 214 38 40
47 33 11 214 38 40
47 33 12 214 38 40
47 33 13 214 38 40
47 33 14 214 38 40
47 33 15 214 38 40
47 33 16 214 38 40
47 33 17 214 38 40
47 33 18 214 38 40
47 33 19 214 38 40
47 33 20 214 38 40
47 33 21 214 38 40
47 33 22 214 38 40
47 33 23 214 38 40
47 33 24 158 216 229
47 34 0 214 38 40
47 34 1 214 38 40
47 34 2 214 38 40
47 34 3 214 38 40
47 34 4 214 38 40
47 34 5 214 38 40
47 34 6 214 38 40
47 34 7 214 38 40
47 34 8 214 38 40
47 34 9 214 38 40
47 34 10 214 38 40
47 34 11 214 38 40
47 34 12 214 38 40
47 34 13 214 38 40
47 34 14 214 38 40
47 34 15 214 38 40
47 34 16 214 38 40
47 34 17 214 38 40
47 34 18 214 38 40
47 34 19 214 38 40
47 34 20 214 38 40
47 34 21 214 38 40
47 34 22 214 38 40
47 34 23 214 38 40
47 34 24 214 38 40
48 0 0 43 160 4
48 0 1 43 160 4
48 0 2 43 160 4
48 0 3 43 160 4
48 0 4 43 160 4
48 0 5 43 160 4
48 0 6 43 160 4
48 0 7 43 160 4
48 0 8 43 160 4
48 0 9 43 160 4
48 0 10 43 160 4
48 0 11 43 160 4
48 0 12 43 160 4
48 0 13 43 160 4
48 0 14 43 160 4
48 0 15 43 160 4
48 0 16 43 160 4
48 0 17 43 160 4
48 0 18 43 160 4
48 0 19 43 160 4
48 0 20 43 160 4
48 0 21 43 160 4
48 0 22 43 160 4
48 0 23 43 160 4
48 0 24 43 160 4
48 1 24 158 216 229
48 2 24 158 216 229
48 3 24 158 216 229
48 4 24 158 216 229
48 5 24 158 216 229
48 6 24 158 216 229
48 7 24 158 216 229
48 8 24 158 216 229
48 9 24 158 216 229
48 10 24 158 216 229
48 11 24 158 216 229
48 12 24 158 216 229
48 13 24 158 216 229
48 14 24 158 216 229
48 15 24 158 216 229
48 16 24 158 216 229
48 17 24 158 216 229
48 18 24 158 216 229
48 19 24 158 216 229
48 20 24 158 216 229
48 21 24 158 216 229
48 22 24 158 216 229
48 23 24 158 216 229
48 24 24 158 216 229
48 25 24 158 216 229
48 26 24 158 216 229
48 27 24 158 216 229
48 28 24 158 216 229
48 29 24 158 216 229
48 30 24 158 216 229
48 31 24 158 216 229
48 32 24 158 216 229
48 33 0 214 38 40
48 33 1 214 38 40
48 33 2 214 38 40
48 33 3 214 38 40
48 33 4 214 38 40
48 33 5 214 38 40
48 33 6 214 38 40
48 33 7 214 38 40
48 33 8 214 38 40
48 33 9 214 38 40
48 33 10 214 38 40
48 33 11 214 38 40
48 33 12 214 38 40
48 33 13 214 38 40
48 33 14 214 38 40
48 33 15 214 38 40
48 33 16 214 38 40
48 33 17 214 38 40
48 33 18 214 38 40
48 33 19 214 38 40
48 33 20 214 38 40
48 33 21 214 38 40
48 33 22 214 38 40
48 33 23 214 38 40
48 33 24 158 216 229
48 34 0 214 38 40
48 34 1 214 38 40
48 34 2 214 38 40
48 34 3 214 38 40
48 34 4 214 38 40
48 34 5 214 38 40
48 34 6 214 38 40
48 34 7 214 38 40
48 34 8 214 38 40
48 34 9 214 38 40
48 34 10 214 38 40
48 34 11 214 38 40
48 34 12 214 38 40
48 34 13 214 38 40
48 34 14 214 38 40
48 34 15 214 38 40
48 34 16 214 38 40
48 34 17 214 38 40
48 34 18 214 38 40
48 34 19 214 38 40
48 34 20 214 38 40
48 34 21 214 38 40
48 34 22 214 38 40
48 34 23 214 38 40
48 34 24 214 38 40
49 0 0 43 160 4
49 0 1 43 160 4
49 0 2 43 160 4
49 0 3 43 160 4
49 0 4 43 160 4
49 0 5 43 160 4
49 0 6 43 160 4
49 0 7 43 160 4
49 0 8 43 160 4
49 0 9 43 160 4
49 0 10 43 160 4
49 0 11 43 160 4
49 0 12 43 160 4
49 0 13 43 160 4
49 0 14 43 160 4
49 0 15 43 160 4
49 0 16 43 160 4
49 0 17 43 160 4
49 0 18 43 160 4
49 0 19 43 160 4
49 0 20 43 160 4
49 0 21 43 160 4
49 0 22 43 160 4
49 0 23 43 160 4
49 0 24 43 160 4
49 1 24 158 216 229
49 2 24 158 216 229
49 3 24 158 216 229
49 4 24 158 216 229
49 5 24 158 216 229
49 6 24 158 216 229
49 7 24 158 216 229
49 8 24 158 216 229
49 9 24 158 216 229
49 10 24 158 216 229
49 11 24 158 216 229
49 12 24 158 216 229
49 13 24 158 216 229
49 14 24 158 216 229
49 15 24 158 216 229
49 16 24 158 216 229
49 17 24 158 216 229
49 18 24 158 216 229
49 19 24 158 216 229
49 20 24 158 216 229
49 21 24 158 216 229
49 22 24 158 216 229
49 23 24 158 216 229
49 24 24 158 216 229
49 25 24 158 216 229
49 26 24 158 216 229
49 27 24 158 216 229
49 28 24 158 216 229
49 29 24 158 216 229
49 30 24 158 216 229
49 31 24 158 216 229
49 32 24 158 216 229
49 33 0 214 38 40
49 33 1 214 38 40
49 33 2 214 38 40
49 33 3 214 38 40
49 33 4 214 38 40
49 33 5 214 38 40
49 33 6 214 38 40
49 33 7 214 38 40
49 33 8 214 38 40
49 33 9 214 38 40
49 33 10 214 38 40
49 33 11 214 38 40
49 33 12 214 38 40
49 33 13 214 38 40
49 33 14 214 38 40
49 33 15 214 38 40
49 33 16 214 38 40
49 33 17 214 38 40
49 33 18 214 38 40
49 33 19 214 38 40
49 33 20 214 38 40
49 33 21 214 38 40
49 33 22 214 38 40
49 33 23 214 38 40
49 33 24 158 216 229
49 34 0 214 38 40
49 34 1 214 38 40
49 34 2 214 38 40
49 34 3 214 38 40
49 34 4 214 38 40
49 34 5 214 38 40
49 34 6 214 38 40
49 34 7 214 38 40
49 34 8 214 38 40
49 34 9 214 38 40
49 34 10 214 38 40
49 34 11 214 38 40
49 34 12 214 38 40
49 34 13 214 38 40
49 34 14 214 38 40
49 34 15 214 38 40
49 34 16 214 38 40
49 34 17 214 38 40
49 34 18 214 38 40
49 34 19 214 38 40
49 34 20 214 38 40
49 34 21 214 38 40
49 34 22 214 38 40
49 34 23 214 38 40
49 34 24 214 38 40
50 0 0 43 160 4
50 0 1 43 160 4
50 0 2 43 160 4
50 0 3 43 160 4
50 0 4 43 160 4
50 0 5 43 160 4
50 0 6 43 160 4
50 0 7 43 160 4
50 0 8 43 160 4
50 0 9 43 160 4
50 0 10 43 160 4
50 0 11 43 160 4
50 0 12 43 160 4
50 0 13 43 160 4
50 0 14 43 160 4
50 0 15 43 160 4
50 0 16 43 160 4
50 0 17 43 160 4
50 0 18 43 160 4
50 0 19 43 160 4
50 0 20 43 160 4
50 0 21 43 160 4
50 0 22 43 160 4
50 0 23 43 160 4
50 0 24 43 160 4
50 1 24 158 216 229
50 2 24 158 216 229
50 3 24 158 216 229
50 4 24 158 216 229
50 5 24 158 216 229
50 6 24 158 216 229
50 7 24 158 216 229
50 8 24 158 216 229
50 9 24 158 216 229
50 10 24 158 216 229
50 11 24 158 216 229
50 12 24 158 216 229
50 13 24 158 216 229
50 14 24 158 216 229
50 15 24 158 216 229
50 16 24 158 216 229
50 17 24 158 216 229
50 18 24 158 216 229
50 19 24 158 216 229
50 20 24 158 216 229
50 21 24 158 216 229
50 22 24 158 216 229
50 23 24 158 216 229
50 24 24 158 216 229
50 25 24 158 216 229
50 26 24 158 216 229
50 27 24 158 216 229
50 28 24 158 216 229
50 29 24 158 216 229
50 30 24 158 216 229
50 31 24 158 216 229
50 32 24 158 216 229
50 33 0 214 38 40
50 33 1 214 38 40
50 33 2 214 38 40
50 33 3 214 38 40
50 33 4 214 38 40
50 33 5 214 38 40
50 33 6 214 38 40
50 33 7 214 38 40
50 33 8 214 38 40
50 33 9 214 38 40
50 33 10 214 38 40
50 33 11 214 38 40
50 33 12 214 38 40
50 33 13 214 38 40
50 33 14 214 38 40
50 33 15 214 38 40
50 33 16 214 38 40
50 33 17 214 38 40
50 33 18 214 38 40
50 33 19 214 38 40
50 33 20 214 38 40
50 33 21 214 38 40
50 33 22 214 38 40
50 33 23 214 38 40
50 33 24 158 216 229
50 34 0 214 38 40
50 34 1 214 38 40
50 34 2 214 38 40
50 34 3 214 38 40
50 34 4 214 38 40
50 34 5 214 38 40
50 34 6 214 38 40
50 34 7 214 38 40
50 34 8 214 38 40
50 34 9 214 38 40
50 34 10 214 38 40
50 34 11 214 38 40
50 34 12 214 38 40
50 34 13 214 38 40
50 34 14 214 38 40
50 34 15 214 38 40
50 34 16 214 38 40
50 34 17 214 38 40
50 34 18 214 38 40
50 34 19 214 38 40
50 34 20 214 38 40
50 34 21 214 38 40
50 34 22 214 38 40
50 34 23 214 38 40
50 34 24 214 38 40
51 0 0 43 160 4
51 0 1 43 160 4
51 0 2 43 160 4
51 0 3 43 160 4
51 0 4 43 160 4
51 0 5 43 160 4
51 0 6 43 160 4
51 0 7 43 160 4
51 0 8 43 160 4
51 0 9 43 160 4
51 0 10 43 160 4
51 0 11 43 160 4
51 0 12 43 160 4
51 0 13 43 160 4
51 0 14 43 160 4
51 0 15 43 160 4
51 0 16 43 160 4
51 0 17 43 160 4
51 0 18 43 160 4
51 0 19 43 160 4
51 0 20 43 160 4
51 0 21 43 160 4
51 0 22 43 160 4
51 0 23 43 160 4
51 0 24 43 160 4
51 1 24 158 216 229
51 2 24 158 216 229
51 3 24 158 216 229
51 4 24 158 216 229
51 5 24 158 216 229
51 6 24 158 216 229
51 7 24 158 216 229
51 8 24 158 216 229
51 9 24 158 216 229
51 10 24 158 216 229
51 11 24 158 216 229
51 12 24 158 216 229
51 13 24 158 216 229
51 14 24 158 216 229
51 15 24 158 216 229
51 16 24 158 216 229
51 17 24 158 216 229
51 18 24 158 216 229
51 19 24 158 216 229
51 20 24 158 216 229
51 21 24 158 216 229
51 22 24 158 216 229
51 23 24 158 216 229
51 24 24 158 216 229
51 25 24 158 216 229
51 26 24 158 216 229
51 27 24 158 216 229
51 28 24 158 216 229
51 29 24 158 216 229
51 30 24 158 216 229
51 31 24 158 216 229
51 32 24 158 216 229
51 33 0 214 38 40
51 33 1 214 38 40
51 33 2 214 38 40
51 33 3 214 38 40
51 33 4 214 38 40
51 33 5 214 38 40
51 33 6 214 38 40
51 33 7 214 38 40
51 33 8 214 38 40
51 33 9 214 38 40
51 33 10 214 38 40
51 33 11 214 38 40
51 33 12 214 38 40
51 33 13 214 38 40
51 33 14 214 38 40
51 33 15 214 38 40
51 33 16 214 38 40
51 33 17 214 38 40
51 33 18 214 38 40
51 33 19 214 38 40
51 33 20 214 38 40
51 33 21 214 38 40
51 33 22 214 38 40
51 33 23 214 38 40
51 33 24 158 216 229
51 34 0 214 38 40
51 34 1 214 38 40
51 34 2 214 38 40
51 34 3 214 38 40
51 34 4 214 38 40
51 34 5 214 38 40
51 34 6 214 38 40
51 34 7 214 38 40
51 34 8 214 38 40
51 34 9 214 38 40
51 34 10 214 38 40
51 34 11 214 38 40
51 34 12 214 38 40
51 34 13 214 38 40
51 34 14 214 38 40
51 34 15 214 38 40
51 34 16 214 38 40
51 34 17 214 38 40
51 34 18 214 38 40
51 34 19 214 38 40
51 34 20 214 38 40
51 34 21 214 38 40
51 34 22 214 38 40
51 34 23 214 38 40
51 34 24 214 38 40
52 0 0 43 160 4
52 0 1 43 160 4
52 0 2 43 160 4
52 0 3 43 160 4
52 0 4 43 160 4
52 0 5 43 160 4
52 0 6 43 160 4
52 0 7 43 160 4
52 0 8 43 160 4
52 0 9 43 160 4
52 0 10 43 160 4
52 0 11 43 160 4
52 0 12 43 160 4
52 0 13 43 160 4
52 0 14 43 160 4
52 0 15 43 160 4
52 0 16 43 160 4
52 0 17 43 160 4
52 0 18 43 160 4
52 0 19 43 160 4
52 0 20 43 160 4
52 0 21 43 160 4
52 0 22 43 160 4
52 0 23 43 160 4
52 0 24 43 160 4
52 1 0 158 216 229
52 1 1 158 216 229
52 1 2 158 216 229
52 1 3 158 216 229
52 1 4 158 216 229
52 1 5 158 216 229
52 1 6 158 216 229
52 1 7 158 216 229
52 1 24 158 216 229
52 2 0 158 216 229
52 2 1 158 216 229
52 2 2 158 216 229
52 2 3 158 216 229
52 2 4 158 216 229
52 2 5 158 216 229
52 2 6 158 216 229
52 2 7 158 216 229
52 2 24 158 216 229
52 3 0 158 216 229
52 3 1 158 216 229
52 3 2 158 216 229
52 3 3 158 216 229
52 3 4 158 216 229
52 3 5 158 216 229
52 3 6 158 216 229
52 3 7 158 216 229
52 3 24 158 216 229
52 4 0 158 216 229
52 4 1 158 216 229
52 4 2 158 216 229
52 4 3 158 216 229
52 4 4 158 216 229
52 4 5 158 216 229
52 4 6 158 216 229
52 4 7 158 216 229
52 4 24 158 216 229
52 5 0 158 216 229
52 5 1 158 216 229
52 5 2 158 216 229
52 5 3 158 216 229
52 5 4 158 216 229
52 5 5 158 216 229
52 5 6 158 216 229
52 5 7 158 216 229
52 5 24 158 216 229
52 6 0 158 216 229
52 6 1 158 216 229
52 6 2 158 216 229
52 6 3 158 216 229
52 6 4 158 216 229
52 6 5 158 216 229
52 6 6 158 216 229
52 6 7 158 216 229
52 6 24 158 216 229
52 7 0 158 216 229
52 7 1 158 216 229
52 7 2 158 216 229
52 7 3 158 216 229
52 7 4 158 216 229
52 7 5 158 216 229
52 7 6 158 216 229
52 7 7 158 216 229
52 7 24 158 216 229
52 8 0 158 216 229
52 8 1 158 216 229
52 8 2 158 216 229
52 8 3 158 216 229
52 8 4 158 216 229
52 8 5 158 216 229
52 8 6 158 216 229
52 8 7 158 216 229
52 8 24 158 216 229
52 9 0 158 216 229
52 9 1 158 216 229
52 9 2 158 216 229
52 9 3 158 216 229
52 9 4 158 216 229
52 9 5 158 216 229
52 9 6 158 216 229
52 9 7 158 216 229
52 9 24 158 216 229
52 10 0 158 216 229
52 10 1 158 216 229
52 10 2 158 216 229
52 10 3 158 216 229
52 10 4 158 216 229
52 10 5 158 216 229
52 10 6 158 216 229
52 10 7 158 216 229
52 10 24 158 216 229
52 11 0 158 216 229
52 11 1 158 216 229
52 11 2 158 216 229
52 11 3 158 216 229
52 11 4 158 216 229
52 11 5 158 216 229
52 11 6 158 216 229
52 11 7 158 216 229
52 11 24 158 216 229
52 12 0 158 216 229
52 12 1 158 216 229
52 12 2 158 216 229
52 12 3 158 216 229
52 12 4 158 216 229
52 12 5 158 216 229
52 12 6 158 216 229
52 12 7 158 216 229
52 12 24 158 216 229
52 13 0 158 216 229
52 13 1 158 216 229
52 13 2 158 216 229
52 13 3 158 216 229
52 13 4 158 216 229
52 13 5 158 216 229
52 13 6 158 216 229
52 13 7 158 216 229
52 13 24 158 216 229
52 14 0 158 216 229
52 14 1 158 216 229
52 14 2 158 216 229
52 14 3 158 216 229
52 14 4 158 216 229
52 14 5 158 216 229
52 14 6 158 216 229
52 14 7 158 216 229
52 14 24 158 216 229
52 15 0 158 216 229
52 15 1 158 216 229
52 15 2 158 216 229
52 15 3 158 216 229
52 15 4 158 216 229
52 15 5 158 216 229
52 15 6 158 216 229
52 15 7 158 216 229
52 15 24 158 216 229
52 16 0 158 216 229
52 16 1 158 216 229
52 16 2 158 216 229
52 16 3 158 216 229
52 16 4 158 216 229
52 16 5 158 216 229
52 16 6 158 216 229
52 16 7 158 216 229
52 16 24 158 216 229
52 17 0 158 216 229
52 17 1 158 216 229
52 17 2 158 216 229
52 17 3 158 216 229
52 17 4 158 216 229
52 17 5 158 216 229
52 17 6 158 216 229
52 17 7 158 216 229
52 17 24 158 216 229
52 18 0 158 216 229
52 18 1 158 216 229
52 18 2 158 216 229
52 18 3 158 216 229
52 18 4 158 216 229
52 18 5 158 216 229
52 18 6 158 216 229
52 18 7 158 216 229
52 18 24 158 216 229
52 19 0 158 216 229
52 19 1 158 216 229
52 19 2 158 216 229
52 19 3 158 216 229
52 19 4 158 216 229
52 19 5 158 216 229
52 19 6 158 216 229
52 19 7 158 216 229
52 19 24 158 216 229
52 20 0 158 216 229
52 20 1 158 216 229
52 20 2 158 216 229
52 20 3 158 216 229
52 20 4 158 216 229
52 20 5 158 216 229
52 20 6 158 216 229
52 20 7 158 216 229
52 20 24 158 216 229
52 21 0 158 216 229
52 21 1 158 216 229
52 21 2 158 216 229
52 21 3 158 216 229
52 21 4 158 216 229
52 21 5 158 216 229
52 21 6 158 216 229
52 21 7 158 216 229
52 21 24 158 216 229
52 22 0 158 216 229
52 22 1 158 216 229
52 22 2 158 216 229
52 22 3 158 216 229
52 22 4 158 216 229
52 22 5 158 216 229
52 22 6 158 216 229
52 22 7 158 216 229
52 22 24 158 216 229
52 23 0 158 216 229
52 23 1 158 216 229
52 23 2 158 216 229
52 23 3 158 216 229
52 23 4 158 216 229
52 23 5 158 216 229
52 23 6 158 216 229
52 23 7 158 216 229
52 23 24 158 216 229
52 24 0 158 216 229
52 24 1 158 216 229
52 24 2 158 216 229
52 24 3 158 216 229
52 24 4 158 216 229
52 24 5 158 216 229
52 24 6 158 216 229
52 24 7 158 216 229
52 24 24 158 216 229
52 25 0 158 216 229
52 25 1 158 216 229
52 25 2 158 216 229
52 25 3 158 216 229
52 25 4 158 216 229
52 25 5 158 216 229
52 25 6 158 216 229
52 25 7 158 216 229
52 25 24 158 216 229
52 26 0 158 216 229
52 26 1 158 216 229
52 26 2 158 216 229
52 26 3 158 216 229
52 26 4 158 216 229
52 26 5 158 216 229
52 26 6 158 216 229
52 26 7 158 216 229
52 26 24 158 216 229
52 27 0 158 216 229
52 27 1 158 216 229
52 27 2 158 216 229
52 27 3 158 216 229
52 27 4 158 216 229
52 27 5 158 216 229
52 27 6 158 216 229
52 27 7 158 216 229
52 27 24 158 216 229
52 28 0 158 216 229
52 28 1 158 216 229
52 28 2 158 216 229
52 28 3 158 216 229
52 28 4 158 216 229
52 28 5 158 216 229
52 28 6 158 216 229
52 28 7 158 216 229
52 28 24 158 216 229
52 29 0 158 216 229
52 29 1 158 216 229
52 29 2 158 216 229
52 29 3 158 216 229
52 29 4 158 216 229
52 29 5 158 216 229
52 29 6 158 216 229
52 29 7 158 216 229
52 29 24 158 216 229
52 30 0 158 216 229
52 30 1 158 216 229
52 30 2 158 216 229
52 30 3 158 216 229
52 30 4 158 216 229
52 30 5 158 216 229
52 30 6 158 216 229
52 30 7 158 216 229
52 30 24 158 216 229
52 31 0 158 216 229
52 31 1 158 216 229
52 31 2 158 216 229
52 31 3 158 216 229
52 31 4 158 216 229
52 31 5 158 216 229
52 31 6 158 216 229
52 31 7 158 216 229
52 31 24 158 216 229
52 32 0 158 216 229
52 32 1 158 216 229
52 32 2 158 216 229
52 32 3 158 216 229
52 32 4 158 216 229
52 32 5 158 216 229
52 32 6 158 216 229
52 32 7 158 216 229
52 32 24 158 216 229
52 33 0 158 216 229
52 33 1 158 216 229
52 33 2 158 216 229
52 33 3 158 216 229
52 33 4 158 216 229
52 33 5 158 216 229
52 33 6 158 216 229
52 33 7 214 38 40
52 33 8 214 38 40
52 33 9 214 38 40
52 33 10 214 38 40
52 33 11 214 38 40
52 33 12 214 38 40
52 33 13 214 38 40
52 33 14 214 38 40
52 33 15 214 38 40
52 33 16 214 38 40
52 33 17 214 38 40
52 33 18 214 38 40
52 33 19 214 38 40
52 33 20 214 38 40
52 33 21 214 38 40
52 33 22 214 38 40
52 33 23 214 38 40
52 33 24 158 216 229
52 34 0 214 38 40
52 34 1 214 38 40
52 34 2 214 38 40
52 34 3 214 38 40
52 34 4 214 38 40
52 34 5 214 38 40
52 34 6 214 38 40
52 34 7 214 38 40
52 34 8 214 38 40
52 34 9 214 38 40
52 34 10 214 38 40
52 34 11 214 38 40
52 34 12 214 38 40
52 34 13 214 38 40
52 34 14 214 38 40
52 34 15 214 38 40
52 34 16 214 38 40
52 34 17 214 38 40
52 34 18 214 38 40
52 34 19 214 38 40
52 34 20 214 38 40
52 34 21 214 38 40
52 34 22 214 38 40
52 34 23 214 38 40
52 34 24 214 38 40
53 0 2 158 216 229
53 0 3 158 216 229
53 0 4 158 216 229
53 0 5 158 216 229
53 0 6 158 216 229
53 0 7 158 216 229
53 0 8 158 216 229
53 0 9 158 216 229
53 0 10 158 216 229
53 0 11 158 216 229
53 0 12 43 160 4
53 0 13 43 160 4
53 0 14 43 160 4
53 0 15 43 160 4
53 0 16 43 160 4
53 0 17 43 160 4
53 0 18 43 160 4
53 0 19 43 160 4
53 0 20 43 160 4
53 0 21 43 160 4
53 0 22 43 160 4
53 0 23 43 160 4
53 0 24 158 216 229
53 1 2 158 216 229
53 1 3 158 216 229
53 1 4 158 216 229
53 1 5 158 216 229
53 1 6 158 216 229
53 1 7 158 216 229
53 1 8 158 216 229
53 1 9 158 216 229
53 1 10 158 216 229
53 1 11 158 216 229
53 1 12 158 216 229
53 1 13 158 216 229
53 1 14 158 216 229
53 1 15 158 216 229
53 1 16 158 216 229
53 1 17 158 216 229
53 1 18 158 216 229
53 1 19 158 216 229
53 1 20 158 216 229
53 1 21 158 216 229
53 1 22 158 216 229
53 1 23 158 216 229
53 1 24 158 216 229
53 2 2 158 216 229
53 2 3 158 216 229
53 2 4 158 216 229
53 2 5 158 216 229
53 2 6 158 216 229
53 2 7 158 216 229
53 2 8 158 216 229
53 2 9 158 216 229
53 2 10 158 216 229
53 2 11 158 216 229
53 2 12 158 216 229
53 2 13 158 216 229
53 2 14 158 216 229
53 2 15 158 216 229
53 2 16 158 216 229
53 2 17 158 216 229
53 2 18 158 216 229
53 2 19 158 216 229
53 2 20 158 216 229
53 2 21 158 216 229
53 2 22 158 216 229
53 2 23 158 216 229
53 2 24 158 216 229
53 3 2 158 216 229
53 3 3 158 216 229
53 3 4 158 216 229
53 3 5 158 216 229
53 3 6 158 216 229
53 3 7 158 216 229
53 3 8 158 216 229
53 3 9 158 216 229
53 3 10 158 216 229
53 3 11 158 216 229
53 3 12 158 216 229
53 3 13 158 216 229
53 3 14 158 216 229
53 3 15 158 216 229
53 3 16 158 216 229
53 3 17 158 216 229
53 3 18 158 216 229
53 3 19 158 216 229
53 3 20 158 216 229
53 3 21 158 216 229
53 3 22 158 216 229
53 3 23 158 216 229
53 3 24 158 216 229
53 4 2 158 216 229
53 4 3 158 216 229
53 4 4 158 216 229
53 4 5 158 216 229
53 4 6 158 216 229
53 4 7 158 216 229
53 4 8 158 216 229
53 4 9 158 216 229
53 4 10 158 216 229
53 4 11 158 216 229
53 4 12 158 216 229
53 4 13 158 216 229
53 4 14 158 216 229
53 4 15 158 216 229
53 4 16 158 216 229
53 4 17 158 216 229
53 4 18 158 216 229
53 4 19 158 216 229
53 4 20 158 216 229
53 4 21 158 216 229
53 4 22 158 216 229
53 4 23 158 216 229
53 4 24 158 216 229
53 5 2 158 216 229
53 5 3 158 216 229
53 5 4 158 216 229
53 5 5 158 216 229
53 5 6 158 216 229
53 5 7 158 216 229
53 5 8 158 216 229
53 5 9 158 216 229
53 5 10 158 216 229
53 5 11 158 216 229
53 5 12 158 216 229
53 5 13 158 216 229
53 5 14 158 216 229
53 5 15 158 216 229
53 5 16 158 216 229
53 5 17 158 216 229
53 5 18 158 216 229
53 5 19 158 216 229
53 5 20 158 216 229
53 5 21 158 216 229
53 5 22 158 216 229
53 5 23 158 216 229
53 5 24 158 216 229
53 6 2 158 216 229
53 6 3 158 216 229
53 6 4 158 216 229
53 6 5 158 216 229
53 6 6 158 216 229
53 6 7 158 216 229
53 6 8 158 216 229
53 6 9 158 216 229
53 6 10 158 216 229
53 6 11 158 216 229
53 6 12 158 216 229
53 6 13 158 216 229
53 6 14 158 216 229
53 6 15 158 216 229
53 6 16 158 216 229
53 6 17 158 216 229
53 6 18 158 216 229
53 6 19 158 216 229
53 6 20 158 216 229
53 6 21 158 216 229
53 6 22 158 216 229
53 6 23 158 216 229
53 6 24 158 216 229
53 7 2 158 216 229
53 7 3 158 216 229
53 7 4 158 216 229
53 7 5 158 216 229
53 7 6 158 216 229
53 7 7 158 216 229
53 7 8 158 216 229
53 7 9 158 216 229
53 7 10 158 216 229
53 7 11 158 216 229
53 7 12 158 216 229
53 7 13 158 216 229
53 7 14 158 216 229
53 7 15 158 216 229
53 7 16 158 216 229
53 7 17 158 216 229
53 7 18 158 216 229
53 7 19 158 216 229
53 7 20 158 216 229
53 7 21 158 216 229
53 7 22 158 216 229
53 7 23 158 216 229
53 7 24 158 216 229
53 8 2 158 216 229
53 8 3 158 216 229
53 8 4 158 216 229
53 8 5 158 216 229
53 8 6 158 216 229
53 8 7 158 216 229
53 8 8 158 216 229
53 8 9 158 216 229
53 8 10 158 216 229
53 8 11 158 216 229
53 8 12 158 216 229
53 8 13 158 216 229
53 8 14 158 216 229
53 8 15 158 216 229
53 8 16 158 216 229
53 8 17 158 216 229
53 8 18 158 216 229
53 8 19 158 216 229
53 8 20 158 216 229
53 8 21 158 216 229
53 8 22 158 216 229
53 8 23 158 216 229
53 8 24 158 216 229
53 9 2 158 216 229
53 9 3 158 216 229
53 9 4 158 216 229
53 9 5 158 216 229
53 9 6 158 216 229
53 9 7 158 216 229
53 9 8 158 216 229
53 9 9 158 216 229
53 9 10 158 216 229
53 9 11 158 216 229
53 9 12 158 216 229
53 9 13 158 216 229
53 9 14 158 216 229
53 9 15 158 216 229
53 9 16 158 216 229
53 9 17 158 216 229
53 9 18 158 216 229
53 9 19 158 216 229
53 9 20 158 216 229
53 9 21 158 216 229
53 9 22 158 216 229
53 9 23 158 216 229
53 9 24 158 216 229
53 10 2 158 216 229
53 10 3 158 216 229
53 10 4 158 216 229
53 10 5 158 216 229
53 10 6 158 216 229
53 10 7 158 216 229
53 10 8 158 216 229
53 10 9 158 216 229
53 10 10 158 216 229
53 10 11 158 216 229
53 10 12 158 216 229
53 10 13 158 216 229
53 10 14 158 216 229
53 10 15 158 216 229
53 10 16 158 216 229
53 10 17 158 216 229
53 10 18 158 216 229
53 10 19 158 216 229
53 10 20 158 216 229
53 10 21 158 216 229
53 10 22 158 216 229
53 10 23 158 216 229
53 10 24 158 216 229
53 11 2 158 216 229
53 11 3 158 216 229
53 11 4 158 216 229
53 11 5 158 216 229
53 11 6 158 216 229
53 11 7 158 216 229
53 11 8 158 216 229
53 11 9 158 216 229
53 11 10 158 216 229
53 11 11 158 216 229
53 11 12 158 216 229
53 11 13 158 216 229
53 11 14 158 216 229
53 11 15 158 216 229
53 11 16 158 216 229
53 11 17 158 216 229
53 11 18 158 216 229
53 11 19 158 216 229
53 11 20 158 216 229
53 11 21 158 216 229
53 11 22 158 216 229
53 11 23 158 216 229
53 11 24 158 216 229
53 12 2 158 216 229
53 12 3 158 216 229
53 12 4 158 216 229
53 12 5 158 216 229
53 12 6 158 216 229
53 12 7 158 216 229
53 12 8 158 216 229
53 12 9 158 216 229
53 12 10 158 216 229
53 12 11 158 216 229
53 12 12 158 216 229
53 12 13 158 216 229
53 12 14 158 216 229
53 12 15 158 216 229
53 12 16 158 216 229
53 12 17 158 216 229
53 12 18 158 216 229
53 12 19 158 216 229
53 12 20 158 216 229
53 12 21 158 216 229
53 12 22 158 216 229
53 12 23 158 216 229
53 12 24 158 216 229
53 13 2 158 216 229
53 13 3 158 216 229
53 13 4 158 216 229
53 13 5 158 216 229
53 13 6 158 216 229
53 13 7 158 216 229
53 13 8 158 216 229
53 13 9 158 216 229
53 13 10 158 216 229
53 13 11 158 216 229
53 13 12 158 216 229
53 13 13 158 216 229
53 13 14 158 216 229
53 13 15 158 216 229
53 13 16 158 216 229
53 13 17 158 216 229
53 13 18 158 216 229
53 13 19 158 216 229
53 13 20 158 216 229
53 13 21 158 216 229
53 13 22 158 216 229
53 13 23 158 216 229
53 13 24 158 216 229
53 14 2 158 216 229
53 14 3 158 216 229
53 14 4 158 216 229
53 14 5 158 216 229
53 14 6 158 216 229
53 14 7 158 216 229
53 14 8 158 216 229
53 14 9 158 216 229
53 14 10 158 216 229
53 14 11 158 216 229
53 14 12 158 216 229
53 14 13 158 216 229
53 14 14 158 216 229
53 14 15 158 216 229
53 14 16 158 216 229
53 14 17 158 216 229
53 14 18 158 216 229
53 14 19 158 216 229
53 14 20 158 216 229
53 14 21 158 216 229
53 14 22 158 216 229
53 14 23 158 216 229
53 14 24 158 216 229
53 15 2 158 216 229
53 15 3 158 216 229
53 15 4 158 216 229
53 15 5 158 216 229
53 15 6 158 216 229
53 15 7 158 216 229
53 15 8 158 216 229
53 15 9 158 216 229
53 15 10 158 216 229
53 15 11 158 216 229
53 15 12 158 216 229
53 15 13 158 216 229
53 15 14 158 216 229
53 15 15 158 216 229
53 15 16 158 216 229
53 15 17 158 216 229
53 15 18 158 216 229
53 15 19 158 216 229
53 15 20 158 216 229
53 15 21 158 216 229
53 15 22 158 216 229
53 15 23 158 216 229
53 15 24 158 216 229
53 16 2 158 216 229
53 16 3 158 216 229
53 16 4 158 216 229
53 16 5 158 216 229
53 16 6 158 216 229
53 16 7 158 216 229
53 16 8 158 216 229
53 16 9 158 216 229
53 16 10 158 216 229
53 16 11 158 216 229
53 16 12 158 216 229
53 16 13 158 216 229
53 16 14 158 216 229
53 16 15 158 216 229
53 16 16 158 216 229
53 16 17 158 216 229
53 16 18 158 216 229
53 16 19 158 216 229
53 16 20 158 216 229
53 16 21 158 216 229
53 16 22 158 216 229
53 16 23 158 216 229
53 16 24 158 216 229
53 17 2 158 216 229
53 17 3 158 216 229
53 17 4 158 216 229
53 17 5 158 216 229
53 17 6 158 216 229
53 17 7 158 216 229
53 17 8 158 216 229
53 17 9 158 216 229
53 17 10 158 216 229
53 17 11 158 216 229
53 17 12 158 216 229
53 17 13 158 216 229
53 17 14 158 216 229
53 17 15 158 216 229
53 17 16 158 216 229
53 17 17 158 216 229
53 17 18 158 216 229
53 17 19 158 216 229
53 17 20 158 216 229
53 17 21 158 216 229
53 17 22 158 216 229
53 17 23 158 216 229
53 17 24 158 216 229
53 18 2 158 216 229
53 18 3 158 216 229
53 18 4 158 216 229
53 18 5 158 216 229
53 18 6 158 216 229
53 18 7 158 216 229
53 18 8 158 216 229
53 18 9 158 216 229
53 18 10 158 216 229
53 18 11 158 216 229
53 18 12 158 216 229
53 18 13 158 216 229
53 18 14 158 216 229
53 18 15 158 216 229
53 18 16 158 216 229
53 18 17 158 216 229
53 18 18 158 216 229
53 18 19 158 216 229
53 18 20 158 216 229
53 18 21 158 216 229
53 18 22 158 216 229
53 18 23 158 216 229
53 18 24 158 216 229
53 19 2 158 216 229
53 19 3 158 216 229
53 19 4 158 216 229
53 19 5 158 216 229
53 19 6 158 216 229
53 19 7 158 216 229
53 19 8 158 216 229
53 19 9 158 216 229
53 19 10 158 216 229
53 19 11 158 216 229
53 19 12 158 216 229
53 19 13 158 216 229
53 19 14 158 216 229
53 19 15 158 216 229
53 19 16 158 216 229
53 19 17 158 216 229
53 19 18 158 216 229
53 19 19 158 216 229
53 19 20 158 216 229
53 19 21 158 216 229
53 19 22 158 216 229
53 19 23 158 216 229
53 19 24 158 216 229
53 20 2 158 216 229
53 20 3 158 216 229
53 20 4 158 216 229
53 20 5 158 216 229
53 20 6 158 216 229
53 20 7 158 216 229
53 20 8 158 216 229
53 20 9 158 216 229
53 20 10 158 216 229
53 20 11 158 216 229
53 20 12 158 216 229
53 20 13 158 216 229
53 20 14 158 216 229
53 20 15 158 216 229
53 20 16 158 216 229
53 20 17 158 216 229
53 20 18 158 216 229
53 20 19 158 216 229
53 20 20 158 216 229
53 20 21 158 216 229
53 20 22 158 216 229
53 20 23 158 216 229
53 20 24 158 216 229
53 21 2 158 216 229
53 21 3 158 216 229
53 21 4 158 216 229
53 21 5 158 216 229
53 21 6 158 216 229
53 21 7 158 216 229
53 21 8 158 216 229
53 21 9 158 216 229
53 21 10 158 216 229
53 21 11 158 216 229
53 21 12 158 216 229
53 21 13 158 216 229
53 21 14 158 216 229
53 21 15 158 216 229
53 21 16 158 216 229
53 21 17 158 216 229
53 21 18 158 216 229
53 21 19 158 216 229
53 21 20 158 216 229
53 21 21 158 216 229
53 21 22 158 216 229
53 21 23 158 216 229
53 21 24 158 216 229
53 22 2 158 216 229
53 22 3 158 216 229
53 22 4 158 216 229
53 22 5 158 216 229
53 22 6 158 216 229
53 22 7 158 216 229
53 22 8 158 216 229
53 22 9 158 216 229
53 22 10 158 216 229
53 22 11 158 216 229
53 22 12 158 216 229
53 22 13 158 216 229
53 22 14 158 216 229
53 22 15 158 216 229
53 22 16 158 216 229
53 22 17 158 216 229
53 22 18 158 216 229
53 22 19 158 216 229
53 22 20 158 216 229
53 22 21 158 216 229
53 22 22 158 216 229
53 22 23 158 216 229
53 22 24 158 216 229
53 23 2 158 216 229
53 23 3 158 216 229
53 23 4 158 216 229
53 23 5 158 216 229
53 23 6 158 216 229
53 23 7 158 216 229
53 23 8 158 216 229
53 23 9 158 216 229
53 23 10 158 216 229
53 23 11 158 216 229
53 23 12 158 216 229
53 23 13 158 216 229
53 23 14 158 216 229
53 23 15 158 216 229
53 23 16 158 216 229
53 23 17 158 216 229
53 23 18 158 216 229
53 23 19 158 216 229
53 23 20 158 216 229
53 23 21 158 216 229
53 23 22 158 216 229
53 23 23 158 216 229
53 23 24 158 216 229
53 24 2 158 216 229
53 24 3 158 216 229
53 24 4 158 216 229
53 24 5 158 216 229
53 24 6 158 216 229
53 24 7 158 216 229
53 24 8 158 216 229
53 24 9 158 216 229
53 24 10 158 216 229
53 24 11 158 216 229
53 24 12 158 216 229
53 24 13 158 216 229
53 24 14 158 216 229
53 24 15 158 216 229
53 24 16 158 216 229
53 24 17 158 216 229
53 24 18 158 216 229
53 24 19 158 216 229
53 24 20 158 216 229
53 24 21 158 216 229
53 24 22 158 216 229
53 24 23 158 216 229
53 24 24 158 216 229
53 25 2 158 216 229
53 25 3 158 216 229
53 25 4 158 216 229
53 25 5 158 216 229
53 25 6 158 216 229
53 25 7 158 216 229
53 25 8 158 216 229
53 25 9 158 216 229
53 25 10 158 216 229
53 25 11 158 216 229
53 25 12 158 216 229
53 25 13 158 216 229
53 25 14 158 216 229
53 25 15 158 216 229
53 25 16 158 216 229
53 25 17 158 216 229
53 25 18 158 216 229
53 25 19 158 216 229
53 25 20 158 216 229
53 25 21 158 216 229
53 25 22 158 216 229
53 25 23 158 216 229
53 25 24 158 216 229
53 26 2 158 216 229
53 26 3 158 216 229
53 26 4 158 216 229
53 26 5 158 216 229
53 26 6 158 216 229
53 26 7 158 216 229
53 26 8 158 216 229
53 26 9 158 216 229
53 26 10 158 216 229
53 26 11 158 216 229
53 26 12 158 216 229
53 26 13 158 216 229
53 26 14 158 216 229
53 26 15 158 216 229
53 26 16 158 216 229
53 26 17 158 216 229
53 26 18 158 216 229
53 26 19 158 216 229
53 26 20 158 216 229
53 26 21 158 216 229
53 26 22 158 216 229
53 26 23 158 216 229
53 26 24 158 216 229
53 27 2 158 216 229
53 27 3 158 216 229
53 27 4 158 216 229
53 27 5 158 216 229
53 27 6 158 216 229
53 27 7 158 216 229
53 27 8 158 216 229
53 27 9 158 216 229
53 27 10 158 216 229
53 27 11 158 216 229
53 27 12 158 216 229
53 27 13 158 216 229
53 27 14 158 216 229
53 27 15 158 216 229
53 27 16 158 216 229
53 27 17 158 216 229
53 27 18 158 216 229
53 27 19 158 216 229
53 27 20 158 216 229
53 27 21 158 216 229
53 27 22 158 216 229
53 27 23 158 216 229
53 27 24 158 216 229
53 28 2 158 216 229
53 28 3 158 216 229
53 28 4 158 216 229
53 28 5 158 216 229
53 28 6 158 216 229
53 28 7 158 216 229
53 28 8 158 216 229
53 28 9 158 216 229
53 28 10 158 216 229
53 28 11 158 216 229
53 28 12 158 216 229
53 28 13 158 216 229
53 28 14 158 216 229
53 28 15 158 216 229
53 28 16 158 216 229
53 28 17 158 216 229
53 28 18 158 216 229
53 28 19 158 216 229
53 28 20 158 216 229
53 28 21 158 216 229
53 28 22 158 216 229
53 28 23 158 216 229
53 28 24 158 216 229
53 29 2 158 216 229
53 29 3 158 216 229
53 29 4 158 216 229
53 29 5 158 216 229
53 29 6 158 216 229
53 29 7 158 216 229
53 29 8 158 216 229
53 29 9 158 216 229
53 29 10 158 216 229
53 29 11 158 216 229
53 29 12 158 216 229
53 29 13 158 216 229
53 29 14 158 216 229
53 29 15 158 216 229
53 29 16 158 216 229
53 29 17 158 216 229
53 29 18 158 216 229
53 29 19 158 216 229
53 29 20 158 216 229
53 29 21 158 216 229
53 29 22 158 216 229
53 29 23 158 216 229
53 29 24 158 216 229
53 30 2 158 216 229
53 30 3 158 216 229
53 30 4 158 216 229
53 30 5 158 216 229
53 30 6 158 216 229
53 30 7 158 216 229
53 30 8 158 216 229
53 30 9 158 216 229
53 30 10 158 216 229
53 30 11 158 216 229
53 30 12 158 216 229
53 30 13 158 216 229
53 30 14 158 216 229
53 30 15 158 216 229
53 30 16 158 216 229
53 30 17 158 216 229
53 30 18 158 216 229
53 30 19 158 216 229
53 30 20 158 216 229
53 30 21 158 216 229
53 30 22 158 216 229
53 30 23 158 216 229
53 30 24 158 216 229
53 31 2 158 216 229
53 31 3 158 216 229
53 31 4 158 216 229
53 31 5 158 216 229
53 31 6 158 216 229
53 31 7 158 216 229
53 31 8 158 216 229
53 31 9 158 216 229
53 31 10 158 216 229
53 31 11 158 216 229
53 31 12 158 216 229
53 31 13 158 216 229
53 31 14 158 216 229
53 31 15 158 216 229
53 31 16 158 216 229
53 31 17 158 216 229
53 31 18 158 216 229
53 31 19 158 216 229
53 31 20 158 216 229
53 31 21 158 216 229
53 31 22 158 216 229
53 31 23 158 216 229
53 31 24 158 216 229
53 32 2 158 216 229
53 32 3 158 216 229
53 32 4 158 216 229
53 32 5 158 216 229
53 32 6 158 216 229
53 32 7 158 216 229
53 32 8 158 216 229
53 32 9 158 216 229
53 32 10 158 216 229
53 32 11 158 216 229
53 32 12 158 216 229
53 32 13 158 216 229
53 32 14 158 216 229
53 32 15 158 216 229
53 32 16 158 216 229
53 32 17 158 216 229
53 32 18 158 216 229
53 32 19 158 216 229
53 32 20 158 216 229
53 32 21 158 216 229
53 32 22 158 216 229
53 32 23 158 216 229
53 32 24 158 216 229
53 33 2 158 216 229
53 33 3 158 216 229
53 33 4 158 216 229
53 33 5 158 216 229
53 33 6 158 216 229
53 33 7 158 216 229
53 33 8 158 216 229
53 33 9 158 216 229
53 33 10 158 216 229
53 33 11 158 216 229
53 33 12 158 216 229
53 33 13 158 216 229
53 33 14 158 216 229
53 33 15 158 216 229
53 33 16 158 216 229
53 33 17 158 216 229
53 33 18 158 216 229
53 33 19 158 216 229
53 33 20 158 216 229
53 33 21 158 216 229
53 33 22 158 216 229
53 33 23 158 216 229
53 33 24 158 216 229
53 34 7 214 38 40
53 34 8 214 38 40
53 34 9 214 38 40
53 34 10 214 38 40
53 34 11 214 38 40
53 34 12 214 38 40
53 34 13 214 38 40
53 34 14 214 38 40
53 34 15 214 38 40
53 34 16 214 38 40
53 34 17 214 38 40
53 34 18 214 38 40
53 34 19 214 38 40
53 34 20 214 38 40
53 34 21 214 38 40
53 34 22 214 38 40
53 34 23 214 38 40
53 34 24 214 38 40
54 0 23 158 216 229
54 1 22 158 216 229
54 1 23 158 216 229
54 1 24 158 216 229
54 2 22 158 216 229
54 2 23 158 216 229
54 2 24 158 216 229
54 3 22 158 216 229
54 3 23 158 216 229
54 3 24 158 216 229
54 4 22 158 216 229
54 4 23 158 216 229
54 4 24 158 216 229
54 5 22 158 216 229
54 5 23 158 216 229
54 5 24 158 216 229
54 6 22 158 216 229
54 6 23 158 216 229
54 6 24 158 216 229
54 7 22 158 216 229
54 7 23 158 216 229
54 7 24 158 216 229
54 8 22 158 216 229
54 8 23 158 216 229
54 8 24 158 216 229
54 9 22 158 216 229
54 9 23 158 216 229
54 9 24 158 216 229
54 10 22 158 216 229
54 10 23 158 216 229
54 10 24 158 216 229
54 11 22 158 216 229
54 11 23 158 216 229
54 11 24 158 216 229
54 12 22 158 216 229
54 12 23 158 216 229
54 12 24 158 216 229
54 13 22 158 216 229
54 13 23 158 216 229
54 13 24 158 216 229
54 14 22 158 216 229
54 14 23 158 216 229
54 14 24 158 216 229
54 15 22 158 216 229
54 15 23 158 216 229
54 15 24 158 216 229
54 16 22 158 216 229
54 16 23 158 216 229
54 16 24 158 216 229
54 17 22 158 216 229
54 17 23 158 216 229
54 17 24 158 216 229
54 18 22 158 216 229
54 18 23 158 216 229
54 18 24 158 216 229
54 19 22 158 216 229
54 19 23 158 216 229
54 19 24 158 216 229
54 20 22 158 216 229
54 20 23 158 216 229
54 20 24 158 216 229
54 21 22 158 216 229
54 21 23 158 216 229
54 21 24 158 216 229
54 22 22 158 216 229
54 22 23 158 216 229
54 22 24 158 216 229
54 23 22 158 216 229
54 23 23 158 216 229
54 23 24 158 216 229
54 24 22 158 216 229
54 24 23 158 216 229
54 24 24 158 216 229
54 25 22 158 216 229
54 25 23 158 216 229
54 25 24 158 216 229
54 26 22 158 216 229
54 26 23 158 216 229
54 26 24 158 216 229
54 27 22 158 216 229
54 27 23 158 216 229
54 27 24 158 216 229
54 28 22 158 216 229
54 28 23 158 216 229
54 28 24 158 216 229
54 29 22 158 216 229
54 29 23 158 216 229
54 29 24 158 216 229
54 30 22 158 216 229
54 30 23 158 216 229
54 30 24 158 216 229
54 31 22 158 216 229
54 31 23 158 216 229
54 31 24 158 216 229
54 32 22 158 216 229
54 32 23 158 216 229
54 32 24 158 216 229
54 33 22 158 216 229
54 33 23 158 216 229
54 33 24 158 216 229
