ply
format ascii 1.0
element vertex 7888
property float x
property float y
property float z
property uchar red
property uchar green
property uchar blue
end_header
0 0 47 43 160 4
0 0 48 43 160 4
0 0 49 43 160 4
0 0 50 43 160 4
0 0 51 43 160 4
0 0 52 43 160 4
0 0 53 43 160 4
0 0 54 43 160 4
0 0 55 43 160 4
0 0 56 43 160 4
0 0 57 43 160 4
0 0 58 43 160 4
0 0 59 43 160 4
1 0 45 43 160 4
1 0 46 43 160 4
1 0 47 43 160 4
1 0 48 43 160 4
1 0 49 43 160 4
1 0 50 43 160 4
1 0 51 43 160 4
1 0 52 43 160 4
1 0 53 43 160 4
1 0 54 43 160 4
1 0 55 43 160 4
1 0 56 43 160 4
1 0 57 43 160 4
1 0 58 43 160 4
1 0 59 43 160 4
1 1 45 255 127 12
1 2 45 255 127 12
1 3 45 255 127 12
2 0 44 43 160 4
2 0 45 43 160 4
2 0 46 43 160 4
2 0 47 43 160 4
2 0 48 43 160 4
2 0 49 43 160 4
2 0 50 43 160 4
2 0 51 43 160 4
2 0 52 43 160 4
2 0 53 43 160 4
2 0 54 43 160 4
2 0 55 43 160 4
2 0 56 43 160 4
2 0 57 43 160 4
2 0 58 43 160 4
2 0 59 43 160 4
2 1 44 255 127 12
3 0 42 43 160 4
3 0 43 43 160 4
3 0 44 43 160 4
3 0 45 43 160 4
3 0 46 43 160 4
3 0 47 43 160 4
3 0 48 43 160 4
3 0 49 43 160 4
3 0 50 43 160 4
3 0 51 43 160 4
3 0 52 43 160 4
3 0 53 43 160 4
3 0 54 43 160 4
3 0 55 43 160 4
3 0 56 43 160 4
3 0 57 43 160 4
3 0 58 43 160 4
3 0 59 43 160 4
4 0 41 43 160 4
4 0 42 43 160 4
4 0 43 43 160 4
4 0 44 43 160 4
4 0 45 43 160 4
4 0 46 43 160 4
4 0 47 43 160 4
4 0 48 43 160 4
4 0 49 43 160 4
4 0 50 43 160 4
4 0 51 43 160 4
4 0 52 43 160 4
4 0 53 43 160 4
4 0 54 43 160 4
4 0 55 43 160 4
4 0 56 43 160 4
4 0 57 43 160 4
4 0 58 43 160 4
4 0 59 43 160 4
5 0 39 43 160 4
5 0 40 43 160 4
5 0 41 43 160 4
5 0 42 43 160 4
5 0 43 43 160 4
5 0 44 43 160 4
5 0 45 43 160 4
5 0 46 43 160 4
5 0 47 43 160 4
5 0 48 43 160 4
5 0 49 43 160 4
5 0 50 43 160 4
5 0 51 43 160 4
5 0 52 43 160 4
5 0 53 43 160 4
5 0 54 43 160 4
5 0 55 43 160 4
5 0 56 43 160 4
5 0 57 43 160 4
5 0 58 43 160 4
5 0 59 43 160 4
6 0 37 43 160 4
6 0 38 43 160 4
6 0 39 43 160 4
6 0 40 43 160 4
6 0 41 43 160 4
6 0 42 43 160 4
6 0 43 43 160 4
6 0 44 43 160 4
6 0 45 43 160 4
6 0 46 43 160 4
6 0 47 43 160 4
6 0 48 43 160 4
6 0 49 43 160 4
6 0 50 43 160 4
6 0 51 43 160 4
6 0 52 43 160 4
6 0 53 43 160 4
6 0 54 43 160 4
6 0 55 43 160 4
6 0 56 43 160 4
6 0 57 43 160 4
6 0 58 43 160 4
6 0 59 43 160 4
7 0 36 43 160 4
7 0 37 43 160 4
7 0 38 43 160 4
7 0 39 43 160 4
7 0 40 43 160 4
7 0 41 43 160 4
7 0 42 43 160 4
7 0 43 43 160 4
7 0 44 43 160 4
7 0 45 43 160 4
7 0 46 43 160 4
7 0 47 43 160 4
7 0 48 43 160 4
7 0 49 43 160 4
7 0 50 43 160 4
7 0 51 43 160 4
7 0 52 43 160 4
7 0 53 43 160 4
7 0 54 43 160 4
7 0 55 43 160 4
7 0 56 43 160 4
7 0 57 43 160 4
7 0 58 43 160 4
7 0 59 43 160 4
8 0 34 43 160 4
8 0 35 43 160 4
8 0 36 43 160 4
8 0 37 43 160 4
8 0 38 43 160 4
8 0 39 43 160 4
8 0 40 43 160 4
8 0 41 43 160 4
8 0 42 43 160 4
8 0 43 43 160 4
8 0 44 43 160 4
8 0 45 43 160 4
8 0 46 43 160 4
8 0 47 43 160 4
8 0 48 43 160 4
8 0 49 43 160 4
8 0 50 43 160 4
8 0 51 43 160 4
8 0 52 43 160 4
8 0 53 43 160 4
8 0 54 43 160 4
8 0 55 43 160 4
8 0 56 43 160 4
8 0 57 43 160 4
8 0 58 43 160 4
8 0 59 43 160 4
9 0 33 43 160 4
9 0 34 43 160 4
9 0 35 43 160 4
9 0 36 43 160 4
9 0 37 43 160 4
9 0 38 43 160 4
9 0 39 43 160 4
9 0 40 43 160 4
9 0 41 43 160 4
9 0 42 43 160 4
9 0 43 43 160 4
9 0 44 43 160 4
9 0 45 43 160 4
9 0 46 43 160 4
9 0 47 43 160 4
9 0 48 43 160 4
9 0 49 43 160 4
9 0 50 43 160 4
9 0 51 43 160 4
9 0 52 43 160 4
9 0 53 43 160 4
9 0 54 43 160 4
9 0 55 43 160 4
9 0 56 43 160 4
9 0 57 43 160 4
9 0 58 43 160 4
10 0 31 43 160 4
10 0 32 43 160 4
10 0 33 43 160 4
10 0 34 43 160 4
10 0 35 43 160 4
10 0 36 43 160 4
10 0 37 43 160 4
10 0 38 43 160 4
10 0 39 43 160 4
10 0 40 43 160 4
10 0 41 43 160 4
10 0 42 43 160 4
10 0 43 43 160 4
10 0 44 43 160 4
10 0 45 43 160 4
10 0 46 43 160 4
10 0 47 43 160 4
10 0 48 43 160 4
10 0 49 43 160 4
10 0 50 43 160 4
10 0 51 43 160 4
10 0 52 43 160 4
10 0 53 43 160 4
10 0 54 43 160 4
10 0 55 43 160 4
11 0 30 43 160 4
11 0 31 43 160 4
11 0 32 43 160 4
11 0 33 43 160 4
11 0 34 43 160 4
11 0 35 43 160 4
11 0 36 43 160 4
11 0 37 43 160 4
11 0 38 43 160 4
11 0 39 43 160 4
11 0 40 43 160 4
11 0 41 43 160 4
11 0 42 43 160 4
11 0 43 43 160 4
11 0 44 43 160 4
11 0 45 43 160 4
11 0 46 43 160 4
11 0 47 43 160 4
11 0 48 43 160 4
11 0 49 43 160 4
11 0 50 43 160 4
11 0 51 43 160 4
11 0 52 43 160 4
11 0 56 43 160 4
11 0 57 43 160 4
11 0 58 43 160 4
11 0 59 43 160 4
12 0 29 43 160 4
12 0 30 43 160 4
12 0 31 43 160 4
12 0 32 43 160 4
12 0 33 43 160 4
12 0 34 43 160 4
12 0 35 43 160 4
12 0 36 43 160 4
12 0 37 43 160 4
12 0 38 43 160 4
12 0 39 43 160 4
12 0 40 43 160 4
12 0 41 43 160 4
12 0 42 43 160 4
12 0 43 43 160 4
12 0 44 43 160 4
12 0 45 43 160 4
12 0 46 43 160 4
12 0 47 43 160 4
12 0 48 43 160 4
12 0 53 43 160 4
12 0 54 43 160 4
12 0 55 43 160 4
12 0 56 43 160 4
12 0 57 43 160 4
12 0 58 43 160 4
12 0 59 43 160 4
13 0 29 43 160 4
13 0 30 43 160 4
13 0 31 43 160 4
13 0 32 43 160 4
13 0 33 43 160 4
13 0 34 43 160 4
13 0 35 43 160 4
13 0 36 43 160 4
13 0 37 43 160 4
13 0 38 43 160 4
13 0 39 43 160 4
13 0 40 43 160 4
13 0 41 43 160 4
13 0 42 43 160 4
13 0 43 43 160 4
13 0 50 43 160 4
13 0 51 43 160 4
13 0 52 43 160 4
13 0 53 43 160 4
13 0 54 43 160 4
13 0 55 43 160 4
13 0 56 43 160 4
13 0 57 43 160 4
13 0 58 43 160 4
13 0 59 43 160 4
13 2 26 158 216 229
13 21 27 158 216 229
13 22 27 158 216 229
13 23 27 158 216 229
13 24 27 158 216 229
13 25 27 158 216 229
14 0 29 43 160 4
14 0 30 43 160 4
14 0 31 43 160 4
14 0 32 43 160 4
14 0 33 43 160 4
14 0 34 43 160 4
14 0 35 43 160 4
14 0 36 43 160 4
14 0 37 43 160 4
14 0 38 43 160 4
14 0 39 43 160 4
14 0 40 43 160 4
14 0 44 43 160 4
14 0 45 43 160 4
14 0 46 43 160 4
14 0 47 43 160 4
14 0 48 43 160 4
14 0 49 43 160 4
14 0 50 43 160 4
14 0 51 43 160 4
14 0 52 43 160 4
14 0 53 43 160 4
14 0 54 43 160 4
14 0 55 43 160 4
14 0 56 43 160 4
14 0 57 43 160 4
14 0 58 43 160 4
14 0 59 43 160 4
14 9 25 30 119 181
14 11 25 158 216 229
14 12 25 158 216 229
14 13 25 158 216 229
14 14 25 158 216 229
14 15 25 158 216 229
14 16 25 158 216 229
14 17 25 158 216 229
14 18 25 158 216 229
14 19 25 158 216 229
14 20 25 158 216 229
14 21 25 158 216 229
14 21 27 158 216 229
14 22 25 158 216 229
14 22 27 158 216 229
14 23 25 158 216 229
14 23 27 158 216 229
14 24 25 158 216 229
14 24 27 158 216 229
14 25 26 158 216 229
14 25 27 158 216 229
15 0 29 43 160 4
15 0 30 43 160 4
15 0 31 43 160 4
15 0 32 43 160 4
15 0 33 43 160 4
15 0 34 43 160 4
15 0 35 43 160 4
15 0 36 43 160 4
15 0 37 43 160 4
15 0 41 43 160 4
15 0 42 43 160 4
15 0 43 43 160 4
15 0 44 43 160 4
15 0 45 43 160 4
15 0 46 43 160 4
15 0 47 43 160 4
15 0 48 43 160 4
15 0 49 43 160 4
15 0 50 43 160 4
15 0 51 43 160 4
15 0 52 43 160 4
15 0 53 43 160 4
15 0 54 43 160 4
15 0 55 43 160 4
15 0 56 43 160 4
15 0 57 43 160 4
15 0 58 43 160 4
15 0 59 43 160 4
15 3 23 30 119 181
15 4 23 30 119 181
15 5 23 30 119 181
15 7 23 30 119 181
15 8 24 30 119 181
15 9 23 30 119 181
15 10 23 30 119 181
15 10 24 30 119 181
15 10 26 30 119 181
15 11 23 30 119 181
15 11 24 196 175 214
15 11 25 196 175 214
15 12 23 196 175 214
15 12 24 196 175 214
15 12 25 158 216 229
15 12 26 158 216 229
15 13 23 196 175 214
15 13 24 196 175 214
15 13 25 158 216 229
15 13 26 158 216 229
15 14 23 196 175 214
15 14 24 196 175 214
15 14 25 158 216 229
15 14 26 158 216 229
15 15 23 196 175 214
15 15 24 158 216 229
15 15 25 158 216 229
15 15 26 158 216 229
15 16 23 196 175 214
15 16 24 158 216 229
15 16 25 158 216 229
15 16 26 158 216 229
15 17 23 158 216 229
15 17 24 158 216 229
15 17 25 158 216 229
15 17 26 158 216 229
15 18 24 158 216 229
15 18 25 158 216 229
15 18 26 158 216 229
15 19 24 158 216 229
15 19 25 158 216 229
15 19 26 158 216 229
15 20 24 158 216 229
15 20 25 158 216 229
15 20 26 158 216 229
15 21 24 158 216 229
15 21 25 158 216 229
15 21 26 158 216 229
15 22 24 158 216 229
15 22 25 158 216 229
15 22 26 158 216 229
15 23 24 158 216 229
15 23 25 158 216 229
15 23 26 158 216 229
15 24 24 158 216 229
15 24 25 158 216 229
15 24 26 158 216 229
15 25 25 158 216 229
15 25 26 158 216 229
16 0 29 43 160 4
16 0 30 43 160 4
16 0 31 43 160 4
16 0 32 43 160 4
16 0 33 43 160 4
16 0 34 43 160 4
16 0 35 43 160 4
16 0 37 43 160 4
16 0 38 43 160 4
16 0 39 43 160 4
16 0 40 43 160 4
16 0 41 43 160 4
16 0 42 43 160 4
16 0 43 43 160 4
16 0 44 43 160 4
16 0 45 43 160 4
16 0 46 43 160 4
16 0 47 43 160 4
16 0 48 43 160 4
16 0 49 43 160 4
16 0 50 43 160 4
16 0 51 43 160 4
16 0 52 43 160 4
16 0 53 43 160 4
16 0 54 43 160 4
16 0 55 43 160 4
16 0 56 43 160 4
16 0 57 43 160 4
16 0 58 43 160 4
16 0 59 43 160 4
16 3 23 30 119 181
16 8 24 30 119 181
16 8 25 30 119 181
16 9 22 30 119 181
16 9 23 30 119 181
16 9 24 30 119 181
16 9 25 30 119 181
16 9 27 30 119 181
16 10 22 30 119 181
16 10 23 30 119 181
16 10 24 30 119 181
16 10 25 30 119 181
16 11 24 196 175 214
16 11 25 196 175 214
16 11 26 196 175 214
16 12 25 196 175 214
16 12 26 158 216 229
16 12 27 158 216 229
16 13 25 196 175 214
16 13 26 158 216 229
16 13 27 158 216 229
16 13 28 158 216 229
16 14 25 158 216 229
16 14 26 158 216 229
16 14 27 158 216 229
16 15 25 158 216 229
16 15 26 158 216 229
16 15 27 158 216 229
16 16 25 158 216 229
16 16 26 158 216 229
16 16 27 158 216 229
16 17 25 158 216 229
16 17 26 158 216 229
16 17 27 158 216 229
16 18 25 158 216 229
16 18 26 158 216 229
16 18 27 158 216 229
16 19 25 158 216 229
16 19 26 158 216 229
16 19 27 158 216 229
16 20 25 158 216 229
16 20 26 158 216 229
16 20 27 158 216 229
16 21 25 158 216 229
16 21 26 158 216 229
16 21 27 158 216 229
16 22 25 158 216 229
16 22 26 158 216 229
16 22 27 158 216 229
16 23 25 158 216 229
16 23 26 158 216 229
16 23 27 158 216 229
16 24 25 158 216 229
16 24 26 158 216 229
16 24 27 158 216 229
16 25 25 158 216 229
16 25 26 158 216 229
16 25 27 158 216 229
16 26 27 158 216 229
17 0 30 43 160 4
17 0 31 43 160 4
17 0 32 43 160 4
17 0 33 43 160 4
17 0 35 43 160 4
17 0 36 43 160 4
17 0 37 43 160 4
17 0 38 43 160 4
17 0 39 43 160 4
17 0 40 43 160 4
17 0 41 43 160 4
17 0 42 43 160 4
17 0 43 43 160 4
17 0 44 43 160 4
17 0 45 43 160 4
17 0 46 43 160 4
17 0 47 43 160 4
17 0 48 43 160 4
17 0 49 43 160 4
17 0 50 43 160 4
17 0 51 43 160 4
17 0 52 43 160 4
17 0 53 43 160 4
17 0 54 43 160 4
17 0 55 43 160 4
17 0 56 43 160 4
17 0 57 43 160 4
17 0 58 43 160 4
17 0 59 43 160 4
17 1 27 158 216 229
17 2 26 158 216 229
17 3 23 30 119 181
17 8 22 30 119 181
17 9 20 30 119 181
17 9 21 30 119 181
17 9 23 30 119 181
17 9 24 30 119 181
17 9 25 30 119 181
17 10 20 30 119 181
17 10 21 30 119 181
17 10 23 30 119 181
17 10 24 30 119 181
17 10 25 30 119 181
17 10 26 30 119 181
17 11 24 196 175 214
17 11 25 196 175 214
17 11 26 196 175 214
17 11 27 158 216 229
17 12 25 196 175 214
17 12 26 158 216 229
17 12 27 158 216 229
17 13 25 196 175 214
17 13 26 158 216 229
17 13 27 158 216 229
17 14 25 158 216 229
17 14 26 158 216 229
17 14 27 158 216 229
17 15 25 158 216 229
17 15 26 158 216 229
17 15 27 158 216 229
17 16 25 158 216 229
17 16 26 158 216 229
17 16 27 158 216 229
17 17 26 158 216 229
17 17 27 158 216 229
17 18 26 158 216 229
17 18 27 158 216 229
17 19 26 158 216 229
17 19 27 158 216 229
17 19 28 158 216 229
17 20 26 158 216 229
17 20 27 158 216 229
17 20 28 158 216 229
17 20 43 158 216 229
17 21 26 158 216 229
17 21 27 158 216 229
17 21 28 158 216 229
17 22 26 158 216 229
17 22 27 158 216 229
17 23 25 158 216 229
17 23 26 158 216 229
17 23 27 158 216 229
17 23 28 158 216 229
17 24 25 158 216 229
17 24 26 158 216 229
17 24 27 158 216 229
17 24 28 158 216 229
17 25 25 158 216 229
17 25 26 158 216 229
17 25 27 158 216 229
17 25 28 158 216 229
17 25 42 158 216 229
17 26 27 158 216 229
17 26 28 158 216 229
18 0 30 43 160 4
18 0 31 43 160 4
18 0 32 43 160 4
18 0 33 43 160 4
18 0 34 43 160 4
18 0 35 43 160 4
18 0 36 43 160 4
18 0 37 43 160 4
18 0 38 43 160 4
18 0 39 43 160 4
18 0 40 43 160 4
18 0 41 43 160 4
18 0 42 43 160 4
18 0 43 43 160 4
18 0 44 43 160 4
18 0 45 43 160 4
18 0 46 43 160 4
18 0 47 43 160 4
18 0 48 43 160 4
18 0 49 43 160 4
18 0 50 43 160 4
18 0 51 43 160 4
18 0 52 43 160 4
18 0 53 43 160 4
18 0 54 43 160 4
18 0 55 43 160 4
18 0 56 43 160 4
18 0 57 43 160 4
18 0 58 43 160 4
18 0 59 43 160 4
18 2 29 158 216 229
18 3 23 30 119 181
18 3 24 30 119 181
18 3 26 158 216 229
18 4 29 158 216 229
18 6 28 158 216 229
18 8 22 30 119 181
18 9 20 30 119 181
18 9 21 30 119 181
18 9 23 30 119 181
18 9 24 30 119 181
18 9 25 30 119 181
18 10 20 30 119 181
18 10 22 30 119 181
18 10 23 30 119 181
18 10 24 30 119 181
18 10 25 30 119 181
18 10 26 30 119 181
18 10 27 30 119 181
18 11 25 196 175 214
18 11 26 196 175 214
18 11 27 158 216 229
18 11 28 158 216 229
18 12 26 158 216 229
18 12 27 158 216 229
18 12 28 158 216 229
18 13 26 158 216 229
18 13 27 158 216 229
18 14 26 158 216 229
18 14 27 158 216 229
18 14 28 158 216 229
18 15 26 158 216 229
18 15 27 158 216 229
18 15 28 158 216 229
18 16 26 158 216 229
18 16 27 158 216 229
18 16 28 158 216 229
18 16 29 158 216 229
18 16 35 114 158 206
18 17 26 158 216 229
18 17 27 158 216 229
18 17 28 158 216 229
18 17 29 158 216 229
18 17 35 114 158 206
18 18 26 158 216 229
18 18 27 158 216 229
18 18 28 158 216 229
18 19 26 158 216 229
18 19 27 158 216 229
18 19 28 158 216 229
18 20 26 158 216 229
18 20 27 158 216 229
18 20 28 158 216 229
18 20 29 158 216 229
18 20 41 158 216 229
18 21 27 158 216 229
18 21 28 158 216 229
18 22 26 158 216 229
18 22 27 158 216 229
18 22 28 158 216 229
18 22 31 158 216 229
18 23 26 158 216 229
18 23 27 158 216 229
18 23 28 158 216 229
18 23 34 158 216 229
18 24 27 158 216 229
18 24 28 158 216 229
18 24 29 158 216 229
18 24 39 158 216 229
18 25 26 158 216 229
18 25 27 158 216 229
18 25 28 158 216 229
18 25 29 158 216 229
18 26 27 158 216 229
18 26 28 158 216 229
18 26 29 158 216 229
18 27 29 158 216 229
18 27 31 158 216 229
18 28 36 158 216 229
19 0 29 43 160 4
19 0 30 43 160 4
19 0 31 43 160 4
19 0 32 43 160 4
19 0 33 43 160 4
19 0 34 43 160 4
19 0 35 43 160 4
19 0 36 43 160 4
19 0 37 43 160 4
19 0 38 43 160 4
19 0 39 43 160 4
19 0 40 43 160 4
19 0 41 43 160 4
19 0 42 43 160 4
19 0 43 43 160 4
19 0 44 43 160 4
19 0 45 43 160 4
19 0 46 43 160 4
19 0 47 43 160 4
19 0 48 43 160 4
19 0 49 43 160 4
19 0 50 43 160 4
19 0 51 43 160 4
19 0 52 43 160 4
19 0 53 43 160 4
19 0 54 43 160 4
19 0 55 43 160 4
19 0 56 43 160 4
19 0 57 43 160 4
19 0 58 43 160 4
19 0 59 43 160 4
19 1 27 158 216 229
19 1 29 158 216 229
19 1 30 158 216 229
19 1 31 158 216 229
19 1 32 158 216 229
19 1 33 158 216 229
19 1 37 158 216 229
19 2 26 158 216 229
19 2 27 158 216 229
19 2 28 158 216 229
19 2 29 158 216 229
19 2 30 158 216 229
19 2 31 158 216 229
19 2 32 158 216 229
19 3 23 30 119 181
19 3 27 158 216 229
19 3 28 158 216 229
19 3 29 158 216 229
19 3 30 158 216 229
19 3 31 158 216 229
19 3 32 158 216 229
19 4 24 30 119 181
19 4 25 30 119 181
19 4 27 158 216 229
19 5 26 158 216 229
19 6 17 204 204 91
19 6 26 158 216 229
19 6 33 158 216 229
19 7 25 30 119 181
19 7 26 30 119 181
19 7 30 158 216 229
19 7 31 158 216 229
19 8 22 30 119 181
19 8 23 30 119 181
19 8 29 158 216 229
19 8 30 158 216 229
19 8 31 158 216 229
19 9 20 30 119 181
19 9 21 30 119 181
19 9 24 30 119 181
19 9 25 30 119 181
19 9 26 30 119 181
19 10 18 30 119 181
19 10 20 30 119 181
19 10 21 30 119 181
19 10 22 30 119 181
19 10 23 30 119 181
19 10 24 30 119 181
19 10 25 30 119 181
19 10 26 30 119 181
19 10 27 30 119 181
19 11 26 196 175 214
19 11 27 196 175 214
19 11 28 158 216 229
19 12 26 196 175 214
19 12 27 158 216 229
19 12 28 158 216 229
19 13 26 158 216 229
19 13 27 158 216 229
19 13 31 158 216 229
19 14 26 158 216 229
19 14 27 158 216 229
19 14 28 158 216 229
19 14 29 158 216 229
19 14 34 114 158 206
19 14 35 114 158 206
19 15 27 158 216 229
19 15 28 158 216 229
19 15 29 158 216 229
19 15 33 114 158 206
19 15 34 114 158 206
19 15 35 114 158 206
19 16 27 158 216 229
19 16 28 158 216 229
19 16 29 158 216 229
19 16 30 158 216 229
19 16 33 114 158 206
19 16 34 114 158 206
19 16 35 114 158 206
19 17 26 158 216 229
19 17 27 158 216 229
19 17 28 158 216 229
19 17 29 158 216 229
19 17 33 114 158 206
19 17 34 114 158 206
19 17 35 114 158 206
19 17 36 114 158 206
19 18 27 158 216 229
19 18 28 158 216 229
19 18 29 158 216 229
19 18 33 114 158 206
19 19 27 158 216 229
19 19 28 158 216 229
19 19 29 158 216 229
19 19 31 158 216 229
19 19 32 158 216 229
19 19 33 158 216 229
19 19 34 114 158 206
19 19 35 114 158 206
19 19 36 114 158 206
19 20 27 158 216 229
19 20 28 158 216 229
19 20 29 158 216 229
19 21 27 158 216 229
19 21 28 158 216 229
19 21 29 158 216 229
19 21 30 158 216 229
19 21 31 158 216 229
19 21 32 158 216 229
19 21 33 158 216 229
19 22 27 158 216 229
19 22 28 158 216 229
19 22 29 158 216 229
19 22 30 158 216 229
19 22 31 158 216 229
19 22 32 158 216 229
19 22 33 158 216 229
19 22 34 158 216 229
19 23 27 158 216 229
19 23 28 158 216 229
19 23 29 158 216 229
19 23 32 158 216 229
19 23 33 158 216 229
19 23 34 158 216 229
19 23 35 114 158 206
19 24 27 158 216 229
19 24 28 158 216 229
19 24 29 158 216 229
19 24 31 158 216 229
19 25 27 158 216 229
19 25 28 158 216 229
19 25 29 158 216 229
19 25 32 158 216 229
19 26 27 158 216 229
19 26 28 158 216 229
19 26 29 158 216 229
19 27 29 158 216 229
19 27 30 158 216 229
19 27 31 158 216 229
19 27 32 158 216 229
19 27 33 114 158 206
19 28 31 158 216 229
19 28 32 158 216 229
19 28 33 114 158 206
19 28 34 114 158 206
19 29 34 114 158 206
19 29 35 114 158 206
19 29 36 114 158 206
20 0 29 43 160 4
20 0 30 43 160 4
20 0 31 43 160 4
20 0 32 43 160 4
20 0 33 43 160 4
20 0 34 43 160 4
20 0 35 43 160 4
20 0 36 43 160 4
20 0 37 43 160 4
20 0 38 43 160 4
20 0 39 43 160 4
20 0 40 43 160 4
20 0 41 43 160 4
20 0 42 43 160 4
20 0 43 43 160 4
20 0 44 43 160 4
20 0 45 43 160 4
20 0 46 43 160 4
20 0 47 43 160 4
20 0 48 43 160 4
20 0 49 43 160 4
20 0 50 43 160 4
20 0 51 43 160 4
20 0 52 43 160 4
20 0 53 43 160 4
20 0 54 43 160 4
20 0 55 43 160 4
20 0 56 43 160 4
20 0 57 43 160 4
20 0 58 43 160 4
20 0 59 43 160 4
20 1 27 158 216 229
20 1 29 158 216 229
20 1 30 158 216 229
20 1 32 255 127 12
20 1 33 255 127 12
20 1 35 158 216 229
20 1 36 158 216 229
20 1 37 158 216 229
20 1 38 158 216 229
20 1 39 158 216 229
20 2 25 30 119 181
20 2 26 158 216 229
20 2 27 158 216 229
20 2 28 158 216 229
20 2 30 158 216 229
20 2 32 255 127 12
20 2 33 255 127 12
20 2 35 158 216 229
20 2 36 158 216 229
20 2 37 158 216 229
20 2 38 158 216 229
20 2 39 158 216 229
20 3 24 30 119 181
20 3 25 30 119 181
20 3 26 30 119 181
20 3 27 30 119 181
20 3 28 158 216 229
20 3 29 158 216 229
20 3 30 158 216 229
20 3 32 255 127 12
20 3 33 255 127 12
20 3 36 158 216 229
20 4 21 30 119 181
20 4 23 30 119 181
20 4 25 30 119 181
20 4 26 30 119 181
20 4 27 30 119 181
20 4 28 158 216 229
20 4 29 30 119 181
20 4 30 158 216 229
20 4 32 255 127 12
20 5 24 30 119 181
20 5 27 30 119 181
20 5 28 158 216 229
20 5 30 158 216 229
20 6 17 204 204 91
20 6 29 158 216 229
20 6 30 158 216 229
20 7 15 204 204 91
20 7 16 204 204 91
20 7 17 204 204 91
20 7 25 30 119 181
20 7 27 30 119 181
20 7 29 30 119 181
20 7 31 158 216 229
20 7 32 158 216 229
20 8 15 204 204 91
20 8 16 204 204 91
20 8 18 204 204 91
20 8 21 30 119 181
20 8 22 30 119 181
20 8 25 30 119 181
20 8 32 158 216 229
20 9 15 204 204 91
20 9 16 204 204 91
20 9 20 30 119 181
20 9 23 30 119 181
20 9 24 30 119 181
20 9 25 30 119 181
20 9 29 30 119 181
20 9 30 30 119 181
20 9 31 30 119 181
20 9 32 158 216 229
20 10 15 204 204 91
20 10 16 204 204 91
20 10 18 30 119 181
20 10 20 30 119 181
20 10 21 30 119 181
20 10 22 30 119 181
20 10 23 30 119 181
20 10 24 30 119 181
20 10 25 30 119 181
20 10 26 30 119 181
20 10 27 30 119 181
20 10 29 30 119 181
20 10 30 30 119 181
20 10 31 30 119 181
20 10 32 30 119 181
20 11 16 204 204 91
20 11 24 196 175 214
20 11 25 196 175 214
20 11 26 196 175 214
20 11 27 196 175 214
20 11 30 158 216 229
20 11 31 158 216 229
20 11 32 158 216 229
20 11 33 158 216 229
20 12 25 196 175 214
20 12 26 196 175 214
20 12 27 196 175 214
20 12 29 158 216 229
20 12 30 158 216 229
20 12 31 158 216 229
20 12 32 158 216 229
20 12 33 158 216 229
20 12 35 114 158 206
20 13 26 196 175 214
20 13 27 158 216 229
20 13 28 158 216 229
20 13 31 158 216 229
20 13 32 158 216 229
20 13 33 158 216 229
20 13 34 114 158 206
20 13 35 114 158 206
20 13 37 114 158 206
20 14 27 158 216 229
20 14 28 158 216 229
20 14 29 158 216 229
20 14 30 158 216 229
20 14 31 158 216 229
20 14 32 158 216 229
20 14 33 114 158 206
20 14 34 114 158 206
20 14 35 114 158 206
20 14 36 114 158 206
20 15 28 158 216 229
20 15 29 158 216 229
20 15 30 158 216 229
20 15 31 158 216 229
20 15 33 114 158 206
20 15 34 114 158 206
20 15 35 114 158 206
20 15 36 114 158 206
20 16 28 158 216 229
20 16 29 158 216 229
20 16 30 158 216 229
20 16 31 158 216 229
20 16 34 114 158 206
20 16 35 114 158 206
20 16 36 114 158 206
20 17 28 158 216 229
20 17 29 158 216 229
20 17 30 158 216 229
20 17 31 158 216 229
20 17 32 158 216 229
20 18 28 158 216 229
20 18 29 158 216 229
20 18 30 158 216 229
20 19 28 158 216 229
20 19 29 158 216 229
20 19 30 158 216 229
20 19 33 114 158 206
20 20 28 158 216 229
20 20 29 158 216 229
20 20 30 158 216 229
20 21 28 158 216 229
20 21 29 158 216 229
20 21 30 158 216 229
20 22 28 158 216 229
20 22 29 158 216 229
20 22 30 158 216 229
20 22 31 158 216 229
20 22 32 158 216 229
20 23 28 158 216 229
20 23 29 158 216 229
20 23 30 158 216 229
20 24 28 158 216 229
20 24 29 158 216 229
20 24 30 158 216 229
20 25 28 158 216 229
20 25 29 158 216 229
20 25 30 158 216 229
20 26 27 158 216 229
20 26 29 158 216 229
20 26 30 158 216 229
20 27 29 158 216 229
20 27 30 158 216 229
20 27 31 158 216 229
20 27 32 114 158 206
20 27 43 114 158 206
20 28 32 114 158 206
20 28 33 114 158 206
20 28 34 114 158 206
20 28 35 114 158 206
20 28 36 114 158 206
20 29 34 114 158 206
20 29 35 114 158 206
20 29 36 114 158 206
20 29 38 114 158 206
20 29 39 114 158 206
20 29 42 114 158 206
20 29 43 114 158 206
20 30 37 114 158 206
21 0 30 43 160 4
21 0 31 43 160 4
21 0 32 43 160 4
21 0 33 43 160 4
21 0 34 43 160 4
21 0 35 43 160 4
21 0 36 43 160 4
21 0 37 43 160 4
21 0 38 43 160 4
21 0 39 43 160 4
21 0 40 43 160 4
21 0 41 43 160 4
21 0 42 43 160 4
21 0 43 43 160 4
21 0 44 43 160 4
21 0 45 43 160 4
21 0 46 43 160 4
21 0 47 43 160 4
21 0 48 43 160 4
21 0 49 43 160 4
21 0 50 43 160 4
21 0 51 43 160 4
21 0 52 43 160 4
21 0 53 43 160 4
21 0 54 43 160 4
21 0 55 43 160 4
21 0 56 43 160 4
21 0 57 43 160 4
21 0 58 43 160 4
21 0 59 43 160 4
21 1 27 30 119 181
21 1 32 255 127 12
21 1 33 255 127 12
21 1 35 255 186 119
21 1 36 255 186 119
21 1 37 158 216 229
21 2 25 30 119 181
21 2 26 158 216 229
21 2 27 30 119 181
21 2 32 255 127 12
21 2 33 255 127 12
21 2 35 255 186 119
21 2 36 255 186 119
21 3 25 30 119 181
21 3 26 30 119 181
21 3 27 30 119 181
21 3 28 30 119 181
21 3 32 255 127 12
21 3 33 255 127 12
21 3 35 255 186 119
21 3 36 255 186 119
21 4 21 30 119 181
21 4 22 30 119 181
21 4 26 30 119 181
21 4 27 30 119 181
21 4 28 30 119 181
21 4 32 255 127 12
21 4 35 255 186 119
21 4 36 255 186 119
21 5 19 204 204 91
21 5 23 30 119 181
21 5 26 30 119 181
21 5 27 30 119 181
21 5 28 30 119 181
21 5 35 255 186 119
21 5 36 255 186 119
21 6 17 204 204 91
21 6 18 204 204 91
21 6 21 30 119 181
21 6 26 30 119 181
21 6 27 30 119 181
21 6 28 30 119 181
21 6 35 158 216 229
21 6 36 158 216 229
21 7 16 204 204 91
21 7 17 204 204 91
21 7 18 204 204 91
21 7 21 30 119 181
21 7 22 30 119 181
21 7 24 30 119 181
21 7 25 30 119 181
21 7 26 30 119 181
21 7 27 30 119 181
21 7 28 30 119 181
21 7 30 30 119 181
21 7 32 158 216 229
21 7 35 158 216 229
21 8 15 204 204 91
21 8 16 204 204 91
21 8 17 204 204 91
21 8 25 30 119 181
21 8 26 30 119 181
21 8 27 30 119 181
21 8 35 158 216 229
21 9 15 204 204 91
21 9 16 204 204 91
21 9 17 204 204 91
21 9 20 30 119 181
21 9 21 30 119 181
21 9 22 30 119 181
21 9 23 30 119 181
21 9 24 30 119 181
21 9 25 30 119 181
21 9 26 30 119 181
21 9 27 30 119 181
21 9 28 30 119 181
21 9 29 30 119 181
21 9 30 30 119 181
21 9 31 30 119 181
21 9 32 30 119 181
21 9 34 158 216 229
21 10 15 204 204 91
21 10 16 204 204 91
21 10 17 204 204 91
21 10 20 30 119 181
21 10 21 30 119 181
21 10 22 30 119 181
21 10 23 30 119 181
21 10 24 30 119 181
21 10 25 30 119 181
21 10 26 30 119 181
21 10 27 30 119 181
21 10 28 30 119 181
21 10 29 30 119 181
21 10 30 30 119 181
21 10 31 30 119 181
21 10 32 30 119 181
21 10 33 30 119 181
21 11 16 204 204 91
21 11 17 204 204 91
21 11 24 196 175 214
21 11 25 196 175 214
21 11 26 196 175 214
21 11 27 196 175 214
21 11 28 196 175 214
21 11 29 196 175 214
21 11 30 196 175 214
21 11 31 196 175 214
21 11 32 158 216 229
21 11 33 158 216 229
21 11 34 114 158 206
21 12 24 196 175 214
21 12 25 196 175 214
21 12 26 196 175 214
21 12 27 196 175 214
21 12 28 158 216 229
21 12 29 158 216 229
21 12 30 158 216 229
21 12 31 158 216 229
21 12 32 158 216 229
21 12 33 158 216 229
21 12 34 114 158 206
21 12 36 114 158 206
21 13 24 196 175 214
21 13 25 196 175 214
21 13 26 196 175 214
21 13 27 158 216 229
21 13 28 158 216 229
21 13 29 158 216 229
21 13 30 158 216 229
21 13 31 158 216 229
21 13 32 196 175 214
21 13 33 114 158 206
21 13 34 114 158 206
21 13 37 114 158 206
21 13 38 114 158 206
21 14 27 158 216 229
21 14 28 158 216 229
21 14 29 158 216 229
21 14 30 158 216 229
21 14 31 158 216 229
21 14 33 114 158 206
21 14 34 114 158 206
21 14 35 114 158 206
21 14 36 114 158 206
21 14 38 114 158 206
21 15 28 158 216 229
21 15 29 158 216 229
21 15 33 114 158 206
21 15 34 114 158 206
21 15 35 114 158 206
21 15 36 114 158 206
21 15 38 114 158 206
21 16 29 158 216 229
21 16 34 114 158 206
21 16 35 114 158 206
21 16 36 114 158 206
21 16 37 114 158 206
21 16 38 114 158 206
21 17 36 114 158 206
21 17 37 114 158 206
21 18 28 158 216 229
21 19 27 158 216 229
21 20 27 158 216 229
21 21 28 158 216 229
21 21 38 114 158 206
21 23 38 114 158 206
21 24 38 114 158 206
21 25 38 114 158 206
21 26 30 158 216 229
21 26 39 114 158 206
21 27 29 158 216 229
21 27 33 114 158 206
21 27 34 114 158 206
21 27 38 114 158 206
21 27 39 114 158 206
21 27 40 114 158 206
21 27 41 114 158 206
21 28 31 114 158 206
21 28 33 114 158 206
21 28 34 114 158 206
21 28 35 114 158 206
21 28 36 114 158 206
21 28 37 114 158 206
21 28 38 114 158 206
21 28 39 114 158 206
21 28 40 114 158 206
21 28 41 114 158 206
21 28 42 114 158 206
21 28 43 114 158 206
21 29 34 114 158 206
21 29 35 114 158 206
21 29 36 114 158 206
21 29 37 114 158 206
21 29 38 114 158 206
21 29 39 114 158 206
21 29 40 114 158 206
21 29 41 114 158 206
21 29 42 114 158 206
21 30 36 114 158 206
22 0 30 43 160 4
22 0 31 43 160 4
22 0 32 43 160 4
22 0 33 43 160 4
22 0 34 43 160 4
22 0 35 43 160 4
22 0 36 43 160 4
22 0 37 43 160 4
22 0 38 43 160 4
22 0 39 43 160 4
22 0 40 43 160 4
22 0 41 43 160 4
22 0 42 43 160 4
22 0 43 43 160 4
22 0 44 43 160 4
22 0 45 43 160 4
22 0 46 43 160 4
22 0 47 43 160 4
22 0 48 43 160 4
22 0 49 43 160 4
22 0 50 43 160 4
22 0 51 43 160 4
22 0 52 43 160 4
22 0 53 43 160 4
22 0 54 43 160 4
22 0 55 43 160 4
22 0 56 43 160 4
22 0 57 43 160 4
22 0 58 43 160 4
22 0 59 43 160 4
22 1 27 255 186 119
22 1 32 255 127 12
22 1 33 255 127 12
22 1 34 255 186 119
22 1 35 255 186 119
22 1 36 255 186 119
22 2 25 30 119 181
22 2 26 30 119 181
22 2 27 30 119 181
22 2 32 255 127 12
22 2 33 255 127 12
22 2 34 255 186 119
22 2 35 255 186 119
22 2 36 255 186 119
22 3 25 30 119 181
22 3 26 30 119 181
22 3 27 30 119 181
22 3 29 255 186 119
22 3 30 255 186 119
22 3 31 255 186 119
22 3 32 255 127 12
22 3 33 255 186 119
22 3 34 255 186 119
22 3 35 255 186 119
22 3 36 255 186 119
22 4 25 30 119 181
22 4 26 255 186 119
22 4 27 255 186 119
22 4 29 255 186 119
22 4 30 255 186 119
22 4 31 255 186 119
22 4 32 255 186 119
22 4 33 255 186 119
22 4 34 255 186 119
22 4 35 255 186 119
22 4 36 255 186 119
22 5 19 204 204 91
22 5 20 30 119 181
22 5 25 30 119 181
22 5 26 30 119 181
22 5 27 30 119 181
22 5 29 255 186 119
22 5 35 255 186 119
22 5 36 255 186 119
22 6 17 204 204 91
22 6 18 204 204 91
22 6 19 204 204 91
22 6 20 30 119 181
22 6 25 30 119 181
22 6 26 30 119 181
22 6 27 30 119 181
22 6 36 255 186 119
22 7 17 204 204 91
22 7 18 204 204 91
22 7 19 204 204 91
22 7 20 30 119 181
22 7 21 30 119 181
22 7 25 30 119 181
22 7 26 30 119 181
22 7 27 30 119 181
22 7 29 30 119 181
22 7 31 30 119 181
22 8 17 204 204 91
22 8 18 204 204 91
22 8 19 204 204 91
22 8 20 30 119 181
22 8 21 30 119 181
22 8 22 30 119 181
22 8 23 30 119 181
22 8 24 30 119 181
22 8 25 30 119 181
22 8 26 30 119 181
22 8 27 30 119 181
22 8 32 30 119 181
22 8 33 30 119 181
22 8 34 30 119 181
22 9 16 204 204 91
22 9 17 204 204 91
22 9 18 204 204 91
22 9 19 30 119 181
22 9 20 30 119 181
22 9 21 30 119 181
22 9 22 30 119 181
22 9 23 30 119 181
22 9 24 30 119 181
22 9 25 30 119 181
22 9 26 30 119 181
22 9 27 30 119 181
22 9 28 30 119 181
22 9 29 30 119 181
22 9 30 30 119 181
22 9 31 30 119 181
22 9 32 30 119 181
22 9 33 30 119 181
22 10 16 204 204 91
22 10 17 204 204 91
22 10 18 204 204 91
22 10 19 30 119 181
22 10 20 30 119 181
22 10 21 30 119 181
22 10 22 30 119 181
22 10 23 30 119 181
22 10 24 30 119 181
22 10 25 30 119 181
22 10 26 30 119 181
22 10 27 30 119 181
22 10 28 30 119 181
22 10 29 30 119 181
22 10 30 30 119 181
22 10 31 30 119 181
22 10 32 196 175 214
22 10 33 30 119 181
22 10 34 30 119 181
22 10 35 114 158 206
22 10 37 114 158 206
22 11 16 204 204 91
22 11 17 204 204 91
22 11 24 196 175 214
22 11 25 196 175 214
22 11 32 196 175 214
22 11 33 196 175 214
22 11 34 114 158 206
22 11 35 114 158 206
22 11 37 114 158 206
22 12 24 196 175 214
22 12 25 196 175 214
22 12 32 196 175 214
22 12 33 196 175 214
22 12 34 114 158 206
22 12 35 114 158 206
22 12 37 114 158 206
22 13 27 196 175 214
22 13 28 196 175 214
22 13 32 196 175 214
22 13 33 114 158 206
22 13 34 114 158 206
22 13 35 114 158 206
22 14 27 196 175 214
22 14 34 114 158 206
22 14 35 114 158 206
22 14 36 114 158 206
22 14 37 114 158 206
22 15 35 114 158 206
22 15 36 114 158 206
22 15 37 114 158 206
22 16 35 114 158 206
22 16 36 114 158 206
22 16 37 114 158 206
22 17 35 114 158 206
22 17 36 114 158 206
22 17 37 114 158 206
22 18 37 114 158 206
22 18 38 114 158 206
22 18 39 114 158 206
22 19 36 114 158 206
22 19 37 114 158 206
22 19 38 114 158 206
22 20 36 114 158 206
22 20 37 114 158 206
22 20 39 114 158 206
22 21 36 114 158 206
22 21 37 114 158 206
22 21 39 114 158 206
22 22 36 114 158 206
22 22 37 114 158 206
22 22 38 114 158 206
22 23 36 114 158 206
22 23 37 114 158 206
22 24 36 114 158 206
22 24 37 114 158 206
22 24 38 114 158 206
22 25 36 114 158 206
22 25 37 114 158 206
22 25 38 114 158 206
22 26 36 114 158 206
22 26 37 114 158 206
22 26 38 114 158 206
22 26 39 114 158 206
22 27 35 114 158 206
22 27 36 114 158 206
22 27 37 114 158 206
22 27 38 114 158 206
22 27 39 114 158 206
22 27 40 114 158 206
22 28 35 114 158 206
22 28 36 114 158 206
22 28 37 114 158 206
22 28 38 114 158 206
22 28 39 114 158 206
22 28 40 114 158 206
22 29 34 114 158 206
22 29 35 114 158 206
22 29 36 114 158 206
22 29 37 114 158 206
22 29 38 114 158 206
22 29 41 114 158 206
22 30 36 114 158 206
23 0 29 43 160 4
23 0 30 43 160 4
23 0 31 43 160 4
23 0 32 43 160 4
23 0 33 43 160 4
23 0 34 43 160 4
23 0 35 43 160 4
23 0 36 43 160 4
23 0 37 43 160 4
23 0 38 43 160 4
23 0 39 43 160 4
23 0 40 43 160 4
23 0 41 43 160 4
23 0 42 43 160 4
23 0 43 43 160 4
23 0 44 43 160 4
23 0 45 43 160 4
23 0 46 43 160 4
23 0 47 43 160 4
23 0 48 43 160 4
23 0 49 43 160 4
23 0 50 43 160 4
23 0 51 43 160 4
23 0 52 43 160 4
23 0 53 43 160 4
23 0 54 43 160 4
23 0 55 43 160 4
23 0 56 43 160 4
23 0 57 43 160 4
23 0 58 43 160 4
23 0 59 43 160 4
23 1 28 255 186 119
23 1 29 255 186 119
23 1 30 255 186 119
23 1 31 255 186 119
23 1 32 255 186 119
23 1 33 255 186 119
23 1 34 255 186 119
23 1 35 255 186 119
23 1 36 255 186 119
23 1 37 255 186 119
23 1 39 255 186 119
23 2 25 255 186 119
23 2 26 255 186 119
23 2 28 255 186 119
23 2 29 255 186 119
23 2 30 255 186 119
23 2 31 255 186 119
23 2 32 255 186 119
23 2 33 255 186 119
23 2 34 255 186 119
23 2 35 255 186 119
23 2 36 255 186 119
23 2 37 255 186 119
23 2 40 255 186 119
23 3 23 255 186 119
23 3 24 255 186 119
23 3 25 255 186 119
23 3 26 255 186 119
23 3 28 255 186 119
23 3 29 255 186 119
23 3 30 255 186 119
23 3 31 255 186 119
23 3 32 255 186 119
23 3 33 255 186 119
23 3 34 255 186 119
23 3 35 255 186 119
23 3 36 255 186 119
23 3 37 255 186 119
23 4 24 255 186 119
23 4 25 255 186 119
23 4 26 255 186 119
23 4 28 255 186 119
23 4 29 255 186 119
23 4 30 255 186 119
23 4 31 255 186 119
23 4 32 255 186 119
23 4 33 255 186 119
23 4 34 255 186 119
23 4 35 255 186 119
23 4 36 255 186 119
23 4 37 255 186 119
23 5 24 30 119 181
23 5 25 30 119 181
23 5 26 255 186 119
23 5 28 255 186 119
23 5 29 255 186 119
23 5 30 255 186 119
23 5 31 255 186 119
23 5 32 255 186 119
23 5 33 255 186 119
23 5 34 255 186 119
23 5 35 255 186 119
23 5 36 255 186 119
23 5 37 255 186 119
23 6 24 30 119 181
23 6 25 30 119 181
23 6 26 30 119 181
23 6 28 255 186 119
23 6 35 255 186 119
23 6 36 255 186 119
23 7 17 204 204 91
23 7 18 204 204 91
23 7 24 30 119 181
23 7 25 30 119 181
23 7 28 30 119 181
23 7 31 255 186 119
23 7 35 255 186 119
23 8 17 204 204 91
23 8 18 204 204 91
23 8 19 204 204 91
23 8 23 30 119 181
23 8 24 30 119 181
23 8 25 30 119 181
23 8 32 30 119 181
23 8 33 30 119 181
23 8 34 255 186 119
23 9 17 204 204 91
23 9 18 204 204 91
23 9 19 30 119 181
23 9 20 30 119 181
23 9 21 30 119 181
23 9 22 30 119 181
23 9 23 30 119 181
23 9 24 30 119 181
23 9 25 30 119 181
23 9 27 30 119 181
23 9 28 30 119 181
23 9 29 30 119 181
23 9 30 30 119 181
23 9 31 30 119 181
23 9 32 30 119 181
23 9 33 30 119 181
23 9 34 255 127 12
23 10 17 204 204 91
23 10 18 204 204 91
23 10 21 30 119 181
23 10 22 30 119 181
23 10 23 30 119 181
23 10 24 30 119 181
23 10 25 30 119 181
23 10 28 30 119 181
23 10 32 196 175 214
23 10 33 196 175 214
23 10 34 114 158 206
23 10 35 114 158 206
23 10 36 114 158 206
23 11 33 196 175 214
23 11 34 114 158 206
23 11 35 114 158 206
23 11 36 114 158 206
23 12 33 196 175 214
23 12 34 114 158 206
23 12 35 114 158 206
23 12 38 114 158 206
23 13 32 196 175 214
23 13 33 114 158 206
23 13 34 114 158 206
23 13 35 114 158 206
23 13 36 114 158 206
23 14 34 114 158 206
23 14 35 114 158 206
23 14 36 114 158 206
23 14 37 114 158 206
23 14 39 114 158 206
23 14 40 114 158 206
23 14 41 114 158 206
23 14 42 114 158 206
23 15 36 114 158 206
23 15 37 114 158 206
23 15 39 114 158 206
23 15 40 114 158 206
23 15 41 114 158 206
23 15 42 114 158 206
23 16 36 114 158 206
23 16 37 114 158 206
23 16 39 114 158 206
23 16 40 114 158 206
23 16 41 114 158 206
23 16 42 114 158 206
23 17 36 114 158 206
23 17 37 114 158 206
23 17 44 114 158 206
23 18 36 114 158 206
23 18 37 114 158 206
23 19 36 114 158 206
23 19 37 114 158 206
23 19 44 114 158 206
23 20 36 114 158 206
23 20 37 114 158 206
23 21 36 114 158 206
23 21 37 114 158 206
23 22 36 114 158 206
23 22 37 114 158 206
23 22 43 114 158 206
23 22 44 114 158 206
23 23 36 114 158 206
23 23 37 114 158 206
23 24 35 114 158 206
23 24 36 114 158 206
23 24 37 114 158 206
23 24 39 114 158 206
23 24 40 114 158 206
23 25 36 114 158 206
23 25 37 114 158 206
23 25 39 114 158 206
23 25 40 114 158 206
23 26 36 114 158 206
23 26 37 114 158 206
23 26 40 114 158 206
23 27 36 114 158 206
23 27 37 114 158 206
23 28 36 114 158 206
23 28 37 114 158 206
23 29 35 114 158 206
23 29 36 114 158 206
23 29 37 114 158 206
23 29 39 114 158 206
23 29 40 114 158 206
23 30 36 114 158 206
24 0 29 43 160 4
24 0 30 43 160 4
24 0 31 43 160 4
24 0 32 43 160 4
24 0 33 43 160 4
24 0 34 43 160 4
24 0 35 43 160 4
24 0 36 43 160 4
24 0 37 43 160 4
24 0 38 43 160 4
24 0 39 43 160 4
24 0 40 43 160 4
24 0 41 43 160 4
24 0 42 43 160 4
24 0 43 43 160 4
24 0 44 43 160 4
24 0 45 43 160 4
24 0 46 43 160 4
24 0 47 43 160 4
24 0 48 43 160 4
24 0 49 43 160 4
24 0 50 43 160 4
24 0 51 43 160 4
24 0 52 43 160 4
24 0 53 43 160 4
24 0 54 43 160 4
24 0 55 43 160 4
24 0 56 43 160 4
24 0 57 43 160 4
24 0 58 43 160 4
24 0 59 43 160 4
24 1 28 255 186 119
24 1 29 255 186 119
24 1 30 255 186 119
24 1 31 255 186 119
24 1 32 255 186 119
24 1 33 255 186 119
24 1 34 255 186 119
24 1 35 255 186 119
24 1 36 255 186 119
24 1 37 255 186 119
24 1 38 255 186 119
24 1 39 255 186 119
24 1 40 255 186 119
24 2 25 255 186 119
24 2 26 255 186 119
24 2 27 255 186 119
24 2 28 255 186 119
24 2 29 255 186 119
24 2 30 255 186 119
24 2 31 255 186 119
24 2 32 255 186 119
24 2 33 255 186 119
24 2 34 255 186 119
24 2 35 255 186 119
24 2 36 255 186 119
24 2 37 255 186 119
24 2 38 255 186 119
24 2 39 255 186 119
24 2 40 255 186 119
24 3 23 255 186 119
24 3 24 255 186 119
24 3 27 255 186 119
24 3 28 255 186 119
24 3 29 255 186 119
24 3 30 255 186 119
24 3 31 255 186 119
24 3 32 255 186 119
24 3 33 255 186 119
24 3 34 255 186 119
24 3 35 255 186 119
24 3 36 255 186 119
24 3 37 255 186 119
24 3 38 255 186 119
24 3 39 255 186 119
24 3 40 255 186 119
24 4 23 255 186 119
24 4 24 255 186 119
24 4 25 255 186 119
24 4 27 255 186 119
24 4 28 255 186 119
24 4 29 255 186 119
24 4 30 255 186 119
24 4 31 255 186 119
24 4 32 255 186 119
24 4 33 255 186 119
24 4 34 255 186 119
24 4 35 255 186 119
24 4 36 255 186 119
24 4 37 255 186 119
24 4 38 255 186 119
24 4 39 255 186 119
24 4 40 255 186 119
24 5 23 255 186 119
24 5 24 255 186 119
24 5 27 255 186 119
24 5 28 255 186 119
24 5 29 255 186 119
24 5 30 255 186 119
24 5 31 255 186 119
24 5 32 255 186 119
24 5 33 255 186 119
24 5 34 255 186 119
24 5 35 255 186 119
24 5 36 255 186 119
24 5 37 255 186 119
24 5 38 255 186 119
24 5 39 255 186 119
24 6 23 255 186 119
24 6 24 255 186 119
24 6 25 255 186 119
24 6 27 255 186 119
24 6 28 255 186 119
24 6 29 255 186 119
24 6 30 255 186 119
24 6 31 255 186 119
24 6 32 255 186 119
24 6 33 255 186 119
24 6 34 255 186 119
24 6 35 255 186 119
24 6 36 255 186 119
24 6 37 255 186 119
24 7 23 255 186 119
24 7 24 255 186 119
24 7 27 255 186 119
24 7 28 255 186 119
24 7 29 255 186 119
24 7 30 255 186 119
24 7 35 255 186 119
24 8 22 30 119 181
24 8 23 30 119 181
24 8 24 255 186 119
24 8 31 255 186 119
24 8 32 255 186 119
24 8 33 255 186 119
24 8 34 255 186 119
24 9 21 30 119 181
24 9 22 30 119 181
24 9 23 30 119 181
24 9 24 30 119 181
24 9 27 30 119 181
24 9 28 255 186 119
24 9 29 255 186 119
24 9 32 196 175 214
24 9 33 196 175 214
24 9 34 196 175 214
24 9 35 158 216 229
24 10 21 30 119 181
24 10 22 30 119 181
24 10 23 30 119 181
24 10 24 30 119 181
24 10 33 196 175 214
24 10 34 158 216 229
24 10 35 114 158 206
24 10 36 114 158 206
24 11 34 114 158 206
24 11 35 114 158 206
24 11 36 114 158 206
24 12 34 114 158 206
24 12 35 114 158 206
24 12 36 114 158 206
24 12 37 114 158 206
24 12 39 114 158 206
24 13 34 114 158 206
24 13 35 114 158 206
24 13 36 114 158 206
24 13 37 114 158 206
24 13 42 114 158 206
24 14 36 114 158 206
24 14 37 114 158 206
24 14 38 114 158 206
24 15 36 114 158 206
24 15 37 114 158 206
24 16 36 114 158 206
24 16 37 114 158 206
24 16 38 114 158 206
24 17 35 114 158 206
24 17 36 114 158 206
24 17 37 114 158 206
24 17 38 114 158 206
24 17 39 114 158 206
24 17 40 114 158 206
24 17 41 114 158 206
24 17 42 114 158 206
24 17 43 114 158 206
24 17 44 114 158 206
24 18 36 114 158 206
24 18 37 114 158 206
24 18 38 114 158 206
24 18 39 114 158 206
24 18 40 114 158 206
24 18 41 114 158 206
24 18 42 114 158 206
24 19 36 114 158 206
24 19 37 114 158 206
24 19 38 114 158 206
24 19 39 114 158 206
24 19 40 114 158 206
24 19 41 114 158 206
24 19 43 114 158 206
24 19 45 114 158 206
24 20 36 114 158 206
24 20 37 114 158 206
24 20 38 114 158 206
24 20 39 114 158 206
24 20 40 114 158 206
24 20 41 114 158 206
24 20 42 114 158 206
24 20 44 114 158 206
24 21 36 114 158 206
24 21 37 114 158 206
24 21 38 114 158 206
24 21 39 114 158 206
24 21 40 114 158 206
24 21 42 114 158 206
24 21 43 114 158 206
24 21 44 114 158 206
24 22 36 114 158 206
24 22 37 114 158 206
24 22 38 114 158 206
24 22 39 114 158 206
24 22 40 114 158 206
24 22 41 114 158 206
24 22 45 114 158 206
24 22 54 158 216 229
24 23 36 114 158 206
24 23 37 114 158 206
24 23 38 114 158 206
24 23 39 114 158 206
24 23 40 114 158 206
24 23 41 114 158 206
24 23 42 114 158 206
24 23 43 114 158 206
24 24 36 114 158 206
24 24 37 114 158 206
24 25 36 114 158 206
24 25 37 114 158 206
24 25 38 114 158 206
24 25 42 114 158 206
24 26 36 114 158 206
24 26 37 114 158 206
24 26 38 114 158 206
24 26 42 114 158 206
24 27 36 114 158 206
24 27 37 114 158 206
24 27 38 114 158 206
24 27 42 114 158 206
24 28 36 114 158 206
24 28 37 114 158 206
24 28 38 114 158 206
24 28 42 114 158 206
24 29 35 114 158 206
24 29 36 114 158 206
24 29 37 114 158 206
24 29 38 114 158 206
24 29 42 114 158 206
24 30 36 214 38 40
24 30 37 114 158 206
24 30 40 114 158 206
24 30 41 114 158 206
25 0 29 43 160 4
25 0 30 43 160 4
25 0 31 43 160 4
25 0 32 43 160 4
25 0 33 43 160 4
25 0 34 43 160 4
25 0 35 43 160 4
25 0 36 43 160 4
25 0 37 43 160 4
25 0 38 43 160 4
25 0 39 43 160 4
25 0 40 43 160 4
25 0 41 43 160 4
25 0 42 43 160 4
25 0 43 43 160 4
25 0 44 43 160 4
25 0 45 43 160 4
25 0 46 43 160 4
25 0 47 43 160 4
25 0 48 43 160 4
25 0 49 43 160 4
25 0 50 43 160 4
25 0 51 43 160 4
25 0 52 43 160 4
25 0 53 43 160 4
25 0 54 43 160 4
25 0 55 43 160 4
25 0 56 43 160 4
25 0 57 43 160 4
25 0 58 43 160 4
25 0 59 43 160 4
25 1 27 255 186 119
25 1 28 255 186 119
25 1 29 255 186 119
25 1 30 255 186 119
25 1 31 255 186 119
25 1 32 255 186 119
25 1 33 255 186 119
25 1 34 255 186 119
25 1 35 255 186 119
25 1 36 255 186 119
25 1 37 255 186 119
25 1 38 255 186 119
25 1 39 255 186 119
25 1 40 255 186 119
25 1 41 158 216 229
25 2 26 255 186 119
25 2 27 255 186 119
25 2 28 255 186 119
25 2 29 255 186 119
25 2 30 255 186 119
25 2 31 255 186 119
25 2 32 255 186 119
25 2 33 255 186 119
25 2 34 255 186 119
25 2 35 255 186 119
25 2 36 255 186 119
25 2 37 255 186 119
25 2 38 255 186 119
25 2 39 255 186 119
25 2 40 255 186 119
25 3 23 255 186 119
25 3 26 255 186 119
25 3 27 255 186 119
25 3 28 255 186 119
25 3 29 255 186 119
25 3 30 255 186 119
25 3 31 255 186 119
25 3 32 255 186 119
25 3 33 255 186 119
25 3 34 255 186 119
25 3 35 255 186 119
25 3 36 255 186 119
25 3 37 255 186 119
25 3 38 255 186 119
25 3 39 255 186 119
25 3 40 255 186 119
25 4 22 255 186 119
25 4 23 255 186 119
25 4 26 255 186 119
25 4 27 255 186 119
25 4 28 255 186 119
25 4 29 255 186 119
25 4 30 255 186 119
25 4 31 255 186 119
25 4 32 255 186 119
25 4 33 255 186 119
25 4 34 255 186 119
25 4 35 255 186 119
25 4 36 255 186 119
25 4 37 255 186 119
25 4 38 255 186 119
25 4 39 255 186 119
25 4 40 255 186 119
25 5 22 255 186 119
25 5 23 255 186 119
25 5 26 255 186 119
25 5 27 255 186 119
25 5 28 255 186 119
25 5 29 255 186 119
25 5 30 255 186 119
25 5 31 255 186 119
25 5 32 255 186 119
25 5 33 255 186 119
25 5 34 255 186 119
25 5 35 255 186 119
25 5 36 255 186 119
25 5 37 255 186 119
25 5 38 255 186 119
25 5 39 255 186 119
25 5 40 255 186 119
25 6 22 255 186 119
25 6 23 255 186 119
25 6 26 255 186 119
25 6 27 255 186 119
25 6 28 255 186 119
25 6 29 255 186 119
25 6 30 255 186 119
25 6 31 255 186 119
25 6 32 255 186 119
25 6 33 255 186 119
25 6 34 255 186 119
25 6 35 255 186 119
25 6 36 255 186 119
25 6 37 255 186 119
25 6 39 255 186 119
25 7 22 255 186 119
25 7 23 255 186 119
25 7 27 255 186 119
25 7 36 255 186 119
25 8 22 255 186 119
25 8 23 255 186 119
25 8 24 255 186 119
25 8 25 255 186 119
25 8 27 255 186 119
25 8 28 255 186 119
25 8 29 255 186 119
25 8 30 255 186 119
25 8 31 255 186 119
25 8 32 255 186 119
25 8 33 196 175 214
25 8 34 196 175 214
25 8 35 196 175 214
25 9 22 30 119 181
25 9 23 30 119 181
25 9 24 255 186 119
25 9 25 255 186 119
25 9 26 255 186 119
25 9 27 255 186 119
25 9 28 255 186 119
25 9 29 255 186 119
25 9 30 255 186 119
25 9 31 255 186 119
25 9 32 196 175 214
25 9 33 196 175 214
25 9 34 196 175 214
25 9 35 196 175 214
25 9 36 158 216 229
25 10 21 30 119 181
25 10 22 30 119 181
25 10 23 30 119 181
25 10 24 30 119 181
25 10 33 196 175 214
25 10 34 196 175 214
25 10 35 196 175 214
25 10 36 114 158 206
25 10 37 114 158 206
25 11 35 114 158 206
25 11 36 114 158 206
25 11 37 114 158 206
25 11 38 114 158 206
25 12 35 114 158 206
25 12 36 114 158 206
25 12 37 114 158 206
25 12 38 114 158 206
25 12 41 114 158 206
25 12 42 114 158 206
25 13 36 114 158 206
25 13 37 114 158 206
25 13 38 114 158 206
25 13 39 114 158 206
25 13 40 114 158 206
25 13 43 114 158 206
25 14 36 114 158 206
25 14 37 114 158 206
25 14 38 114 158 206
25 14 39 114 158 206
25 14 40 114 158 206
25 14 41 114 158 206
25 14 42 114 158 206
25 14 44 114 158 206
25 14 45 114 158 206
25 14 46 114 158 206
25 15 36 114 158 206
25 15 37 114 158 206
25 15 38 114 158 206
25 15 39 114 158 206
25 15 40 114 158 206
25 15 41 114 158 206
25 15 42 114 158 206
25 16 36 114 158 206
25 16 37 114 158 206
25 16 38 114 158 206
25 16 39 114 158 206
25 16 40 114 158 206
25 16 41 114 158 206
25 16 44 114 158 206
25 16 45 114 158 206
25 17 41 114 158 206
25 17 42 114 158 206
25 17 43 114 158 206
25 17 45 114 158 206
25 18 36 114 158 206
25 18 37 114 158 206
25 18 38 114 158 206
25 18 39 114 158 206
25 18 40 114 158 206
25 18 41 114 158 206
25 18 42 114 158 206
25 18 43 114 158 206
25 19 36 114 158 206
25 19 37 114 158 206
25 19 38 114 158 206
25 19 39 114 158 206
25 19 40 114 158 206
25 19 41 114 158 206
25 19 42 114 158 206
25 19 43 114 158 206
25 19 45 114 158 206
25 20 36 114 158 206
25 20 37 114 158 206
25 20 38 114 158 206
25 20 39 114 158 206
25 20 40 114 158 206
25 20 41 114 158 206
25 20 42 114 158 206
25 22 36 114 158 206
25 22 37 114 158 206
25 22 38 114 158 206
25 22 39 114 158 206
25 22 40 114 158 206
25 23 36 114 158 206
25 23 37 114 158 206
25 23 38 114 158 206
25 23 39 114 158 206
25 23 40 114 158 206
25 23 41 114 158 206
25 23 42 114 158 206
25 23 43 114 158 206
25 24 36 114 158 206
25 24 37 114 158 206
25 24 38 114 158 206
25 24 39 114 158 206
25 24 40 114 158 206
25 24 41 114 158 206
25 24 44 114 158 206
25 24 45 114 158 206
25 25 36 114 158 206
25 25 37 114 158 206
25 25 38 114 158 206
25 25 39 114 158 206
25 25 40 114 158 206
25 25 41 114 158 206
25 25 43 114 158 206
25 25 44 114 158 206
25 25 45 114 158 206
25 26 37 114 158 206
25 26 38 114 158 206
25 26 39 114 158 206
25 26 40 114 158 206
25 26 41 114 158 206
25 26 43 114 158 206
25 26 44 114 158 206
25 26 45 114 158 206
25 27 37 114 158 206
25 27 38 114 158 206
25 27 39 114 158 206
25 27 40 114 158 206
25 27 43 114 158 206
25 27 44 114 158 206
25 28 37 114 158 206
25 28 38 114 158 206
25 28 39 114 158 206
25 28 40 114 158 206
25 28 41 114 158 206
25 28 43 114 158 206
25 28 44 114 158 206
25 29 36 114 158 206
25 29 37 114 158 206
25 29 38 114 158 206
25 29 39 114 158 206
25 29 40 114 158 206
25 29 41 114 158 206
25 29 42 114 158 206
25 29 44 114 158 206
25 30 36 214 38 40
25 30 37 114 158 206
25 30 38 114 158 206
25 30 43 114 158 206
25 31 38 214 38 40
25 31 39 114 158 206
26 0 29 43 160 4
26 0 30 43 160 4
26 0 31 43 160 4
26 0 32 43 160 4
26 0 33 43 160 4
26 0 34 43 160 4
26 0 35 43 160 4
26 0 36 43 160 4
26 0 37 43 160 4
26 0 38 43 160 4
26 0 39 43 160 4
26 0 40 43 160 4
26 0 41 43 160 4
26 0 42 43 160 4
26 0 43 43 160 4
26 0 44 43 160 4
26 0 45 43 160 4
26 0 46 43 160 4
26 0 47 43 160 4
26 0 48 43 160 4
26 0 49 43 160 4
26 0 50 43 160 4
26 0 51 43 160 4
26 0 52 43 160 4
26 0 53 43 160 4
26 0 54 43 160 4
26 0 55 43 160 4
26 0 56 43 160 4
26 0 57 43 160 4
26 0 58 43 160 4
26 0 59 43 160 4
26 1 27 255 186 119
26 1 28 255 186 119
26 1 29 255 186 119
26 1 30 255 186 119
26 1 31 255 186 119
26 1 32 255 186 119
26 1 33 255 186 119
26 1 34 255 186 119
26 1 35 255 186 119
26 1 36 255 186 119
26 1 37 255 186 119
26 1 38 255 186 119
26 1 39 255 186 119
26 1 40 255 186 119
26 2 25 255 186 119
26 2 26 255 186 119
26 2 27 255 186 119
26 2 28 255 186 119
26 2 29 255 186 119
26 2 30 255 186 119
26 2 31 255 186 119
26 2 32 255 186 119
26 2 33 255 186 119
26 2 34 255 186 119
26 2 35 255 186 119
26 2 36 255 186 119
26 2 37 255 186 119
26 2 38 255 186 119
26 2 39 255 186 119
26 2 40 255 186 119
26 2 42 158 216 229
26 3 23 255 186 119
26 3 25 255 186 119
26 3 26 255 186 119
26 3 27 255 186 119
26 3 28 255 186 119
26 3 29 255 186 119
26 3 30 255 186 119
26 3 31 255 186 119
26 3 32 255 186 119
26 3 33 255 186 119
26 3 34 255 186 119
26 3 35 255 186 119
26 3 36 255 186 119
26 3 37 255 186 119
26 3 38 255 186 119
26 3 39 255 186 119
26 3 40 255 186 119
26 4 21 255 186 119
26 4 22 255 186 119
26 4 23 255 186 119
26 4 25 255 186 119
26 4 26 255 186 119
26 4 27 255 186 119
26 4 28 255 186 119
26 4 29 255 186 119
26 4 30 255 186 119
26 4 31 255 186 119
26 4 32 255 186 119
26 4 33 255 186 119
26 4 34 255 186 119
26 4 35 255 186 119
26 4 36 255 186 119
26 4 37 255 186 119
26 4 38 255 186 119
26 4 39 255 186 119
26 4 40 255 186 119
26 5 20 255 186 119
26 5 21 255 186 119
26 5 22 255 186 119
26 5 23 255 186 119
26 5 25 255 186 119
26 5 26 255 186 119
26 5 27 255 186 119
26 5 28 255 186 119
26 5 29 255 186 119
26 5 30 255 186 119
26 5 31 255 186 119
26 5 32 255 186 119
26 5 33 255 186 119
26 5 34 255 186 119
26 5 35 255 186 119
26 5 36 255 186 119
26 5 37 255 186 119
26 5 38 255 186 119
26 5 39 255 186 119
26 5 40 255 186 119
26 6 20 255 186 119
26 6 21 255 186 119
26 6 22 255 186 119
26 6 25 255 186 119
26 6 26 255 186 119
26 6 27 255 186 119
26 6 28 255 186 119
26 6 29 255 186 119
26 6 30 255 186 119
26 6 31 255 186 119
26 6 32 255 186 119
26 6 33 255 186 119
26 6 34 255 186 119
26 6 35 255 186 119
26 6 36 255 186 119
26 6 37 255 186 119
26 6 38 255 186 119
26 6 39 255 186 119
26 7 21 255 186 119
26 7 22 255 186 119
26 7 23 255 186 119
26 7 36 255 186 119
26 8 22 255 186 119
26 8 23 255 186 119
26 8 24 255 186 119
26 8 25 255 186 119
26 8 26 255 186 119
26 8 27 255 186 119
26 8 28 255 186 119
26 8 29 255 186 119
26 8 30 255 186 119
26 8 31 255 186 119
26 8 32 255 186 119
26 8 33 196 175 214
26 8 34 196 175 214
26 8 35 196 175 214
26 8 37 196 175 214
26 9 23 255 186 119
26 9 24 255 186 119
26 9 25 255 186 119
26 9 26 255 186 119
26 9 27 255 186 119
26 9 28 255 186 119
26 9 32 196 175 214
26 9 33 196 175 214
26 9 34 196 175 214
26 9 35 196 175 214
26 9 36 196 175 214
26 9 38 158 216 229
26 10 22 30 119 181
26 10 23 196 175 214
26 10 35 196 175 214
26 10 36 114 158 206
26 10 37 114 158 206
26 11 36 114 158 206
26 11 37 114 158 206
26 11 38 114 158 206
26 12 36 114 158 206
26 12 37 114 158 206
26 12 38 114 158 206
26 12 41 114 158 206
26 12 42 114 158 206
26 13 36 114 158 206
26 13 37 114 158 206
26 13 38 114 158 206
26 13 39 114 158 206
26 13 40 114 158 206
26 13 43 114 158 206
26 14 38 114 158 206
26 14 39 114 158 206
26 14 40 114 158 206
26 14 41 114 158 206
26 14 42 114 158 206
26 15 37 114 158 206
26 15 38 114 158 206
26 16 38 114 158 206
26 16 39 114 158 206
26 16 40 114 158 206
26 16 41 114 158 206
26 16 42 114 158 206
26 16 43 114 158 206
26 17 36 114 158 206
26 17 37 114 158 206
26 17 38 114 158 206
26 17 39 114 158 206
26 17 42 114 158 206
26 17 43 114 158 206
26 18 36 114 158 206
26 18 37 114 158 206
26 18 38 114 158 206
26 18 39 114 158 206
26 18 40 114 158 206
26 18 41 114 158 206
26 18 42 114 158 206
26 19 41 114 158 206
26 19 42 114 158 206
26 19 44 114 158 206
26 21 37 114 158 206
26 21 38 114 158 206
26 21 39 114 158 206
26 21 40 114 158 206
26 22 38 114 158 206
26 22 39 114 158 206
26 22 40 114 158 206
26 22 41 114 158 206
26 22 42 114 158 206
26 22 43 114 158 206
26 23 37 114 158 206
26 23 38 114 158 206
26 23 39 114 158 206
26 23 40 114 158 206
26 23 41 114 158 206
26 23 42 114 158 206
26 23 45 114 158 206
26 23 47 114 158 206
26 23 48 114 158 206
26 24 38 114 158 206
26 24 39 114 158 206
26 24 40 114 158 206
26 24 41 114 158 206
26 24 42 114 158 206
26 24 43 114 158 206
26 25 38 114 158 206
26 25 39 114 158 206
26 25 40 114 158 206
26 25 41 114 158 206
26 25 42 114 158 206
26 25 44 114 158 206
26 26 38 114 158 206
26 26 39 114 158 206
26 26 40 114 158 206
26 26 41 114 158 206
26 27 39 114 158 206
26 27 40 114 158 206
26 27 41 114 158 206
26 27 45 114 158 206
26 28 39 114 158 206
26 28 40 114 158 206
26 28 41 114 158 206
26 28 44 114 158 206
26 29 36 114 158 206
26 29 37 114 158 206
26 29 38 114 158 206
26 29 39 114 158 206
26 29 40 114 158 206
26 29 41 114 158 206
26 29 42 114 158 206
26 29 44 114 158 206
26 30 36 214 38 40
26 30 37 114 158 206
26 30 38 114 158 206
26 30 39 114 158 206
26 30 43 114 158 206
26 31 38 214 38 40
26 31 40 114 158 206
27 0 29 43 160 4
27 0 30 43 160 4
27 0 31 43 160 4
27 0 32 43 160 4
27 0 33 43 160 4
27 0 34 43 160 4
27 0 35 43 160 4
27 0 36 43 160 4
27 0 37 43 160 4
27 0 38 43 160 4
27 0 39 43 160 4
27 0 40 43 160 4
27 0 41 43 160 4
27 0 42 43 160 4
27 0 43 43 160 4
27 0 44 43 160 4
27 0 45 43 160 4
27 0 46 43 160 4
27 0 47 43 160 4
27 0 48 43 160 4
27 0 49 43 160 4
27 0 50 43 160 4
27 0 51 43 160 4
27 0 52 43 160 4
27 0 53 43 160 4
27 0 54 43 160 4
27 0 55 43 160 4
27 0 56 43 160 4
27 0 57 43 160 4
27 0 58 43 160 4
27 0 59 43 160 4
27 1 27 255 186 119
27 1 28 255 186 119
27 1 29 255 186 119
27 1 30 255 186 119
27 1 31 255 186 119
27 1 32 255 186 119
27 1 33 255 186 119
27 1 34 255 186 119
27 1 35 255 186 119
27 1 36 255 186 119
27 1 37 255 186 119
27 1 38 255 186 119
27 1 39 255 186 119
27 1 40 255 186 119
27 1 41 158 216 229
27 1 42 158 216 229
27 2 25 255 186 119
27 2 26 255 186 119
27 2 27 255 186 119
27 2 28 255 186 119
27 2 29 255 186 119
27 2 30 255 186 119
27 2 31 255 186 119
27 2 32 255 186 119
27 2 33 255 186 119
27 2 34 255 186 119
27 2 35 255 186 119
27 2 36 255 186 119
27 2 37 255 186 119
27 2 38 255 186 119
27 2 39 255 186 119
27 2 40 255 186 119
27 2 42 158 216 229
27 3 24 255 186 119
27 3 25 255 186 119
27 3 26 255 186 119
27 3 27 255 186 119
27 3 28 255 186 119
27 3 29 255 186 119
27 3 30 255 186 119
27 3 31 255 186 119
27 3 32 255 186 119
27 3 33 255 186 119
27 3 34 255 186 119
27 3 35 255 186 119
27 3 36 255 186 119
27 3 37 255 186 119
27 3 38 255 186 119
27 3 39 255 186 119
27 3 40 255 186 119
27 4 21 255 186 119
27 4 22 255 186 119
27 4 24 255 186 119
27 4 25 255 186 119
27 4 26 255 186 119
27 4 27 255 186 119
27 4 28 255 186 119
27 4 29 255 186 119
27 4 30 255 186 119
27 4 31 255 186 119
27 4 32 255 186 119
27 4 33 255 186 119
27 4 34 255 186 119
27 4 35 255 186 119
27 4 36 255 186 119
27 4 37 255 186 119
27 4 38 255 186 119
27 4 39 255 186 119
27 4 40 255 186 119
27 5 19 255 186 119
27 5 20 255 186 119
27 5 21 255 186 119
27 5 24 255 186 119
27 5 25 255 186 119
27 5 26 255 186 119
27 5 27 255 186 119
27 5 28 255 186 119
27 5 29 255 186 119
27 5 30 255 186 119
27 5 31 255 186 119
27 5 32 255 186 119
27 5 33 255 186 119
27 5 34 255 186 119
27 5 35 255 186 119
27 5 36 255 186 119
27 5 37 255 186 119
27 5 38 255 186 119
27 5 39 255 186 119
27 5 40 255 186 119
27 6 19 255 186 119
27 6 20 255 186 119
27 6 21 255 186 119
27 6 24 255 186 119
27 6 25 255 186 119
27 6 26 255 186 119
27 6 27 255 186 119
27 6 28 255 186 119
27 6 29 255 186 119
27 6 30 255 186 119
27 6 31 255 186 119
27 6 32 255 186 119
27 6 33 255 186 119
27 6 34 255 186 119
27 6 35 255 186 119
27 6 36 255 186 119
27 6 37 255 186 119
27 6 38 255 186 119
27 6 39 255 186 119
27 7 20 255 186 119
27 7 21 255 186 119
27 7 22 255 186 119
27 7 23 255 186 119
27 7 24 255 186 119
27 7 31 255 186 119
27 7 32 255 186 119
27 7 35 255 186 119
27 7 36 255 186 119
27 8 22 255 186 119
27 8 23 255 186 119
27 8 24 255 186 119
27 8 25 255 186 119
27 8 26 255 186 119
27 8 27 255 186 119
27 8 28 255 186 119
27 8 29 255 186 119
27 8 30 255 186 119
27 8 31 255 186 119
27 8 32 196 175 214
27 8 33 196 175 214
27 8 34 196 175 214
27 9 25 255 186 119
27 9 26 255 186 119
27 9 33 196 175 214
27 9 34 196 175 214
27 9 35 196 175 214
27 9 36 196 175 214
27 9 37 196 175 214
27 9 39 158 216 229
27 10 35 196 175 214
27 10 36 196 175 214
27 10 37 196 175 214
27 10 38 158 216 229
27 10 39 114 158 206
27 11 36 196 175 214
27 11 37 196 175 214
27 11 38 114 158 206
27 11 39 114 158 206
27 11 41 114 158 206
27 12 36 114 158 206
27 12 37 114 158 206
27 12 38 114 158 206
27 12 39 114 158 206
27 12 40 114 158 206
27 12 42 114 158 206
27 13 36 114 158 206
27 13 37 114 158 206
27 13 38 114 158 206
27 13 39 114 158 206
27 13 40 114 158 206
27 13 41 114 158 206
27 14 39 114 158 206
27 14 40 114 158 206
27 14 41 114 158 206
27 14 42 114 158 206
27 14 43 114 158 206
27 15 39 114 158 206
27 15 40 114 158 206
27 15 41 114 158 206
27 15 42 114 158 206
27 15 43 114 158 206
27 15 44 114 158 206
27 15 45 114 158 206
27 15 46 114 158 206
27 15 47 114 158 206
27 16 39 114 158 206
27 16 40 114 158 206
27 16 41 114 158 206
27 16 42 114 158 206
27 16 43 114 158 206
27 16 44 114 158 206
27 16 45 114 158 206
27 16 46 114 158 206
27 17 37 114 158 206
27 17 38 114 158 206
27 17 39 114 158 206
27 17 40 114 158 206
27 17 41 114 158 206
27 17 42 114 158 206
27 17 44 114 158 206
27 17 45 114 158 206
27 18 36 114 158 206
27 18 37 114 158 206
27 18 38 114 158 206
27 18 39 114 158 206
27 18 40 114 158 206
27 18 41 114 158 206
27 18 44 114 158 206
27 19 42 114 158 206
27 23 39 114 158 206
27 23 40 114 158 206
27 23 41 114 158 206
27 23 42 114 158 206
27 23 43 114 158 206
27 23 44 114 158 206
27 24 39 114 158 206
27 24 40 114 158 206
27 24 41 114 158 206
27 24 42 114 158 206
27 24 43 114 158 206
27 24 44 114 158 206
27 24 45 114 158 206
27 24 46 114 158 206
27 24 47 114 158 206
27 24 48 114 158 206
27 25 38 114 158 206
27 25 39 114 158 206
27 25 40 114 158 206
27 25 41 114 158 206
27 25 42 114 158 206
27 25 43 114 158 206
27 25 44 114 158 206
27 25 45 114 158 206
27 25 46 114 158 206
27 26 38 114 158 206
27 26 39 114 158 206
27 26 40 114 158 206
27 26 41 114 158 206
27 26 42 114 158 206
27 26 43 114 158 206
27 26 44 114 158 206
27 26 45 114 158 206
27 27 39 114 158 206
27 27 40 114 158 206
27 27 41 114 158 206
27 27 42 114 158 206
27 27 43 114 158 206
27 27 44 114 158 206
27 28 40 114 158 206
27 28 41 114 158 206
27 28 42 114 158 206
27 28 45 114 158 206
27 29 37 114 158 206
27 29 38 114 158 206
27 29 39 114 158 206
27 29 40 114 158 206
27 29 41 114 158 206
27 29 42 114 158 206
27 29 44 114 158 206
27 30 36 214 38 40
27 30 37 214 38 40
27 30 38 114 158 206
27 30 39 114 158 206
27 30 40 114 158 206
27 31 38 214 38 40
28 0 29 43 160 4
28 0 30 43 160 4
28 0 31 43 160 4
28 0 32 43 160 4
28 0 33 43 160 4
28 0 34 43 160 4
28 0 35 43 160 4
28 0 36 43 160 4
28 0 37 43 160 4
28 0 38 43 160 4
28 0 39 43 160 4
28 0 40 43 160 4
28 0 41 43 160 4
28 0 42 43 160 4
28 0 43 43 160 4
28 0 44 43 160 4
28 0 45 43 160 4
28 0 46 43 160 4
28 0 47 43 160 4
28 0 48 43 160 4
28 0 49 43 160 4
28 0 50 43 160 4
28 0 51 43 160 4
28 0 52 43 160 4
28 0 53 43 160 4
28 0 54 43 160 4
28 0 55 43 160 4
28 0 56 43 160 4
28 0 57 43 160 4
28 0 58 43 160 4
28 0 59 43 160 4
28 1 27 255 186 119
28 1 28 255 186 119
28 1 29 255 186 119
28 1 30 255 186 119
28 1 31 255 186 119
28 1 32 255 186 119
28 1 33 255 186 119
28 1 34 255 186 119
28 1 35 255 186 119
28 1 36 255 186 119
28 1 37 255 186 119
28 1 38 255 186 119
28 1 39 255 186 119
28 1 40 255 186 119
28 2 25 255 186 119
28 2 26 255 186 119
28 2 27 255 186 119
28 2 28 255 186 119
28 2 29 255 186 119
28 2 30 255 186 119
28 2 31 255 186 119
28 2 32 255 186 119
28 2 33 255 186 119
28 2 34 255 186 119
28 2 35 255 186 119
28 2 36 255 186 119
28 2 37 255 186 119
28 2 38 255 186 119
28 2 39 255 186 119
28 2 40 255 186 119
28 2 41 255 186 119
28 3 23 255 186 119
28 3 24 255 186 119
28 3 25 255 186 119
28 3 26 255 186 119
28 3 27 255 186 119
28 3 28 255 186 119
28 3 29 255 186 119
28 3 30 255 186 119
28 3 31 255 186 119
28 3 32 255 186 119
28 3 33 255 186 119
28 3 34 255 186 119
28 3 35 255 186 119
28 3 36 255 186 119
28 3 37 255 186 119
28 3 38 255 186 119
28 3 39 255 186 119
28 3 40 255 186 119
28 4 22 255 186 119
28 4 23 255 186 119
28 4 24 255 186 119
28 4 25 255 186 119
28 4 26 255 186 119
28 4 27 255 186 119
28 4 28 255 186 119
28 4 29 255 186 119
28 4 30 255 186 119
28 4 31 255 186 119
28 4 32 255 186 119
28 4 33 255 186 119
28 4 34 255 186 119
28 4 35 255 186 119
28 4 36 255 186 119
28 4 37 255 186 119
28 4 38 255 186 119
28 4 39 255 186 119
28 4 40 255 186 119
28 5 19 255 186 119
28 5 22 255 186 119
28 5 23 255 186 119
28 5 24 255 186 119
28 5 25 255 186 119
28 5 26 255 186 119
28 5 27 255 186 119
28 5 28 255 186 119
28 5 29 255 186 119
28 5 30 255 186 119
28 5 31 255 186 119
28 5 32 255 186 119
28 5 33 255 186 119
28 5 34 255 186 119
28 5 35 255 186 119
28 5 36 255 186 119
28 5 37 255 186 119
28 5 38 255 186 119
28 5 39 255 186 119
28 5 40 255 186 119
28 6 19 255 186 119
28 6 20 255 186 119
28 6 23 255 186 119
28 6 24 255 186 119
28 6 25 255 186 119
28 6 26 255 186 119
28 6 27 255 186 119
28 6 28 255 186 119
28 6 29 255 186 119
28 6 30 255 186 119
28 6 31 255 186 119
28 6 32 255 186 119
28 6 33 255 186 119
28 6 34 255 186 119
28 6 35 255 186 119
28 6 36 255 186 119
28 6 37 255 186 119
28 6 38 255 186 119
28 6 39 255 186 119
28 7 19 255 186 119
28 7 20 255 186 119
28 7 21 255 186 119
28 7 22 255 186 119
28 7 23 255 186 119
28 7 24 255 186 119
28 7 32 255 186 119
28 7 33 255 186 119
28 7 35 255 186 119
28 7 36 255 186 119
28 8 21 255 186 119
28 8 22 255 186 119
28 8 23 255 186 119
28 8 24 255 186 119
28 8 25 255 186 119
28 8 26 255 186 119
28 8 27 255 186 119
28 8 28 255 186 119
28 8 29 255 186 119
28 8 30 255 186 119
28 8 31 255 186 119
28 8 32 196 175 214
28 8 33 196 175 214
28 8 34 196 175 214
28 8 35 196 175 214
28 8 39 196 175 214
28 9 33 196 175 214
28 9 34 196 175 214
28 9 35 196 175 214
28 9 36 196 175 214
28 9 37 196 175 214
28 9 38 196 175 214
28 9 40 158 216 229
28 10 36 196 175 214
28 10 37 196 175 214
28 10 38 196 175 214
28 10 39 158 216 229
28 10 41 158 216 229
28 11 37 196 175 214
28 11 38 196 175 214
28 11 39 114 158 206
28 11 40 114 158 206
28 12 37 196 175 214
28 12 38 196 175 214
28 12 39 114 158 206
28 12 40 114 158 206
28 13 38 114 158 206
28 13 39 114 158 206
28 13 40 114 158 206
28 13 41 114 158 206
28 14 40 114 158 206
28 14 41 114 158 206
28 14 42 114 158 206
28 14 43 114 158 206
28 15 41 114 158 206
28 15 42 114 158 206
28 15 43 114 158 206
28 15 44 114 158 206
28 15 45 114 158 206
28 16 41 114 158 206
28 16 42 114 158 206
28 16 43 114 158 206
28 17 40 114 158 206
28 17 41 114 158 206
28 17 42 114 158 206
28 18 39 114 158 206
28 18 40 114 158 206
28 18 41 114 158 206
28 18 42 114 158 206
28 19 39 114 158 206
28 19 40 114 158 206
28 19 41 114 158 206
28 19 42 114 158 206
28 20 40 114 158 206
28 20 41 114 158 206
28 20 42 114 158 206
28 22 41 114 158 206
28 22 44 114 158 206
28 22 45 114 158 206
28 22 46 114 158 206
28 23 40 114 158 206
28 23 41 114 158 206
28 23 42 114 158 206
28 23 43 114 158 206
28 23 44 114 158 206
28 23 45 114 158 206
28 23 46 114 158 206
28 23 47 114 158 206
28 24 40 114 158 206
28 24 41 114 158 206
28 24 42 114 158 206
28 24 43 114 158 206
28 24 44 114 158 206
28 25 40 114 158 206
28 25 41 114 158 206
28 25 42 114 158 206
28 25 43 114 158 206
28 25 44 114 158 206
28 25 45 114 158 206
28 25 46 114 158 206
28 26 39 114 158 206
28 26 40 114 158 206
28 26 41 114 158 206
28 26 42 114 158 206
28 26 43 114 158 206
28 26 44 114 158 206
28 27 40 114 158 206
28 27 41 114 158 206
28 27 42 114 158 206
28 27 43 114 158 206
28 27 44 114 158 206
28 28 41 114 158 206
28 28 42 114 158 206
28 29 38 114 158 206
28 29 39 114 158 206
28 29 40 114 158 206
28 29 41 114 158 206
28 29 42 114 158 206
28 29 43 114 158 206
28 30 37 214 38 40
28 30 38 214 38 40
28 30 39 214 38 40
28 30 40 114 158 206
28 30 41 114 158 206
28 31 38 214 38 40
28 31 39 214 38 40
28 31 40 214 38 40
28 32 40 214 38 40
29 0 29 43 160 4
29 0 30 43 160 4
29 0 31 43 160 4
29 0 32 43 160 4
29 0 33 43 160 4
29 0 34 43 160 4
29 0 35 43 160 4
29 0 36 43 160 4
29 0 37 43 160 4
29 0 38 43 160 4
29 0 39 43 160 4
29 0 40 43 160 4
29 0 41 43 160 4
29 0 42 43 160 4
29 0 43 43 160 4
29 0 44 43 160 4
29 0 45 43 160 4
29 0 46 43 160 4
29 0 47 43 160 4
29 0 48 43 160 4
29 0 49 43 160 4
29 0 50 43 160 4
29 0 51 43 160 4
29 0 52 43 160 4
29 0 53 43 160 4
29 0 54 43 160 4
29 0 55 43 160 4
29 0 56 43 160 4
29 0 57 43 160 4
29 0 58 43 160 4
29 0 59 43 160 4
29 1 27 255 186 119
29 1 28 255 186 119
29 1 29 255 186 119
29 1 30 255 186 119
29 1 31 255 186 119
29 1 32 255 186 119
29 1 33 255 186 119
29 1 34 255 186 119
29 1 35 255 186 119
29 1 36 255 186 119
29 1 37 255 186 119
29 1 38 255 186 119
29 1 39 255 186 119
29 1 40 255 186 119
29 2 25 255 186 119
29 2 26 255 186 119
29 2 27 255 186 119
29 2 28 255 186 119
29 2 29 255 186 119
29 2 30 255 186 119
29 2 31 255 186 119
29 2 32 255 186 119
29 2 33 255 186 119
29 2 34 255 186 119
29 2 35 255 186 119
29 2 36 255 186 119
29 2 37 255 186 119
29 2 38 255 186 119
29 2 39 255 186 119
29 2 40 255 186 119
29 2 41 255 186 119
29 3 23 255 186 119
29 3 24 255 186 119
29 3 25 255 186 119
29 3 26 255 186 119
29 3 27 255 186 119
29 3 28 255 186 119
29 3 29 255 186 119
29 3 30 255 186 119
29 3 31 255 186 119
29 3 32 255 186 119
29 3 33 255 186 119
29 3 34 255 186 119
29 3 35 255 186 119
29 3 36 255 186 119
29 3 37 255 186 119
29 3 38 255 186 119
29 3 39 255 186 119
29 3 40 255 186 119
29 4 21 255 186 119
29 4 22 255 186 119
29 4 23 255 186 119
29 4 24 255 186 119
29 4 25 255 186 119
29 4 26 255 186 119
29 4 27 255 186 119
29 4 28 255 186 119
29 4 29 255 186 119
29 4 30 255 186 119
29 4 31 255 186 119
29 4 32 255 186 119
29 4 33 255 186 119
29 4 34 255 186 119
29 4 35 255 186 119
29 4 36 255 186 119
29 4 37 255 186 119
29 4 38 255 186 119
29 4 39 255 186 119
29 4 40 255 186 119
29 5 19 255 186 119
29 5 21 255 186 119
29 5 22 255 186 119
29 5 23 255 186 119
29 5 24 255 186 119
29 5 25 255 186 119
29 5 26 255 186 119
29 5 27 255 186 119
29 5 28 255 186 119
29 5 29 255 186 119
29 5 30 255 186 119
29 5 31 255 186 119
29 5 32 255 186 119
29 5 33 255 186 119
29 5 34 255 186 119
29 5 35 255 186 119
29 5 36 255 186 119
29 5 37 255 186 119
29 5 38 255 186 119
29 5 39 255 186 119
29 5 40 255 186 119
29 6 16 255 186 119
29 6 17 255 186 119
29 6 18 255 186 119
29 6 19 255 186 119
29 6 20 255 186 119
29 6 22 255 186 119
29 6 23 255 186 119
29 6 24 255 186 119
29 6 25 255 186 119
29 6 26 255 186 119
29 6 27 255 186 119
29 6 28 255 186 119
29 6 29 255 186 119
29 6 30 255 186 119
29 6 31 255 186 119
29 6 32 255 186 119
29 6 33 255 186 119
29 6 34 255 186 119
29 6 35 255 186 119
29 6 36 255 186 119
29 6 37 255 186 119
29 6 38 255 186 119
29 6 39 255 186 119
29 7 18 255 186 119
29 7 19 255 186 119
29 7 20 255 186 119
29 7 21 255 186 119
29 7 22 255 186 119
29 7 23 255 186 119
29 7 24 255 186 119
29 7 31 255 186 119
29 7 32 255 186 119
29 7 33 255 186 119
29 7 36 255 186 119
29 7 37 255 186 119
29 7 38 255 186 119
29 7 39 255 186 119
29 8 20 255 186 119
29 8 21 255 186 119
29 8 22 255 186 119
29 8 23 255 186 119
29 8 24 255 186 119
29 8 25 255 186 119
29 8 26 255 186 119
29 8 27 255 186 119
29 8 28 255 186 119
29 8 29 255 186 119
29 8 30 255 186 119
29 8 31 255 186 119
29 8 32 255 186 119
29 8 33 196 175 214
29 8 34 196 175 214
29 8 35 196 175 214
29 9 33 196 175 214
29 9 34 196 175 214
29 9 35 196 175 214
29 9 36 196 175 214
29 9 37 196 175 214
29 9 38 196 175 214
29 9 39 196 175 214
29 9 41 158 216 229
29 10 37 196 175 214
29 10 38 196 175 214
29 10 39 196 175 214
29 11 38 196 175 214
29 11 39 196 175 214
29 11 40 114 158 206
29 12 39 196 175 214
29 12 40 114 158 206
29 12 41 114 158 206
29 13 39 114 158 206
29 13 40 114 158 206
29 13 41 114 158 206
29 14 40 114 158 206
29 14 41 114 158 206
29 15 40 114 158 206
29 15 41 114 158 206
29 15 42 114 158 206
29 16 40 114 158 206
29 16 41 114 158 206
29 17 40 114 158 206
29 17 41 114 158 206
29 17 42 114 158 206
29 17 43 114 158 206
29 18 40 114 158 206
29 18 41 114 158 206
29 18 43 114 158 206
29 19 40 114 158 206
29 19 41 114 158 206
29 20 40 114 158 206
29 20 41 114 158 206
29 20 43 114 158 206
29 21 40 114 158 206
29 21 41 114 158 206
29 21 42 114 158 206
29 22 40 114 158 206
29 22 41 114 158 206
29 22 42 114 158 206
29 23 40 114 158 206
29 23 41 114 158 206
29 23 42 114 158 206
29 24 40 114 158 206
29 24 41 114 158 206
29 24 42 114 158 206
29 25 40 114 158 206
29 25 41 114 158 206
29 26 40 114 158 206
29 26 41 114 158 206
29 27 40 114 158 206
29 27 41 114 158 206
29 28 40 114 158 206
29 28 41 114 158 206
29 28 42 114 158 206
29 29 40 114 158 206
29 29 41 114 158 206
29 30 38 214 38 40
29 30 39 214 38 40
29 30 40 114 158 206
29 30 41 114 158 206
29 30 43 214 38 40
29 31 38 214 38 40
29 31 39 214 38 40
29 31 40 214 38 40
29 31 41 214 38 40
29 32 40 214 38 40
30 0 29 43 160 4
30 0 30 43 160 4
30 0 31 43 160 4
30 0 32 43 160 4
30 0 33 43 160 4
30 0 34 43 160 4
30 0 35 43 160 4
30 0 36 43 160 4
30 0 37 43 160 4
30 0 38 43 160 4
30 0 39 43 160 4
30 0 40 43 160 4
30 0 41 43 160 4
30 0 42 43 160 4
30 0 43 43 160 4
30 0 44 43 160 4
30 0 45 43 160 4
30 0 46 43 160 4
30 0 47 43 160 4
30 0 48 43 160 4
30 0 49 43 160 4
30 0 50 43 160 4
30 0 51 43 160 4
30 0 52 43 160 4
30 0 53 43 160 4
30 0 54 43 160 4
30 0 55 43 160 4
30 0 56 43 160 4
30 0 57 43 160 4
30 0 58 43 160 4
30 0 59 43 160 4
30 1 27 255 186 119
30 1 28 255 186 119
30 1 29 255 186 119
30 1 30 255 186 119
30 1 31 255 186 119
30 1 32 255 186 119
30 1 33 255 186 119
30 1 34 255 186 119
30 1 35 255 186 119
30 1 36 255 186 119
30 1 37 255 186 119
30 1 38 255 186 119
30 1 39 255 186 119
30 1 40 255 186 119
30 2 25 255 186 119
30 2 26 255 186 119
30 2 27 255 186 119
30 2 28 255 186 119
30 2 29 255 186 119
30 2 30 255 186 119
30 2 31 255 186 119
30 2 32 255 186 119
30 2 33 255 186 119
30 2 34 255 186 119
30 2 35 255 186 119
30 2 36 255 186 119
30 2 37 255 186 119
30 2 38 255 186 119
30 2 39 255 186 119
30 2 40 255 186 119
30 3 23 255 186 119
30 3 24 255 186 119
30 3 25 255 186 119
30 3 26 255 186 119
30 3 27 255 186 119
30 3 28 255 186 119
30 3 29 255 186 119
30 3 30 255 186 119
30 3 31 255 186 119
30 3 32 255 186 119
30 3 33 255 186 119
30 3 34 255 186 119
30 3 35 255 186 119
30 3 36 255 186 119
30 3 37 255 186 119
30 3 38 255 186 119
30 3 39 255 186 119
30 3 40 255 186 119
30 4 21 255 186 119
30 4 22 255 186 119
30 4 23 255 186 119
30 4 24 255 186 119
30 4 25 255 186 119
30 4 26 255 186 119
30 4 27 255 186 119
30 4 28 255 186 119
30 4 29 255 186 119
30 4 30 255 186 119
30 4 31 255 186 119
30 4 32 255 186 119
30 4 33 255 186 119
30 4 34 255 186 119
30 4 35 255 186 119
30 4 36 255 186 119
30 4 37 255 186 119
30 4 38 255 186 119
30 4 39 255 186 119
30 4 40 255 186 119
30 5 20 255 186 119
30 5 21 255 186 119
30 5 22 255 186 119
30 5 23 255 186 119
30 5 24 255 186 119
30 5 25 255 186 119
30 5 26 255 186 119
30 5 27 255 186 119
30 5 28 255 186 119
30 5 29 255 186 119
30 5 30 255 186 119
30 5 31 255 186 119
30 5 32 255 186 119
30 5 33 255 186 119
30 5 34 255 186 119
30 5 35 255 186 119
30 5 36 255 186 119
30 5 37 255 186 119
30 5 38 255 186 119
30 5 39 255 186 119
30 5 40 255 186 119
30 6 16 255 186 119
30 6 17 255 186 119
30 6 18 255 186 119
30 6 19 255 186 119
30 6 22 255 186 119
30 6 23 255 186 119
30 6 24 255 186 119
30 6 25 255 186 119
30 6 26 255 186 119
30 6 27 255 186 119
30 6 28 255 186 119
30 6 29 255 186 119
30 6 30 255 186 119
30 6 31 255 186 119
30 6 35 255 186 119
30 6 36 255 186 119
30 6 37 255 186 119
30 6 38 255 186 119
30 6 39 255 186 119
30 7 17 255 186 119
30 7 18 255 186 119
30 7 19 255 186 119
30 7 20 255 186 119
30 7 21 255 186 119
30 7 22 255 186 119
30 7 23 255 186 119
30 7 24 255 186 119
30 7 30 255 186 119
30 7 31 255 186 119
30 7 32 255 186 119
30 7 33 255 186 119
30 7 34 255 186 119
30 7 37 255 186 119
30 7 38 255 186 119
30 8 19 255 186 119
30 8 20 255 186 119
30 8 21 255 186 119
30 8 22 255 186 119
30 8 23 255 186 119
30 8 24 255 186 119
30 8 25 255 186 119
30 8 26 255 186 119
30 8 27 255 186 119
30 8 28 255 186 119
30 8 29 255 186 119
30 8 30 255 186 119
30 8 31 255 186 119
30 8 32 255 186 119
30 8 33 255 186 119
30 8 34 196 175 214
30 8 35 196 175 214
30 8 36 196 175 214
30 8 37 196 175 214
30 9 33 196 175 214
30 9 34 196 175 214
30 9 35 196 175 214
30 9 36 196 175 214
30 9 37 196 175 214
30 9 38 196 175 214
30 9 39 196 175 214
30 10 38 196 175 214
30 10 39 196 175 214
30 10 40 158 216 229
30 11 39 196 175 214
30 11 40 158 216 229
30 11 42 158 216 229
30 12 39 196 175 214
30 12 40 158 216 229
30 12 41 158 216 229
30 13 39 114 158 206
30 13 40 114 158 206
30 13 41 158 216 229
30 14 40 114 158 206
30 14 41 114 158 206
30 15 40 114 158 206
30 15 41 114 158 206
30 15 42 114 158 206
30 16 40 114 158 206
30 16 41 114 158 206
30 17 40 114 158 206
30 17 41 114 158 206
30 17 43 114 158 206
30 18 40 114 158 206
30 18 41 114 158 206
30 18 43 114 158 206
30 19 40 114 158 206
30 19 41 114 158 206
30 19 43 114 158 206
30 20 40 114 158 206
30 20 41 114 158 206
30 21 40 114 158 206
30 21 41 114 158 206
30 21 43 114 158 206
30 22 40 114 158 206
30 22 41 114 158 206
30 22 43 114 158 206
30 23 40 114 158 206
30 23 41 114 158 206
30 24 40 114 158 206
30 24 41 114 158 206
30 25 40 114 158 206
30 25 41 114 158 206
30 25 42 114 158 206
30 26 40 114 158 206
30 26 41 114 158 206
30 27 40 114 158 206
30 27 41 114 158 206
30 28 40 114 158 206
30 28 41 114 158 206
30 29 40 114 158 206
30 29 41 114 158 206
30 29 43 114 158 206
30 30 40 114 158 206
30 30 41 114 158 206
30 30 43 214 38 40
30 31 38 214 38 40
30 31 39 214 38 40
30 31 40 214 38 40
30 31 41 214 38 40
30 31 43 214 38 40
30 32 40 214 38 40
30 32 41 158 216 229
31 0 29 43 160 4
31 0 30 43 160 4
31 0 31 43 160 4
31 0 32 43 160 4
31 0 33 43 160 4
31 0 34 43 160 4
31 0 35 43 160 4
31 0 36 43 160 4
31 0 37 43 160 4
31 0 38 43 160 4
31 0 39 43 160 4
31 0 40 43 160 4
31 0 41 43 160 4
31 0 42 43 160 4
31 0 43 43 160 4
31 0 44 43 160 4
31 0 45 43 160 4
31 0 46 43 160 4
31 0 47 43 160 4
31 0 48 43 160 4
31 0 49 43 160 4
31 0 50 43 160 4
31 0 51 43 160 4
31 0 52 43 160 4
31 0 53 43 160 4
31 0 54 43 160 4
31 0 55 43 160 4
31 0 56 43 160 4
31 0 57 43 160 4
31 0 58 43 160 4
31 0 59 43 160 4
31 1 27 255 186 119
31 1 28 255 186 119
31 1 29 255 186 119
31 1 30 255 186 119
31 1 31 255 186 119
31 1 32 255 186 119
31 1 33 255 186 119
31 1 34 255 186 119
31 1 35 255 186 119
31 1 36 255 186 119
31 1 37 255 186 119
31 1 38 255 186 119
31 1 39 255 186 119
31 1 40 255 186 119
31 1 41 255 186 119
31 2 25 255 186 119
31 2 26 255 186 119
31 2 27 255 186 119
31 2 28 255 186 119
31 2 29 255 186 119
31 2 30 255 186 119
31 2 31 255 186 119
31 2 32 255 186 119
31 2 33 255 186 119
31 2 34 255 186 119
31 2 35 255 186 119
31 2 36 255 186 119
31 2 37 255 186 119
31 2 38 255 186 119
31 2 39 255 186 119
31 2 40 255 186 119
31 3 23 255 186 119
31 3 24 255 186 119
31 3 25 255 186 119
31 3 26 255 186 119
31 3 27 255 186 119
31 3 28 255 186 119
31 3 29 255 186 119
31 3 30 255 186 119
31 3 31 255 186 119
31 3 32 255 186 119
31 3 33 255 186 119
31 3 34 255 186 119
31 3 35 255 186 119
31 3 36 255 186 119
31 3 37 255 186 119
31 3 38 255 186 119
31 3 39 255 186 119
31 3 40 255 186 119
31 4 21 255 186 119
31 4 22 255 186 119
31 4 23 255 186 119
31 4 24 255 186 119
31 4 25 255 186 119
31 4 26 255 186 119
31 4 27 255 186 119
31 4 28 255 186 119
31 4 29 255 186 119
31 4 30 255 186 119
31 4 31 255 186 119
31 4 32 255 186 119
31 4 33 255 186 119
31 4 34 255 186 119
31 4 35 255 186 119
31 4 36 255 186 119
31 4 37 255 186 119
31 4 38 255 186 119
31 4 39 255 186 119
31 4 40 255 186 119
31 5 19 255 186 119
31 5 20 255 186 119
31 5 21 255 186 119
31 5 22 255 186 119
31 5 23 255 186 119
31 5 24 255 186 119
31 5 25 255 186 119
31 5 26 255 186 119
31 5 27 255 186 119
31 5 28 255 186 119
31 5 29 255 186 119
31 5 30 255 186 119
31 5 31 255 186 119
31 5 32 255 186 119
31 5 33 255 186 119
31 5 34 255 186 119
31 5 35 255 186 119
31 5 36 255 186 119
31 5 37 255 186 119
31 5 38 255 186 119
31 5 39 255 186 119
31 5 40 255 186 119
31 6 16 255 186 119
31 6 17 255 186 119
31 6 22 255 186 119
31 6 23 255 186 119
31 6 24 255 186 119
31 6 25 255 186 119
31 6 26 255 186 119
31 6 27 255 186 119
31 6 28 255 186 119
31 6 29 255 186 119
31 6 30 255 186 119
31 6 31 255 186 119
31 6 35 255 186 119
31 6 36 255 186 119
31 6 37 255 186 119
31 6 38 255 186 119
31 6 39 255 186 119
31 7 16 255 186 119
31 7 17 255 186 119
31 7 18 255 186 119
31 7 19 255 186 119
31 7 20 255 186 119
31 7 21 255 186 119
31 7 22 255 186 119
31 7 23 255 186 119
31 7 30 255 186 119
31 7 31 255 186 119
31 7 32 255 186 119
31 7 33 255 186 119
31 7 34 255 186 119
31 7 37 255 186 119
31 7 38 255 186 119
31 7 39 255 186 119
31 8 17 255 186 119
31 8 18 255 186 119
31 8 19 255 186 119
31 8 20 255 186 119
31 8 21 255 186 119
31 8 22 255 186 119
31 8 23 255 186 119
31 8 24 255 186 119
31 8 25 255 186 119
31 8 26 255 186 119
31 8 27 255 186 119
31 8 28 255 186 119
31 8 29 255 186 119
31 8 30 255 186 119
31 8 31 255 186 119
31 8 32 255 186 119
31 8 33 255 186 119
31 8 34 255 186 119
31 8 35 196 175 214
31 8 36 196 175 214
31 8 37 196 175 214
31 9 34 196 175 214
31 9 35 196 175 214
31 9 36 196 175 214
31 9 37 196 175 214
31 9 38 196 175 214
31 9 39 196 175 214
31 9 40 158 216 229
31 10 39 196 175 214
31 10 40 158 216 229
31 11 39 196 175 214
31 11 40 158 216 229
31 11 42 158 216 229
31 12 39 196 175 214
31 12 40 158 216 229
31 12 41 158 216 229
31 13 40 158 216 229
31 13 41 158 216 229
31 13 42 158 216 229
31 14 40 158 216 229
31 14 41 158 216 229
31 14 42 158 216 229
31 15 40 114 158 206
31 15 41 158 216 229
31 15 42 158 216 229
31 15 43 158 216 229
31 16 40 114 158 206
31 16 41 114 158 206
31 16 42 158 216 229
31 16 43 114 158 206
31 17 40 114 158 206
31 17 41 158 216 229
31 17 42 158 216 229
31 18 40 114 158 206
31 18 41 158 216 229
31 18 42 158 216 229
31 19 40 114 158 206
31 19 41 158 216 229
31 19 42 158 216 229
31 20 40 114 158 206
31 20 41 158 216 229
31 20 42 158 216 229
31 21 40 114 158 206
31 21 41 158 216 229
31 21 42 158 216 229
31 22 40 114 158 206
31 22 41 158 216 229
31 22 42 158 216 229
31 23 40 114 158 206
31 23 41 158 216 229
31 23 42 158 216 229
31 23 43 158 216 229
31 24 40 114 158 206
31 24 41 158 216 229
31 24 42 158 216 229
31 25 40 114 158 206
31 25 41 158 216 229
31 25 42 158 216 229
31 25 43 114 158 206
31 26 40 114 158 206
31 26 41 158 216 229
31 26 42 158 216 229
31 27 40 114 158 206
31 27 41 158 216 229
31 27 42 158 216 229
31 27 43 114 158 206
31 28 40 114 158 206
31 28 41 158 216 229
31 28 42 158 216 229
31 28 43 158 216 229
31 28 44 158 216 229
31 29 40 114 158 206
31 29 41 158 216 229
31 29 42 158 216 229
31 30 40 214 38 40
31 30 41 158 216 229
31 30 42 158 216 229
31 31 40 214 38 40
31 31 41 214 38 40
31 31 42 214 38 40
31 32 40 214 38 40
31 32 41 214 38 40
31 32 42 214 38 40
32 0 29 43 160 4
32 0 30 43 160 4
32 0 31 43 160 4
32 0 32 43 160 4
32 0 33 43 160 4
32 0 34 43 160 4
32 0 35 43 160 4
32 0 36 43 160 4
32 0 37 43 160 4
32 0 38 43 160 4
32 0 39 43 160 4
32 0 40 43 160 4
32 0 41 43 160 4
32 0 42 43 160 4
32 0 43 43 160 4
32 0 44 43 160 4
32 0 45 43 160 4
32 0 46 43 160 4
32 0 47 43 160 4
32 0 48 43 160 4
32 0 49 43 160 4
32 0 50 43 160 4
32 0 51 43 160 4
32 0 52 43 160 4
32 0 53 43 160 4
32 0 54 43 160 4
32 0 55 43 160 4
32 0 56 43 160 4
32 0 57 43 160 4
32 0 58 43 160 4
32 0 59 43 160 4
32 1 27 255 186 119
32 1 28 255 186 119
32 1 29 255 186 119
32 1 30 255 186 119
32 1 31 255 186 119
32 1 32 255 186 119
32 1 33 255 186 119
32 1 34 255 186 119
32 1 35 255 186 119
32 1 36 255 186 119
32 1 37 255 186 119
32 1 38 255 186 119
32 1 39 255 186 119
32 1 40 255 186 119
32 2 25 255 186 119
32 2 26 255 186 119
32 2 27 255 186 119
32 2 28 255 186 119
32 2 29 255 186 119
32 2 30 255 186 119
32 2 31 255 186 119
32 2 32 255 186 119
32 2 33 255 186 119
32 2 34 255 186 119
32 2 35 255 186 119
32 2 36 255 186 119
32 2 37 255 186 119
32 2 38 255 186 119
32 2 39 255 186 119
32 2 40 255 186 119
32 2 41 255 186 119
32 3 23 255 186 119
32 3 24 255 186 119
32 3 25 255 186 119
32 3 26 255 186 119
32 3 27 255 186 119
32 3 28 255 186 119
32 3 29 255 186 119
32 3 30 255 186 119
32 3 31 255 186 119
32 3 32 255 186 119
32 3 33 255 186 119
32 3 34 255 186 119
32 3 35 255 186 119
32 3 36 255 186 119
32 3 37 255 186 119
32 3 38 255 186 119
32 3 39 255 186 119
32 3 40 255 186 119
32 4 21 255 186 119
32 4 22 255 186 119
32 4 23 255 186 119
32 4 24 255 186 119
32 4 25 255 186 119
32 4 26 255 186 119
32 4 27 255 186 119
32 4 28 255 186 119
32 4 29 255 186 119
32 4 30 255 186 119
32 4 31 255 186 119
32 4 32 255 186 119
32 4 33 255 186 119
32 4 34 255 186 119
32 4 35 255 186 119
32 4 36 255 186 119
32 4 37 255 186 119
32 4 38 255 186 119
32 4 39 255 186 119
32 4 40 255 186 119
32 5 19 255 186 119
32 5 20 255 186 119
32 5 21 255 186 119
32 5 22 255 186 119
32 5 23 255 186 119
32 5 24 255 186 119
32 5 25 255 186 119
32 5 26 255 186 119
32 5 27 255 186 119
32 5 28 255 186 119
32 5 29 255 186 119
32 5 30 255 186 119
32 5 31 255 186 119
32 5 32 255 186 119
32 5 33 255 186 119
32 5 34 255 186 119
32 5 35 255 186 119
32 5 36 255 186 119
32 5 37 255 186 119
32 5 38 255 186 119
32 5 39 255 186 119
32 5 40 255 186 119
32 6 16 255 186 119
32 6 22 255 186 119
32 6 23 255 186 119
32 6 24 255 186 119
32 6 25 255 186 119
32 6 26 255 186 119
32 6 27 255 186 119
32 6 28 255 186 119
32 6 29 255 186 119
32 6 30 255 186 119
32 6 31 255 186 119
32 6 32 255 186 119
32 6 33 255 186 119
32 6 34 255 186 119
32 6 35 255 186 119
32 6 36 255 186 119
32 6 37 255 186 119
32 6 38 255 186 119
32 6 39 255 186 119
32 6 40 255 186 119
32 7 14 255 186 119
32 7 15 255 186 119
32 7 16 255 186 119
32 7 17 255 186 119
32 7 18 255 186 119
32 7 19 255 186 119
32 7 20 255 186 119
32 7 21 255 186 119
32 7 22 255 186 119
32 7 23 255 186 119
32 7 25 255 186 119
32 7 27 255 186 119
32 7 28 255 186 119
32 7 29 255 186 119
32 7 30 255 186 119
32 7 31 255 186 119
32 7 32 255 186 119
32 7 36 255 186 119
32 7 37 255 186 119
32 7 38 255 186 119
32 7 39 255 186 119
32 8 16 255 186 119
32 8 17 255 186 119
32 8 18 255 186 119
32 8 19 255 186 119
32 8 20 255 186 119
32 8 21 255 186 119
32 8 22 255 186 119
32 8 23 255 186 119
32 8 24 255 186 119
32 8 25 255 186 119
32 8 26 255 186 119
32 8 27 255 186 119
32 8 28 255 186 119
32 8 29 255 186 119
32 8 30 255 186 119
32 8 31 255 186 119
32 8 32 255 186 119
32 8 33 255 186 119
32 8 34 255 186 119
32 8 35 255 186 119
32 9 33 196 175 214
32 9 34 196 175 214
32 9 35 196 175 214
32 9 36 196 175 214
32 9 37 196 175 214
32 9 38 196 175 214
32 9 39 196 175 214
32 9 40 196 175 214
32 10 39 196 175 214
32 10 40 158 216 229
32 11 39 196 175 214
32 11 40 158 216 229
32 11 41 158 216 229
32 12 40 158 216 229
32 12 41 158 216 229
32 13 40 158 216 229
32 13 41 158 216 229
32 13 42 158 216 229
32 14 41 158 216 229
32 14 42 158 216 229
32 15 41 158 216 229
32 15 42 158 216 229
32 15 43 158 216 229
32 16 41 158 216 229
32 16 42 158 216 229
32 16 43 158 216 229
32 17 41 158 216 229
32 17 42 158 216 229
32 18 41 158 216 229
32 18 42 158 216 229
32 19 40 158 216 229
32 19 41 158 216 229
32 19 42 158 216 229
32 20 41 158 216 229
32 20 42 158 216 229
32 21 41 158 216 229
32 21 42 158 216 229
32 21 43 158 216 229
32 22 40 158 216 229
32 22 41 158 216 229
32 22 42 158 216 229
32 22 43 158 216 229
32 23 40 158 216 229
32 23 41 158 216 229
32 23 42 158 216 229
32 24 40 158 216 229
32 24 41 158 216 229
32 24 42 158 216 229
32 25 41 158 216 229
32 25 42 158 216 229
32 26 41 158 216 229
32 26 42 158 216 229
32 26 43 158 216 229
32 27 41 158 216 229
32 27 42 158 216 229
32 27 43 158 216 229
32 27 44 158 216 229
32 28 40 158 216 229
32 28 41 158 216 229
32 28 42 158 216 229
32 28 43 158 216 229
32 28 44 158 216 229
32 29 41 158 216 229
32 29 42 158 216 229
32 30 41 158 216 229
32 30 42 158 216 229
32 31 38 214 38 40
32 31 39 214 38 40
32 31 40 214 38 40
32 31 41 214 38 40
32 31 42 214 38 40
32 32 40 214 38 40
32 32 41 214 38 40
32 32 42 214 38 40
33 0 29 43 160 4
33 0 30 43 160 4
33 0 31 43 160 4
33 0 32 43 160 4
33 0 33 43 160 4
33 0 34 43 160 4
33 0 35 43 160 4
33 0 36 43 160 4
33 0 37 43 160 4
33 0 38 43 160 4
33 0 39 43 160 4
33 0 40 43 160 4
33 0 41 43 160 4
33 0 42 43 160 4
33 0 43 43 160 4
33 0 44 43 160 4
33 0 45 43 160 4
33 0 46 43 160 4
33 0 47 43 160 4
33 0 48 43 160 4
33 0 49 43 160 4
33 0 50 43 160 4
33 0 51 43 160 4
33 0 52 43 160 4
33 0 53 43 160 4
33 0 54 43 160 4
33 0 55 43 160 4
33 0 56 43 160 4
33 0 57 43 160 4
33 0 58 43 160 4
33 0 59 43 160 4
33 1 27 255 186 119
33 1 28 255 186 119
33 1 29 255 186 119
33 1 30 255 186 119
33 1 31 255 186 119
33 1 32 255 186 119
33 1 33 255 186 119
33 1 34 255 186 119
33 1 35 255 186 119
33 1 36 255 186 119
33 1 37 255 186 119
33 1 38 255 186 119
33 1 39 255 186 119
33 1 40 255 186 119
33 1 41 255 186 119
33 2 25 255 186 119
33 2 26 255 186 119
33 2 27 255 186 119
33 2 28 255 186 119
33 2 29 255 186 119
33 2 30 255 186 119
33 2 31 255 186 119
33 2 32 255 186 119
33 2 33 255 186 119
33 2 34 255 186 119
33 2 35 255 186 119
33 2 36 255 186 119
33 2 37 255 186 119
33 2 38 255 186 119
33 2 39 255 186 119
33 2 40 255 186 119
33 2 41 255 186 119
33 3 23 255 186 119
33 3 24 255 186 119
33 3 25 255 186 119
33 3 26 255 186 119
33 3 27 255 186 119
33 3 28 255 186 119
33 3 29 255 186 119
33 3 30 255 186 119
33 3 31 255 186 119
33 3 32 255 186 119
33 3 33 255 186 119
33 3 34 255 186 119
33 3 35 255 186 119
33 3 36 255 186 119
33 3 37 255 186 119
33 3 38 255 186 119
33 3 39 255 186 119
33 3 40 255 186 119
33 3 41 255 186 119
33 4 21 255 186 119
33 4 22 255 186 119
33 4 23 255 186 119
33 4 24 255 186 119
33 4 25 255 186 119
33 4 26 255 186 119
33 4 27 255 186 119
33 4 28 255 186 119
33 4 29 255 186 119
33 4 30 255 186 119
33 4 31 255 186 119
33 4 32 255 186 119
33 4 33 255 186 119
33 4 34 255 186 119
33 4 35 255 186 119
33 4 36 255 186 119
33 4 37 255 186 119
33 4 38 255 186 119
33 4 39 255 186 119
33 4 40 255 186 119
33 5 19 255 186 119
33 5 20 255 186 119
33 5 21 255 186 119
33 5 22 255 186 119
33 5 23 255 186 119
33 5 24 255 186 119
33 5 25 255 186 119
33 5 26 255 186 119
33 5 27 255 186 119
33 5 28 255 186 119
33 5 29 255 186 119
33 5 30 255 186 119
33 5 31 255 186 119
33 5 32 255 186 119
33 5 33 255 186 119
33 5 34 255 186 119
33 5 35 255 186 119
33 5 36 255 186 119
33 5 37 255 186 119
33 5 38 255 186 119
33 5 39 255 186 119
33 5 40 255 186 119
33 6 16 255 186 119
33 6 18 255 186 119
33 6 19 255 186 119
33 6 20 255 186 119
33 6 23 255 186 119
33 6 24 255 186 119
33 6 25 255 186 119
33 6 26 255 186 119
33 6 27 255 186 119
33 6 28 255 186 119
33 6 31 255 186 119
33 6 32 255 186 119
33 6 33 255 186 119
33 6 34 255 186 119
33 6 35 255 186 119
33 6 36 255 186 119
33 6 37 255 186 119
33 6 38 255 186 119
33 6 39 255 186 119
33 6 40 255 186 119
33 7 14 255 186 119
33 7 15 255 186 119
33 7 16 255 186 119
33 7 17 255 186 119
33 7 18 255 186 119
33 7 19 255 186 119
33 7 20 255 186 119
33 7 21 255 186 119
33 7 22 255 186 119
33 7 23 255 186 119
33 7 24 255 186 119
33 7 25 255 186 119
33 7 27 255 186 119
33 7 28 255 186 119
33 7 29 255 186 119
33 7 30 255 186 119
33 7 31 255 186 119
33 7 35 255 186 119
33 7 36 255 186 119
33 7 37 255 186 119
33 7 38 255 186 119
33 7 39 255 186 119
33 8 15 255 186 119
33 8 16 255 186 119
33 8 17 255 186 119
33 8 18 255 186 119
33 8 19 255 186 119
33 8 20 255 186 119
33 8 21 255 186 119
33 8 22 255 186 119
33 8 23 255 186 119
33 8 24 255 186 119
33 8 25 255 186 119
33 8 26 255 186 119
33 8 27 255 186 119
33 8 28 255 186 119
33 8 29 255 186 119
33 8 30 255 186 119
33 8 31 255 186 119
33 8 32 255 186 119
33 8 33 255 186 119
33 8 34 255 186 119
33 8 35 255 186 119
33 9 33 196 175 214
33 9 34 196 175 214
33 9 35 196 175 214
33 9 36 196 175 214
33 9 37 196 175 214
33 9 38 196 175 214
33 9 39 196 175 214
33 9 40 158 216 229
33 10 37 196 175 214
33 10 38 196 175 214
33 10 39 196 175 214
33 10 40 158 216 229
33 11 39 196 175 214
33 11 40 158 216 229
33 12 39 196 175 214
33 12 40 158 216 229
33 12 41 158 216 229
33 12 42 158 216 229
33 13 40 158 216 229
33 13 41 158 216 229
33 13 42 158 216 229
33 14 40 158 216 229
33 14 41 158 216 229
33 14 42 158 216 229
33 15 41 158 216 229
33 15 42 158 216 229
33 15 43 158 216 229
33 16 41 158 216 229
33 16 42 158 216 229
33 16 43 158 216 229
33 17 41 158 216 229
33 17 42 158 216 229
33 17 43 158 216 229
33 18 40 158 216 229
33 18 41 158 216 229
33 18 42 158 216 229
33 19 40 158 216 229
33 19 41 158 216 229
33 19 42 158 216 229
33 20 40 158 216 229
33 20 41 158 216 229
33 20 42 158 216 229
33 21 41 158 216 229
33 21 42 158 216 229
33 21 43 158 216 229
33 22 40 158 216 229
33 22 41 158 216 229
33 22 42 158 216 229
33 22 43 158 216 229
33 23 40 158 216 229
33 23 41 158 216 229
33 23 42 158 216 229
33 24 40 158 216 229
33 24 41 158 216 229
33 24 42 158 216 229
33 25 41 158 216 229
33 25 42 158 216 229
33 25 43 158 216 229
33 26 41 158 216 229
33 26 42 158 216 229
33 26 43 158 216 229
33 27 40 158 216 229
33 27 41 158 216 229
33 27 42 158 216 229
33 27 43 158 216 229
33 27 44 158 216 229
33 28 40 158 216 229
33 28 41 158 216 229
33 28 42 158 216 229
33 29 40 158 216 229
33 29 41 158 216 229
33 29 42 158 216 229
33 30 39 214 38 40
33 30 40 158 216 229
33 30 41 158 216 229
33 30 42 158 216 229
33 31 38 214 38 40
33 31 39 214 38 40
33 31 40 214 38 40
33 31 41 214 38 40
33 31 42 158 216 229
33 32 40 158 216 229
33 32 41 158 216 229
33 32 42 158 216 229
34 0 29 43 160 4
34 0 30 43 160 4
34 0 31 43 160 4
34 0 32 43 160 4
34 0 33 43 160 4
34 0 34 43 160 4
34 0 35 43 160 4
34 0 36 43 160 4
34 0 37 43 160 4
34 0 38 43 160 4
34 0 39 43 160 4
34 0 40 43 160 4
34 0 41 43 160 4
34 0 42 43 160 4
34 0 43 43 160 4
34 0 44 43 160 4
34 0 45 43 160 4
34 0 46 43 160 4
34 0 47 43 160 4
34 0 48 43 160 4
34 0 49 43 160 4
34 0 50 43 160 4
34 0 51 43 160 4
34 0 52 43 160 4
34 0 53 43 160 4
34 0 54 43 160 4
34 0 55 43 160 4
34 0 56 43 160 4
34 0 57 43 160 4
34 0 58 43 160 4
34 0 59 43 160 4
34 1 27 255 186 119
34 1 28 255 186 119
34 1 29 255 186 119
34 1 30 255 186 119
34 1 31 255 186 119
34 1 32 255 186 119
34 1 33 255 186 119
34 1 34 255 186 119
34 1 35 255 186 119
34 1 36 255 186 119
34 1 37 255 186 119
34 1 38 255 186 119
34 1 39 255 186 119
34 1 40 255 186 119
34 1 41 255 186 119
34 2 25 255 186 119
34 2 26 255 186 119
34 2 27 255 186 119
34 2 28 255 186 119
34 2 29 255 186 119
34 2 30 255 186 119
34 2 31 255 186 119
34 2 32 255 186 119
34 2 33 255 186 119
34 2 34 255 186 119
34 2 35 255 186 119
34 2 36 255 186 119
34 2 37 255 186 119
34 2 38 255 186 119
34 2 39 255 186 119
34 2 40 255 186 119
34 2 41 255 186 119
34 3 23 255 186 119
34 3 24 255 186 119
34 3 25 255 186 119
34 3 26 255 186 119
34 3 27 255 186 119
34 3 28 255 186 119
34 3 29 255 186 119
34 3 30 255 186 119
34 3 31 255 186 119
34 3 32 255 186 119
34 3 33 255 186 119
34 3 34 255 186 119
34 3 35 255 186 119
34 3 36 255 186 119
34 3 37 255 186 119
34 3 38 255 186 119
34 3 39 255 186 119
34 3 40 255 186 119
34 3 41 255 186 119
34 4 21 255 186 119
34 4 22 255 186 119
34 4 23 255 186 119
34 4 24 255 186 119
34 4 25 255 186 119
34 4 26 255 186 119
34 4 27 255 186 119
34 4 28 255 186 119
34 4 29 255 186 119
34 4 30 255 186 119
34 4 31 255 186 119
34 4 32 255 186 119
34 4 33 255 186 119
34 4 34 255 186 119
34 4 35 255 186 119
34 4 36 255 186 119
34 4 37 255 186 119
34 4 38 255 186 119
34 4 39 255 186 119
34 4 40 255 186 119
34 5 19 255 186 119
34 5 20 255 186 119
34 5 21 255 186 119
34 5 22 255 186 119
34 5 23 255 186 119
34 5 24 255 186 119
34 5 25 255 186 119
34 5 26 255 186 119
34 5 27 255 186 119
34 5 28 255 186 119
34 5 29 255 186 119
34 5 30 255 186 119
34 5 31 255 186 119
34 5 32 255 186 119
34 5 33 255 186 119
34 5 34 255 186 119
34 5 35 255 186 119
34 5 36 255 186 119
34 5 37 255 186 119
34 5 38 255 186 119
34 5 39 255 186 119
34 5 40 255 186 119
34 6 16 255 186 119
34 6 18 255 186 119
34 6 19 255 186 119
34 6 20 255 186 119
34 6 21 255 186 119
34 6 23 255 186 119
34 6 24 255 186 119
34 6 25 255 186 119
34 6 26 255 186 119
34 6 27 255 186 119
34 6 28 255 186 119
34 6 31 255 186 119
34 6 32 255 186 119
34 6 33 255 186 119
34 6 34 255 186 119
34 6 35 255 186 119
34 6 36 255 186 119
34 6 37 255 186 119
34 6 38 255 186 119
34 6 39 255 186 119
34 6 40 255 186 119
34 7 14 255 186 119
34 7 15 255 186 119
34 7 16 255 186 119
34 7 17 255 186 119
34 7 18 255 186 119
34 7 19 255 186 119
34 7 20 255 186 119
34 7 21 255 186 119
34 7 22 255 186 119
34 7 23 255 186 119
34 7 24 255 186 119
34 7 27 255 186 119
34 7 28 255 186 119
34 7 29 255 186 119
34 7 30 255 186 119
34 7 31 255 186 119
34 7 37 255 186 119
34 7 38 255 186 119
34 7 39 255 186 119
34 8 12 255 186 119
34 8 13 255 186 119
34 8 14 255 186 119
34 8 15 255 186 119
34 8 16 255 186 119
34 8 17 255 186 119
34 8 18 255 186 119
34 8 19 255 186 119
34 8 20 255 186 119
34 8 21 255 186 119
34 8 22 255 186 119
34 8 23 255 186 119
34 8 24 255 186 119
34 8 25 255 186 119
34 8 26 255 186 119
34 8 27 255 186 119
34 8 28 255 186 119
34 8 29 255 186 119
34 8 30 255 186 119
34 8 31 255 186 119
34 8 32 255 186 119
34 8 33 255 186 119
34 8 34 255 186 119
34 8 35 255 186 119
34 8 36 255 186 119
34 8 39 255 186 119
34 8 40 158 216 229
34 9 34 196 175 214
34 9 35 196 175 214
34 9 36 196 175 214
34 9 37 196 175 214
34 9 38 196 175 214
34 10 37 196 175 214
34 10 38 196 175 214
34 10 39 196 175 214
34 11 37 196 175 214
34 11 38 196 175 214
34 11 39 158 216 229
34 12 38 158 216 229
34 12 39 158 216 229
34 12 40 158 216 229
34 12 41 158 216 229
34 12 42 158 216 229
34 13 38 158 216 229
34 13 39 158 216 229
34 13 40 158 216 229
34 13 41 158 216 229
34 13 42 158 216 229
34 14 40 158 216 229
34 14 41 158 216 229
34 14 42 158 216 229
34 15 40 158 216 229
34 15 41 158 216 229
34 15 42 158 216 229
34 16 40 158 216 229
34 16 41 158 216 229
34 16 42 158 216 229
34 17 37 158 216 229
34 17 38 158 216 229
34 17 39 158 216 229
34 17 40 158 216 229
34 17 41 158 216 229
34 17 42 158 216 229
34 18 39 158 216 229
34 18 40 158 216 229
34 18 41 158 216 229
34 19 38 158 216 229
34 19 39 158 216 229
34 19 40 158 216 229
34 19 41 158 216 229
34 20 38 158 216 229
34 20 39 158 216 229
34 20 40 158 216 229
34 20 41 158 216 229
34 20 42 158 216 229
34 21 39 158 216 229
34 21 40 158 216 229
34 21 41 158 216 229
34 21 42 158 216 229
34 22 40 158 216 229
34 22 41 158 216 229
34 22 42 158 216 229
34 23 39 158 216 229
34 23 40 158 216 229
34 23 41 158 216 229
34 23 42 158 216 229
34 24 38 158 216 229
34 24 39 158 216 229
34 24 40 158 216 229
34 24 41 158 216 229
34 24 42 158 216 229
34 25 39 158 216 229
34 25 40 158 216 229
34 25 41 158 216 229
34 25 42 158 216 229
34 26 39 158 216 229
34 26 40 158 216 229
34 26 41 158 216 229
34 26 42 158 216 229
34 27 39 158 216 229
34 27 40 158 216 229
34 27 41 158 216 229
34 27 42 158 216 229
34 28 39 158 216 229
34 28 40 158 216 229
34 28 41 158 216 229
34 29 38 158 216 229
34 29 39 158 216 229
34 29 40 158 216 229
34 29 41 158 216 229
34 30 38 214 38 40
34 30 39 158 216 229
34 30 40 158 216 229
34 30 41 158 216 229
34 31 38 214 38 40
34 31 39 158 216 229
34 31 40 158 216 229
34 31 41 158 216 229
34 32 40 158 216 229
34 32 41 158 216 229
35 0 29 43 160 4
35 0 30 43 160 4
35 0 31 43 160 4
35 0 32 43 160 4
35 0 33 43 160 4
35 0 34 43 160 4
35 0 35 43 160 4
35 0 36 43 160 4
35 0 37 43 160 4
35 0 38 43 160 4
35 0 39 43 160 4
35 0 40 43 160 4
35 0 41 43 160 4
35 0 42 43 160 4
35 0 43 43 160 4
35 0 44 43 160 4
35 0 45 43 160 4
35 0 46 43 160 4
35 0 47 43 160 4
35 0 48 43 160 4
35 0 49 43 160 4
35 0 50 43 160 4
35 0 51 43 160 4
35 0 52 43 160 4
35 0 53 43 160 4
35 0 54 43 160 4
35 0 55 43 160 4
35 0 56 43 160 4
35 0 57 43 160 4
35 0 58 43 160 4
35 0 59 43 160 4
35 1 27 255 186 119
35 1 28 255 186 119
35 1 29 255 186 119
35 1 30 255 186 119
35 1 31 255 186 119
35 1 32 255 186 119
35 1 33 255 186 119
35 1 34 255 186 119
35 1 35 255 186 119
35 1 36 255 186 119
35 1 37 255 186 119
35 1 38 255 186 119
35 1 39 255 186 119
35 1 40 255 186 119
35 1 41 158 216 229
35 2 25 255 186 119
35 2 26 255 186 119
35 2 27 255 186 119
35 2 28 255 186 119
35 2 29 255 186 119
35 2 30 255 186 119
35 2 31 255 186 119
35 2 32 255 186 119
35 2 33 255 186 119
35 2 34 255 186 119
35 2 35 255 186 119
35 2 36 255 186 119
35 2 37 255 186 119
35 2 38 255 186 119
35 2 39 255 186 119
35 2 40 255 186 119
35 2 41 158 216 229
35 3 23 255 186 119
35 3 24 255 186 119
35 3 25 255 186 119
35 3 26 255 186 119
35 3 27 255 186 119
35 3 28 255 186 119
35 3 29 255 186 119
35 3 30 255 186 119
35 3 31 255 186 119
35 3 32 255 186 119
35 3 33 255 186 119
35 3 34 255 186 119
35 3 35 255 186 119
35 3 36 255 186 119
35 3 37 255 186 119
35 3 38 255 186 119
35 3 39 255 186 119
35 3 40 255 186 119
35 3 41 158 216 229
35 4 21 255 186 119
35 4 22 255 186 119
35 4 23 255 186 119
35 4 24 255 186 119
35 4 25 255 186 119
35 4 26 255 186 119
35 4 27 255 186 119
35 4 28 255 186 119
35 4 29 255 186 119
35 4 30 255 186 119
35 4 31 255 186 119
35 4 32 255 186 119
35 4 33 255 186 119
35 4 34 255 186 119
35 4 35 255 186 119
35 4 36 255 186 119
35 4 37 255 186 119
35 4 38 255 186 119
35 4 39 255 186 119
35 4 40 255 186 119
35 5 19 255 186 119
35 5 20 255 186 119
35 5 21 255 186 119
35 5 22 255 186 119
35 5 23 255 186 119
35 5 24 255 186 119
35 5 25 255 186 119
35 5 26 255 186 119
35 5 27 255 186 119
35 5 28 255 186 119
35 5 29 255 186 119
35 5 30 255 186 119
35 5 31 255 186 119
35 5 32 255 186 119
35 5 33 255 186 119
35 5 34 255 186 119
35 5 35 255 186 119
35 5 36 255 186 119
35 5 37 255 186 119
35 5 38 255 186 119
35 5 39 255 186 119
35 5 40 255 186 119
35 6 16 255 186 119
35 6 18 255 186 119
35 6 19 255 186 119
35 6 20 255 186 119
35 6 21 255 186 119
35 6 22 255 186 119
35 6 23 255 186 119
35 6 24 255 186 119
35 6 25 255 186 119
35 6 26 255 186 119
35 6 27 255 186 119
35 6 30 255 186 119
35 6 31 255 186 119
35 6 32 255 186 119
35 6 33 255 186 119
35 6 34 255 186 119
35 6 35 255 186 119
35 6 36 255 186 119
35 6 37 255 186 119
35 6 38 255 186 119
35 6 39 255 186 119
35 7 14 255 186 119
35 7 15 255 186 119
35 7 16 255 186 119
35 7 17 255 186 119
35 7 18 255 186 119
35 7 19 255 186 119
35 7 20 255 186 119
35 7 21 255 186 119
35 7 22 255 186 119
35 7 23 255 186 119
35 7 24 255 186 119
35 7 25 255 186 119
35 7 26 255 186 119
35 7 27 255 186 119
35 7 28 255 186 119
35 7 29 255 186 119
35 7 30 255 186 119
35 7 31 255 186 119
35 7 32 255 186 119
35 7 33 255 186 119
35 7 34 255 186 119
35 7 38 255 186 119
35 7 39 255 186 119
35 8 12 255 186 119
35 8 13 255 186 119
35 8 14 255 186 119
35 8 15 255 186 119
35 8 16 255 186 119
35 8 17 255 186 119
35 8 18 255 186 119
35 8 19 255 186 119
35 8 20 255 186 119
35 8 21 255 186 119
35 8 22 255 186 119
35 8 23 255 186 119
35 8 24 255 186 119
35 8 25 255 186 119
35 8 26 255 186 119
35 8 27 255 186 119
35 8 28 255 186 119
35 8 29 255 186 119
35 8 30 255 186 119
35 8 31 255 186 119
35 8 32 255 186 119
35 8 33 255 186 119
35 8 34 255 186 119
35 8 35 255 186 119
35 8 36 255 186 119
35 8 37 255 186 119
35 8 39 255 186 119
35 9 35 196 175 214
35 9 36 196 175 214
35 9 37 196 175 214
35 10 36 196 175 214
35 10 37 196 175 214
35 10 38 196 175 214
35 11 37 196 175 214
35 11 38 196 175 214
35 11 41 158 216 229
35 11 42 158 216 229
35 12 37 196 175 214
35 12 38 158 216 229
35 12 39 158 216 229
35 13 37 158 216 229
35 13 38 158 216 229
35 13 39 158 216 229
35 13 40 158 216 229
35 13 41 158 216 229
35 14 37 158 216 229
35 14 38 158 216 229
35 14 39 158 216 229
35 14 40 158 216 229
35 14 41 158 216 229
35 15 38 158 216 229
35 15 39 158 216 229
35 15 40 158 216 229
35 15 41 158 216 229
35 16 37 158 216 229
35 16 38 158 216 229
35 16 39 158 216 229
35 16 40 158 216 229
35 16 41 158 216 229
35 17 36 158 216 229
35 17 37 158 216 229
35 17 38 158 216 229
35 17 39 158 216 229
35 17 40 158 216 229
35 17 41 158 216 229
35 18 36 158 216 229
35 18 37 158 216 229
35 18 38 158 216 229
35 18 39 158 216 229
35 18 40 158 216 229
35 18 42 158 216 229
35 19 36 158 216 229
35 19 37 158 216 229
35 19 38 158 216 229
35 19 39 158 216 229
35 19 40 158 216 229
35 19 42 158 216 229
35 20 37 158 216 229
35 20 38 158 216 229
35 20 39 158 216 229
35 20 40 158 216 229
35 21 38 158 216 229
35 21 39 158 216 229
35 21 40 158 216 229
35 22 38 158 216 229
35 22 39 158 216 229
35 22 40 158 216 229
35 22 41 158 216 229
35 23 37 158 216 229
35 23 38 158 216 229
35 23 39 158 216 229
35 23 40 158 216 229
35 23 41 158 216 229
35 24 37 158 216 229
35 24 38 158 216 229
35 24 39 158 216 229
35 24 40 158 216 229
35 25 38 158 216 229
35 25 39 158 216 229
35 25 40 158 216 229
35 25 41 158 216 229
35 26 38 158 216 229
35 26 39 158 216 229
35 26 40 158 216 229
35 26 41 158 216 229
35 27 38 158 216 229
35 27 39 158 216 229
35 27 40 158 216 229
35 28 37 158 216 229
35 28 38 158 216 229
35 28 39 158 216 229
35 28 40 158 216 229
35 29 38 158 216 229
35 29 39 158 216 229
35 30 38 158 216 229
35 30 39 158 216 229
35 31 38 158 216 229
35 31 39 158 216 229
35 31 40 158 216 229
35 32 40 158 216 229
36 0 29 43 160 4
36 0 30 43 160 4
36 0 31 43 160 4
36 0 32 43 160 4
36 0 33 43 160 4
36 0 34 43 160 4
36 0 35 43 160 4
36 0 36 43 160 4
36 0 37 43 160 4
36 0 38 43 160 4
36 0 39 43 160 4
36 0 40 43 160 4
36 0 41 43 160 4
36 0 42 43 160 4
36 0 43 43 160 4
36 0 44 43 160 4
36 0 45 43 160 4
36 0 46 43 160 4
36 0 47 43 160 4
36 0 48 43 160 4
36 0 49 43 160 4
36 0 50 43 160 4
36 0 51 43 160 4
36 0 52 43 160 4
36 0 53 43 160 4
36 0 54 43 160 4
36 0 55 43 160 4
36 0 56 43 160 4
36 0 57 43 160 4
36 0 58 43 160 4
36 0 59 43 160 4
36 1 27 255 186 119
36 1 28 255 186 119
36 1 29 255 186 119
36 1 30 255 186 119
36 1 31 255 186 119
36 1 32 255 186 119
36 1 33 255 186 119
36 1 34 255 186 119
36 1 35 255 186 119
36 1 36 255 186 119
36 1 37 255 186 119
36 1 38 255 186 119
36 1 39 255 186 119
36 1 40 255 186 119
36 2 25 255 186 119
36 2 26 255 186 119
36 2 27 255 186 119
36 2 28 255 186 119
36 2 29 255 186 119
36 2 30 255 186 119
36 2 31 255 186 119
36 2 32 255 186 119
36 2 33 255 186 119
36 2 34 255 186 119
36 2 35 255 186 119
36 2 36 255 186 119
36 2 37 255 186 119
36 2 38 255 186 119
36 2 39 255 186 119
36 2 40 255 186 119
36 3 23 255 186 119
36 3 24 255 186 119
36 3 25 255 186 119
36 3 26 255 186 119
36 3 27 255 186 119
36 3 28 255 186 119
36 3 29 255 186 119
36 3 30 255 186 119
36 3 31 255 186 119
36 3 32 255 186 119
36 3 33 255 186 119
36 3 34 255 186 119
36 3 35 255 186 119
36 3 36 255 186 119
36 3 37 255 186 119
36 3 38 255 186 119
36 3 39 255 186 119
36 3 40 255 186 119
36 4 21 255 186 119
36 4 22 255 186 119
36 4 23 255 186 119
36 4 24 255 186 119
36 4 25 255 186 119
36 4 26 255 186 119
36 4 27 255 186 119
36 4 28 255 186 119
36 4 29 255 186 119
36 4 30 255 186 119
36 4 31 255 186 119
36 4 32 255 186 119
36 4 33 255 186 119
36 4 34 255 186 119
36 4 35 255 186 119
36 4 36 255 186 119
36 4 37 255 186 119
36 4 38 255 186 119
36 4 39 255 186 119
36 4 40 255 186 119
36 5 19 255 186 119
36 5 20 255 186 119
36 5 21 255 186 119
36 5 22 255 186 119
36 5 23 255 186 119
36 5 24 255 186 119
36 5 25 255 186 119
36 5 26 255 186 119
36 5 27 255 186 119
36 5 28 255 186 119
36 5 29 255 186 119
36 5 30 255 186 119
36 5 31 255 186 119
36 5 32 255 186 119
36 5 33 255 186 119
36 5 34 255 186 119
36 5 35 255 186 119
36 5 36 255 186 119
36 5 37 255 186 119
36 5 38 255 186 119
36 5 39 255 186 119
36 6 16 255 186 119
36 6 18 255 186 119
36 6 19 255 186 119
36 6 20 255 186 119
36 6 21 255 186 119
36 6 22 255 186 119
36 6 23 255 186 119
36 6 24 255 186 119
36 6 25 255 186 119
36 6 26 255 186 119
36 6 27 255 186 119
36 6 28 255 186 119
36 6 29 255 186 119
36 6 30 255 186 119
36 6 31 255 186 119
36 6 32 255 186 119
36 6 35 255 186 119
36 6 36 255 186 119
36 6 37 255 186 119
36 6 38 255 186 119
36 6 39 255 186 119
36 7 14 255 186 119
36 7 15 255 186 119
36 7 16 255 186 119
36 7 17 255 186 119
36 7 18 255 186 119
36 7 19 255 186 119
36 7 20 255 186 119
36 7 21 255 186 119
36 7 22 255 186 119
36 7 23 255 186 119
36 7 24 255 186 119
36 7 25 255 186 119
36 7 26 255 186 119
36 7 27 255 186 119
36 7 28 255 186 119
36 7 29 255 186 119
36 7 30 255 186 119
36 7 31 255 186 119
36 7 32 255 186 119
36 7 33 255 186 119
36 7 34 255 186 119
36 7 38 255 186 119
36 7 39 255 186 119
36 8 12 255 186 119
36 8 13 255 186 119
36 8 14 255 186 119
36 8 15 255 186 119
36 8 16 255 186 119
36 8 17 255 186 119
36 8 18 255 186 119
36 8 19 255 186 119
36 8 20 255 186 119
36 8 21 255 186 119
36 8 22 255 186 119
36 8 23 255 186 119
36 8 24 255 186 119
36 8 25 255 186 119
36 8 26 255 186 119
36 8 27 255 186 119
36 8 28 255 186 119
36 8 29 255 186 119
36 8 30 255 186 119
36 8 31 255 186 119
36 8 32 255 186 119
36 8 33 255 186 119
36 8 34 255 186 119
36 8 35 255 186 119
36 8 36 255 186 119
36 8 37 255 186 119
36 8 39 255 186 119
36 9 32 196 175 214
36 9 33 196 175 214
36 9 34 196 175 214
36 9 35 196 175 214
36 9 36 196 175 214
36 9 37 196 175 214
36 10 36 196 175 214
36 10 37 196 175 214
36 11 36 196 175 214
36 11 37 158 216 229
36 11 38 158 216 229
36 12 37 158 216 229
36 12 38 158 216 229
36 12 39 158 216 229
36 13 36 158 216 229
36 13 37 158 216 229
36 13 38 158 216 229
36 13 39 158 216 229
36 14 37 158 216 229
36 14 38 158 216 229
36 14 39 158 216 229
36 15 37 158 216 229
36 15 38 158 216 229
36 15 39 158 216 229
36 16 37 158 216 229
36 16 38 158 216 229
36 16 39 158 216 229
36 16 40 158 216 229
36 16 41 158 216 229
36 17 36 158 216 229
36 17 37 158 216 229
36 17 38 158 216 229
36 17 39 158 216 229
36 17 40 158 216 229
36 18 35 158 216 229
36 18 36 158 216 229
36 18 37 158 216 229
36 18 38 158 216 229
36 18 39 158 216 229
36 19 36 158 216 229
36 19 37 158 216 229
36 19 38 158 216 229
36 19 39 158 216 229
36 20 37 158 216 229
36 20 38 158 216 229
36 20 39 158 216 229
36 21 38 158 216 229
36 21 39 158 216 229
36 22 37 158 216 229
36 22 38 158 216 229
36 22 39 158 216 229
36 22 40 158 216 229
36 23 37 158 216 229
36 23 38 158 216 229
36 23 39 158 216 229
36 23 40 158 216 229
36 24 36 158 216 229
36 24 37 158 216 229
36 24 38 158 216 229
36 25 36 158 216 229
36 25 37 158 216 229
36 25 38 158 216 229
36 25 39 158 216 229
36 25 40 158 216 229
36 26 37 158 216 229
36 26 38 158 216 229
36 26 39 158 216 229
36 26 40 158 216 229
36 27 37 158 216 229
36 27 38 158 216 229
36 27 39 158 216 229
36 28 37 158 216 229
36 28 38 158 216 229
36 28 39 158 216 229
36 28 40 158 216 229
36 29 37 158 216 229
36 29 38 158 216 229
36 29 39 158 216 229
36 30 37 158 216 229
36 30 38 158 216 229
36 30 39 158 216 229
36 31 38 158 216 229
36 31 39 158 216 229
36 32 40 158 216 229
37 0 29 43 160 4
37 0 30 43 160 4
37 0 31 43 160 4
37 0 32 43 160 4
37 0 33 43 160 4
37 0 34 43 160 4
37 0 35 43 160 4
37 0 36 43 160 4
37 0 37 43 160 4
37 0 38 43 160 4
37 0 39 43 160 4
37 0 40 43 160 4
37 0 41 43 160 4
37 0 42 43 160 4
37 0 43 43 160 4
37 0 44 43 160 4
37 0 45 43 160 4
37 0 46 43 160 4
37 0 47 43 160 4
37 0 48 43 160 4
37 0 49 43 160 4
37 0 50 43 160 4
37 0 51 43 160 4
37 0 52 43 160 4
37 0 53 43 160 4
37 0 54 43 160 4
37 0 55 43 160 4
37 0 56 43 160 4
37 0 57 43 160 4
37 0 58 43 160 4
37 0 59 43 160 4
37 1 27 255 186 119
37 1 28 255 186 119
37 1 29 255 186 119
37 1 30 255 186 119
37 1 31 255 186 119
37 1 32 255 186 119
37 1 33 255 186 119
37 1 34 255 186 119
37 1 35 255 186 119
37 1 36 255 186 119
37 1 37 255 186 119
37 1 38 255 186 119
37 1 39 255 186 119
37 1 40 255 186 119
37 2 25 255 186 119
37 2 26 255 186 119
37 2 27 255 186 119
37 2 28 255 186 119
37 2 29 255 186 119
37 2 30 255 186 119
37 2 31 255 186 119
37 2 32 255 186 119
37 2 33 255 186 119
37 2 34 255 186 119
37 2 35 255 186 119
37 2 36 255 186 119
37 2 37 255 186 119
37 2 38 255 186 119
37 2 39 255 186 119
37 2 40 255 186 119
37 3 23 255 186 119
37 3 24 255 186 119
37 3 25 255 186 119
37 3 26 255 186 119
37 3 27 255 186 119
37 3 28 255 186 119
37 3 29 255 186 119
37 3 30 255 186 119
37 3 31 255 186 119
37 3 32 255 186 119
37 3 33 255 186 119
37 3 34 255 186 119
37 3 35 255 186 119
37 3 36 255 186 119
37 3 37 255 186 119
37 3 38 255 186 119
37 3 39 255 186 119
37 3 40 255 186 119
37 4 21 255 186 119
37 4 22 255 186 119
37 4 23 255 186 119
37 4 24 255 186 119
37 4 25 255 186 119
37 4 26 255 186 119
37 4 27 255 186 119
37 4 28 255 186 119
37 4 29 255 186 119
37 4 30 255 186 119
37 4 31 255 186 119
37 4 32 255 186 119
37 4 33 255 186 119
37 4 34 255 186 119
37 4 35 255 186 119
37 4 36 255 186 119
37 4 37 255 186 119
37 4 38 255 186 119
37 4 39 255 186 119
37 4 40 255 186 119
37 5 19 255 186 119
37 5 20 255 186 119
37 5 21 255 186 119
37 5 22 255 186 119
37 5 23 255 186 119
37 5 24 255 186 119
37 5 25 255 186 119
37 5 26 255 186 119
37 5 27 255 186 119
37 5 28 255 186 119
37 5 29 255 186 119
37 5 30 255 186 119
37 5 31 255 186 119
37 5 32 255 186 119
37 5 33 255 186 119
37 5 34 255 186 119
37 5 35 255 186 119
37 5 36 255 186 119
37 5 37 255 186 119
37 5 38 255 186 119
37 5 39 255 186 119
37 5 40 255 186 119
37 6 16 255 186 119
37 6 18 255 186 119
37 6 19 255 186 119
37 6 20 255 186 119
37 6 21 255 186 119
37 6 22 255 186 119
37 6 23 255 186 119
37 6 27 255 186 119
37 6 28 255 186 119
37 6 29 255 186 119
37 6 30 255 186 119
37 6 31 255 186 119
37 6 32 255 186 119
37 6 33 255 186 119
37 6 34 255 186 119
37 6 35 255 186 119
37 6 36 255 186 119
37 6 37 255 186 119
37 6 38 255 186 119
37 6 39 255 186 119
37 7 15 255 186 119
37 7 16 255 186 119
37 7 17 255 186 119
37 7 18 255 186 119
37 7 19 255 186 119
37 7 20 255 186 119
37 7 21 255 186 119
37 7 22 255 186 119
37 7 23 255 186 119
37 7 24 255 186 119
37 7 25 255 186 119
37 7 26 255 186 119
37 7 27 255 186 119
37 7 31 255 186 119
37 7 32 255 186 119
37 7 35 255 186 119
37 7 36 255 186 119
37 7 37 255 186 119
37 7 38 255 186 119
37 7 39 255 186 119
37 8 14 255 186 119
37 8 15 255 186 119
37 8 16 255 186 119
37 8 17 255 186 119
37 8 18 255 186 119
37 8 19 255 186 119
37 8 20 255 186 119
37 8 21 255 186 119
37 8 22 255 186 119
37 8 23 255 186 119
37 8 24 255 186 119
37 8 25 255 186 119
37 8 26 255 186 119
37 8 27 255 186 119
37 8 28 255 186 119
37 8 29 255 186 119
37 8 30 255 186 119
37 8 31 255 186 119
37 8 32 255 186 119
37 8 33 255 186 119
37 8 38 255 186 119
37 8 39 255 186 119
37 9 31 255 186 119
37 9 32 196 175 214
37 9 33 196 175 214
37 9 34 196 175 214
37 9 35 196 175 214
37 9 36 196 175 214
37 9 37 158 216 229
37 10 33 196 175 214
37 10 34 196 175 214
37 10 35 196 175 214
37 10 36 196 175 214
37 10 37 158 216 229
37 11 35 196 175 214
37 11 36 158 216 229
37 11 37 158 216 229
37 12 35 158 216 229
37 12 36 158 216 229
37 12 37 158 216 229
37 12 38 158 216 229
37 13 35 158 216 229
37 13 36 158 216 229
37 13 37 158 216 229
37 13 38 158 216 229
37 14 35 158 216 229
37 14 36 158 216 229
37 14 37 158 216 229
37 14 38 158 216 229
37 15 35 158 216 229
37 15 36 158 216 229
37 15 37 158 216 229
37 15 38 158 216 229
37 15 39 158 216 229
37 16 34 114 158 206
37 16 35 158 216 229
37 16 36 158 216 229
37 16 37 158 216 229
37 16 38 158 216 229
37 17 34 158 216 229
37 17 35 158 216 229
37 17 36 158 216 229
37 17 37 158 216 229
37 17 38 158 216 229
37 18 35 158 216 229
37 18 36 158 216 229
37 18 37 158 216 229
37 18 38 158 216 229
37 19 35 158 216 229
37 19 36 158 216 229
37 19 37 158 216 229
37 19 38 158 216 229
37 19 39 158 216 229
37 20 35 158 216 229
37 20 36 158 216 229
37 20 37 158 216 229
37 20 38 158 216 229
37 20 39 158 216 229
37 21 35 158 216 229
37 21 36 158 216 229
37 21 37 158 216 229
37 21 38 158 216 229
37 21 39 158 216 229
37 22 35 158 216 229
37 22 36 158 216 229
37 22 37 158 216 229
37 22 38 158 216 229
37 22 39 158 216 229
37 23 36 158 216 229
37 23 37 158 216 229
37 23 38 158 216 229
37 24 35 158 216 229
37 24 36 158 216 229
37 24 37 158 216 229
37 24 38 158 216 229
37 25 36 158 216 229
37 25 37 158 216 229
37 25 38 158 216 229
37 26 36 158 216 229
37 26 37 158 216 229
37 26 38 158 216 229
37 27 36 158 216 229
37 27 37 158 216 229
37 27 38 158 216 229
37 27 39 158 216 229
37 28 35 158 216 229
37 28 36 158 216 229
37 28 37 158 216 229
37 28 38 158 216 229
37 28 39 158 216 229
37 29 35 158 216 229
37 29 36 158 216 229
37 29 37 158 216 229
37 29 38 158 216 229
37 30 36 158 216 229
37 30 37 158 216 229
37 30 38 158 216 229
37 31 38 158 216 229
37 31 39 158 216 229
38 0 29 43 160 4
38 0 30 43 160 4
38 0 31 43 160 4
38 0 32 43 160 4
38 0 33 43 160 4
38 0 34 43 160 4
38 0 35 43 160 4
38 0 36 43 160 4
38 0 37 43 160 4
38 0 38 43 160 4
38 0 39 43 160 4
38 0 40 43 160 4
38 0 41 43 160 4
38 0 42 43 160 4
38 0 43 43 160 4
38 0 44 43 160 4
38 0 45 43 160 4
38 0 46 43 160 4
38 0 47 43 160 4
38 0 48 43 160 4
38 0 49 43 160 4
38 0 50 43 160 4
38 0 51 43 160 4
38 0 52 43 160 4
38 0 53 43 160 4
38 0 54 43 160 4
38 0 55 43 160 4
38 0 56 43 160 4
38 0 57 43 160 4
38 0 58 43 160 4
38 0 59 43 160 4
38 1 27 255 186 119
38 1 28 255 186 119
38 1 29 255 186 119
38 1 30 255 186 119
38 1 31 255 186 119
38 1 32 255 186 119
38 1 33 255 186 119
38 1 34 255 186 119
38 1 35 255 186 119
38 1 36 255 186 119
38 1 37 255 186 119
38 1 38 255 186 119
38 1 39 255 186 119
38 1 40 255 186 119
38 2 25 255 186 119
38 2 26 255 186 119
38 2 27 255 186 119
38 2 28 255 186 119
38 2 29 255 186 119
38 2 30 255 186 119
38 2 31 255 186 119
38 2 32 255 186 119
38 2 33 255 186 119
38 2 34 255 186 119
38 2 35 255 186 119
38 2 36 255 186 119
38 2 37 255 186 119
38 2 38 255 186 119
38 2 39 255 186 119
38 2 40 255 186 119
38 3 23 255 186 119
38 3 24 255 186 119
38 3 25 255 186 119
38 3 26 255 186 119
38 3 27 255 186 119
38 3 28 255 186 119
38 3 29 255 186 119
38 3 30 255 186 119
38 3 31 255 186 119
38 3 32 255 186 119
38 3 33 255 186 119
38 3 34 255 186 119
38 3 35 255 186 119
38 3 36 255 186 119
38 3 37 255 186 119
38 3 38 255 186 119
38 3 39 255 186 119
38 3 40 255 186 119
38 4 21 255 186 119
38 4 22 255 186 119
38 4 23 255 186 119
38 4 24 255 186 119
38 4 25 255 186 119
38 4 26 255 186 119
38 4 27 255 186 119
38 4 28 255 186 119
38 4 29 255 186 119
38 4 30 255 186 119
38 4 31 255 186 119
38 4 32 255 186 119
38 4 33 255 186 119
38 4 34 255 186 119
38 4 35 255 186 119
38 4 36 255 186 119
38 4 37 255 186 119
38 4 38 255 186 119
38 4 39 255 186 119
38 4 40 255 186 119
38 5 19 255 186 119
38 5 20 255 186 119
38 5 21 255 186 119
38 5 22 255 186 119
38 5 23 255 186 119
38 5 24 255 186 119
38 5 25 255 186 119
38 5 26 255 186 119
38 5 27 255 186 119
38 5 28 255 186 119
38 5 29 255 186 119
38 5 30 255 186 119
38 5 31 255 186 119
38 5 32 255 186 119
38 5 33 255 186 119
38 5 34 255 186 119
38 5 35 255 186 119
38 5 36 255 186 119
38 5 37 255 186 119
38 5 38 255 186 119
38 5 39 255 186 119
38 5 40 255 186 119
38 6 16 255 186 119
38 6 19 255 186 119
38 6 20 255 186 119
38 6 21 255 186 119
38 6 22 255 186 119
38 6 23 255 186 119
38 6 26 255 186 119
38 6 27 255 186 119
38 6 28 255 186 119
38 6 29 255 186 119
38 6 30 255 186 119
38 6 31 255 186 119
38 6 32 255 186 119
38 6 33 255 186 119
38 6 34 255 186 119
38 6 35 255 186 119
38 6 36 255 186 119
38 6 37 255 186 119
38 6 38 255 186 119
38 6 39 255 186 119
38 7 15 255 186 119
38 7 16 255 186 119
38 7 17 255 186 119
38 7 18 255 186 119
38 7 19 255 186 119
38 7 20 255 186 119
38 7 21 255 186 119
38 7 22 255 186 119
38 7 23 255 186 119
38 7 24 255 186 119
38 7 25 255 186 119
38 7 33 255 186 119
38 7 34 255 186 119
38 7 35 255 186 119
38 7 36 255 186 119
38 7 37 255 186 119
38 7 38 255 186 119
38 7 39 255 186 119
38 8 14 255 186 119
38 8 15 255 186 119
38 8 16 255 186 119
38 8 17 255 186 119
38 8 18 255 186 119
38 8 19 255 186 119
38 8 20 255 186 119
38 8 21 255 186 119
38 8 22 255 186 119
38 8 23 255 186 119
38 8 24 255 186 119
38 8 25 255 186 119
38 8 26 255 186 119
38 8 27 255 186 119
38 8 28 255 186 119
38 8 29 255 186 119
38 8 30 255 186 119
38 8 31 255 186 119
38 8 32 255 186 119
38 8 36 255 186 119
38 8 37 255 186 119
38 8 38 255 186 119
38 8 39 255 186 119
38 9 30 255 186 119
38 9 31 255 186 119
38 9 32 196 175 214
38 9 33 196 175 214
38 9 34 196 175 214
38 9 35 196 175 214
38 10 32 196 175 214
38 10 33 196 175 214
38 10 34 196 175 214
38 10 35 196 175 214
38 10 36 158 216 229
38 10 38 158 216 229
38 11 34 196 175 214
38 11 35 158 216 229
38 11 36 158 216 229
38 11 37 158 216 229
38 12 33 158 216 229
38 12 34 158 216 229
38 12 35 158 216 229
38 12 36 158 216 229
38 12 37 158 216 229
38 13 34 158 216 229
38 13 35 158 216 229
38 13 36 158 216 229
38 13 37 158 216 229
38 13 38 158 216 229
38 14 35 158 216 229
38 14 36 158 216 229
38 14 37 158 216 229
38 14 38 158 216 229
38 15 34 158 216 229
38 15 35 158 216 229
38 15 36 158 216 229
38 15 37 158 216 229
38 15 38 158 216 229
38 15 39 158 216 229
38 16 34 158 216 229
38 16 35 158 216 229
38 16 36 158 216 229
38 16 37 158 216 229
38 16 38 158 216 229
38 16 39 158 216 229
38 17 34 158 216 229
38 17 35 158 216 229
38 17 36 158 216 229
38 17 37 158 216 229
38 18 34 158 216 229
38 18 35 158 216 229
38 18 36 158 216 229
38 18 37 158 216 229
38 19 35 158 216 229
38 19 36 158 216 229
38 19 37 158 216 229
38 19 38 158 216 229
38 19 39 158 216 229
38 20 35 158 216 229
38 20 36 158 216 229
38 20 37 158 216 229
38 20 38 158 216 229
38 21 34 158 216 229
38 21 35 158 216 229
38 21 36 158 216 229
38 21 37 158 216 229
38 21 38 158 216 229
38 22 33 158 216 229
38 22 34 158 216 229
38 22 35 158 216 229
38 22 36 158 216 229
38 22 37 158 216 229
38 22 38 158 216 229
38 23 33 158 216 229
38 23 34 158 216 229
38 23 35 158 216 229
38 23 36 158 216 229
38 23 37 158 216 229
38 24 34 158 216 229
38 24 35 158 216 229
38 24 36 158 216 229
38 24 37 158 216 229
38 25 34 158 216 229
38 25 35 158 216 229
38 25 36 158 216 229
38 25 37 158 216 229
38 26 34 158 216 229
38 26 35 158 216 229
38 26 36 158 216 229
38 26 37 158 216 229
38 26 39 158 216 229
38 27 34 158 216 229
38 27 35 158 216 229
38 27 36 158 216 229
38 27 37 158 216 229
38 28 34 158 216 229
38 28 35 158 216 229
38 28 36 158 216 229
38 28 37 158 216 229
38 29 34 214 38 40
38 29 35 158 216 229
38 29 36 158 216 229
38 29 37 158 216 229
38 29 39 158 216 229
38 30 36 158 216 229
38 30 37 158 216 229
39 0 29 43 160 4
39 0 30 43 160 4
39 0 31 43 160 4
39 0 32 43 160 4
39 0 33 43 160 4
39 0 34 43 160 4
39 0 35 43 160 4
39 0 36 43 160 4
39 0 37 43 160 4
39 0 38 43 160 4
39 0 39 43 160 4
39 0 40 43 160 4
39 0 41 43 160 4
39 0 42 43 160 4
39 0 43 43 160 4
39 0 44 43 160 4
39 0 45 43 160 4
39 0 46 43 160 4
39 0 47 43 160 4
39 0 48 43 160 4
39 0 49 43 160 4
39 0 50 43 160 4
39 0 51 43 160 4
39 0 52 43 160 4
39 0 53 43 160 4
39 0 54 43 160 4
39 0 55 43 160 4
39 0 56 43 160 4
39 0 57 43 160 4
39 0 58 43 160 4
39 0 59 43 160 4
39 1 27 255 186 119
39 1 28 255 186 119
39 1 29 255 186 119
39 1 30 255 186 119
39 1 31 255 186 119
39 1 32 255 186 119
39 1 33 255 186 119
39 1 34 255 186 119
39 1 35 255 186 119
39 1 36 255 186 119
39 1 37 255 186 119
39 1 38 255 186 119
39 1 39 255 186 119
39 1 40 255 186 119
39 2 25 255 186 119
39 2 26 255 186 119
39 2 27 255 186 119
39 2 28 255 186 119
39 2 29 255 186 119
39 2 30 255 186 119
39 2 31 255 186 119
39 2 32 255 186 119
39 2 33 255 186 119
39 2 34 255 186 119
39 2 35 255 186 119
39 2 36 255 186 119
39 2 37 255 186 119
39 2 38 255 186 119
39 2 39 255 186 119
39 2 40 255 186 119
39 3 23 255 186 119
39 3 24 255 186 119
39 3 25 255 186 119
39 3 26 255 186 119
39 3 27 255 186 119
39 3 28 255 186 119
39 3 29 255 186 119
39 3 30 255 186 119
39 3 31 255 186 119
39 3 32 255 186 119
39 3 33 255 186 119
39 3 34 255 186 119
39 3 35 255 186 119
39 3 36 255 186 119
39 3 37 255 186 119
39 3 38 255 186 119
39 3 39 255 186 119
39 3 40 255 186 119
39 4 21 255 186 119
39 4 22 255 186 119
39 4 23 255 186 119
39 4 24 255 186 119
39 4 25 255 186 119
39 4 26 255 186 119
39 4 27 255 186 119
39 4 28 255 186 119
39 4 29 255 186 119
39 4 30 255 186 119
39 4 31 255 186 119
39 4 32 255 186 119
39 4 33 255 186 119
39 4 34 255 186 119
39 4 35 255 186 119
39 4 36 255 186 119
39 4 37 255 186 119
39 4 38 255 186 119
39 4 39 255 186 119
39 4 40 255 186 119
39 5 19 255 186 119
39 5 20 255 186 119
39 5 21 255 186 119
39 5 22 255 186 119
39 5 23 255 186 119
39 5 24 255 186 119
39 5 25 255 186 119
39 5 26 255 186 119
39 5 27 255 186 119
39 5 28 255 186 119
39 5 29 255 186 119
39 5 30 255 186 119
39 5 31 255 186 119
39 5 32 255 186 119
39 5 33 255 186 119
39 5 34 255 186 119
39 5 35 255 186 119
39 5 36 255 186 119
39 5 37 255 186 119
39 5 38 255 186 119
39 5 39 255 186 119
39 5 40 255 186 119
39 6 16 255 186 119
39 6 21 255 186 119
39 6 22 255 186 119
39 6 23 255 186 119
39 6 24 255 186 119
39 6 25 255 186 119
39 6 26 255 186 119
39 6 27 255 186 119
39 6 28 255 186 119
39 6 29 255 186 119
39 6 30 255 186 119
39 6 31 255 186 119
39 6 32 255 186 119
39 6 33 255 186 119
39 6 34 255 186 119
39 6 35 255 186 119
39 6 36 255 186 119
39 6 37 255 186 119
39 6 38 255 186 119
39 6 39 255 186 119
39 7 15 255 186 119
39 7 16 255 186 119
39 7 17 255 186 119
39 7 18 255 186 119
39 7 19 255 186 119
39 7 20 255 186 119
39 7 21 255 186 119
39 7 22 255 186 119
39 7 23 255 186 119
39 7 24 255 186 119
39 7 32 255 186 119
39 7 33 255 186 119
39 7 34 255 186 119
39 7 35 255 186 119
39 7 36 255 186 119
39 7 39 255 186 119
39 8 15 255 186 119
39 8 16 255 186 119
39 8 17 255 186 119
39 8 18 255 186 119
39 8 19 255 186 119
39 8 20 255 186 119
39 8 21 255 186 119
39 8 22 255 186 119
39 8 23 255 186 119
39 8 24 255 186 119
39 8 25 255 186 119
39 8 26 255 186 119
39 8 27 255 186 119
39 8 28 255 186 119
39 8 29 255 186 119
39 8 30 255 186 119
39 8 31 255 186 119
39 8 34 255 186 119
39 8 35 255 186 119
39 8 36 255 186 119
39 9 15 255 186 119
39 9 29 255 186 119
39 9 30 255 186 119
39 9 31 255 186 119
39 9 32 255 186 119
39 9 33 255 186 119
39 9 34 255 186 119
39 10 32 196 175 214
39 10 33 196 175 214
39 10 34 196 175 214
39 10 35 158 216 229
39 11 33 196 175 214
39 11 34 158 216 229
39 11 35 158 216 229
39 11 36 158 216 229
39 12 33 158 216 229
39 12 34 158 216 229
39 12 35 158 216 229
39 12 36 158 216 229
39 13 33 158 216 229
39 13 34 158 216 229
39 13 35 158 216 229
39 13 36 158 216 229
39 14 32 158 216 229
39 14 33 158 216 229
39 14 34 158 216 229
39 14 35 158 216 229
39 14 36 158 216 229
39 15 33 158 216 229
39 15 34 158 216 229
39 15 35 158 216 229
39 15 36 158 216 229
39 16 33 158 216 229
39 16 34 158 216 229
39 16 35 158 216 229
39 16 36 158 216 229
39 17 33 158 216 229
39 17 34 158 216 229
39 17 35 158 216 229
39 17 36 158 216 229
39 18 33 158 216 229
39 18 34 158 216 229
39 18 35 158 216 229
39 18 36 158 216 229
39 19 32 158 216 229
39 19 33 158 216 229
39 19 34 158 216 229
39 19 35 158 216 229
39 19 36 158 216 229
39 19 37 158 216 229
39 20 33 158 216 229
39 20 34 158 216 229
39 20 35 158 216 229
39 20 36 158 216 229
39 20 37 158 216 229
39 21 33 158 216 229
39 21 34 158 216 229
39 21 35 158 216 229
39 21 36 158 216 229
39 22 32 158 216 229
39 22 33 158 216 229
39 22 34 158 216 229
39 22 35 158 216 229
39 22 36 158 216 229
39 23 33 158 216 229
39 23 34 158 216 229
39 23 35 158 216 229
39 23 36 158 216 229
39 24 33 158 216 229
39 24 34 158 216 229
39 24 35 158 216 229
39 24 36 158 216 229
39 25 33 158 216 229
39 25 34 158 216 229
39 25 35 158 216 229
39 25 36 158 216 229
39 26 33 158 216 229
39 26 34 158 216 229
39 26 35 158 216 229
39 27 33 158 216 229
39 27 34 158 216 229
39 27 35 158 216 229
39 28 33 158 216 229
39 28 34 158 216 229
39 28 35 158 216 229
39 29 34 158 216 229
39 29 35 158 216 229
39 29 36 158 216 229
39 30 36 214 38 40
40 0 29 43 160 4
40 0 30 43 160 4
40 0 31 43 160 4
40 0 32 43 160 4
40 0 33 43 160 4
40 0 34 43 160 4
40 0 35 43 160 4
40 0 36 43 160 4
40 0 37 43 160 4
40 0 38 43 160 4
40 0 39 43 160 4
40 0 40 43 160 4
40 0 41 43 160 4
40 0 42 43 160 4
40 0 43 43 160 4
40 0 44 43 160 4
40 0 45 43 160 4
40 0 46 43 160 4
40 0 47 43 160 4
40 0 48 43 160 4
40 0 49 43 160 4
40 0 50 43 160 4
40 0 51 43 160 4
40 0 52 43 160 4
40 0 53 43 160 4
40 0 54 43 160 4
40 0 55 43 160 4
40 0 56 43 160 4
40 0 57 43 160 4
40 0 58 43 160 4
40 0 59 43 160 4
40 1 27 255 186 119
40 1 28 255 186 119
40 1 29 255 186 119
40 1 30 255 186 119
40 1 31 255 186 119
40 1 32 255 186 119
40 1 33 255 186 119
40 1 34 255 186 119
40 1 35 255 186 119
40 1 36 255 186 119
40 1 37 255 186 119
40 1 38 255 186 119
40 1 39 255 186 119
40 1 40 255 186 119
40 2 25 255 186 119
40 2 26 255 186 119
40 2 27 255 186 119
40 2 28 255 186 119
40 2 29 255 186 119
40 2 30 255 186 119
40 2 31 255 186 119
40 2 32 255 186 119
40 2 33 255 186 119
40 2 34 255 186 119
40 2 35 255 186 119
40 2 36 255 186 119
40 2 37 255 186 119
40 2 38 255 186 119
40 2 39 255 186 119
40 2 40 255 186 119
40 3 23 255 186 119
40 3 24 255 186 119
40 3 25 255 186 119
40 3 26 255 186 119
40 3 27 255 186 119
40 3 28 255 186 119
40 3 29 255 186 119
40 3 30 255 186 119
40 3 31 255 186 119
40 3 32 255 186 119
40 3 33 255 186 119
40 3 34 255 186 119
40 3 35 255 186 119
40 3 36 255 186 119
40 3 37 255 186 119
40 3 38 255 186 119
40 3 39 255 186 119
40 3 40 255 186 119
40 4 21 255 186 119
40 4 22 255 186 119
40 4 23 255 186 119
40 4 24 255 186 119
40 4 25 255 186 119
40 4 26 255 186 119
40 4 27 255 186 119
40 4 28 255 186 119
40 4 29 255 186 119
40 4 30 255 186 119
40 4 31 255 186 119
40 4 32 255 186 119
40 4 33 255 186 119
40 4 34 255 186 119
40 4 35 255 186 119
40 4 36 255 186 119
40 4 37 255 186 119
40 4 38 255 186 119
40 4 39 255 186 119
40 4 40 255 186 119
40 5 19 255 186 119
40 5 20 255 186 119
40 5 21 255 186 119
40 5 22 255 186 119
40 5 23 255 186 119
40 5 24 255 186 119
40 5 25 255 186 119
40 5 26 255 186 119
40 5 27 255 186 119
40 5 28 255 186 119
40 5 29 255 186 119
40 5 30 255 186 119
40 5 31 255 186 119
40 5 32 255 186 119
40 5 33 255 186 119
40 5 34 255 186 119
40 5 35 255 186 119
40 5 36 255 186 119
40 5 37 255 186 119
40 5 38 255 186 119
40 5 39 255 186 119
40 5 40 255 186 119
40 6 22 255 186 119
40 6 23 255 186 119
40 6 24 255 186 119
40 6 25 255 186 119
40 6 26 255 186 119
40 6 28 255 186 119
40 6 29 255 186 119
40 6 30 255 186 119
40 6 31 255 186 119
40 6 32 255 186 119
40 6 33 255 186 119
40 6 34 255 186 119
40 6 35 255 186 119
40 6 36 255 186 119
40 6 37 255 186 119
40 7 17 255 186 119
40 7 18 255 186 119
40 7 19 255 186 119
40 7 20 255 186 119
40 7 21 255 186 119
40 7 22 255 186 119
40 7 23 255 186 119
40 7 25 255 186 119
40 7 26 255 186 119
40 7 27 255 186 119
40 7 31 255 186 119
40 7 32 255 186 119
40 7 33 255 186 119
40 7 34 255 186 119
40 7 35 255 186 119
40 7 36 255 186 119
40 8 17 255 186 119
40 8 18 255 186 119
40 8 19 255 186 119
40 8 20 255 186 119
40 8 21 255 186 119
40 8 22 255 186 119
40 8 23 255 186 119
40 8 24 255 186 119
40 8 25 255 186 119
40 8 26 255 186 119
40 8 27 255 186 119
40 8 28 255 186 119
40 8 29 255 186 119
40 8 33 255 186 119
40 8 34 255 186 119
40 8 35 255 186 119
40 8 36 255 186 119
40 9 28 255 186 119
40 9 29 255 186 119
40 9 30 255 186 119
40 9 31 255 186 119
40 9 32 255 186 119
40 9 33 255 186 119
40 9 34 255 186 119
40 10 30 196 175 214
40 10 31 196 175 214
40 10 32 255 186 119
40 10 33 255 186 119
40 10 34 158 216 229
40 11 32 196 175 214
40 11 33 158 216 229
40 11 34 158 216 229
40 11 35 158 216 229
40 12 32 158 216 229
40 12 33 158 216 229
40 12 34 158 216 229
40 12 35 158 216 229
40 13 32 158 216 229
40 13 33 158 216 229
40 13 34 158 216 229
40 13 35 158 216 229
40 14 32 158 216 229
40 14 33 158 216 229
40 14 34 158 216 229
40 14 35 158 216 229
40 15 31 158 216 229
40 15 32 158 216 229
40 15 33 158 216 229
40 15 34 158 216 229
40 15 35 158 216 229
40 16 31 158 216 229
40 16 32 158 216 229
40 16 33 158 216 229
40 16 34 158 216 229
40 16 35 158 216 229
40 17 32 158 216 229
40 17 33 158 216 229
40 17 34 158 216 229
40 17 35 158 216 229
40 18 32 158 216 229
40 18 33 158 216 229
40 18 34 158 216 229
40 19 32 158 216 229
40 19 33 158 216 229
40 19 34 158 216 229
40 19 35 158 216 229
40 20 33 158 216 229
40 20 34 158 216 229
40 20 35 158 216 229
40 21 32 158 216 229
40 21 33 158 216 229
40 21 34 158 216 229
40 21 35 158 216 229
40 22 32 158 216 229
40 22 33 158 216 229
40 22 34 158 216 229
40 22 35 158 216 229
40 23 32 158 216 229
40 23 33 158 216 229
40 23 34 158 216 229
40 24 32 158 216 229
40 24 33 158 216 229
40 24 34 158 216 229
40 24 35 158 216 229
40 25 32 158 216 229
40 25 33 158 216 229
40 25 34 158 216 229
40 25 35 158 216 229
40 26 32 158 216 229
40 26 33 158 216 229
40 26 34 158 216 229
40 26 35 158 216 229
40 27 32 158 216 229
40 27 33 158 216 229
40 27 34 158 216 229
40 27 35 158 216 229
40 28 31 158 216 229
40 28 32 158 216 229
40 28 33 158 216 229
40 28 34 158 216 229
40 28 35 158 216 229
40 29 34 158 216 229
40 29 35 158 216 229
40 29 36 158 216 229
40 30 36 158 216 229
41 0 29 43 160 4
41 0 30 43 160 4
41 0 31 43 160 4
41 0 32 43 160 4
41 0 33 43 160 4
41 0 34 43 160 4
41 0 35 43 160 4
41 0 36 43 160 4
41 0 37 43 160 4
41 0 38 43 160 4
41 0 39 43 160 4
41 0 40 43 160 4
41 0 41 43 160 4
41 0 42 43 160 4
41 0 43 43 160 4
41 0 44 43 160 4
41 0 45 43 160 4
41 0 46 43 160 4
41 0 47 43 160 4
41 0 48 43 160 4
41 0 49 43 160 4
41 0 50 43 160 4
41 0 51 43 160 4
41 0 52 43 160 4
41 0 53 43 160 4
41 0 54 43 160 4
41 0 55 43 160 4
41 0 56 43 160 4
41 0 57 43 160 4
41 0 58 43 160 4
41 0 59 43 160 4
41 1 27 255 186 119
41 1 28 255 186 119
41 1 29 255 186 119
41 1 30 255 186 119
41 1 31 255 186 119
41 1 32 255 186 119
41 1 33 255 186 119
41 1 34 255 186 119
41 1 35 255 186 119
41 1 36 255 186 119
41 1 37 255 186 119
41 1 38 255 186 119
41 1 39 255 186 119
41 1 40 255 186 119
41 2 25 255 186 119
41 2 26 255 186 119
41 2 27 255 186 119
41 2 28 255 186 119
41 2 29 255 186 119
41 2 30 255 186 119
41 2 31 255 186 119
41 2 32 255 186 119
41 2 33 255 186 119
41 2 34 255 186 119
41 2 35 255 186 119
41 2 36 255 186 119
41 2 37 255 186 119
41 2 38 255 186 119
41 2 39 255 186 119
41 2 40 255 186 119
41 3 23 255 186 119
41 3 24 255 186 119
41 3 25 255 186 119
41 3 26 255 186 119
41 3 27 255 186 119
41 3 28 255 186 119
41 3 29 255 186 119
41 3 30 255 186 119
41 3 31 255 186 119
41 3 32 255 186 119
41 3 33 255 186 119
41 3 34 255 186 119
41 3 35 255 186 119
41 3 36 255 186 119
41 3 37 255 186 119
41 3 38 255 186 119
41 3 39 255 186 119
41 3 40 255 186 119
41 4 21 255 186 119
41 4 22 255 186 119
41 4 23 255 186 119
41 4 24 255 186 119
41 4 25 255 186 119
41 4 26 255 186 119
41 4 27 255 186 119
41 4 28 255 186 119
41 4 29 255 186 119
41 4 30 255 186 119
41 4 31 255 186 119
41 4 32 255 186 119
41 4 33 255 186 119
41 4 34 255 186 119
41 4 35 255 186 119
41 4 36 255 186 119
41 4 37 255 186 119
41 4 38 255 186 119
41 4 39 255 186 119
41 4 40 255 186 119
41 5 19 255 186 119
41 5 20 255 186 119
41 5 21 255 186 119
41 5 22 255 186 119
41 5 23 255 186 119
41 5 24 255 186 119
41 5 25 255 186 119
41 5 26 255 186 119
41 5 27 255 186 119
41 5 28 255 186 119
41 5 29 255 186 119
41 5 30 255 186 119
41 5 31 255 186 119
41 5 32 255 186 119
41 5 33 255 186 119
41 5 34 255 186 119
41 5 35 255 186 119
41 5 36 255 186 119
41 5 37 255 186 119
41 5 38 255 186 119
41 5 39 255 186 119
41 6 22 255 186 119
41 6 23 255 186 119
41 6 24 255 186 119
41 6 25 255 186 119
41 6 26 255 186 119
41 6 28 255 186 119
41 6 29 255 186 119
41 6 30 255 186 119
41 6 31 255 186 119
41 6 32 255 186 119
41 6 33 255 186 119
41 6 34 255 186 119
41 6 35 255 186 119
41 6 36 255 186 119
41 6 37 255 186 119
41 7 19 255 186 119
41 7 20 255 186 119
41 7 21 255 186 119
41 7 22 255 186 119
41 7 23 255 186 119
41 7 24 255 186 119
41 7 25 255 186 119
41 7 26 255 186 119
41 7 27 255 186 119
41 7 30 255 186 119
41 7 31 255 186 119
41 7 32 255 186 119
41 7 33 255 186 119
41 7 35 255 186 119
41 7 36 255 186 119
41 8 19 255 186 119
41 8 20 255 186 119
41 8 21 255 186 119
41 8 22 255 186 119
41 8 23 255 186 119
41 8 24 255 186 119
41 8 25 255 186 119
41 8 26 255 186 119
41 8 27 255 186 119
41 8 28 255 186 119
41 8 33 255 186 119
41 8 34 255 186 119
41 8 35 255 186 119
41 8 36 255 186 119
41 9 26 255 186 119
41 9 27 255 186 119
41 9 28 255 186 119
41 9 29 255 186 119
41 9 30 255 186 119
41 9 31 255 186 119
41 9 32 255 186 119
41 10 29 196 175 214
41 10 30 196 175 214
41 10 31 255 186 119
41 10 32 255 186 119
41 10 33 158 216 229
41 11 31 158 216 229
41 11 32 158 216 229
41 11 33 158 216 229
41 11 34 158 216 229
41 12 31 158 216 229
41 12 32 158 216 229
41 12 33 158 216 229
41 12 34 158 216 229
41 13 31 158 216 229
41 13 32 158 216 229
41 13 33 158 216 229
41 14 30 158 216 229
41 14 31 158 216 229
41 14 32 158 216 229
41 14 33 158 216 229
41 15 31 158 216 229
41 15 32 158 216 229
41 15 33 158 216 229
41 15 34 158 216 229
41 16 31 158 216 229
41 16 32 158 216 229
41 16 33 158 216 229
41 17 31 158 216 229
41 17 32 158 216 229
41 17 33 158 216 229
41 18 32 158 216 229
41 18 33 158 216 229
41 18 35 158 216 229
41 19 31 158 216 229
41 19 32 158 216 229
41 19 33 158 216 229
41 19 34 158 216 229
41 20 31 158 216 229
41 20 32 158 216 229
41 20 33 158 216 229
41 20 34 158 216 229
41 21 31 158 216 229
41 21 32 158 216 229
41 21 33 158 216 229
41 21 34 158 216 229
41 22 31 158 216 229
41 22 32 158 216 229
41 22 33 158 216 229
41 23 31 158 216 229
41 23 32 158 216 229
41 23 33 158 216 229
41 23 34 158 216 229
41 24 31 158 216 229
41 24 32 158 216 229
41 24 33 158 216 229
41 24 34 158 216 229
41 25 31 158 216 229
41 25 32 158 216 229
41 25 33 158 216 229
41 25 34 158 216 229
41 26 31 158 216 229
41 26 32 158 216 229
41 26 33 158 216 229
41 26 34 158 216 229
41 27 31 158 216 229
41 27 32 158 216 229
41 27 33 158 216 229
41 27 34 158 216 229
41 28 31 158 216 229
41 28 32 158 216 229
41 28 33 158 216 229
41 28 34 158 216 229
41 28 36 158 216 229
41 29 34 158 216 229
42 0 29 43 160 4
42 0 30 43 160 4
42 0 31 43 160 4
42 0 32 43 160 4
42 0 33 43 160 4
42 0 34 43 160 4
42 0 35 43 160 4
42 0 36 43 160 4
42 0 37 43 160 4
42 0 38 43 160 4
42 0 39 43 160 4
42 0 40 43 160 4
42 0 41 43 160 4
42 0 42 43 160 4
42 0 43 43 160 4
42 0 44 43 160 4
42 0 45 43 160 4
42 0 46 43 160 4
42 0 47 43 160 4
42 0 48 43 160 4
42 0 49 43 160 4
42 0 50 43 160 4
42 0 51 43 160 4
42 0 52 43 160 4
42 0 53 43 160 4
42 0 54 43 160 4
42 0 55 43 160 4
42 0 56 43 160 4
42 0 57 43 160 4
42 0 58 43 160 4
42 0 59 43 160 4
42 1 27 255 186 119
42 1 28 255 186 119
42 1 29 255 186 119
42 1 30 255 186 119
42 1 31 255 186 119
42 1 32 255 186 119
42 1 33 255 186 119
42 1 34 255 186 119
42 1 35 255 186 119
42 1 36 255 186 119
42 1 37 255 186 119
42 1 38 255 186 119
42 1 39 255 186 119
42 2 25 255 186 119
42 2 26 255 186 119
42 2 27 255 186 119
42 2 28 255 186 119
42 2 29 255 186 119
42 2 30 255 186 119
42 2 31 255 186 119
42 2 32 255 186 119
42 2 33 255 186 119
42 2 34 255 186 119
42 2 35 255 186 119
42 2 36 255 186 119
42 2 37 255 186 119
42 2 38 255 186 119
42 2 39 255 186 119
42 2 40 255 186 119
42 3 23 255 186 119
42 3 24 255 186 119
42 3 25 255 186 119
42 3 26 255 186 119
42 3 27 255 186 119
42 3 28 255 186 119
42 3 29 255 186 119
42 3 30 255 186 119
42 3 31 255 186 119
42 3 32 255 186 119
42 3 33 255 186 119
42 3 34 255 186 119
42 3 35 255 186 119
42 3 36 255 186 119
42 3 37 255 186 119
42 3 38 255 186 119
42 3 39 255 186 119
42 4 21 255 186 119
42 4 22 255 186 119
42 4 23 255 186 119
42 4 24 255 186 119
42 4 25 255 186 119
42 4 26 255 186 119
42 4 27 255 186 119
42 4 28 255 186 119
42 4 29 255 186 119
42 4 30 255 186 119
42 4 31 255 186 119
42 4 32 255 186 119
42 4 33 255 186 119
42 4 34 255 186 119
42 4 35 255 186 119
42 4 36 255 186 119
42 4 37 255 186 119
42 4 38 255 186 119
42 4 39 255 186 119
42 5 21 255 186 119
42 5 22 255 186 119
42 5 23 255 186 119
42 5 24 255 186 119
42 5 25 255 186 119
42 5 26 255 186 119
42 5 27 255 186 119
42 5 28 255 186 119
42 5 29 255 186 119
42 5 30 255 186 119
42 5 31 255 186 119
42 5 32 255 186 119
42 5 33 255 186 119
42 5 34 255 186 119
42 5 35 255 186 119
42 5 36 255 186 119
42 5 37 255 186 119
42 5 38 255 186 119
42 6 23 255 186 119
42 6 24 255 186 119
42 6 25 255 186 119
42 6 26 255 186 119
42 6 27 255 186 119
42 6 28 255 186 119
42 6 29 255 186 119
42 6 30 255 186 119
42 6 31 255 186 119
42 6 32 255 186 119
42 6 33 255 186 119
42 6 34 255 186 119
42 6 35 255 186 119
42 6 36 255 186 119
42 6 37 255 186 119
42 7 20 255 186 119
42 7 21 255 186 119
42 7 22 255 186 119
42 7 23 255 186 119
42 7 24 255 186 119
42 7 25 255 186 119
42 7 26 255 186 119
42 7 28 255 186 119
42 7 29 255 186 119
42 7 30 255 186 119
42 7 31 255 186 119
42 7 32 255 186 119
42 7 36 255 186 119
42 8 20 255 186 119
42 8 21 255 186 119
42 8 22 255 186 119
42 8 23 255 186 119
42 8 24 255 186 119
42 8 25 255 186 119
42 8 26 255 186 119
42 8 27 255 186 119
42 8 32 255 186 119
42 8 36 255 186 119
42 9 20 255 186 119
42 9 25 255 186 119
42 9 26 255 186 119
42 9 27 255 186 119
42 9 28 255 186 119
42 9 29 255 186 119
42 9 30 255 186 119
42 9 31 255 186 119
42 10 28 196 175 214
42 10 29 196 175 214
42 10 30 255 186 119
42 10 31 158 216 229
42 10 32 158 216 229
42 11 29 196 175 214
42 11 30 158 216 229
42 11 31 158 216 229
42 11 32 158 216 229
42 12 30 158 216 229
42 12 31 158 216 229
42 12 32 158 216 229
42 13 30 158 216 229
42 13 31 158 216 229
42 13 32 158 216 229
42 13 34 158 216 229
42 14 30 158 216 229
42 14 31 158 216 229
42 14 32 158 216 229
42 15 30 158 216 229
42 15 31 158 216 229
42 15 32 158 216 229
42 16 30 158 216 229
42 16 31 158 216 229
42 16 32 158 216 229
42 17 30 158 216 229
42 17 31 158 216 229
42 17 32 158 216 229
42 17 34 158 216 229
42 18 29 158 216 229
42 18 30 158 216 229
42 18 31 158 216 229
42 18 32 158 216 229
42 19 28 158 216 229
42 19 29 158 216 229
42 19 30 158 216 229
42 19 31 158 216 229
42 19 32 158 216 229
42 19 33 158 216 229
42 19 34 158 216 229
42 20 29 158 216 229
42 20 30 158 216 229
42 20 31 158 216 229
42 20 32 158 216 229
42 20 33 158 216 229
42 21 29 158 216 229
42 21 30 158 216 229
42 21 31 158 216 229
42 21 32 158 216 229
42 22 30 158 216 229
42 22 31 158 216 229
42 22 32 158 216 229
42 22 34 158 216 229
42 23 30 158 216 229
42 23 31 158 216 229
42 23 32 158 216 229
42 24 30 158 216 229
42 24 31 158 216 229
42 24 32 158 216 229
42 25 30 158 216 229
42 25 31 158 216 229
42 25 32 158 216 229
42 26 30 158 216 229
42 26 31 158 216 229
42 26 32 158 216 229
42 27 29 158 216 229
42 27 30 158 216 229
42 27 31 158 216 229
42 27 32 158 216 229
42 27 33 158 216 229
42 28 31 158 216 229
42 28 32 158 216 229
42 28 33 158 216 229
42 28 34 158 216 229
42 29 35 214 38 40
43 0 29 43 160 4
43 0 30 43 160 4
43 0 31 43 160 4
43 0 32 43 160 4
43 0 33 43 160 4
43 0 34 43 160 4
43 0 35 43 160 4
43 0 36 43 160 4
43 0 37 43 160 4
43 0 38 43 160 4
43 0 39 43 160 4
43 0 40 43 160 4
43 0 41 43 160 4
43 0 42 43 160 4
43 0 43 43 160 4
43 0 44 43 160 4
43 0 45 43 160 4
43 0 46 43 160 4
43 0 47 43 160 4
43 0 48 43 160 4
43 0 49 43 160 4
43 0 50 43 160 4
43 0 51 43 160 4
43 0 52 43 160 4
43 0 53 43 160 4
43 0 54 43 160 4
43 0 55 43 160 4
43 0 56 43 160 4
43 0 57 43 160 4
43 0 58 43 160 4
43 0 59 43 160 4
43 1 27 255 186 119
43 1 28 255 186 119
43 1 29 255 186 119
43 1 30 255 186 119
43 1 31 255 186 119
43 1 32 255 186 119
43 1 33 255 186 119
43 1 34 255 186 119
43 1 35 255 186 119
43 1 36 255 186 119
43 1 37 255 186 119
43 1 39 255 186 119
43 2 25 255 186 119
43 2 26 255 186 119
43 2 27 255 186 119
43 2 28 255 186 119
43 2 29 255 186 119
43 2 30 255 186 119
43 2 31 255 186 119
43 2 32 255 186 119
43 2 33 255 186 119
43 2 34 255 186 119
43 2 35 255 186 119
43 2 36 255 186 119
43 2 37 255 186 119
43 3 23 255 186 119
43 3 24 255 186 119
43 3 25 255 186 119
43 3 26 255 186 119
43 3 27 255 186 119
43 3 28 255 186 119
43 3 29 255 186 119
43 3 30 255 186 119
43 3 31 255 186 119
43 3 32 255 186 119
43 3 33 255 186 119
43 3 34 255 186 119
43 3 35 255 186 119
43 3 36 255 186 119
43 3 37 255 186 119
43 4 22 255 186 119
43 4 23 255 186 119
43 4 24 255 186 119
43 4 25 255 186 119
43 4 26 255 186 119
43 4 27 255 186 119
43 4 28 255 186 119
43 4 29 255 186 119
43 4 30 255 186 119
43 4 31 255 186 119
43 4 32 255 186 119
43 4 33 255 186 119
43 4 34 255 186 119
43 4 35 255 186 119
43 4 36 255 186 119
43 4 37 255 186 119
43 5 22 255 186 119
43 5 23 255 186 119
43 5 24 255 186 119
43 5 25 255 186 119
43 5 26 255 186 119
43 5 27 255 186 119
43 5 28 255 186 119
43 5 29 255 186 119
43 5 30 255 186 119
43 5 31 255 186 119
43 5 32 255 186 119
43 5 33 255 186 119
43 5 34 255 186 119
43 5 35 255 186 119
43 5 36 255 186 119
43 6 23 255 186 119
43 6 24 255 186 119
43 6 25 255 186 119
43 6 26 255 186 119
43 6 27 255 186 119
43 6 28 255 186 119
43 6 29 255 186 119
43 6 30 255 186 119
43 6 31 255 186 119
43 6 32 255 186 119
43 6 36 255 186 119
43 7 22 255 186 119
43 7 23 255 186 119
43 7 24 255 186 119
43 7 27 255 186 119
43 7 28 255 186 119
43 7 29 255 186 119
43 7 31 255 186 119
43 8 22 255 186 119
43 8 23 255 186 119
43 8 24 255 186 119
43 8 25 255 186 119
43 8 31 255 186 119
43 9 24 255 186 119
43 9 25 255 186 119
43 9 26 255 186 119
43 9 27 255 186 119
43 9 28 255 186 119
43 9 29 255 186 119
43 9 30 255 186 119
43 9 32 255 186 119
43 10 26 196 175 214
43 10 27 196 175 214
43 10 28 196 175 214
43 10 29 255 186 119
43 10 30 158 216 229
43 10 31 158 216 229
43 11 28 158 216 229
43 11 29 158 216 229
43 11 30 158 216 229
43 11 31 158 216 229
43 12 28 158 216 229
43 12 29 158 216 229
43 12 30 158 216 229
43 12 31 158 216 229
43 13 29 158 216 229
43 13 30 158 216 229
43 13 31 158 216 229
43 14 28 158 216 229
43 14 29 158 216 229
43 14 30 158 216 229
43 14 31 158 216 229
43 15 28 158 216 229
43 15 29 158 216 229
43 15 30 158 216 229
43 15 31 158 216 229
43 16 28 158 216 229
43 16 29 158 216 229
43 16 30 158 216 229
43 16 31 158 216 229
43 17 28 158 216 229
43 17 29 158 216 229
43 17 30 158 216 229
43 17 31 158 216 229
43 18 28 158 216 229
43 18 29 158 216 229
43 18 30 158 216 229
43 18 31 158 216 229
43 19 28 158 216 229
43 19 29 158 216 229
43 19 30 158 216 229
43 19 31 158 216 229
43 20 28 158 216 229
43 20 29 158 216 229
43 20 30 158 216 229
43 20 31 158 216 229
43 21 29 158 216 229
43 21 30 158 216 229
43 21 31 158 216 229
43 22 29 158 216 229
43 22 30 158 216 229
43 22 31 158 216 229
43 23 28 158 216 229
43 23 29 158 216 229
43 23 30 158 216 229
43 23 31 158 216 229
43 23 32 158 216 229
43 24 28 158 216 229
43 24 29 158 216 229
43 24 30 158 216 229
43 24 31 158 216 229
43 24 33 158 216 229
43 25 29 158 216 229
43 25 30 158 216 229
43 25 31 158 216 229
43 25 32 158 216 229
43 26 29 158 216 229
43 26 30 158 216 229
43 26 31 158 216 229
43 26 32 158 216 229
43 27 29 158 216 229
43 27 30 158 216 229
43 27 31 158 216 229
43 27 32 158 216 229
43 27 33 158 216 229
43 28 31 158 216 229
43 28 32 158 216 229
43 28 33 158 216 229
44 0 29 43 160 4
44 0 30 43 160 4
44 0 31 43 160 4
44 0 32 43 160 4
44 0 33 43 160 4
44 0 34 43 160 4
44 0 35 43 160 4
44 0 36 43 160 4
44 0 37 43 160 4
44 0 38 43 160 4
44 0 39 43 160 4
44 0 40 43 160 4
44 0 41 43 160 4
44 0 42 43 160 4
44 0 43 43 160 4
44 0 44 43 160 4
44 0 45 43 160 4
44 0 46 43 160 4
44 0 47 43 160 4
44 0 48 43 160 4
44 0 49 43 160 4
44 0 50 43 160 4
44 0 51 43 160 4
44 0 52 43 160 4
44 0 53 43 160 4
44 0 54 43 160 4
44 0 55 43 160 4
44 0 56 43 160 4
44 0 57 43 160 4
44 0 58 43 160 4
44 0 59 43 160 4
44 1 27 255 186 119
44 1 28 255 186 119
44 1 29 255 186 119
44 1 30 255 186 119
44 1 31 255 186 119
44 1 32 255 186 119
44 1 33 255 186 119
44 1 34 255 186 119
44 1 35 255 186 119
44 2 25 255 186 119
44 2 26 255 186 119
44 2 27 255 186 119
44 2 28 255 186 119
44 2 29 255 186 119
44 2 30 255 186 119
44 2 31 255 186 119
44 2 32 255 186 119
44 2 33 255 186 119
44 2 34 255 186 119
44 2 35 255 186 119
44 2 36 255 186 119
44 2 37 255 186 119
44 3 24 255 186 119
44 3 25 255 186 119
44 3 26 255 186 119
44 3 27 255 186 119
44 3 28 255 186 119
44 3 29 255 186 119
44 3 30 255 186 119
44 3 31 255 186 119
44 3 32 255 186 119
44 3 33 255 186 119
44 3 34 255 186 119
44 3 35 255 186 119
44 3 36 255 186 119
44 4 24 255 186 119
44 4 25 255 186 119
44 4 26 255 186 119
44 4 27 255 186 119
44 4 28 255 186 119
44 4 29 255 186 119
44 4 30 255 186 119
44 4 31 255 186 119
44 4 32 255 186 119
44 4 33 255 186 119
44 4 34 255 186 119
44 4 35 255 186 119
44 4 36 255 186 119
44 5 24 255 186 119
44 5 25 255 186 119
44 5 26 255 186 119
44 5 27 255 186 119
44 5 28 255 186 119
44 5 29 255 186 119
44 5 30 255 186 119
44 5 31 255 186 119
44 5 32 255 186 119
44 5 33 255 186 119
44 5 34 255 186 119
44 5 35 255 186 119
44 5 36 255 186 119
44 6 25 255 186 119
44 6 26 255 186 119
44 6 27 255 186 119
44 6 28 255 186 119
44 6 29 255 186 119
44 6 30 255 186 119
44 6 31 255 186 119
44 6 32 255 186 119
44 6 36 255 186 119
44 7 24 255 186 119
44 7 26 255 186 119
44 7 27 255 186 119
44 7 28 255 186 119
44 7 29 255 186 119
44 8 24 255 186 119
44 8 30 255 186 119
44 8 31 255 186 119
44 9 24 255 186 119
44 9 25 255 186 119
44 9 26 255 186 119
44 9 27 255 186 119
44 9 28 255 186 119
44 9 29 255 186 119
44 10 25 255 186 119
44 10 26 255 186 119
44 10 27 255 186 119
44 10 28 255 186 119
44 10 29 158 216 229
44 10 30 158 216 229
44 11 28 158 216 229
44 11 29 158 216 229
44 11 30 158 216 229
44 12 28 158 216 229
44 12 29 158 216 229
44 12 30 158 216 229
44 12 31 158 216 229
44 13 27 158 216 229
44 13 28 158 216 229
44 13 29 158 216 229
44 13 30 158 216 229
44 14 27 158 216 229
44 14 28 158 216 229
44 14 29 158 216 229
44 14 30 158 216 229
44 15 27 158 216 229
44 15 28 158 216 229
44 15 29 158 216 229
44 15 30 158 216 229
44 16 27 158 216 229
44 16 28 158 216 229
44 16 29 158 216 229
44 16 30 158 216 229
44 17 27 158 216 229
44 17 28 158 216 229
44 17 29 158 216 229
44 17 30 158 216 229
44 17 31 158 216 229
44 18 27 158 216 229
44 18 28 158 216 229
44 18 29 158 216 229
44 18 30 158 216 229
44 18 32 158 216 229
44 19 27 158 216 229
44 19 28 158 216 229
44 19 29 158 216 229
44 19 30 158 216 229
44 20 28 158 216 229
44 20 29 158 216 229
44 21 28 158 216 229
44 21 29 158 216 229
44 21 30 158 216 229
44 21 32 158 216 229
44 22 28 158 216 229
44 22 29 158 216 229
44 22 30 158 216 229
44 23 28 158 216 229
44 23 29 158 216 229
44 23 30 158 216 229
44 23 31 158 216 229
44 23 32 158 216 229
44 24 27 158 216 229
44 24 28 158 216 229
44 24 29 158 216 229
44 24 30 158 216 229
44 25 27 158 216 229
44 25 28 158 216 229
44 25 29 158 216 229
44 25 30 158 216 229
44 26 27 158 216 229
44 26 28 158 216 229
44 26 29 158 216 229
44 26 30 158 216 229
44 26 31 158 216 229
44 26 33 158 216 229
44 27 29 158 216 229
44 27 30 158 216 229
44 27 31 158 216 229
44 27 32 158 216 229
44 28 31 158 216 229
44 28 32 158 216 229
44 28 33 158 216 229
45 0 29 43 160 4
45 0 30 43 160 4
45 0 31 43 160 4
45 0 32 43 160 4
45 0 33 43 160 4
45 0 34 43 160 4
45 0 35 43 160 4
45 0 36 43 160 4
45 0 37 43 160 4
45 0 38 43 160 4
45 0 39 43 160 4
45 0 40 43 160 4
45 0 41 43 160 4
45 0 42 43 160 4
45 0 43 43 160 4
45 0 44 43 160 4
45 0 45 43 160 4
45 0 46 43 160 4
45 0 47 43 160 4
45 0 48 43 160 4
45 0 49 43 160 4
45 0 50 43 160 4
45 0 51 43 160 4
45 0 52 43 160 4
45 0 53 43 160 4
45 0 54 43 160 4
45 0 55 43 160 4
45 0 56 43 160 4
45 0 57 43 160 4
45 0 58 43 160 4
45 0 59 43 160 4
45 1 27 255 186 119
45 1 28 255 186 119
45 1 29 255 186 119
45 1 30 255 186 119
45 1 31 255 186 119
45 1 32 255 186 119
45 1 33 255 186 119
45 1 35 255 186 119
45 2 25 255 186 119
45 2 26 255 186 119
45 2 27 255 186 119
45 2 28 255 186 119
45 2 29 255 186 119
45 2 30 255 186 119
45 2 31 255 186 119
45 2 32 255 186 119
45 2 33 255 186 119
45 2 34 255 186 119
45 3 25 255 186 119
45 3 26 255 186 119
45 3 27 255 186 119
45 3 28 255 186 119
45 3 29 255 186 119
45 3 30 255 186 119
45 3 31 255 186 119
45 3 32 255 186 119
45 3 33 255 186 119
45 3 34 255 186 119
45 4 25 255 186 119
45 4 26 255 186 119
45 4 27 255 186 119
45 4 28 255 186 119
45 4 29 255 186 119
45 4 30 255 186 119
45 4 31 255 186 119
45 4 32 255 186 119
45 4 33 255 186 119
45 4 34 255 186 119
45 5 25 255 186 119
45 5 26 255 186 119
45 5 27 255 186 119
45 5 28 255 186 119
45 5 29 255 186 119
45 5 30 255 186 119
45 5 31 255 186 119
45 5 32 255 186 119
45 6 26 255 186 119
45 6 27 255 186 119
45 6 28 255 186 119
45 6 29 255 186 119
45 6 30 255 186 119
45 6 31 255 186 119
45 7 26 255 186 119
45 7 27 255 186 119
45 7 28 255 186 119
45 8 25 255 186 119
45 8 28 255 186 119
45 8 29 255 186 119
45 9 25 255 186 119
45 9 26 255 186 119
45 9 27 255 186 119
45 10 25 255 186 119
45 10 26 158 216 229
45 10 27 158 216 229
45 10 28 158 216 229
45 10 29 158 216 229
45 11 26 158 216 229
45 11 27 158 216 229
45 11 28 158 216 229
45 11 29 158 216 229
45 12 25 158 216 229
45 12 26 158 216 229
45 12 27 158 216 229
45 12 28 158 216 229
45 12 29 158 216 229
45 13 25 158 216 229
45 13 26 158 216 229
45 13 27 158 216 229
45 13 28 158 216 229
45 13 29 158 216 229
45 14 25 158 216 229
45 14 26 158 216 229
45 14 27 158 216 229
45 14 28 158 216 229
45 15 26 158 216 229
45 15 27 158 216 229
45 15 28 158 216 229
45 15 29 158 216 229
45 16 26 158 216 229
45 16 27 158 216 229
45 16 28 158 216 229
45 16 29 158 216 229
45 17 27 158 216 229
45 17 28 158 216 229
45 17 29 158 216 229
45 18 27 158 216 229
45 18 28 158 216 229
45 18 29 158 216 229
45 19 27 158 216 229
45 19 28 158 216 229
45 19 29 158 216 229
45 20 27 158 216 229
45 20 28 158 216 229
45 20 29 158 216 229
45 21 27 158 216 229
45 21 28 158 216 229
45 21 29 158 216 229
45 22 26 158 216 229
45 22 27 158 216 229
45 22 28 158 216 229
45 22 29 158 216 229
45 22 31 158 216 229
45 23 26 158 216 229
45 23 27 158 216 229
45 23 28 158 216 229
45 23 29 158 216 229
45 24 26 158 216 229
45 24 27 158 216 229
45 24 28 158 216 229
45 24 29 158 216 229
45 24 31 158 216 229
45 25 26 158 216 229
45 25 27 158 216 229
45 25 28 158 216 229
45 25 29 158 216 229
45 26 27 158 216 229
45 26 28 158 216 229
45 26 29 158 216 229
45 27 29 158 216 229
45 28 31 158 216 229
46 0 29 43 160 4
46 0 30 43 160 4
46 0 31 43 160 4
46 0 32 43 160 4
46 0 33 43 160 4
46 0 34 43 160 4
46 0 35 43 160 4
46 0 36 43 160 4
46 0 37 43 160 4
46 0 38 43 160 4
46 0 39 43 160 4
46 0 40 43 160 4
46 0 41 43 160 4
46 0 42 43 160 4
46 0 43 43 160 4
46 0 44 43 160 4
46 0 45 43 160 4
46 0 46 43 160 4
46 0 47 43 160 4
46 0 48 43 160 4
46 0 49 43 160 4
46 0 50 43 160 4
46 0 51 43 160 4
46 0 52 43 160 4
46 0 53 43 160 4
46 0 54 43 160 4
46 0 55 43 160 4
46 0 56 43 160 4
46 0 57 43 160 4
46 0 58 43 160 4
46 0 59 43 160 4
46 1 27 255 186 119
46 1 28 255 186 119
46 1 29 255 186 119
46 1 30 255 186 119
46 1 31 255 186 119
46 1 32 255 186 119
46 2 27 255 186 119
46 2 28 255 186 119
46 2 29 255 186 119
46 2 30 255 186 119
46 2 31 255 186 119
46 2 32 255 186 119
46 2 33 255 186 119
46 3 27 255 186 119
46 3 28 255 186 119
46 3 29 255 186 119
46 3 30 255 186 119
46 3 31 255 186 119
46 3 32 255 186 119
46 3 33 255 186 119
46 4 27 255 186 119
46 4 28 255 186 119
46 4 29 255 186 119
46 4 30 255 186 119
46 4 31 255 186 119
46 4 32 255 186 119
46 5 27 255 186 119
46 5 28 255 186 119
46 5 29 255 186 119
46 5 30 255 186 119
46 5 31 255 186 119
46 5 32 255 186 119
46 6 27 255 186 119
46 6 28 255 186 119
46 7 27 255 186 119
46 8 28 158 216 229
46 9 27 158 216 229
46 10 27 158 216 229
46 11 27 158 216 229
46 11 28 158 216 229
46 12 27 158 216 229
46 12 28 158 216 229
46 13 27 158 216 229
46 14 27 158 216 229
46 15 27 158 216 229
46 16 27 158 216 229
46 16 28 158 216 229
46 17 27 158 216 229
46 17 28 158 216 229
46 18 27 158 216 229
46 18 28 158 216 229
46 19 27 158 216 229
46 19 28 158 216 229
46 20 27 158 216 229
46 20 28 158 216 229
46 21 27 158 216 229
46 21 28 158 216 229
46 22 27 158 216 229
46 22 28 158 216 229
46 23 27 158 216 229
46 23 28 158 216 229
46 23 29 158 216 229
46 24 27 158 216 229
46 24 28 158 216 229
46 25 27 158 216 229
46 25 28 158 216 229
46 26 28 158 216 229
46 27 29 158 216 229
47 0 29 43 160 4
47 0 30 43 160 4
47 0 31 43 160 4
47 0 32 43 160 4
47 0 33 43 160 4
47 0 34 43 160 4
47 0 35 43 160 4
47 0 36 43 160 4
47 0 37 43 160 4
47 0 38 43 160 4
47 0 39 43 160 4
47 0 40 43 160 4
47 0 41 43 160 4
47 0 42 43 160 4
47 0 43 43 160 4
47 0 44 43 160 4
47 0 45 43 160 4
47 0 46 43 160 4
47 0 47 43 160 4
47 0 48 43 160 4
47 0 49 43 160 4
47 0 50 43 160 4
47 0 51 43 160 4
47 0 52 43 160 4
47 0 53 43 160 4
47 0 54 43 160 4
47 0 55 43 160 4
47 0 56 43 160 4
47 0 57 43 160 4
47 0 58 43 160 4
47 0 59 43 160 4
47 1 28 255 186 119
47 1 29 255 186 119
47 1 30 255 186 119
47 1 31 255 186 119
47 1 32 255 186 119
47 1 33 255 186 119
47 2 29 255 186 119
47 2 30 255 186 119
47 2 31 255 186 119
47 2 32 255 186 119
47 2 33 255 186 119
47 3 29 255 186 119
47 3 30 255 186 119
47 3 31 255 186 119
47 3 32 255 186 119
47 4 29 255 186 119
47 4 30 255 186 119
47 4 31 255 186 119
47 4 32 255 186 119
47 5 29 255 186 119
47 18 29 158 216 229
48 0 30 43 160 4
48 0 31 43 160 4
48 0 32 43 160 4
48 0 33 43 160 4
48 0 34 43 160 4
48 0 35 43 160 4
48 0 36 43 160 4
48 0 37 43 160 4
48 0 38 43 160 4
48 0 39 43 160 4
48 0 40 43 160 4
48 0 41 43 160 4
48 0 42 43 160 4
48 0 43 43 160 4
48 0 44 43 160 4
48 0 45 43 160 4
48 0 46 43 160 4
48 0 47 43 160 4
48 0 48 43 160 4
48 0 49 43 160 4
48 0 50 43 160 4
48 0 51 43 160 4
48 0 52 43 160 4
48 0 53 43 160 4
48 0 54 43 160 4
48 0 55 43 160 4
48 0 56 43 160 4
48 0 57 43 160 4
48 0 58 43 160 4
48 0 59 43 160 4
48 1 30 255 186 119
48 1 31 255 186 119
48 2 30 255 186 119
48 2 31 255 186 119
48 2 32 255 186 119
48 3 30 255 186 119
48 3 31 255 186 119
48 3 32 255 186 119
48 4 30 255 186 119
48 4 31 255 186 119
48 4 32 255 186 119
48 5 30 255 186 119
48 5 31 255 186 119
49 0 32 43 160 4
49 0 33 43 160 4
49 0 34 43 160 4
49 0 35 43 160 4
49 0 36 43 160 4
49 0 37 43 160 4
49 0 38 43 160 4
49 0 39 43 160 4
49 0 40 43 160 4
49 0 41 43 160 4
49 0 42 43 160 4
49 0 43 43 160 4
49 0 44 43 160 4
49 0 45 43 160 4
49 0 46 43 160 4
49 0 47 43 160 4
49 0 48 43 160 4
49 0 49 43 160 4
49 0 50 43 160 4
49 0 51 43 160 4
49 0 52 43 160 4
49 0 53 43 160 4
49 0 54 43 160 4
49 0 55 43 160 4
49 0 56 43 160 4
49 0 57 43 160 4
49 0 58 43 160 4
49 0 59 43 160 4
49 1 32 255 186 119
49 2 32 255 186 119
49 3 32 255 186 119
50 0 33 43 160 4
50 0 34 43 160 4
50 0 35 43 160 4
50 0 36 43 160 4
50 0 37 43 160 4
50 0 38 43 160 4
50 0 39 43 160 4
50 0 40 43 160 4
50 0 41 43 160 4
50 0 42 43 160 4
50 0 43 43 160 4
50 0 44 43 160 4
50 0 45 43 160 4
50 0 46 43 160 4
50 0 47 43 160 4
50 0 48 43 160 4
50 0 49 43 160 4
50 0 50 43 160 4
50 0 51 43 160 4
50 0 52 43 160 4
50 0 53 43 160 4
50 0 54 43 160 4
50 0 55 43 160 4
50 0 56 43 160 4
50 0 57 43 160 4
50 0 58 43 160 4
50 0 59 43 160 4
50 2 33 255 186 119
51 0 35 43 160 4
51 0 36 43 160 4
51 0 37 43 160 4
51 0 38 43 160 4
51 0 39 43 160 4
51 0 40 43 160 4
51 0 41 43 160 4
51 0 42 43 160 4
51 0 43 43 160 4
51 0 44 43 160 4
51 0 45 43 160 4
51 0 46 43 160 4
51 0 47 43 160 4
51 0 48 43 160 4
51 0 49 43 160 4
51 0 50 43 160 4
51 0 51 43 160 4
51 0 52 43 160 4
51 0 53 43 160 4
51 0 54 43 160 4
51 0 55 43 160 4
51 0 56 43 160 4
51 0 57 43 160 4
51 0 58 43 160 4
51 0 59 43 160 4
51 2 35 158 216 229
51 3 35 158 216 229
51 4 35 158 216 229
51 7 35 158 216 229
51 9 35 158 216 229
51 10 35 158 216 229
51 11 35 158 216 229
52 0 37 43 160 4
52 0 38 43 160 4
52 0 39 43 160 4
52 0 40 43 160 4
52 0 41 43 160 4
52 0 42 43 160 4
52 0 43 43 160 4
52 0 44 43 160 4
52 0 45 43 160 4
52 0 46 43 160 4
52 0 47 43 160 4
52 0 48 43 160 4
52 0 49 43 160 4
52 0 50 43 160 4
52 0 51 43 160 4
52 0 52 43 160 4
52 0 53 43 160 4
52 0 54 43 160 4
52 0 55 43 160 4
52 0 56 43 160 4
52 0 57 43 160 4
52 0 58 43 160 4
52 0 59 43 160 4
53 0 38 43 160 4
53 0 39 43 160 4
53 0 40 43 160 4
53 0 41 43 160 4
53 0 42 43 160 4
53 0 43 43 160 4
53 0 44 43 160 4
53 0 45 43 160 4
53 0 46 43 160 4
53 0 47 43 160 4
53 0 48 43 160 4
53 0 49 43 160 4
53 0 50 43 160 4
53 0 51 43 160 4
53 0 52 43 160 4
53 0 53 43 160 4
53 0 54 43 160 4
53 0 55 43 160 4
53 0 56 43 160 4
53 0 57 43 160 4
53 0 58 43 160 4
53 0 59 43 160 4
53 29 39 214 38 40
54 0 40 43 160 4
54 0 41 43 160 4
54 0 42 43 160 4
54 0 43 43 160 4
54 0 44 43 160 4
54 0 45 43 160 4
54 0 46 43 160 4
54 0 47 43 160 4
54 0 48 43 160 4
54 0 49 43 160 4
54 0 50 43 160 4
54 0 51 43 160 4
54 0 52 43 160 4
54 0 53 43 160 4
54 0 54 43 160 4
54 0 55 43 160 4
54 0 56 43 160 4
54 0 57 43 160 4
54 0 58 43 160 4
54 0 59 43 160 4
54 14 40 158 216 229
55 0 42 43 160 4
55 0 43 43 160 4
55 0 44 43 160 4
55 0 45 43 160 4
55 0 46 43 160 4
55 0 47 43 160 4
55 0 48 43 160 4
55 0 49 43 160 4
55 0 50 43 160 4
55 0 51 43 160 4
55 0 52 43 160 4
55 0 53 43 160 4
55 0 54 43 160 4
55 0 55 43 160 4
55 0 56 43 160 4
55 0 57 43 160 4
55 0 58 43 160 4
55 0 59 43 160 4
56 0 43 43 160 4
56 0 44 43 160 4
56 0 45 43 160 4
56 0 46 43 160 4
56 0 47 43 160 4
56 0 48 43 160 4
56 0 49 43 160 4
56 0 50 43 160 4
56 0 51 43 160 4
56 0 52 43 160 4
56 0 53 43 160 4
56 0 54 43 160 4
56 0 55 43 160 4
56 0 56 43 160 4
56 0 57 43 160 4
56 0 58 43 160 4
56 0 59 43 160 4
57 0 45 43 160 4
57 0 46 43 160 4
57 0 47 43 160 4
57 0 48 43 160 4
57 0 49 43 160 4
57 0 50 43 160 4
57 0 51 43 160 4
57 0 52 43 160 4
57 0 53 43 160 4
57 0 54 43 160 4
57 0 55 43 160 4
57 0 56 43 160 4
57 0 57 43 160 4
57 0 58 43 160 4
57 0 59 43 160 4
58 0 47 43 160 4
58 0 48 43 160 4
58 0 49 43 160 4
58 0 50 43 160 4
58 0 51 43 160 4
58 0 52 43 160 4
58 0 53 43 160 4
58 0 54 43 160 4
58 0 55 43 160 4
58 0 56 43 160 4
58 0 57 43 160 4
58 0 58 43 160 4
58 0 59 43 160 4
59 0 48 43 160 4
59 0 49 43 160 4
59 0 50 43 160 4
59 0 51 43 160 4
59 0 52 43 160 4
59 0 53 43 160 4
59 0 54 43 160 4
59 0 55 43 160 4
59 0 56 43 160 4
59 0 57 43 160 4
59 0 58 43 160 4
59 0 59 43 160 4
