ply
format ascii 1.0
element vertex 11009
property float x
property float y
property float z
property uchar red
property uchar green
property uchar blue
end_header
0 3 20 158 216 229
0 3 21 158 216 229
0 4 18 158 216 229
0 4 19 158 216 229
0 4 20 158 216 229
0 4 21 158 216 229
0 5 17 158 216 229
0 5 18 158 216 229
0 5 19 158 216 229
0 5 20 158 216 229
0 5 21 158 216 229
0 6 16 158 216 229
0 6 17 158 216 229
0 6 18 158 216 229
0 6 19 158 216 229
0 6 20 158 216 229
0 6 21 158 216 229
0 7 14 158 216 229
0 7 15 158 216 229
0 7 16 158 216 229
0 7 17 158 216 229
0 7 18 158 216 229
0 7 19 158 216 229
0 7 20 158 216 229
0 7 21 158 216 229
0 8 13 158 216 229
0 8 14 158 216 229
0 8 15 158 216 229
0 8 16 158 216 229
0 8 17 158 216 229
0 8 18 158 216 229
0 8 19 158 216 229
0 8 20 158 216 229
0 8 21 158 216 229
0 9 11 158 216 229
0 9 12 158 216 229
0 9 13 158 216 229
0 9 14 158 216 229
0 9 15 158 216 229
0 9 16 158 216 229
0 9 17 158 216 229
0 9 18 158 216 229
0 9 19 158 216 229
0 9 20 158 216 229
0 9 21 158 216 229
0 10 10 158 216 229
0 10 11 158 216 229
0 10 12 158 216 229
0 10 13 158 216 229
0 10 14 158 216 229
0 10 15 158 216 229
0 10 16 158 216 229
0 10 17 158 216 229
0 10 18 158 216 229
0 10 19 158 216 229
0 10 20 158 216 229
0 10 21 158 216 229
0 11 8 158 216 229
0 11 9 158 216 229
0 11 10 158 216 229
0 11 11 158 216 229
0 11 12 158 216 229
0 11 13 158 216 229
0 11 14 158 216 229
0 11 15 158 216 229
0 11 16 158 216 229
0 11 17 158 216 229
0 11 18 158 216 229
0 11 19 158 216 229
0 11 20 158 216 229
0 11 21 158 216 229
0 12 7 158 216 229
0 12 8 158 216 229
0 12 9 158 216 229
0 12 10 158 216 229
0 12 11 158 216 229
0 12 12 158 216 229
0 12 13 158 216 229
0 12 14 158 216 229
0 12 15 158 216 229
0 12 16 158 216 229
0 12 17 158 216 229
0 12 18 158 216 229
0 12 19 158 216 229
0 12 20 158 216 229
0 12 21 158 216 229
0 13 5 114 158 206
0 13 6 114 158 206
0 13 7 114 158 206
0 13 8 114 158 206
0 13 9 114 158 206
0 13 10 114 158 206
0 13 11 114 158 206
0 13 12 114 158 206
0 13 13 114 158 206
0 13 14 114 158 206
0 13 15 114 158 206
0 13 16 114 158 206
0 13 17 114 158 206
0 13 18 114 158 206
0 13 19 158 216 229
0 13 20 158 216 229
0 13 21 158 216 229
0 14 4 158 216 229
0 14 5 114 158 206
0 14 6 114 158 206
0 14 7 114 158 206
0 14 8 114 158 206
0 14 9 114 158 206
0 14 10 114 158 206
0 14 11 114 158 206
0 14 12 114 158 206
0 14 13 114 158 206
0 14 14 114 158 206
0 14 15 114 158 206
0 14 16 114 158 206
0 14 17 114 158 206
0 14 18 114 158 206
0 14 19 158 216 229
0 14 20 158 216 229
0 14 21 158 216 229
0 15 3 158 216 229
0 15 4 158 216 229
0 15 5 114 158 206
0 15 6 114 158 206
0 15 7 114 158 206
0 15 8 114 158 206
0 15 9 114 158 206
0 15 10 114 158 206
0 15 11 114 158 206
0 15 12 114 158 206
0 15 13 114 158 206
0 15 14 114 158 206
0 15 15 114 158 206
0 15 16 114 158 206
0 15 17 114 158 206
0 15 18 114 158 206
0 15 19 158 216 229
0 15 20 158 216 229
0 15 21 158 216 229
0 16 1 158 216 229
0 16 2 158 216 229
0 16 3 158 216 229
0 16 4 158 216 229
0 16 5 114 158 206
0 16 6 114 158 206
0 16 7 114 158 206
0 16 8 114 158 206
0 16 9 114 158 206
0 16 10 114 158 206
0 16 11 114 158 206
0 16 12 114 158 206
0 16 13 114 158 206
0 16 14 114 158 206
0 16 15 114 158 206
0 16 16 114 158 206
0 16 17 114 158 206
0 16 18 114 158 206
0 16 19 158 216 229
0 16 20 158 216 229
0 16 21 158 216 229
0 17 0 158 216 229
0 17 1 158 216 229
0 17 2 158 216 229
0 17 3 158 216 229
0 17 4 158 216 229
0 17 5 114 158 206
0 17 6 114 158 206
0 17 7 114 158 206
0 17 8 114 158 206
0 17 9 114 158 206
0 17 10 114 158 206
0 17 11 114 158 206
0 17 12 114 158 206
0 17 13 114 158 206
0 17 14 114 158 206
0 17 15 114 158 206
0 17 16 114 158 206
0 17 17 114 158 206
0 17 18 114 158 206
0 17 19 158 216 229
0 17 20 158 216 229
0 17 21 158 216 229
0 18 0 158 216 229
0 18 1 158 216 229
0 18 2 158 216 229
0 18 3 158 216 229
0 18 4 158 216 229
0 18 5 114 158 206
0 18 6 114 158 206
0 18 7 114 158 206
0 18 8 114 158 206
0 18 9 114 158 206
0 18 10 114 158 206
0 18 11 114 158 206
0 18 12 114 158 206
0 18 13 114 158 206
0 18 14 114 158 206
0 18 15 114 158 206
0 18 16 114 158 206
0 18 17 114 158 206
0 18 18 114 158 206
0 18 19 158 216 229
0 18 20 158 216 229
0 18 21 158 216 229
0 18 22 158 216 229
0 19 0 158 216 229
0 19 1 158 216 229
0 19 2 158 216 229
0 19 3 158 216 229
0 19 4 158 216 229
0 19 5 114 158 206
0 19 6 114 158 206
0 19 7 114 158 206
0 19 8 114 158 206
0 19 9 114 158 206
0 19 10 114 158 206
0 19 11 114 158 206
0 19 12 114 158 206
0 19 13 114 158 206
0 19 14 114 158 206
0 19 15 114 158 206
0 19 16 114 158 206
0 19 17 114 158 206
0 19 18 114 158 206
0 19 19 158 216 229
0 19 20 158 216 229
0 19 21 158 216 229
0 19 22 158 216 229
0 20 0 158 216 229
0 20 1 158 216 229
0 20 2 158 216 229
0 20 3 158 216 229
0 20 4 158 216 229
0 20 5 114 158 206
0 20 6 114 158 206
0 20 7 114 158 206
0 20 8 114 158 206
0 20 9 114 158 206
0 20 10 114 158 206
0 20 11 114 158 206
0 20 12 114 158 206
0 20 13 114 158 206
0 20 14 114 158 206
0 20 15 114 158 206
0 20 16 114 158 206
0 20 17 114 158 206
0 20 18 114 158 206
0 20 19 158 216 229
0 20 20 158 216 229
0 20 21 158 216 229
0 20 22 158 216 229
0 21 0 158 216 229
0 21 1 158 216 229
0 21 2 158 216 229
0 21 3 158 216 229
0 21 4 158 216 229
0 21 5 114 158 206
0 21 6 114 158 206
0 21 7 114 158 206
0 21 8 114 158 206
0 21 9 114 158 206
0 21 10 114 158 206
0 21 11 114 158 206
0 21 12 114 158 206
0 21 13 114 158 206
0 21 14 114 158 206
0 21 15 114 158 206
0 21 16 114 158 206
0 21 17 114 158 206
0 21 18 114 158 206
0 21 19 158 216 229
0 21 20 158 216 229
0 21 21 158 216 229
0 21 22 158 216 229
0 22 0 158 216 229
0 22 1 158 216 229
0 22 2 158 216 229
0 22 3 158 216 229
0 22 4 158 216 229
0 22 5 114 158 206
0 22 6 114 158 206
0 22 7 114 158 206
0 22 8 114 158 206
0 22 9 114 158 206
0 22 10 114 158 206
0 22 11 114 158 206
0 22 12 114 158 206
0 22 13 114 158 206
0 22 14 114 158 206
0 22 15 114 158 206
0 22 16 114 158 206
0 22 17 114 158 206
0 22 18 114 158 206
0 22 19 158 216 229
0 22 20 158 216 229
0 22 21 158 216 229
0 22 22 158 216 229
0 23 0 158 216 229
0 23 1 158 216 229
0 23 2 158 216 229
0 23 3 158 216 229
0 23 4 158 216 229
0 23 5 114 158 206
0 23 6 114 158 206
0 23 7 114 158 206
0 23 8 114 158 206
0 23 9 114 158 206
0 23 10 114 158 206
0 23 11 114 158 206
0 23 12 114 158 206
0 23 13 114 158 206
0 23 14 114 158 206
0 23 15 114 158 206
0 23 16 114 158 206
0 23 17 114 158 206
0 23 18 114 158 206
0 23 19 158 216 229
0 23 20 158 216 229
0 23 21 158 216 229
0 23 22 158 216 229
0 24 0 158 216 229
0 24 1 158 216 229
0 24 2 158 216 229
0 24 3 158 216 229
0 24 4 158 216 229
0 24 5 114 158 206
0 24 6 114 158 206
0 24 7 114 158 206
0 24 8 114 158 206
0 24 9 114 158 206
0 24 10 114 158 206
0 24 11 114 158 206
0 24 12 114 158 206
0 24 13 114 158 206
0 24 14 114 158 206
0 24 15 114 158 206
0 24 16 114 158 206
0 24 17 114 158 206
0 24 18 114 158 206
0 24 19 158 216 229
0 24 20 158 216 229
0 24 21 158 216 229
0 24 22 158 216 229
0 25 0 158 216 229
0 25 1 158 216 229
0 25 2 158 216 229
0 25 3 158 216 229
0 25 4 158 216 229
0 25 5 114 158 206
0 25 6 114 158 206
0 25 7 114 158 206
0 25 8 114 158 206
0 25 9 114 158 206
0 25 10 114 158 206
0 25 11 114 158 206
0 25 12 114 158 206
0 25 13 114 158 206
0 25 14 114 158 206
0 25 15 114 158 206
0 25 16 114 158 206
0 25 17 114 158 206
0 25 18 114 158 206
0 25 19 158 216 229
0 25 20 158 216 229
0 25 21 158 216 229
0 25 22 158 216 229
0 26 0 158 216 229
0 26 1 158 216 229
0 26 2 158 216 229
0 26 3 158 216 229
0 26 4 158 216 229
0 26 5 114 158 206
0 26 6 114 158 206
0 26 7 114 158 206
0 26 8 114 158 206
0 26 9 114 158 206
0 26 10 114 158 206
0 26 11 114 158 206
0 26 12 114 158 206
0 26 13 114 158 206
0 26 14 114 158 206
0 26 15 114 158 206
0 26 16 114 158 206
0 26 17 114 158 206
0 26 18 114 158 206
0 26 19 158 216 229
0 26 20 158 216 229
0 26 21 158 216 229
0 26 22 158 216 229
0 27 0 158 216 229
0 27 1 158 216 229
0 27 2 158 216 229
0 27 3 158 216 229
0 27 4 158 216 229
0 27 5 114 158 206
0 27 6 114 158 206
0 27 7 114 158 206
0 27 8 114 158 206
0 27 9 114 158 206
0 27 10 114 158 206
0 27 11 114 158 206
0 27 12 114 158 206
0 27 13 114 158 206
0 27 14 114 158 206
0 27 15 114 158 206
0 27 16 114 158 206
0 27 17 114 158 206
0 27 18 114 158 206
0 27 19 158 216 229
0 27 20 158 216 229
0 27 21 158 216 229
0 27 22 158 216 229
0 28 0 158 216 229
0 28 1 158 216 229
0 28 2 158 216 229
0 28 3 158 216 229
0 28 4 158 216 229
0 28 5 114 158 206
0 28 6 114 158 206
0 28 7 114 158 206
0 28 8 114 158 206
0 28 9 114 158 206
0 28 10 114 158 206
0 28 11 114 158 206
0 28 12 114 158 206
0 28 13 114 158 206
0 28 14 114 158 206
0 28 15 114 158 206
0 28 16 114 158 206
0 28 17 114 158 206
0 28 18 114 158 206
0 28 19 158 216 229
0 28 20 158 216 229
0 28 21 158 216 229
0 28 22 158 216 229
0 29 0 158 216 229
0 29 1 158 216 229
0 29 2 158 216 229
0 29 3 158 216 229
0 29 4 158 216 229
0 29 5 158 216 229
0 29 6 158 216 229
0 29 7 158 216 229
0 29 8 158 216 229
0 29 9 158 216 229
0 29 10 158 216 229
0 29 11 158 216 229
0 29 12 158 216 229
0 29 13 158 216 229
0 29 14 158 216 229
0 29 15 158 216 229
0 29 16 158 216 229
0 29 17 158 216 229
0 29 18 158 216 229
0 29 19 158 216 229
0 29 20 158 216 229
0 29 21 158 216 229
0 29 22 158 216 229
0 30 0 158 216 229
0 30 1 158 216 229
0 30 2 158 216 229
0 30 3 158 216 229
0 30 4 158 216 229
0 30 5 158 216 229
0 30 6 158 216 229
0 30 7 158 216 229
0 30 8 158 216 229
0 30 9 158 216 229
0 30 10 158 216 229
0 30 11 158 216 229
0 30 12 158 216 229
0 30 13 158 216 229
0 30 14 158 216 229
0 30 15 158 216 229
0 30 16 158 216 229
0 30 17 158 216 229
0 30 18 158 216 229
0 30 19 158 216 229
0 30 20 158 216 229
0 30 21 158 216 229
0 30 22 158 216 229
0 31 0 158 216 229
0 31 1 158 216 229
0 31 2 158 216 229
0 31 3 158 216 229
0 31 4 158 216 229
0 31 5 158 216 229
0 31 6 158 216 229
0 31 7 158 216 229
0 31 8 158 216 229
0 31 9 158 216 229
0 31 10 158 216 229
0 31 11 158 216 229
0 31 12 158 216 229
0 31 13 158 216 229
0 31 14 158 216 229
0 31 15 158 216 229
0 31 16 158 216 229
0 31 17 158 216 229
0 31 18 158 216 229
0 31 19 158 216 229
0 31 20 158 216 229
0 31 21 158 216 229
0 31 22 158 216 229
0 32 0 158 216 229
0 32 1 158 216 229
0 32 2 158 216 229
0 32 3 158 216 229
0 32 4 158 216 229
0 32 5 158 216 229
0 32 6 158 216 229
0 32 7 158 216 229
0 32 8 158 216 229
0 32 9 158 216 229
0 32 10 158 216 229
0 32 11 158 216 229
0 32 12 158 216 229
0 32 13 158 216 229
0 32 14 158 216 229
0 32 15 158 216 229
0 32 16 158 216 229
0 32 17 158 216 229
0 32 18 158 216 229
0 32 19 158 216 229
0 32 20 158 216 229
0 32 21 158 216 229
0 32 22 158 216 229
0 33 0 158 216 229
0 33 1 158 216 229
0 33 2 158 216 229
0 33 3 158 216 229
0 33 4 158 216 229
0 33 5 158 216 229
0 33 6 158 216 229
0 33 7 214 38 40
0 33 8 214 38 40
0 33 9 214 38 40
0 33 10 214 38 40
0 33 11 214 38 40
0 33 12 214 38 40
0 33 13 214 38 40
0 33 14 214 38 40
0 33 15 214 38 40
0 33 16 214 38 40
0 33 17 214 38 40
0 33 18 214 38 40
0 33 19 214 38 40
0 33 20 214 38 40
0 33 21 214 38 40
1 0 0 158 216 229
1 0 1 158 216 229
1 0 2 158 216 229
1 0 3 158 216 229
1 0 4 158 216 229
1 0 5 158 216 229
1 0 6 158 216 229
1 0 7 158 216 229
1 0 8 158 216 229
1 0 9 158 216 229
1 0 10 158 216 229
1 0 11 158 216 229
1 0 12 158 216 229
1 0 13 158 216 229
1 0 14 158 216 229
1 0 15 158 216 229
1 0 16 158 216 229
1 0 17 158 216 229
1 0 18 158 216 229
1 0 19 158 216 229
1 0 20 158 216 229
1 0 21 158 216 229
1 1 0 158 216 229
1 1 1 158 216 229
1 1 2 158 216 229
1 1 3 158 216 229
1 1 4 158 216 229
1 1 5 158 216 229
1 1 6 158 216 229
1 1 7 158 216 229
1 1 8 158 216 229
1 1 9 158 216 229
1 1 10 158 216 229
1 1 11 158 216 229
1 1 12 158 216 229
1 1 13 158 216 229
1 1 14 158 216 229
1 1 15 158 216 229
1 1 16 158 216 229
1 1 17 158 216 229
1 1 18 158 216 229
1 1 19 158 216 229
1 1 20 158 216 229
1 1 21 158 216 229
1 2 0 158 216 229
1 2 1 158 216 229
1 2 2 158 216 229
1 2 3 158 216 229
1 2 4 158 216 229
1 2 5 158 216 229
1 2 6 158 216 229
1 2 7 158 216 229
1 2 8 158 216 229
1 2 9 158 216 229
1 2 10 158 216 229
1 2 11 158 216 229
1 2 12 158 216 229
1 2 13 158 216 229
1 2 14 158 216 229
1 2 15 158 216 229
1 2 16 158 216 229
1 2 17 158 216 229
1 2 18 158 216 229
1 2 19 158 216 229
1 2 20 158 216 229
1 2 21 158 216 229
1 3 0 158 216 229
1 3 1 158 216 229
1 3 2 158 216 229
1 3 3 158 216 229
1 3 4 158 216 229
1 3 5 158 216 229
1 3 6 158 216 229
1 3 7 158 216 229
1 3 8 158 216 229
1 3 9 158 216 229
1 3 10 158 216 229
1 3 11 158 216 229
1 3 12 158 216 229
1 3 13 158 216 229
1 3 14 158 216 229
1 3 15 158 216 229
1 3 16 158 216 229
1 3 17 158 216 229
1 3 18 158 216 229
1 3 19 158 216 229
1 3 20 158 216 229
1 3 21 158 216 229
1 4 0 158 216 229
1 4 1 158 216 229
1 4 2 158 216 229
1 4 3 158 216 229
1 4 4 158 216 229
1 4 5 158 216 229
1 4 6 158 216 229
1 4 7 158 216 229
1 4 8 158 216 229
1 4 9 158 216 229
1 4 10 158 216 229
1 4 11 158 216 229
1 4 12 158 216 229
1 4 13 158 216 229
1 4 14 158 216 229
1 4 15 158 216 229
1 4 16 158 216 229
1 4 17 158 216 229
1 4 18 158 216 229
1 4 19 158 216 229
1 4 20 158 216 229
1 4 21 158 216 229
1 5 0 158 216 229
1 5 1 158 216 229
1 5 2 158 216 229
1 5 3 158 216 229
1 5 4 158 216 229
1 5 5 158 216 229
1 5 6 158 216 229
1 5 7 158 216 229
1 5 8 158 216 229
1 5 9 158 216 229
1 5 10 158 216 229
1 5 11 158 216 229
1 5 12 158 216 229
1 5 13 158 216 229
1 5 14 158 216 229
1 5 15 158 216 229
1 5 16 158 216 229
1 5 17 158 216 229
1 5 18 158 216 229
1 5 19 158 216 229
1 5 20 158 216 229
1 5 21 158 216 229
1 6 0 158 216 229
1 6 1 158 216 229
1 6 2 158 216 229
1 6 3 158 216 229
1 6 4 158 216 229
1 6 5 158 216 229
1 6 6 158 216 229
1 6 7 158 216 229
1 6 8 158 216 229
1 6 9 158 216 229
1 6 10 158 216 229
1 6 11 158 216 229
1 6 12 158 216 229
1 6 13 158 216 229
1 6 14 158 216 229
1 6 15 158 216 229
1 6 16 158 216 229
1 6 17 158 216 229
1 6 18 158 216 229
1 6 19 158 216 229
1 6 20 158 216 229
1 6 21 158 216 229
1 7 0 158 216 229
1 7 1 158 216 229
1 7 2 158 216 229
1 7 3 158 216 229
1 7 4 158 216 229
1 7 5 158 216 229
1 7 6 158 216 229
1 7 7 158 216 229
1 7 8 158 216 229
1 7 9 158 216 229
1 7 10 158 216 229
1 7 11 158 216 229
1 7 12 158 216 229
1 7 13 158 216 229
1 7 14 158 216 229
1 7 15 158 216 229
1 7 16 158 216 229
1 7 17 158 216 229
1 7 18 158 216 229
1 7 19 158 216 229
1 7 20 158 216 229
1 7 21 158 216 229
1 8 0 158 216 229
1 8 1 158 216 229
1 8 2 158 216 229
1 8 3 158 216 229
1 8 4 158 216 229
1 8 5 158 216 229
1 8 6 158 216 229
1 8 7 158 216 229
1 8 8 158 216 229
1 8 9 158 216 229
1 8 10 158 216 229
1 8 11 158 216 229
1 8 12 158 216 229
1 8 13 158 216 229
1 8 14 158 216 229
1 8 15 158 216 229
1 8 16 158 216 229
1 8 17 158 216 229
1 8 18 158 216 229
1 8 19 158 216 229
1 8 20 158 216 229
1 8 21 158 216 229
1 9 0 158 216 229
1 9 1 158 216 229
1 9 2 158 216 229
1 9 3 158 216 229
1 9 4 158 216 229
1 9 5 158 216 229
1 9 6 158 216 229
1 9 7 158 216 229
1 9 8 158 216 229
1 9 9 158 216 229
1 9 10 158 216 229
1 9 11 158 216 229
1 9 12 158 216 229
1 9 13 158 216 229
1 9 14 158 216 229
1 9 15 158 216 229
1 9 16 158 216 229
1 9 17 158 216 229
1 9 18 158 216 229
1 9 19 158 216 229
1 9 20 158 216 229
1 9 21 158 216 229
1 10 0 158 216 229
1 10 1 158 216 229
1 10 2 158 216 229
1 10 3 158 216 229
1 10 4 158 216 229
1 10 5 158 216 229
1 10 6 158 216 229
1 10 7 158 216 229
1 10 8 158 216 229
1 10 9 158 216 229
1 10 10 158 216 229
1 10 11 158 216 229
1 10 12 158 216 229
1 10 13 158 216 229
1 10 14 158 216 229
1 10 15 158 216 229
1 10 16 158 216 229
1 10 17 158 216 229
1 10 18 158 216 229
1 10 19 158 216 229
1 10 20 158 216 229
1 10 21 158 216 229
1 11 0 158 216 229
1 11 1 158 216 229
1 11 2 158 216 229
1 11 3 158 216 229
1 11 4 158 216 229
1 11 5 158 216 229
1 11 6 158 216 229
1 11 7 158 216 229
1 11 8 158 216 229
1 11 9 158 216 229
1 11 10 158 216 229
1 11 11 158 216 229
1 11 12 158 216 229
1 11 13 158 216 229
1 11 14 158 216 229
1 11 15 158 216 229
1 11 16 158 216 229
1 11 17 158 216 229
1 11 18 158 216 229
1 11 19 158 216 229
1 11 20 158 216 229
1 11 21 158 216 229
1 12 0 158 216 229
1 12 1 158 216 229
1 12 2 158 216 229
1 12 3 158 216 229
1 12 4 158 216 229
1 12 5 158 216 229
1 12 6 158 216 229
1 12 7 158 216 229
1 12 8 158 216 229
1 12 9 158 216 229
1 12 10 158 216 229
1 12 11 158 216 229
1 12 12 158 216 229
1 12 13 158 216 229
1 12 14 158 216 229
1 12 15 158 216 229
1 12 16 158 216 229
1 12 17 158 216 229
1 12 18 158 216 229
1 12 19 158 216 229
1 12 20 158 216 229
1 12 21 158 216 229
1 13 0 158 216 229
1 13 1 158 216 229
1 13 2 158 216 229
1 13 3 158 216 229
1 13 4 158 216 229
1 13 5 114 158 206
1 13 6 114 158 206
1 13 7 114 158 206
1 13 8 114 158 206
1 13 9 114 158 206
1 13 10 114 158 206
1 13 11 114 158 206
1 13 12 114 158 206
1 13 13 114 158 206
1 13 14 114 158 206
1 13 15 114 158 206
1 13 16 114 158 206
1 13 17 114 158 206
1 13 18 114 158 206
1 13 19 158 216 229
1 13 20 158 216 229
1 13 21 158 216 229
1 14 0 158 216 229
1 14 1 158 216 229
1 14 2 158 216 229
1 14 3 158 216 229
1 14 4 158 216 229
1 14 5 114 158 206
1 14 6 114 158 206
1 14 7 114 158 206
1 14 8 114 158 206
1 14 9 114 158 206
1 14 10 114 158 206
1 14 11 114 158 206
1 14 12 114 158 206
1 14 13 114 158 206
1 14 14 114 158 206
1 14 15 114 158 206
1 14 16 114 158 206
1 14 17 114 158 206
1 14 18 114 158 206
1 14 21 158 216 229
1 15 0 158 216 229
1 15 1 158 216 229
1 15 2 158 216 229
1 15 3 158 216 229
1 15 4 158 216 229
1 15 5 114 158 206
1 15 6 114 158 206
1 15 7 114 158 206
1 15 8 114 158 206
1 15 9 114 158 206
1 15 10 114 158 206
1 15 11 114 158 206
1 15 12 114 158 206
1 15 13 114 158 206
1 15 14 114 158 206
1 15 15 114 158 206
1 15 16 114 158 206
1 15 17 114 158 206
1 15 18 114 158 206
1 15 21 158 216 229
1 16 0 158 216 229
1 16 1 158 216 229
1 16 2 158 216 229
1 16 3 158 216 229
1 16 4 158 216 229
1 16 5 114 158 206
1 16 6 114 158 206
1 16 7 114 158 206
1 16 8 114 158 206
1 16 9 114 158 206
1 16 10 114 158 206
1 16 11 114 158 206
1 16 12 114 158 206
1 16 13 114 158 206
1 16 14 114 158 206
1 16 15 114 158 206
1 16 16 114 158 206
1 16 17 114 158 206
1 16 18 114 158 206
1 16 21 158 216 229
1 17 0 158 216 229
1 17 1 158 216 229
1 17 2 158 216 229
1 17 3 158 216 229
1 17 4 158 216 229
1 17 5 114 158 206
1 17 6 114 158 206
1 17 7 114 158 206
1 17 8 114 158 206
1 17 9 114 158 206
1 17 10 114 158 206
1 17 11 114 158 206
1 17 12 114 158 206
1 17 13 114 158 206
1 17 14 114 158 206
1 17 15 114 158 206
1 17 16 114 158 206
1 17 17 114 158 206
1 17 18 114 158 206
1 17 21 158 216 229
1 17 22 158 216 229
1 18 0 158 216 229
1 18 1 158 216 229
1 18 2 158 216 229
1 18 3 158 216 229
1 18 4 158 216 229
1 18 5 114 158 206
1 18 6 114 158 206
1 18 7 114 158 206
1 18 8 114 158 206
1 18 9 114 158 206
1 18 10 114 158 206
1 18 11 114 158 206
1 18 12 114 158 206
1 18 13 114 158 206
1 18 14 114 158 206
1 18 15 114 158 206
1 18 16 114 158 206
1 18 17 114 158 206
1 18 18 114 158 206
1 18 21 158 216 229
1 18 22 158 216 229
1 19 0 158 216 229
1 19 1 158 216 229
1 19 2 158 216 229
1 19 3 158 216 229
1 19 4 158 216 229
1 19 5 114 158 206
1 19 6 114 158 206
1 19 7 114 158 206
1 19 8 114 158 206
1 19 9 114 158 206
1 19 10 114 158 206
1 19 11 114 158 206
1 19 12 114 158 206
1 19 13 114 158 206
1 19 14 114 158 206
1 19 15 114 158 206
1 19 16 114 158 206
1 19 17 114 158 206
1 19 18 114 158 206
1 19 21 158 216 229
1 19 22 158 216 229
1 20 0 158 216 229
1 20 1 158 216 229
1 20 2 158 216 229
1 20 3 158 216 229
1 20 4 158 216 229
1 20 5 114 158 206
1 20 6 114 158 206
1 20 7 114 158 206
1 20 8 114 158 206
1 20 9 114 158 206
1 20 10 114 158 206
1 20 11 114 158 206
1 20 12 114 158 206
1 20 13 114 158 206
1 20 14 114 158 206
1 20 15 114 158 206
1 20 16 114 158 206
1 20 17 114 158 206
1 20 18 114 158 206
1 20 21 158 216 229
1 20 22 158 216 229
1 21 0 158 216 229
1 21 1 158 216 229
1 21 2 158 216 229
1 21 3 158 216 229
1 21 4 158 216 229
1 21 5 114 158 206
1 21 6 114 158 206
1 21 7 114 158 206
1 21 8 114 158 206
1 21 9 114 158 206
1 21 10 114 158 206
1 21 11 114 158 206
1 21 12 114 158 206
1 21 13 114 158 206
1 21 14 114 158 206
1 21 15 114 158 206
1 21 16 114 158 206
1 21 17 114 158 206
1 21 18 114 158 206
1 21 21 158 216 229
1 21 22 158 216 229
1 22 0 158 216 229
1 22 1 158 216 229
1 22 2 158 216 229
1 22 3 158 216 229
1 22 4 158 216 229
1 22 5 114 158 206
1 22 6 114 158 206
1 22 7 114 158 206
1 22 8 114 158 206
1 22 9 114 158 206
1 22 10 114 158 206
1 22 11 114 158 206
1 22 12 114 158 206
1 22 13 114 158 206
1 22 14 114 158 206
1 22 15 114 158 206
1 22 16 114 158 206
1 22 17 114 158 206
1 22 18 114 158 206
1 22 21 158 216 229
1 22 22 158 216 229
1 23 0 158 216 229
1 23 1 158 216 229
1 23 2 158 216 229
1 23 3 158 216 229
1 23 4 158 216 229
1 23 5 114 158 206
1 23 6 114 158 206
1 23 7 114 158 206
1 23 8 114 158 206
1 23 9 114 158 206
1 23 10 114 158 206
1 23 11 114 158 206
1 23 12 114 158 206
1 23 13 114 158 206
1 23 14 114 158 206
1 23 15 114 158 206
1 23 16 114 158 206
1 23 17 114 158 206
1 23 18 114 158 206
1 23 21 158 216 229
1 23 22 158 216 229
1 24 0 158 216 229
1 24 1 158 216 229
1 24 2 158 216 229
1 24 3 158 216 229
1 24 4 158 216 229
1 24 5 114 158 206
1 24 6 114 158 206
1 24 7 114 158 206
1 24 8 114 158 206
1 24 9 114 158 206
1 24 10 114 158 206
1 24 11 114 158 206
1 24 12 114 158 206
1 24 13 114 158 206
1 24 14 114 158 206
1 24 15 114 158 206
1 24 16 114 158 206
1 24 17 114 158 206
1 24 18 114 158 206
1 24 21 158 216 229
1 24 22 158 216 229
1 25 0 158 216 229
1 25 1 158 216 229
1 25 2 158 216 229
1 25 3 158 216 229
1 25 4 158 216 229
1 25 5 114 158 206
1 25 6 114 158 206
1 25 7 114 158 206
1 25 8 114 158 206
1 25 9 114 158 206
1 25 10 114 158 206
1 25 11 114 158 206
1 25 12 114 158 206
1 25 13 114 158 206
1 25 14 114 158 206
1 25 15 114 158 206
1 25 16 114 158 206
1 25 17 114 158 206
1 25 18 114 158 206
1 25 21 158 216 229
1 25 22 158 216 229
1 26 0 158 216 229
1 26 1 158 216 229
1 26 2 158 216 229
1 26 3 158 216 229
1 26 4 158 216 229
1 26 5 114 158 206
1 26 6 114 158 206
1 26 7 114 158 206
1 26 8 114 158 206
1 26 9 114 158 206
1 26 10 114 158 206
1 26 11 114 158 206
1 26 12 114 158 206
1 26 13 114 158 206
1 26 14 114 158 206
1 26 15 114 158 206
1 26 16 114 158 206
1 26 17 114 158 206
1 26 18 114 158 206
1 26 21 158 216 229
1 26 22 158 216 229
1 27 0 158 216 229
1 27 1 158 216 229
1 27 2 158 216 229
1 27 3 158 216 229
1 27 4 158 216 229
1 27 5 158 216 229
1 27 6 114 158 206
1 27 7 114 158 206
1 27 8 114 158 206
1 27 9 114 158 206
1 27 10 114 158 206
1 27 11 114 158 206
1 27 12 114 158 206
1 27 13 114 158 206
1 27 14 114 158 206
1 27 15 114 158 206
1 27 16 114 158 206
1 27 17 114 158 206
1 27 18 114 158 206
1 27 21 158 216 229
1 27 22 158 216 229
1 28 0 158 216 229
1 28 1 158 216 229
1 28 2 158 216 229
1 28 3 158 216 229
1 28 4 158 216 229
1 28 5 158 216 229
1 28 6 114 158 206
1 28 7 114 158 206
1 28 8 114 158 206
1 28 9 114 158 206
1 28 10 114 158 206
1 28 11 114 158 206
1 28 12 114 158 206
1 28 13 114 158 206
1 28 14 114 158 206
1 28 15 114 158 206
1 28 16 114 158 206
1 28 17 114 158 206
1 28 18 114 158 206
1 28 21 158 216 229
1 28 22 158 216 229
1 29 0 158 216 229
1 29 1 158 216 229
1 29 2 158 216 229
1 29 3 158 216 229
1 29 4 158 216 229
1 29 5 158 216 229
1 29 6 114 158 206
1 29 7 114 158 206
1 29 8 114 158 206
1 29 9 114 158 206
1 29 10 114 158 206
1 29 11 114 158 206
1 29 12 114 158 206
1 29 13 114 158 206
1 29 14 114 158 206
1 29 15 114 158 206
1 29 22 158 216 229
1 30 0 158 216 229
1 30 1 158 216 229
1 30 2 158 216 229
1 30 3 158 216 229
1 30 4 158 216 229
1 30 5 158 216 229
1 30 22 158 216 229
1 31 0 158 216 229
1 31 1 158 216 229
1 31 2 158 216 229
1 31 3 158 216 229
1 31 4 158 216 229
1 31 5 158 216 229
1 31 22 158 216 229
1 32 0 158 216 229
1 32 1 158 216 229
1 32 2 158 216 229
1 32 3 158 216 229
1 32 4 158 216 229
1 32 5 158 216 229
1 32 12 214 38 40
1 32 13 214 38 40
1 32 14 214 38 40
1 32 15 214 38 40
1 32 16 214 38 40
1 32 17 214 38 40
1 32 18 214 38 40
1 32 19 214 38 40
1 32 20 214 38 40
1 32 21 214 38 40
1 32 22 158 216 229
1 33 0 214 38 40
1 33 1 214 38 40
1 33 2 214 38 40
1 33 3 214 38 40
1 33 4 214 38 40
1 33 5 214 38 40
1 33 6 214 38 40
1 33 7 214 38 40
1 33 8 214 38 40
1 33 9 214 38 40
1 33 10 214 38 40
1 33 11 214 38 40
1 33 12 214 38 40
1 33 13 214 38 40
1 33 14 214 38 40
1 33 15 214 38 40
1 33 16 214 38 40
1 33 17 214 38 40
1 33 18 214 38 40
1 33 19 214 38 40
1 33 20 214 38 40
1 33 21 214 38 40
1 33 22 214 38 40
2 0 0 158 216 229
2 0 1 158 216 229
2 0 2 158 216 229
2 0 3 158 216 229
2 0 4 158 216 229
2 0 5 255 186 119
2 0 6 255 186 119
2 0 7 255 186 119
2 0 8 255 186 119
2 0 9 255 186 119
2 0 10 255 186 119
2 0 11 255 186 119
2 0 12 255 186 119
2 0 13 255 186 119
2 0 14 255 186 119
2 0 15 255 186 119
2 0 16 255 186 119
2 0 17 255 186 119
2 0 18 255 186 119
2 0 19 255 186 119
2 0 20 255 186 119
2 0 21 158 216 229
2 1 0 158 216 229
2 1 1 158 216 229
2 1 2 158 216 229
2 1 3 158 216 229
2 1 4 158 216 229
2 1 5 255 186 119
2 1 6 255 186 119
2 1 7 255 186 119
2 1 8 255 186 119
2 1 9 255 186 119
2 1 10 255 186 119
2 1 11 255 186 119
2 1 12 255 186 119
2 1 13 255 186 119
2 1 14 255 186 119
2 1 15 255 186 119
2 1 16 255 186 119
2 1 17 255 186 119
2 1 18 255 186 119
2 1 19 255 186 119
2 1 20 255 186 119
2 1 21 158 216 229
2 2 0 158 216 229
2 2 1 158 216 229
2 2 2 158 216 229
2 2 3 158 216 229
2 2 4 158 216 229
2 2 5 255 186 119
2 2 6 255 186 119
2 2 7 255 186 119
2 2 8 255 186 119
2 2 9 255 186 119
2 2 10 255 186 119
2 2 11 255 186 119
2 2 12 255 186 119
2 2 13 255 186 119
2 2 14 255 186 119
2 2 15 255 186 119
2 2 16 255 186 119
2 2 17 255 186 119
2 2 18 255 186 119
2 2 19 255 186 119
2 2 20 255 186 119
2 2 21 158 216 229
2 3 0 158 216 229
2 3 1 158 216 229
2 3 2 158 216 229
2 3 3 158 216 229
2 3 4 158 216 229
2 3 5 255 186 119
2 3 6 255 186 119
2 3 7 255 186 119
2 3 8 255 186 119
2 3 9 255 186 119
2 3 10 255 186 119
2 3 11 255 186 119
2 3 12 255 186 119
2 3 13 255 186 119
2 3 14 255 186 119
2 3 15 255 186 119
2 3 16 255 186 119
2 3 17 255 186 119
2 3 18 255 186 119
2 3 19 255 186 119
2 3 20 255 186 119
2 3 21 158 216 229
2 4 0 158 216 229
2 4 1 158 216 229
2 4 2 158 216 229
2 4 3 158 216 229
2 4 4 158 216 229
2 4 5 255 186 119
2 4 6 255 186 119
2 4 7 255 186 119
2 4 8 255 186 119
2 4 9 255 186 119
2 4 10 255 186 119
2 4 11 255 186 119
2 4 12 255 186 119
2 4 13 255 186 119
2 4 14 255 186 119
2 4 15 255 186 119
2 4 16 255 186 119
2 4 17 255 186 119
2 4 18 255 186 119
2 4 19 255 186 119
2 4 20 255 186 119
2 4 21 158 216 229
2 5 0 158 216 229
2 5 1 158 216 229
2 5 2 158 216 229
2 5 3 158 216 229
2 5 4 158 216 229
2 5 5 255 186 119
2 5 6 255 186 119
2 5 7 255 186 119
2 5 8 255 186 119
2 5 9 255 186 119
2 5 10 255 186 119
2 5 11 255 186 119
2 5 12 255 186 119
2 5 13 255 186 119
2 5 14 255 186 119
2 5 15 255 186 119
2 5 16 255 186 119
2 5 17 255 186 119
2 5 18 255 186 119
2 5 19 255 186 119
2 5 20 255 186 119
2 5 21 158 216 229
2 6 0 158 216 229
2 6 1 158 216 229
2 6 2 158 216 229
2 6 3 158 216 229
2 6 4 158 216 229
2 6 5 255 186 119
2 6 6 255 186 119
2 6 7 255 186 119
2 6 8 255 186 119
2 6 9 255 186 119
2 6 10 255 186 119
2 6 11 255 186 119
2 6 12 255 186 119
2 6 13 255 186 119
2 6 14 255 186 119
2 6 15 255 186 119
2 6 16 255 186 119
2 6 17 255 186 119
2 6 18 255 186 119
2 6 19 255 186 119
2 6 20 255 186 119
2 6 21 158 216 229
2 7 0 158 216 229
2 7 1 158 216 229
2 7 2 158 216 229
2 7 3 158 216 229
2 7 4 196 175 214
2 7 5 196 175 214
2 7 6 196 175 214
2 7 7 196 175 214
2 7 9 196 175 214
2 7 10 196 175 214
2 7 11 196 175 214
2 7 12 196 175 214
2 7 13 196 175 214
2 7 14 196 175 214
2 7 15 196 175 214
2 7 16 196 175 214
2 7 17 196 175 214
2 7 18 196 175 214
2 7 19 196 175 214
2 7 20 196 175 214
2 7 21 158 216 229
2 8 0 158 216 229
2 8 1 158 216 229
2 8 2 158 216 229
2 8 3 158 216 229
2 8 4 196 175 214
2 8 5 196 175 214
2 8 6 196 175 214
2 8 7 196 175 214
2 8 9 196 175 214
2 8 10 196 175 214
2 8 11 196 175 214
2 8 12 196 175 214
2 8 13 196 175 214
2 8 14 196 175 214
2 8 15 196 175 214
2 8 16 196 175 214
2 8 17 196 175 214
2 8 18 196 175 214
2 8 19 196 175 214
2 8 20 196 175 214
2 8 21 158 216 229
2 9 0 158 216 229
2 9 1 158 216 229
2 9 2 158 216 229
2 9 3 158 216 229
2 9 4 158 216 229
2 9 5 196 175 214
2 9 6 196 175 214
2 9 7 196 175 214
2 9 12 196 175 214
2 9 13 196 175 214
2 9 14 196 175 214
2 9 15 196 175 214
2 9 16 196 175 214
2 9 17 196 175 214
2 9 18 196 175 214
2 9 19 196 175 214
2 9 20 196 175 214
2 9 21 158 216 229
2 10 0 158 216 229
2 10 1 158 216 229
2 10 2 158 216 229
2 10 3 158 216 229
2 10 4 158 216 229
2 10 19 196 175 214
2 10 20 196 175 214
2 10 21 158 216 229
2 11 0 158 216 229
2 11 1 158 216 229
2 11 2 158 216 229
2 11 3 158 216 229
2 11 4 158 216 229
2 11 19 196 175 214
2 11 20 196 175 214
2 11 21 158 216 229
2 12 0 158 216 229
2 12 1 158 216 229
2 12 2 158 216 229
2 12 3 158 216 229
2 12 4 158 216 229
2 12 20 196 175 214
2 12 21 158 216 229
2 13 0 158 216 229
2 13 1 158 216 229
2 13 2 158 216 229
2 13 3 158 216 229
2 13 4 158 216 229
2 13 21 158 216 229
2 14 0 158 216 229
2 14 1 158 216 229
2 14 2 158 216 229
2 14 3 158 216 229
2 14 4 158 216 229
2 14 21 158 216 229
2 15 0 158 216 229
2 15 1 158 216 229
2 15 2 158 216 229
2 15 3 158 216 229
2 15 4 158 216 229
2 15 21 158 216 229
2 16 0 158 216 229
2 16 1 158 216 229
2 16 2 158 216 229
2 16 3 158 216 229
2 16 4 158 216 229
2 16 21 158 216 229
2 16 22 158 216 229
2 17 0 158 216 229
2 17 1 158 216 229
2 17 2 158 216 229
2 17 3 158 216 229
2 17 4 158 216 229
2 17 21 158 216 229
2 17 22 158 216 229
2 18 0 158 216 229
2 18 1 158 216 229
2 18 2 158 216 229
2 18 3 158 216 229
2 18 4 158 216 229
2 18 21 158 216 229
2 18 22 158 216 229
2 19 0 158 216 229
2 19 1 158 216 229
2 19 2 158 216 229
2 19 3 158 216 229
2 19 4 158 216 229
2 19 21 158 216 229
2 19 22 158 216 229
2 20 0 158 216 229
2 20 1 158 216 229
2 20 2 158 216 229
2 20 3 158 216 229
2 20 4 158 216 229
2 20 21 158 216 229
2 20 22 158 216 229
2 21 0 158 216 229
2 21 1 158 216 229
2 21 2 158 216 229
2 21 3 158 216 229
2 21 4 158 216 229
2 21 21 158 216 229
2 21 22 158 216 229
2 22 0 158 216 229
2 22 1 158 216 229
2 22 2 158 216 229
2 22 3 158 216 229
2 22 4 158 216 229
2 22 21 158 216 229
2 22 22 158 216 229
2 23 0 158 216 229
2 23 1 158 216 229
2 23 2 158 216 229
2 23 3 158 216 229
2 23 4 158 216 229
2 23 21 158 216 229
2 23 22 158 216 229
2 24 0 158 216 229
2 24 1 158 216 229
2 24 2 158 216 229
2 24 3 158 216 229
2 24 4 158 216 229
2 24 21 158 216 229
2 24 22 158 216 229
2 25 0 158 216 229
2 25 1 158 216 229
2 25 2 158 216 229
2 25 3 158 216 229
2 25 4 158 216 229
2 25 21 158 216 229
2 25 22 158 216 229
2 26 0 158 216 229
2 26 1 158 216 229
2 26 2 158 216 229
2 26 3 158 216 229
2 26 4 158 216 229
2 26 5 158 216 229
2 26 21 158 216 229
2 26 22 158 216 229
2 27 0 158 216 229
2 27 1 158 216 229
2 27 2 158 216 229
2 27 3 158 216 229
2 27 4 158 216 229
2 27 5 158 216 229
2 27 21 158 216 229
2 27 22 158 216 229
2 28 0 158 216 229
2 28 1 158 216 229
2 28 2 158 216 229
2 28 3 158 216 229
2 28 4 158 216 229
2 28 5 158 216 229
2 28 22 158 216 229
2 29 0 158 216 229
2 29 1 158 216 229
2 29 2 158 216 229
2 29 3 158 216 229
2 29 4 158 216 229
2 29 5 158 216 229
2 29 22 158 216 229
2 30 0 158 216 229
2 30 1 158 216 229
2 30 2 158 216 229
2 30 3 158 216 229
2 30 4 158 216 229
2 30 5 158 216 229
2 30 22 158 216 229
2 31 0 158 216 229
2 31 1 158 216 229
2 31 2 158 216 229
2 31 3 158 216 229
2 31 4 158 216 229
2 31 5 158 216 229
2 31 22 158 216 229
2 32 0 158 216 229
2 32 1 158 216 229
2 32 2 158 216 229
2 32 3 158 216 229
2 32 4 158 216 229
2 32 5 158 216 229
2 32 13 214 38 40
2 32 14 214 38 40
2 32 15 214 38 40
2 32 16 214 38 40
2 32 17 214 38 40
2 32 18 214 38 40
2 32 19 214 38 40
2 32 20 214 38 40
2 32 21 214 38 40
2 32 22 158 216 229
2 33 0 214 38 40
2 33 1 214 38 40
2 33 2 214 38 40
2 33 3 214 38 40
2 33 4 214 38 40
2 33 5 214 38 40
2 33 6 214 38 40
2 33 7 214 38 40
2 33 8 214 38 40
2 33 9 214 38 40
2 33 10 214 38 40
2 33 11 214 38 40
2 33 12 214 38 40
2 33 13 214 38 40
2 33 14 214 38 40
2 33 15 214 38 40
2 33 16 214 38 40
2 33 17 214 38 40
2 33 18 214 38 40
2 33 19 214 38 40
2 33 20 214 38 40
2 33 21 214 38 40
2 33 22 214 38 40
3 0 0 158 216 229
3 0 1 158 216 229
3 0 2 158 216 229
3 0 3 158 216 229
3 0 4 158 216 229
3 0 5 255 186 119
3 0 6 255 186 119
3 0 7 255 186 119
3 0 8 255 186 119
3 0 9 255 186 119
3 0 10 255 186 119
3 0 11 255 186 119
3 0 12 255 186 119
3 0 13 255 186 119
3 0 14 255 186 119
3 0 15 255 186 119
3 0 16 255 186 119
3 0 17 255 186 119
3 0 18 255 186 119
3 0 19 255 186 119
3 0 20 255 186 119
3 0 21 158 216 229
3 1 0 158 216 229
3 1 1 158 216 229
3 1 2 158 216 229
3 1 3 158 216 229
3 1 4 158 216 229
3 1 5 255 186 119
3 1 6 255 186 119
3 1 7 255 186 119
3 1 8 255 186 119
3 1 9 255 186 119
3 1 10 255 186 119
3 1 11 255 186 119
3 1 12 255 186 119
3 1 13 255 186 119
3 1 14 255 186 119
3 1 15 255 186 119
3 1 16 255 186 119
3 1 17 255 186 119
3 1 18 255 186 119
3 1 19 255 186 119
3 1 20 255 186 119
3 1 21 158 216 229
3 2 0 158 216 229
3 2 1 158 216 229
3 2 2 158 216 229
3 2 3 158 216 229
3 2 4 158 216 229
3 2 5 255 186 119
3 2 6 255 186 119
3 2 7 255 186 119
3 2 8 255 186 119
3 2 9 255 186 119
3 2 10 255 186 119
3 2 11 255 186 119
3 2 12 255 186 119
3 2 13 255 186 119
3 2 14 255 186 119
3 2 15 255 186 119
3 2 16 255 186 119
3 2 17 255 186 119
3 2 18 255 186 119
3 2 19 255 186 119
3 2 20 255 186 119
3 2 21 158 216 229
3 3 0 158 216 229
3 3 1 158 216 229
3 3 2 158 216 229
3 3 3 158 216 229
3 3 4 158 216 229
3 3 5 255 186 119
3 3 6 255 186 119
3 3 7 255 186 119
3 3 8 255 186 119
3 3 9 255 186 119
3 3 10 255 186 119
3 3 11 255 186 119
3 3 12 255 186 119
3 3 13 255 186 119
3 3 14 255 186 119
3 3 15 255 186 119
3 3 16 255 186 119
3 3 17 255 186 119
3 3 18 255 186 119
3 3 19 255 186 119
3 3 20 255 186 119
3 3 21 158 216 229
3 4 0 158 216 229
3 4 1 158 216 229
3 4 2 158 216 229
3 4 3 158 216 229
3 4 4 158 216 229
3 4 5 255 186 119
3 4 6 255 186 119
3 4 7 255 186 119
3 4 8 255 186 119
3 4 9 255 186 119
3 4 10 255 186 119
3 4 11 255 186 119
3 4 12 255 186 119
3 4 13 255 186 119
3 4 14 255 186 119
3 4 15 255 186 119
3 4 16 255 186 119
3 4 17 255 186 119
3 4 18 255 186 119
3 4 19 255 186 119
3 4 20 255 186 119
3 4 21 158 216 229
3 5 0 158 216 229
3 5 1 158 216 229
3 5 2 158 216 229
3 5 3 158 216 229
3 5 4 158 216 229
3 5 5 255 186 119
3 5 6 255 186 119
3 5 7 255 186 119
3 5 8 255 186 119
3 5 9 255 186 119
3 5 10 255 186 119
3 5 11 255 186 119
3 5 12 255 186 119
3 5 13 255 186 119
3 5 14 255 186 119
3 5 15 255 186 119
3 5 16 255 186 119
3 5 17 255 186 119
3 5 18 255 186 119
3 5 19 255 186 119
3 5 20 255 186 119
3 5 21 158 216 229
3 6 0 158 216 229
3 6 1 158 216 229
3 6 2 158 216 229
3 6 3 158 216 229
3 6 4 158 216 229
3 6 5 255 186 119
3 6 6 255 186 119
3 6 7 255 186 119
3 6 8 255 186 119
3 6 9 255 186 119
3 6 10 255 186 119
3 6 11 255 186 119
3 6 12 255 186 119
3 6 13 255 186 119
3 6 14 255 186 119
3 6 15 255 186 119
3 6 16 255 186 119
3 6 17 255 186 119
3 6 18 255 186 119
3 6 19 255 186 119
3 6 20 255 186 119
3 6 21 158 216 229
3 7 0 158 216 229
3 7 1 158 216 229
3 7 2 158 216 229
3 7 3 158 216 229
3 7 4 196 175 214
3 7 5 196 175 214
3 7 6 196 175 214
3 7 7 196 175 214
3 7 9 196 175 214
3 7 10 196 175 214
3 7 11 196 175 214
3 7 12 196 175 214
3 7 13 196 175 214
3 7 14 196 175 214
3 7 15 196 175 214
3 7 16 196 175 214
3 7 17 196 175 214
3 7 18 196 175 214
3 7 19 196 175 214
3 7 20 196 175 214
3 7 21 158 216 229
3 8 0 158 216 229
3 8 1 158 216 229
3 8 2 158 216 229
3 8 3 158 216 229
3 8 4 196 175 214
3 8 5 196 175 214
3 8 6 196 175 214
3 8 7 196 175 214
3 8 9 196 175 214
3 8 10 196 175 214
3 8 11 196 175 214
3 8 12 196 175 214
3 8 13 196 175 214
3 8 14 196 175 214
3 8 15 196 175 214
3 8 16 196 175 214
3 8 17 196 175 214
3 8 18 196 175 214
3 8 19 196 175 214
3 8 20 196 175 214
3 8 21 158 216 229
3 9 0 158 216 229
3 9 1 158 216 229
3 9 2 158 216 229
3 9 3 158 216 229
3 9 4 196 175 214
3 9 5 196 175 214
3 9 6 196 175 214
3 9 7 196 175 214
3 9 12 196 175 214
3 9 13 196 175 214
3 9 14 196 175 214
3 9 15 196 175 214
3 9 16 196 175 214
3 9 17 196 175 214
3 9 18 196 175 214
3 9 19 196 175 214
3 9 20 196 175 214
3 9 21 158 216 229
3 10 0 158 216 229
3 10 1 158 216 229
3 10 2 158 216 229
3 10 3 158 216 229
3 10 4 158 216 229
3 10 19 196 175 214
3 10 20 196 175 214
3 10 21 158 216 229
3 11 0 158 216 229
3 11 1 158 216 229
3 11 2 158 216 229
3 11 3 158 216 229
3 11 4 158 216 229
3 11 19 196 175 214
3 11 20 196 175 214
3 11 21 158 216 229
3 12 0 158 216 229
3 12 1 158 216 229
3 12 2 158 216 229
3 12 3 158 216 229
3 12 4 158 216 229
3 12 19 196 175 214
3 12 20 196 175 214
3 12 21 158 216 229
3 13 0 158 216 229
3 13 1 158 216 229
3 13 2 158 216 229
3 13 3 158 216 229
3 13 4 158 216 229
3 13 21 158 216 229
3 14 0 158 216 229
3 14 1 158 216 229
3 14 2 158 216 229
3 14 3 158 216 229
3 14 4 158 216 229
3 14 21 158 216 229
3 15 0 158 216 229
3 15 1 158 216 229
3 15 2 158 216 229
3 15 3 158 216 229
3 15 4 158 216 229
3 15 21 158 216 229
3 15 22 158 216 229
3 16 0 158 216 229
3 16 1 158 216 229
3 16 2 158 216 229
3 16 3 158 216 229
3 16 4 158 216 229
3 16 21 158 216 229
3 16 22 158 216 229
3 17 0 158 216 229
3 17 1 158 216 229
3 17 2 158 216 229
3 17 3 158 216 229
3 17 4 158 216 229
3 17 21 158 216 229
3 17 22 158 216 229
3 18 0 158 216 229
3 18 1 158 216 229
3 18 2 158 216 229
3 18 3 158 216 229
3 18 4 158 216 229
3 18 21 158 216 229
3 18 22 158 216 229
3 19 0 158 216 229
3 19 1 158 216 229
3 19 2 158 216 229
3 19 3 158 216 229
3 19 4 158 216 229
3 19 21 158 216 229
3 19 22 158 216 229
3 20 0 158 216 229
3 20 1 158 216 229
3 20 2 158 216 229
3 20 3 158 216 229
3 20 4 158 216 229
3 20 21 158 216 229
3 20 22 158 216 229
3 21 0 158 216 229
3 21 1 158 216 229
3 21 2 158 216 229
3 21 3 158 216 229
3 21 4 158 216 229
3 21 21 158 216 229
3 21 22 158 216 229
3 22 0 158 216 229
3 22 1 158 216 229
3 22 2 158 216 229
3 22 3 158 216 229
3 22 4 158 216 229
3 22 21 158 216 229
3 22 22 158 216 229
3 23 0 158 216 229
3 23 1 158 216 229
3 23 2 158 216 229
3 23 3 158 216 229
3 23 4 158 216 229
3 23 21 158 216 229
3 23 22 158 216 229
3 24 0 158 216 229
3 24 1 158 216 229
3 24 2 158 216 229
3 24 3 158 216 229
3 24 4 158 216 229
3 24 21 158 216 229
3 24 22 158 216 229
3 25 0 158 216 229
3 25 1 158 216 229
3 25 2 158 216 229
3 25 3 158 216 229
3 25 4 158 216 229
3 25 21 158 216 229
3 25 22 158 216 229
3 26 0 158 216 229
3 26 1 158 216 229
3 26 2 158 216 229
3 26 3 158 216 229
3 26 4 158 216 229
3 26 5 158 216 229
3 26 21 158 216 229
3 26 22 158 216 229
3 27 0 158 216 229
3 27 1 158 216 229
3 27 2 158 216 229
3 27 3 158 216 229
3 27 4 158 216 229
3 27 5 158 216 229
3 27 22 158 216 229
3 28 0 158 216 229
3 28 1 158 216 229
3 28 2 158 216 229
3 28 3 158 216 229
3 28 4 158 216 229
3 28 5 158 216 229
3 28 22 158 216 229
3 29 0 158 216 229
3 29 1 158 216 229
3 29 2 158 216 229
3 29 3 158 216 229
3 29 4 158 216 229
3 29 5 158 216 229
3 29 22 158 216 229
3 30 0 158 216 229
3 30 1 158 216 229
3 30 2 158 216 229
3 30 3 158 216 229
3 30 4 158 216 229
3 30 5 158 216 229
3 30 22 158 216 229
3 31 0 158 216 229
3 31 1 158 216 229
3 31 2 158 216 229
3 31 3 158 216 229
3 31 4 158 216 229
3 31 5 158 216 229
3 31 22 158 216 229
3 32 0 158 216 229
3 32 1 158 216 229
3 32 2 158 216 229
3 32 3 158 216 229
3 32 4 158 216 229
3 32 5 158 216 229
3 32 15 214 38 40
3 32 16 214 38 40
3 32 17 214 38 40
3 32 18 214 38 40
3 32 19 214 38 40
3 32 20 214 38 40
3 32 21 214 38 40
3 32 22 158 216 229
3 33 0 214 38 40
3 33 1 214 38 40
3 33 2 214 38 40
3 33 3 214 38 40
3 33 4 214 38 40
3 33 5 214 38 40
3 33 6 214 38 40
3 33 7 214 38 40
3 33 8 214 38 40
3 33 9 214 38 40
3 33 10 214 38 40
3 33 11 214 38 40
3 33 12 214 38 40
3 33 13 214 38 40
3 33 14 214 38 40
3 33 15 214 38 40
3 33 16 214 38 40
3 33 17 214 38 40
3 33 18 214 38 40
3 33 19 214 38 40
3 33 20 214 38 40
3 33 21 214 38 40
3 33 22 214 38 40
4 0 0 43 160 4
4 0 1 43 160 4
4 0 2 43 160 4
4 0 3 30 119 181
4 0 4 255 186 119
4 0 5 255 186 119
4 0 6 255 186 119
4 0 7 255 186 119
4 0 8 255 186 119
4 0 9 255 186 119
4 0 10 255 186 119
4 0 11 255 186 119
4 0 12 255 186 119
4 0 13 255 186 119
4 0 14 255 186 119
4 0 15 255 186 119
4 0 16 255 186 119
4 0 17 255 186 119
4 0 18 255 186 119
4 0 19 255 186 119
4 0 20 255 186 119
4 0 21 158 216 229
4 1 3 30 119 181
4 1 4 255 186 119
4 1 5 255 186 119
4 1 6 255 186 119
4 1 7 255 186 119
4 1 8 255 186 119
4 1 9 255 186 119
4 1 10 255 186 119
4 1 11 255 186 119
4 1 12 255 186 119
4 1 13 255 186 119
4 1 14 255 186 119
4 1 15 255 186 119
4 1 16 255 186 119
4 1 17 255 186 119
4 1 18 255 186 119
4 1 19 255 186 119
4 1 20 255 186 119
4 1 21 158 216 229
4 2 3 30 119 181
4 2 4 255 186 119
4 2 5 255 186 119
4 2 6 255 186 119
4 2 7 255 186 119
4 2 8 255 186 119
4 2 9 255 186 119
4 2 10 255 186 119
4 2 11 255 186 119
4 2 12 255 186 119
4 2 13 255 186 119
4 2 14 255 186 119
4 2 15 255 186 119
4 2 16 255 186 119
4 2 17 255 186 119
4 2 18 255 186 119
4 2 19 255 186 119
4 2 20 255 186 119
4 2 21 158 216 229
4 3 3 30 119 181
4 3 4 255 186 119
4 3 5 255 186 119
4 3 6 255 186 119
4 3 7 255 186 119
4 3 8 255 186 119
4 3 9 255 186 119
4 3 10 255 186 119
4 3 11 255 186 119
4 3 12 255 186 119
4 3 13 255 186 119
4 3 14 255 186 119
4 3 15 255 186 119
4 3 16 255 186 119
4 3 17 255 186 119
4 3 18 255 186 119
4 3 19 255 186 119
4 3 20 255 186 119
4 3 21 158 216 229
4 4 3 30 119 181
4 4 4 255 186 119
4 4 5 255 186 119
4 4 6 255 186 119
4 4 7 255 186 119
4 4 8 255 186 119
4 4 9 255 186 119
4 4 10 255 186 119
4 4 11 255 186 119
4 4 12 255 186 119
4 4 13 255 186 119
4 4 14 255 186 119
4 4 15 255 186 119
4 4 16 255 186 119
4 4 17 255 186 119
4 4 18 255 186 119
4 4 19 255 186 119
4 4 20 255 186 119
4 4 21 158 216 229
4 5 3 30 119 181
4 5 4 255 186 119
4 5 5 255 186 119
4 5 6 255 186 119
4 5 7 255 186 119
4 5 8 255 186 119
4 5 9 255 186 119
4 5 10 255 186 119
4 5 11 255 186 119
4 5 12 255 186 119
4 5 13 255 186 119
4 5 14 255 186 119
4 5 15 255 186 119
4 5 16 255 186 119
4 5 17 255 186 119
4 5 18 255 186 119
4 5 19 255 186 119
4 5 20 255 186 119
4 5 21 158 216 229
4 6 3 30 119 181
4 6 4 255 186 119
4 6 5 255 186 119
4 6 6 255 186 119
4 6 7 255 186 119
4 6 8 255 186 119
4 6 9 255 186 119
4 6 10 255 186 119
4 6 11 255 186 119
4 6 12 255 186 119
4 6 13 255 186 119
4 6 14 255 186 119
4 6 15 255 186 119
4 6 16 255 186 119
4 6 17 255 186 119
4 6 18 255 186 119
4 6 19 255 186 119
4 6 20 255 186 119
4 6 21 158 216 229
4 7 3 30 119 181
4 7 4 30 119 181
4 7 5 196 175 214
4 7 6 196 175 214
4 7 7 196 175 214
4 7 9 196 175 214
4 7 10 196 175 214
4 7 11 196 175 214
4 7 12 196 175 214
4 7 13 196 175 214
4 7 14 196 175 214
4 7 15 196 175 214
4 7 16 196 175 214
4 7 17 196 175 214
4 7 18 196 175 214
4 7 19 196 175 214
4 7 20 196 175 214
4 7 21 158 216 229
4 8 0 30 119 181
4 8 1 30 119 181
4 8 2 30 119 181
4 8 3 30 119 181
4 8 4 30 119 181
4 8 5 196 175 214
4 8 6 196 175 214
4 8 7 196 175 214
4 8 9 196 175 214
4 8 10 196 175 214
4 8 11 196 175 214
4 8 12 196 175 214
4 8 13 196 175 214
4 8 14 196 175 214
4 8 15 196 175 214
4 8 16 196 175 214
4 8 17 196 175 214
4 8 18 196 175 214
4 8 19 196 175 214
4 8 20 196 175 214
4 8 21 158 216 229
4 9 0 30 119 181
4 9 1 30 119 181
4 9 2 30 119 181
4 9 3 30 119 181
4 9 4 196 175 214
4 9 5 196 175 214
4 9 6 196 175 214
4 9 7 196 175 214
4 9 12 196 175 214
4 9 13 196 175 214
4 9 14 196 175 214
4 9 15 196 175 214
4 9 16 196 175 214
4 9 17 196 175 214
4 9 18 196 175 214
4 9 19 196 175 214
4 9 20 196 175 214
4 9 21 158 216 229
4 10 0 196 175 214
4 10 1 196 175 214
4 10 2 196 175 214
4 10 3 196 175 214
4 10 4 196 175 214
4 10 19 196 175 214
4 10 20 196 175 214
4 10 21 158 216 229
4 11 0 196 175 214
4 11 1 196 175 214
4 11 2 196 175 214
4 11 3 196 175 214
4 11 4 196 175 214
4 11 19 196 175 214
4 11 20 196 175 214
4 11 21 196 175 214
4 12 1 196 175 214
4 12 2 196 175 214
4 12 3 196 175 214
4 12 4 196 175 214
4 12 19 196 175 214
4 12 20 196 175 214
4 12 21 158 216 229
4 13 1 196 175 214
4 13 2 196 175 214
4 13 3 196 175 214
4 13 4 196 175 214
4 13 21 158 216 229
4 14 21 158 216 229
4 14 22 158 216 229
4 15 21 158 216 229
4 15 22 158 216 229
4 16 21 158 216 229
4 16 22 158 216 229
4 17 21 158 216 229
4 17 22 158 216 229
4 18 21 158 216 229
4 18 22 158 216 229
4 19 21 158 216 229
4 19 22 158 216 229
4 20 21 158 216 229
4 20 22 158 216 229
4 21 21 158 216 229
4 21 22 158 216 229
4 22 21 158 216 229
4 22 22 158 216 229
4 23 21 158 216 229
4 23 22 158 216 229
4 24 21 158 216 229
4 24 22 158 216 229
4 25 21 158 216 229
4 25 22 158 216 229
4 26 21 158 216 229
4 26 22 158 216 229
4 27 22 158 216 229
4 28 22 158 216 229
4 29 22 158 216 229
4 30 22 158 216 229
4 31 22 158 216 229
4 32 16 214 38 40
4 32 17 214 38 40
4 32 18 214 38 40
4 32 19 214 38 40
4 32 20 214 38 40
4 32 21 214 38 40
4 32 22 158 216 229
4 33 0 214 38 40
4 33 1 214 38 40
4 33 2 214 38 40
4 33 3 214 38 40
4 33 4 214 38 40
4 33 5 214 38 40
4 33 6 214 38 40
4 33 7 214 38 40
4 33 8 214 38 40
4 33 9 214 38 40
4 33 10 214 38 40
4 33 11 214 38 40
4 33 12 214 38 40
4 33 13 214 38 40
4 33 14 214 38 40
4 33 15 214 38 40
4 33 16 214 38 40
4 33 17 214 38 40
4 33 18 214 38 40
4 33 19 214 38 40
4 33 20 214 38 40
4 33 21 214 38 40
4 33 22 214 38 40
5 0 0 43 160 4
5 0 1 43 160 4
5 0 2 43 160 4
5 0 3 30 119 181
5 0 4 255 186 119
5 0 5 255 186 119
5 0 6 255 186 119
5 0 7 255 186 119
5 0 8 255 186 119
5 0 9 255 186 119
5 0 10 255 186 119
5 0 11 255 186 119
5 0 12 255 186 119
5 0 13 255 186 119
5 0 14 255 186 119
5 0 15 255 186 119
5 0 16 255 186 119
5 0 17 255 186 119
5 0 18 255 186 119
5 0 19 255 186 119
5 0 20 255 186 119
5 0 21 158 216 229
5 1 3 30 119 181
5 1 4 255 186 119
5 1 5 255 186 119
5 1 6 255 186 119
5 1 7 255 186 119
5 1 8 255 186 119
5 1 9 255 186 119
5 1 10 255 186 119
5 1 11 255 186 119
5 1 12 255 186 119
5 1 13 255 186 119
5 1 14 255 186 119
5 1 15 255 186 119
5 1 16 255 186 119
5 1 17 255 186 119
5 1 18 255 186 119
5 1 19 255 186 119
5 1 20 255 186 119
5 1 21 158 216 229
5 2 3 30 119 181
5 2 4 255 186 119
5 2 5 255 186 119
5 2 6 255 186 119
5 2 7 255 186 119
5 2 8 255 186 119
5 2 9 255 186 119
5 2 10 255 186 119
5 2 11 255 186 119
5 2 12 255 186 119
5 2 13 255 186 119
5 2 14 255 186 119
5 2 15 255 186 119
5 2 16 255 186 119
5 2 17 255 186 119
5 2 18 255 186 119
5 2 19 255 186 119
5 2 20 255 186 119
5 2 21 158 216 229
5 3 3 30 119 181
5 3 4 255 186 119
5 3 5 255 186 119
5 3 6 255 186 119
5 3 7 255 186 119
5 3 8 255 186 119
5 3 9 255 186 119
5 3 10 255 186 119
5 3 11 255 186 119
5 3 12 255 186 119
5 3 13 255 186 119
5 3 14 255 186 119
5 3 15 255 186 119
5 3 16 255 186 119
5 3 17 255 186 119
5 3 18 255 186 119
5 3 19 255 186 119
5 3 20 255 186 119
5 3 21 158 216 229
5 4 3 30 119 181
5 4 4 255 186 119
5 4 5 255 186 119
5 4 6 255 186 119
5 4 7 255 186 119
5 4 8 255 186 119
5 4 9 255 186 119
5 4 10 255 186 119
5 4 11 255 186 119
5 4 12 255 186 119
5 4 13 255 186 119
5 4 14 255 186 119
5 4 15 255 186 119
5 4 16 255 186 119
5 4 17 255 186 119
5 4 18 255 186 119
5 4 19 255 186 119
5 4 20 255 186 119
5 4 21 158 216 229
5 5 3 30 119 181
5 5 4 255 186 119
5 5 5 255 186 119
5 5 6 255 186 119
5 5 7 255 186 119
5 5 8 255 186 119
5 5 9 255 186 119
5 5 10 255 186 119
5 5 11 255 186 119
5 5 12 255 186 119
5 5 13 255 186 119
5 5 14 255 186 119
5 5 15 255 186 119
5 5 16 255 186 119
5 5 17 255 186 119
5 5 18 255 186 119
5 5 19 255 186 119
5 5 20 255 186 119
5 5 21 158 216 229
5 6 3 30 119 181
5 6 4 255 186 119
5 6 5 255 186 119
5 6 6 255 186 119
5 6 7 255 186 119
5 6 8 255 186 119
5 6 9 255 186 119
5 6 10 255 186 119
5 6 11 255 186 119
5 6 12 255 186 119
5 6 13 255 186 119
5 6 14 255 186 119
5 6 15 255 186 119
5 6 16 255 186 119
5 6 17 255 186 119
5 6 18 255 186 119
5 6 19 255 186 119
5 6 20 255 186 119
5 6 21 158 216 229
5 7 3 30 119 181
5 7 4 30 119 181
5 7 5 196 175 214
5 7 6 196 175 214
5 7 7 196 175 214
5 7 9 196 175 214
5 7 10 196 175 214
5 7 11 196 175 214
5 7 12 196 175 214
5 7 13 196 175 214
5 7 14 196 175 214
5 7 15 196 175 214
5 7 16 196 175 214
5 7 17 196 175 214
5 7 18 196 175 214
5 7 19 196 175 214
5 7 20 196 175 214
5 7 21 158 216 229
5 8 0 30 119 181
5 8 1 30 119 181
5 8 2 30 119 181
5 8 3 30 119 181
5 8 4 30 119 181
5 8 5 196 175 214
5 8 6 196 175 214
5 8 7 196 175 214
5 8 9 196 175 214
5 8 10 196 175 214
5 8 11 196 175 214
5 8 12 196 175 214
5 8 13 196 175 214
5 8 14 196 175 214
5 8 15 196 175 214
5 8 16 196 175 214
5 8 17 196 175 214
5 8 18 196 175 214
5 8 19 196 175 214
5 8 20 196 175 214
5 8 21 158 216 229
5 9 0 30 119 181
5 9 1 30 119 181
5 9 2 30 119 181
5 9 3 30 119 181
5 9 4 196 175 214
5 9 5 196 175 214
5 9 6 196 175 214
5 9 7 196 175 214
5 9 12 196 175 214
5 9 13 196 175 214
5 9 14 196 175 214
5 9 15 196 175 214
5 9 16 196 175 214
5 9 17 196 175 214
5 9 18 196 175 214
5 9 19 196 175 214
5 9 20 196 175 214
5 9 21 158 216 229
5 10 0 196 175 214
5 10 1 196 175 214
5 10 2 196 175 214
5 10 3 196 175 214
5 10 4 196 175 214
5 10 19 196 175 214
5 10 20 196 175 214
5 10 21 196 175 214
5 11 0 196 175 214
5 11 1 196 175 214
5 11 2 196 175 214
5 11 3 196 175 214
5 11 4 196 175 214
5 11 19 196 175 214
5 11 20 196 175 214
5 11 21 196 175 214
5 12 1 196 175 214
5 12 2 196 175 214
5 12 3 196 175 214
5 12 4 196 175 214
5 12 19 196 175 214
5 12 20 196 175 214
5 12 21 158 216 229
5 13 1 196 175 214
5 13 2 196 175 214
5 13 3 196 175 214
5 13 4 196 175 214
5 13 21 158 216 229
5 14 21 158 216 229
5 14 22 158 216 229
5 15 21 158 216 229
5 15 22 158 216 229
5 16 21 158 216 229
5 16 22 158 216 229
5 17 21 158 216 229
5 17 22 158 216 229
5 18 21 158 216 229
5 18 22 158 216 229
5 19 21 158 216 229
5 19 22 158 216 229
5 20 21 158 216 229
5 20 22 158 216 229
5 21 21 158 216 229
5 21 22 158 216 229
5 22 21 158 216 229
5 22 22 158 216 229
5 23 21 158 216 229
5 23 22 158 216 229
5 24 21 158 216 229
5 24 22 158 216 229
5 25 21 158 216 229
5 25 22 158 216 229
5 26 22 158 216 229
5 27 22 158 216 229
5 28 22 158 216 229
5 29 22 158 216 229
5 30 22 158 216 229
5 31 22 158 216 229
5 32 17 214 38 40
5 32 18 214 38 40
5 32 19 214 38 40
5 32 20 214 38 40
5 32 21 214 38 40
5 32 22 158 216 229
5 33 0 214 38 40
5 33 1 214 38 40
5 33 2 214 38 40
5 33 3 214 38 40
5 33 4 214 38 40
5 33 5 214 38 40
5 33 6 214 38 40
5 33 7 214 38 40
5 33 8 214 38 40
5 33 9 214 38 40
5 33 10 214 38 40
5 33 11 214 38 40
5 33 12 214 38 40
5 33 13 214 38 40
5 33 14 214 38 40
5 33 15 214 38 40
5 33 16 214 38 40
5 33 17 214 38 40
5 33 18 214 38 40
5 33 19 214 38 40
5 33 20 214 38 40
5 33 21 214 38 40
5 33 22 214 38 40
6 0 0 43 160 4
6 0 1 43 160 4
6 0 2 43 160 4
6 0 3 30 119 181
6 0 4 255 186 119
6 0 5 255 186 119
6 0 6 255 186 119
6 0 7 255 186 119
6 0 8 255 186 119
6 0 9 255 186 119
6 0 10 255 186 119
6 0 11 255 186 119
6 0 12 255 186 119
6 0 13 255 186 119
6 0 14 255 186 119
6 0 15 255 186 119
6 0 16 255 186 119
6 0 17 255 186 119
6 0 18 255 186 119
6 0 19 255 186 119
6 0 20 255 186 119
6 0 21 158 216 229
6 1 3 30 119 181
6 1 4 255 186 119
6 1 5 255 186 119
6 1 6 255 186 119
6 1 7 255 186 119
6 1 8 255 186 119
6 1 9 255 186 119
6 1 10 255 186 119
6 1 11 255 186 119
6 1 12 255 186 119
6 1 13 255 186 119
6 1 14 255 186 119
6 1 15 255 186 119
6 1 16 255 186 119
6 1 17 255 186 119
6 1 18 255 186 119
6 1 19 255 186 119
6 1 20 255 186 119
6 1 21 158 216 229
6 2 3 30 119 181
6 2 4 255 186 119
6 2 5 255 186 119
6 2 6 255 186 119
6 2 7 255 186 119
6 2 8 255 186 119
6 2 9 255 186 119
6 2 10 255 186 119
6 2 11 255 186 119
6 2 12 255 186 119
6 2 13 255 186 119
6 2 14 255 186 119
6 2 15 255 186 119
6 2 16 255 186 119
6 2 17 255 186 119
6 2 18 255 186 119
6 2 19 255 186 119
6 2 20 255 186 119
6 2 21 158 216 229
6 3 3 30 119 181
6 3 4 255 186 119
6 3 5 255 186 119
6 3 6 255 186 119
6 3 7 255 186 119
6 3 8 255 186 119
6 3 9 255 186 119
6 3 10 255 186 119
6 3 11 255 186 119
6 3 12 255 186 119
6 3 13 255 186 119
6 3 14 255 186 119
6 3 15 255 186 119
6 3 16 255 186 119
6 3 17 255 186 119
6 3 18 255 186 119
6 3 19 255 186 119
6 3 20 255 186 119
6 3 21 158 216 229
6 4 3 30 119 181
6 4 4 255 186 119
6 4 5 255 186 119
6 4 6 255 186 119
6 4 7 255 186 119
6 4 8 255 186 119
6 4 9 255 186 119
6 4 10 255 186 119
6 4 11 255 186 119
6 4 12 255 186 119
6 4 13 255 186 119
6 4 14 255 186 119
6 4 15 255 186 119
6 4 16 255 186 119
6 4 17 255 186 119
6 4 18 255 186 119
6 4 19 255 186 119
6 4 20 255 186 119
6 4 21 158 216 229
6 5 3 30 119 181
6 5 4 255 186 119
6 5 5 255 186 119
6 5 6 255 186 119
6 5 7 255 186 119
6 5 8 255 186 119
6 5 9 255 186 119
6 5 10 255 186 119
6 5 11 255 186 119
6 5 12 255 186 119
6 5 13 255 186 119
6 5 14 255 186 119
6 5 15 255 186 119
6 5 16 255 186 119
6 5 17 255 186 119
6 5 18 255 186 119
6 5 19 255 186 119
6 5 20 255 186 119
6 5 21 158 216 229
6 6 3 30 119 181
6 6 4 255 186 119
6 6 5 255 186 119
6 6 6 255 186 119
6 6 7 255 186 119
6 6 8 255 186 119
6 6 9 255 186 119
6 6 10 255 186 119
6 6 11 255 186 119
6 6 12 255 186 119
6 6 13 255 186 119
6 6 14 255 186 119
6 6 15 255 186 119
6 6 16 255 186 119
6 6 17 255 186 119
6 6 18 255 186 119
6 6 19 255 186 119
6 6 20 255 186 119
6 6 21 158 216 229
6 7 3 30 119 181
6 7 4 30 119 181
6 7 5 196 175 214
6 7 6 196 175 214
6 7 7 196 175 214
6 7 9 196 175 214
6 7 10 196 175 214
6 7 11 196 175 214
6 7 12 196 175 214
6 7 13 196 175 214
6 7 14 196 175 214
6 7 15 196 175 214
6 7 16 196 175 214
6 7 17 196 175 214
6 7 18 196 175 214
6 7 19 196 175 214
6 7 20 196 175 214
6 7 21 158 216 229
6 8 0 30 119 181
6 8 1 30 119 181
6 8 2 30 119 181
6 8 3 30 119 181
6 8 4 30 119 181
6 8 5 196 175 214
6 8 6 196 175 214
6 8 7 196 175 214
6 8 9 196 175 214
6 8 10 196 175 214
6 8 11 196 175 214
6 8 12 196 175 214
6 8 13 196 175 214
6 8 14 196 175 214
6 8 15 196 175 214
6 8 16 196 175 214
6 8 17 196 175 214
6 8 18 196 175 214
6 8 19 196 175 214
6 8 20 196 175 214
6 8 21 158 216 229
6 9 0 30 119 181
6 9 1 30 119 181
6 9 2 30 119 181
6 9 3 30 119 181
6 9 4 30 119 181
6 9 5 196 175 214
6 9 6 196 175 214
6 9 7 196 175 214
6 9 12 196 175 214
6 9 13 196 175 214
6 9 14 196 175 214
6 9 15 196 175 214
6 9 16 196 175 214
6 9 17 196 175 214
6 9 18 196 175 214
6 9 19 196 175 214
6 9 20 196 175 214
6 9 21 158 216 229
6 10 0 196 175 214
6 10 1 196 175 214
6 10 2 196 175 214
6 10 19 196 175 214
6 10 20 196 175 214
6 10 21 196 175 214
6 11 0 196 175 214
6 11 1 196 175 214
6 11 2 196 175 214
6 11 19 196 175 214
6 11 20 196 175 214
6 11 21 196 175 214
6 12 1 196 175 214
6 12 2 196 175 214
6 12 19 196 175 214
6 12 20 196 175 214
6 12 21 158 216 229
6 13 21 158 216 229
6 13 22 158 216 229
6 14 21 158 216 229
6 14 22 158 216 229
6 15 21 158 216 229
6 15 22 158 216 229
6 16 21 158 216 229
6 16 22 158 216 229
6 17 21 158 216 229
6 17 22 158 216 229
6 18 21 158 216 229
6 18 22 158 216 229
6 19 21 158 216 229
6 19 22 158 216 229
6 20 21 158 216 229
6 20 22 158 216 229
6 21 21 158 216 229
6 21 22 158 216 229
6 22 21 158 216 229
6 22 22 158 216 229
6 23 21 158 216 229
6 23 22 158 216 229
6 24 21 158 216 229
6 24 22 158 216 229
6 25 22 158 216 229
6 26 22 158 216 229
6 27 22 158 216 229
6 28 22 158 216 229
6 29 22 158 216 229
6 30 22 158 216 229
6 31 22 158 216 229
6 32 18 214 38 40
6 32 19 214 38 40
6 32 20 214 38 40
6 32 21 214 38 40
6 32 22 158 216 229
6 33 0 214 38 40
6 33 1 214 38 40
6 33 2 214 38 40
6 33 3 214 38 40
6 33 4 214 38 40
6 33 5 214 38 40
6 33 6 214 38 40
6 33 7 214 38 40
6 33 8 214 38 40
6 33 9 214 38 40
6 33 10 214 38 40
6 33 11 214 38 40
6 33 12 214 38 40
6 33 13 214 38 40
6 33 14 214 38 40
6 33 15 214 38 40
6 33 16 214 38 40
6 33 17 214 38 40
6 33 18 214 38 40
6 33 19 214 38 40
6 33 20 214 38 40
6 33 21 214 38 40
6 33 22 214 38 40
7 0 0 43 160 4
7 0 1 43 160 4
7 0 2 43 160 4
7 0 3 30 119 181
7 0 4 255 186 119
7 0 5 255 186 119
7 0 6 255 186 119
7 0 7 255 186 119
7 0 8 255 186 119
7 0 9 255 186 119
7 0 10 255 186 119
7 0 11 255 186 119
7 0 12 255 186 119
7 0 13 255 186 119
7 0 14 255 186 119
7 0 15 255 186 119
7 0 16 255 186 119
7 0 17 255 186 119
7 0 18 255 186 119
7 0 19 255 186 119
7 0 20 255 186 119
7 0 21 158 216 229
7 1 3 30 119 181
7 1 4 255 186 119
7 1 5 255 186 119
7 1 6 255 186 119
7 1 7 255 186 119
7 1 8 255 186 119
7 1 9 255 186 119
7 1 10 255 186 119
7 1 11 255 186 119
7 1 12 255 186 119
7 1 13 255 186 119
7 1 14 255 186 119
7 1 15 255 186 119
7 1 16 255 186 119
7 1 17 255 186 119
7 1 18 255 186 119
7 1 19 255 186 119
7 1 20 255 186 119
7 1 21 158 216 229
7 2 3 30 119 181
7 2 4 255 186 119
7 2 5 255 186 119
7 2 6 255 186 119
7 2 7 255 186 119
7 2 8 255 186 119
7 2 9 255 186 119
7 2 10 255 186 119
7 2 11 255 186 119
7 2 12 255 186 119
7 2 13 255 186 119
7 2 14 255 186 119
7 2 15 255 186 119
7 2 16 255 186 119
7 2 17 255 186 119
7 2 18 255 186 119
7 2 19 255 186 119
7 2 20 255 186 119
7 2 21 158 216 229
7 3 3 30 119 181
7 3 4 255 186 119
7 3 5 255 186 119
7 3 6 255 186 119
7 3 7 255 186 119
7 3 8 255 186 119
7 3 9 255 186 119
7 3 10 255 186 119
7 3 11 255 186 119
7 3 12 255 186 119
7 3 13 255 186 119
7 3 14 255 186 119
7 3 15 255 186 119
7 3 16 255 186 119
7 3 17 255 186 119
7 3 18 255 186 119
7 3 19 255 186 119
7 3 20 255 186 119
7 3 21 158 216 229
7 4 3 30 119 181
7 4 4 255 186 119
7 4 5 255 186 119
7 4 6 255 186 119
7 4 7 255 186 119
7 4 8 255 186 119
7 4 9 255 186 119
7 4 10 255 186 119
7 4 11 255 186 119
7 4 12 255 186 119
7 4 13 255 186 119
7 4 14 255 186 119
7 4 15 255 186 119
7 4 16 255 186 119
7 4 17 255 186 119
7 4 18 255 186 119
7 4 19 255 186 119
7 4 20 255 186 119
7 4 21 158 216 229
7 5 3 30 119 181
7 5 4 255 186 119
7 5 5 255 186 119
7 5 6 255 186 119
7 5 7 255 186 119
7 5 8 255 186 119
7 5 9 255 186 119
7 5 10 255 186 119
7 5 11 255 186 119
7 5 12 255 186 119
7 5 13 255 186 119
7 5 14 255 186 119
7 5 15 255 186 119
7 5 16 255 186 119
7 5 17 255 186 119
7 5 18 255 186 119
7 5 19 255 186 119
7 5 20 255 186 119
7 5 21 158 216 229
7 6 3 30 119 181
7 6 4 255 186 119
7 6 5 255 186 119
7 6 6 255 186 119
7 6 7 255 186 119
7 6 8 255 186 119
7 6 9 255 186 119
7 6 10 255 186 119
7 6 11 255 186 119
7 6 12 255 186 119
7 6 13 255 186 119
7 6 14 255 186 119
7 6 15 255 186 119
7 6 16 255 186 119
7 6 17 255 186 119
7 6 18 255 186 119
7 6 19 255 186 119
7 6 20 255 186 119
7 6 21 158 216 229
7 7 3 30 119 181
7 7 4 30 119 181
7 7 5 196 175 214
7 7 6 196 175 214
7 7 7 196 175 214
7 7 18 196 175 214
7 7 19 196 175 214
7 7 20 196 175 214
7 7 21 158 216 229
7 8 0 30 119 181
7 8 1 30 119 181
7 8 2 30 119 181
7 8 3 30 119 181
7 8 4 30 119 181
7 8 5 196 175 214
7 8 6 196 175 214
7 8 7 196 175 214
7 8 18 196 175 214
7 8 19 196 175 214
7 8 20 196 175 214
7 8 21 158 216 229
7 9 0 30 119 181
7 9 1 30 119 181
7 9 2 30 119 181
7 9 3 30 119 181
7 9 4 30 119 181
7 9 5 196 175 214
7 9 6 196 175 214
7 9 7 196 175 214
7 9 18 196 175 214
7 9 19 196 175 214
7 9 20 196 175 214
7 9 21 158 216 229
7 10 0 196 175 214
7 10 1 196 175 214
7 10 2 196 175 214
7 10 3 196 175 214
7 10 19 196 175 214
7 10 20 196 175 214
7 10 21 196 175 214
7 11 0 196 175 214
7 11 1 196 175 214
7 11 2 196 175 214
7 11 3 196 175 214
7 11 19 196 175 214
7 11 20 196 175 214
7 11 21 196 175 214
7 12 0 196 175 214
7 12 1 196 175 214
7 12 2 196 175 214
7 12 3 196 175 214
7 12 19 196 175 214
7 12 20 196 175 214
7 12 21 158 216 229
7 12 22 158 216 229
7 13 21 158 216 229
7 13 22 158 216 229
7 14 21 158 216 229
7 14 22 158 216 229
7 15 21 158 216 229
7 15 22 158 216 229
7 16 21 158 216 229
7 16 22 158 216 229
7 17 21 158 216 229
7 17 22 158 216 229
7 18 21 158 216 229
7 18 22 158 216 229
7 19 21 158 216 229
7 19 22 158 216 229
7 20 21 158 216 229
7 20 22 158 216 229
7 21 21 158 216 229
7 21 22 158 216 229
7 22 21 158 216 229
7 22 22 158 216 229
7 23 21 158 216 229
7 23 22 158 216 229
7 24 22 158 216 229
7 25 22 158 216 229
7 26 22 158 216 229
7 27 22 158 216 229
7 28 22 158 216 229
7 29 22 158 216 229
7 30 22 158 216 229
7 31 22 158 216 229
7 32 19 214 38 40
7 32 20 214 38 40
7 32 21 214 38 40
7 32 22 158 216 229
7 33 0 214 38 40
7 33 1 214 38 40
7 33 2 214 38 40
7 33 3 214 38 40
7 33 4 214 38 40
7 33 5 214 38 40
7 33 6 214 38 40
7 33 7 214 38 40
7 33 8 214 38 40
7 33 9 214 38 40
7 33 10 214 38 40
7 33 11 214 38 40
7 33 12 214 38 40
7 33 13 214 38 40
7 33 14 214 38 40
7 33 15 214 38 40
7 33 16 214 38 40
7 33 17 214 38 40
7 33 18 214 38 40
7 33 19 214 38 40
7 33 20 214 38 40
7 33 21 214 38 40
7 33 22 214 38 40
8 0 0 43 160 4
8 0 1 43 160 4
8 0 2 43 160 4
8 0 3 30 119 181
8 0 4 255 186 119
8 0 5 255 186 119
8 0 6 255 186 119
8 0 7 255 186 119
8 0 8 255 186 119
8 0 9 255 186 119
8 0 10 255 186 119
8 0 11 255 186 119
8 0 12 255 186 119
8 0 13 255 186 119
8 0 14 255 186 119
8 0 15 255 186 119
8 0 16 255 186 119
8 0 17 255 186 119
8 0 18 255 186 119
8 0 19 255 186 119
8 0 20 255 186 119
8 0 21 158 216 229
8 1 3 30 119 181
8 1 4 255 186 119
8 1 5 255 186 119
8 1 6 255 186 119
8 1 7 255 186 119
8 1 8 255 186 119
8 1 9 255 186 119
8 1 10 255 186 119
8 1 11 255 186 119
8 1 12 255 186 119
8 1 13 255 186 119
8 1 14 255 186 119
8 1 15 255 186 119
8 1 16 255 186 119
8 1 17 255 186 119
8 1 18 255 186 119
8 1 19 255 186 119
8 1 20 255 186 119
8 1 21 158 216 229
8 2 3 30 119 181
8 2 4 255 186 119
8 2 5 255 186 119
8 2 6 255 186 119
8 2 7 255 186 119
8 2 8 255 186 119
8 2 9 255 186 119
8 2 10 255 186 119
8 2 11 255 186 119
8 2 12 255 186 119
8 2 13 255 186 119
8 2 14 255 186 119
8 2 15 255 186 119
8 2 16 255 186 119
8 2 17 255 186 119
8 2 18 255 186 119
8 2 19 255 186 119
8 2 20 255 186 119
8 2 21 158 216 229
8 3 3 30 119 181
8 3 4 255 186 119
8 3 5 255 186 119
8 3 6 255 186 119
8 3 7 255 186 119
8 3 8 255 186 119
8 3 9 255 186 119
8 3 10 255 186 119
8 3 11 255 186 119
8 3 12 255 186 119
8 3 13 255 186 119
8 3 14 255 186 119
8 3 15 255 186 119
8 3 16 255 186 119
8 3 17 255 186 119
8 3 18 255 186 119
8 3 19 255 186 119
8 3 20 255 186 119
8 3 21 158 216 229
8 4 3 30 119 181
8 4 4 255 186 119
8 4 5 255 186 119
8 4 6 255 186 119
8 4 7 255 186 119
8 4 8 255 186 119
8 4 9 255 186 119
8 4 10 255 186 119
8 4 11 255 186 119
8 4 12 255 186 119
8 4 13 255 186 119
8 4 14 255 186 119
8 4 15 255 186 119
8 4 16 255 186 119
8 4 17 255 186 119
8 4 18 255 186 119
8 4 19 255 186 119
8 4 20 255 186 119
8 4 21 158 216 229
8 5 3 30 119 181
8 5 4 255 186 119
8 5 5 255 186 119
8 5 6 255 186 119
8 5 7 255 186 119
8 5 8 255 186 119
8 5 9 255 186 119
8 5 10 255 186 119
8 5 11 255 186 119
8 5 12 255 186 119
8 5 13 255 186 119
8 5 14 255 186 119
8 5 15 255 186 119
8 5 16 255 186 119
8 5 17 255 186 119
8 5 18 255 186 119
8 5 19 255 186 119
8 5 20 255 186 119
8 5 21 158 216 229
8 6 3 30 119 181
8 6 4 255 186 119
8 6 5 255 186 119
8 6 6 255 186 119
8 6 7 255 186 119
8 6 8 255 186 119
8 6 9 255 186 119
8 6 10 255 186 119
8 6 11 255 186 119
8 6 12 255 186 119
8 6 13 255 186 119
8 6 14 255 186 119
8 6 15 255 186 119
8 6 16 255 186 119
8 6 17 255 186 119
8 6 18 255 186 119
8 6 19 255 186 119
8 6 20 255 186 119
8 6 21 158 216 229
8 7 3 30 119 181
8 7 4 30 119 181
8 7 5 196 175 214
8 7 6 196 175 214
8 7 7 196 175 214
8 7 18 196 175 214
8 7 19 196 175 214
8 7 20 196 175 214
8 7 21 158 216 229
8 8 0 30 119 181
8 8 1 30 119 181
8 8 2 30 119 181
8 8 3 30 119 181
8 8 4 30 119 181
8 8 5 196 175 214
8 8 6 196 175 214
8 8 7 196 175 214
8 8 18 196 175 214
8 8 19 196 175 214
8 8 20 196 175 214
8 8 21 158 216 229
8 9 0 30 119 181
8 9 1 30 119 181
8 9 2 30 119 181
8 9 3 30 119 181
8 9 4 30 119 181
8 9 5 196 175 214
8 9 6 196 175 214
8 9 7 196 175 214
8 9 18 196 175 214
8 9 19 196 175 214
8 9 20 196 175 214
8 9 21 196 175 214
8 10 0 196 175 214
8 10 1 196 175 214
8 10 2 196 175 214
8 10 19 196 175 214
8 10 20 196 175 214
8 10 21 196 175 214
8 11 0 196 175 214
8 11 1 196 175 214
8 11 2 196 175 214
8 11 19 196 175 214
8 11 20 196 175 214
8 11 21 196 175 214
8 11 22 158 216 229
8 12 1 196 175 214
8 12 2 196 175 214
8 12 20 196 175 214
8 12 21 158 216 229
8 12 22 158 216 229
8 13 21 158 216 229
8 13 22 158 216 229
8 14 21 158 216 229
8 14 22 158 216 229
8 15 21 158 216 229
8 15 22 158 216 229
8 16 21 158 216 229
8 16 22 158 216 229
8 17 21 158 216 229
8 17 22 158 216 229
8 18 21 158 216 229
8 18 22 158 216 229
8 19 21 158 216 229
8 19 22 158 216 229
8 20 21 158 216 229
8 20 22 158 216 229
8 21 21 158 216 229
8 21 22 158 216 229
8 22 21 158 216 229
8 22 22 158 216 229
8 23 22 158 216 229
8 24 22 158 216 229
8 25 22 158 216 229
8 26 22 158 216 229
8 27 22 158 216 229
8 28 22 158 216 229
8 29 22 158 216 229
8 30 22 158 216 229
8 31 22 158 216 229
8 32 21 214 38 40
8 32 22 158 216 229
8 33 0 214 38 40
8 33 1 214 38 40
8 33 2 214 38 40
8 33 3 214 38 40
8 33 4 214 38 40
8 33 5 214 38 40
8 33 6 214 38 40
8 33 7 214 38 40
8 33 8 214 38 40
8 33 9 214 38 40
8 33 10 214 38 40
8 33 11 214 38 40
8 33 12 214 38 40
8 33 13 214 38 40
8 33 14 214 38 40
8 33 15 214 38 40
8 33 16 214 38 40
8 33 17 214 38 40
8 33 18 214 38 40
8 33 19 214 38 40
8 33 20 214 38 40
8 33 21 214 38 40
8 33 22 214 38 40
9 0 0 43 160 4
9 0 1 43 160 4
9 0 2 43 160 4
9 0 3 30 119 181
9 0 4 255 186 119
9 0 5 255 186 119
9 0 6 255 186 119
9 0 7 255 186 119
9 0 8 255 186 119
9 0 9 255 186 119
9 0 10 255 186 119
9 0 11 255 186 119
9 0 12 255 186 119
9 0 13 255 186 119
9 0 14 255 186 119
9 0 15 255 186 119
9 0 16 255 186 119
9 0 17 255 186 119
9 0 18 255 186 119
9 0 19 255 186 119
9 0 20 255 186 119
9 0 21 158 216 229
9 1 3 30 119 181
9 1 4 255 186 119
9 1 5 255 186 119
9 1 6 255 186 119
9 1 7 255 186 119
9 1 8 255 186 119
9 1 9 255 186 119
9 1 10 255 186 119
9 1 11 255 186 119
9 1 12 255 186 119
9 1 13 255 186 119
9 1 14 255 186 119
9 1 15 255 186 119
9 1 16 255 186 119
9 1 17 255 186 119
9 1 18 255 186 119
9 1 19 255 186 119
9 1 20 255 186 119
9 1 21 158 216 229
9 2 3 30 119 181
9 2 4 255 186 119
9 2 5 255 186 119
9 2 6 255 186 119
9 2 7 255 186 119
9 2 8 255 186 119
9 2 9 255 186 119
9 2 10 255 186 119
9 2 11 255 186 119
9 2 12 255 186 119
9 2 13 255 186 119
9 2 14 255 186 119
9 2 15 255 186 119
9 2 16 255 186 119
9 2 17 255 186 119
9 2 18 255 186 119
9 2 19 255 186 119
9 2 20 255 186 119
9 2 21 158 216 229
9 3 3 30 119 181
9 3 4 255 186 119
9 3 5 255 186 119
9 3 6 255 186 119
9 3 7 255 186 119
9 3 8 255 186 119
9 3 9 255 186 119
9 3 10 255 186 119
9 3 11 255 186 119
9 3 12 255 186 119
9 3 13 255 186 119
9 3 14 255 186 119
9 3 15 255 186 119
9 3 16 255 186 119
9 3 17 255 186 119
9 3 18 255 186 119
9 3 19 255 186 119
9 3 20 255 186 119
9 3 21 158 216 229
9 4 3 30 119 181
9 4 4 255 186 119
9 4 5 255 186 119
9 4 6 255 186 119
9 4 7 255 186 119
9 4 8 255 186 119
9 4 9 255 186 119
9 4 10 255 186 119
9 4 11 255 186 119
9 4 12 255 186 119
9 4 13 255 186 119
9 4 14 255 186 119
9 4 15 255 186 119
9 4 16 255 186 119
9 4 17 255 186 119
9 4 18 255 186 119
9 4 19 255 186 119
9 4 20 255 186 119
9 4 21 158 216 229
9 5 3 30 119 181
9 5 4 255 186 119
9 5 5 255 186 119
9 5 6 255 186 119
9 5 7 255 186 119
9 5 8 255 186 119
9 5 9 255 186 119
9 5 10 255 186 119
9 5 11 255 186 119
9 5 12 255 186 119
9 5 13 255 186 119
9 5 14 255 186 119
9 5 15 255 186 119
9 5 16 255 186 119
9 5 17 255 186 119
9 5 18 255 186 119
9 5 19 255 186 119
9 5 20 255 186 119
9 5 21 158 216 229
9 6 3 30 119 181
9 6 4 30 119 181
9 6 5 255 186 119
9 6 6 255 186 119
9 6 7 255 186 119
9 6 8 255 186 119
9 6 9 255 186 119
9 6 10 255 186 119
9 6 11 255 186 119
9 6 12 255 186 119
9 6 13 255 186 119
9 6 14 255 186 119
9 6 15 255 186 119
9 6 16 255 186 119
9 6 17 255 186 119
9 6 18 255 186 119
9 6 19 255 186 119
9 6 20 255 186 119
9 6 21 158 216 229
9 7 3 30 119 181
9 7 4 30 119 181
9 7 5 196 175 214
9 7 6 196 175 214
9 7 7 196 175 214
9 7 18 196 175 214
9 7 19 196 175 214
9 7 20 196 175 214
9 7 21 158 216 229
9 8 0 30 119 181
9 8 1 30 119 181
9 8 2 30 119 181
9 8 3 30 119 181
9 8 4 30 119 181
9 8 5 196 175 214
9 8 6 196 175 214
9 8 7 196 175 214
9 8 18 196 175 214
9 8 19 196 175 214
9 8 20 196 175 214
9 8 21 158 216 229
9 9 0 30 119 181
9 9 1 30 119 181
9 9 2 30 119 181
9 9 3 30 119 181
9 9 4 30 119 181
9 9 5 196 175 214
9 9 6 196 175 214
9 9 7 196 175 214
9 9 18 196 175 214
9 9 19 196 175 214
9 9 20 196 175 214
9 9 21 158 216 229
9 10 21 158 216 229
9 10 22 158 216 229
9 11 21 158 216 229
9 11 22 158 216 229
9 12 21 158 216 229
9 12 22 158 216 229
9 13 21 158 216 229
9 13 22 158 216 229
9 14 21 158 216 229
9 14 22 158 216 229
9 15 21 158 216 229
9 15 22 158 216 229
9 16 21 158 216 229
9 16 22 158 216 229
9 17 21 158 216 229
9 17 22 158 216 229
9 18 21 158 216 229
9 18 22 158 216 229
9 19 21 158 216 229
9 19 22 158 216 229
9 20 21 158 216 229
9 20 22 158 216 229
9 21 21 158 216 229
9 21 22 158 216 229
9 22 21 158 216 229
9 22 22 158 216 229
9 23 22 158 216 229
9 24 22 158 216 229
9 25 22 158 216 229
9 26 22 158 216 229
9 27 22 158 216 229
9 28 22 158 216 229
9 29 22 158 216 229
9 30 22 158 216 229
9 31 22 158 216 229
9 32 22 158 216 229
9 33 0 214 38 40
9 33 1 214 38 40
9 33 2 214 38 40
9 33 3 214 38 40
9 33 4 214 38 40
9 33 5 214 38 40
9 33 6 214 38 40
9 33 7 214 38 40
9 33 8 214 38 40
9 33 9 214 38 40
9 33 10 214 38 40
9 33 11 214 38 40
9 33 12 214 38 40
9 33 13 214 38 40
9 33 14 214 38 40
9 33 15 214 38 40
9 33 16 214 38 40
9 33 17 214 38 40
9 33 18 214 38 40
9 33 19 214 38 40
9 33 20 214 38 40
9 33 21 214 38 40
9 33 22 214 38 40
10 0 0 43 160 4
10 0 1 43 160 4
10 0 2 43 160 4
10 0 3 30 119 181
10 0 4 255 186 119
10 0 5 255 186 119
10 0 6 255 186 119
10 0 7 255 186 119
10 0 8 255 186 119
10 0 9 255 186 119
10 0 10 255 186 119
10 0 11 255 186 119
10 0 12 255 186 119
10 0 13 255 186 119
10 0 14 255 186 119
10 0 15 255 186 119
10 0 16 255 186 119
10 0 17 255 186 119
10 0 18 255 186 119
10 0 19 255 186 119
10 0 20 255 186 119
10 0 21 158 216 229
10 1 3 30 119 181
10 1 4 255 186 119
10 1 5 255 186 119
10 1 6 255 186 119
10 1 7 255 186 119
10 1 8 255 186 119
10 1 9 255 186 119
10 1 10 255 186 119
10 1 11 255 186 119
10 1 12 255 186 119
10 1 13 255 186 119
10 1 14 255 186 119
10 1 15 255 186 119
10 1 16 255 186 119
10 1 17 255 186 119
10 1 18 255 186 119
10 1 19 255 186 119
10 1 20 255 186 119
10 1 21 158 216 229
10 2 3 30 119 181
10 2 4 255 186 119
10 2 5 255 186 119
10 2 6 255 186 119
10 2 7 255 186 119
10 2 8 255 186 119
10 2 9 255 186 119
10 2 10 255 186 119
10 2 11 255 186 119
10 2 12 255 186 119
10 2 13 255 186 119
10 2 14 255 186 119
10 2 15 255 186 119
10 2 16 255 186 119
10 2 17 255 186 119
10 2 18 255 186 119
10 2 19 255 186 119
10 2 20 255 186 119
10 2 21 158 216 229
10 3 3 30 119 181
10 3 4 255 186 119
10 3 5 255 186 119
10 3 6 255 186 119
10 3 7 255 186 119
10 3 8 255 186 119
10 3 9 255 186 119
10 3 10 255 186 119
10 3 11 255 186 119
10 3 12 255 186 119
10 3 13 255 186 119
10 3 14 255 186 119
10 3 15 255 186 119
10 3 16 255 186 119
10 3 17 255 186 119
10 3 18 255 186 119
10 3 19 255 186 119
10 3 20 255 186 119
10 3 21 158 216 229
10 4 3 30 119 181
10 4 4 255 186 119
10 4 5 255 186 119
10 4 6 255 186 119
10 4 7 255 186 119
10 4 8 255 186 119
10 4 9 255 186 119
10 4 10 255 186 119
10 4 11 255 186 119
10 4 12 255 186 119
10 4 13 255 186 119
10 4 14 255 186 119
10 4 15 255 186 119
10 4 16 255 186 119
10 4 17 255 186 119
10 4 18 255 186 119
10 4 19 255 186 119
10 4 20 255 186 119
10 4 21 158 216 229
10 5 3 30 119 181
10 5 4 255 186 119
10 5 5 255 186 119
10 5 6 255 186 119
10 5 7 255 186 119
10 5 8 255 186 119
10 5 9 255 186 119
10 5 10 255 186 119
10 5 11 255 186 119
10 5 12 255 186 119
10 5 13 255 186 119
10 5 14 255 186 119
10 5 15 255 186 119
10 5 16 255 186 119
10 5 17 255 186 119
10 5 18 255 186 119
10 5 19 255 186 119
10 5 20 255 186 119
10 5 21 158 216 229
10 6 3 30 119 181
10 6 4 30 119 181
10 6 5 255 186 119
10 6 6 255 186 119
10 6 7 255 186 119
10 6 8 255 186 119
10 6 9 255 186 119
10 6 10 255 186 119
10 6 11 255 186 119
10 6 12 255 186 119
10 6 13 255 186 119
10 6 14 255 186 119
10 6 15 255 186 119
10 6 16 255 186 119
10 6 17 255 186 119
10 6 18 255 186 119
10 6 19 255 186 119
10 6 20 255 186 119
10 6 21 158 216 229
10 7 3 30 119 181
10 7 4 30 119 181
10 7 18 196 175 214
10 7 19 196 175 214
10 7 20 196 175 214
10 7 21 158 216 229
10 8 0 30 119 181
10 8 1 30 119 181
10 8 2 30 119 181
10 8 3 30 119 181
10 8 4 30 119 181
10 8 18 196 175 214
10 8 19 196 175 214
10 8 20 196 175 214
10 8 21 158 216 229
10 9 0 30 119 181
10 9 1 30 119 181
10 9 2 30 119 181
10 9 3 30 119 181
10 9 4 30 119 181
10 9 18 196 175 214
10 9 19 196 175 214
10 9 20 196 175 214
10 9 21 158 216 229
10 10 21 158 216 229
10 10 22 158 216 229
10 11 21 158 216 229
10 11 22 158 216 229
10 12 21 158 216 229
10 12 22 158 216 229
10 13 21 158 216 229
10 13 22 158 216 229
10 14 21 158 216 229
10 14 22 158 216 229
10 15 21 158 216 229
10 15 22 158 216 229
10 16 21 158 216 229
10 16 22 158 216 229
10 17 21 158 216 229
10 17 22 158 216 229
10 18 21 158 216 229
10 18 22 158 216 229
10 19 21 158 216 229
10 19 22 158 216 229
10 20 21 158 216 229
10 20 22 158 216 229
10 21 21 158 216 229
10 21 22 158 216 229
10 22 22 158 216 229
10 23 22 158 216 229
10 24 22 158 216 229
10 25 22 158 216 229
10 26 22 158 216 229
10 27 22 158 216 229
10 28 22 158 216 229
10 29 22 158 216 229
10 30 22 158 216 229
10 31 22 158 216 229
10 32 22 158 216 229
10 33 0 214 38 40
10 33 1 214 38 40
10 33 2 214 38 40
10 33 3 214 38 40
10 33 4 214 38 40
10 33 5 214 38 40
10 33 6 214 38 40
10 33 7 214 38 40
10 33 8 214 38 40
10 33 9 214 38 40
10 33 10 214 38 40
10 33 11 214 38 40
10 33 12 214 38 40
10 33 13 214 38 40
10 33 14 214 38 40
10 33 15 214 38 40
10 33 16 214 38 40
10 33 17 214 38 40
10 33 18 214 38 40
10 33 19 214 38 40
10 33 20 214 38 40
10 33 21 214 38 40
10 33 22 214 38 40
11 0 0 43 160 4
11 0 1 43 160 4
11 0 2 43 160 4
11 0 3 30 119 181
11 0 4 255 186 119
11 0 5 255 186 119
11 0 6 255 186 119
11 0 7 255 186 119
11 0 8 255 186 119
11 0 9 255 186 119
11 0 10 255 186 119
11 0 11 255 186 119
11 0 12 255 186 119
11 0 13 255 186 119
11 0 14 255 186 119
11 0 15 255 186 119
11 0 16 255 186 119
11 0 17 255 186 119
11 0 18 255 186 119
11 0 19 255 186 119
11 0 20 255 186 119
11 0 21 158 216 229
11 1 3 30 119 181
11 1 4 255 186 119
11 1 5 255 186 119
11 1 6 255 186 119
11 1 7 255 186 119
11 1 8 255 186 119
11 1 9 255 186 119
11 1 10 255 186 119
11 1 11 255 186 119
11 1 12 255 186 119
11 1 13 255 186 119
11 1 14 255 186 119
11 1 15 255 186 119
11 1 16 255 186 119
11 1 17 255 186 119
11 1 18 255 186 119
11 1 19 255 186 119
11 1 20 255 186 119
11 1 21 158 216 229
11 2 3 30 119 181
11 2 4 255 186 119
11 2 5 255 186 119
11 2 6 255 186 119
11 2 7 255 186 119
11 2 8 255 186 119
11 2 9 255 186 119
11 2 10 255 186 119
11 2 11 255 186 119
11 2 12 255 186 119
11 2 13 255 186 119
11 2 14 255 186 119
11 2 15 255 186 119
11 2 16 255 186 119
11 2 17 255 186 119
11 2 18 255 186 119
11 2 19 255 186 119
11 2 20 255 186 119
11 2 21 158 216 229
11 3 3 30 119 181
11 3 4 255 186 119
11 3 5 255 186 119
11 3 6 255 186 119
11 3 7 255 186 119
11 3 8 255 186 119
11 3 9 255 186 119
11 3 10 255 186 119
11 3 11 255 186 119
11 3 12 255 186 119
11 3 13 255 186 119
11 3 14 255 186 119
11 3 15 255 186 119
11 3 16 255 186 119
11 3 17 255 186 119
11 3 18 255 186 119
11 3 19 255 186 119
11 3 20 255 186 119
11 3 21 158 216 229
11 4 3 30 119 181
11 4 4 255 186 119
11 4 5 255 186 119
11 4 6 255 186 119
11 4 7 255 186 119
11 4 8 255 186 119
11 4 9 255 186 119
11 4 10 255 186 119
11 4 11 255 186 119
11 4 12 255 186 119
11 4 13 255 186 119
11 4 14 255 186 119
11 4 15 255 186 119
11 4 16 255 186 119
11 4 17 255 186 119
11 4 18 255 186 119
11 4 19 255 186 119
11 4 20 255 186 119
11 4 21 158 216 229
11 5 3 30 119 181
11 5 4 30 119 181
11 5 5 255 186 119
11 5 6 255 186 119
11 5 7 255 186 119
11 5 8 255 186 119
11 5 9 255 186 119
11 5 10 255 186 119
11 5 11 255 186 119
11 5 12 255 186 119
11 5 13 255 186 119
11 5 14 255 186 119
11 5 15 255 186 119
11 5 16 255 186 119
11 5 17 255 186 119
11 5 18 255 186 119
11 5 19 255 186 119
11 5 20 255 186 119
11 5 21 158 216 229
11 6 3 30 119 181
11 6 4 30 119 181
11 6 5 255 186 119
11 6 6 255 186 119
11 6 7 255 186 119
11 6 8 255 186 119
11 6 9 255 186 119
11 6 10 255 186 119
11 6 11 255 186 119
11 6 12 255 186 119
11 6 13 255 186 119
11 6 14 255 186 119
11 6 15 255 186 119
11 6 16 255 186 119
11 6 17 255 186 119
11 6 18 255 186 119
11 6 19 255 186 119
11 6 20 255 186 119
11 6 21 158 216 229
11 7 3 30 119 181
11 7 4 30 119 181
11 7 18 196 175 214
11 7 19 196 175 214
11 7 20 196 175 214
11 7 21 158 216 229
11 8 0 30 119 181
11 8 1 30 119 181
11 8 2 30 119 181
11 8 3 30 119 181
11 8 4 30 119 181
11 8 18 196 175 214
11 8 19 196 175 214
11 8 20 196 175 214
11 8 21 158 216 229
11 9 0 30 119 181
11 9 1 30 119 181
11 9 2 30 119 181
11 9 3 30 119 181
11 9 4 30 119 181
11 9 18 196 175 214
11 9 19 196 175 214
11 9 20 196 175 214
11 9 21 158 216 229
11 9 22 158 216 229
11 10 21 158 216 229
11 10 22 158 216 229
11 11 21 158 216 229
11 11 22 158 216 229
11 12 21 158 216 229
11 12 22 158 216 229
11 13 21 158 216 229
11 13 22 158 216 229
11 14 21 158 216 229
11 14 22 158 216 229
11 15 21 158 216 229
11 15 22 158 216 229
11 16 21 158 216 229
11 16 22 158 216 229
11 17 21 158 216 229
11 17 22 158 216 229
11 18 21 158 216 229
11 18 22 158 216 229
11 19 21 158 216 229
11 19 22 158 216 229
11 20 21 158 216 229
11 20 22 158 216 229
11 21 22 158 216 229
11 22 22 158 216 229
11 23 22 158 216 229
11 24 22 158 216 229
11 25 22 158 216 229
11 26 22 158 216 229
11 27 22 158 216 229
11 28 22 158 216 229
11 29 22 158 216 229
11 30 22 158 216 229
11 31 22 158 216 229
11 32 22 158 216 229
11 33 0 214 38 40
11 33 1 214 38 40
11 33 2 214 38 40
11 33 3 214 38 40
11 33 4 214 38 40
11 33 5 214 38 40
11 33 6 214 38 40
11 33 7 214 38 40
11 33 8 214 38 40
11 33 9 214 38 40
11 33 10 214 38 40
11 33 11 214 38 40
11 33 12 214 38 40
11 33 13 214 38 40
11 33 14 214 38 40
11 33 15 214 38 40
11 33 16 214 38 40
11 33 17 214 38 40
11 33 18 214 38 40
11 33 19 214 38 40
11 33 20 214 38 40
11 33 21 214 38 40
11 33 22 214 38 40
12 0 0 43 160 4
12 0 1 43 160 4
12 0 2 43 160 4
12 0 3 43 160 4
12 0 4 255 186 119
12 0 5 255 186 119
12 0 6 255 186 119
12 0 7 255 186 119
12 0 8 255 186 119
12 0 9 255 186 119
12 0 10 255 186 119
12 0 11 255 186 119
12 0 12 255 186 119
12 0 13 255 186 119
12 0 14 255 186 119
12 0 15 255 186 119
12 0 16 255 186 119
12 0 17 255 186 119
12 0 18 255 186 119
12 0 19 255 186 119
12 0 20 255 186 119
12 0 21 158 216 229
12 1 3 30 119 181
12 1 4 255 186 119
12 1 5 255 186 119
12 1 6 255 186 119
12 1 7 255 186 119
12 1 8 255 186 119
12 1 9 255 186 119
12 1 10 255 186 119
12 1 11 255 186 119
12 1 12 255 186 119
12 1 13 255 186 119
12 1 14 255 186 119
12 1 15 255 186 119
12 1 16 255 186 119
12 1 17 255 186 119
12 1 18 255 186 119
12 1 19 255 186 119
12 1 20 255 186 119
12 1 21 158 216 229
12 2 3 30 119 181
12 2 4 255 186 119
12 2 5 255 186 119
12 2 6 255 186 119
12 2 7 255 186 119
12 2 8 255 186 119
12 2 9 255 186 119
12 2 10 255 186 119
12 2 11 255 186 119
12 2 12 255 186 119
12 2 13 255 186 119
12 2 14 255 186 119
12 2 15 255 186 119
12 2 16 255 186 119
12 2 17 255 186 119
12 2 18 255 186 119
12 2 19 255 186 119
12 2 20 255 186 119
12 2 21 158 216 229
12 3 3 30 119 181
12 3 4 255 186 119
12 3 5 255 186 119
12 3 6 255 186 119
12 3 7 255 186 119
12 3 8 255 186 119
12 3 9 255 186 119
12 3 10 255 186 119
12 3 11 255 186 119
12 3 12 255 186 119
12 3 13 255 186 119
12 3 14 255 186 119
12 3 15 255 186 119
12 3 16 255 186 119
12 3 17 255 186 119
12 3 18 255 186 119
12 3 19 255 186 119
12 3 20 255 186 119
12 3 21 158 216 229
12 4 4 255 186 119
12 4 5 255 186 119
12 4 6 255 186 119
12 4 7 255 186 119
12 4 8 255 186 119
12 4 9 255 186 119
12 4 10 255 186 119
12 4 11 255 186 119
12 4 12 255 186 119
12 4 13 255 186 119
12 4 14 255 186 119
12 4 15 255 186 119
12 4 16 255 186 119
12 4 17 255 186 119
12 4 18 255 186 119
12 4 19 255 186 119
12 4 20 255 186 119
12 4 21 158 216 229
12 5 4 255 186 119
12 5 5 255 186 119
12 5 6 255 186 119
12 5 7 255 186 119
12 5 8 255 186 119
12 5 9 255 186 119
12 5 10 255 186 119
12 5 11 255 186 119
12 5 12 255 186 119
12 5 13 255 186 119
12 5 14 255 186 119
12 5 15 255 186 119
12 5 16 255 186 119
12 5 17 255 186 119
12 5 18 255 186 119
12 5 19 255 186 119
12 5 20 255 186 119
12 5 21 158 216 229
12 6 4 255 186 119
12 6 5 255 186 119
12 6 6 255 186 119
12 6 7 255 186 119
12 6 8 255 186 119
12 6 9 255 186 119
12 6 10 255 186 119
12 6 11 255 186 119
12 6 12 255 186 119
12 6 13 255 186 119
12 6 14 255 186 119
12 6 15 255 186 119
12 6 16 255 186 119
12 6 17 255 186 119
12 6 18 255 186 119
12 6 19 255 186 119
12 6 20 255 186 119
12 6 21 158 216 229
12 7 4 255 186 119
12 7 5 255 186 119
12 7 18 196 175 214
12 7 19 196 175 214
12 7 20 196 175 214
12 7 21 158 216 229
12 8 18 196 175 214
12 8 19 196 175 214
12 8 20 196 175 214
12 8 21 158 216 229
12 8 22 158 216 229
12 9 18 196 175 214
12 9 19 196 175 214
12 9 20 196 175 214
12 9 21 158 216 229
12 9 22 158 216 229
12 10 21 158 216 229
12 10 22 158 216 229
12 11 21 158 216 229
12 11 22 158 216 229
12 12 21 158 216 229
12 12 22 158 216 229
12 13 21 158 216 229
12 13 22 158 216 229
12 14 21 158 216 229
12 14 22 158 216 229
12 15 21 158 216 229
12 15 22 158 216 229
12 16 21 158 216 229
12 16 22 158 216 229
12 17 21 158 216 229
12 17 22 158 216 229
12 18 21 158 216 229
12 18 22 158 216 229
12 19 21 158 216 229
12 19 22 158 216 229
12 20 22 158 216 229
12 21 22 158 216 229
12 22 22 158 216 229
12 23 22 158 216 229
12 24 22 158 216 229
12 25 22 158 216 229
12 26 22 158 216 229
12 27 22 158 216 229
12 28 22 158 216 229
12 29 22 158 216 229
12 30 22 158 216 229
12 31 22 158 216 229
12 32 22 158 216 229
12 33 0 214 38 40
12 33 1 214 38 40
12 33 2 214 38 40
12 33 3 214 38 40
12 33 4 214 38 40
12 33 5 214 38 40
12 33 6 214 38 40
12 33 7 214 38 40
12 33 8 214 38 40
12 33 9 214 38 40
12 33 10 214 38 40
12 33 11 214 38 40
12 33 12 214 38 40
12 33 13 214 38 40
12 33 14 214 38 40
12 33 15 214 38 40
12 33 16 214 38 40
12 33 17 214 38 40
12 33 18 214 38 40
12 33 19 214 38 40
12 33 20 214 38 40
12 33 21 214 38 40
12 33 22 214 38 40
13 0 0 43 160 4
13 0 1 43 160 4
13 0 2 43 160 4
13 0 3 43 160 4
13 0 4 255 186 119
13 0 5 255 186 119
13 0 6 255 186 119
13 0 7 255 186 119
13 0 8 255 186 119
13 0 9 255 186 119
13 0 10 255 186 119
13 0 11 255 186 119
13 0 12 255 186 119
13 0 13 255 186 119
13 0 14 255 186 119
13 0 15 255 186 119
13 0 16 255 186 119
13 0 17 255 186 119
13 0 18 255 186 119
13 0 19 255 186 119
13 0 20 255 186 119
13 0 21 158 216 229
13 1 4 255 186 119
13 1 5 255 186 119
13 1 6 255 186 119
13 1 7 255 186 119
13 1 8 255 186 119
13 1 9 255 186 119
13 1 10 255 186 119
13 1 11 255 186 119
13 1 12 255 186 119
13 1 13 255 186 119
13 1 14 255 186 119
13 1 15 255 186 119
13 1 16 255 186 119
13 1 17 255 186 119
13 1 18 255 186 119
13 1 19 255 186 119
13 1 20 255 186 119
13 1 21 158 216 229
13 2 4 255 186 119
13 2 5 255 186 119
13 2 6 255 186 119
13 2 7 255 186 119
13 2 8 255 186 119
13 2 9 255 186 119
13 2 10 255 186 119
13 2 11 255 186 119
13 2 12 255 186 119
13 2 13 255 186 119
13 2 14 255 186 119
13 2 15 255 186 119
13 2 16 255 186 119
13 2 17 255 186 119
13 2 18 255 186 119
13 2 19 255 186 119
13 2 20 255 186 119
13 2 21 158 216 229
13 3 4 255 186 119
13 3 5 255 186 119
13 3 6 255 186 119
13 3 7 255 186 119
13 3 8 255 186 119
13 3 9 255 186 119
13 3 10 255 186 119
13 3 11 255 186 119
13 3 12 255 186 119
13 3 13 255 186 119
13 3 14 255 186 119
13 3 15 255 186 119
13 3 16 255 186 119
13 3 17 255 186 119
13 3 18 255 186 119
13 3 19 255 186 119
13 3 20 255 186 119
13 3 21 158 216 229
13 4 4 255 186 119
13 4 5 255 186 119
13 4 6 255 186 119
13 4 7 255 186 119
13 4 8 255 186 119
13 4 9 255 186 119
13 4 10 255 186 119
13 4 11 255 186 119
13 4 12 255 186 119
13 4 13 255 186 119
13 4 14 255 186 119
13 4 15 255 186 119
13 4 16 255 186 119
13 4 17 255 186 119
13 4 18 255 186 119
13 4 19 255 186 119
13 4 20 255 186 119
13 4 21 158 216 229
13 5 4 255 186 119
13 5 5 255 186 119
13 5 6 255 186 119
13 5 7 255 186 119
13 5 8 255 186 119
13 5 9 255 186 119
13 5 10 255 186 119
13 5 11 255 186 119
13 5 12 255 186 119
13 5 13 255 186 119
13 5 14 255 186 119
13 5 15 255 186 119
13 5 16 255 186 119
13 5 17 255 186 119
13 5 18 255 186 119
13 5 19 255 186 119
13 5 20 255 186 119
13 5 21 158 216 229
13 6 4 255 186 119
13 6 5 255 186 119
13 6 6 255 186 119
13 6 7 255 186 119
13 6 8 255 186 119
13 6 9 255 186 119
13 6 10 255 186 119
13 6 11 255 186 119
13 6 12 255 186 119
13 6 13 255 186 119
13 6 14 255 186 119
13 6 15 255 186 119
13 6 16 255 186 119
13 6 17 255 186 119
13 6 18 255 186 119
13 6 19 255 186 119
13 6 20 255 186 119
13 6 21 158 216 229
13 7 4 255 186 119
13 7 5 255 186 119
13 7 6 255 186 119
13 7 18 196 175 214
13 7 19 196 175 214
13 7 20 196 175 214
13 7 21 158 216 229
13 7 22 158 216 229
13 8 18 196 175 214
13 8 19 196 175 214
13 8 20 196 175 214
13 8 21 158 216 229
13 8 22 158 216 229
13 9 18 196 175 214
13 9 19 196 175 214
13 9 20 196 175 214
13 9 21 158 216 229
13 9 22 158 216 229
13 10 21 158 216 229
13 10 22 158 216 229
13 11 21 158 216 229
13 11 22 158 216 229
13 12 21 158 216 229
13 12 22 158 216 229
13 13 21 158 216 229
13 13 22 158 216 229
13 14 21 158 216 229
13 14 22 158 216 229
13 15 21 158 216 229
13 15 22 158 216 229
13 16 21 158 216 229
13 16 22 158 216 229
13 17 21 158 216 229
13 17 22 158 216 229
13 18 21 158 216 229
13 18 22 158 216 229
13 19 22 158 216 229
13 20 22 158 216 229
13 21 22 158 216 229
13 22 22 158 216 229
13 23 22 158 216 229
13 24 22 158 216 229
13 25 22 158 216 229
13 26 22 158 216 229
13 27 22 158 216 229
13 28 22 158 216 229
13 29 22 158 216 229
13 30 22 158 216 229
13 31 22 158 216 229
13 32 22 158 216 229
13 33 0 214 38 40
13 33 1 214 38 40
13 33 2 214 38 40
13 33 3 214 38 40
13 33 4 214 38 40
13 33 5 214 38 40
13 33 6 214 38 40
13 33 7 214 38 40
13 33 8 214 38 40
13 33 9 214 38 40
13 33 10 214 38 40
13 33 11 214 38 40
13 33 12 214 38 40
13 33 13 214 38 40
13 33 14 214 38 40
13 33 15 214 38 40
13 33 16 214 38 40
13 33 17 214 38 40
13 33 18 214 38 40
13 33 19 214 38 40
13 33 20 214 38 40
13 33 21 214 38 40
13 33 22 214 38 40
14 0 0 43 160 4
14 0 1 43 160 4
14 0 2 43 160 4
14 0 3 43 160 4
14 0 4 255 186 119
14 0 5 255 186 119
14 0 6 255 186 119
14 0 7 255 186 119
14 0 8 255 186 119
14 0 9 255 186 119
14 0 10 255 186 119
14 0 11 255 186 119
14 0 12 255 186 119
14 0 13 255 186 119
14 0 14 255 186 119
14 0 15 255 186 119
14 0 16 255 186 119
14 0 17 255 186 119
14 0 18 255 186 119
14 0 19 255 186 119
14 0 20 255 186 119
14 0 21 158 216 229
14 1 4 255 186 119
14 1 5 255 186 119
14 1 6 255 186 119
14 1 7 255 186 119
14 1 8 255 186 119
14 1 9 255 186 119
14 1 10 255 186 119
14 1 11 255 186 119
14 1 12 255 186 119
14 1 13 255 186 119
14 1 14 255 186 119
14 1 15 255 186 119
14 1 16 255 186 119
14 1 17 255 186 119
14 1 18 255 186 119
14 1 19 255 186 119
14 1 20 255 186 119
14 1 21 158 216 229
14 2 4 255 186 119
14 2 5 255 186 119
14 2 6 255 186 119
14 2 7 255 186 119
14 2 8 255 186 119
14 2 9 255 186 119
14 2 10 255 186 119
14 2 11 255 186 119
14 2 12 255 186 119
14 2 13 255 186 119
14 2 14 255 186 119
14 2 15 255 186 119
14 2 16 255 186 119
14 2 17 255 186 119
14 2 18 255 186 119
14 2 19 255 186 119
14 2 20 255 186 119
14 2 21 158 216 229
14 3 4 255 186 119
14 3 5 255 186 119
14 3 6 255 186 119
14 3 7 255 186 119
14 3 8 255 186 119
14 3 9 255 186 119
14 3 10 255 186 119
14 3 11 255 186 119
14 3 12 255 186 119
14 3 13 255 186 119
14 3 14 255 186 119
14 3 15 255 186 119
14 3 16 255 186 119
14 3 17 255 186 119
14 3 18 255 186 119
14 3 19 255 186 119
14 3 20 255 186 119
14 3 21 158 216 229
14 4 4 255 186 119
14 4 5 255 186 119
14 4 6 255 186 119
14 4 7 255 186 119
14 4 8 255 186 119
14 4 9 255 186 119
14 4 10 255 186 119
14 4 11 255 186 119
14 4 12 255 186 119
14 4 13 255 186 119
14 4 14 255 186 119
14 4 15 255 186 119
14 4 16 255 186 119
14 4 17 255 186 119
14 4 18 255 186 119
14 4 19 255 186 119
14 4 20 255 186 119
14 4 21 158 216 229
14 5 4 255 186 119
14 5 5 255 186 119
14 5 6 255 186 119
14 5 7 255 186 119
14 5 8 255 186 119
14 5 9 255 186 119
14 5 10 255 186 119
14 5 11 255 186 119
14 5 12 255 186 119
14 5 13 255 186 119
14 5 14 255 186 119
14 5 15 255 186 119
14 5 16 255 186 119
14 5 17 255 186 119
14 5 18 255 186 119
14 5 19 255 186 119
14 5 20 255 186 119
14 5 21 158 216 229
14 6 4 255 186 119
14 6 5 255 186 119
14 6 6 255 186 119
14 6 7 255 186 119
14 6 8 255 186 119
14 6 9 255 186 119
14 6 10 255 186 119
14 6 11 255 186 119
14 6 12 255 186 119
14 6 13 255 186 119
14 6 14 255 186 119
14 6 15 255 186 119
14 6 16 255 186 119
14 6 17 255 186 119
14 6 18 255 186 119
14 6 19 255 186 119
14 6 20 255 186 119
14 6 21 158 216 229
14 6 22 158 216 229
14 7 4 255 186 119
14 7 5 255 186 119
14 7 6 255 186 119
14 7 7 255 186 119
14 7 18 196 175 214
14 7 19 196 175 214
14 7 20 196 175 214
14 7 21 158 216 229
14 7 22 158 216 229
14 8 18 196 175 214
14 8 19 196 175 214
14 8 20 196 175 214
14 8 21 158 216 229
14 8 22 158 216 229
14 9 18 196 175 214
14 9 19 196 175 214
14 9 20 196 175 214
14 9 21 158 216 229
14 9 22 158 216 229
14 10 21 158 216 229
14 10 22 158 216 229
14 11 21 158 216 229
14 11 22 158 216 229
14 12 21 158 216 229
14 12 22 158 216 229
14 13 21 158 216 229
14 13 22 158 216 229
14 14 21 158 216 229
14 14 22 158 216 229
14 15 21 158 216 229
14 15 22 158 216 229
14 16 21 158 216 229
14 16 22 158 216 229
14 17 21 158 216 229
14 17 22 158 216 229
14 18 21 158 216 229
14 18 22 158 216 229
14 19 22 158 216 229
14 20 22 158 216 229
14 21 22 158 216 229
14 22 22 158 216 229
14 23 22 158 216 229
14 24 22 158 216 229
14 25 22 158 216 229
14 26 22 158 216 229
14 27 22 158 216 229
14 28 22 158 216 229
14 29 22 158 216 229
14 30 22 158 216 229
14 31 22 158 216 229
14 32 22 158 216 229
14 33 0 214 38 40
14 33 1 214 38 40
14 33 2 214 38 40
14 33 3 214 38 40
14 33 4 214 38 40
14 33 5 214 38 40
14 33 6 214 38 40
14 33 7 214 38 40
14 33 8 214 38 40
14 33 9 214 38 40
14 33 10 214 38 40
14 33 11 214 38 40
14 33 12 214 38 40
14 33 13 214 38 40
14 33 14 214 38 40
14 33 15 214 38 40
14 33 16 214 38 40
14 33 17 214 38 40
14 33 18 214 38 40
14 33 19 214 38 40
14 33 20 214 38 40
14 33 21 214 38 40
14 33 22 214 38 40
15 0 0 43 160 4
15 0 1 43 160 4
15 0 2 43 160 4
15 0 3 43 160 4
15 0 4 255 186 119
15 0 5 255 186 119
15 0 6 255 186 119
15 0 7 255 186 119
15 0 8 255 186 119
15 0 9 255 186 119
15 0 10 255 186 119
15 0 11 255 186 119
15 0 12 255 186 119
15 0 13 255 186 119
15 0 14 255 186 119
15 0 15 255 186 119
15 0 16 255 186 119
15 0 17 255 186 119
15 0 18 255 186 119
15 0 19 255 186 119
15 0 20 255 186 119
15 0 21 158 216 229
15 1 4 255 186 119
15 1 5 255 186 119
15 1 6 255 186 119
15 1 7 255 186 119
15 1 8 255 186 119
15 1 9 255 186 119
15 1 10 255 186 119
15 1 11 255 186 119
15 1 12 255 186 119
15 1 13 255 186 119
15 1 14 255 186 119
15 1 15 255 186 119
15 1 16 255 186 119
15 1 17 255 186 119
15 1 18 255 186 119
15 1 19 255 186 119
15 1 20 255 186 119
15 1 21 158 216 229
15 2 4 255 186 119
15 2 5 255 186 119
15 2 6 255 186 119
15 2 7 255 186 119
15 2 8 255 186 119
15 2 9 255 186 119
15 2 10 255 186 119
15 2 11 255 186 119
15 2 12 255 186 119
15 2 13 255 186 119
15 2 14 255 186 119
15 2 15 255 186 119
15 2 16 255 186 119
15 2 17 255 186 119
15 2 18 255 186 119
15 2 19 255 186 119
15 2 20 255 186 119
15 2 21 158 216 229
15 3 4 255 186 119
15 3 5 255 186 119
15 3 6 255 186 119
15 3 7 255 186 119
15 3 8 255 186 119
15 3 9 255 186 119
15 3 10 255 186 119
15 3 11 255 186 119
15 3 12 255 186 119
15 3 13 255 186 119
15 3 14 255 186 119
15 3 15 255 186 119
15 3 16 255 186 119
15 3 17 255 186 119
15 3 18 255 186 119
15 3 19 255 186 119
15 3 20 255 186 119
15 3 21 158 216 229
15 4 4 255 186 119
15 4 5 255 186 119
15 4 6 255 186 119
15 4 7 255 186 119
15 4 8 255 186 119
15 4 9 255 186 119
15 4 10 255 186 119
15 4 11 255 186 119
15 4 12 255 186 119
15 4 13 255 186 119
15 4 14 255 186 119
15 4 15 255 186 119
15 4 16 255 186 119
15 4 17 255 186 119
15 4 18 255 186 119
15 4 19 255 186 119
15 4 20 255 186 119
15 4 21 158 216 229
15 5 4 255 186 119
15 5 5 255 186 119
15 5 6 255 186 119
15 5 7 255 186 119
15 5 8 255 186 119
15 5 9 255 186 119
15 5 10 255 186 119
15 5 11 255 186 119
15 5 12 255 186 119
15 5 13 255 186 119
15 5 14 255 186 119
15 5 15 255 186 119
15 5 16 255 186 119
15 5 17 255 186 119
15 5 18 255 186 119
15 5 19 255 186 119
15 5 20 255 186 119
15 5 21 158 216 229
15 6 4 255 186 119
15 6 5 255 186 119
15 6 6 255 186 119
15 6 7 255 186 119
15 6 8 255 186 119
15 6 9 255 186 119
15 6 10 255 186 119
15 6 11 255 186 119
15 6 12 255 186 119
15 6 13 255 186 119
15 6 14 255 186 119
15 6 15 255 186 119
15 6 16 255 186 119
15 6 17 255 186 119
15 6 18 255 186 119
15 6 19 255 186 119
15 6 20 255 186 119
15 6 21 158 216 229
15 6 22 158 216 229
15 7 4 255 186 119
15 7 5 255 186 119
15 7 6 255 186 119
15 7 7 255 186 119
15 7 8 255 186 119
15 7 18 196 175 214
15 7 19 196 175 214
15 7 20 196 175 214
15 7 21 158 216 229
15 7 22 158 216 229
15 8 18 196 175 214
15 8 19 196 175 214
15 8 20 196 175 214
15 8 21 158 216 229
15 8 22 158 216 229
15 9 18 196 175 214
15 9 19 196 175 214
15 9 20 196 175 214
15 9 21 158 216 229
15 9 22 158 216 229
15 10 21 158 216 229
15 10 22 158 216 229
15 11 21 158 216 229
15 11 22 158 216 229
15 12 21 158 216 229
15 12 22 158 216 229
15 13 21 158 216 229
15 13 22 158 216 229
15 14 21 158 216 229
15 14 22 158 216 229
15 15 21 158 216 229
15 15 22 158 216 229
15 16 21 158 216 229
15 16 22 158 216 229
15 17 21 158 216 229
15 17 22 158 216 229
15 18 22 158 216 229
15 19 22 158 216 229
15 20 22 158 216 229
15 21 22 158 216 229
15 22 22 158 216 229
15 23 22 158 216 229
15 24 22 158 216 229
15 25 22 158 216 229
15 26 22 158 216 229
15 27 22 158 216 229
15 28 22 158 216 229
15 29 22 158 216 229
15 30 22 158 216 229
15 31 22 158 216 229
15 32 22 158 216 229
15 33 0 214 38 40
15 33 1 214 38 40
15 33 2 214 38 40
15 33 3 214 38 40
15 33 4 214 38 40
15 33 5 214 38 40
15 33 6 214 38 40
15 33 7 214 38 40
15 33 8 214 38 40
15 33 9 214 38 40
15 33 10 214 38 40
15 33 11 214 38 40
15 33 12 214 38 40
15 33 13 214 38 40
15 33 14 214 38 40
15 33 15 214 38 40
15 33 16 214 38 40
15 33 17 214 38 40
15 33 18 214 38 40
15 33 19 214 38 40
15 33 20 214 38 40
15 33 21 214 38 40
15 33 22 214 38 40
16 0 0 43 160 4
16 0 1 43 160 4
16 0 2 43 160 4
16 0 3 43 160 4
16 0 4 255 186 119
16 0 5 255 186 119
16 0 6 255 186 119
16 0 7 255 186 119
16 0 8 255 186 119
16 0 9 255 186 119
16 0 10 255 186 119
16 0 11 255 186 119
16 0 12 255 186 119
16 0 13 255 186 119
16 0 14 255 186 119
16 0 15 255 186 119
16 0 16 255 186 119
16 0 17 255 186 119
16 0 18 255 186 119
16 0 19 255 186 119
16 0 20 255 186 119
16 0 21 158 216 229
16 1 4 255 186 119
16 1 5 255 186 119
16 1 6 255 186 119
16 1 7 255 186 119
16 1 8 255 186 119
16 1 9 255 186 119
16 1 10 255 186 119
16 1 11 255 186 119
16 1 12 255 186 119
16 1 13 255 186 119
16 1 14 255 186 119
16 1 15 255 186 119
16 1 16 255 186 119
16 1 17 255 186 119
16 1 18 255 186 119
16 1 19 255 186 119
16 1 20 255 186 119
16 1 21 158 216 229
16 2 4 255 186 119
16 2 5 255 186 119
16 2 6 255 186 119
16 2 7 255 186 119
16 2 8 255 186 119
16 2 9 255 186 119
16 2 10 255 186 119
16 2 11 255 186 119
16 2 12 255 186 119
16 2 13 255 186 119
16 2 14 255 186 119
16 2 15 255 186 119
16 2 16 255 186 119
16 2 17 255 186 119
16 2 18 255 186 119
16 2 19 255 186 119
16 2 20 255 186 119
16 2 21 158 216 229
16 3 4 255 186 119
16 3 5 255 186 119
16 3 6 255 186 119
16 3 7 255 186 119
16 3 8 255 186 119
16 3 9 255 186 119
16 3 10 255 186 119
16 3 11 255 186 119
16 3 12 255 186 119
16 3 13 255 186 119
16 3 14 255 186 119
16 3 15 255 186 119
16 3 16 255 186 119
16 3 17 255 186 119
16 3 18 255 186 119
16 3 19 255 186 119
16 3 20 255 186 119
16 3 21 158 216 229
16 4 4 255 186 119
16 4 5 255 186 119
16 4 6 255 186 119
16 4 7 255 186 119
16 4 8 255 186 119
16 4 9 255 186 119
16 4 10 255 186 119
16 4 11 255 186 119
16 4 12 255 186 119
16 4 13 255 186 119
16 4 14 255 186 119
16 4 15 255 186 119
16 4 16 255 186 119
16 4 17 255 186 119
16 4 18 255 186 119
16 4 19 255 186 119
16 4 20 255 186 119
16 4 21 158 216 229
16 5 4 255 186 119
16 5 5 255 186 119
16 5 6 255 186 119
16 5 7 255 186 119
16 5 8 255 186 119
16 5 9 255 186 119
16 5 10 255 186 119
16 5 11 255 186 119
16 5 12 255 186 119
16 5 13 255 186 119
16 5 14 255 186 119
16 5 15 255 186 119
16 5 16 255 186 119
16 5 17 255 186 119
16 5 18 255 186 119
16 5 19 255 186 119
16 5 20 255 186 119
16 5 21 158 216 229
16 5 22 158 216 229
16 6 4 255 186 119
16 6 5 255 186 119
16 6 6 255 186 119
16 6 7 255 186 119
16 6 8 255 186 119
16 6 9 255 186 119
16 6 10 255 186 119
16 6 11 255 186 119
16 6 12 255 186 119
16 6 13 255 186 119
16 6 14 255 186 119
16 6 15 255 186 119
16 6 16 255 186 119
16 6 17 255 186 119
16 6 18 255 186 119
16 6 19 255 186 119
16 6 20 255 186 119
16 6 21 158 216 229
16 6 22 158 216 229
16 7 4 255 186 119
16 7 5 255 186 119
16 7 6 255 186 119
16 7 7 255 186 119
16 7 8 255 186 119
16 7 9 255 186 119
16 7 18 196 175 214
16 7 19 196 175 214
16 7 20 196 175 214
16 7 21 158 216 229
16 7 22 158 216 229
16 8 18 196 175 214
16 8 19 196 175 214
16 8 20 196 175 214
16 8 21 158 216 229
16 8 22 158 216 229
16 9 18 196 175 214
16 9 19 196 175 214
16 9 20 196 175 214
16 9 21 158 216 229
16 9 22 158 216 229
16 10 21 158 216 229
16 10 22 158 216 229
16 11 21 158 216 229
16 11 22 158 216 229
16 12 21 158 216 229
16 12 22 158 216 229
16 13 21 158 216 229
16 13 22 158 216 229
16 14 21 158 216 229
16 14 22 158 216 229
16 15 21 158 216 229
16 15 22 158 216 229
16 16 21 158 216 229
16 16 22 158 216 229
16 17 22 158 216 229
16 18 22 158 216 229
16 19 22 158 216 229
16 20 22 158 216 229
16 21 22 158 216 229
16 22 22 158 216 229
16 23 22 158 216 229
16 24 22 158 216 229
16 25 22 158 216 229
16 26 22 158 216 229
16 27 22 158 216 229
16 28 22 158 216 229
16 29 22 158 216 229
16 30 22 158 216 229
16 31 22 158 216 229
16 32 22 158 216 229
16 33 0 214 38 40
16 33 1 214 38 40
16 33 2 214 38 40
16 33 3 214 38 40
16 33 4 214 38 40
16 33 5 214 38 40
16 33 6 214 38 40
16 33 7 214 38 40
16 33 8 214 38 40
16 33 9 214 38 40
16 33 10 214 38 40
16 33 11 214 38 40
16 33 12 214 38 40
16 33 13 214 38 40
16 33 14 214 38 40
16 33 15 214 38 40
16 33 16 214 38 40
16 33 17 214 38 40
16 33 18 214 38 40
16 33 19 214 38 40
16 33 20 214 38 40
16 33 21 214 38 40
16 33 22 214 38 40
17 0 0 43 160 4
17 0 1 43 160 4
17 0 2 43 160 4
17 0 3 43 160 4
17 0 4 255 186 119
17 0 5 255 186 119
17 0 6 255 186 119
17 0 7 255 186 119
17 0 8 255 186 119
17 0 9 255 186 119
17 0 10 255 186 119
17 0 11 255 186 119
17 0 12 255 186 119
17 0 13 255 186 119
17 0 14 255 186 119
17 0 15 255 186 119
17 0 16 255 186 119
17 0 17 255 186 119
17 0 18 255 186 119
17 0 19 255 186 119
17 0 20 255 186 119
17 0 21 158 216 229
17 1 4 255 186 119
17 1 5 255 186 119
17 1 6 255 186 119
17 1 7 255 186 119
17 1 8 255 186 119
17 1 9 255 186 119
17 1 10 255 186 119
17 1 11 255 186 119
17 1 12 255 186 119
17 1 13 255 186 119
17 1 14 255 186 119
17 1 15 255 186 119
17 1 16 255 186 119
17 1 17 255 186 119
17 1 18 255 186 119
17 1 19 255 186 119
17 1 20 255 186 119
17 1 21 158 216 229
17 2 4 255 186 119
17 2 5 255 186 119
17 2 6 255 186 119
17 2 7 255 186 119
17 2 8 255 186 119
17 2 9 255 186 119
17 2 10 255 186 119
17 2 11 255 186 119
17 2 12 255 186 119
17 2 13 255 186 119
17 2 14 255 186 119
17 2 15 255 186 119
17 2 16 255 186 119
17 2 17 255 186 119
17 2 18 255 186 119
17 2 19 255 186 119
17 2 20 255 186 119
17 2 21 158 216 229
17 3 4 255 186 119
17 3 5 255 186 119
17 3 6 255 186 119
17 3 7 255 186 119
17 3 8 255 186 119
17 3 9 255 186 119
17 3 10 255 186 119
17 3 11 255 186 119
17 3 12 255 186 119
17 3 13 255 186 119
17 3 14 255 186 119
17 3 15 255 186 119
17 3 16 255 186 119
17 3 17 255 186 119
17 3 18 255 186 119
17 3 19 255 186 119
17 3 20 255 186 119
17 3 21 158 216 229
17 4 4 255 186 119
17 4 5 255 186 119
17 4 6 255 186 119
17 4 7 255 186 119
17 4 8 255 186 119
17 4 9 255 186 119
17 4 10 255 186 119
17 4 11 255 186 119
17 4 12 255 186 119
17 4 13 255 186 119
17 4 14 255 186 119
17 4 15 255 186 119
17 4 16 255 186 119
17 4 17 255 186 119
17 4 18 255 186 119
17 4 19 255 186 119
17 4 20 255 186 119
17 4 21 158 216 229
17 4 22 158 216 229
17 5 4 255 186 119
17 5 5 255 186 119
17 5 6 255 186 119
17 5 7 255 186 119
17 5 8 255 186 119
17 5 9 255 186 119
17 5 10 255 186 119
17 5 11 255 186 119
17 5 12 255 186 119
17 5 13 255 186 119
17 5 14 255 186 119
17 5 15 255 186 119
17 5 16 255 186 119
17 5 17 255 186 119
17 5 18 255 186 119
17 5 19 255 186 119
17 5 20 255 186 119
17 5 21 158 216 229
17 5 22 158 216 229
17 6 4 255 186 119
17 6 5 255 186 119
17 6 6 255 186 119
17 6 7 255 186 119
17 6 8 255 186 119
17 6 9 255 186 119
17 6 10 255 186 119
17 6 11 255 186 119
17 6 12 255 186 119
17 6 13 255 186 119
17 6 14 255 186 119
17 6 15 255 186 119
17 6 16 255 186 119
17 6 17 255 186 119
17 6 18 255 186 119
17 6 19 255 186 119
17 6 20 255 186 119
17 6 21 158 216 229
17 6 22 158 216 229
17 7 4 255 186 119
17 7 5 255 186 119
17 7 6 255 186 119
17 7 7 255 186 119
17 7 8 255 186 119
17 7 9 255 186 119
17 7 10 255 186 119
17 7 18 196 175 214
17 7 19 196 175 214
17 7 20 196 175 214
17 7 21 158 216 229
17 7 22 158 216 229
17 8 18 196 175 214
17 8 19 196 175 214
17 8 20 196 175 214
17 8 21 158 216 229
17 8 22 158 216 229
17 9 18 196 175 214
17 9 19 196 175 214
17 9 20 196 175 214
17 9 21 158 216 229
17 9 22 158 216 229
17 10 21 158 216 229
17 10 22 158 216 229
17 11 21 158 216 229
17 11 22 158 216 229
17 12 21 158 216 229
17 12 22 158 216 229
17 13 21 158 216 229
17 13 22 158 216 229
17 14 21 158 216 229
17 14 22 158 216 229
17 15 21 158 216 229
17 15 22 158 216 229
17 16 22 158 216 229
17 17 22 158 216 229
17 18 22 158 216 229
17 19 22 158 216 229
17 20 22 158 216 229
17 21 22 158 216 229
17 22 22 158 216 229
17 23 22 158 216 229
17 24 22 158 216 229
17 25 22 158 216 229
17 26 22 158 216 229
17 27 22 158 216 229
17 28 22 158 216 229
17 29 22 158 216 229
17 30 22 158 216 229
17 31 22 158 216 229
17 32 22 158 216 229
17 33 0 214 38 40
17 33 1 214 38 40
17 33 2 214 38 40
17 33 3 214 38 40
17 33 4 214 38 40
17 33 5 214 38 40
17 33 6 214 38 40
17 33 7 214 38 40
17 33 8 214 38 40
17 33 9 214 38 40
17 33 10 214 38 40
17 33 11 214 38 40
17 33 12 214 38 40
17 33 13 214 38 40
17 33 14 214 38 40
17 33 15 214 38 40
17 33 16 214 38 40
17 33 17 214 38 40
17 33 18 214 38 40
17 33 19 214 38 40
17 33 20 214 38 40
17 33 21 214 38 40
17 33 22 214 38 40
18 0 0 43 160 4
18 0 1 43 160 4
18 0 2 43 160 4
18 0 3 43 160 4
18 0 4 255 186 119
18 0 5 255 186 119
18 0 6 255 186 119
18 0 7 255 186 119
18 0 8 255 186 119
18 0 9 255 186 119
18 0 10 255 186 119
18 0 11 255 186 119
18 0 12 255 186 119
18 0 13 255 186 119
18 0 14 255 186 119
18 0 15 255 186 119
18 0 16 255 186 119
18 0 17 255 186 119
18 0 18 255 186 119
18 0 19 255 186 119
18 0 20 255 186 119
18 0 21 158 216 229
18 1 4 255 186 119
18 1 5 255 186 119
18 1 6 255 186 119
18 1 7 255 186 119
18 1 8 255 186 119
18 1 9 255 186 119
18 1 10 255 186 119
18 1 11 255 186 119
18 1 12 255 186 119
18 1 13 255 186 119
18 1 14 255 186 119
18 1 15 255 186 119
18 1 16 255 186 119
18 1 17 255 186 119
18 1 18 255 186 119
18 1 19 255 186 119
18 1 20 255 186 119
18 1 21 158 216 229
18 2 4 255 186 119
18 2 5 255 186 119
18 2 6 255 186 119
18 2 7 255 186 119
18 2 8 255 186 119
18 2 9 255 186 119
18 2 10 255 186 119
18 2 11 255 186 119
18 2 12 255 186 119
18 2 13 255 186 119
18 2 14 255 186 119
18 2 15 255 186 119
18 2 16 255 186 119
18 2 17 255 186 119
18 2 18 255 186 119
18 2 19 255 186 119
18 2 20 255 186 119
18 2 21 158 216 229
18 3 4 255 186 119
18 3 5 255 186 119
18 3 6 255 186 119
18 3 7 255 186 119
18 3 8 255 186 119
18 3 9 255 186 119
18 3 10 255 186 119
18 3 11 255 186 119
18 3 12 255 186 119
18 3 13 255 186 119
18 3 14 255 186 119
18 3 15 255 186 119
18 3 16 255 186 119
18 3 17 255 186 119
18 3 18 255 186 119
18 3 19 255 186 119
18 3 20 255 186 119
18 3 21 158 216 229
18 3 22 158 216 229
18 4 4 255 186 119
18 4 5 255 186 119
18 4 6 255 186 119
18 4 7 255 186 119
18 4 8 255 186 119
18 4 9 255 186 119
18 4 10 255 186 119
18 4 11 255 186 119
18 4 12 255 186 119
18 4 13 255 186 119
18 4 14 255 186 119
18 4 15 255 186 119
18 4 16 255 186 119
18 4 17 255 186 119
18 4 18 255 186 119
18 4 19 255 186 119
18 4 20 255 186 119
18 4 21 158 216 229
18 4 22 158 216 229
18 5 4 255 186 119
18 5 5 255 186 119
18 5 6 255 186 119
18 5 7 255 186 119
18 5 8 255 186 119
18 5 9 255 186 119
18 5 10 255 186 119
18 5 11 255 186 119
18 5 12 255 186 119
18 5 13 255 186 119
18 5 14 255 186 119
18 5 15 255 186 119
18 5 16 255 186 119
18 5 17 255 186 119
18 5 18 255 186 119
18 5 19 255 186 119
18 5 20 255 186 119
18 5 21 158 216 229
18 5 22 158 216 229
18 6 4 255 186 119
18 6 5 255 186 119
18 6 6 255 186 119
18 6 7 255 186 119
18 6 8 255 186 119
18 6 9 255 186 119
18 6 10 255 186 119
18 6 11 255 186 119
18 6 12 255 186 119
18 6 13 255 186 119
18 6 14 255 186 119
18 6 15 255 186 119
18 6 16 255 186 119
18 6 17 255 186 119
18 6 18 255 186 119
18 6 19 255 186 119
18 6 20 255 186 119
18 6 21 158 216 229
18 6 22 158 216 229
18 7 4 255 186 119
18 7 5 255 186 119
18 7 6 255 186 119
18 7 7 255 186 119
18 7 8 255 186 119
18 7 9 255 186 119
18 7 10 255 186 119
18 7 11 255 186 119
18 7 12 255 186 119
18 7 18 196 175 214
18 7 19 196 175 214
18 7 20 196 175 214
18 7 21 158 216 229
18 7 22 158 216 229
18 8 18 196 175 214
18 8 19 196 175 214
18 8 20 196 175 214
18 8 21 158 216 229
18 8 22 158 216 229
18 9 18 196 175 214
18 9 19 196 175 214
18 9 20 196 175 214
18 9 21 158 216 229
18 9 22 158 216 229
18 10 21 158 216 229
18 10 22 158 216 229
18 11 21 158 216 229
18 11 22 158 216 229
18 12 21 158 216 229
18 12 22 158 216 229
18 13 21 158 216 229
18 13 22 158 216 229
18 14 21 158 216 229
18 14 22 158 216 229
18 15 21 158 216 229
18 15 22 158 216 229
18 16 22 158 216 229
18 17 22 158 216 229
18 18 22 158 216 229
18 19 22 158 216 229
18 20 22 158 216 229
18 21 22 158 216 229
18 22 22 158 216 229
18 23 22 158 216 229
18 24 22 158 216 229
18 25 22 158 216 229
18 26 22 158 216 229
18 27 22 158 216 229
18 28 22 158 216 229
18 29 22 158 216 229
18 30 22 158 216 229
18 31 22 158 216 229
18 32 22 158 216 229
18 33 0 214 38 40
18 33 1 214 38 40
18 33 2 214 38 40
18 33 3 214 38 40
18 33 4 214 38 40
18 33 5 214 38 40
18 33 6 214 38 40
18 33 7 214 38 40
18 33 8 214 38 40
18 33 9 214 38 40
18 33 10 214 38 40
18 33 11 214 38 40
18 33 12 214 38 40
18 33 13 214 38 40
18 33 14 214 38 40
18 33 15 214 38 40
18 33 16 214 38 40
18 33 17 214 38 40
18 33 18 214 38 40
18 33 19 214 38 40
18 33 20 214 38 40
18 33 21 214 38 40
18 33 22 214 38 40
19 0 0 43 160 4
19 0 1 43 160 4
19 0 2 43 160 4
19 0 3 43 160 4
19 0 4 255 186 119
19 0 5 255 186 119
19 0 6 255 186 119
19 0 7 255 186 119
19 0 8 255 186 119
19 0 9 255 186 119
19 0 10 255 186 119
19 0 11 255 186 119
19 0 12 255 186 119
19 0 13 255 186 119
19 0 14 255 186 119
19 0 15 255 186 119
19 0 16 255 186 119
19 0 17 255 186 119
19 0 18 255 186 119
19 0 19 255 186 119
19 0 20 255 186 119
19 0 21 158 216 229
19 1 4 255 186 119
19 1 5 255 186 119
19 1 6 255 186 119
19 1 7 255 186 119
19 1 8 255 186 119
19 1 9 255 186 119
19 1 10 255 186 119
19 1 11 255 186 119
19 1 12 255 186 119
19 1 13 255 186 119
19 1 14 255 186 119
19 1 15 255 186 119
19 1 16 255 186 119
19 1 17 255 186 119
19 1 18 255 186 119
19 1 19 255 186 119
19 1 20 255 186 119
19 1 21 158 216 229
19 2 4 255 186 119
19 2 5 255 186 119
19 2 6 255 186 119
19 2 7 255 186 119
19 2 8 255 186 119
19 2 9 255 186 119
19 2 10 255 186 119
19 2 11 255 186 119
19 2 12 255 186 119
19 2 13 255 186 119
19 2 14 255 186 119
19 2 15 255 186 119
19 2 16 255 186 119
19 2 17 255 186 119
19 2 18 255 186 119
19 2 19 255 186 119
19 2 20 255 186 119
19 2 21 158 216 229
19 3 4 255 186 119
19 3 5 255 186 119
19 3 6 255 186 119
19 3 7 255 186 119
19 3 8 255 186 119
19 3 9 255 186 119
19 3 10 255 186 119
19 3 11 255 186 119
19 3 12 255 186 119
19 3 13 255 186 119
19 3 14 255 186 119
19 3 15 255 186 119
19 3 16 255 186 119
19 3 17 255 186 119
19 3 18 255 186 119
19 3 19 255 186 119
19 3 20 255 186 119
19 3 21 158 216 229
19 3 22 158 216 229
19 4 4 255 186 119
19 4 5 255 186 119
19 4 6 255 186 119
19 4 7 255 186 119
19 4 8 255 186 119
19 4 9 255 186 119
19 4 10 255 186 119
19 4 11 255 186 119
19 4 12 255 186 119
19 4 13 255 186 119
19 4 14 255 186 119
19 4 15 255 186 119
19 4 16 255 186 119
19 4 17 255 186 119
19 4 18 255 186 119
19 4 19 255 186 119
19 4 20 255 186 119
19 4 21 158 216 229
19 4 22 158 216 229
19 5 4 255 186 119
19 5 5 255 186 119
19 5 6 255 186 119
19 5 7 255 186 119
19 5 8 255 186 119
19 5 9 255 186 119
19 5 10 255 186 119
19 5 11 255 186 119
19 5 12 255 186 119
19 5 13 255 186 119
19 5 14 255 186 119
19 5 15 255 186 119
19 5 16 255 186 119
19 5 17 255 186 119
19 5 18 255 186 119
19 5 19 255 186 119
19 5 20 255 186 119
19 5 21 158 216 229
19 5 22 158 216 229
19 6 4 255 186 119
19 6 5 255 186 119
19 6 6 255 186 119
19 6 7 255 186 119
19 6 8 255 186 119
19 6 9 255 186 119
19 6 10 255 186 119
19 6 11 255 186 119
19 6 12 255 186 119
19 6 13 255 186 119
19 6 14 255 186 119
19 6 15 255 186 119
19 6 16 255 186 119
19 6 17 255 186 119
19 6 18 255 186 119
19 6 19 255 186 119
19 6 20 255 186 119
19 6 21 158 216 229
19 6 22 158 216 229
19 7 4 255 186 119
19 7 5 255 186 119
19 7 6 255 186 119
19 7 7 255 186 119
19 7 8 255 186 119
19 7 9 255 186 119
19 7 10 255 186 119
19 7 11 255 186 119
19 7 12 255 186 119
19 7 13 255 186 119
19 7 18 196 175 214
19 7 19 196 175 214
19 7 20 196 175 214
19 7 21 158 216 229
19 7 22 158 216 229
19 8 18 196 175 214
19 8 19 196 175 214
19 8 20 196 175 214
19 8 21 158 216 229
19 8 22 158 216 229
19 9 18 196 175 214
19 9 19 196 175 214
19 9 20 196 175 214
19 9 21 158 216 229
19 9 22 158 216 229
19 10 21 158 216 229
19 10 22 158 216 229
19 11 21 158 216 229
19 11 22 158 216 229
19 12 21 158 216 229
19 12 22 158 216 229
19 13 21 158 216 229
19 13 22 158 216 229
19 14 21 158 216 229
19 14 22 158 216 229
19 15 22 158 216 229
19 16 22 158 216 229
19 17 22 158 216 229
19 18 22 158 216 229
19 19 22 158 216 229
19 20 22 158 216 229
19 21 22 158 216 229
19 22 22 158 216 229
19 23 22 158 216 229
19 24 22 158 216 229
19 25 22 158 216 229
19 26 22 158 216 229
19 27 22 158 216 229
19 28 22 158 216 229
19 29 22 158 216 229
19 30 22 158 216 229
19 31 22 158 216 229
19 32 22 158 216 229
19 33 0 214 38 40
19 33 1 214 38 40
19 33 2 214 38 40
19 33 3 214 38 40
19 33 4 214 38 40
19 33 5 214 38 40
19 33 6 214 38 40
19 33 7 214 38 40
19 33 8 214 38 40
19 33 9 214 38 40
19 33 10 214 38 40
19 33 11 214 38 40
19 33 12 214 38 40
19 33 13 214 38 40
19 33 14 214 38 40
19 33 15 214 38 40
19 33 16 214 38 40
19 33 17 214 38 40
19 33 18 214 38 40
19 33 19 214 38 40
19 33 20 214 38 40
19 33 21 214 38 40
19 33 22 214 38 40
20 0 0 43 160 4
20 0 1 43 160 4
20 0 2 43 160 4
20 0 3 43 160 4
20 0 4 255 186 119
20 0 5 255 186 119
20 0 6 255 186 119
20 0 7 255 186 119
20 0 8 255 186 119
20 0 9 255 186 119
20 0 10 255 186 119
20 0 11 255 186 119
20 0 12 255 186 119
20 0 13 255 186 119
20 0 14 255 186 119
20 0 15 255 186 119
20 0 16 255 186 119
20 0 17 255 186 119
20 0 18 255 186 119
20 0 19 255 186 119
20 0 20 255 186 119
20 0 21 158 216 229
20 1 4 255 186 119
20 1 5 255 186 119
20 1 6 255 186 119
20 1 7 255 186 119
20 1 8 255 186 119
20 1 9 255 186 119
20 1 10 255 186 119
20 1 11 255 186 119
20 1 12 255 186 119
20 1 13 255 186 119
20 1 14 255 186 119
20 1 15 255 186 119
20 1 16 255 186 119
20 1 17 255 186 119
20 1 18 255 186 119
20 1 19 255 186 119
20 1 20 255 186 119
20 1 21 158 216 229
20 2 4 255 186 119
20 2 5 255 186 119
20 2 6 255 186 119
20 2 7 255 186 119
20 2 8 255 186 119
20 2 9 255 186 119
20 2 10 255 186 119
20 2 11 255 186 119
20 2 12 255 186 119
20 2 13 255 186 119
20 2 14 255 186 119
20 2 15 255 186 119
20 2 16 255 186 119
20 2 17 255 186 119
20 2 18 255 186 119
20 2 19 255 186 119
20 2 20 255 186 119
20 2 21 158 216 229
20 2 22 158 216 229
20 3 4 255 186 119
20 3 5 255 186 119
20 3 6 255 186 119
20 3 7 255 186 119
20 3 8 255 186 119
20 3 9 255 186 119
20 3 10 255 186 119
20 3 11 255 186 119
20 3 12 255 186 119
20 3 13 255 186 119
20 3 14 255 186 119
20 3 15 255 186 119
20 3 16 255 186 119
20 3 17 255 186 119
20 3 18 255 186 119
20 3 19 255 186 119
20 3 20 255 186 119
20 3 21 158 216 229
20 3 22 158 216 229
20 4 4 255 186 119
20 4 5 255 186 119
20 4 6 255 186 119
20 4 7 255 186 119
20 4 8 255 186 119
20 4 9 255 186 119
20 4 10 255 186 119
20 4 11 255 186 119
20 4 12 255 186 119
20 4 13 255 186 119
20 4 14 255 186 119
20 4 15 255 186 119
20 4 16 255 186 119
20 4 17 255 186 119
20 4 18 255 186 119
20 4 19 255 186 119
20 4 20 255 186 119
20 4 21 158 216 229
20 4 22 158 216 229
20 5 4 255 186 119
20 5 5 255 186 119
20 5 6 255 186 119
20 5 7 255 186 119
20 5 8 255 186 119
20 5 9 255 186 119
20 5 10 255 186 119
20 5 11 255 186 119
20 5 12 255 186 119
20 5 13 255 186 119
20 5 14 255 186 119
20 5 15 255 186 119
20 5 16 255 186 119
20 5 17 255 186 119
20 5 18 255 186 119
20 5 19 255 186 119
20 5 20 255 186 119
20 5 21 158 216 229
20 5 22 158 216 229
20 6 4 255 186 119
20 6 5 255 186 119
20 6 6 255 186 119
20 6 7 255 186 119
20 6 8 255 186 119
20 6 9 255 186 119
20 6 10 255 186 119
20 6 11 255 186 119
20 6 12 255 186 119
20 6 13 255 186 119
20 6 14 255 186 119
20 6 15 255 186 119
20 6 16 255 186 119
20 6 17 255 186 119
20 6 18 255 186 119
20 6 19 255 186 119
20 6 20 255 186 119
20 6 21 158 216 229
20 6 22 158 216 229
20 7 4 255 186 119
20 7 5 255 186 119
20 7 6 255 186 119
20 7 7 255 186 119
20 7 8 255 186 119
20 7 9 255 186 119
20 7 10 255 186 119
20 7 11 255 186 119
20 7 12 255 186 119
20 7 13 255 186 119
20 7 14 255 186 119
20 7 18 196 175 214
20 7 19 196 175 214
20 7 20 196 175 214
20 7 21 158 216 229
20 7 22 158 216 229
20 8 18 196 175 214
20 8 19 196 175 214
20 8 20 196 175 214
20 8 21 158 216 229
20 8 22 158 216 229
20 9 18 196 175 214
20 9 19 196 175 214
20 9 20 196 175 214
20 9 21 196 175 214
20 9 22 158 216 229
20 10 21 158 216 229
20 10 22 158 216 229
20 11 21 158 216 229
20 11 22 158 216 229
20 12 21 158 216 229
20 12 22 158 216 229
20 13 21 158 216 229
20 13 22 158 216 229
20 14 22 158 216 229
20 15 22 158 216 229
20 16 22 158 216 229
20 17 22 158 216 229
20 18 22 158 216 229
20 19 22 158 216 229
20 20 22 158 216 229
20 21 22 158 216 229
20 22 22 158 216 229
20 23 22 158 216 229
20 24 22 158 216 229
20 25 22 158 216 229
20 26 22 158 216 229
20 27 22 158 216 229
20 28 22 158 216 229
20 29 22 158 216 229
20 30 22 158 216 229
20 31 22 158 216 229
20 32 22 158 216 229
20 33 0 214 38 40
20 33 1 214 38 40
20 33 2 214 38 40
20 33 3 214 38 40
20 33 4 214 38 40
20 33 5 214 38 40
20 33 6 214 38 40
20 33 7 214 38 40
20 33 8 214 38 40
20 33 9 214 38 40
20 33 10 214 38 40
20 33 11 214 38 40
20 33 12 214 38 40
20 33 13 214 38 40
20 33 14 214 38 40
20 33 15 214 38 40
20 33 16 214 38 40
20 33 17 214 38 40
20 33 18 214 38 40
20 33 19 214 38 40
20 33 20 214 38 40
20 33 21 214 38 40
20 33 22 158 216 229
21 0 0 43 160 4
21 0 1 43 160 4
21 0 2 43 160 4
21 0 3 43 160 4
21 0 4 255 186 119
21 0 5 255 186 119
21 0 6 255 186 119
21 0 7 255 186 119
21 0 8 255 186 119
21 0 9 255 186 119
21 0 10 255 186 119
21 0 11 255 186 119
21 0 12 255 186 119
21 0 13 255 186 119
21 0 14 255 186 119
21 0 15 255 186 119
21 0 16 255 186 119
21 0 17 255 186 119
21 0 18 255 186 119
21 0 19 255 186 119
21 0 20 255 186 119
21 0 21 158 216 229
21 1 4 255 186 119
21 1 5 255 186 119
21 1 6 255 186 119
21 1 7 255 186 119
21 1 8 255 186 119
21 1 9 255 186 119
21 1 10 255 186 119
21 1 11 255 186 119
21 1 12 255 186 119
21 1 13 255 186 119
21 1 14 255 186 119
21 1 15 255 186 119
21 1 16 255 186 119
21 1 17 255 186 119
21 1 18 255 186 119
21 1 19 255 186 119
21 1 20 255 186 119
21 1 21 158 216 229
21 1 22 158 216 229
21 2 4 255 186 119
21 2 5 255 186 119
21 2 6 255 186 119
21 2 7 255 186 119
21 2 8 255 186 119
21 2 9 255 186 119
21 2 10 255 186 119
21 2 11 255 186 119
21 2 12 255 186 119
21 2 13 255 186 119
21 2 14 255 186 119
21 2 15 255 186 119
21 2 16 255 186 119
21 2 17 255 186 119
21 2 18 255 186 119
21 2 19 255 186 119
21 2 20 255 186 119
21 2 21 158 216 229
21 2 22 158 216 229
21 3 4 255 186 119
21 3 5 255 186 119
21 3 6 255 186 119
21 3 7 255 186 119
21 3 8 255 186 119
21 3 9 255 186 119
21 3 10 255 186 119
21 3 11 255 186 119
21 3 12 255 186 119
21 3 13 255 186 119
21 3 14 255 186 119
21 3 15 255 186 119
21 3 16 255 186 119
21 3 17 255 186 119
21 3 18 255 186 119
21 3 19 255 186 119
21 3 20 255 186 119
21 3 21 158 216 229
21 3 22 158 216 229
21 4 4 255 186 119
21 4 5 255 186 119
21 4 6 255 186 119
21 4 7 255 186 119
21 4 8 255 186 119
21 4 9 255 186 119
21 4 10 255 186 119
21 4 11 255 186 119
21 4 12 255 186 119
21 4 13 255 186 119
21 4 14 255 186 119
21 4 15 255 186 119
21 4 16 255 186 119
21 4 17 255 186 119
21 4 18 255 186 119
21 4 19 255 186 119
21 4 20 255 186 119
21 4 21 158 216 229
21 4 22 158 216 229
21 5 4 255 186 119
21 5 5 255 186 119
21 5 6 255 186 119
21 5 7 255 186 119
21 5 8 255 186 119
21 5 9 255 186 119
21 5 10 255 186 119
21 5 11 255 186 119
21 5 12 255 186 119
21 5 13 255 186 119
21 5 14 255 186 119
21 5 15 255 186 119
21 5 16 255 186 119
21 5 17 255 186 119
21 5 18 255 186 119
21 5 19 255 186 119
21 5 20 255 186 119
21 5 21 158 216 229
21 5 22 158 216 229
21 6 4 255 186 119
21 6 5 255 186 119
21 6 6 255 186 119
21 6 7 255 186 119
21 6 8 255 186 119
21 6 9 255 186 119
21 6 10 255 186 119
21 6 11 255 186 119
21 6 12 255 186 119
21 6 13 255 186 119
21 6 14 255 186 119
21 6 15 255 186 119
21 6 16 255 186 119
21 6 17 255 186 119
21 6 18 255 186 119
21 6 19 255 186 119
21 6 20 255 186 119
21 6 21 158 216 229
21 6 22 158 216 229
21 7 4 255 186 119
21 7 5 255 186 119
21 7 6 255 186 119
21 7 7 255 186 119
21 7 8 255 186 119
21 7 9 255 186 119
21 7 10 255 186 119
21 7 11 255 186 119
21 7 12 255 186 119
21 7 13 255 186 119
21 7 14 255 186 119
21 7 15 255 186 119
21 7 18 196 175 214
21 7 19 196 175 214
21 7 20 196 175 214
21 7 21 158 216 229
21 7 22 158 216 229
21 8 18 196 175 214
21 8 19 196 175 214
21 8 20 196 175 214
21 8 21 196 175 214
21 8 22 158 216 229
21 9 19 196 175 214
21 9 20 196 175 214
21 9 21 196 175 214
21 9 22 158 216 229
21 10 21 158 216 229
21 10 22 158 216 229
21 11 21 158 216 229
21 11 22 158 216 229
21 12 21 158 216 229
21 12 22 158 216 229
21 13 22 158 216 229
21 14 22 158 216 229
21 15 22 158 216 229
21 16 22 158 216 229
21 17 22 158 216 229
21 18 22 158 216 229
21 19 22 158 216 229
21 20 22 158 216 229
21 21 22 158 216 229
21 22 22 158 216 229
21 23 22 158 216 229
21 24 22 158 216 229
21 25 22 158 216 229
21 26 22 158 216 229
21 27 22 158 216 229
21 28 22 158 216 229
21 29 22 158 216 229
21 30 22 158 216 229
21 31 22 158 216 229
21 32 22 158 216 229
21 33 0 214 38 40
21 33 1 214 38 40
21 33 2 214 38 40
21 33 3 214 38 40
21 33 4 214 38 40
21 33 5 214 38 40
21 33 6 214 38 40
21 33 7 214 38 40
21 33 8 214 38 40
21 33 9 214 38 40
21 33 10 214 38 40
21 33 11 214 38 40
21 33 12 214 38 40
21 33 13 214 38 40
21 33 14 214 38 40
21 33 15 214 38 40
21 33 16 214 38 40
21 33 17 214 38 40
21 33 18 214 38 40
21 33 19 214 38 40
21 33 20 214 38 40
21 33 21 214 38 40
21 33 22 158 216 229
21 34 0 214 38 40
22 0 0 43 160 4
22 0 1 43 160 4
22 0 2 43 160 4
22 0 3 43 160 4
22 0 4 255 186 119
22 0 5 255 186 119
22 0 6 255 186 119
22 0 7 255 186 119
22 0 8 255 186 119
22 0 9 255 186 119
22 0 10 255 186 119
22 0 11 255 186 119
22 0 12 255 186 119
22 0 13 255 186 119
22 0 14 255 186 119
22 0 15 255 186 119
22 0 16 255 186 119
22 0 17 255 186 119
22 0 18 255 186 119
22 0 19 255 186 119
22 0 20 255 186 119
22 0 21 43 160 4
22 0 22 158 216 229
22 1 4 255 186 119
22 1 5 255 186 119
22 1 6 255 186 119
22 1 7 255 186 119
22 1 8 255 186 119
22 1 9 255 186 119
22 1 10 255 186 119
22 1 11 255 186 119
22 1 12 255 186 119
22 1 13 255 186 119
22 1 14 255 186 119
22 1 15 255 186 119
22 1 16 255 186 119
22 1 17 255 186 119
22 1 18 255 186 119
22 1 19 255 186 119
22 1 20 255 186 119
22 1 21 158 216 229
22 1 22 158 216 229
22 2 4 255 186 119
22 2 5 255 186 119
22 2 6 255 186 119
22 2 7 255 186 119
22 2 8 255 186 119
22 2 9 255 186 119
22 2 10 255 186 119
22 2 11 255 186 119
22 2 12 255 186 119
22 2 13 255 186 119
22 2 14 255 186 119
22 2 15 255 186 119
22 2 16 255 186 119
22 2 17 255 186 119
22 2 18 255 186 119
22 2 19 255 186 119
22 2 20 255 186 119
22 2 21 158 216 229
22 2 22 158 216 229
22 3 4 255 186 119
22 3 5 255 186 119
22 3 6 255 186 119
22 3 7 255 186 119
22 3 8 255 186 119
22 3 9 255 186 119
22 3 10 255 186 119
22 3 11 255 186 119
22 3 12 255 186 119
22 3 13 255 186 119
22 3 14 255 186 119
22 3 15 255 186 119
22 3 16 255 186 119
22 3 17 255 186 119
22 3 18 255 186 119
22 3 19 255 186 119
22 3 20 255 186 119
22 3 21 158 216 229
22 3 22 158 216 229
22 4 4 255 186 119
22 4 5 255 186 119
22 4 6 255 186 119
22 4 7 255 186 119
22 4 8 255 186 119
22 4 9 255 186 119
22 4 10 255 186 119
22 4 11 255 186 119
22 4 12 255 186 119
22 4 13 255 186 119
22 4 14 255 186 119
22 4 15 255 186 119
22 4 16 255 186 119
22 4 17 255 186 119
22 4 18 255 186 119
22 4 19 255 186 119
22 4 20 255 186 119
22 4 21 158 216 229
22 4 22 158 216 229
22 5 4 255 186 119
22 5 5 255 186 119
22 5 6 255 186 119
22 5 7 255 186 119
22 5 8 255 186 119
22 5 9 255 186 119
22 5 10 255 186 119
22 5 11 255 186 119
22 5 12 255 186 119
22 5 13 255 186 119
22 5 14 255 186 119
22 5 15 255 186 119
22 5 16 255 186 119
22 5 17 255 186 119
22 5 18 255 186 119
22 5 19 255 186 119
22 5 20 255 186 119
22 5 21 158 216 229
22 5 22 158 216 229
22 6 4 255 186 119
22 6 5 255 186 119
22 6 6 255 186 119
22 6 7 255 186 119
22 6 8 255 186 119
22 6 9 255 186 119
22 6 10 255 186 119
22 6 11 255 186 119
22 6 12 255 186 119
22 6 13 255 186 119
22 6 14 255 186 119
22 6 15 255 186 119
22 6 16 255 186 119
22 6 17 255 186 119
22 6 18 255 186 119
22 6 19 255 186 119
22 6 20 255 186 119
22 6 21 255 186 119
22 6 22 158 216 229
22 7 4 255 186 119
22 7 5 255 186 119
22 7 6 255 186 119
22 7 7 255 186 119
22 7 8 255 186 119
22 7 9 255 186 119
22 7 10 255 186 119
22 7 11 255 186 119
22 7 12 255 186 119
22 7 13 255 186 119
22 7 14 255 186 119
22 7 15 255 186 119
22 7 16 255 186 119
22 7 18 196 175 214
22 7 19 196 175 214
22 7 20 196 175 214
22 7 21 158 216 229
22 7 22 158 216 229
22 8 18 196 175 214
22 8 19 196 175 214
22 8 20 196 175 214
22 8 21 196 175 214
22 8 22 158 216 229
22 9 19 196 175 214
22 9 20 196 175 214
22 9 21 196 175 214
22 9 22 158 216 229
22 10 21 158 216 229
22 10 22 158 216 229
22 11 21 158 216 229
22 11 22 158 216 229
22 12 22 158 216 229
22 13 22 158 216 229
22 14 22 158 216 229
22 15 22 158 216 229
22 16 22 158 216 229
22 17 22 158 216 229
22 18 22 158 216 229
22 19 22 158 216 229
22 20 22 158 216 229
22 21 22 158 216 229
22 22 22 158 216 229
22 23 22 158 216 229
22 24 22 158 216 229
22 25 22 158 216 229
22 26 22 158 216 229
22 27 22 158 216 229
22 28 22 158 216 229
22 29 22 158 216 229
22 30 22 158 216 229
22 31 22 158 216 229
22 32 22 158 216 229
22 33 0 214 38 40
22 33 1 214 38 40
22 33 2 214 38 40
22 33 3 214 38 40
22 33 4 214 38 40
22 33 5 214 38 40
22 33 6 214 38 40
22 33 7 214 38 40
22 33 8 214 38 40
22 33 9 214 38 40
22 33 10 214 38 40
22 33 11 214 38 40
22 33 12 214 38 40
22 33 13 214 38 40
22 33 14 214 38 40
22 33 15 214 38 40
22 33 16 214 38 40
22 33 17 214 38 40
22 33 18 214 38 40
22 33 19 214 38 40
22 33 20 214 38 40
22 33 21 214 38 40
22 33 22 158 216 229
22 34 0 214 38 40
22 34 1 214 38 40
23 0 0 43 160 4
23 0 1 43 160 4
23 0 2 43 160 4
23 0 3 43 160 4
23 0 4 43 160 4
23 0 5 255 186 119
23 0 6 255 186 119
23 0 7 255 186 119
23 0 8 255 186 119
23 0 9 255 186 119
23 0 10 255 186 119
23 0 11 255 186 119
23 0 12 255 186 119
23 0 13 255 186 119
23 0 14 255 186 119
23 0 15 255 186 119
23 0 16 255 186 119
23 0 17 255 186 119
23 0 18 255 186 119
23 0 19 255 186 119
23 0 20 255 186 119
23 0 21 43 160 4
23 0 22 158 216 229
23 1 4 255 186 119
23 1 5 255 186 119
23 1 6 255 186 119
23 1 7 255 186 119
23 1 8 255 186 119
23 1 9 255 186 119
23 1 10 255 186 119
23 1 11 255 186 119
23 1 12 255 186 119
23 1 13 255 186 119
23 1 14 255 186 119
23 1 15 255 186 119
23 1 16 255 186 119
23 1 17 255 186 119
23 1 18 255 186 119
23 1 19 255 186 119
23 1 20 255 186 119
23 1 21 158 216 229
23 1 22 158 216 229
23 2 4 255 186 119
23 2 5 255 186 119
23 2 6 255 186 119
23 2 7 255 186 119
23 2 8 255 186 119
23 2 9 255 186 119
23 2 10 255 186 119
23 2 11 255 186 119
23 2 12 255 186 119
23 2 13 255 186 119
23 2 14 255 186 119
23 2 15 255 186 119
23 2 16 255 186 119
23 2 17 255 186 119
23 2 18 255 186 119
23 2 19 255 186 119
23 2 20 255 186 119
23 2 21 158 216 229
23 2 22 158 216 229
23 3 4 255 186 119
23 3 5 255 186 119
23 3 6 255 186 119
23 3 7 255 186 119
23 3 8 255 186 119
23 3 9 255 186 119
23 3 10 255 186 119
23 3 11 255 186 119
23 3 12 255 186 119
23 3 13 255 186 119
23 3 14 255 186 119
23 3 15 255 186 119
23 3 16 255 186 119
23 3 17 255 186 119
23 3 18 255 186 119
23 3 19 255 186 119
23 3 20 255 186 119
23 3 21 158 216 229
23 3 22 158 216 229
23 4 4 255 186 119
23 4 5 255 186 119
23 4 6 255 186 119
23 4 7 255 186 119
23 4 8 255 186 119
23 4 9 255 186 119
23 4 10 255 186 119
23 4 11 255 186 119
23 4 12 255 186 119
23 4 13 255 186 119
23 4 14 255 186 119
23 4 15 255 186 119
23 4 16 255 186 119
23 4 17 255 186 119
23 4 18 255 186 119
23 4 19 255 186 119
23 4 20 255 186 119
23 4 21 158 216 229
23 4 22 158 216 229
23 5 4 255 186 119
23 5 5 255 186 119
23 5 6 255 186 119
23 5 7 255 186 119
23 5 8 255 186 119
23 5 9 255 186 119
23 5 10 255 186 119
23 5 11 255 186 119
23 5 12 255 186 119
23 5 13 255 186 119
23 5 14 255 186 119
23 5 15 255 186 119
23 5 16 255 186 119
23 5 17 255 186 119
23 5 18 255 186 119
23 5 19 255 186 119
23 5 20 255 186 119
23 5 21 158 216 229
23 5 22 158 216 229
23 6 4 255 186 119
23 6 5 255 186 119
23 6 6 255 186 119
23 6 7 255 186 119
23 6 8 255 186 119
23 6 9 255 186 119
23 6 10 255 186 119
23 6 11 255 186 119
23 6 12 255 186 119
23 6 13 255 186 119
23 6 14 255 186 119
23 6 15 255 186 119
23 6 16 255 186 119
23 6 17 255 186 119
23 6 18 255 186 119
23 6 19 255 186 119
23 6 20 255 186 119
23 6 21 255 186 119
23 6 22 158 216 229
23 7 4 255 186 119
23 7 5 255 186 119
23 7 6 255 186 119
23 7 7 255 186 119
23 7 8 255 186 119
23 7 9 255 186 119
23 7 10 255 186 119
23 7 11 255 186 119
23 7 12 255 186 119
23 7 13 255 186 119
23 7 14 255 186 119
23 7 15 255 186 119
23 7 16 255 186 119
23 7 17 255 186 119
23 7 18 255 186 119
23 7 19 196 175 214
23 7 20 196 175 214
23 7 21 158 216 229
23 7 22 158 216 229
23 8 19 196 175 214
23 8 20 196 175 214
23 8 21 196 175 214
23 8 22 158 216 229
23 9 19 196 175 214
23 9 20 196 175 214
23 9 21 196 175 214
23 9 22 158 216 229
23 10 21 158 216 229
23 10 22 158 216 229
23 11 21 158 216 229
23 11 22 158 216 229
23 12 22 158 216 229
23 13 22 158 216 229
23 14 22 158 216 229
23 15 22 158 216 229
23 16 22 158 216 229
23 17 22 158 216 229
23 18 22 158 216 229
23 19 22 158 216 229
23 20 22 158 216 229
23 21 22 158 216 229
23 22 22 158 216 229
23 23 22 158 216 229
23 24 22 158 216 229
23 25 22 158 216 229
23 26 22 158 216 229
23 27 22 158 216 229
23 28 22 158 216 229
23 29 22 158 216 229
23 30 22 158 216 229
23 31 22 158 216 229
23 32 22 158 216 229
23 33 0 214 38 40
23 33 1 214 38 40
23 33 2 214 38 40
23 33 3 214 38 40
23 33 4 214 38 40
23 33 5 214 38 40
23 33 6 214 38 40
23 33 7 214 38 40
23 33 8 214 38 40
23 33 9 214 38 40
23 33 10 214 38 40
23 33 11 214 38 40
23 33 12 214 38 40
23 33 13 214 38 40
23 33 14 214 38 40
23 33 15 214 38 40
23 33 16 214 38 40
23 33 17 214 38 40
23 33 18 214 38 40
23 33 19 214 38 40
23 33 20 214 38 40
23 33 21 214 38 40
23 33 22 158 216 229
23 34 0 214 38 40
23 34 1 214 38 40
23 34 2 214 38 40
23 34 3 214 38 40
24 0 0 43 160 4
24 0 1 43 160 4
24 0 2 43 160 4
24 0 3 43 160 4
24 0 4 43 160 4
24 0 5 255 186 119
24 0 6 255 186 119
24 0 7 255 186 119
24 0 8 255 186 119
24 0 9 255 186 119
24 0 10 255 186 119
24 0 11 255 186 119
24 0 12 255 186 119
24 0 13 255 186 119
24 0 14 255 186 119
24 0 15 255 186 119
24 0 16 255 186 119
24 0 17 255 186 119
24 0 18 255 186 119
24 0 19 255 186 119
24 0 20 255 186 119
24 0 21 43 160 4
24 0 22 158 216 229
24 1 4 255 186 119
24 1 5 255 186 119
24 1 6 255 186 119
24 1 7 255 186 119
24 1 8 255 186 119
24 1 9 255 186 119
24 1 10 255 186 119
24 1 11 255 186 119
24 1 12 255 186 119
24 1 13 255 186 119
24 1 14 255 186 119
24 1 15 255 186 119
24 1 16 255 186 119
24 1 17 255 186 119
24 1 18 255 186 119
24 1 19 255 186 119
24 1 20 255 186 119
24 1 21 158 216 229
24 1 22 158 216 229
24 2 4 255 186 119
24 2 5 255 186 119
24 2 6 255 186 119
24 2 7 255 186 119
24 2 8 255 186 119
24 2 9 255 186 119
24 2 10 255 186 119
24 2 11 255 186 119
24 2 12 255 186 119
24 2 13 255 186 119
24 2 14 255 186 119
24 2 15 255 186 119
24 2 16 255 186 119
24 2 17 255 186 119
24 2 18 255 186 119
24 2 19 255 186 119
24 2 20 255 186 119
24 2 21 158 216 229
24 2 22 158 216 229
24 3 4 255 186 119
24 3 5 255 186 119
24 3 6 255 186 119
24 3 7 255 186 119
24 3 8 255 186 119
24 3 9 255 186 119
24 3 10 255 186 119
24 3 11 255 186 119
24 3 12 255 186 119
24 3 13 255 186 119
24 3 14 255 186 119
24 3 15 255 186 119
24 3 16 255 186 119
24 3 17 255 186 119
24 3 18 255 186 119
24 3 19 255 186 119
24 3 20 255 186 119
24 3 21 158 216 229
24 3 22 158 216 229
24 4 4 255 186 119
24 4 5 255 186 119
24 4 6 255 186 119
24 4 7 255 186 119
24 4 8 255 186 119
24 4 9 255 186 119
24 4 10 255 186 119
24 4 11 255 186 119
24 4 12 255 186 119
24 4 13 255 186 119
24 4 14 255 186 119
24 4 15 255 186 119
24 4 16 255 186 119
24 4 17 255 186 119
24 4 18 255 186 119
24 4 19 255 186 119
24 4 20 255 186 119
24 4 21 158 216 229
24 4 22 158 216 229
24 5 4 255 186 119
24 5 5 255 186 119
24 5 6 255 186 119
24 5 7 255 186 119
24 5 8 255 186 119
24 5 9 255 186 119
24 5 10 255 186 119
24 5 11 255 186 119
24 5 12 255 186 119
24 5 13 255 186 119
24 5 14 255 186 119
24 5 15 255 186 119
24 5 16 255 186 119
24 5 17 255 186 119
24 5 18 255 186 119
24 5 19 255 186 119
24 5 20 255 186 119
24 5 21 255 186 119
24 5 22 158 216 229
24 6 4 255 186 119
24 6 5 255 186 119
24 6 6 255 186 119
24 6 7 255 186 119
24 6 8 255 186 119
24 6 9 255 186 119
24 6 10 255 186 119
24 6 11 255 186 119
24 6 12 255 186 119
24 6 13 255 186 119
24 6 14 255 186 119
24 6 15 255 186 119
24 6 16 255 186 119
24 6 17 255 186 119
24 6 18 255 186 119
24 6 19 255 186 119
24 6 20 255 186 119
24 6 21 255 186 119
24 6 22 158 216 229
24 7 4 255 186 119
24 7 5 255 186 119
24 7 6 255 186 119
24 7 7 255 186 119
24 7 8 255 186 119
24 7 9 255 186 119
24 7 10 255 186 119
24 7 11 255 186 119
24 7 12 255 186 119
24 7 13 255 186 119
24 7 14 255 186 119
24 7 15 255 186 119
24 7 16 255 186 119
24 7 17 255 186 119
24 7 18 255 186 119
24 7 19 255 186 119
24 7 21 158 216 229
24 7 22 158 216 229
24 8 21 158 216 229
24 8 22 158 216 229
24 9 21 158 216 229
24 9 22 158 216 229
24 10 21 158 216 229
24 10 22 158 216 229
24 11 22 158 216 229
24 12 22 158 216 229
24 13 22 158 216 229
24 14 22 158 216 229
24 15 22 158 216 229
24 16 22 158 216 229
24 17 22 158 216 229
24 18 22 158 216 229
24 19 22 158 216 229
24 20 22 158 216 229
24 21 22 158 216 229
24 22 22 158 216 229
24 23 22 158 216 229
24 24 22 158 216 229
24 25 22 158 216 229
24 26 22 158 216 229
24 27 22 158 216 229
24 28 22 158 216 229
24 29 22 158 216 229
24 30 22 158 216 229
24 31 22 158 216 229
24 32 22 158 216 229
24 33 0 214 38 40
24 33 1 214 38 40
24 33 2 214 38 40
24 33 3 214 38 40
24 33 4 214 38 40
24 33 5 214 38 40
24 33 6 214 38 40
24 33 7 214 38 40
24 33 8 214 38 40
24 33 9 214 38 40
24 33 10 214 38 40
24 33 11 214 38 40
24 33 12 214 38 40
24 33 13 214 38 40
24 33 14 214 38 40
24 33 15 214 38 40
24 33 16 214 38 40
24 33 17 214 38 40
24 33 18 214 38 40
24 33 19 214 38 40
24 33 20 214 38 40
24 33 21 214 38 40
24 33 22 158 216 229
24 34 0 214 38 40
24 34 1 214 38 40
24 34 2 214 38 40
24 34 3 214 38 40
24 34 4 214 38 40
25 0 0 43 160 4
25 0 1 43 160 4
25 0 2 43 160 4
25 0 3 43 160 4
25 0 4 43 160 4
25 0 5 255 186 119
25 0 6 255 186 119
25 0 7 255 186 119
25 0 8 255 186 119
25 0 9 255 186 119
25 0 10 255 186 119
25 0 11 255 186 119
25 0 12 255 186 119
25 0 13 255 186 119
25 0 14 255 186 119
25 0 15 255 186 119
25 0 16 255 186 119
25 0 17 255 186 119
25 0 18 255 186 119
25 0 19 255 186 119
25 0 20 255 186 119
25 0 21 43 160 4
25 0 22 158 216 229
25 1 4 255 186 119
25 1 5 255 186 119
25 1 6 255 186 119
25 1 7 255 186 119
25 1 8 255 186 119
25 1 9 255 186 119
25 1 10 255 186 119
25 1 11 255 186 119
25 1 12 255 186 119
25 1 13 255 186 119
25 1 14 255 186 119
25 1 15 255 186 119
25 1 16 255 186 119
25 1 17 255 186 119
25 1 18 255 186 119
25 1 19 255 186 119
25 1 20 255 186 119
25 1 21 158 216 229
25 1 22 158 216 229
25 2 4 255 186 119
25 2 5 255 186 119
25 2 6 255 186 119
25 2 7 255 186 119
25 2 8 255 186 119
25 2 9 255 186 119
25 2 10 255 186 119
25 2 11 255 186 119
25 2 12 255 186 119
25 2 13 255 186 119
25 2 14 255 186 119
25 2 15 255 186 119
25 2 16 255 186 119
25 2 17 255 186 119
25 2 18 255 186 119
25 2 19 255 186 119
25 2 20 255 186 119
25 2 21 158 216 229
25 2 22 158 216 229
25 3 4 255 186 119
25 3 5 255 186 119
25 3 6 255 186 119
25 3 7 255 186 119
25 3 8 255 186 119
25 3 9 255 186 119
25 3 10 255 186 119
25 3 11 255 186 119
25 3 12 255 186 119
25 3 13 255 186 119
25 3 14 255 186 119
25 3 15 255 186 119
25 3 16 255 186 119
25 3 17 255 186 119
25 3 18 255 186 119
25 3 19 255 186 119
25 3 20 255 186 119
25 3 21 158 216 229
25 3 22 158 216 229
25 4 4 255 186 119
25 4 5 255 186 119
25 4 6 255 186 119
25 4 7 255 186 119
25 4 8 255 186 119
25 4 9 255 186 119
25 4 10 255 186 119
25 4 11 255 186 119
25 4 12 255 186 119
25 4 13 255 186 119
25 4 14 255 186 119
25 4 15 255 186 119
25 4 16 255 186 119
25 4 17 255 186 119
25 4 18 255 186 119
25 4 19 255 186 119
25 4 20 255 186 119
25 4 21 158 216 229
25 4 22 158 216 229
25 5 4 255 186 119
25 5 5 255 186 119
25 5 6 255 186 119
25 5 7 255 186 119
25 5 8 255 186 119
25 5 9 255 186 119
25 5 10 255 186 119
25 5 11 255 186 119
25 5 12 255 186 119
25 5 13 255 186 119
25 5 14 255 186 119
25 5 15 255 186 119
25 5 16 255 186 119
25 5 17 255 186 119
25 5 18 255 186 119
25 5 19 255 186 119
25 5 20 255 186 119
25 5 21 255 186 119
25 5 22 158 216 229
25 6 4 255 186 119
25 6 5 255 186 119
25 6 6 255 186 119
25 6 7 255 186 119
25 6 8 255 186 119
25 6 9 255 186 119
25 6 10 255 186 119
25 6 11 255 186 119
25 6 12 255 186 119
25 6 13 255 186 119
25 6 14 255 186 119
25 6 15 255 186 119
25 6 16 255 186 119
25 6 17 255 186 119
25 6 18 255 186 119
25 6 19 255 186 119
25 6 20 255 186 119
25 6 21 255 186 119
25 6 22 158 216 229
25 7 4 255 186 119
25 7 5 255 186 119
25 7 6 255 186 119
25 7 7 255 186 119
25 7 8 255 186 119
25 7 9 255 186 119
25 7 10 255 186 119
25 7 11 255 186 119
25 7 12 255 186 119
25 7 13 255 186 119
25 7 14 255 186 119
25 7 15 255 186 119
25 7 16 255 186 119
25 7 17 255 186 119
25 7 18 255 186 119
25 7 19 255 186 119
25 7 20 255 186 119
25 7 21 158 216 229
25 7 22 158 216 229
25 8 21 158 216 229
25 8 22 158 216 229
25 9 21 158 216 229
25 9 22 158 216 229
25 10 22 158 216 229
25 11 22 158 216 229
25 12 22 158 216 229
25 13 22 158 216 229
25 14 22 158 216 229
25 15 22 158 216 229
25 16 22 158 216 229
25 17 22 158 216 229
25 18 22 158 216 229
25 19 22 158 216 229
25 20 22 158 216 229
25 21 22 158 216 229
25 22 22 158 216 229
25 23 22 158 216 229
25 24 22 158 216 229
25 25 22 158 216 229
25 26 22 158 216 229
25 27 22 158 216 229
25 28 22 158 216 229
25 29 22 158 216 229
25 30 22 158 216 229
25 31 22 158 216 229
25 32 22 158 216 229
25 33 0 214 38 40
25 33 1 214 38 40
25 33 2 214 38 40
25 33 3 214 38 40
25 33 4 214 38 40
25 33 5 214 38 40
25 33 6 214 38 40
25 33 7 214 38 40
25 33 8 214 38 40
25 33 9 214 38 40
25 33 10 214 38 40
25 33 11 214 38 40
25 33 12 214 38 40
25 33 13 214 38 40
25 33 14 214 38 40
25 33 15 214 38 40
25 33 16 214 38 40
25 33 17 214 38 40
25 33 18 214 38 40
25 33 19 214 38 40
25 33 20 214 38 40
25 33 21 214 38 40
25 33 22 214 38 40
25 34 0 214 38 40
25 34 1 214 38 40
25 34 2 214 38 40
25 34 3 214 38 40
25 34 4 214 38 40
25 34 5 214 38 40
26 0 0 43 160 4
26 0 1 43 160 4
26 0 2 43 160 4
26 0 3 43 160 4
26 0 4 43 160 4
26 0 5 255 186 119
26 0 6 255 186 119
26 0 7 255 186 119
26 0 8 255 186 119
26 0 9 255 186 119
26 0 10 255 186 119
26 0 11 255 186 119
26 0 12 255 186 119
26 0 13 255 186 119
26 0 14 255 186 119
26 0 15 255 186 119
26 0 16 255 186 119
26 0 17 255 186 119
26 0 18 255 186 119
26 0 19 255 186 119
26 0 20 255 186 119
26 0 21 43 160 4
26 0 22 158 216 229
26 1 4 255 186 119
26 1 5 255 186 119
26 1 6 255 186 119
26 1 7 255 186 119
26 1 8 255 186 119
26 1 9 255 186 119
26 1 10 255 186 119
26 1 11 255 186 119
26 1 12 255 186 119
26 1 13 255 186 119
26 1 14 255 186 119
26 1 15 255 186 119
26 1 16 255 186 119
26 1 17 255 186 119
26 1 18 255 186 119
26 1 19 255 186 119
26 1 20 255 186 119
26 1 21 158 216 229
26 1 22 158 216 229
26 2 4 255 186 119
26 2 5 255 186 119
26 2 6 255 186 119
26 2 7 255 186 119
26 2 8 255 186 119
26 2 9 255 186 119
26 2 10 255 186 119
26 2 11 255 186 119
26 2 12 255 186 119
26 2 13 255 186 119
26 2 14 255 186 119
26 2 15 255 186 119
26 2 16 255 186 119
26 2 17 255 186 119
26 2 18 255 186 119
26 2 19 255 186 119
26 2 20 255 186 119
26 2 21 158 216 229
26 2 22 158 216 229
26 3 4 255 186 119
26 3 5 255 186 119
26 3 6 255 186 119
26 3 7 255 186 119
26 3 8 255 186 119
26 3 9 255 186 119
26 3 10 255 186 119
26 3 11 255 186 119
26 3 12 255 186 119
26 3 13 255 186 119
26 3 14 255 186 119
26 3 15 255 186 119
26 3 16 255 186 119
26 3 17 255 186 119
26 3 18 255 186 119
26 3 19 255 186 119
26 3 20 255 186 119
26 3 21 158 216 229
26 3 22 158 216 229
26 4 4 255 186 119
26 4 5 255 186 119
26 4 6 255 186 119
26 4 7 255 186 119
26 4 8 255 186 119
26 4 9 255 186 119
26 4 10 255 186 119
26 4 11 255 186 119
26 4 12 255 186 119
26 4 13 255 186 119
26 4 14 255 186 119
26 4 15 255 186 119
26 4 16 255 186 119
26 4 17 255 186 119
26 4 18 255 186 119
26 4 19 255 186 119
26 4 20 255 186 119
26 4 21 255 186 119
26 4 22 158 216 229
26 5 4 255 186 119
26 5 5 255 186 119
26 5 6 255 186 119
26 5 7 255 186 119
26 5 8 255 186 119
26 5 9 255 186 119
26 5 10 255 186 119
26 5 11 255 186 119
26 5 12 255 186 119
26 5 13 255 186 119
26 5 14 255 186 119
26 5 15 255 186 119
26 5 16 255 186 119
26 5 17 255 186 119
26 5 18 255 186 119
26 5 19 255 186 119
26 5 20 255 186 119
26 5 21 255 186 119
26 5 22 158 216 229
26 6 4 255 186 119
26 6 5 255 186 119
26 6 6 255 186 119
26 6 7 255 186 119
26 6 8 255 186 119
26 6 9 255 186 119
26 6 10 255 186 119
26 6 11 255 186 119
26 6 12 255 186 119
26 6 13 255 186 119
26 6 14 255 186 119
26 6 15 255 186 119
26 6 16 255 186 119
26 6 17 255 186 119
26 6 18 255 186 119
26 6 19 255 186 119
26 6 20 255 186 119
26 6 21 255 186 119
26 6 22 158 216 229
26 7 4 255 186 119
26 7 5 255 186 119
26 7 6 255 186 119
26 7 7 255 186 119
26 7 8 255 186 119
26 7 9 255 186 119
26 7 10 255 186 119
26 7 11 255 186 119
26 7 12 255 186 119
26 7 13 255 186 119
26 7 14 255 186 119
26 7 15 255 186 119
26 7 16 255 186 119
26 7 17 255 186 119
26 7 18 255 186 119
26 7 19 255 186 119
26 7 20 255 186 119
26 7 21 158 216 229
26 7 22 158 216 229
26 8 21 158 216 229
26 8 22 158 216 229
26 9 22 158 216 229
26 10 22 158 216 229
26 11 22 158 216 229
26 12 22 158 216 229
26 13 22 158 216 229
26 14 22 158 216 229
26 15 22 158 216 229
26 16 22 158 216 229
26 17 22 158 216 229
26 18 22 158 216 229
26 19 22 158 216 229
26 20 22 158 216 229
26 21 22 158 216 229
26 22 22 158 216 229
26 23 22 158 216 229
26 24 22 158 216 229
26 25 22 158 216 229
26 26 22 158 216 229
26 27 22 158 216 229
26 28 22 158 216 229
26 29 22 158 216 229
26 30 22 158 216 229
26 31 22 158 216 229
26 32 22 158 216 229
26 33 0 214 38 40
26 33 1 214 38 40
26 33 2 214 38 40
26 33 3 214 38 40
26 33 4 214 38 40
26 33 5 214 38 40
26 33 6 214 38 40
26 33 7 214 38 40
26 33 8 214 38 40
26 33 9 214 38 40
26 33 10 214 38 40
26 33 11 214 38 40
26 33 12 214 38 40
26 33 13 214 38 40
26 33 14 214 38 40
26 33 15 214 38 40
26 33 16 214 38 40
26 33 17 214 38 40
26 33 18 214 38 40
26 33 19 214 38 40
26 33 20 214 38 40
26 33 21 214 38 40
26 33 22 214 38 40
26 34 0 214 38 40
26 34 1 214 38 40
26 34 2 214 38 40
26 34 3 214 38 40
26 34 4 214 38 40
26 34 5 214 38 40
26 34 6 214 38 40
27 0 0 43 160 4
27 0 1 43 160 4
27 0 2 43 160 4
27 0 3 43 160 4
27 0 4 43 160 4
27 0 5 43 160 4
27 0 6 43 160 4
27 0 7 43 160 4
27 0 8 43 160 4
27 0 9 43 160 4
27 0 10 43 160 4
27 0 11 43 160 4
27 0 12 43 160 4
27 0 13 43 160 4
27 0 14 43 160 4
27 0 15 43 160 4
27 0 16 196 175 214
27 0 17 196 175 214
27 0 18 196 175 214
27 0 19 196 175 214
27 0 20 196 175 214
27 0 21 196 175 214
27 0 22 158 216 229
27 1 4 255 186 119
27 1 5 255 186 119
27 1 6 255 186 119
27 1 7 255 186 119
27 1 8 255 186 119
27 1 9 255 186 119
27 1 10 255 186 119
27 1 11 255 186 119
27 1 12 255 186 119
27 1 13 255 186 119
27 1 14 255 186 119
27 1 15 196 175 214
27 1 16 196 175 214
27 1 17 196 175 214
27 1 18 196 175 214
27 1 19 196 175 214
27 1 20 196 175 214
27 1 21 196 175 214
27 1 22 158 216 229
27 2 4 255 186 119
27 2 5 255 186 119
27 2 6 255 186 119
27 2 7 255 186 119
27 2 8 255 186 119
27 2 9 255 186 119
27 2 10 255 186 119
27 2 11 255 186 119
27 2 12 255 186 119
27 2 13 255 186 119
27 2 14 255 186 119
27 2 15 196 175 214
27 2 16 196 175 214
27 2 17 196 175 214
27 2 18 196 175 214
27 2 19 196 175 214
27 2 20 196 175 214
27 2 21 196 175 214
27 2 22 158 216 229
27 3 4 255 186 119
27 3 5 255 186 119
27 3 6 255 186 119
27 3 7 255 186 119
27 3 8 255 186 119
27 3 9 255 186 119
27 3 10 255 186 119
27 3 11 255 186 119
27 3 12 255 186 119
27 3 13 255 186 119
27 3 15 196 175 214
27 3 16 196 175 214
27 3 17 196 175 214
27 3 18 196 175 214
27 3 19 196 175 214
27 3 20 196 175 214
27 3 21 196 175 214
27 3 22 158 216 229
27 4 4 255 186 119
27 4 5 255 186 119
27 4 6 255 186 119
27 4 7 255 186 119
27 4 8 255 186 119
27 4 9 255 186 119
27 4 10 255 186 119
27 4 11 255 186 119
27 4 15 196 175 214
27 4 16 196 175 214
27 4 17 196 175 214
27 4 18 196 175 214
27 4 19 196 175 214
27 4 20 196 175 214
27 4 21 196 175 214
27 4 22 158 216 229
27 5 4 255 186 119
27 5 5 255 186 119
27 5 6 255 186 119
27 5 7 255 186 119
27 5 8 255 186 119
27 5 9 255 186 119
27 5 15 196 175 214
27 5 16 196 175 214
27 5 17 196 175 214
27 5 18 196 175 214
27 5 19 196 175 214
27 5 20 196 175 214
27 5 21 158 216 229
27 5 22 158 216 229
27 6 4 255 186 119
27 6 5 255 186 119
27 6 6 255 186 119
27 6 7 255 186 119
27 6 21 158 216 229
27 6 22 158 216 229
27 7 4 255 186 119
27 7 5 255 186 119
27 7 21 158 216 229
27 7 22 158 216 229
27 8 22 158 216 229
27 9 22 158 216 229
27 10 22 158 216 229
27 11 22 158 216 229
27 12 22 158 216 229
27 13 22 158 216 229
27 14 22 158 216 229
27 15 22 158 216 229
27 16 22 158 216 229
27 17 22 158 216 229
27 18 22 158 216 229
27 19 22 158 216 229
27 20 22 158 216 229
27 21 22 158 216 229
27 22 22 158 216 229
27 23 22 158 216 229
27 24 22 158 216 229
27 25 22 158 216 229
27 26 22 158 216 229
27 27 22 158 216 229
27 28 22 158 216 229
27 29 22 158 216 229
27 30 22 158 216 229
27 31 22 158 216 229
27 32 22 158 216 229
27 33 0 214 38 40
27 33 1 214 38 40
27 33 2 214 38 40
27 33 3 214 38 40
27 33 4 214 38 40
27 33 5 214 38 40
27 33 6 214 38 40
27 33 7 214 38 40
27 33 8 214 38 40
27 33 9 214 38 40
27 33 10 214 38 40
27 33 11 214 38 40
27 33 12 214 38 40
27 33 13 214 38 40
27 33 14 214 38 40
27 33 15 214 38 40
27 33 16 214 38 40
27 33 17 214 38 40
27 33 18 214 38 40
27 33 19 214 38 40
27 33 20 214 38 40
27 33 21 214 38 40
27 33 22 214 38 40
27 34 0 214 38 40
27 34 1 214 38 40
27 34 2 214 38 40
27 34 3 214 38 40
27 34 4 214 38 40
27 34 5 214 38 40
27 34 6 214 38 40
27 34 7 214 38 40
28 0 0 43 160 4
28 0 1 43 160 4
28 0 2 43 160 4
28 0 3 43 160 4
28 0 4 43 160 4
28 0 5 43 160 4
28 0 6 43 160 4
28 0 7 43 160 4
28 0 8 43 160 4
28 0 9 43 160 4
28 0 10 43 160 4
28 0 11 43 160 4
28 0 12 43 160 4
28 0 13 43 160 4
28 0 14 43 160 4
28 0 15 43 160 4
28 0 16 196 175 214
28 0 17 196 175 214
28 0 18 196 175 214
28 0 19 196 175 214
28 0 20 196 175 214
28 0 21 196 175 214
28 0 22 158 216 229
28 1 15 196 175 214
28 1 16 196 175 214
28 1 17 196 175 214
28 1 18 196 175 214
28 1 19 196 175 214
28 1 20 196 175 214
28 1 21 196 175 214
28 1 22 158 216 229
28 2 15 196 175 214
28 2 16 196 175 214
28 2 17 196 175 214
28 2 18 196 175 214
28 2 19 196 175 214
28 2 20 196 175 214
28 2 21 196 175 214
28 2 22 158 216 229
28 3 15 196 175 214
28 3 16 196 175 214
28 3 17 196 175 214
28 3 18 196 175 214
28 3 19 196 175 214
28 3 20 196 175 214
28 3 21 196 175 214
28 3 22 158 216 229
28 4 15 196 175 214
28 4 16 196 175 214
28 4 17 196 175 214
28 4 18 196 175 214
28 4 19 196 175 214
28 4 20 196 175 214
28 4 21 196 175 214
28 4 22 158 216 229
28 5 15 196 175 214
28 5 16 196 175 214
28 5 17 196 175 214
28 5 18 196 175 214
28 5 19 196 175 214
28 5 20 196 175 214
28 5 21 158 216 229
28 5 22 158 216 229
28 6 21 158 216 229
28 6 22 158 216 229
28 7 21 158 216 229
28 7 22 158 216 229
28 8 22 158 216 229
28 9 22 158 216 229
28 10 22 158 216 229
28 11 22 158 216 229
28 12 22 158 216 229
28 13 22 158 216 229
28 14 22 158 216 229
28 15 22 158 216 229
28 16 22 158 216 229
28 17 22 158 216 229
28 18 22 158 216 229
28 19 22 158 216 229
28 20 22 158 216 229
28 21 22 158 216 229
28 22 22 158 216 229
28 23 22 158 216 229
28 24 22 158 216 229
28 25 22 158 216 229
28 26 22 158 216 229
28 27 22 158 216 229
28 28 22 158 216 229
28 29 22 158 216 229
28 30 22 158 216 229
28 31 22 158 216 229
28 32 22 158 216 229
28 33 0 214 38 40
28 33 1 214 38 40
28 33 2 214 38 40
28 33 3 214 38 40
28 33 4 214 38 40
28 33 5 214 38 40
28 33 6 214 38 40
28 33 7 214 38 40
28 33 8 214 38 40
28 33 9 214 38 40
28 33 10 214 38 40
28 33 11 214 38 40
28 33 12 214 38 40
28 33 13 214 38 40
28 33 14 214 38 40
28 33 15 214 38 40
28 33 16 214 38 40
28 33 17 214 38 40
28 33 18 214 38 40
28 33 19 214 38 40
28 33 20 214 38 40
28 33 21 214 38 40
28 33 22 214 38 40
28 34 0 214 38 40
28 34 1 214 38 40
28 34 2 214 38 40
28 34 3 214 38 40
28 34 4 214 38 40
28 34 5 214 38 40
28 34 6 214 38 40
28 34 7 214 38 40
28 34 8 214 38 40
28 34 9 214 38 40
29 0 0 43 160 4
29 0 1 43 160 4
29 0 2 43 160 4
29 0 3 43 160 4
29 0 4 43 160 4
29 0 5 43 160 4
29 0 6 43 160 4
29 0 7 43 160 4
29 0 8 43 160 4
29 0 9 43 160 4
29 0 10 43 160 4
29 0 11 43 160 4
29 0 12 43 160 4
29 0 13 43 160 4
29 0 14 43 160 4
29 0 15 43 160 4
29 0 16 196 175 214
29 0 17 196 175 214
29 0 18 196 175 214
29 0 19 196 175 214
29 0 20 196 175 214
29 0 21 196 175 214
29 0 22 158 216 229
29 1 15 196 175 214
29 1 16 196 175 214
29 1 17 196 175 214
29 1 18 196 175 214
29 1 19 196 175 214
29 1 20 196 175 214
29 1 21 196 175 214
29 1 22 158 216 229
29 2 15 196 175 214
29 2 16 196 175 214
29 2 17 196 175 214
29 2 18 196 175 214
29 2 19 196 175 214
29 2 20 196 175 214
29 2 21 196 175 214
29 2 22 158 216 229
29 3 15 196 175 214
29 3 16 196 175 214
29 3 17 196 175 214
29 3 18 196 175 214
29 3 19 196 175 214
29 3 20 196 175 214
29 3 21 196 175 214
29 3 22 158 216 229
29 4 15 196 175 214
29 4 16 196 175 214
29 4 17 196 175 214
29 4 18 196 175 214
29 4 19 196 175 214
29 4 20 196 175 214
29 4 21 196 175 214
29 4 22 158 216 229
29 5 15 196 175 214
29 5 16 196 175 214
29 5 17 196 175 214
29 5 18 196 175 214
29 5 19 196 175 214
29 5 20 196 175 214
29 5 21 158 216 229
29 5 22 158 216 229
29 6 21 158 216 229
29 6 22 158 216 229
29 7 22 158 216 229
29 8 22 158 216 229
29 9 22 158 216 229
29 10 22 158 216 229
29 11 22 158 216 229
29 12 22 158 216 229
29 13 22 158 216 229
29 14 22 158 216 229
29 15 22 158 216 229
29 16 22 158 216 229
29 17 22 158 216 229
29 18 22 158 216 229
29 19 22 158 216 229
29 20 22 158 216 229
29 21 22 158 216 229
29 22 22 158 216 229
29 23 22 158 216 229
29 24 22 158 216 229
29 25 22 158 216 229
29 26 22 158 216 229
29 27 22 158 216 229
29 28 22 158 216 229
29 29 22 158 216 229
29 30 22 158 216 229
29 31 22 158 216 229
29 32 22 158 216 229
29 33 0 214 38 40
29 33 1 214 38 40
29 33 2 214 38 40
29 33 3 214 38 40
29 33 4 214 38 40
29 33 5 214 38 40
29 33 6 214 38 40
29 33 7 214 38 40
29 33 8 214 38 40
29 33 9 214 38 40
29 33 10 214 38 40
29 33 11 214 38 40
29 33 12 214 38 40
29 33 13 214 38 40
29 33 14 214 38 40
29 33 15 214 38 40
29 33 16 214 38 40
29 33 17 214 38 40
29 33 18 214 38 40
29 33 19 214 38 40
29 33 20 214 38 40
29 33 21 214 38 40
29 33 22 214 38 40
29 34 0 214 38 40
29 34 1 214 38 40
29 34 2 214 38 40
29 34 3 214 38 40
29 34 4 214 38 40
29 34 5 214 38 40
29 34 6 214 38 40
29 34 7 214 38 40
29 34 8 214 38 40
29 34 9 214 38 40
29 34 10 214 38 40
30 0 0 43 160 4
30 0 1 43 160 4
30 0 2 43 160 4
30 0 3 43 160 4
30 0 4 43 160 4
30 0 5 43 160 4
30 0 6 43 160 4
30 0 7 43 160 4
30 0 8 43 160 4
30 0 9 43 160 4
30 0 10 43 160 4
30 0 11 43 160 4
30 0 12 43 160 4
30 0 13 43 160 4
30 0 14 43 160 4
30 0 15 43 160 4
30 0 16 196 175 214
30 0 17 196 175 214
30 0 18 196 175 214
30 0 19 196 175 214
30 0 20 196 175 214
30 0 21 196 175 214
30 0 22 158 216 229
30 1 15 196 175 214
30 1 16 196 175 214
30 1 17 196 175 214
30 1 18 196 175 214
30 1 19 196 175 214
30 1 20 196 175 214
30 1 21 196 175 214
30 1 22 158 216 229
30 2 15 196 175 214
30 2 16 196 175 214
30 2 17 196 175 214
30 2 18 196 175 214
30 2 19 196 175 214
30 2 20 196 175 214
30 2 21 196 175 214
30 2 22 158 216 229
30 3 15 196 175 214
30 3 16 196 175 214
30 3 17 196 175 214
30 3 18 196 175 214
30 3 19 196 175 214
30 3 20 196 175 214
30 3 21 196 175 214
30 3 22 158 216 229
30 4 15 196 175 214
30 4 16 196 175 214
30 4 17 196 175 214
30 4 18 196 175 214
30 4 19 196 175 214
30 4 20 196 175 214
30 4 21 196 175 214
30 4 22 158 216 229
30 5 15 196 175 214
30 5 16 196 175 214
30 5 17 196 175 214
30 5 18 196 175 214
30 5 19 196 175 214
30 5 20 196 175 214
30 5 21 158 216 229
30 5 22 158 216 229
30 6 22 158 216 229
30 7 22 158 216 229
30 8 22 158 216 229
30 9 22 158 216 229
30 10 22 158 216 229
30 11 22 158 216 229
30 12 22 158 216 229
30 13 22 158 216 229
30 14 22 158 216 229
30 15 22 158 216 229
30 16 22 158 216 229
30 17 22 158 216 229
30 18 22 158 216 229
30 19 22 158 216 229
30 20 22 158 216 229
30 21 22 158 216 229
30 22 22 158 216 229
30 23 22 158 216 229
30 24 22 158 216 229
30 25 22 158 216 229
30 26 22 158 216 229
30 27 22 158 216 229
30 28 22 158 216 229
30 29 22 158 216 229
30 30 22 158 216 229
30 31 22 158 216 229
30 32 22 158 216 229
30 33 0 214 38 40
30 33 1 214 38 40
30 33 2 214 38 40
30 33 3 214 38 40
30 33 4 214 38 40
30 33 5 214 38 40
30 33 6 214 38 40
30 33 7 214 38 40
30 33 8 214 38 40
30 33 9 214 38 40
30 33 10 214 38 40
30 33 11 214 38 40
30 33 12 214 38 40
30 33 13 214 38 40
30 33 14 214 38 40
30 33 15 214 38 40
30 33 16 214 38 40
30 33 17 214 38 40
30 33 18 214 38 40
30 33 19 214 38 40
30 33 20 214 38 40
30 33 21 214 38 40
30 33 22 158 216 229
30 34 0 214 38 40
30 34 1 214 38 40
30 34 2 214 38 40
30 34 3 214 38 40
30 34 4 214 38 40
30 34 5 214 38 40
30 34 6 214 38 40
30 34 7 214 38 40
30 34 8 214 38 40
30 34 9 214 38 40
30 34 10 214 38 40
30 34 11 214 38 40
31 0 0 43 160 4
31 0 1 43 160 4
31 0 2 43 160 4
31 0 3 43 160 4
31 0 4 43 160 4
31 0 5 43 160 4
31 0 6 43 160 4
31 0 7 43 160 4
31 0 8 43 160 4
31 0 9 43 160 4
31 0 10 43 160 4
31 0 11 43 160 4
31 0 12 43 160 4
31 0 13 43 160 4
31 0 14 43 160 4
31 0 15 43 160 4
31 0 16 196 175 214
31 0 17 196 175 214
31 0 18 196 175 214
31 0 19 196 175 214
31 0 20 196 175 214
31 0 21 196 175 214
31 0 22 158 216 229
31 1 15 196 175 214
31 1 16 196 175 214
31 1 17 196 175 214
31 1 18 196 175 214
31 1 19 196 175 214
31 1 20 196 175 214
31 1 21 196 175 214
31 1 22 158 216 229
31 2 15 196 175 214
31 2 16 196 175 214
31 2 17 196 175 214
31 2 18 196 175 214
31 2 19 196 175 214
31 2 20 196 175 214
31 2 21 196 175 214
31 2 22 158 216 229
31 3 15 196 175 214
31 3 16 196 175 214
31 3 17 196 175 214
31 3 18 196 175 214
31 3 19 196 175 214
31 3 20 196 175 214
31 3 21 196 175 214
31 3 22 158 216 229
31 4 15 196 175 214
31 4 16 196 175 214
31 4 17 196 175 214
31 4 18 196 175 214
31 4 19 196 175 214
31 4 20 196 175 214
31 4 21 196 175 214
31 4 22 158 216 229
31 5 15 196 175 214
31 5 16 196 175 214
31 5 17 196 175 214
31 5 18 196 175 214
31 5 19 196 175 214
31 5 20 196 175 214
31 5 21 196 175 214
31 5 22 158 216 229
31 6 22 158 216 229
31 7 22 158 216 229
31 8 22 158 216 229
31 9 22 158 216 229
31 10 22 158 216 229
31 11 22 158 216 229
31 12 22 158 216 229
31 13 22 158 216 229
31 14 22 158 216 229
31 15 22 158 216 229
31 16 22 158 216 229
31 17 22 158 216 229
31 18 22 158 216 229
31 19 22 158 216 229
31 20 22 158 216 229
31 21 22 158 216 229
31 22 22 158 216 229
31 23 22 158 216 229
31 24 22 158 216 229
31 25 22 158 216 229
31 26 22 158 216 229
31 27 22 158 216 229
31 28 22 158 216 229
31 29 22 158 216 229
31 30 22 158 216 229
31 31 22 158 216 229
31 32 22 158 216 229
31 33 1 214 38 40
31 33 2 214 38 40
31 33 3 214 38 40
31 33 4 214 38 40
31 33 5 214 38 40
31 33 6 214 38 40
31 33 7 214 38 40
31 33 8 214 38 40
31 33 9 214 38 40
31 33 10 214 38 40
31 33 11 214 38 40
31 33 12 214 38 40
31 33 13 214 38 40
31 33 14 214 38 40
31 33 15 214 38 40
31 33 16 214 38 40
31 33 17 214 38 40
31 33 18 214 38 40
31 33 19 214 38 40
31 33 20 214 38 40
31 33 21 214 38 40
31 33 22 158 216 229
31 34 0 214 38 40
31 34 1 214 38 40
31 34 2 214 38 40
31 34 3 214 38 40
31 34 4 214 38 40
31 34 5 214 38 40
31 34 6 214 38 40
31 34 7 214 38 40
31 34 8 214 38 40
31 34 9 214 38 40
31 34 10 214 38 40
31 34 11 214 38 40
31 34 12 214 38 40
32 0 0 43 160 4
32 0 1 43 160 4
32 0 2 43 160 4
32 0 3 43 160 4
32 0 4 43 160 4
32 0 5 43 160 4
32 0 6 43 160 4
32 0 7 43 160 4
32 0 8 43 160 4
32 0 9 43 160 4
32 0 10 43 160 4
32 0 11 43 160 4
32 0 12 43 160 4
32 0 13 43 160 4
32 0 14 43 160 4
32 0 15 43 160 4
32 0 16 196 175 214
32 0 17 196 175 214
32 0 18 196 175 214
32 0 19 196 175 214
32 0 20 196 175 214
32 0 21 196 175 214
32 0 22 158 216 229
32 1 15 196 175 214
32 1 16 196 175 214
32 1 17 196 175 214
32 1 18 196 175 214
32 1 19 196 175 214
32 1 20 196 175 214
32 1 21 196 175 214
32 1 22 158 216 229
32 2 15 196 175 214
32 2 16 196 175 214
32 2 17 196 175 214
32 2 18 196 175 214
32 2 19 196 175 214
32 2 20 196 175 214
32 2 21 196 175 214
32 2 22 158 216 229
32 3 15 196 175 214
32 3 16 196 175 214
32 3 17 196 175 214
32 3 18 196 175 214
32 3 19 196 175 214
32 3 20 196 175 214
32 3 21 196 175 214
32 3 22 158 216 229
32 4 15 196 175 214
32 4 16 196 175 214
32 4 17 196 175 214
32 4 18 196 175 214
32 4 19 196 175 214
32 4 20 196 175 214
32 4 21 196 175 214
32 4 22 158 216 229
32 5 15 196 175 214
32 5 16 196 175 214
32 5 17 196 175 214
32 5 18 196 175 214
32 5 19 196 175 214
32 5 20 196 175 214
32 5 21 196 175 214
32 5 22 158 216 229
32 6 22 158 216 229
32 7 22 158 216 229
32 8 22 158 216 229
32 9 22 158 216 229
32 10 22 158 216 229
32 11 22 158 216 229
32 12 22 158 216 229
32 13 22 158 216 229
32 14 22 158 216 229
32 15 22 158 216 229
32 16 22 158 216 229
32 17 22 158 216 229
32 18 22 158 216 229
32 19 22 158 216 229
32 20 22 158 216 229
32 21 22 158 216 229
32 22 22 158 216 229
32 23 22 158 216 229
32 24 22 158 216 229
32 25 22 158 216 229
32 26 22 158 216 229
32 27 22 158 216 229
32 28 22 158 216 229
32 29 22 158 216 229
32 30 22 158 216 229
32 31 22 158 216 229
32 32 22 158 216 229
32 33 2 214 38 40
32 33 3 214 38 40
32 33 4 214 38 40
32 33 5 214 38 40
32 33 6 214 38 40
32 33 7 214 38 40
32 33 8 214 38 40
32 33 9 214 38 40
32 33 10 214 38 40
32 33 11 214 38 40
32 33 12 214 38 40
32 33 13 214 38 40
32 33 14 214 38 40
32 33 15 214 38 40
32 33 16 214 38 40
32 33 17 214 38 40
32 33 18 214 38 40
32 33 19 214 38 40
32 33 20 214 38 40
32 33 21 214 38 40
32 33 22 158 216 229
32 34 0 214 38 40
32 34 1 214 38 40
32 34 2 214 38 40
32 34 3 214 38 40
32 34 4 214 38 40
32 34 5 214 38 40
32 34 6 214 38 40
32 34 7 214 38 40
32 34 8 214 38 40
32 34 9 214 38 40
32 34 10 214 38 40
32 34 11 214 38 40
32 34 12 214 38 40
32 34 13 214 38 40
33 0 0 43 160 4
33 0 1 43 160 4
33 0 2 43 160 4
33 0 3 43 160 4
33 0 4 43 160 4
33 0 5 43 160 4
33 0 6 43 160 4
33 0 7 43 160 4
33 0 8 43 160 4
33 0 9 43 160 4
33 0 10 43 160 4
33 0 11 43 160 4
33 0 12 43 160 4
33 0 13 43 160 4
33 0 14 43 160 4
33 0 15 43 160 4
33 0 16 196 175 214
33 0 17 196 175 214
33 0 18 196 175 214
33 0 19 196 175 214
33 0 20 196 175 214
33 0 21 196 175 214
33 0 22 158 216 229
33 1 0 43 160 4
33 1 15 196 175 214
33 1 16 196 175 214
33 1 17 196 175 214
33 1 18 196 175 214
33 1 19 196 175 214
33 1 20 196 175 214
33 1 21 196 175 214
33 1 22 158 216 229
33 2 15 196 175 214
33 2 16 196 175 214
33 2 17 196 175 214
33 2 18 196 175 214
33 2 19 196 175 214
33 2 20 196 175 214
33 2 21 196 175 214
33 2 22 158 216 229
33 3 15 196 175 214
33 3 16 196 175 214
33 3 17 196 175 214
33 3 18 196 175 214
33 3 19 196 175 214
33 3 20 196 175 214
33 3 21 196 175 214
33 3 22 158 216 229
33 4 15 196 175 214
33 4 16 196 175 214
33 4 17 196 175 214
33 4 18 196 175 214
33 4 19 196 175 214
33 4 20 196 175 214
33 4 21 196 175 214
33 4 22 158 216 229
33 5 15 196 175 214
33 5 16 196 175 214
33 5 17 196 175 214
33 5 18 196 175 214
33 5 19 196 175 214
33 5 20 196 175 214
33 5 21 196 175 214
33 5 22 158 216 229
33 6 22 158 216 229
33 7 22 158 216 229
33 8 22 158 216 229
33 9 22 158 216 229
33 10 22 158 216 229
33 11 22 158 216 229
33 12 22 158 216 229
33 13 22 158 216 229
33 14 22 158 216 229
33 15 22 158 216 229
33 16 22 158 216 229
33 17 22 158 216 229
33 18 22 158 216 229
33 19 22 158 216 229
33 20 22 158 216 229
33 21 22 158 216 229
33 22 22 158 216 229
33 23 22 158 216 229
33 24 22 158 216 229
33 25 22 158 216 229
33 26 22 158 216 229
33 27 22 158 216 229
33 28 22 158 216 229
33 29 22 158 216 229
33 30 22 158 216 229
33 31 22 158 216 229
33 32 22 158 216 229
33 33 3 214 38 40
33 33 4 214 38 40
33 33 5 214 38 40
33 33 6 214 38 40
33 33 7 214 38 40
33 33 8 214 38 40
33 33 9 214 38 40
33 33 10 214 38 40
33 33 11 214 38 40
33 33 12 214 38 40
33 33 13 214 38 40
33 33 14 214 38 40
33 33 15 214 38 40
33 33 16 214 38 40
33 33 17 214 38 40
33 33 18 214 38 40
33 33 19 214 38 40
33 33 20 214 38 40
33 33 21 214 38 40
33 33 22 158 216 229
33 34 0 214 38 40
33 34 1 214 38 40
33 34 2 214 38 40
33 34 3 214 38 40
33 34 4 214 38 40
33 34 5 214 38 40
33 34 6 214 38 40
33 34 7 214 38 40
33 34 8 214 38 40
33 34 9 214 38 40
33 34 10 214 38 40
33 34 11 214 38 40
33 34 12 214 38 40
33 34 13 214 38 40
33 34 14 214 38 40
33 34 15 214 38 40
34 0 0 43 160 4
34 0 1 43 160 4
34 0 2 43 160 4
34 0 3 43 160 4
34 0 4 43 160 4
34 0 5 43 160 4
34 0 6 43 160 4
34 0 7 43 160 4
34 0 8 43 160 4
34 0 9 43 160 4
34 0 10 43 160 4
34 0 11 43 160 4
34 0 12 43 160 4
34 0 13 43 160 4
34 0 14 43 160 4
34 0 15 43 160 4
34 0 16 196 175 214
34 0 17 196 175 214
34 0 18 196 175 214
34 0 19 196 175 214
34 0 20 196 175 214
34 0 21 196 175 214
34 0 22 158 216 229
34 1 0 43 160 4
34 1 1 43 160 4
34 1 15 196 175 214
34 1 16 196 175 214
34 1 17 196 175 214
34 1 18 196 175 214
34 1 19 196 175 214
34 1 20 196 175 214
34 1 21 196 175 214
34 1 22 158 216 229
34 2 15 196 175 214
34 2 16 196 175 214
34 2 17 196 175 214
34 2 18 196 175 214
34 2 19 196 175 214
34 2 20 196 175 214
34 2 21 196 175 214
34 2 22 158 216 229
34 3 15 196 175 214
34 3 16 196 175 214
34 3 17 196 175 214
34 3 18 196 175 214
34 3 19 196 175 214
34 3 20 196 175 214
34 3 21 196 175 214
34 3 22 158 216 229
34 4 15 196 175 214
34 4 16 196 175 214
34 4 17 196 175 214
34 4 18 196 175 214
34 4 19 196 175 214
34 4 20 196 175 214
34 4 21 196 175 214
34 4 22 158 216 229
34 5 15 196 175 214
34 5 16 196 175 214
34 5 17 196 175 214
34 5 18 196 175 214
34 5 19 196 175 214
34 5 20 196 175 214
34 5 21 196 175 214
34 5 22 158 216 229
34 6 22 158 216 229
34 7 22 158 216 229
34 8 22 158 216 229
34 9 22 158 216 229
34 10 22 158 216 229
34 11 22 158 216 229
34 12 22 158 216 229
34 13 22 158 216 229
34 14 22 158 216 229
34 15 22 158 216 229
34 16 22 158 216 229
34 17 22 158 216 229
34 18 22 158 216 229
34 19 22 158 216 229
34 20 22 158 216 229
34 21 22 158 216 229
34 22 22 158 216 229
34 23 22 158 216 229
34 24 22 158 216 229
34 25 22 158 216 229
34 26 22 158 216 229
34 27 22 158 216 229
34 28 22 158 216 229
34 29 22 158 216 229
34 30 22 158 216 229
34 31 22 158 216 229
34 32 22 158 216 229
34 33 4 214 38 40
34 33 5 214 38 40
34 33 6 214 38 40
34 33 7 214 38 40
34 33 8 214 38 40
34 33 9 214 38 40
34 33 10 214 38 40
34 33 11 214 38 40
34 33 12 214 38 40
34 33 13 214 38 40
34 33 14 214 38 40
34 33 15 214 38 40
34 33 16 214 38 40
34 33 17 214 38 40
34 33 18 214 38 40
34 33 19 214 38 40
34 33 20 214 38 40
34 33 21 214 38 40
34 33 22 158 216 229
34 34 0 214 38 40
34 34 1 214 38 40
34 34 2 214 38 40
34 34 3 214 38 40
34 34 4 214 38 40
34 34 5 214 38 40
34 34 6 214 38 40
34 34 7 214 38 40
34 34 8 214 38 40
34 34 9 214 38 40
34 34 10 214 38 40
34 34 11 214 38 40
34 34 12 214 38 40
34 34 13 214 38 40
34 34 14 214 38 40
34 34 15 214 38 40
34 34 16 214 38 40
35 0 0 43 160 4
35 0 1 43 160 4
35 0 2 43 160 4
35 0 3 43 160 4
35 0 4 43 160 4
35 0 5 43 160 4
35 0 6 43 160 4
35 0 7 43 160 4
35 0 8 43 160 4
35 0 9 43 160 4
35 0 10 43 160 4
35 0 11 43 160 4
35 0 12 43 160 4
35 0 13 43 160 4
35 0 14 43 160 4
35 0 15 43 160 4
35 0 16 196 175 214
35 0 17 196 175 214
35 0 18 196 175 214
35 0 19 196 175 214
35 0 20 196 175 214
35 0 21 196 175 214
35 0 22 158 216 229
35 1 0 43 160 4
35 1 1 43 160 4
35 1 2 43 160 4
35 1 15 196 175 214
35 1 16 196 175 214
35 1 17 196 175 214
35 1 18 196 175 214
35 1 19 196 175 214
35 1 20 196 175 214
35 1 21 196 175 214
35 1 22 158 216 229
35 2 15 196 175 214
35 2 16 196 175 214
35 2 17 196 175 214
35 2 18 196 175 214
35 2 19 196 175 214
35 2 20 196 175 214
35 2 21 196 175 214
35 2 22 158 216 229
35 3 15 196 175 214
35 3 16 196 175 214
35 3 17 196 175 214
35 3 18 196 175 214
35 3 19 196 175 214
35 3 20 196 175 214
35 3 21 196 175 214
35 3 22 158 216 229
35 4 15 196 175 214
35 4 16 196 175 214
35 4 17 196 175 214
35 4 18 196 175 214
35 4 19 196 175 214
35 4 20 196 175 214
35 4 21 196 175 214
35 4 22 158 216 229
35 5 15 196 175 214
35 5 16 196 175 214
35 5 17 196 175 214
35 5 18 196 175 214
35 5 19 196 175 214
35 5 20 196 175 214
35 5 21 196 175 214
35 5 22 158 216 229
35 6 22 158 216 229
35 7 22 158 216 229
35 8 22 158 216 229
35 9 22 158 216 229
35 10 22 158 216 229
35 11 22 158 216 229
35 12 22 158 216 229
35 13 22 158 216 229
35 14 22 158 216 229
35 15 22 158 216 229
35 16 22 158 216 229
35 17 22 158 216 229
35 18 22 158 216 229
35 19 22 158 216 229
35 20 22 158 216 229
35 21 22 158 216 229
35 22 22 158 216 229
35 23 22 158 216 229
35 24 22 158 216 229
35 25 22 158 216 229
35 26 22 158 216 229
35 27 22 158 216 229
35 28 22 158 216 229
35 29 22 158 216 229
35 30 22 158 216 229
35 31 22 158 216 229
35 32 22 158 216 229
35 33 5 214 38 40
35 33 6 214 38 40
35 33 7 214 38 40
35 33 8 214 38 40
35 33 9 214 38 40
35 33 10 214 38 40
35 33 11 214 38 40
35 33 12 214 38 40
35 33 13 214 38 40
35 33 14 214 38 40
35 33 15 214 38 40
35 33 16 214 38 40
35 33 17 214 38 40
35 33 18 214 38 40
35 33 19 214 38 40
35 33 20 214 38 40
35 33 21 214 38 40
35 33 22 158 216 229
35 34 0 214 38 40
35 34 1 214 38 40
35 34 2 214 38 40
35 34 3 214 38 40
35 34 4 214 38 40
35 34 5 214 38 40
35 34 6 214 38 40
35 34 7 214 38 40
35 34 8 214 38 40
35 34 9 214 38 40
35 34 10 214 38 40
35 34 11 214 38 40
35 34 12 214 38 40
35 34 13 214 38 40
35 34 14 214 38 40
35 34 15 214 38 40
35 34 16 214 38 40
35 34 17 214 38 40
36 0 0 43 160 4
36 0 1 43 160 4
36 0 2 43 160 4
36 0 3 43 160 4
36 0 4 43 160 4
36 0 5 43 160 4
36 0 6 43 160 4
36 0 7 43 160 4
36 0 8 43 160 4
36 0 9 43 160 4
36 0 10 43 160 4
36 0 11 43 160 4
36 0 12 43 160 4
36 0 13 43 160 4
36 0 14 43 160 4
36 0 15 43 160 4
36 0 16 43 160 4
36 0 17 43 160 4
36 0 18 43 160 4
36 0 19 43 160 4
36 0 20 43 160 4
36 0 21 43 160 4
36 0 22 158 216 229
36 1 0 43 160 4
36 1 1 43 160 4
36 1 2 43 160 4
36 1 3 43 160 4
36 1 4 43 160 4
36 1 22 158 216 229
36 2 22 158 216 229
36 3 22 158 216 229
36 4 22 158 216 229
36 5 22 158 216 229
36 6 22 158 216 229
36 7 22 158 216 229
36 8 22 158 216 229
36 9 22 158 216 229
36 10 22 158 216 229
36 11 22 158 216 229
36 12 22 158 216 229
36 13 22 158 216 229
36 14 22 158 216 229
36 15 22 158 216 229
36 16 22 158 216 229
36 17 22 158 216 229
36 18 22 158 216 229
36 19 22 158 216 229
36 20 22 158 216 229
36 21 22 158 216 229
36 22 22 158 216 229
36 23 22 158 216 229
36 24 22 158 216 229
36 25 22 158 216 229
36 26 22 158 216 229
36 27 22 158 216 229
36 28 22 158 216 229
36 29 22 158 216 229
36 30 22 158 216 229
36 31 22 158 216 229
36 32 22 158 216 229
36 33 7 214 38 40
36 33 8 214 38 40
36 33 9 214 38 40
36 33 10 214 38 40
36 33 11 214 38 40
36 33 12 214 38 40
36 33 13 214 38 40
36 33 14 214 38 40
36 33 15 214 38 40
36 33 16 214 38 40
36 33 17 214 38 40
36 33 18 214 38 40
36 33 19 214 38 40
36 33 20 214 38 40
36 33 21 214 38 40
36 33 22 158 216 229
36 34 0 214 38 40
36 34 1 214 38 40
36 34 2 214 38 40
36 34 3 214 38 40
36 34 4 214 38 40
36 34 5 214 38 40
36 34 6 214 38 40
36 34 7 214 38 40
36 34 8 214 38 40
36 34 9 214 38 40
36 34 10 214 38 40
36 34 11 214 38 40
36 34 12 214 38 40
36 34 13 214 38 40
36 34 14 214 38 40
36 34 15 214 38 40
36 34 16 214 38 40
36 34 17 214 38 40
36 34 18 214 38 40
37 0 0 43 160 4
37 0 1 43 160 4
37 0 2 43 160 4
37 0 3 43 160 4
37 0 4 43 160 4
37 0 5 43 160 4
37 0 6 43 160 4
37 0 7 43 160 4
37 0 8 43 160 4
37 0 9 43 160 4
37 0 10 43 160 4
37 0 11 43 160 4
37 0 12 43 160 4
37 0 13 43 160 4
37 0 14 43 160 4
37 0 15 43 160 4
37 0 16 43 160 4
37 0 17 43 160 4
37 0 18 43 160 4
37 0 19 43 160 4
37 0 20 43 160 4
37 0 21 43 160 4
37 0 22 158 216 229
37 1 0 43 160 4
37 1 1 43 160 4
37 1 2 43 160 4
37 1 3 43 160 4
37 1 4 43 160 4
37 1 5 43 160 4
37 1 22 158 216 229
37 2 22 158 216 229
37 3 22 158 216 229
37 4 22 158 216 229
37 5 22 158 216 229
37 6 22 158 216 229
37 7 22 158 216 229
37 8 22 158 216 229
37 9 22 158 216 229
37 10 22 158 216 229
37 11 22 158 216 229
37 12 22 158 216 229
37 13 22 158 216 229
37 14 22 158 216 229
37 15 22 158 216 229
37 16 22 158 216 229
37 17 22 158 216 229
37 18 22 158 216 229
37 19 22 158 216 229
37 20 22 158 216 229
37 21 22 158 216 229
37 22 22 158 216 229
37 23 22 158 216 229
37 24 22 158 216 229
37 25 22 158 216 229
37 26 22 158 216 229
37 27 22 158 216 229
37 28 22 158 216 229
37 29 22 158 216 229
37 30 22 158 216 229
37 31 22 158 216 229
37 32 22 158 216 229
37 33 8 214 38 40
37 33 9 214 38 40
37 33 10 214 38 40
37 33 11 214 38 40
37 33 12 214 38 40
37 33 13 214 38 40
37 33 14 214 38 40
37 33 15 214 38 40
37 33 16 214 38 40
37 33 17 214 38 40
37 33 18 214 38 40
37 33 19 214 38 40
37 33 20 214 38 40
37 33 21 214 38 40
37 33 22 158 216 229
37 34 0 214 38 40
37 34 1 214 38 40
37 34 2 214 38 40
37 34 3 214 38 40
37 34 4 214 38 40
37 34 5 214 38 40
37 34 6 214 38 40
37 34 7 214 38 40
37 34 8 214 38 40
37 34 9 214 38 40
37 34 10 214 38 40
37 34 11 214 38 40
37 34 12 214 38 40
37 34 13 214 38 40
37 34 14 214 38 40
37 34 15 214 38 40
37 34 16 214 38 40
37 34 17 214 38 40
37 34 18 214 38 40
37 34 19 214 38 40
38 0 0 43 160 4
38 0 1 43 160 4
38 0 2 43 160 4
38 0 3 43 160 4
38 0 4 43 160 4
38 0 5 43 160 4
38 0 6 43 160 4
38 0 7 43 160 4
38 0 8 43 160 4
38 0 9 43 160 4
38 0 10 43 160 4
38 0 11 43 160 4
38 0 12 43 160 4
38 0 13 43 160 4
38 0 14 43 160 4
38 0 15 43 160 4
38 0 16 43 160 4
38 0 17 43 160 4
38 0 18 43 160 4
38 0 19 43 160 4
38 0 20 43 160 4
38 0 21 43 160 4
38 0 22 158 216 229
38 1 0 43 160 4
38 1 1 43 160 4
38 1 2 43 160 4
38 1 3 43 160 4
38 1 4 43 160 4
38 1 5 43 160 4
38 1 6 43 160 4
38 1 22 158 216 229
38 2 22 158 216 229
38 3 22 158 216 229
38 4 22 158 216 229
38 5 22 158 216 229
38 6 22 158 216 229
38 7 22 158 216 229
38 8 22 158 216 229
38 9 22 158 216 229
38 10 22 158 216 229
38 11 22 158 216 229
38 12 22 158 216 229
38 13 22 158 216 229
38 14 22 158 216 229
38 15 22 158 216 229
38 16 22 158 216 229
38 17 22 158 216 229
38 18 22 158 216 229
38 19 22 158 216 229
38 20 22 158 216 229
38 21 22 158 216 229
38 22 22 158 216 229
38 23 22 158 216 229
38 24 22 158 216 229
38 25 22 158 216 229
38 26 22 158 216 229
38 27 22 158 216 229
38 28 22 158 216 229
38 29 22 158 216 229
38 30 22 158 216 229
38 31 22 158 216 229
38 32 22 158 216 229
38 33 9 214 38 40
38 33 10 214 38 40
38 33 11 214 38 40
38 33 12 214 38 40
38 33 13 214 38 40
38 33 14 214 38 40
38 33 15 214 38 40
38 33 16 214 38 40
38 33 17 214 38 40
38 33 18 214 38 40
38 33 19 214 38 40
38 33 20 214 38 40
38 33 21 214 38 40
38 33 22 158 216 229
38 34 0 214 38 40
38 34 1 214 38 40
38 34 2 214 38 40
38 34 3 214 38 40
38 34 4 214 38 40
38 34 5 214 38 40
38 34 6 214 38 40
38 34 7 214 38 40
38 34 8 214 38 40
38 34 9 214 38 40
38 34 10 214 38 40
38 34 11 214 38 40
38 34 12 214 38 40
38 34 13 214 38 40
38 34 14 214 38 40
38 34 15 214 38 40
38 34 16 214 38 40
38 34 17 214 38 40
38 34 18 214 38 40
38 34 19 214 38 40
38 34 20 214 38 40
39 0 0 43 160 4
39 0 1 43 160 4
39 0 2 43 160 4
39 0 3 43 160 4
39 0 4 43 160 4
39 0 5 43 160 4
39 0 6 43 160 4
39 0 7 43 160 4
39 0 8 43 160 4
39 0 9 43 160 4
39 0 10 43 160 4
39 0 11 43 160 4
39 0 12 43 160 4
39 0 13 43 160 4
39 0 14 43 160 4
39 0 15 43 160 4
39 0 16 43 160 4
39 0 17 43 160 4
39 0 18 43 160 4
39 0 19 43 160 4
39 0 20 43 160 4
39 0 21 43 160 4
39 0 22 158 216 229
39 1 0 43 160 4
39 1 1 43 160 4
39 1 2 43 160 4
39 1 3 43 160 4
39 1 4 43 160 4
39 1 5 43 160 4
39 1 6 43 160 4
39 1 7 43 160 4
39 1 22 158 216 229
39 2 22 158 216 229
39 3 22 158 216 229
39 4 22 158 216 229
39 5 22 158 216 229
39 6 22 158 216 229
39 7 22 158 216 229
39 8 22 158 216 229
39 9 22 158 216 229
39 10 22 158 216 229
39 11 22 158 216 229
39 12 22 158 216 229
39 13 22 158 216 229
39 14 22 158 216 229
39 15 22 158 216 229
39 16 22 158 216 229
39 17 22 158 216 229
39 18 22 158 216 229
39 19 22 158 216 229
39 20 22 158 216 229
39 21 22 158 216 229
39 22 22 158 216 229
39 23 22 158 216 229
39 24 22 158 216 229
39 25 22 158 216 229
39 26 22 158 216 229
39 27 22 158 216 229
39 28 22 158 216 229
39 29 22 158 216 229
39 30 22 158 216 229
39 31 22 158 216 229
39 32 22 158 216 229
39 33 10 214 38 40
39 33 11 214 38 40
39 33 12 214 38 40
39 33 13 214 38 40
39 33 14 214 38 40
39 33 15 214 38 40
39 33 16 214 38 40
39 33 17 214 38 40
39 33 18 214 38 40
39 33 19 214 38 40
39 33 20 214 38 40
39 33 21 214 38 40
39 33 22 158 216 229
39 34 0 214 38 40
39 34 1 214 38 40
39 34 2 214 38 40
39 34 3 214 38 40
39 34 4 214 38 40
39 34 5 214 38 40
39 34 6 214 38 40
39 34 7 214 38 40
39 34 8 214 38 40
39 34 9 214 38 40
39 34 10 214 38 40
39 34 11 214 38 40
39 34 12 214 38 40
39 34 13 214 38 40
39 34 14 214 38 40
39 34 15 214 38 40
39 34 16 214 38 40
39 34 17 214 38 40
39 34 18 214 38 40
39 34 19 214 38 40
39 34 20 214 38 40
39 34 21 214 38 40
39 34 22 214 38 40
40 0 0 43 160 4
40 0 1 43 160 4
40 0 2 43 160 4
40 0 3 43 160 4
40 0 4 43 160 4
40 0 5 43 160 4
40 0 6 43 160 4
40 0 7 43 160 4
40 0 8 43 160 4
40 0 9 43 160 4
40 0 10 43 160 4
40 0 11 43 160 4
40 0 12 43 160 4
40 0 13 43 160 4
40 0 14 43 160 4
40 0 15 43 160 4
40 0 16 43 160 4
40 0 17 43 160 4
40 0 18 43 160 4
40 0 19 43 160 4
40 0 20 43 160 4
40 0 21 43 160 4
40 0 22 158 216 229
40 1 0 43 160 4
40 1 1 43 160 4
40 1 2 43 160 4
40 1 3 43 160 4
40 1 4 43 160 4
40 1 5 43 160 4
40 1 6 43 160 4
40 1 7 43 160 4
40 1 8 43 160 4
40 1 22 158 216 229
40 2 22 158 216 229
40 3 22 158 216 229
40 4 22 158 216 229
40 5 22 158 216 229
40 6 22 158 216 229
40 7 22 158 216 229
40 8 22 158 216 229
40 9 22 158 216 229
40 10 22 158 216 229
40 11 22 158 216 229
40 12 22 158 216 229
40 13 22 158 216 229
40 14 22 158 216 229
40 15 22 158 216 229
40 16 22 158 216 229
40 17 22 158 216 229
40 18 22 158 216 229
40 19 22 158 216 229
40 20 22 158 216 229
40 21 22 158 216 229
40 22 22 158 216 229
40 23 22 158 216 229
40 24 22 158 216 229
40 25 22 158 216 229
40 26 22 158 216 229
40 27 22 158 216 229
40 28 22 158 216 229
40 29 22 158 216 229
40 30 22 158 216 229
40 31 22 158 216 229
40 32 22 158 216 229
40 33 11 214 38 40
40 33 12 214 38 40
40 33 13 214 38 40
40 33 14 214 38 40
40 33 15 214 38 40
40 33 16 214 38 40
40 33 17 214 38 40
40 33 18 214 38 40
40 33 19 214 38 40
40 33 20 214 38 40
40 33 21 214 38 40
40 33 22 158 216 229
40 33 23 158 216 229
40 34 0 214 38 40
40 34 1 214 38 40
40 34 2 214 38 40
40 34 3 214 38 40
40 34 4 214 38 40
40 34 5 214 38 40
40 34 6 214 38 40
40 34 7 214 38 40
40 34 8 214 38 40
40 34 9 214 38 40
40 34 10 214 38 40
40 34 11 214 38 40
40 34 12 214 38 40
40 34 13 214 38 40
40 34 14 214 38 40
40 34 15 214 38 40
40 34 16 214 38 40
40 34 17 214 38 40
40 34 18 214 38 40
40 34 19 214 38 40
40 34 20 214 38 40
40 34 21 214 38 40
40 34 22 214 38 40
41 0 0 43 160 4
41 0 1 43 160 4
41 0 2 43 160 4
41 0 3 43 160 4
41 0 4 43 160 4
41 0 5 43 160 4
41 0 6 43 160 4
41 0 7 43 160 4
41 0 8 43 160 4
41 0 9 43 160 4
41 0 10 43 160 4
41 0 11 43 160 4
41 0 12 43 160 4
41 0 13 43 160 4
41 0 14 43 160 4
41 0 15 43 160 4
41 0 16 43 160 4
41 0 17 43 160 4
41 0 18 43 160 4
41 0 19 43 160 4
41 0 20 43 160 4
41 0 21 43 160 4
41 0 22 158 216 229
41 1 0 43 160 4
41 1 1 43 160 4
41 1 2 43 160 4
41 1 3 43 160 4
41 1 4 43 160 4
41 1 5 43 160 4
41 1 6 43 160 4
41 1 7 43 160 4
41 1 8 43 160 4
41 1 9 43 160 4
41 1 10 43 160 4
41 1 22 158 216 229
41 2 22 158 216 229
41 3 22 158 216 229
41 4 22 158 216 229
41 5 22 158 216 229
41 6 22 158 216 229
41 7 22 158 216 229
41 8 22 158 216 229
41 9 22 158 216 229
41 10 22 158 216 229
41 11 22 158 216 229
41 12 22 158 216 229
41 13 22 158 216 229
41 14 22 158 216 229
41 15 22 158 216 229
41 16 22 158 216 229
41 17 22 158 216 229
41 18 22 158 216 229
41 19 22 158 216 229
41 20 22 158 216 229
41 21 22 158 216 229
41 22 22 158 216 229
41 23 22 158 216 229
41 24 22 158 216 229
41 25 22 158 216 229
41 26 22 158 216 229
41 27 22 158 216 229
41 28 22 158 216 229
41 29 22 158 216 229
41 30 22 158 216 229
41 31 22 158 216 229
41 32 22 158 216 229
41 32 23 158 216 229
41 33 13 214 38 40
41 33 14 214 38 40
41 33 15 214 38 40
41 33 16 214 38 40
41 33 17 214 38 40
41 33 18 214 38 40
41 33 19 214 38 40
41 33 20 214 38 40
41 33 21 214 38 40
41 33 22 158 216 229
41 33 23 158 216 229
41 34 0 214 38 40
41 34 1 214 38 40
41 34 2 214 38 40
41 34 3 214 38 40
41 34 4 214 38 40
41 34 5 214 38 40
41 34 6 214 38 40
41 34 7 214 38 40
41 34 8 214 38 40
41 34 9 214 38 40
41 34 10 214 38 40
41 34 11 214 38 40
41 34 12 214 38 40
41 34 13 214 38 40
41 34 14 214 38 40
41 34 15 214 38 40
41 34 16 214 38 40
41 34 17 214 38 40
41 34 18 214 38 40
41 34 19 214 38 40
41 34 20 214 38 40
41 34 21 214 38 40
41 34 22 214 38 40
42 0 0 43 160 4
42 0 1 43 160 4
42 0 2 43 160 4
42 0 3 43 160 4
42 0 4 43 160 4
42 0 5 43 160 4
42 0 6 43 160 4
42 0 7 43 160 4
42 0 8 43 160 4
42 0 9 43 160 4
42 0 10 43 160 4
42 0 11 43 160 4
42 0 12 43 160 4
42 0 13 43 160 4
42 0 14 43 160 4
42 0 15 43 160 4
42 0 16 43 160 4
42 0 17 43 160 4
42 0 18 43 160 4
42 0 19 43 160 4
42 0 20 43 160 4
42 0 21 43 160 4
42 0 22 158 216 229
42 1 0 43 160 4
42 1 1 43 160 4
42 1 2 43 160 4
42 1 3 43 160 4
42 1 4 43 160 4
42 1 5 43 160 4
42 1 6 43 160 4
42 1 7 43 160 4
42 1 8 43 160 4
42 1 9 43 160 4
42 1 10 43 160 4
42 1 11 43 160 4
42 1 22 158 216 229
42 2 22 158 216 229
42 3 22 158 216 229
42 4 22 158 216 229
42 5 22 158 216 229
42 6 22 158 216 229
42 7 22 158 216 229
42 8 22 158 216 229
42 9 22 158 216 229
42 10 22 158 216 229
42 11 22 158 216 229
42 12 22 158 216 229
42 13 22 158 216 229
42 14 22 158 216 229
42 15 22 158 216 229
42 16 22 158 216 229
42 17 22 158 216 229
42 18 22 158 216 229
42 19 22 158 216 229
42 20 22 158 216 229
42 21 22 158 216 229
42 22 22 158 216 229
42 23 22 158 216 229
42 24 22 158 216 229
42 25 22 158 216 229
42 26 22 158 216 229
42 27 22 158 216 229
42 28 22 158 216 229
42 29 22 158 216 229
42 30 22 158 216 229
42 31 22 158 216 229
42 31 23 158 216 229
42 32 22 158 216 229
42 32 23 158 216 229
42 33 14 214 38 40
42 33 15 214 38 40
42 33 16 214 38 40
42 33 17 214 38 40
42 33 18 214 38 40
42 33 19 214 38 40
42 33 20 214 38 40
42 33 21 214 38 40
42 33 22 158 216 229
42 33 23 158 216 229
42 34 0 214 38 40
42 34 1 214 38 40
42 34 2 214 38 40
42 34 3 214 38 40
42 34 4 214 38 40
42 34 5 214 38 40
42 34 6 214 38 40
42 34 7 214 38 40
42 34 8 214 38 40
42 34 9 214 38 40
42 34 10 214 38 40
42 34 11 214 38 40
42 34 12 214 38 40
42 34 13 214 38 40
42 34 14 214 38 40
42 34 15 214 38 40
42 34 16 214 38 40
42 34 17 214 38 40
42 34 18 214 38 40
42 34 19 214 38 40
42 34 20 214 38 40
42 34 21 214 38 40
42 34 22 214 38 40
43 0 0 43 160 4
43 0 1 43 160 4
43 0 2 43 160 4
43 0 3 43 160 4
43 0 4 43 160 4
43 0 5 43 160 4
43 0 6 43 160 4
43 0 7 43 160 4
43 0 8 43 160 4
43 0 9 43 160 4
43 0 10 43 160 4
43 0 11 43 160 4
43 0 12 43 160 4
43 0 13 43 160 4
43 0 14 43 160 4
43 0 15 43 160 4
43 0 16 43 160 4
43 0 17 43 160 4
43 0 18 43 160 4
43 0 19 43 160 4
43 0 20 43 160 4
43 0 21 43 160 4
43 0 22 158 216 229
43 1 0 43 160 4
43 1 1 43 160 4
43 1 2 43 160 4
43 1 3 43 160 4
43 1 4 43 160 4
43 1 5 43 160 4
43 1 6 43 160 4
43 1 7 43 160 4
43 1 8 43 160 4
43 1 9 43 160 4
43 1 10 43 160 4
43 1 11 43 160 4
43 1 12 43 160 4
43 1 22 158 216 229
43 2 22 158 216 229
43 3 22 158 216 229
43 4 22 158 216 229
43 5 22 158 216 229
43 6 22 158 216 229
43 7 22 158 216 229
43 8 22 158 216 229
43 9 22 158 216 229
43 10 22 158 216 229
43 11 22 158 216 229
43 12 22 158 216 229
43 13 22 158 216 229
43 14 22 158 216 229
43 15 22 158 216 229
43 16 22 158 216 229
43 17 22 158 216 229
43 18 22 158 216 229
43 19 22 158 216 229
43 20 22 158 216 229
43 21 22 158 216 229
43 22 22 158 216 229
43 23 22 158 216 229
43 24 22 158 216 229
43 25 22 158 216 229
43 26 22 158 216 229
43 27 22 158 216 229
43 28 22 158 216 229
43 29 22 158 216 229
43 30 22 158 216 229
43 30 23 158 216 229
43 31 22 158 216 229
43 31 23 158 216 229
43 32 22 158 216 229
43 32 23 158 216 229
43 33 15 214 38 40
43 33 16 214 38 40
43 33 17 214 38 40
43 33 18 214 38 40
43 33 19 214 38 40
43 33 20 214 38 40
43 33 21 214 38 40
43 33 22 158 216 229
43 33 23 158 216 229
43 34 0 214 38 40
43 34 1 214 38 40
43 34 2 214 38 40
43 34 3 214 38 40
43 34 4 214 38 40
43 34 5 214 38 40
43 34 6 214 38 40
43 34 7 214 38 40
43 34 8 214 38 40
43 34 9 214 38 40
43 34 10 214 38 40
43 34 11 214 38 40
43 34 12 214 38 40
43 34 13 214 38 40
43 34 14 214 38 40
43 34 15 214 38 40
43 34 16 214 38 40
43 34 17 214 38 40
43 34 18 214 38 40
43 34 19 214 38 40
43 34 20 214 38 40
43 34 21 214 38 40
43 34 22 214 38 40
44 0 2 43 160 4
44 0 3 43 160 4
44 0 4 43 160 4
44 0 5 43 160 4
44 0 6 43 160 4
44 0 7 43 160 4
44 0 8 43 160 4
44 0 9 43 160 4
44 0 10 43 160 4
44 0 11 43 160 4
44 0 12 43 160 4
44 0 13 43 160 4
44 0 14 43 160 4
44 0 15 43 160 4
44 0 16 43 160 4
44 0 17 43 160 4
44 0 18 43 160 4
44 0 19 43 160 4
44 0 20 43 160 4
44 0 21 43 160 4
44 0 22 158 216 229
44 1 0 43 160 4
44 1 1 43 160 4
44 1 2 43 160 4
44 1 3 43 160 4
44 1 4 43 160 4
44 1 5 43 160 4
44 1 6 43 160 4
44 1 7 43 160 4
44 1 8 43 160 4
44 1 9 43 160 4
44 1 10 43 160 4
44 1 11 43 160 4
44 1 12 43 160 4
44 1 13 43 160 4
44 1 22 158 216 229
44 2 22 158 216 229
44 3 22 158 216 229
44 4 22 158 216 229
44 5 22 158 216 229
44 6 22 158 216 229
44 7 22 158 216 229
44 8 22 158 216 229
44 9 22 158 216 229
44 10 22 158 216 229
44 11 22 158 216 229
44 12 22 158 216 229
44 13 22 158 216 229
44 14 22 158 216 229
44 15 22 158 216 229
44 16 22 158 216 229
44 17 22 158 216 229
44 18 22 158 216 229
44 19 22 158 216 229
44 20 22 158 216 229
44 21 22 158 216 229
44 22 22 158 216 229
44 23 22 158 216 229
44 24 22 158 216 229
44 25 22 158 216 229
44 26 22 158 216 229
44 27 22 158 216 229
44 28 22 158 216 229
44 29 22 158 216 229
44 29 23 158 216 229
44 30 22 158 216 229
44 30 23 158 216 229
44 31 22 158 216 229
44 31 23 158 216 229
44 32 22 158 216 229
44 32 23 158 216 229
44 33 16 214 38 40
44 33 17 214 38 40
44 33 18 214 38 40
44 33 19 214 38 40
44 33 20 214 38 40
44 33 21 214 38 40
44 33 22 158 216 229
44 33 23 158 216 229
44 34 0 214 38 40
44 34 1 214 38 40
44 34 2 214 38 40
44 34 3 214 38 40
44 34 4 214 38 40
44 34 5 214 38 40
44 34 6 214 38 40
44 34 7 214 38 40
44 34 8 214 38 40
44 34 9 214 38 40
44 34 10 214 38 40
44 34 11 214 38 40
44 34 12 214 38 40
44 34 13 214 38 40
44 34 14 214 38 40
44 34 15 214 38 40
44 34 16 214 38 40
44 34 17 214 38 40
44 34 18 214 38 40
44 34 19 214 38 40
44 34 20 214 38 40
44 34 21 214 38 40
44 34 22 214 38 40
45 0 3 43 160 4
45 0 4 43 160 4
45 0 5 43 160 4
45 0 6 43 160 4
45 0 7 43 160 4
45 0 8 43 160 4
45 0 9 43 160 4
45 0 10 43 160 4
45 0 11 43 160 4
45 0 12 43 160 4
45 0 13 43 160 4
45 0 14 43 160 4
45 0 15 43 160 4
45 0 16 43 160 4
45 0 17 43 160 4
45 0 18 43 160 4
45 0 19 43 160 4
45 0 20 43 160 4
45 0 21 43 160 4
45 0 22 158 216 229
45 1 0 43 160 4
45 1 1 43 160 4
45 1 2 43 160 4
45 1 3 43 160 4
45 1 4 43 160 4
45 1 5 43 160 4
45 1 6 43 160 4
45 1 7 43 160 4
45 1 8 43 160 4
45 1 9 43 160 4
45 1 10 43 160 4
45 1 11 43 160 4
45 1 12 43 160 4
45 1 13 43 160 4
45 1 14 43 160 4
45 1 22 158 216 229
45 2 22 158 216 229
45 3 22 158 216 229
45 4 22 158 216 229
45 5 22 158 216 229
45 6 22 158 216 229
45 7 22 158 216 229
45 8 22 158 216 229
45 9 22 158 216 229
45 10 22 158 216 229
45 11 22 158 216 229
45 12 22 158 216 229
45 13 22 158 216 229
45 14 22 158 216 229
45 15 22 158 216 229
45 16 22 158 216 229
45 17 22 158 216 229
45 18 22 158 216 229
45 19 22 158 216 229
45 20 22 158 216 229
45 21 22 158 216 229
45 22 22 158 216 229
45 23 22 158 216 229
45 24 22 158 216 229
45 25 22 158 216 229
45 26 22 158 216 229
45 27 22 158 216 229
45 28 22 158 216 229
45 29 22 158 216 229
45 29 23 158 216 229
45 30 22 158 216 229
45 30 23 158 216 229
45 31 22 158 216 229
45 31 23 158 216 229
45 32 22 158 216 229
45 32 23 158 216 229
45 33 17 214 38 40
45 33 18 214 38 40
45 33 19 214 38 40
45 33 20 214 38 40
45 33 21 214 38 40
45 33 22 158 216 229
45 33 23 158 216 229
45 34 0 214 38 40
45 34 1 214 38 40
45 34 2 214 38 40
45 34 3 214 38 40
45 34 4 214 38 40
45 34 5 214 38 40
45 34 6 214 38 40
45 34 7 214 38 40
45 34 8 214 38 40
45 34 9 214 38 40
45 34 10 214 38 40
45 34 11 214 38 40
45 34 12 214 38 40
45 34 13 214 38 40
45 34 14 214 38 40
45 34 15 214 38 40
45 34 16 214 38 40
45 34 17 214 38 40
45 34 18 214 38 40
45 34 19 214 38 40
45 34 20 214 38 40
45 34 21 214 38 40
45 34 22 214 38 40
46 0 4 43 160 4
46 0 5 43 160 4
46 0 6 43 160 4
46 0 7 43 160 4
46 0 8 43 160 4
46 0 9 43 160 4
46 0 10 43 160 4
46 0 11 43 160 4
46 0 12 43 160 4
46 0 13 43 160 4
46 0 14 43 160 4
46 0 15 43 160 4
46 0 16 43 160 4
46 0 17 43 160 4
46 0 18 43 160 4
46 0 19 43 160 4
46 0 20 43 160 4
46 0 21 43 160 4
46 0 22 158 216 229
46 1 0 43 160 4
46 1 1 43 160 4
46 1 2 43 160 4
46 1 3 43 160 4
46 1 4 43 160 4
46 1 5 43 160 4
46 1 6 43 160 4
46 1 7 43 160 4
46 1 8 43 160 4
46 1 9 43 160 4
46 1 10 43 160 4
46 1 11 43 160 4
46 1 12 43 160 4
46 1 13 43 160 4
46 1 14 43 160 4
46 1 15 43 160 4
46 1 16 43 160 4
46 1 22 158 216 229
46 2 22 158 216 229
46 3 22 158 216 229
46 4 22 158 216 229
46 5 22 158 216 229
46 6 22 158 216 229
46 7 22 158 216 229
46 8 22 158 216 229
46 9 22 158 216 229
46 10 22 158 216 229
46 11 22 158 216 229
46 12 22 158 216 229
46 13 22 158 216 229
46 14 22 158 216 229
46 15 22 158 216 229
46 16 22 158 216 229
46 17 22 158 216 229
46 18 22 158 216 229
46 19 22 158 216 229
46 20 22 158 216 229
46 21 22 158 216 229
46 22 22 158 216 229
46 23 22 158 216 229
46 24 22 158 216 229
46 25 22 158 216 229
46 26 22 158 216 229
46 27 22 158 216 229
46 28 22 158 216 229
46 28 23 158 216 229
46 29 22 158 216 229
46 29 23 158 216 229
46 30 22 158 216 229
46 30 23 158 216 229
46 31 22 158 216 229
46 31 23 158 216 229
46 32 22 158 216 229
46 32 23 158 216 229
46 33 19 214 38 40
46 33 20 214 38 40
46 33 21 214 38 40
46 33 22 158 216 229
46 33 23 158 216 229
46 34 0 214 38 40
46 34 1 214 38 40
46 34 2 214 38 40
46 34 3 214 38 40
46 34 4 214 38 40
46 34 5 214 38 40
46 34 6 214 38 40
46 34 7 214 38 40
46 34 8 214 38 40
46 34 9 214 38 40
46 34 10 214 38 40
46 34 11 214 38 40
46 34 12 214 38 40
46 34 13 214 38 40
46 34 14 214 38 40
46 34 15 214 38 40
46 34 16 214 38 40
46 34 17 214 38 40
46 34 18 214 38 40
46 34 19 214 38 40
46 34 20 214 38 40
46 34 21 214 38 40
46 34 22 214 38 40
47 0 5 43 160 4
47 0 6 43 160 4
47 0 7 43 160 4
47 0 8 43 160 4
47 0 9 43 160 4
47 0 10 43 160 4
47 0 11 43 160 4
47 0 12 43 160 4
47 0 13 43 160 4
47 0 14 43 160 4
47 0 15 43 160 4
47 0 16 43 160 4
47 0 17 43 160 4
47 0 18 43 160 4
47 0 19 43 160 4
47 0 20 43 160 4
47 0 21 43 160 4
47 0 22 158 216 229
47 1 0 43 160 4
47 1 1 43 160 4
47 1 2 43 160 4
47 1 3 43 160 4
47 1 4 43 160 4
47 1 5 43 160 4
47 1 6 43 160 4
47 1 7 43 160 4
47 1 8 43 160 4
47 1 9 43 160 4
47 1 10 43 160 4
47 1 11 43 160 4
47 1 12 43 160 4
47 1 13 43 160 4
47 1 14 43 160 4
47 1 15 43 160 4
47 1 16 43 160 4
47 1 17 43 160 4
47 1 22 158 216 229
47 2 22 158 216 229
47 3 22 158 216 229
47 4 22 158 216 229
47 5 22 158 216 229
47 6 22 158 216 229
47 7 22 158 216 229
47 8 22 158 216 229
47 9 22 158 216 229
47 10 22 158 216 229
47 11 22 158 216 229
47 12 22 158 216 229
47 13 22 158 216 229
47 14 22 158 216 229
47 15 22 158 216 229
47 16 22 158 216 229
47 17 22 158 216 229
47 18 22 158 216 229
47 19 22 158 216 229
47 20 22 158 216 229
47 21 22 158 216 229
47 22 22 158 216 229
47 23 22 158 216 229
47 24 22 158 216 229
47 25 22 158 216 229
47 26 22 158 216 229
47 27 22 158 216 229
47 27 23 158 216 229
47 28 22 158 216 229
47 28 23 158 216 229
47 29 22 158 216 229
47 29 23 158 216 229
47 30 22 158 216 229
47 30 23 158 216 229
47 31 22 158 216 229
47 31 23 158 216 229
47 32 22 158 216 229
47 32 23 158 216 229
47 33 20 214 38 40
47 33 21 214 38 40
47 33 22 158 216 229
47 33 23 158 216 229
47 34 0 214 38 40
47 34 1 214 38 40
47 34 2 214 38 40
47 34 3 214 38 40
47 34 4 214 38 40
47 34 5 214 38 40
47 34 6 214 38 40
47 34 7 214 38 40
47 34 8 214 38 40
47 34 9 214 38 40
47 34 10 214 38 40
47 34 11 214 38 40
47 34 12 214 38 40
47 34 13 214 38 40
47 34 14 214 38 40
47 34 15 214 38 40
47 34 16 214 38 40
47 34 17 214 38 40
47 34 18 214 38 40
47 34 19 214 38 40
47 34 20 214 38 40
47 34 21 214 38 40
47 34 22 214 38 40
48 0 6 43 160 4
48 0 7 43 160 4
48 0 8 43 160 4
48 0 9 43 160 4
48 0 10 43 160 4
48 0 11 43 160 4
48 0 12 43 160 4
48 0 13 43 160 4
48 0 14 43 160 4
48 0 15 43 160 4
48 0 16 43 160 4
48 0 17 43 160 4
48 0 18 43 160 4
48 0 19 43 160 4
48 0 20 43 160 4
48 0 21 43 160 4
48 0 22 158 216 229
48 1 0 43 160 4
48 1 1 43 160 4
48 1 2 43 160 4
48 1 3 43 160 4
48 1 4 43 160 4
48 1 5 43 160 4
48 1 6 43 160 4
48 1 7 43 160 4
48 1 8 43 160 4
48 1 9 43 160 4
48 1 10 43 160 4
48 1 11 43 160 4
48 1 12 43 160 4
48 1 13 43 160 4
48 1 14 43 160 4
48 1 15 43 160 4
48 1 16 43 160 4
48 1 17 43 160 4
48 1 18 43 160 4
48 1 22 158 216 229
48 2 22 158 216 229
48 3 22 158 216 229
48 4 22 158 216 229
48 5 22 158 216 229
48 6 22 158 216 229
48 7 22 158 216 229
48 8 22 158 216 229
48 9 22 158 216 229
48 10 22 158 216 229
48 11 22 158 216 229
48 12 22 158 216 229
48 13 22 158 216 229
48 14 22 158 216 229
48 15 22 158 216 229
48 16 22 158 216 229
48 17 22 158 216 229
48 18 22 158 216 229
48 19 22 158 216 229
48 20 22 158 216 229
48 21 22 158 216 229
48 22 22 158 216 229
48 23 22 158 216 229
48 24 22 158 216 229
48 25 22 158 216 229
48 26 22 158 216 229
48 26 23 158 216 229
48 27 22 158 216 229
48 27 23 158 216 229
48 28 22 158 216 229
48 28 23 158 216 229
48 29 22 158 216 229
48 29 23 158 216 229
48 30 22 158 216 229
48 30 23 158 216 229
48 31 22 158 216 229
48 31 23 158 216 229
48 32 22 158 216 229
48 32 23 158 216 229
48 33 21 214 38 40
48 33 22 158 216 229
48 33 23 158 216 229
48 34 0 214 38 40
48 34 1 214 38 40
48 34 2 214 38 40
48 34 3 214 38 40
48 34 4 214 38 40
48 34 5 214 38 40
48 34 6 214 38 40
48 34 7 214 38 40
48 34 8 214 38 40
48 34 9 214 38 40
48 34 10 214 38 40
48 34 11 214 38 40
48 34 12 214 38 40
48 34 13 214 38 40
48 34 14 214 38 40
48 34 15 214 38 40
48 34 16 214 38 40
48 34 17 214 38 40
48 34 18 214 38 40
48 34 19 214 38 40
48 34 20 214 38 40
48 34 21 214 38 40
48 34 22 214 38 40
49 0 8 43 160 4
49 0 9 43 160 4
49 0 10 43 160 4
49 0 11 43 160 4
49 0 12 43 160 4
49 0 13 43 160 4
49 0 14 43 160 4
49 0 15 43 160 4
49 0 16 43 160 4
49 0 17 43 160 4
49 0 18 43 160 4
49 0 19 43 160 4
49 0 20 43 160 4
49 0 21 43 160 4
49 0 22 158 216 229
49 1 0 43 160 4
49 1 1 43 160 4
49 1 2 43 160 4
49 1 3 43 160 4
49 1 4 43 160 4
49 1 5 43 160 4
49 1 6 43 160 4
49 1 7 43 160 4
49 1 8 43 160 4
49 1 9 43 160 4
49 1 10 43 160 4
49 1 11 43 160 4
49 1 12 43 160 4
49 1 13 43 160 4
49 1 14 43 160 4
49 1 15 43 160 4
49 1 16 43 160 4
49 1 17 43 160 4
49 1 18 43 160 4
49 1 19 43 160 4
49 1 22 158 216 229
49 2 22 158 216 229
49 3 22 158 216 229
49 4 22 158 216 229
49 5 22 158 216 229
49 6 22 158 216 229
49 7 22 158 216 229
49 8 22 158 216 229
49 9 22 158 216 229
49 10 22 158 216 229
49 11 22 158 216 229
49 12 22 158 216 229
49 13 22 158 216 229
49 14 22 158 216 229
49 15 22 158 216 229
49 16 22 158 216 229
49 17 22 158 216 229
49 18 22 158 216 229
49 19 22 158 216 229
49 20 22 158 216 229
49 21 22 158 216 229
49 22 22 158 216 229
49 23 22 158 216 229
49 24 22 158 216 229
49 25 22 158 216 229
49 26 22 158 216 229
49 26 23 158 216 229
49 27 22 158 216 229
49 27 23 158 216 229
49 28 22 158 216 229
49 28 23 158 216 229
49 29 22 158 216 229
49 29 23 158 216 229
49 30 22 158 216 229
49 30 23 158 216 229
49 31 22 158 216 229
49 31 23 158 216 229
49 32 22 158 216 229
49 32 23 158 216 229
49 33 22 158 216 229
49 33 23 158 216 229
49 34 0 214 38 40
49 34 1 214 38 40
49 34 2 214 38 40
49 34 3 214 38 40
49 34 4 214 38 40
49 34 5 214 38 40
49 34 6 214 38 40
49 34 7 214 38 40
49 34 8 214 38 40
49 34 9 214 38 40
49 34 10 214 38 40
49 34 11 214 38 40
49 34 12 214 38 40
49 34 13 214 38 40
49 34 14 214 38 40
49 34 15 214 38 40
49 34 16 214 38 40
49 34 17 214 38 40
49 34 18 214 38 40
49 34 19 214 38 40
49 34 20 214 38 40
49 34 21 214 38 40
49 34 22 214 38 40
50 0 9 43 160 4
50 0 10 43 160 4
50 0 11 43 160 4
50 0 12 43 160 4
50 0 13 43 160 4
50 0 14 43 160 4
50 0 15 43 160 4
50 0 16 43 160 4
50 0 17 43 160 4
50 0 18 43 160 4
50 0 19 43 160 4
50 0 20 43 160 4
50 0 21 43 160 4
50 0 22 158 216 229
50 1 0 43 160 4
50 1 1 43 160 4
50 1 2 43 160 4
50 1 3 43 160 4
50 1 4 43 160 4
50 1 5 43 160 4
50 1 6 43 160 4
50 1 7 43 160 4
50 1 8 43 160 4
50 1 9 43 160 4
50 1 10 43 160 4
50 1 11 43 160 4
50 1 12 43 160 4
50 1 13 43 160 4
50 1 14 43 160 4
50 1 15 43 160 4
50 1 16 43 160 4
50 1 17 43 160 4
50 1 18 43 160 4
50 1 19 43 160 4
50 1 20 43 160 4
50 1 22 158 216 229
50 2 22 158 216 229
50 3 22 158 216 229
50 4 22 158 216 229
50 5 22 158 216 229
50 6 22 158 216 229
50 7 22 158 216 229
50 8 22 158 216 229
50 9 22 158 216 229
50 10 22 158 216 229
50 11 22 158 216 229
50 12 22 158 216 229
50 13 22 158 216 229
50 14 22 158 216 229
50 15 22 158 216 229
50 16 22 158 216 229
50 17 22 158 216 229
50 18 22 158 216 229
50 19 22 158 216 229
50 20 22 158 216 229
50 21 22 158 216 229
50 22 22 158 216 229
50 23 22 158 216 229
50 24 22 158 216 229
50 25 22 158 216 229
50 25 23 158 216 229
50 26 22 158 216 229
50 26 23 158 216 229
50 27 22 158 216 229
50 27 23 158 216 229
50 28 22 158 216 229
50 28 23 158 216 229
50 29 22 158 216 229
50 29 23 158 216 229
50 30 22 158 216 229
50 30 23 158 216 229
50 31 22 158 216 229
50 31 23 158 216 229
50 32 22 158 216 229
50 32 23 158 216 229
50 33 22 158 216 229
50 33 23 158 216 229
50 34 0 214 38 40
50 34 1 214 38 40
50 34 2 214 38 40
50 34 3 214 38 40
50 34 4 214 38 40
50 34 5 214 38 40
50 34 6 214 38 40
50 34 7 214 38 40
50 34 8 214 38 40
50 34 9 214 38 40
50 34 10 214 38 40
50 34 11 214 38 40
50 34 12 214 38 40
50 34 13 214 38 40
50 34 14 214 38 40
50 34 15 214 38 40
50 34 16 214 38 40
50 34 17 214 38 40
50 34 18 214 38 40
50 34 19 214 38 40
50 34 20 214 38 40
50 34 21 214 38 40
50 34 22 214 38 40
50 34 23 158 216 229
51 0 10 43 160 4
51 0 11 43 160 4
51 0 12 43 160 4
51 0 13 43 160 4
51 0 14 43 160 4
51 0 15 43 160 4
51 0 16 43 160 4
51 0 17 43 160 4
51 0 18 43 160 4
51 0 19 43 160 4
51 0 20 43 160 4
51 0 21 43 160 4
51 0 22 158 216 229
51 1 0 43 160 4
51 1 1 43 160 4
51 1 2 43 160 4
51 1 3 43 160 4
51 1 4 43 160 4
51 1 5 43 160 4
51 1 6 43 160 4
51 1 7 43 160 4
51 1 8 43 160 4
51 1 9 43 160 4
51 1 10 43 160 4
51 1 11 43 160 4
51 1 12 43 160 4
51 1 13 43 160 4
51 1 14 43 160 4
51 1 15 43 160 4
51 1 16 43 160 4
51 1 17 43 160 4
51 1 18 43 160 4
51 1 19 43 160 4
51 1 20 43 160 4
51 1 21 43 160 4
51 1 22 158 216 229
51 2 22 158 216 229
51 3 22 158 216 229
51 4 22 158 216 229
51 5 22 158 216 229
51 6 22 158 216 229
51 7 22 158 216 229
51 8 22 158 216 229
51 9 22 158 216 229
51 10 22 158 216 229
51 11 22 158 216 229
51 12 22 158 216 229
51 13 22 158 216 229
51 14 22 158 216 229
51 15 22 158 216 229
51 16 22 158 216 229
51 17 22 158 216 229
51 18 22 158 216 229
51 19 22 158 216 229
51 20 22 158 216 229
51 21 22 158 216 229
51 22 22 158 216 229
51 23 22 158 216 229
51 24 22 158 216 229
51 24 23 158 216 229
51 25 22 158 216 229
51 25 23 158 216 229
51 26 22 158 216 229
51 26 23 158 216 229
51 27 22 158 216 229
51 27 23 158 216 229
51 28 22 158 216 229
51 28 23 158 216 229
51 29 22 158 216 229
51 29 23 158 216 229
51 30 22 158 216 229
51 30 23 158 216 229
51 31 22 158 216 229
51 31 23 158 216 229
51 32 22 158 216 229
51 32 23 158 216 229
51 33 22 158 216 229
51 33 23 158 216 229
51 34 0 214 38 40
51 34 1 214 38 40
51 34 2 214 38 40
51 34 3 214 38 40
51 34 4 214 38 40
51 34 5 214 38 40
51 34 6 214 38 40
51 34 7 214 38 40
51 34 8 214 38 40
51 34 9 214 38 40
51 34 10 214 38 40
51 34 11 214 38 40
51 34 12 214 38 40
51 34 13 214 38 40
51 34 14 214 38 40
51 34 15 214 38 40
51 34 16 214 38 40
51 34 17 214 38 40
51 34 18 214 38 40
51 34 19 214 38 40
51 34 20 214 38 40
51 34 21 214 38 40
51 34 22 214 38 40
51 34 23 158 216 229
52 0 11 43 160 4
52 0 12 43 160 4
52 0 13 43 160 4
52 0 14 43 160 4
52 0 15 43 160 4
52 0 16 43 160 4
52 0 17 43 160 4
52 0 18 43 160 4
52 0 19 43 160 4
52 0 20 43 160 4
52 0 21 43 160 4
52 0 22 43 160 4
52 1 0 43 160 4
52 1 1 43 160 4
52 1 2 43 160 4
52 1 3 43 160 4
52 1 4 43 160 4
52 1 5 43 160 4
52 1 6 43 160 4
52 1 7 43 160 4
52 1 8 43 160 4
52 1 9 43 160 4
52 1 10 43 160 4
52 1 11 43 160 4
52 1 12 43 160 4
52 1 13 43 160 4
52 1 14 43 160 4
52 1 15 43 160 4
52 1 16 43 160 4
52 1 17 43 160 4
52 1 18 43 160 4
52 1 19 43 160 4
52 1 20 43 160 4
52 1 21 43 160 4
52 1 22 158 216 229
52 2 22 158 216 229
52 3 22 158 216 229
52 4 22 158 216 229
52 5 22 158 216 229
52 6 22 158 216 229
52 7 22 158 216 229
52 8 22 158 216 229
52 9 22 158 216 229
52 10 22 158 216 229
52 11 22 158 216 229
52 12 22 158 216 229
52 13 22 158 216 229
52 14 22 158 216 229
52 15 22 158 216 229
52 16 22 158 216 229
52 17 22 158 216 229
52 18 21 158 216 229
52 18 22 158 216 229
52 19 20 158 216 229
52 19 21 158 216 229
52 19 22 158 216 229
52 20 19 158 216 229
52 20 20 158 216 229
52 20 21 158 216 229
52 20 22 158 216 229
52 21 17 158 216 229
52 21 18 158 216 229
52 21 19 158 216 229
52 21 20 158 216 229
52 21 21 158 216 229
52 21 22 158 216 229
52 22 16 158 216 229
52 22 17 158 216 229
52 22 18 158 216 229
52 22 19 158 216 229
52 22 20 158 216 229
52 22 21 158 216 229
52 22 22 158 216 229
52 23 14 158 216 229
52 23 15 158 216 229
52 23 16 158 216 229
52 23 17 158 216 229
52 23 18 158 216 229
52 23 19 158 216 229
52 23 20 158 216 229
52 23 21 158 216 229
52 23 22 158 216 229
52 23 23 158 216 229
52 24 13 158 216 229
52 24 14 158 216 229
52 24 15 158 216 229
52 24 16 158 216 229
52 24 17 158 216 229
52 24 18 158 216 229
52 24 19 158 216 229
52 24 20 158 216 229
52 24 21 158 216 229
52 24 22 158 216 229
52 24 23 158 216 229
52 25 11 158 216 229
52 25 12 158 216 229
52 25 13 158 216 229
52 25 14 158 216 229
52 25 15 158 216 229
52 25 16 158 216 229
52 25 17 158 216 229
52 25 18 158 216 229
52 25 19 158 216 229
52 25 20 158 216 229
52 25 21 158 216 229
52 25 22 158 216 229
52 25 23 158 216 229
52 26 10 158 216 229
52 26 11 158 216 229
52 26 12 158 216 229
52 26 13 158 216 229
52 26 14 158 216 229
52 26 15 158 216 229
52 26 16 158 216 229
52 26 17 158 216 229
52 26 18 158 216 229
52 26 19 158 216 229
52 26 20 158 216 229
52 26 21 158 216 229
52 26 22 158 216 229
52 26 23 158 216 229
52 27 9 158 216 229
52 27 10 158 216 229
52 27 11 158 216 229
52 27 12 158 216 229
52 27 13 158 216 229
52 27 14 158 216 229
52 27 15 158 216 229
52 27 16 158 216 229
52 27 17 158 216 229
52 27 18 158 216 229
52 27 19 158 216 229
52 27 20 158 216 229
52 27 21 158 216 229
52 27 22 158 216 229
52 27 23 158 216 229
52 28 7 158 216 229
52 28 8 158 216 229
52 28 9 158 216 229
52 28 10 158 216 229
52 28 11 158 216 229
52 28 12 158 216 229
52 28 13 158 216 229
52 28 14 158 216 229
52 28 15 158 216 229
52 28 16 158 216 229
52 28 17 158 216 229
52 28 18 158 216 229
52 28 19 158 216 229
52 28 20 158 216 229
52 28 21 158 216 229
52 28 22 158 216 229
52 28 23 158 216 229
52 29 6 158 216 229
52 29 7 158 216 229
52 29 8 158 216 229
52 29 9 158 216 229
52 29 10 158 216 229
52 29 11 158 216 229
52 29 12 158 216 229
52 29 13 158 216 229
52 29 14 158 216 229
52 29 15 158 216 229
52 29 16 158 216 229
52 29 17 158 216 229
52 29 18 158 216 229
52 29 19 158 216 229
52 29 20 158 216 229
52 29 21 158 216 229
52 29 22 158 216 229
52 29 23 158 216 229
52 30 4 158 216 229
52 30 5 158 216 229
52 30 6 158 216 229
52 30 7 158 216 229
52 30 8 158 216 229
52 30 9 158 216 229
52 30 10 158 216 229
52 30 11 158 216 229
52 30 12 158 216 229
52 30 13 158 216 229
52 30 14 158 216 229
52 30 15 158 216 229
52 30 16 158 216 229
52 30 17 158 216 229
52 30 18 158 216 229
52 30 19 158 216 229
52 30 20 158 216 229
52 30 21 158 216 229
52 30 22 158 216 229
52 30 23 158 216 229
52 31 3 158 216 229
52 31 4 158 216 229
52 31 5 158 216 229
52 31 6 158 216 229
52 31 7 158 216 229
52 31 8 158 216 229
52 31 9 158 216 229
52 31 10 158 216 229
52 31 11 158 216 229
52 31 12 158 216 229
52 31 13 158 216 229
52 31 14 158 216 229
52 31 15 158 216 229
52 31 16 158 216 229
52 31 17 158 216 229
52 31 18 158 216 229
52 31 19 158 216 229
52 31 20 158 216 229
52 31 21 158 216 229
52 31 22 158 216 229
52 31 23 158 216 229
52 32 1 158 216 229
52 32 2 158 216 229
52 32 3 158 216 229
52 32 4 158 216 229
52 32 5 158 216 229
52 32 6 158 216 229
52 32 7 158 216 229
52 32 8 158 216 229
52 32 9 158 216 229
52 32 10 158 216 229
52 32 11 158 216 229
52 32 12 158 216 229
52 32 13 158 216 229
52 32 14 158 216 229
52 32 15 158 216 229
52 32 16 158 216 229
52 32 17 158 216 229
52 32 18 158 216 229
52 32 19 158 216 229
52 32 20 158 216 229
52 32 21 158 216 229
52 32 22 158 216 229
52 32 23 158 216 229
52 33 0 158 216 229
52 33 1 158 216 229
52 33 2 158 216 229
52 33 3 158 216 229
52 33 4 158 216 229
52 33 5 158 216 229
52 33 6 158 216 229
52 33 7 158 216 229
52 33 8 158 216 229
52 33 9 158 216 229
52 33 10 158 216 229
52 33 11 158 216 229
52 33 12 158 216 229
52 33 13 158 216 229
52 33 14 158 216 229
52 33 15 158 216 229
52 33 16 158 216 229
52 33 17 158 216 229
52 33 18 158 216 229
52 33 19 158 216 229
52 33 20 158 216 229
52 33 21 158 216 229
52 33 22 158 216 229
52 33 23 158 216 229
52 34 0 214 38 40
52 34 1 214 38 40
52 34 2 214 38 40
52 34 3 214 38 40
52 34 4 214 38 40
52 34 5 214 38 40
52 34 6 214 38 40
52 34 7 214 38 40
52 34 8 214 38 40
52 34 9 214 38 40
52 34 10 214 38 40
52 34 11 214 38 40
52 34 12 214 38 40
52 34 13 214 38 40
52 34 14 214 38 40
52 34 15 214 38 40
52 34 16 214 38 40
52 34 17 214 38 40
52 34 18 214 38 40
52 34 19 214 38 40
52 34 20 214 38 40
52 34 21 214 38 40
52 34 22 214 38 40
53 0 12 43 160 4
53 0 13 43 160 4
53 0 14 43 160 4
53 0 15 43 160 4
53 0 16 43 160 4
53 0 17 43 160 4
53 0 18 43 160 4
53 0 19 43 160 4
53 0 20 43 160 4
53 0 21 43 160 4
53 0 22 43 160 4
53 1 0 43 160 4
53 1 1 43 160 4
53 1 2 43 160 4
53 1 3 158 216 229
53 1 4 158 216 229
53 1 5 158 216 229
53 1 6 158 216 229
53 1 7 158 216 229
53 1 8 158 216 229
53 1 9 158 216 229
53 1 10 158 216 229
53 1 11 158 216 229
53 1 12 158 216 229
53 1 13 158 216 229
53 1 14 158 216 229
53 1 15 158 216 229
53 1 16 158 216 229
53 1 17 158 216 229
53 1 18 158 216 229
53 1 19 158 216 229
53 1 20 158 216 229
53 1 21 158 216 229
53 1 22 158 216 229
53 2 0 158 216 229
53 2 1 158 216 229
53 2 2 158 216 229
53 2 3 158 216 229
53 2 4 158 216 229
53 2 5 158 216 229
53 2 6 158 216 229
53 2 7 158 216 229
53 2 8 158 216 229
53 2 9 158 216 229
53 2 10 158 216 229
53 2 11 158 216 229
53 2 12 158 216 229
53 2 13 158 216 229
53 2 14 158 216 229
53 2 15 158 216 229
53 2 16 158 216 229
53 2 17 158 216 229
53 2 18 158 216 229
53 2 19 158 216 229
53 2 20 158 216 229
53 2 21 158 216 229
53 2 22 158 216 229
53 3 0 158 216 229
53 3 1 158 216 229
53 3 2 158 216 229
53 3 3 158 216 229
53 3 4 158 216 229
53 3 5 158 216 229
53 3 6 158 216 229
53 3 7 158 216 229
53 3 8 158 216 229
53 3 9 158 216 229
53 3 10 158 216 229
53 3 11 158 216 229
53 3 12 158 216 229
53 3 13 158 216 229
53 3 14 158 216 229
53 3 15 158 216 229
53 3 16 158 216 229
53 3 17 158 216 229
53 3 18 158 216 229
53 3 19 158 216 229
53 3 20 158 216 229
53 3 21 158 216 229
53 3 22 158 216 229
53 4 0 158 216 229
53 4 1 158 216 229
53 4 2 158 216 229
53 4 3 158 216 229
53 4 4 158 216 229
53 4 5 158 216 229
53 4 6 158 216 229
53 4 7 158 216 229
53 4 8 158 216 229
53 4 9 158 216 229
53 4 10 158 216 229
53 4 11 158 216 229
53 4 12 158 216 229
53 4 13 158 216 229
53 4 14 158 216 229
53 4 15 158 216 229
53 4 16 158 216 229
53 4 17 158 216 229
53 4 18 158 216 229
53 4 19 158 216 229
53 4 20 158 216 229
53 4 21 158 216 229
53 4 22 158 216 229
53 5 0 158 216 229
53 5 1 158 216 229
53 5 2 158 216 229
53 5 3 158 216 229
53 5 4 158 216 229
53 5 5 158 216 229
53 5 6 158 216 229
53 5 7 158 216 229
53 5 8 158 216 229
53 5 9 158 216 229
53 5 10 158 216 229
53 5 11 158 216 229
53 5 12 158 216 229
53 5 13 158 216 229
53 5 14 158 216 229
53 5 15 158 216 229
53 5 16 158 216 229
53 5 17 158 216 229
53 5 18 158 216 229
53 5 19 158 216 229
53 5 20 158 216 229
53 5 21 158 216 229
53 5 22 158 216 229
53 6 0 158 216 229
53 6 1 158 216 229
53 6 2 158 216 229
53 6 3 158 216 229
53 6 4 158 216 229
53 6 5 158 216 229
53 6 6 158 216 229
53 6 7 158 216 229
53 6 8 158 216 229
53 6 9 158 216 229
53 6 10 158 216 229
53 6 11 158 216 229
53 6 12 158 216 229
53 6 13 158 216 229
53 6 14 158 216 229
53 6 15 158 216 229
53 6 16 158 216 229
53 6 17 158 216 229
53 6 18 158 216 229
53 6 19 158 216 229
53 6 20 158 216 229
53 6 21 158 216 229
53 6 22 158 216 229
53 7 0 158 216 229
53 7 1 158 216 229
53 7 2 158 216 229
53 7 3 158 216 229
53 7 4 158 216 229
53 7 5 158 216 229
53 7 6 158 216 229
53 7 7 158 216 229
53 7 8 158 216 229
53 7 9 158 216 229
53 7 10 158 216 229
53 7 11 158 216 229
53 7 12 158 216 229
53 7 13 158 216 229
53 7 14 158 216 229
53 7 15 158 216 229
53 7 16 158 216 229
53 7 17 158 216 229
53 7 18 158 216 229
53 7 19 158 216 229
53 7 20 158 216 229
53 7 21 158 216 229
53 7 22 158 216 229
53 8 0 158 216 229
53 8 1 158 216 229
53 8 2 158 216 229
53 8 3 158 216 229
53 8 4 158 216 229
53 8 5 158 216 229
53 8 6 158 216 229
53 8 7 158 216 229
53 8 8 158 216 229
53 8 9 158 216 229
53 8 10 158 216 229
53 8 11 158 216 229
53 8 12 158 216 229
53 8 13 158 216 229
53 8 14 158 216 229
53 8 15 158 216 229
53 8 16 158 216 229
53 8 17 158 216 229
53 8 18 158 216 229
53 8 19 158 216 229
53 8 20 158 216 229
53 8 21 158 216 229
53 8 22 158 216 229
53 9 0 158 216 229
53 9 1 158 216 229
53 9 2 158 216 229
53 9 3 158 216 229
53 9 4 158 216 229
53 9 5 158 216 229
53 9 6 158 216 229
53 9 7 158 216 229
53 9 8 158 216 229
53 9 9 158 216 229
53 9 10 158 216 229
53 9 11 158 216 229
53 9 12 158 216 229
53 9 13 158 216 229
53 9 14 158 216 229
53 9 15 158 216 229
53 9 16 158 216 229
53 9 17 158 216 229
53 9 18 158 216 229
53 9 19 158 216 229
53 9 20 158 216 229
53 9 21 158 216 229
53 9 22 158 216 229
53 10 0 158 216 229
53 10 1 158 216 229
53 10 2 158 216 229
53 10 3 158 216 229
53 10 4 158 216 229
53 10 5 158 216 229
53 10 6 158 216 229
53 10 7 158 216 229
53 10 8 158 216 229
53 10 9 158 216 229
53 10 10 158 216 229
53 10 11 158 216 229
53 10 12 158 216 229
53 10 13 158 216 229
53 10 14 158 216 229
53 10 15 158 216 229
53 10 16 158 216 229
53 10 17 158 216 229
53 10 18 158 216 229
53 10 19 158 216 229
53 10 20 158 216 229
53 10 21 158 216 229
53 10 22 158 216 229
53 11 0 158 216 229
53 11 1 158 216 229
53 11 2 158 216 229
53 11 3 158 216 229
53 11 4 158 216 229
53 11 5 158 216 229
53 11 6 158 216 229
53 11 7 158 216 229
53 11 8 158 216 229
53 11 9 158 216 229
53 11 10 158 216 229
53 11 11 158 216 229
53 11 12 158 216 229
53 11 13 158 216 229
53 11 14 158 216 229
53 11 15 158 216 229
53 11 16 158 216 229
53 11 17 158 216 229
53 11 18 158 216 229
53 11 19 158 216 229
53 11 20 158 216 229
53 11 21 158 216 229
53 11 22 158 216 229
53 12 0 158 216 229
53 12 1 158 216 229
53 12 2 158 216 229
53 12 3 158 216 229
53 12 4 158 216 229
53 12 5 158 216 229
53 12 6 158 216 229
53 12 7 158 216 229
53 12 8 158 216 229
53 12 9 158 216 229
53 12 10 158 216 229
53 12 11 158 216 229
53 12 12 158 216 229
53 12 13 158 216 229
53 12 14 158 216 229
53 12 15 158 216 229
53 12 16 158 216 229
53 12 17 158 216 229
53 12 18 158 216 229
53 12 19 158 216 229
53 12 20 158 216 229
53 12 21 158 216 229
53 12 22 158 216 229
53 13 0 158 216 229
53 13 1 158 216 229
53 13 2 158 216 229
53 13 3 158 216 229
53 13 4 158 216 229
53 13 5 158 216 229
53 13 6 158 216 229
53 13 7 158 216 229
53 13 8 158 216 229
53 13 9 158 216 229
53 13 10 158 216 229
53 13 11 158 216 229
53 13 12 158 216 229
53 13 13 158 216 229
53 13 14 158 216 229
53 13 15 158 216 229
53 13 16 158 216 229
53 13 17 158 216 229
53 13 18 158 216 229
53 13 19 158 216 229
53 13 20 158 216 229
53 13 21 158 216 229
53 13 22 158 216 229
53 14 0 158 216 229
53 14 1 158 216 229
53 14 2 158 216 229
53 14 3 158 216 229
53 14 4 158 216 229
53 14 5 158 216 229
53 14 6 158 216 229
53 14 7 158 216 229
53 14 8 158 216 229
53 14 9 158 216 229
53 14 10 158 216 229
53 14 11 158 216 229
53 14 12 158 216 229
53 14 13 158 216 229
53 14 14 158 216 229
53 14 15 158 216 229
53 14 16 158 216 229
53 14 17 158 216 229
53 14 18 158 216 229
53 14 19 158 216 229
53 14 20 158 216 229
53 14 21 158 216 229
53 14 22 158 216 229
53 15 0 158 216 229
53 15 1 158 216 229
53 15 2 158 216 229
53 15 3 158 216 229
53 15 4 158 216 229
53 15 5 158 216 229
53 15 6 158 216 229
53 15 7 158 216 229
53 15 8 158 216 229
53 15 9 158 216 229
53 15 10 158 216 229
53 15 11 158 216 229
53 15 12 158 216 229
53 15 13 158 216 229
53 15 14 158 216 229
53 15 15 158 216 229
53 15 16 158 216 229
53 15 17 158 216 229
53 15 18 158 216 229
53 15 19 158 216 229
53 15 20 158 216 229
53 15 21 158 216 229
53 15 22 158 216 229
53 16 0 158 216 229
53 16 1 158 216 229
53 16 2 158 216 229
53 16 3 158 216 229
53 16 4 158 216 229
53 16 5 158 216 229
53 16 6 158 216 229
53 16 7 158 216 229
53 16 8 158 216 229
53 16 9 158 216 229
53 16 10 158 216 229
53 16 11 158 216 229
53 16 12 158 216 229
53 16 13 158 216 229
53 16 14 158 216 229
53 16 15 158 216 229
53 16 16 158 216 229
53 16 17 158 216 229
53 16 18 158 216 229
53 16 19 158 216 229
53 16 20 158 216 229
53 16 21 158 216 229
53 16 22 158 216 229
53 17 0 158 216 229
53 17 1 158 216 229
53 17 2 158 216 229
53 17 3 158 216 229
53 17 4 158 216 229
53 17 5 158 216 229
53 17 6 158 216 229
53 17 7 158 216 229
53 17 8 158 216 229
53 17 9 158 216 229
53 17 10 158 216 229
53 17 11 158 216 229
53 17 12 158 216 229
53 17 13 158 216 229
53 17 14 158 216 229
53 17 15 158 216 229
53 17 16 158 216 229
53 17 17 158 216 229
53 17 18 158 216 229
53 17 19 158 216 229
53 17 20 158 216 229
53 17 21 158 216 229
53 17 22 158 216 229
53 18 0 158 216 229
53 18 1 158 216 229
53 18 2 158 216 229
53 18 3 158 216 229
53 18 4 158 216 229
53 18 5 158 216 229
53 18 6 158 216 229
53 18 7 158 216 229
53 18 8 158 216 229
53 18 9 158 216 229
53 18 10 158 216 229
53 18 11 158 216 229
53 18 12 158 216 229
53 18 13 158 216 229
53 18 14 158 216 229
53 18 15 158 216 229
53 18 16 158 216 229
53 18 17 158 216 229
53 18 18 158 216 229
53 18 19 158 216 229
53 18 20 158 216 229
53 18 21 158 216 229
53 18 22 158 216 229
53 19 0 158 216 229
53 19 1 158 216 229
53 19 2 158 216 229
53 19 3 158 216 229
53 19 4 158 216 229
53 19 5 158 216 229
53 19 6 158 216 229
53 19 7 158 216 229
53 19 8 158 216 229
53 19 9 158 216 229
53 19 10 158 216 229
53 19 11 158 216 229
53 19 12 158 216 229
53 19 13 158 216 229
53 19 14 158 216 229
53 19 15 158 216 229
53 19 16 158 216 229
53 19 17 158 216 229
53 19 18 158 216 229
53 19 19 158 216 229
53 19 20 158 216 229
53 19 21 158 216 229
53 19 22 158 216 229
53 20 0 158 216 229
53 20 1 158 216 229
53 20 2 158 216 229
53 20 3 158 216 229
53 20 4 158 216 229
53 20 5 158 216 229
53 20 6 158 216 229
53 20 7 158 216 229
53 20 8 158 216 229
53 20 9 158 216 229
53 20 10 158 216 229
53 20 11 158 216 229
53 20 12 158 216 229
53 20 13 158 216 229
53 20 14 158 216 229
53 20 15 158 216 229
53 20 16 158 216 229
53 20 17 158 216 229
53 20 18 158 216 229
53 20 19 158 216 229
53 20 20 158 216 229
53 20 21 158 216 229
53 20 22 158 216 229
53 21 0 158 216 229
53 21 1 158 216 229
53 21 2 158 216 229
53 21 3 158 216 229
53 21 4 158 216 229
53 21 5 158 216 229
53 21 6 158 216 229
53 21 7 158 216 229
53 21 8 158 216 229
53 21 9 158 216 229
53 21 10 158 216 229
53 21 11 158 216 229
53 21 12 158 216 229
53 21 13 158 216 229
53 21 14 158 216 229
53 21 15 158 216 229
53 21 16 158 216 229
53 21 17 158 216 229
53 21 18 158 216 229
53 21 19 158 216 229
53 21 20 158 216 229
53 21 21 158 216 229
53 21 22 158 216 229
53 22 0 158 216 229
53 22 1 158 216 229
53 22 2 158 216 229
53 22 3 158 216 229
53 22 4 158 216 229
53 22 5 158 216 229
53 22 6 158 216 229
53 22 7 158 216 229
53 22 8 158 216 229
53 22 9 158 216 229
53 22 10 158 216 229
53 22 11 158 216 229
53 22 12 158 216 229
53 22 13 158 216 229
53 22 14 158 216 229
53 22 15 158 216 229
53 22 16 158 216 229
53 22 17 158 216 229
53 22 18 158 216 229
53 22 19 158 216 229
53 22 20 158 216 229
53 22 21 158 216 229
53 22 22 158 216 229
53 23 0 158 216 229
53 23 1 158 216 229
53 23 2 158 216 229
53 23 3 158 216 229
53 23 4 158 216 229
53 23 5 158 216 229
53 23 6 158 216 229
53 23 7 158 216 229
53 23 8 158 216 229
53 23 9 158 216 229
53 23 10 158 216 229
53 23 11 158 216 229
53 23 12 158 216 229
53 23 13 158 216 229
53 23 14 158 216 229
53 23 15 158 216 229
53 23 16 158 216 229
53 23 17 158 216 229
53 23 18 158 216 229
53 23 19 158 216 229
53 23 20 158 216 229
53 23 21 158 216 229
53 23 22 158 216 229
53 24 0 158 216 229
53 24 1 158 216 229
53 24 2 158 216 229
53 24 3 158 216 229
53 24 4 158 216 229
53 24 5 158 216 229
53 24 6 158 216 229
53 24 7 158 216 229
53 24 8 158 216 229
53 24 9 158 216 229
53 24 10 158 216 229
53 24 11 158 216 229
53 24 12 158 216 229
53 24 13 158 216 229
53 24 14 158 216 229
53 24 15 158 216 229
53 24 16 158 216 229
53 24 17 158 216 229
53 24 18 158 216 229
53 24 19 158 216 229
53 24 20 158 216 229
53 24 21 158 216 229
53 24 22 158 216 229
53 25 0 158 216 229
53 25 1 158 216 229
53 25 2 158 216 229
53 25 3 158 216 229
53 25 4 158 216 229
53 25 5 158 216 229
53 25 6 158 216 229
53 25 7 158 216 229
53 25 8 158 216 229
53 25 9 158 216 229
53 25 10 158 216 229
53 25 11 158 216 229
53 25 12 158 216 229
53 25 13 158 216 229
53 25 14 158 216 229
53 25 15 158 216 229
53 25 16 158 216 229
53 25 17 158 216 229
53 25 18 158 216 229
53 25 19 158 216 229
53 25 20 158 216 229
53 25 21 158 216 229
53 25 22 158 216 229
53 26 0 158 216 229
53 26 1 158 216 229
53 26 2 158 216 229
53 26 3 158 216 229
53 26 4 158 216 229
53 26 5 158 216 229
53 26 6 158 216 229
53 26 7 158 216 229
53 26 8 158 216 229
53 26 9 158 216 229
53 26 10 158 216 229
53 26 11 158 216 229
53 26 12 158 216 229
53 26 13 158 216 229
53 26 14 158 216 229
53 26 15 158 216 229
53 26 16 158 216 229
53 26 17 158 216 229
53 26 18 158 216 229
53 26 19 158 216 229
53 26 20 158 216 229
53 26 21 158 216 229
53 26 22 158 216 229
53 27 0 158 216 229
53 27 1 158 216 229
53 27 2 158 216 229
53 27 3 158 216 229
53 27 4 158 216 229
53 27 5 158 216 229
53 27 6 158 216 229
53 27 7 158 216 229
53 27 8 158 216 229
53 27 9 158 216 229
53 27 10 158 216 229
53 27 11 158 216 229
53 27 12 158 216 229
53 27 13 158 216 229
53 27 14 158 216 229
53 27 15 158 216 229
53 27 16 158 216 229
53 27 17 158 216 229
53 27 18 158 216 229
53 27 19 158 216 229
53 27 20 158 216 229
53 27 21 158 216 229
53 27 22 158 216 229
53 28 0 158 216 229
53 28 1 158 216 229
53 28 2 158 216 229
53 28 3 158 216 229
53 28 4 158 216 229
53 28 5 158 216 229
53 28 6 158 216 229
53 28 7 158 216 229
53 28 8 158 216 229
53 28 9 158 216 229
53 28 10 158 216 229
53 28 11 158 216 229
53 28 12 158 216 229
53 28 13 158 216 229
53 28 14 158 216 229
53 28 15 158 216 229
53 28 16 158 216 229
53 28 17 158 216 229
53 28 18 158 216 229
53 28 19 158 216 229
53 28 20 158 216 229
53 28 21 158 216 229
53 29 0 158 216 229
53 29 1 158 216 229
53 29 2 158 216 229
53 29 3 158 216 229
53 29 4 158 216 229
53 29 5 158 216 229
53 29 6 158 216 229
53 29 7 158 216 229
53 29 8 158 216 229
53 29 9 158 216 229
53 29 10 158 216 229
53 29 11 158 216 229
53 29 12 158 216 229
53 29 13 158 216 229
53 29 14 158 216 229
53 29 15 158 216 229
53 29 16 158 216 229
53 29 17 158 216 229
53 29 18 158 216 229
53 29 19 158 216 229
53 29 20 158 216 229
53 30 0 158 216 229
53 30 1 158 216 229
53 30 2 158 216 229
53 30 3 158 216 229
53 30 4 158 216 229
53 30 5 158 216 229
53 30 6 158 216 229
53 30 7 158 216 229
53 30 8 158 216 229
53 30 9 158 216 229
53 30 10 158 216 229
53 30 11 158 216 229
53 30 12 158 216 229
53 30 13 158 216 229
53 30 14 158 216 229
53 30 15 158 216 229
53 30 16 158 216 229
53 30 17 158 216 229
53 30 18 158 216 229
53 31 0 158 216 229
53 31 1 158 216 229
53 31 2 158 216 229
53 31 3 158 216 229
53 31 4 158 216 229
53 31 5 158 216 229
53 31 6 158 216 229
53 31 7 158 216 229
53 31 8 158 216 229
53 31 9 158 216 229
53 31 10 158 216 229
53 31 11 158 216 229
53 31 12 158 216 229
53 31 13 158 216 229
53 31 14 158 216 229
53 31 15 158 216 229
53 31 16 158 216 229
53 31 17 158 216 229
53 32 0 158 216 229
53 32 1 158 216 229
53 32 2 158 216 229
53 32 3 158 216 229
53 32 4 158 216 229
53 32 5 158 216 229
53 32 6 158 216 229
53 32 7 158 216 229
53 32 8 158 216 229
53 32 9 158 216 229
53 32 10 158 216 229
53 32 11 158 216 229
53 32 12 158 216 229
53 32 13 158 216 229
53 32 14 158 216 229
53 32 15 158 216 229
53 32 16 158 216 229
53 33 0 158 216 229
53 33 1 158 216 229
53 33 2 158 216 229
53 33 3 158 216 229
53 33 4 158 216 229
53 33 5 158 216 229
53 33 6 158 216 229
53 33 7 158 216 229
53 33 8 158 216 229
53 33 9 158 216 229
53 33 10 158 216 229
53 33 11 158 216 229
53 33 12 158 216 229
53 33 13 158 216 229
53 33 14 158 216 229
53 34 0 158 216 229
53 34 1 158 216 229
53 34 2 158 216 229
53 34 3 158 216 229
53 34 4 158 216 229
53 34 5 158 216 229
53 34 6 158 216 229
53 34 7 158 216 229
53 34 8 158 216 229
53 34 9 158 216 229
53 34 10 158 216 229
53 34 11 158 216 229
53 34 12 158 216 229
53 34 13 158 216 229
54 1 0 158 216 229
54 1 1 158 216 229
54 1 2 158 216 229
54 2 0 158 216 229
54 2 1 158 216 229
