ply
format ascii 1.0
element vertex 9175
property float x
property float y
property float z
property uchar red
property uchar green
property uchar blue
end_header
0 0 47 43 160 4
0 0 48 43 160 4
0 0 49 43 160 4
0 0 50 43 160 4
0 0 51 43 160 4
0 0 52 43 160 4
0 0 53 43 160 4
0 0 54 43 160 4
0 0 55 43 160 4
0 0 56 43 160 4
0 0 57 43 160 4
0 0 58 43 160 4
0 0 59 43 160 4
0 23 49 158 216 229
0 24 47 158 216 229
0 24 48 158 216 229
0 24 49 158 216 229
0 25 47 158 216 229
0 25 48 158 216 229
0 25 49 158 216 229
0 25 50 158 216 229
0 25 51 158 216 229
0 26 47 158 216 229
0 26 49 158 216 229
0 26 50 158 216 229
0 33 49 158 216 229
0 33 50 158 216 229
0 34 51 158 216 229
1 0 46 43 160 4
1 0 47 43 160 4
1 0 48 43 160 4
1 0 49 43 160 4
1 0 50 43 160 4
1 0 51 43 160 4
1 0 52 43 160 4
1 0 53 43 160 4
1 0 54 43 160 4
1 0 55 43 160 4
1 0 56 43 160 4
1 0 57 43 160 4
1 0 58 43 160 4
1 0 59 43 160 4
1 23 49 158 216 229
1 24 46 158 216 229
1 24 47 158 216 229
1 24 48 158 216 229
1 24 49 158 216 229
1 24 50 158 216 229
1 25 46 158 216 229
1 25 47 158 216 229
1 25 48 158 216 229
1 25 49 158 216 229
1 25 50 158 216 229
1 25 51 158 216 229
1 26 48 158 216 229
1 26 49 158 216 229
1 26 50 158 216 229
1 26 51 158 216 229
1 28 46 158 216 229
1 33 49 158 216 229
1 33 50 158 216 229
1 34 50 158 216 229
2 0 44 43 160 4
2 0 45 43 160 4
2 0 46 43 160 4
2 0 47 43 160 4
2 0 48 43 160 4
2 0 49 43 160 4
2 0 50 43 160 4
2 0 51 43 160 4
2 0 52 43 160 4
2 0 53 43 160 4
2 0 54 43 160 4
2 0 55 43 160 4
2 0 56 43 160 4
2 0 57 43 160 4
2 0 58 43 160 4
2 0 59 43 160 4
2 22 44 158 216 229
2 22 45 158 216 229
2 23 44 158 216 229
2 23 45 158 216 229
2 23 47 158 216 229
2 23 48 158 216 229
2 23 49 158 216 229
2 24 44 158 216 229
2 24 45 158 216 229
2 24 46 158 216 229
2 24 47 158 216 229
2 24 48 158 216 229
2 24 49 158 216 229
2 25 44 158 216 229
2 25 45 158 216 229
2 25 46 158 216 229
2 25 47 158 216 229
2 25 48 158 216 229
2 25 49 158 216 229
2 25 50 158 216 229
2 26 44 158 216 229
2 26 45 158 216 229
2 26 46 158 216 229
2 26 47 158 216 229
2 26 48 158 216 229
2 26 49 158 216 229
2 26 50 158 216 229
2 27 45 158 216 229
2 27 46 158 216 229
2 28 44 158 216 229
2 29 44 158 216 229
2 29 45 158 216 229
2 29 46 158 216 229
2 30 44 158 216 229
2 30 45 158 216 229
2 30 46 158 216 229
2 31 44 158 216 229
2 31 45 158 216 229
2 31 46 158 216 229
2 31 47 158 216 229
2 32 47 158 216 229
2 33 48 158 216 229
2 33 49 158 216 229
3 0 43 43 160 4
3 0 44 43 160 4
3 0 45 43 160 4
3 0 46 43 160 4
3 0 47 43 160 4
3 0 48 43 160 4
3 0 49 43 160 4
3 0 50 43 160 4
3 0 51 43 160 4
3 0 52 43 160 4
3 0 53 43 160 4
3 0 54 43 160 4
3 0 55 43 160 4
3 0 56 43 160 4
3 0 57 43 160 4
3 0 58 43 160 4
3 0 59 43 160 4
3 21 43 158 216 229
3 22 42 158 216 229
3 22 43 158 216 229
3 22 45 158 216 229
3 23 43 158 216 229
3 23 44 158 216 229
3 23 45 158 216 229
3 23 46 158 216 229
3 23 47 158 216 229
3 23 48 158 216 229
3 24 42 158 216 229
3 24 43 158 216 229
3 24 44 158 216 229
3 24 45 158 216 229
3 24 46 158 216 229
3 24 47 158 216 229
3 24 48 158 216 229
3 25 43 158 216 229
3 25 44 158 216 229
3 25 45 158 216 229
3 25 46 158 216 229
3 25 47 158 216 229
3 25 48 158 216 229
3 25 49 158 216 229
3 26 43 158 216 229
3 26 44 158 216 229
3 26 45 158 216 229
3 26 46 158 216 229
3 26 47 158 216 229
3 27 42 158 216 229
3 27 43 158 216 229
3 27 44 158 216 229
3 27 45 158 216 229
3 27 46 158 216 229
3 27 47 158 216 229
3 28 42 158 216 229
3 28 43 158 216 229
3 28 44 158 216 229
3 28 45 158 216 229
3 29 43 158 216 229
3 29 44 158 216 229
3 29 45 158 216 229
3 30 43 158 216 229
3 30 44 158 216 229
3 30 45 158 216 229
3 30 46 158 216 229
3 30 47 158 216 229
3 31 45 158 216 229
3 31 46 158 216 229
3 31 47 158 216 229
4 0 41 43 160 4
4 0 42 43 160 4
4 0 43 43 160 4
4 0 44 43 160 4
4 0 45 43 160 4
4 0 46 43 160 4
4 0 47 43 160 4
4 0 48 43 160 4
4 0 49 43 160 4
4 0 50 43 160 4
4 0 51 43 160 4
4 0 52 43 160 4
4 0 53 43 160 4
4 0 54 43 160 4
4 0 55 43 160 4
4 0 56 43 160 4
4 0 57 43 160 4
4 0 58 43 160 4
4 0 59 43 160 4
4 20 41 158 216 229
4 21 41 158 216 229
4 21 42 158 216 229
4 22 41 158 216 229
4 22 42 158 216 229
4 22 44 158 216 229
4 22 45 158 216 229
4 22 46 158 216 229
4 23 41 158 216 229
4 23 42 158 216 229
4 23 43 158 216 229
4 23 44 158 216 229
4 23 45 158 216 229
4 23 46 158 216 229
4 23 47 158 216 229
4 24 41 158 216 229
4 24 42 158 216 229
4 24 43 158 216 229
4 24 44 158 216 229
4 24 45 158 216 229
4 24 46 158 216 229
4 24 47 158 216 229
4 25 41 158 216 229
4 25 42 158 216 229
4 25 43 158 216 229
4 25 44 158 216 229
4 25 45 158 216 229
4 25 46 158 216 229
4 25 47 158 216 229
4 26 41 158 216 229
4 26 42 158 216 229
4 26 43 158 216 229
4 26 44 158 216 229
4 26 45 158 216 229
4 26 46 158 216 229
4 27 41 158 216 229
4 27 42 158 216 229
4 27 43 158 216 229
4 27 45 158 216 229
4 27 46 158 216 229
4 28 41 158 216 229
4 28 42 158 216 229
4 28 43 158 216 229
4 28 44 158 216 229
4 28 45 158 216 229
4 28 46 158 216 229
4 29 41 158 216 229
4 29 42 158 216 229
4 29 43 158 216 229
4 29 44 158 216 229
4 29 45 158 216 229
4 30 42 158 216 229
4 30 44 158 216 229
4 30 45 158 216 229
4 30 46 158 216 229
4 31 45 158 216 229
5 0 39 43 160 4
5 0 40 43 160 4
5 0 41 43 160 4
5 0 42 43 160 4
5 0 43 43 160 4
5 0 44 43 160 4
5 0 45 43 160 4
5 0 46 43 160 4
5 0 47 43 160 4
5 0 48 43 160 4
5 0 49 43 160 4
5 0 50 43 160 4
5 0 51 43 160 4
5 0 52 43 160 4
5 0 53 43 160 4
5 0 54 43 160 4
5 0 55 43 160 4
5 0 56 43 160 4
5 0 57 43 160 4
5 0 58 43 160 4
5 0 59 43 160 4
5 19 40 158 216 229
5 20 39 158 216 229
5 20 40 158 216 229
5 21 39 158 216 229
5 21 40 158 216 229
5 21 41 158 216 229
5 21 42 158 216 229
5 22 41 158 216 229
5 22 42 158 216 229
5 22 43 158 216 229
5 22 44 158 216 229
5 22 45 158 216 229
5 23 39 158 216 229
5 23 42 158 216 229
5 23 43 158 216 229
5 23 44 158 216 229
5 23 45 158 216 229
5 23 46 158 216 229
5 24 39 158 216 229
5 24 40 158 216 229
5 24 41 158 216 229
5 24 42 158 216 229
5 24 43 158 216 229
5 24 44 158 216 229
5 24 45 158 216 229
5 24 46 158 216 229
5 25 39 158 216 229
5 25 40 158 216 229
5 25 41 158 216 229
5 25 42 158 216 229
5 25 43 158 216 229
5 25 44 158 216 229
5 25 45 158 216 229
5 26 39 158 216 229
5 26 40 158 216 229
5 26 41 158 216 229
5 26 42 158 216 229
5 26 43 158 216 229
5 26 44 158 216 229
5 26 45 158 216 229
5 27 39 158 216 229
5 27 40 158 216 229
5 27 41 158 216 229
5 27 42 158 216 229
5 27 43 158 216 229
5 27 44 158 216 229
5 27 45 158 216 229
5 28 39 214 38 40
5 28 40 158 216 229
5 28 41 158 216 229
5 28 42 158 216 229
5 28 43 158 216 229
5 28 44 158 216 229
5 29 40 158 216 229
5 29 41 158 216 229
5 29 42 158 216 229
5 29 43 158 216 229
5 29 44 158 216 229
5 29 46 158 216 229
5 30 43 158 216 229
5 30 44 158 216 229
5 30 45 158 216 229
5 31 44 158 216 229
6 0 38 43 160 4
6 0 39 43 160 4
6 0 40 43 160 4
6 0 41 43 160 4
6 0 42 43 160 4
6 0 43 43 160 4
6 0 44 43 160 4
6 0 45 43 160 4
6 0 46 43 160 4
6 0 47 43 160 4
6 0 48 43 160 4
6 0 49 43 160 4
6 0 50 43 160 4
6 0 51 43 160 4
6 0 52 43 160 4
6 0 53 43 160 4
6 0 54 43 160 4
6 0 55 43 160 4
6 0 56 43 160 4
6 0 57 43 160 4
6 0 58 43 160 4
6 0 59 43 160 4
6 19 38 158 216 229
6 20 39 158 216 229
6 21 40 158 216 229
6 21 41 158 216 229
6 21 42 158 216 229
6 21 43 158 216 229
6 22 43 158 216 229
6 22 44 158 216 229
6 23 43 158 216 229
6 23 44 158 216 229
6 24 38 158 216 229
6 24 39 158 216 229
6 24 43 158 216 229
6 24 44 158 216 229
6 24 45 158 216 229
6 25 38 158 216 229
6 25 39 158 216 229
6 25 40 158 216 229
6 25 42 158 216 229
6 25 43 158 216 229
6 25 44 158 216 229
6 26 38 158 216 229
6 26 39 158 216 229
6 26 40 158 216 229
6 26 42 158 216 229
6 26 43 158 216 229
6 26 44 158 216 229
6 27 39 158 216 229
6 27 40 158 216 229
6 27 41 158 216 229
6 27 42 158 216 229
6 27 43 158 216 229
6 27 44 158 216 229
6 28 38 214 38 40
6 28 39 214 38 40
6 28 40 158 216 229
6 28 42 158 216 229
6 28 43 158 216 229
6 28 44 158 216 229
6 28 45 158 216 229
6 29 42 158 216 229
6 29 43 158 216 229
6 29 44 158 216 229
6 30 42 158 216 229
6 30 43 158 216 229
6 30 44 114 158 206
6 31 45 158 216 229
7 0 36 43 160 4
7 0 37 43 160 4
7 0 38 43 160 4
7 0 39 43 160 4
7 0 40 43 160 4
7 0 41 43 160 4
7 0 42 43 160 4
7 0 43 43 160 4
7 0 44 43 160 4
7 0 45 43 160 4
7 0 46 43 160 4
7 0 47 43 160 4
7 0 48 43 160 4
7 0 49 43 160 4
7 0 50 43 160 4
7 0 51 43 160 4
7 0 52 43 160 4
7 0 53 43 160 4
7 0 54 43 160 4
7 0 55 43 160 4
7 0 56 43 160 4
7 0 57 43 160 4
7 0 58 43 160 4
7 0 59 43 160 4
7 4 36 158 216 229
7 6 36 158 216 229
7 21 41 158 216 229
7 21 42 158 216 229
7 21 43 158 216 229
7 22 42 158 216 229
7 22 43 158 216 229
7 23 42 158 216 229
7 23 43 158 216 229
7 23 44 158 216 229
7 24 38 158 216 229
7 24 39 158 216 229
7 24 43 158 216 229
7 24 44 158 216 229
7 25 38 158 216 229
7 25 43 158 216 229
7 25 44 158 216 229
7 26 39 158 216 229
7 26 42 158 216 229
7 26 43 158 216 229
7 26 44 158 216 229
7 27 42 158 216 229
7 27 43 158 216 229
7 27 44 158 216 229
7 28 42 158 216 229
7 28 43 114 158 206
7 28 44 114 158 206
7 29 42 158 216 229
7 29 43 114 158 206
7 29 44 114 158 206
7 30 42 158 216 229
7 30 43 114 158 206
7 30 44 114 158 206
8 0 35 43 160 4
8 0 36 43 160 4
8 0 37 43 160 4
8 0 38 43 160 4
8 0 39 43 160 4
8 0 40 43 160 4
8 0 41 43 160 4
8 0 42 43 160 4
8 0 43 43 160 4
8 0 44 43 160 4
8 0 45 43 160 4
8 0 46 43 160 4
8 0 47 43 160 4
8 0 48 43 160 4
8 0 49 43 160 4
8 0 50 43 160 4
8 0 51 43 160 4
8 0 52 43 160 4
8 0 53 43 160 4
8 0 54 43 160 4
8 0 55 43 160 4
8 0 56 43 160 4
8 0 57 43 160 4
8 0 58 43 160 4
8 0 59 43 160 4
8 3 34 158 216 229
8 4 34 158 216 229
8 4 35 158 216 229
8 5 35 158 216 229
8 5 36 158 216 229
8 6 35 158 216 229
8 6 36 158 216 229
8 7 35 158 216 229
8 21 41 158 216 229
8 21 42 158 216 229
8 21 43 158 216 229
8 21 44 158 216 229
8 21 45 158 216 229
8 22 42 158 216 229
8 22 43 158 216 229
8 22 44 158 216 229
8 23 42 158 216 229
8 23 43 158 216 229
8 23 44 158 216 229
8 24 42 158 216 229
8 24 43 158 216 229
8 24 44 158 216 229
8 25 42 158 216 229
8 25 43 114 158 206
8 25 44 114 158 206
8 26 42 158 216 229
8 26 43 114 158 206
8 26 44 114 158 206
8 27 42 114 158 206
8 27 43 114 158 206
8 27 44 114 158 206
8 28 42 114 158 206
8 28 43 114 158 206
8 28 44 114 158 206
8 29 42 114 158 206
8 29 43 114 158 206
8 30 42 114 158 206
8 30 43 114 158 206
9 0 33 43 160 4
9 0 34 43 160 4
9 0 35 43 160 4
9 0 36 43 160 4
9 0 37 43 160 4
9 0 38 43 160 4
9 0 39 43 160 4
9 0 40 43 160 4
9 0 41 43 160 4
9 0 42 43 160 4
9 0 43 43 160 4
9 0 44 43 160 4
9 0 45 43 160 4
9 0 46 43 160 4
9 0 47 43 160 4
9 0 48 43 160 4
9 0 49 43 160 4
9 0 50 43 160 4
9 0 51 43 160 4
9 0 52 43 160 4
9 0 53 43 160 4
9 0 54 43 160 4
9 0 55 43 160 4
9 0 56 43 160 4
9 0 57 43 160 4
9 0 58 43 160 4
9 0 59 43 160 4
9 2 33 158 216 229
9 3 33 158 216 229
9 4 33 158 216 229
9 4 34 158 216 229
9 4 35 158 216 229
9 5 33 158 216 229
9 5 34 158 216 229
9 5 35 158 216 229
9 5 36 158 216 229
9 6 33 158 216 229
9 6 34 158 216 229
9 6 35 158 216 229
9 6 36 158 216 229
9 7 33 255 127 12
9 7 34 158 216 229
9 18 44 158 216 229
9 20 37 147 102 188
9 20 43 158 216 229
9 20 44 158 216 229
9 20 45 114 158 206
9 21 43 158 216 229
9 21 44 158 216 229
9 22 43 158 216 229
9 22 44 158 216 229
9 23 43 158 216 229
9 23 44 114 158 206
9 24 43 114 158 206
9 24 44 114 158 206
9 25 43 114 158 206
9 25 44 114 158 206
9 26 43 114 158 206
9 26 44 114 158 206
9 27 43 114 158 206
9 27 44 114 158 206
9 28 42 114 158 206
9 28 43 114 158 206
9 28 44 114 158 206
9 28 45 114 158 206
9 29 42 114 158 206
9 29 43 114 158 206
9 29 45 114 158 206
9 30 42 114 158 206
9 30 43 114 158 206
10 0 32 43 160 4
10 0 33 43 160 4
10 0 34 43 160 4
10 0 35 43 160 4
10 0 36 43 160 4
10 0 37 43 160 4
10 0 38 43 160 4
10 0 39 43 160 4
10 0 40 43 160 4
10 0 41 43 160 4
10 0 42 43 160 4
10 0 43 43 160 4
10 0 44 43 160 4
10 0 45 43 160 4
10 0 46 43 160 4
10 0 47 43 160 4
10 0 48 43 160 4
10 0 49 43 160 4
10 0 50 43 160 4
10 0 51 43 160 4
10 0 52 43 160 4
10 0 53 43 160 4
10 0 54 43 160 4
10 0 55 43 160 4
10 0 56 43 160 4
10 0 57 43 160 4
10 0 58 43 160 4
10 0 59 43 160 4
10 1 31 158 216 229
10 2 31 158 216 229
10 2 32 158 216 229
10 2 33 158 216 229
10 3 31 158 216 229
10 3 32 158 216 229
10 3 33 158 216 229
10 4 31 158 216 229
10 4 32 158 216 229
10 4 33 158 216 229
10 4 34 158 216 229
10 4 35 158 216 229
10 4 36 158 216 229
10 4 39 158 216 229
10 4 40 158 216 229
10 4 41 158 216 229
10 5 32 158 216 229
10 5 33 158 216 229
10 5 34 158 216 229
10 5 35 158 216 229
10 5 36 158 216 229
10 5 37 158 216 229
10 5 38 158 216 229
10 5 39 158 216 229
10 5 40 158 216 229
10 6 32 158 216 229
10 6 33 158 216 229
10 6 34 158 216 229
10 6 35 158 216 229
10 6 36 158 216 229
10 7 32 158 216 229
10 7 33 158 216 229
10 18 45 158 216 229
10 19 33 196 175 214
10 19 43 158 216 229
10 19 44 158 216 229
10 19 45 158 216 229
10 19 46 158 216 229
10 20 38 147 102 188
10 20 42 158 216 229
10 20 43 158 216 229
10 20 44 114 158 206
10 20 45 114 158 206
10 21 43 158 216 229
10 21 44 114 158 206
10 21 45 158 216 229
10 22 43 158 216 229
10 22 44 114 158 206
10 22 45 114 158 206
10 23 43 114 158 206
10 23 44 114 158 206
10 23 45 114 158 206
10 24 43 114 158 206
10 24 44 114 158 206
10 25 43 114 158 206
10 25 44 114 158 206
10 26 43 114 158 206
10 26 44 114 158 206
10 27 43 114 158 206
10 27 44 114 158 206
10 28 42 114 158 206
10 28 43 114 158 206
10 28 44 114 158 206
10 29 42 114 158 206
10 29 43 114 158 206
10 29 44 114 158 206
10 30 42 114 158 206
10 30 43 114 158 206
10 30 44 114 158 206
11 0 30 43 160 4
11 0 31 43 160 4
11 0 32 43 160 4
11 0 33 43 160 4
11 0 34 43 160 4
11 0 35 43 160 4
11 0 36 43 160 4
11 0 37 43 160 4
11 0 38 43 160 4
11 0 39 43 160 4
11 0 40 43 160 4
11 0 41 43 160 4
11 0 42 43 160 4
11 0 43 43 160 4
11 0 44 43 160 4
11 0 45 43 160 4
11 0 46 43 160 4
11 0 47 43 160 4
11 0 48 43 160 4
11 0 49 43 160 4
11 0 50 43 160 4
11 0 51 43 160 4
11 0 52 43 160 4
11 0 53 43 160 4
11 0 54 43 160 4
11 0 55 43 160 4
11 0 56 43 160 4
11 0 57 43 160 4
11 0 58 43 160 4
11 0 59 43 160 4
11 2 30 158 216 229
11 2 31 158 216 229
11 2 32 158 216 229
11 2 33 158 216 229
11 2 34 158 216 229
11 3 30 158 216 229
11 3 31 158 216 229
11 3 32 158 216 229
11 3 33 158 216 229
11 3 34 158 216 229
11 3 35 158 216 229
11 3 36 158 216 229
11 3 37 158 216 229
11 3 38 158 216 229
11 3 39 158 216 229
11 3 40 158 216 229
11 4 30 158 216 229
11 4 31 158 216 229
11 4 33 158 216 229
11 4 34 158 216 229
11 4 35 158 216 229
11 4 36 158 216 229
11 4 37 158 216 229
11 4 38 158 216 229
11 4 39 158 216 229
11 4 40 158 216 229
11 5 30 158 216 229
11 5 31 158 216 229
11 5 33 158 216 229
11 5 34 158 216 229
11 5 35 158 216 229
11 5 36 147 102 188
11 5 37 147 102 188
11 5 38 158 216 229
11 5 39 158 216 229
11 6 30 158 216 229
11 6 33 158 216 229
11 6 34 147 102 188
11 6 35 147 102 188
11 6 36 147 102 188
11 6 37 147 102 188
11 6 38 147 102 188
11 7 30 158 216 229
11 7 31 158 216 229
11 7 32 158 216 229
11 7 35 147 102 188
11 17 44 158 216 229
11 18 45 158 216 229
11 19 42 158 216 229
11 19 43 158 216 229
11 19 44 158 216 229
11 19 45 158 216 229
11 19 46 158 216 229
11 20 44 114 158 206
11 20 45 114 158 206
11 20 46 158 216 229
11 21 44 114 158 206
11 21 45 114 158 206
11 21 46 158 216 229
11 22 44 114 158 206
11 22 45 114 158 206
11 22 46 158 216 229
11 23 44 114 158 206
11 23 45 114 158 206
11 24 44 114 158 206
11 24 45 114 158 206
11 25 44 114 158 206
11 25 45 114 158 206
11 26 44 114 158 206
11 26 45 114 158 206
11 27 43 114 158 206
11 27 44 114 158 206
11 27 45 114 158 206
11 28 43 114 158 206
11 28 44 114 158 206
11 28 45 114 158 206
11 29 43 114 158 206
11 29 44 114 158 206
11 29 45 114 158 206
11 30 42 114 158 206
11 30 43 114 158 206
11 30 44 114 158 206
11 30 45 114 158 206
11 31 44 114 158 206
11 31 45 114 158 206
12 0 29 43 160 4
12 0 30 43 160 4
12 0 31 43 160 4
12 0 32 43 160 4
12 0 33 43 160 4
12 0 34 43 160 4
12 0 35 43 160 4
12 0 36 43 160 4
12 0 37 43 160 4
12 0 38 43 160 4
12 0 39 43 160 4
12 0 40 43 160 4
12 0 41 43 160 4
12 0 42 43 160 4
12 0 43 43 160 4
12 0 44 43 160 4
12 0 45 43 160 4
12 0 46 43 160 4
12 0 47 43 160 4
12 0 48 43 160 4
12 0 49 43 160 4
12 0 50 43 160 4
12 0 51 43 160 4
12 0 52 43 160 4
12 0 53 43 160 4
12 0 54 43 160 4
12 0 55 43 160 4
12 0 56 43 160 4
12 0 57 43 160 4
12 0 58 43 160 4
12 0 59 43 160 4
12 1 28 158 216 229
12 1 29 158 216 229
12 1 35 158 216 229
12 2 28 158 216 229
12 2 29 158 216 229
12 2 30 158 216 229
12 2 31 158 216 229
12 2 32 158 216 229
12 2 33 158 216 229
12 2 34 158 216 229
12 2 35 158 216 229
12 3 30 158 216 229
12 3 33 147 102 188
12 3 34 147 102 188
12 3 35 147 102 188
12 3 36 147 102 188
12 3 37 147 102 188
12 3 38 158 216 229
12 3 39 158 216 229
12 4 34 147 102 188
12 4 35 147 102 188
12 4 36 147 102 188
12 4 37 147 102 188
12 4 38 147 102 188
12 4 39 147 102 188
12 5 32 147 102 188
12 5 33 147 102 188
12 5 34 147 102 188
12 5 35 147 102 188
12 5 36 147 102 188
12 5 37 147 102 188
12 6 28 147 102 188
12 6 31 147 102 188
12 6 32 147 102 188
12 6 33 147 102 188
12 6 34 147 102 188
12 6 35 147 102 188
12 6 36 147 102 188
12 7 28 147 102 188
12 7 29 147 102 188
12 7 30 147 102 188
12 7 31 147 102 188
12 7 34 147 102 188
12 7 35 147 102 188
12 7 36 147 102 188
12 7 37 147 102 188
12 8 28 147 102 188
12 8 29 147 102 188
12 8 35 147 102 188
12 8 36 147 102 188
12 9 28 147 102 188
12 9 36 147 102 188
12 10 28 147 102 188
12 11 28 147 102 188
12 12 28 147 102 188
12 12 37 147 102 188
12 12 39 147 102 188
12 13 36 147 102 188
12 14 38 147 102 188
12 15 38 147 102 188
12 15 39 147 102 188
12 17 41 147 102 188
12 17 43 147 102 188
12 17 46 158 216 229
12 18 30 147 102 188
12 18 40 147 102 188
12 18 41 147 102 188
12 18 42 147 102 188
12 18 43 158 216 229
12 18 44 158 216 229
12 18 45 158 216 229
12 19 35 147 102 188
12 19 45 158 216 229
12 19 46 158 216 229
12 20 45 114 158 206
12 20 46 158 216 229
12 21 45 114 158 206
12 21 46 158 216 229
12 22 45 114 158 206
12 22 46 114 158 206
12 23 45 114 158 206
12 23 46 114 158 206
12 24 45 114 158 206
12 24 46 114 158 206
12 25 44 114 158 206
12 25 45 114 158 206
12 25 46 114 158 206
12 26 44 114 158 206
12 26 45 114 158 206
12 26 46 114 158 206
12 27 44 114 158 206
12 27 45 114 158 206
12 28 44 114 158 206
12 28 45 114 158 206
12 29 44 114 158 206
12 29 45 114 158 206
12 30 44 114 158 206
12 30 45 114 158 206
12 31 44 114 158 206
12 31 45 114 158 206
13 0 27 43 160 4
13 0 28 43 160 4
13 0 29 43 160 4
13 0 30 43 160 4
13 0 31 43 160 4
13 0 32 43 160 4
13 0 33 43 160 4
13 0 34 43 160 4
13 0 35 43 160 4
13 0 36 43 160 4
13 0 37 43 160 4
13 0 38 43 160 4
13 0 39 43 160 4
13 0 40 43 160 4
13 0 41 43 160 4
13 0 42 43 160 4
13 0 43 43 160 4
13 0 44 43 160 4
13 0 45 43 160 4
13 0 46 43 160 4
13 0 47 43 160 4
13 0 48 43 160 4
13 0 49 43 160 4
13 0 50 43 160 4
13 0 51 43 160 4
13 0 52 43 160 4
13 0 53 43 160 4
13 0 54 43 160 4
13 0 55 43 160 4
13 0 56 43 160 4
13 0 57 43 160 4
13 0 58 43 160 4
13 0 59 43 160 4
13 1 26 147 102 188
13 1 27 147 102 188
13 1 28 147 102 188
13 2 26 147 102 188
13 2 27 147 102 188
13 2 28 147 102 188
13 2 29 147 102 188
13 2 30 147 102 188
13 2 31 147 102 188
13 2 32 147 102 188
13 2 33 147 102 188
13 2 34 147 102 188
13 2 35 147 102 188
13 2 36 147 102 188
13 2 37 147 102 188
13 3 26 147 102 188
13 3 34 147 102 188
13 3 35 147 102 188
13 3 36 147 102 188
13 3 37 147 102 188
13 4 36 147 102 188
13 5 31 147 102 188
13 5 32 147 102 188
13 5 35 147 102 188
13 5 37 147 102 188
13 5 38 147 102 188
13 6 29 147 102 188
13 6 30 147 102 188
13 6 31 147 102 188
13 6 32 147 102 188
13 6 33 147 102 188
13 6 34 147 102 188
13 6 36 147 102 188
13 6 37 147 102 188
13 6 38 147 102 188
13 7 28 147 102 188
13 7 29 147 102 188
13 7 34 147 102 188
13 7 35 147 102 188
13 7 36 147 102 188
13 7 37 147 102 188
13 7 38 147 102 188
13 8 27 147 102 188
13 8 28 147 102 188
13 8 29 147 102 188
13 8 30 147 102 188
13 8 35 147 102 188
13 8 36 147 102 188
13 8 37 147 102 188
13 8 38 147 102 188
13 9 27 147 102 188
13 9 28 147 102 188
13 9 29 147 102 188
13 9 35 147 102 188
13 9 36 147 102 188
13 9 37 147 102 188
13 9 38 147 102 188
13 10 27 147 102 188
13 10 28 147 102 188
13 10 46 158 216 229
13 11 27 147 102 188
13 11 28 147 102 188
13 11 34 147 102 188
13 11 36 147 102 188
13 11 37 147 102 188
13 11 38 147 102 188
13 12 27 147 102 188
13 12 29 147 102 188
13 12 30 147 102 188
13 12 31 147 102 188
13 12 33 147 102 188
13 12 34 147 102 188
13 12 35 147 102 188
13 12 36 147 102 188
13 12 38 147 102 188
13 13 27 147 102 188
13 13 35 147 102 188
13 13 36 147 102 188
13 13 38 147 102 188
13 13 39 147 102 188
13 14 26 147 102 188
13 14 27 147 102 188
13 14 37 147 102 188
13 14 38 147 102 188
13 14 39 147 102 188
13 14 46 158 216 229
13 15 26 147 102 188
13 15 27 147 102 188
13 15 37 147 102 188
13 15 38 147 102 188
13 15 39 147 102 188
13 15 41 147 102 188
13 15 46 158 216 229
13 16 38 147 102 188
13 16 39 147 102 188
13 16 40 147 102 188
13 17 27 147 102 188
13 17 38 147 102 188
13 17 40 147 102 188
13 17 41 147 102 188
13 17 42 147 102 188
13 17 43 147 102 188
13 17 44 158 216 229
13 18 30 147 102 188
13 18 37 147 102 188
13 18 42 147 102 188
13 18 43 158 216 229
13 18 44 158 216 229
13 18 45 158 216 229
13 18 46 158 216 229
13 18 47 158 216 229
13 19 45 158 216 229
13 19 46 158 216 229
13 19 47 158 216 229
13 19 48 158 216 229
13 20 45 114 158 206
13 20 46 158 216 229
13 20 47 114 158 206
13 20 48 158 216 229
13 21 45 114 158 206
13 21 46 158 216 229
13 21 47 114 158 206
13 22 45 114 158 206
13 22 46 114 158 206
13 22 47 114 158 206
13 23 45 114 158 206
13 23 46 114 158 206
13 23 47 114 158 206
13 24 45 114 158 206
13 24 46 114 158 206
13 24 47 114 158 206
13 25 45 114 158 206
13 25 46 114 158 206
13 26 45 114 158 206
13 26 46 114 158 206
13 27 45 114 158 206
13 27 46 114 158 206
13 28 45 114 158 206
13 28 46 114 158 206
13 28 47 114 158 206
13 29 44 114 158 206
13 29 45 114 158 206
13 29 46 114 158 206
13 29 47 114 158 206
13 30 44 114 158 206
13 30 45 114 158 206
13 30 46 114 158 206
13 31 44 114 158 206
13 31 45 114 158 206
13 31 46 114 158 206
13 32 46 114 158 206
13 32 47 114 158 206
14 0 26 43 160 4
14 0 27 43 160 4
14 0 28 43 160 4
14 0 29 43 160 4
14 0 30 43 160 4
14 0 31 43 160 4
14 0 32 43 160 4
14 0 33 43 160 4
14 0 34 43 160 4
14 0 35 43 160 4
14 0 36 43 160 4
14 0 37 43 160 4
14 0 38 43 160 4
14 0 39 43 160 4
14 0 40 43 160 4
14 0 41 43 160 4
14 0 42 43 160 4
14 0 43 43 160 4
14 0 44 43 160 4
14 0 45 43 160 4
14 0 46 43 160 4
14 0 47 43 160 4
14 0 48 43 160 4
14 0 49 43 160 4
14 0 50 43 160 4
14 0 51 43 160 4
14 0 52 43 160 4
14 0 53 43 160 4
14 0 54 43 160 4
14 0 55 43 160 4
14 0 56 43 160 4
14 0 57 43 160 4
14 0 58 43 160 4
14 0 59 43 160 4
14 1 25 147 102 188
14 1 26 147 102 188
14 1 27 147 102 188
14 1 28 147 102 188
14 1 36 147 102 188
14 2 25 147 102 188
14 2 26 147 102 188
14 2 27 147 102 188
14 2 28 147 102 188
14 2 29 147 102 188
14 2 30 147 102 188
14 2 31 147 102 188
14 2 32 147 102 188
14 2 33 147 102 188
14 2 34 147 102 188
14 2 35 147 102 188
14 3 33 147 102 188
14 3 34 147 102 188
14 3 35 147 102 188
14 4 34 147 102 188
14 4 36 147 102 188
14 5 33 147 102 188
14 5 34 147 102 188
14 5 35 147 102 188
14 5 36 147 102 188
14 5 37 147 102 188
14 5 38 147 102 188
14 6 29 147 102 188
14 6 30 147 102 188
14 6 31 147 102 188
14 6 32 147 102 188
14 6 34 147 102 188
14 6 35 147 102 188
14 6 36 147 102 188
14 6 37 147 102 188
14 6 38 147 102 188
14 6 39 147 102 188
14 7 25 147 102 188
14 7 27 147 102 188
14 7 28 147 102 188
14 7 32 147 102 188
14 7 33 147 102 188
14 7 34 147 102 188
14 7 35 147 102 188
14 7 36 147 102 188
14 7 37 147 102 188
14 7 38 147 102 188
14 7 39 147 102 188
14 8 26 147 102 188
14 8 27 147 102 188
14 8 28 147 102 188
14 8 29 147 102 188
14 8 30 147 102 188
14 8 31 147 102 188
14 8 35 147 102 188
14 8 36 147 102 188
14 8 37 147 102 188
14 8 38 147 102 188
14 8 39 147 102 188
14 9 26 147 102 188
14 9 27 147 102 188
14 9 28 147 102 188
14 9 29 147 102 188
14 9 30 147 102 188
14 9 31 147 102 188
14 9 35 147 102 188
14 9 36 147 102 188
14 9 37 147 102 188
14 9 38 147 102 188
14 9 39 147 102 188
14 10 26 147 102 188
14 10 36 147 102 188
14 10 37 147 102 188
14 10 38 147 102 188
14 10 46 158 216 229
14 11 26 147 102 188
14 11 37 147 102 188
14 11 38 147 102 188
14 12 30 147 102 188
14 12 31 147 102 188
14 12 35 147 102 188
14 13 26 147 102 188
14 13 29 147 102 188
14 13 30 147 102 188
14 13 31 147 102 188
14 13 35 147 102 188
14 13 36 147 102 188
14 13 37 147 102 188
14 13 38 147 102 188
14 14 25 147 102 188
14 14 30 147 102 188
14 14 35 147 102 188
14 14 36 147 102 188
14 14 37 147 102 188
14 14 38 147 102 188
14 14 42 147 102 188
14 14 43 147 102 188
14 14 46 158 216 229
14 15 25 147 102 188
14 15 35 147 102 188
14 15 38 147 102 188
14 15 39 147 102 188
14 16 25 196 175 214
14 16 26 147 102 188
14 16 36 147 102 188
14 16 37 147 102 188
14 16 38 147 102 188
14 16 39 147 102 188
14 16 40 147 102 188
14 16 41 147 102 188
14 16 42 147 102 188
14 16 43 147 102 188
14 16 44 158 216 229
14 16 45 158 216 229
14 16 46 158 216 229
14 16 48 158 216 229
14 17 25 147 102 188
14 17 26 147 102 188
14 17 27 147 102 188
14 17 36 147 102 188
14 17 39 147 102 188
14 17 40 147 102 188
14 17 41 147 102 188
14 17 42 147 102 188
14 17 43 147 102 188
14 17 44 158 216 229
14 17 45 158 216 229
14 17 46 158 216 229
14 17 47 158 216 229
14 18 42 147 102 188
14 18 43 158 216 229
14 18 44 158 216 229
14 18 45 158 216 229
14 18 46 158 216 229
14 18 47 158 216 229
14 19 46 158 216 229
14 19 47 158 216 229
14 19 48 158 216 229
14 20 46 158 216 229
14 20 47 158 216 229
14 20 48 158 216 229
14 21 46 158 216 229
14 21 47 158 216 229
14 22 46 158 216 229
14 22 47 114 158 206
14 23 46 158 216 229
14 23 47 114 158 206
14 24 45 114 158 206
14 24 46 114 158 206
14 24 47 114 158 206
14 25 45 114 158 206
14 25 46 114 158 206
14 25 47 114 158 206
14 26 45 114 158 206
14 26 46 114 158 206
14 26 47 114 158 206
14 27 45 114 158 206
14 27 46 114 158 206
14 27 47 114 158 206
14 28 45 114 158 206
14 28 46 114 158 206
14 29 45 114 158 206
14 29 46 114 158 206
14 29 48 114 158 206
14 30 44 114 158 206
14 30 45 114 158 206
14 30 46 114 158 206
14 30 48 114 158 206
14 31 44 114 158 206
14 31 45 114 158 206
14 31 46 114 158 206
14 32 46 114 158 206
15 0 26 43 160 4
15 0 27 43 160 4
15 0 28 43 160 4
15 0 29 43 160 4
15 0 30 43 160 4
15 0 31 43 160 4
15 0 32 43 160 4
15 0 33 43 160 4
15 0 34 43 160 4
15 0 35 43 160 4
15 0 36 43 160 4
15 0 37 43 160 4
15 0 38 43 160 4
15 0 39 43 160 4
15 0 40 43 160 4
15 0 41 43 160 4
15 0 42 43 160 4
15 0 43 43 160 4
15 0 44 43 160 4
15 0 45 43 160 4
15 0 46 43 160 4
15 0 47 43 160 4
15 0 48 43 160 4
15 0 49 43 160 4
15 0 50 43 160 4
15 0 51 43 160 4
15 0 52 43 160 4
15 0 53 43 160 4
15 0 54 43 160 4
15 0 55 43 160 4
15 0 56 43 160 4
15 0 57 43 160 4
15 0 58 43 160 4
15 0 59 43 160 4
15 1 23 147 102 188
15 1 24 147 102 188
15 1 25 147 102 188
15 1 26 147 102 188
15 1 27 147 102 188
15 1 28 147 102 188
15 1 29 147 102 188
15 1 30 147 102 188
15 1 34 147 102 188
15 1 35 147 102 188
15 2 23 147 102 188
15 2 24 147 102 188
15 2 25 147 102 188
15 2 26 147 102 188
15 2 27 147 102 188
15 2 28 147 102 188
15 2 29 147 102 188
15 2 30 147 102 188
15 2 31 147 102 188
15 2 32 147 102 188
15 2 33 147 102 188
15 3 32 147 102 188
15 3 33 147 102 188
15 3 36 147 102 188
15 3 37 147 102 188
15 4 32 147 102 188
15 4 33 147 102 188
15 4 34 147 102 188
15 4 35 147 102 188
15 4 36 147 102 188
15 4 37 147 102 188
15 5 31 147 102 188
15 5 33 147 102 188
15 5 34 147 102 188
15 5 35 147 102 188
15 5 36 147 102 188
15 5 37 147 102 188
15 5 38 147 102 188
15 5 39 147 102 188
15 6 30 147 102 188
15 6 32 147 102 188
15 6 33 147 102 188
15 6 34 147 102 188
15 6 35 147 102 188
15 6 36 147 102 188
15 6 37 147 102 188
15 6 38 147 102 188
15 6 39 147 102 188
15 6 40 147 102 188
15 7 24 147 102 188
15 7 25 147 102 188
15 7 26 147 102 188
15 7 28 147 102 188
15 7 30 147 102 188
15 7 31 147 102 188
15 7 32 147 102 188
15 7 33 147 102 188
15 7 34 147 102 188
15 7 35 147 102 188
15 7 36 147 102 188
15 7 37 147 102 188
15 7 38 147 102 188
15 7 39 147 102 188
15 7 40 147 102 188
15 8 23 147 102 188
15 8 24 147 102 188
15 8 25 147 102 188
15 8 27 147 102 188
15 8 28 147 102 188
15 8 29 147 102 188
15 8 30 147 102 188
15 8 31 147 102 188
15 8 32 147 102 188
15 8 33 147 102 188
15 8 34 147 102 188
15 8 35 147 102 188
15 8 36 147 102 188
15 8 37 147 102 188
15 8 38 147 102 188
15 8 39 147 102 188
15 8 40 147 102 188
15 9 23 147 102 188
15 9 24 147 102 188
15 9 26 147 102 188
15 9 27 147 102 188
15 9 28 147 102 188
15 9 29 147 102 188
15 9 30 147 102 188
15 9 31 147 102 188
15 9 32 147 102 188
15 9 34 147 102 188
15 9 35 147 102 188
15 9 36 147 102 188
15 9 37 147 102 188
15 9 38 147 102 188
15 9 39 147 102 188
15 10 23 147 102 188
15 10 24 147 102 188
15 10 26 147 102 188
15 10 27 147 102 188
15 10 28 147 102 188
15 10 29 147 102 188
15 10 30 147 102 188
15 10 31 147 102 188
15 10 35 147 102 188
15 10 36 147 102 188
15 10 37 147 102 188
15 10 38 147 102 188
15 10 39 147 102 188
15 11 23 147 102 188
15 11 24 147 102 188
15 11 27 147 102 188
15 11 28 147 102 188
15 11 29 147 102 188
15 11 30 147 102 188
15 11 31 147 102 188
15 11 36 147 102 188
15 11 37 147 102 188
15 11 38 147 102 188
15 12 23 147 102 188
15 12 24 147 102 188
15 12 26 147 102 188
15 12 27 147 102 188
15 12 32 147 102 188
15 12 33 147 102 188
15 12 34 147 102 188
15 12 35 147 102 188
15 12 37 147 102 188
15 12 39 147 102 188
15 13 23 147 102 188
15 13 24 147 102 188
15 13 26 147 102 188
15 13 27 147 102 188
15 13 31 147 102 188
15 13 34 147 102 188
15 13 37 147 102 188
15 13 38 147 102 188
15 14 23 147 102 188
15 14 24 147 102 188
15 14 25 147 102 188
15 14 29 147 102 188
15 14 32 147 102 188
15 14 37 147 102 188
15 14 38 147 102 188
15 14 39 147 102 188
15 15 23 147 102 188
15 15 24 196 175 214
15 15 25 196 175 214
15 15 32 147 102 188
15 15 34 147 102 188
15 15 38 147 102 188
15 15 39 147 102 188
15 15 40 147 102 188
15 15 41 147 102 188
15 15 42 147 102 188
15 15 43 147 102 188
15 15 44 147 102 188
15 15 45 158 216 229
15 15 46 158 216 229
15 16 24 196 175 214
15 16 25 196 175 214
15 16 34 147 102 188
15 16 38 147 102 188
15 16 39 147 102 188
15 16 40 147 102 188
15 16 41 147 102 188
15 16 42 147 102 188
15 16 43 147 102 188
15 16 44 147 102 188
15 16 45 158 216 229
15 16 46 158 216 229
15 16 47 158 216 229
15 17 25 196 175 214
15 17 26 196 175 214
15 17 27 196 175 214
15 17 39 147 102 188
15 17 40 147 102 188
15 17 41 147 102 188
15 17 42 147 102 188
15 17 46 158 216 229
15 17 47 158 216 229
15 18 46 158 216 229
15 18 47 158 216 229
15 18 48 158 216 229
15 19 47 158 216 229
15 19 48 158 216 229
15 20 47 158 216 229
15 20 48 158 216 229
15 21 47 158 216 229
15 21 48 158 216 229
15 22 47 114 158 206
15 22 48 114 158 206
15 23 47 114 158 206
15 23 48 114 158 206
15 24 46 114 158 206
15 24 47 114 158 206
15 25 46 114 158 206
15 25 47 114 158 206
15 26 46 114 158 206
15 26 47 114 158 206
15 27 46 114 158 206
15 27 47 114 158 206
15 28 45 114 158 206
15 28 46 114 158 206
15 28 47 114 158 206
15 29 45 114 158 206
15 29 46 114 158 206
15 29 47 114 158 206
15 30 45 114 158 206
15 30 46 114 158 206
15 30 47 114 158 206
15 31 45 114 158 206
15 31 46 114 158 206
15 31 47 114 158 206
15 32 46 114 158 206
15 32 47 114 158 206
16 0 26 43 160 4
16 0 27 43 160 4
16 0 28 43 160 4
16 0 29 43 160 4
16 0 30 43 160 4
16 0 31 43 160 4
16 0 32 43 160 4
16 0 33 43 160 4
16 0 34 43 160 4
16 0 35 43 160 4
16 0 36 43 160 4
16 0 37 43 160 4
16 0 38 43 160 4
16 0 39 43 160 4
16 0 40 43 160 4
16 0 41 43 160 4
16 0 42 43 160 4
16 0 43 43 160 4
16 0 44 43 160 4
16 0 45 43 160 4
16 0 46 43 160 4
16 0 47 43 160 4
16 0 48 43 160 4
16 0 49 43 160 4
16 0 50 43 160 4
16 0 51 43 160 4
16 0 52 43 160 4
16 0 53 43 160 4
16 0 54 43 160 4
16 0 55 43 160 4
16 0 56 43 160 4
16 0 57 43 160 4
16 0 58 43 160 4
16 0 59 43 160 4
16 1 22 147 102 188
16 1 23 147 102 188
16 1 24 147 102 188
16 1 25 147 102 188
16 1 26 147 102 188
16 1 27 147 102 188
16 1 28 147 102 188
16 1 29 147 102 188
16 1 35 147 102 188
16 2 22 147 102 188
16 2 23 147 102 188
16 2 24 147 102 188
16 2 25 147 102 188
16 2 26 147 102 188
16 2 27 147 102 188
16 2 28 147 102 188
16 2 29 147 102 188
16 2 30 147 102 188
16 2 31 147 102 188
16 2 32 147 102 188
16 2 33 147 102 188
16 2 34 147 102 188
16 2 36 147 102 188
16 3 29 147 102 188
16 3 30 147 102 188
16 3 31 147 102 188
16 3 35 147 102 188
16 3 36 147 102 188
16 3 37 147 102 188
16 4 29 147 102 188
16 4 30 147 102 188
16 4 32 147 102 188
16 4 33 147 102 188
16 4 34 147 102 188
16 4 35 147 102 188
16 4 36 147 102 188
16 4 37 147 102 188
16 4 38 147 102 188
16 5 31 147 102 188
16 5 32 147 102 188
16 5 33 147 102 188
16 5 34 147 102 188
16 5 35 147 102 188
16 5 36 147 102 188
16 5 37 147 102 188
16 5 38 147 102 188
16 5 39 147 102 188
16 5 40 147 102 188
16 6 25 147 102 188
16 6 30 147 102 188
16 6 31 147 102 188
16 6 32 147 102 188
16 6 33 147 102 188
16 6 34 147 102 188
16 6 35 147 102 188
16 6 36 147 102 188
16 6 37 147 102 188
16 6 38 147 102 188
16 6 39 147 102 188
16 6 40 147 102 188
16 7 24 147 102 188
16 7 25 147 102 188
16 7 26 147 102 188
16 7 28 147 102 188
16 7 29 147 102 188
16 7 30 147 102 188
16 7 31 147 102 188
16 7 32 147 102 188
16 7 33 147 102 188
16 7 34 147 102 188
16 7 35 147 102 188
16 7 36 147 102 188
16 7 37 147 102 188
16 7 38 147 102 188
16 7 39 147 102 188
16 7 40 147 102 188
16 8 24 147 102 188
16 8 25 147 102 188
16 8 27 147 102 188
16 8 28 147 102 188
16 8 29 147 102 188
16 8 30 147 102 188
16 8 31 147 102 188
16 8 32 147 102 188
16 8 33 147 102 188
16 8 34 147 102 188
16 8 35 147 102 188
16 8 36 147 102 188
16 8 37 147 102 188
16 8 38 147 102 188
16 8 39 147 102 188
16 8 40 147 102 188
16 9 24 147 102 188
16 9 25 147 102 188
16 9 27 147 102 188
16 9 28 147 102 188
16 9 29 147 102 188
16 9 30 147 102 188
16 9 31 147 102 188
16 9 32 147 102 188
16 9 33 147 102 188
16 9 34 147 102 188
16 9 35 147 102 188
16 9 36 147 102 188
16 9 37 147 102 188
16 9 38 147 102 188
16 9 39 147 102 188
16 9 40 147 102 188
16 10 24 147 102 188
16 10 25 147 102 188
16 10 27 147 102 188
16 10 28 147 102 188
16 10 29 147 102 188
16 10 30 147 102 188
16 10 31 147 102 188
16 10 32 147 102 188
16 10 34 147 102 188
16 10 35 147 102 188
16 10 36 147 102 188
16 10 37 147 102 188
16 10 38 147 102 188
16 10 39 147 102 188
16 11 24 147 102 188
16 11 25 147 102 188
16 11 31 147 102 188
16 11 35 147 102 188
16 11 38 147 102 188
16 11 39 147 102 188
16 12 24 147 102 188
16 12 25 147 102 188
16 12 27 147 102 188
16 12 28 147 102 188
16 12 29 147 102 188
16 12 30 147 102 188
16 12 31 147 102 188
16 12 34 147 102 188
16 12 36 147 102 188
16 12 37 147 102 188
16 13 24 147 102 188
16 13 25 147 102 188
16 13 27 147 102 188
16 13 28 147 102 188
16 13 29 147 102 188
16 13 30 147 102 188
16 13 31 147 102 188
16 13 32 147 102 188
16 13 36 147 102 188
16 13 37 147 102 188
16 13 38 147 102 188
16 14 24 196 175 214
16 14 25 196 175 214
16 14 28 196 175 214
16 14 30 147 102 188
16 14 37 147 102 188
16 14 38 147 102 188
16 14 39 147 102 188
16 14 40 147 102 188
16 14 41 147 102 188
16 14 42 147 102 188
16 15 24 196 175 214
16 15 25 196 175 214
16 15 26 196 175 214
16 15 29 196 175 214
16 15 31 147 102 188
16 15 32 147 102 188
16 15 38 147 102 188
16 15 39 147 102 188
16 15 40 147 102 188
16 15 41 147 102 188
16 15 42 147 102 188
16 15 43 147 102 188
16 15 44 147 102 188
16 15 45 147 102 188
16 15 46 158 216 229
16 16 24 196 175 214
16 16 25 196 175 214
16 16 26 196 175 214
16 16 31 147 102 188
16 16 45 147 102 188
16 16 46 158 216 229
16 16 47 158 216 229
16 17 25 196 175 214
16 17 26 196 175 214
16 17 27 196 175 214
16 17 46 158 216 229
16 17 47 158 216 229
16 17 48 158 216 229
16 18 47 158 216 229
16 18 48 158 216 229
16 19 47 158 216 229
16 19 48 158 216 229
16 20 47 158 216 229
16 20 48 158 216 229
16 21 47 158 216 229
16 21 48 158 216 229
16 22 47 158 216 229
16 22 48 158 216 229
16 23 47 114 158 206
16 23 48 158 216 229
16 24 47 114 158 206
16 24 48 158 216 229
16 25 47 114 158 206
16 25 48 158 216 229
16 26 47 114 158 206
16 26 48 158 216 229
16 27 47 114 158 206
16 27 48 158 216 229
16 28 47 114 158 206
16 28 48 158 216 229
16 29 46 114 158 206
16 29 47 114 158 206
16 29 48 114 158 206
16 30 46 114 158 206
16 30 47 114 158 206
16 30 48 114 158 206
16 31 46 114 158 206
16 31 47 114 158 206
16 31 48 114 158 206
16 32 46 114 158 206
16 32 47 114 158 206
16 32 48 114 158 206
16 33 48 158 216 229
17 0 26 43 160 4
17 0 27 43 160 4
17 0 28 43 160 4
17 0 29 43 160 4
17 0 30 43 160 4
17 0 31 43 160 4
17 0 32 43 160 4
17 0 33 43 160 4
17 0 34 43 160 4
17 0 35 43 160 4
17 0 36 43 160 4
17 0 37 43 160 4
17 0 38 43 160 4
17 0 39 43 160 4
17 0 40 43 160 4
17 0 41 43 160 4
17 0 42 43 160 4
17 0 43 43 160 4
17 0 44 43 160 4
17 0 45 43 160 4
17 0 46 43 160 4
17 0 47 43 160 4
17 0 48 43 160 4
17 0 49 43 160 4
17 0 50 43 160 4
17 0 51 43 160 4
17 0 52 43 160 4
17 0 53 43 160 4
17 0 54 43 160 4
17 0 55 43 160 4
17 0 56 43 160 4
17 0 57 43 160 4
17 0 58 43 160 4
17 0 59 43 160 4
17 1 20 43 160 4
17 1 21 147 102 188
17 1 22 147 102 188
17 1 23 147 102 188
17 1 24 147 102 188
17 1 25 147 102 188
17 1 26 147 102 188
17 1 27 147 102 188
17 1 28 147 102 188
17 1 35 147 102 188
17 1 36 147 102 188
17 2 20 147 102 188
17 2 21 147 102 188
17 2 22 147 102 188
17 2 23 147 102 188
17 2 24 147 102 188
17 2 25 147 102 188
17 2 26 147 102 188
17 2 27 147 102 188
17 2 28 147 102 188
17 2 29 147 102 188
17 2 30 147 102 188
17 2 31 147 102 188
17 2 32 147 102 188
17 2 33 147 102 188
17 2 34 147 102 188
17 2 36 147 102 188
17 2 37 147 102 188
17 2 38 147 102 188
17 3 28 147 102 188
17 3 29 147 102 188
17 3 30 147 102 188
17 3 31 147 102 188
17 3 32 147 102 188
17 3 33 147 102 188
17 3 34 147 102 188
17 3 36 147 102 188
17 3 37 147 102 188
17 3 38 147 102 188
17 3 39 147 102 188
17 4 26 147 102 188
17 4 27 147 102 188
17 4 28 147 102 188
17 4 29 147 102 188
17 4 31 147 102 188
17 4 32 147 102 188
17 4 33 147 102 188
17 4 34 147 102 188
17 4 35 147 102 188
17 4 36 147 102 188
17 4 37 147 102 188
17 4 38 147 102 188
17 4 39 147 102 188
17 4 40 147 102 188
17 5 26 147 102 188
17 5 27 147 102 188
17 5 28 147 102 188
17 5 30 147 102 188
17 5 31 147 102 188
17 5 32 147 102 188
17 5 33 147 102 188
17 5 34 147 102 188
17 5 35 147 102 188
17 5 36 147 102 188
17 5 37 147 102 188
17 5 38 147 102 188
17 5 39 147 102 188
17 5 40 147 102 188
17 6 25 147 102 188
17 6 26 147 102 188
17 6 27 147 102 188
17 6 28 147 102 188
17 6 29 147 102 188
17 6 30 147 102 188
17 6 31 147 102 188
17 6 32 147 102 188
17 6 33 147 102 188
17 6 34 147 102 188
17 6 35 147 102 188
17 6 36 147 102 188
17 6 37 147 102 188
17 6 38 147 102 188
17 6 39 147 102 188
17 6 40 147 102 188
17 7 24 147 102 188
17 7 25 147 102 188
17 7 26 147 102 188
17 7 28 147 102 188
17 7 29 147 102 188
17 7 30 147 102 188
17 7 31 147 102 188
17 7 32 147 102 188
17 7 33 147 102 188
17 7 34 147 102 188
17 7 35 147 102 188
17 7 36 147 102 188
17 7 37 147 102 188
17 7 38 147 102 188
17 7 39 147 102 188
17 7 40 147 102 188
17 7 41 147 102 188
17 8 24 147 102 188
17 8 25 147 102 188
17 8 26 147 102 188
17 8 28 147 102 188
17 8 29 147 102 188
17 8 30 147 102 188
17 8 31 147 102 188
17 8 32 147 102 188
17 8 33 147 102 188
17 8 34 147 102 188
17 8 35 147 102 188
17 8 36 147 102 188
17 8 37 147 102 188
17 8 38 147 102 188
17 8 39 147 102 188
17 8 40 147 102 188
17 8 41 147 102 188
17 9 24 147 102 188
17 9 25 147 102 188
17 9 27 147 102 188
17 9 28 147 102 188
17 9 29 147 102 188
17 9 30 147 102 188
17 9 31 147 102 188
17 9 32 147 102 188
17 9 33 147 102 188
17 9 34 147 102 188
17 9 35 147 102 188
17 9 36 147 102 188
17 9 37 147 102 188
17 9 38 147 102 188
17 9 39 147 102 188
17 9 40 147 102 188
17 9 41 147 102 188
17 10 24 147 102 188
17 10 25 147 102 188
17 10 29 147 102 188
17 10 30 147 102 188
17 10 31 147 102 188
17 10 32 147 102 188
17 10 33 147 102 188
17 10 34 147 102 188
17 10 35 147 102 188
17 10 36 147 102 188
17 10 37 147 102 188
17 10 38 147 102 188
17 10 39 147 102 188
17 10 40 147 102 188
17 10 41 147 102 188
17 11 24 147 102 188
17 11 25 147 102 188
17 11 26 147 102 188
17 11 27 147 102 188
17 11 28 147 102 188
17 11 31 147 102 188
17 11 32 147 102 188
17 11 34 147 102 188
17 11 37 147 102 188
17 11 38 147 102 188
17 11 39 147 102 188
17 11 40 147 102 188
17 12 24 147 102 188
17 12 25 147 102 188
17 12 26 147 102 188
17 12 27 147 102 188
17 12 28 147 102 188
17 12 29 147 102 188
17 12 30 147 102 188
17 12 31 147 102 188
17 12 32 147 102 188
17 12 35 147 102 188
17 12 36 147 102 188
17 12 39 147 102 188
17 13 25 147 102 188
17 13 26 147 102 188
17 13 27 147 102 188
17 13 28 147 102 188
17 13 29 147 102 188
17 13 35 147 102 188
17 13 36 147 102 188
17 13 37 147 102 188
17 13 38 147 102 188
17 13 42 147 102 188
17 14 25 196 175 214
17 14 26 196 175 214
17 14 27 196 175 214
17 14 28 196 175 214
17 14 29 196 175 214
17 14 37 147 102 188
17 14 38 147 102 188
17 14 39 147 102 188
17 14 40 147 102 188
17 14 41 147 102 188
17 15 25 196 175 214
17 15 26 196 175 214
17 15 27 196 175 214
17 15 28 196 175 214
17 15 29 196 175 214
17 15 30 147 102 188
17 15 41 147 102 188
17 15 42 147 102 188
17 15 43 147 102 188
17 15 44 147 102 188
17 15 45 147 102 188
17 16 25 196 175 214
17 16 26 196 175 214
17 16 27 196 175 214
17 16 28 196 175 214
17 16 44 147 102 188
17 16 45 147 102 188
17 16 46 158 216 229
17 16 47 158 216 229
17 16 48 158 216 229
17 17 46 158 216 229
17 17 47 158 216 229
17 17 48 158 216 229
17 17 49 158 216 229
17 18 47 158 216 229
17 18 48 158 216 229
17 18 49 158 216 229
17 19 47 158 216 229
17 19 48 158 216 229
17 20 47 158 216 229
17 20 48 158 216 229
17 21 47 158 216 229
17 21 48 158 216 229
17 22 47 158 216 229
17 22 48 158 216 229
17 23 47 158 216 229
17 23 48 158 216 229
17 24 47 158 216 229
17 24 48 158 216 229
17 25 47 158 216 229
17 25 48 158 216 229
17 26 47 158 216 229
17 26 48 158 216 229
17 27 47 158 216 229
17 27 48 158 216 229
17 28 47 158 216 229
17 28 48 158 216 229
17 29 47 114 158 206
17 29 48 114 158 206
17 29 49 114 158 206
17 30 47 114 158 206
17 30 48 114 158 206
17 31 47 114 158 206
17 31 48 114 158 206
17 32 46 114 158 206
17 32 47 114 158 206
17 33 48 158 216 229
18 0 26 43 160 4
18 0 27 43 160 4
18 0 28 43 160 4
18 0 29 43 160 4
18 0 30 43 160 4
18 0 31 43 160 4
18 0 32 43 160 4
18 0 33 43 160 4
18 0 34 43 160 4
18 0 35 43 160 4
18 0 36 43 160 4
18 0 37 43 160 4
18 0 38 43 160 4
18 0 39 43 160 4
18 0 40 43 160 4
18 0 41 43 160 4
18 0 42 43 160 4
18 0 43 43 160 4
18 0 44 43 160 4
18 0 45 43 160 4
18 0 46 43 160 4
18 0 47 43 160 4
18 0 48 43 160 4
18 0 49 43 160 4
18 0 50 43 160 4
18 0 51 43 160 4
18 0 52 43 160 4
18 0 53 43 160 4
18 0 54 43 160 4
18 0 55 43 160 4
18 0 56 43 160 4
18 0 57 43 160 4
18 0 58 43 160 4
18 0 59 43 160 4
18 1 20 147 102 188
18 1 21 147 102 188
18 1 22 147 102 188
18 1 23 147 102 188
18 1 24 147 102 188
18 1 25 147 102 188
18 1 26 147 102 188
18 1 27 147 102 188
18 1 28 147 102 188
18 1 35 147 102 188
18 1 36 147 102 188
18 1 37 147 102 188
18 1 38 147 102 188
18 2 20 147 102 188
18 2 21 147 102 188
18 2 22 147 102 188
18 2 23 147 102 188
18 2 24 147 102 188
18 2 25 147 102 188
18 2 26 147 102 188
18 2 27 147 102 188
18 2 28 147 102 188
18 2 29 147 102 188
18 2 30 147 102 188
18 2 31 147 102 188
18 2 32 147 102 188
18 2 33 147 102 188
18 2 34 147 102 188
18 2 36 147 102 188
18 2 37 147 102 188
18 2 38 147 102 188
18 2 39 147 102 188
18 3 27 147 102 188
18 3 28 147 102 188
18 3 29 147 102 188
18 3 30 147 102 188
18 3 31 147 102 188
18 3 32 147 102 188
18 3 33 147 102 188
18 3 36 147 102 188
18 3 37 147 102 188
18 3 38 147 102 188
18 3 39 147 102 188
18 3 40 147 102 188
18 4 26 147 102 188
18 4 27 147 102 188
18 4 28 147 102 188
18 4 31 147 102 188
18 4 32 147 102 188
18 4 33 147 102 188
18 4 34 147 102 188
18 4 35 147 102 188
18 4 36 147 102 188
18 4 37 147 102 188
18 4 38 147 102 188
18 4 39 147 102 188
18 4 40 147 102 188
18 5 25 147 102 188
18 5 26 147 102 188
18 5 27 147 102 188
18 5 29 147 102 188
18 5 30 147 102 188
18 5 31 147 102 188
18 5 32 147 102 188
18 5 33 147 102 188
18 5 34 147 102 188
18 5 35 147 102 188
18 5 36 147 102 188
18 5 37 147 102 188
18 5 38 147 102 188
18 5 39 147 102 188
18 5 40 147 102 188
18 5 41 147 102 188
18 6 25 147 102 188
18 6 26 147 102 188
18 6 28 147 102 188
18 6 29 147 102 188
18 6 30 147 102 188
18 6 31 147 102 188
18 6 32 147 102 188
18 6 33 147 102 188
18 6 34 147 102 188
18 6 35 147 102 188
18 6 36 147 102 188
18 6 37 147 102 188
18 6 38 147 102 188
18 6 39 147 102 188
18 6 40 147 102 188
18 6 41 147 102 188
18 7 24 147 102 188
18 7 25 147 102 188
18 7 26 147 102 188
18 7 28 147 102 188
18 7 29 147 102 188
18 7 30 147 102 188
18 7 31 147 102 188
18 7 32 147 102 188
18 7 33 147 102 188
18 7 34 147 102 188
18 7 35 147 102 188
18 7 36 147 102 188
18 7 37 147 102 188
18 7 38 147 102 188
18 7 39 147 102 188
18 7 40 147 102 188
18 7 41 147 102 188
18 8 24 147 102 188
18 8 25 147 102 188
18 8 26 147 102 188
18 8 28 147 102 188
18 8 29 147 102 188
18 8 30 147 102 188
18 8 31 147 102 188
18 8 32 147 102 188
18 8 33 147 102 188
18 8 34 147 102 188
18 8 35 147 102 188
18 8 36 147 102 188
18 8 37 147 102 188
18 8 38 147 102 188
18 8 39 147 102 188
18 8 40 147 102 188
18 8 41 147 102 188
18 9 24 147 102 188
18 9 25 147 102 188
18 9 30 147 102 188
18 9 31 147 102 188
18 9 32 147 102 188
18 9 33 147 102 188
18 9 34 147 102 188
18 9 35 147 102 188
18 9 36 147 102 188
18 9 37 147 102 188
18 9 38 147 102 188
18 9 39 147 102 188
18 9 40 147 102 188
18 9 41 147 102 188
18 9 42 147 102 188
18 10 25 147 102 188
18 10 26 147 102 188
18 10 27 147 102 188
18 10 28 147 102 188
18 10 31 147 102 188
18 10 32 147 102 188
18 10 33 147 102 188
18 10 34 147 102 188
18 10 35 147 102 188
18 10 36 147 102 188
18 10 37 147 102 188
18 10 38 147 102 188
18 10 39 147 102 188
18 10 40 147 102 188
18 10 41 147 102 188
18 10 42 147 102 188
18 11 25 147 102 188
18 11 26 147 102 188
18 11 27 147 102 188
18 11 28 147 102 188
18 11 29 147 102 188
18 11 30 147 102 188
18 11 37 147 102 188
18 11 38 147 102 188
18 11 39 147 102 188
18 11 40 147 102 188
18 11 41 147 102 188
18 11 42 147 102 188
18 11 43 147 102 188
18 12 26 147 102 188
18 12 27 147 102 188
18 12 28 147 102 188
18 12 29 147 102 188
18 12 30 147 102 188
18 12 31 147 102 188
18 12 32 147 102 188
18 12 33 147 102 188
18 12 34 147 102 188
18 12 35 147 102 188
18 12 36 147 102 188
18 12 39 147 102 188
18 12 40 147 102 188
18 12 41 147 102 188
18 12 42 147 102 188
18 12 43 147 102 188
18 13 25 147 102 188
18 13 26 147 102 188
18 13 27 196 175 214
18 13 34 147 102 188
18 13 35 147 102 188
18 13 36 147 102 188
18 13 37 147 102 188
18 13 41 147 102 188
18 13 42 147 102 188
18 13 43 147 102 188
18 13 44 147 102 188
18 14 26 196 175 214
18 14 27 196 175 214
18 14 35 147 102 188
18 14 36 147 102 188
18 14 37 147 102 188
18 14 38 147 102 188
18 14 45 147 102 188
18 15 26 196 175 214
18 15 27 196 175 214
18 15 40 147 102 188
18 15 41 147 102 188
18 15 42 147 102 188
18 15 43 147 102 188
18 15 44 147 102 188
18 15 45 147 102 188
18 16 26 196 175 214
18 16 44 147 102 188
18 16 45 147 102 188
18 16 46 158 216 229
18 16 47 158 216 229
18 17 46 158 216 229
18 17 47 158 216 229
18 17 48 158 216 229
18 17 59 158 216 229
18 18 46 158 216 229
18 18 47 158 216 229
18 18 48 158 216 229
18 19 46 158 216 229
18 19 47 158 216 229
18 20 47 158 216 229
18 21 46 158 216 229
18 21 47 158 216 229
18 22 46 158 216 229
18 22 47 158 216 229
18 22 49 158 216 229
18 23 46 158 216 229
18 23 47 158 216 229
18 23 49 158 216 229
18 24 46 158 216 229
18 24 47 158 216 229
18 24 49 158 216 229
18 25 46 158 216 229
18 25 47 158 216 229
18 25 48 158 216 229
18 25 53 158 216 229
18 26 47 158 216 229
18 26 48 158 216 229
18 27 47 158 216 229
18 27 48 158 216 229
18 28 47 158 216 229
18 28 48 158 216 229
18 28 49 158 216 229
18 29 47 158 216 229
18 30 46 114 158 206
18 30 47 114 158 206
18 31 46 114 158 206
18 31 47 114 158 206
18 32 46 158 216 229
18 32 47 114 158 206
19 0 26 43 160 4
19 0 27 43 160 4
19 0 28 43 160 4
19 0 29 43 160 4
19 0 30 43 160 4
19 0 31 43 160 4
19 0 32 43 160 4
19 0 33 43 160 4
19 0 34 43 160 4
19 0 35 43 160 4
19 0 36 43 160 4
19 0 37 43 160 4
19 0 38 43 160 4
19 0 39 43 160 4
19 0 40 43 160 4
19 0 41 43 160 4
19 0 42 43 160 4
19 0 43 43 160 4
19 0 44 43 160 4
19 0 45 43 160 4
19 0 46 43 160 4
19 0 47 43 160 4
19 0 48 43 160 4
19 0 49 43 160 4
19 0 50 43 160 4
19 0 51 43 160 4
19 0 52 43 160 4
19 0 53 43 160 4
19 0 54 43 160 4
19 0 55 43 160 4
19 0 56 43 160 4
19 0 57 43 160 4
19 0 58 43 160 4
19 0 59 43 160 4
19 1 20 147 102 188
19 1 21 147 102 188
19 1 22 147 102 188
19 1 23 147 102 188
19 1 24 147 102 188
19 1 25 147 102 188
19 1 26 147 102 188
19 1 27 147 102 188
19 1 28 147 102 188
19 1 29 147 102 188
19 1 35 147 102 188
19 1 36 147 102 188
19 1 37 147 102 188
19 1 38 147 102 188
19 1 39 147 102 188
19 2 20 147 102 188
19 2 21 147 102 188
19 2 22 147 102 188
19 2 23 147 102 188
19 2 24 147 102 188
19 2 25 147 102 188
19 2 26 147 102 188
19 2 27 147 102 188
19 2 28 147 102 188
19 2 29 147 102 188
19 2 30 147 102 188
19 2 31 147 102 188
19 2 32 147 102 188
19 2 33 147 102 188
19 2 34 147 102 188
19 2 36 147 102 188
19 2 37 147 102 188
19 2 38 147 102 188
19 2 39 147 102 188
19 2 40 147 102 188
19 3 28 147 102 188
19 3 30 147 102 188
19 3 31 147 102 188
19 3 32 147 102 188
19 3 35 147 102 188
19 3 36 147 102 188
19 3 37 147 102 188
19 3 38 147 102 188
19 3 39 147 102 188
19 3 40 147 102 188
19 4 26 147 102 188
19 4 27 147 102 188
19 4 28 147 102 188
19 4 30 147 102 188
19 4 31 147 102 188
19 4 32 147 102 188
19 4 33 147 102 188
19 4 34 147 102 188
19 4 35 147 102 188
19 4 36 147 102 188
19 4 37 147 102 188
19 4 38 147 102 188
19 4 39 147 102 188
19 4 40 147 102 188
19 4 41 147 102 188
19 5 25 147 102 188
19 5 26 147 102 188
19 5 29 147 102 188
19 5 30 147 102 188
19 5 31 147 102 188
19 5 32 147 102 188
19 5 33 147 102 188
19 5 34 147 102 188
19 5 35 147 102 188
19 5 36 147 102 188
19 5 37 147 102 188
19 5 38 147 102 188
19 5 39 147 102 188
19 5 40 147 102 188
19 5 41 147 102 188
19 6 24 147 102 188
19 6 25 147 102 188
19 6 28 147 102 188
19 6 29 147 102 188
19 6 30 147 102 188
19 6 31 147 102 188
19 6 32 147 102 188
19 6 33 147 102 188
19 6 34 147 102 188
19 6 35 147 102 188
19 6 36 147 102 188
19 6 37 147 102 188
19 6 38 147 102 188
19 6 39 147 102 188
19 6 40 147 102 188
19 6 41 147 102 188
19 6 45 158 216 229
19 7 24 147 102 188
19 7 25 147 102 188
19 7 27 147 102 188
19 7 28 147 102 188
19 7 29 147 102 188
19 7 30 147 102 188
19 7 31 147 102 188
19 7 32 147 102 188
19 7 33 147 102 188
19 7 34 147 102 188
19 7 35 147 102 188
19 7 36 147 102 188
19 7 37 147 102 188
19 7 38 147 102 188
19 7 39 147 102 188
19 7 40 147 102 188
19 7 41 147 102 188
19 7 45 158 216 229
19 7 46 158 216 229
19 8 24 147 102 188
19 8 25 147 102 188
19 8 30 147 102 188
19 8 31 147 102 188
19 8 32 147 102 188
19 8 33 147 102 188
19 8 34 147 102 188
19 8 35 147 102 188
19 8 36 147 102 188
19 8 37 147 102 188
19 8 38 147 102 188
19 8 39 147 102 188
19 8 40 147 102 188
19 8 41 147 102 188
19 8 46 158 216 229
19 8 49 158 216 229
19 9 24 147 102 188
19 9 25 147 102 188
19 9 26 147 102 188
19 9 27 147 102 188
19 9 28 147 102 188
19 9 29 147 102 188
19 9 33 147 102 188
19 9 34 147 102 188
19 9 35 147 102 188
19 9 36 147 102 188
19 9 37 147 102 188
19 9 38 147 102 188
19 9 39 147 102 188
19 9 40 147 102 188
19 9 41 147 102 188
19 9 42 147 102 188
19 10 25 147 102 188
19 10 26 147 102 188
19 10 27 147 102 188
19 10 28 147 102 188
19 10 29 147 102 188
19 10 30 147 102 188
19 10 33 147 102 188
19 10 34 147 102 188
19 10 35 147 102 188
19 10 36 147 102 188
19 10 37 147 102 188
19 10 38 147 102 188
19 10 39 147 102 188
19 10 40 147 102 188
19 10 41 147 102 188
19 10 42 147 102 188
19 10 43 147 102 188
19 10 44 147 102 188
19 10 46 158 216 229
19 11 25 147 102 188
19 11 26 147 102 188
19 11 27 147 102 188
19 11 28 147 102 188
19 11 29 147 102 188
19 11 30 147 102 188
19 11 31 147 102 188
19 11 32 147 102 188
19 11 33 147 102 188
19 11 40 147 102 188
19 11 41 147 102 188
19 11 49 158 216 229
19 12 29 147 102 188
19 12 30 147 102 188
19 12 31 147 102 188
19 12 32 147 102 188
19 12 33 147 102 188
19 12 34 147 102 188
19 12 35 147 102 188
19 12 36 147 102 188
19 12 37 147 102 188
19 12 38 147 102 188
19 12 44 147 102 188
19 12 49 158 216 229
19 13 34 147 102 188
19 13 35 147 102 188
19 13 36 147 102 188
19 13 37 147 102 188
19 13 38 147 102 188
19 14 35 147 102 188
19 14 36 147 102 188
19 14 37 147 102 188
19 14 38 147 102 188
19 14 39 147 102 188
19 14 40 147 102 188
19 15 37 147 102 188
19 15 38 147 102 188
19 15 39 147 102 188
19 15 40 147 102 188
19 15 41 147 102 188
19 15 42 147 102 188
19 15 43 147 102 188
19 15 44 147 102 188
19 15 47 158 216 229
19 16 43 147 102 188
19 16 44 147 102 188
19 16 45 147 102 188
19 16 46 158 216 229
19 16 47 158 216 229
19 16 53 158 216 229
19 17 46 158 216 229
19 17 47 158 216 229
19 17 48 158 216 229
19 17 57 158 216 229
19 17 58 158 216 229
19 17 59 196 175 214
19 18 46 158 216 229
19 19 46 158 216 229
19 20 46 158 216 229
19 21 46 158 216 229
19 22 46 158 216 229
19 22 47 158 216 229
19 23 45 158 216 229
19 23 46 158 216 229
19 23 47 158 216 229
19 24 46 158 216 229
19 24 47 158 216 229
19 24 48 158 216 229
19 24 49 158 216 229
19 25 46 158 216 229
19 25 47 158 216 229
19 25 48 158 216 229
19 26 47 158 216 229
19 26 48 158 216 229
19 26 51 158 216 229
19 27 47 158 216 229
19 27 48 158 216 229
19 28 47 158 216 229
19 28 48 158 216 229
19 29 46 158 216 229
19 29 47 158 216 229
19 30 46 114 158 206
19 30 47 114 158 206
19 31 46 158 216 229
19 31 47 158 216 229
19 32 46 158 216 229
19 32 47 158 216 229
20 0 28 43 160 4
20 0 29 43 160 4
20 0 30 43 160 4
20 0 31 43 160 4
20 0 32 43 160 4
20 0 33 43 160 4
20 0 34 43 160 4
20 0 35 43 160 4
20 0 36 43 160 4
20 0 37 43 160 4
20 0 38 43 160 4
20 0 39 43 160 4
20 0 40 43 160 4
20 0 41 43 160 4
20 0 42 43 160 4
20 0 43 43 160 4
20 0 44 43 160 4
20 0 45 43 160 4
20 0 46 43 160 4
20 0 47 43 160 4
20 0 48 43 160 4
20 0 49 43 160 4
20 0 50 43 160 4
20 0 51 43 160 4
20 0 52 43 160 4
20 0 53 43 160 4
20 0 54 43 160 4
20 0 55 43 160 4
20 0 56 43 160 4
20 0 57 43 160 4
20 0 58 43 160 4
20 0 59 43 160 4
20 1 20 147 102 188
20 1 21 147 102 188
20 1 22 147 102 188
20 1 23 147 102 188
20 1 24 147 102 188
20 1 25 147 102 188
20 1 26 147 102 188
20 1 27 147 102 188
20 1 28 147 102 188
20 1 29 147 102 188
20 1 35 147 102 188
20 1 36 147 102 188
20 1 37 147 102 188
20 1 38 147 102 188
20 1 39 147 102 188
20 2 20 147 102 188
20 2 21 147 102 188
20 2 22 147 102 188
20 2 23 147 102 188
20 2 24 147 102 188
20 2 25 147 102 188
20 2 26 147 102 188
20 2 27 147 102 188
20 2 28 147 102 188
20 2 29 147 102 188
20 2 30 147 102 188
20 2 31 147 102 188
20 2 32 147 102 188
20 2 33 147 102 188
20 2 35 147 102 188
20 2 36 147 102 188
20 2 37 147 102 188
20 2 38 147 102 188
20 2 39 147 102 188
20 2 40 147 102 188
20 3 30 147 102 188
20 3 31 147 102 188
20 3 32 147 102 188
20 3 33 147 102 188
20 3 35 147 102 188
20 3 36 147 102 188
20 3 37 147 102 188
20 3 38 147 102 188
20 3 39 147 102 188
20 3 40 147 102 188
20 4 25 147 102 188
20 4 26 147 102 188
20 4 27 147 102 188
20 4 29 147 102 188
20 4 30 147 102 188
20 4 31 147 102 188
20 4 32 147 102 188
20 4 33 147 102 188
20 4 34 147 102 188
20 4 35 147 102 188
20 4 36 147 102 188
20 4 37 147 102 188
20 4 38 147 102 188
20 4 39 147 102 188
20 4 40 147 102 188
20 4 41 147 102 188
20 5 24 147 102 188
20 5 25 147 102 188
20 5 26 147 102 188
20 5 28 147 102 188
20 5 29 147 102 188
20 5 30 147 102 188
20 5 31 147 102 188
20 5 32 147 102 188
20 5 33 147 102 188
20 5 34 147 102 188
20 5 35 147 102 188
20 5 36 147 102 188
20 5 37 147 102 188
20 5 38 147 102 188
20 5 39 147 102 188
20 5 40 147 102 188
20 5 41 147 102 188
20 6 24 147 102 188
20 6 25 147 102 188
20 6 27 147 102 188
20 6 28 147 102 188
20 6 29 147 102 188
20 6 30 147 102 188
20 6 31 147 102 188
20 6 32 147 102 188
20 6 33 147 102 188
20 6 34 147 102 188
20 6 35 147 102 188
20 6 36 147 102 188
20 6 37 147 102 188
20 6 38 147 102 188
20 6 39 147 102 188
20 6 40 147 102 188
20 6 41 147 102 188
20 6 49 158 216 229
20 6 50 158 216 229
20 7 24 147 102 188
20 7 25 147 102 188
20 7 27 147 102 188
20 7 28 147 102 188
20 7 29 147 102 188
20 7 30 147 102 188
20 7 31 147 102 188
20 7 32 147 102 188
20 7 33 147 102 188
20 7 34 147 102 188
20 7 35 147 102 188
20 7 36 147 102 188
20 7 37 147 102 188
20 7 38 147 102 188
20 7 39 147 102 188
20 7 40 147 102 188
20 7 41 147 102 188
20 7 49 158 216 229
20 8 24 147 102 188
20 8 25 147 102 188
20 8 32 147 102 188
20 8 33 147 102 188
20 8 34 147 102 188
20 8 35 147 102 188
20 8 36 147 102 188
20 8 37 147 102 188
20 8 38 147 102 188
20 8 39 147 102 188
20 8 40 147 102 188
20 8 41 147 102 188
20 9 24 147 102 188
20 9 25 147 102 188
20 9 26 147 102 188
20 9 27 147 102 188
20 9 28 147 102 188
20 9 29 147 102 188
20 9 30 147 102 188
20 9 31 147 102 188
20 9 34 147 102 188
20 9 35 147 102 188
20 9 36 147 102 188
20 9 37 147 102 188
20 9 38 147 102 188
20 9 39 147 102 188
20 9 40 147 102 188
20 10 25 147 102 188
20 10 26 147 102 188
20 10 27 147 102 188
20 10 28 147 102 188
20 10 29 147 102 188
20 10 30 147 102 188
20 10 31 147 102 188
20 10 32 147 102 188
20 10 35 147 102 188
20 10 36 147 102 188
20 10 37 147 102 188
20 10 38 147 102 188
20 10 40 147 102 188
20 11 30 147 102 188
20 11 31 147 102 188
20 11 32 147 102 188
20 11 33 147 102 188
20 11 34 147 102 188
20 11 35 147 102 188
20 11 36 147 102 188
20 11 38 147 102 188
20 11 39 147 102 188
20 11 42 147 102 188
20 11 43 147 102 188
20 11 44 147 102 188
20 11 45 196 175 214
20 11 46 196 175 214
20 12 32 147 102 188
20 12 33 147 102 188
20 12 34 147 102 188
20 12 35 147 102 188
20 12 36 147 102 188
20 12 37 147 102 188
20 12 38 147 102 188
20 12 39 147 102 188
20 12 40 147 102 188
20 12 41 147 102 188
20 12 42 147 102 188
20 12 43 147 102 188
20 12 44 196 175 214
20 12 45 196 175 214
20 13 35 147 102 188
20 13 36 147 102 188
20 13 37 147 102 188
20 13 38 147 102 188
20 13 39 147 102 188
20 13 40 147 102 188
20 13 41 147 102 188
20 13 42 147 102 188
20 13 43 147 102 188
20 13 44 196 175 214
20 13 45 196 175 214
20 14 35 147 102 188
20 14 36 147 102 188
20 14 37 147 102 188
20 14 38 147 102 188
20 14 39 147 102 188
20 14 40 147 102 188
20 14 42 147 102 188
20 14 43 147 102 188
20 14 44 196 175 214
20 14 45 196 175 214
20 14 46 196 175 214
20 14 47 196 175 214
20 14 49 158 216 229
20 15 38 147 102 188
20 15 39 147 102 188
20 15 40 147 102 188
20 15 41 147 102 188
20 15 42 147 102 188
20 15 43 147 102 188
20 15 44 196 175 214
20 15 45 196 175 214
20 15 46 196 175 214
20 15 47 196 175 214
20 15 48 158 216 229
20 15 49 158 216 229
20 16 41 147 102 188
20 16 42 147 102 188
20 16 43 147 102 188
20 16 44 196 175 214
20 16 45 196 175 214
20 16 46 196 175 214
20 16 47 158 216 229
20 16 48 158 216 229
20 16 49 158 216 229
20 16 50 158 216 229
20 16 51 158 216 229
20 16 52 158 216 229
20 16 53 158 216 229
20 17 56 196 175 214
20 17 57 196 175 214
20 17 58 196 175 214
20 17 59 196 175 214
20 22 45 158 216 229
20 22 46 158 216 229
20 23 45 158 216 229
20 24 46 158 216 229
20 25 47 158 216 229
20 25 48 158 216 229
20 26 47 158 216 229
20 26 48 158 216 229
20 26 51 158 216 229
20 27 47 158 216 229
20 27 48 158 216 229
20 27 49 158 216 229
20 28 47 158 216 229
20 28 48 158 216 229
20 28 49 158 216 229
20 29 46 158 216 229
20 29 47 158 216 229
20 29 48 158 216 229
20 29 49 158 216 229
20 30 46 158 216 229
20 30 47 158 216 229
20 30 48 158 216 229
20 31 46 158 216 229
20 31 47 158 216 229
20 31 48 158 216 229
20 32 46 158 216 229
20 32 47 158 216 229
20 33 48 158 216 229
21 0 28 43 160 4
21 0 29 43 160 4
21 0 30 43 160 4
21 0 31 43 160 4
21 0 32 43 160 4
21 0 33 43 160 4
21 0 34 43 160 4
21 0 35 43 160 4
21 0 36 43 160 4
21 0 37 43 160 4
21 0 38 43 160 4
21 0 39 43 160 4
21 0 40 43 160 4
21 0 41 43 160 4
21 0 42 43 160 4
21 0 43 43 160 4
21 0 44 43 160 4
21 0 45 43 160 4
21 0 46 43 160 4
21 0 47 43 160 4
21 0 48 43 160 4
21 0 49 43 160 4
21 0 50 43 160 4
21 0 51 43 160 4
21 0 52 43 160 4
21 0 53 43 160 4
21 0 54 43 160 4
21 0 55 43 160 4
21 0 56 43 160 4
21 0 57 43 160 4
21 0 58 43 160 4
21 0 59 43 160 4
21 1 20 147 102 188
21 1 21 147 102 188
21 1 22 147 102 188
21 1 23 147 102 188
21 1 24 147 102 188
21 1 25 147 102 188
21 1 26 147 102 188
21 1 27 147 102 188
21 1 28 147 102 188
21 1 29 147 102 188
21 1 30 147 102 188
21 1 34 147 102 188
21 1 35 147 102 188
21 1 36 147 102 188
21 1 37 147 102 188
21 1 38 147 102 188
21 1 39 147 102 188
21 1 40 147 102 188
21 2 18 147 102 188
21 2 19 147 102 188
21 2 21 147 102 188
21 2 22 147 102 188
21 2 23 147 102 188
21 2 24 147 102 188
21 2 25 147 102 188
21 2 26 147 102 188
21 2 27 147 102 188
21 2 28 147 102 188
21 2 29 147 102 188
21 2 30 147 102 188
21 2 31 147 102 188
21 2 32 147 102 188
21 2 33 147 102 188
21 2 35 147 102 188
21 2 36 147 102 188
21 2 37 147 102 188
21 2 38 147 102 188
21 2 39 147 102 188
21 2 40 147 102 188
21 3 30 147 102 188
21 3 31 147 102 188
21 3 32 147 102 188
21 3 35 147 102 188
21 3 36 147 102 188
21 3 37 147 102 188
21 3 38 147 102 188
21 3 39 147 102 188
21 3 40 147 102 188
21 4 25 147 102 188
21 4 26 147 102 188
21 4 27 147 102 188
21 4 28 147 102 188
21 4 29 147 102 188
21 4 30 147 102 188
21 4 31 147 102 188
21 4 32 147 102 188
21 4 33 147 102 188
21 4 34 147 102 188
21 4 35 147 102 188
21 4 36 147 102 188
21 4 37 147 102 188
21 4 38 147 102 188
21 4 39 147 102 188
21 4 40 147 102 188
21 4 41 147 102 188
21 5 24 147 102 188
21 5 25 147 102 188
21 5 27 147 102 188
21 5 28 147 102 188
21 5 29 147 102 188
21 5 30 147 102 188
21 5 31 147 102 188
21 5 32 147 102 188
21 5 33 147 102 188
21 5 34 147 102 188
21 5 35 147 102 188
21 5 36 147 102 188
21 5 37 147 102 188
21 5 38 147 102 188
21 5 39 147 102 188
21 5 40 147 102 188
21 5 41 147 102 188
21 6 24 147 102 188
21 6 25 147 102 188
21 6 27 147 102 188
21 6 28 147 102 188
21 6 29 147 102 188
21 6 30 147 102 188
21 6 31 147 102 188
21 6 32 147 102 188
21 6 33 147 102 188
21 6 34 147 102 188
21 6 35 147 102 188
21 6 36 147 102 188
21 6 37 147 102 188
21 6 38 147 102 188
21 6 39 147 102 188
21 6 40 147 102 188
21 6 41 147 102 188
21 6 46 158 216 229
21 6 50 158 216 229
21 7 23 147 102 188
21 7 24 147 102 188
21 7 25 147 102 188
21 7 27 147 102 188
21 7 28 147 102 188
21 7 29 147 102 188
21 7 30 147 102 188
21 7 31 147 102 188
21 7 32 147 102 188
21 7 33 147 102 188
21 7 34 147 102 188
21 7 35 147 102 188
21 7 36 147 102 188
21 7 37 147 102 188
21 7 38 147 102 188
21 7 39 147 102 188
21 7 40 147 102 188
21 7 41 147 102 188
21 7 42 147 102 188
21 8 23 147 102 188
21 8 24 147 102 188
21 8 27 147 102 188
21 8 28 147 102 188
21 8 34 147 102 188
21 8 35 147 102 188
21 8 36 147 102 188
21 8 37 147 102 188
21 8 38 147 102 188
21 8 39 147 102 188
21 8 40 147 102 188
21 8 41 147 102 188
21 9 23 147 102 188
21 9 24 147 102 188
21 9 25 147 102 188
21 9 26 147 102 188
21 9 27 147 102 188
21 9 28 147 102 188
21 9 29 147 102 188
21 9 30 147 102 188
21 9 31 147 102 188
21 9 32 147 102 188
21 9 33 147 102 188
21 9 35 147 102 188
21 9 36 147 102 188
21 9 37 147 102 188
21 9 38 147 102 188
21 9 39 147 102 188
21 9 40 147 102 188
21 10 31 147 102 188
21 10 32 147 102 188
21 10 33 147 102 188
21 10 39 147 102 188
21 10 40 147 102 188
21 10 41 147 102 188
21 10 43 147 102 188
21 10 44 147 102 188
21 11 32 147 102 188
21 11 33 147 102 188
21 11 34 147 102 188
21 11 35 147 102 188
21 11 36 147 102 188
21 11 37 147 102 188
21 11 38 147 102 188
21 11 39 147 102 188
21 11 40 147 102 188
21 11 41 147 102 188
21 11 42 147 102 188
21 11 43 147 102 188
21 11 44 147 102 188
21 11 45 196 175 214
21 11 47 196 175 214
21 12 34 147 102 188
21 12 35 147 102 188
21 12 36 147 102 188
21 12 37 147 102 188
21 12 38 147 102 188
21 12 39 147 102 188
21 12 40 147 102 188
21 12 44 196 175 214
21 12 45 196 175 214
21 12 47 196 175 214
21 13 39 147 102 188
21 13 40 147 102 188
21 13 42 147 102 188
21 13 44 196 175 214
21 13 45 196 175 214
21 14 37 147 102 188
21 14 38 147 102 188
21 14 39 147 102 188
21 14 40 147 102 188
21 14 41 147 102 188
21 14 42 147 102 188
21 14 44 196 175 214
21 14 45 196 175 214
21 14 46 196 175 214
21 14 47 196 175 214
21 14 50 158 216 229
21 15 37 147 102 188
21 15 38 147 102 188
21 15 39 147 102 188
21 15 42 147 102 188
21 15 43 196 175 214
21 15 44 196 175 214
21 15 45 196 175 214
21 15 46 196 175 214
21 15 47 196 175 214
21 15 48 196 175 214
21 15 49 158 216 229
21 15 50 158 216 229
21 16 48 158 216 229
21 16 49 158 216 229
21 16 50 158 216 229
21 16 51 158 216 229
21 16 52 158 216 229
21 17 55 196 175 214
21 17 56 196 175 214
21 17 57 196 175 214
21 17 58 196 175 214
21 17 59 196 175 214
21 24 47 158 216 229
21 25 47 158 216 229
21 25 48 158 216 229
21 25 49 158 216 229
21 26 47 158 216 229
21 26 48 158 216 229
21 26 49 158 216 229
21 26 52 158 216 229
21 27 47 158 216 229
21 27 48 158 216 229
21 27 49 158 216 229
21 28 48 158 216 229
21 28 49 158 216 229
21 29 47 158 216 229
21 29 48 158 216 229
21 29 49 158 216 229
21 30 46 114 158 206
21 30 47 158 216 229
21 30 48 158 216 229
21 31 47 158 216 229
21 31 48 158 216 229
21 32 46 158 216 229
21 32 47 158 216 229
21 32 48 158 216 229
21 33 48 158 216 229
21 33 49 158 216 229
22 0 29 43 160 4
22 0 30 43 160 4
22 0 31 43 160 4
22 0 32 43 160 4
22 0 33 43 160 4
22 0 34 43 160 4
22 0 35 43 160 4
22 0 36 43 160 4
22 0 37 43 160 4
22 0 38 43 160 4
22 0 39 43 160 4
22 0 40 43 160 4
22 0 41 43 160 4
22 0 42 43 160 4
22 0 43 43 160 4
22 0 44 43 160 4
22 0 45 43 160 4
22 0 46 43 160 4
22 0 47 43 160 4
22 0 48 43 160 4
22 0 49 43 160 4
22 0 50 43 160 4
22 0 51 43 160 4
22 0 52 43 160 4
22 0 53 43 160 4
22 0 54 43 160 4
22 0 55 43 160 4
22 0 56 43 160 4
22 0 57 43 160 4
22 0 58 43 160 4
22 0 59 43 160 4
22 1 22 147 102 188
22 1 23 147 102 188
22 1 24 147 102 188
22 1 25 147 102 188
22 1 26 147 102 188
22 1 27 147 102 188
22 1 28 147 102 188
22 1 29 147 102 188
22 1 30 147 102 188
22 1 34 147 102 188
22 1 35 147 102 188
22 1 36 147 102 188
22 1 37 147 102 188
22 1 38 147 102 188
22 1 39 147 102 188
22 2 19 147 102 188
22 2 20 147 102 188
22 2 22 147 102 188
22 2 23 147 102 188
22 2 24 147 102 188
22 2 25 147 102 188
22 2 26 147 102 188
22 2 27 147 102 188
22 2 28 147 102 188
22 2 29 147 102 188
22 2 30 147 102 188
22 2 31 147 102 188
22 2 32 147 102 188
22 2 34 147 102 188
22 2 35 147 102 188
22 2 36 147 102 188
22 2 37 147 102 188
22 2 38 147 102 188
22 2 39 147 102 188
22 2 40 147 102 188
22 3 29 147 102 188
22 3 30 147 102 188
22 3 31 147 102 188
22 3 34 147 102 188
22 3 35 147 102 188
22 3 36 147 102 188
22 3 37 147 102 188
22 3 38 147 102 188
22 3 39 147 102 188
22 3 40 147 102 188
22 4 24 147 102 188
22 4 25 147 102 188
22 4 26 147 102 188
22 4 28 147 102 188
22 4 29 147 102 188
22 4 30 147 102 188
22 4 31 147 102 188
22 4 32 147 102 188
22 4 33 147 102 188
22 4 34 147 102 188
22 4 35 147 102 188
22 4 36 147 102 188
22 4 37 147 102 188
22 4 38 147 102 188
22 4 39 147 102 188
22 4 40 147 102 188
22 5 24 147 102 188
22 5 25 147 102 188
22 5 27 147 102 188
22 5 28 147 102 188
22 5 29 147 102 188
22 5 30 147 102 188
22 5 31 147 102 188
22 5 32 147 102 188
22 5 33 147 102 188
22 5 34 147 102 188
22 5 35 147 102 188
22 5 36 147 102 188
22 5 37 147 102 188
22 5 38 147 102 188
22 5 39 147 102 188
22 5 40 147 102 188
22 6 23 147 102 188
22 6 24 147 102 188
22 6 26 147 102 188
22 6 27 147 102 188
22 6 28 147 102 188
22 6 29 147 102 188
22 6 30 147 102 188
22 6 31 147 102 188
22 6 32 147 102 188
22 6 33 147 102 188
22 6 34 147 102 188
22 6 35 147 102 188
22 6 36 147 102 188
22 6 37 147 102 188
22 6 38 147 102 188
22 6 39 147 102 188
22 6 40 147 102 188
22 7 23 147 102 188
22 7 24 147 102 188
22 7 26 147 102 188
22 7 27 147 102 188
22 7 28 147 102 188
22 7 29 147 102 188
22 7 30 147 102 188
22 7 31 147 102 188
22 7 32 147 102 188
22 7 33 147 102 188
22 7 34 147 102 188
22 7 35 147 102 188
22 7 36 147 102 188
22 7 37 147 102 188
22 7 38 147 102 188
22 7 39 147 102 188
22 7 40 147 102 188
22 8 23 147 102 188
22 8 24 147 102 188
22 8 26 147 102 188
22 8 27 147 102 188
22 8 28 147 102 188
22 8 29 147 102 188
22 8 30 147 102 188
22 8 34 147 102 188
22 8 35 147 102 188
22 8 36 147 102 188
22 8 37 147 102 188
22 8 38 147 102 188
22 8 39 147 102 188
22 9 23 147 102 188
22 9 24 147 102 188
22 9 25 147 102 188
22 9 26 147 102 188
22 9 27 147 102 188
22 9 28 147 102 188
22 9 29 147 102 188
22 9 30 147 102 188
22 9 31 147 102 188
22 9 32 147 102 188
22 9 33 147 102 188
22 9 35 147 102 188
22 9 36 147 102 188
22 9 37 147 102 188
22 9 38 147 102 188
22 10 32 147 102 188
22 10 33 147 102 188
22 10 34 147 102 188
22 10 36 147 102 188
22 10 37 147 102 188
22 10 42 147 102 188
22 10 43 147 102 188
22 10 44 147 102 188
22 11 33 147 102 188
22 11 34 147 102 188
22 11 35 147 102 188
22 11 36 147 102 188
22 11 44 196 175 214
22 11 45 196 175 214
22 11 49 158 216 229
22 11 50 158 216 229
22 12 44 196 175 214
22 12 45 196 175 214
22 13 44 196 175 214
22 13 45 196 175 214
22 13 46 196 175 214
22 14 37 147 102 188
22 14 38 147 102 188
22 14 44 196 175 214
22 14 45 196 175 214
22 14 46 196 175 214
22 14 47 196 175 214
22 15 46 196 175 214
22 15 47 196 175 214
22 15 48 196 175 214
22 15 49 196 175 214
22 15 50 158 216 229
22 16 49 158 216 229
22 16 50 158 216 229
22 16 51 158 216 229
22 16 52 196 175 214
22 16 54 196 175 214
22 17 55 196 175 214
22 17 56 196 175 214
22 17 57 196 175 214
22 17 58 196 175 214
22 17 59 196 175 214
22 25 47 158 216 229
22 25 48 158 216 229
22 25 49 158 216 229
22 25 50 158 216 229
22 26 47 158 216 229
22 26 48 158 216 229
22 26 49 158 216 229
22 26 50 158 216 229
22 26 51 158 216 229
22 26 52 158 216 229
22 26 53 214 38 40
22 27 47 158 216 229
22 27 48 158 216 229
22 27 49 158 216 229
22 27 50 158 216 229
22 28 48 158 216 229
22 28 49 158 216 229
22 29 46 196 175 214
22 29 47 158 216 229
22 29 48 158 216 229
22 29 49 158 216 229
22 30 46 196 175 214
22 30 47 114 158 206
22 31 46 196 175 214
22 31 47 114 158 206
22 32 46 158 216 229
22 32 47 158 216 229
22 32 48 114 158 206
22 33 48 158 216 229
23 0 25 43 160 4
23 0 26 43 160 4
23 0 30 43 160 4
23 0 31 43 160 4
23 0 32 43 160 4
23 0 33 43 160 4
23 0 34 43 160 4
23 0 35 43 160 4
23 0 36 43 160 4
23 0 37 43 160 4
23 0 38 43 160 4
23 0 39 43 160 4
23 0 40 43 160 4
23 0 41 43 160 4
23 0 42 43 160 4
23 0 43 43 160 4
23 0 44 43 160 4
23 0 45 43 160 4
23 0 46 43 160 4
23 0 47 43 160 4
23 0 48 43 160 4
23 0 49 43 160 4
23 0 50 43 160 4
23 0 51 43 160 4
23 0 52 43 160 4
23 0 53 43 160 4
23 0 54 43 160 4
23 0 55 43 160 4
23 0 56 43 160 4
23 0 57 43 160 4
23 0 58 43 160 4
23 0 59 43 160 4
23 1 21 147 102 188
23 1 23 147 102 188
23 1 24 147 102 188
23 1 25 147 102 188
23 1 26 147 102 188
23 1 27 147 102 188
23 1 28 147 102 188
23 1 29 147 102 188
23 1 33 147 102 188
23 1 34 147 102 188
23 1 35 147 102 188
23 1 36 147 102 188
23 1 37 147 102 188
23 1 38 147 102 188
23 2 20 147 102 188
23 2 21 147 102 188
23 2 22 147 102 188
23 2 23 147 102 188
23 2 24 147 102 188
23 2 25 147 102 188
23 2 26 147 102 188
23 2 27 147 102 188
23 2 28 147 102 188
23 2 29 147 102 188
23 2 30 147 102 188
23 2 31 147 102 188
23 2 34 147 102 188
23 2 35 147 102 188
23 2 36 147 102 188
23 2 37 147 102 188
23 2 38 147 102 188
23 3 28 147 102 188
23 3 29 147 102 188
23 3 33 147 102 188
23 3 34 147 102 188
23 3 35 147 102 188
23 3 36 147 102 188
23 3 37 147 102 188
23 3 38 147 102 188
23 3 39 147 102 188
23 4 24 147 102 188
23 4 25 147 102 188
23 4 26 147 102 188
23 4 28 147 102 188
23 4 29 147 102 188
23 4 30 147 102 188
23 4 31 147 102 188
23 4 32 147 102 188
23 4 33 147 102 188
23 4 34 147 102 188
23 4 35 147 102 188
23 4 36 147 102 188
23 4 37 147 102 188
23 4 38 147 102 188
23 4 39 147 102 188
23 4 40 147 102 188
23 5 23 147 102 188
23 5 24 147 102 188
23 5 26 147 102 188
23 5 27 147 102 188
23 5 28 147 102 188
23 5 29 147 102 188
23 5 30 147 102 188
23 5 31 147 102 188
23 5 32 147 102 188
23 5 33 147 102 188
23 5 34 147 102 188
23 5 35 147 102 188
23 5 36 147 102 188
23 5 37 147 102 188
23 5 38 147 102 188
23 5 39 147 102 188
23 6 23 147 102 188
23 6 24 147 102 188
23 6 26 147 102 188
23 6 27 147 102 188
23 6 28 147 102 188
23 6 29 147 102 188
23 6 30 147 102 188
23 6 31 147 102 188
23 6 32 147 102 188
23 6 33 147 102 188
23 6 34 147 102 188
23 6 35 147 102 188
23 6 36 147 102 188
23 6 37 147 102 188
23 6 38 147 102 188
23 6 39 147 102 188
23 7 23 147 102 188
23 7 25 147 102 188
23 7 26 147 102 188
23 7 27 147 102 188
23 7 28 147 102 188
23 7 29 147 102 188
23 7 34 147 102 188
23 7 35 147 102 188
23 7 38 147 102 188
23 7 39 147 102 188
23 7 40 147 102 188
23 8 22 147 102 188
23 8 23 147 102 188
23 8 25 147 102 188
23 8 26 147 102 188
23 8 27 147 102 188
23 8 28 147 102 188
23 8 29 147 102 188
23 8 31 147 102 188
23 8 32 147 102 188
23 8 33 147 102 188
23 8 36 147 102 188
23 8 37 147 102 188
23 8 38 147 102 188
23 9 22 147 102 188
23 9 23 147 102 188
23 9 24 147 102 188
23 9 25 147 102 188
23 9 26 147 102 188
23 9 27 147 102 188
23 9 28 147 102 188
23 9 29 147 102 188
23 9 30 147 102 188
23 9 31 147 102 188
23 9 32 147 102 188
23 9 33 147 102 188
23 9 35 147 102 188
23 10 32 147 102 188
23 10 33 147 102 188
23 10 34 147 102 188
23 10 35 147 102 188
23 10 36 147 102 188
23 10 37 147 102 188
23 10 38 147 102 188
23 10 39 147 102 188
23 10 40 147 102 188
23 10 41 147 102 188
23 10 42 147 102 188
23 10 43 147 102 188
23 10 44 147 102 188
23 10 45 147 102 188
23 11 44 196 175 214
23 11 45 196 175 214
23 11 46 196 175 214
23 11 47 196 175 214
23 11 48 158 216 229
23 12 45 196 175 214
23 12 46 196 175 214
23 12 47 196 175 214
23 12 48 158 216 229
23 12 49 158 216 229
23 12 50 158 216 229
23 13 45 196 175 214
23 13 46 196 175 214
23 13 47 196 175 214
23 13 48 196 175 214
23 13 49 158 216 229
23 13 50 158 216 229
23 14 45 196 175 214
23 14 46 196 175 214
23 14 47 196 175 214
23 14 48 196 175 214
23 14 49 158 216 229
23 14 50 158 216 229
23 14 51 158 216 229
23 15 46 196 175 214
23 15 47 196 175 214
23 15 48 196 175 214
23 15 49 158 216 229
23 15 50 158 216 229
23 15 51 196 175 214
23 16 50 158 216 229
23 16 51 196 175 214
23 16 52 196 175 214
23 16 53 196 175 214
23 16 54 196 175 214
23 16 55 196 175 214
23 17 54 196 175 214
23 17 55 196 175 214
23 17 56 196 175 214
23 17 57 196 175 214
23 17 58 196 175 214
23 17 59 196 175 214
23 25 48 158 216 229
23 25 49 158 216 229
23 25 50 158 216 229
23 25 51 158 216 229
23 26 47 158 216 229
23 26 48 158 216 229
23 26 49 158 216 229
23 26 50 158 216 229
23 26 51 158 216 229
23 26 52 158 216 229
23 26 53 214 38 40
23 27 47 158 216 229
23 27 48 158 216 229
23 27 49 158 216 229
23 27 50 158 216 229
23 27 51 158 216 229
23 27 52 214 38 40
23 28 48 158 216 229
23 28 49 158 216 229
23 28 50 158 216 229
23 28 51 158 216 229
23 28 52 158 216 229
23 29 47 196 175 214
23 29 48 158 216 229
23 29 49 158 216 229
23 30 46 114 158 206
23 30 47 114 158 206
23 30 48 114 158 206
23 31 46 114 158 206
23 31 47 114 158 206
23 31 48 114 158 206
23 32 46 114 158 206
23 32 47 114 158 206
23 32 48 114 158 206
23 32 49 114 158 206
23 33 48 114 158 206
23 33 49 158 216 229
24 0 23 43 160 4
24 0 25 43 160 4
24 0 26 43 160 4
24 0 27 43 160 4
24 0 29 43 160 4
24 0 30 43 160 4
24 0 31 43 160 4
24 0 32 43 160 4
24 0 33 43 160 4
24 0 34 43 160 4
24 0 35 43 160 4
24 0 36 43 160 4
24 0 37 43 160 4
24 0 38 43 160 4
24 0 39 43 160 4
24 0 40 43 160 4
24 0 41 43 160 4
24 0 42 43 160 4
24 0 43 43 160 4
24 0 44 43 160 4
24 0 45 43 160 4
24 0 46 43 160 4
24 0 47 43 160 4
24 0 48 43 160 4
24 0 49 43 160 4
24 0 50 43 160 4
24 0 51 43 160 4
24 0 52 43 160 4
24 0 53 43 160 4
24 0 54 43 160 4
24 0 55 43 160 4
24 0 56 43 160 4
24 0 57 43 160 4
24 0 58 43 160 4
24 0 59 43 160 4
24 1 23 147 102 188
24 1 24 147 102 188
24 1 25 147 102 188
24 1 26 147 102 188
24 1 27 147 102 188
24 1 36 147 102 188
24 2 21 147 102 188
24 2 22 147 102 188
24 2 23 147 102 188
24 2 24 147 102 188
24 2 25 147 102 188
24 2 26 147 102 188
24 2 27 147 102 188
24 2 28 147 102 188
24 2 29 147 102 188
24 2 30 147 102 188
24 2 31 147 102 188
24 2 32 147 102 188
24 2 33 147 102 188
24 2 34 147 102 188
24 2 36 147 102 188
24 3 24 147 102 188
24 3 25 147 102 188
24 3 26 147 102 188
24 3 27 147 102 188
24 3 28 147 102 188
24 3 36 147 102 188
24 3 37 147 102 188
24 3 38 147 102 188
24 4 14 255 127 12
24 4 23 147 102 188
24 4 24 147 102 188
24 4 25 147 102 188
24 4 28 147 102 188
24 4 29 147 102 188
24 4 30 147 102 188
24 4 31 147 102 188
24 4 32 147 102 188
24 4 33 147 102 188
24 4 34 147 102 188
24 4 35 147 102 188
24 4 36 147 102 188
24 4 37 147 102 188
24 4 38 147 102 188
24 4 39 147 102 188
24 5 11 255 127 12
24 5 23 147 102 188
24 5 24 147 102 188
24 5 26 147 102 188
24 5 27 147 102 188
24 5 28 147 102 188
24 5 29 147 102 188
24 5 30 147 102 188
24 5 31 147 102 188
24 5 32 147 102 188
24 5 33 147 102 188
24 5 34 147 102 188
24 5 35 147 102 188
24 5 36 147 102 188
24 5 37 147 102 188
24 5 38 147 102 188
24 5 39 147 102 188
24 6 22 147 102 188
24 6 23 147 102 188
24 6 24 147 102 188
24 6 26 147 102 188
24 6 27 147 102 188
24 6 33 147 102 188
24 6 34 147 102 188
24 6 35 147 102 188
24 6 36 147 102 188
24 6 37 147 102 188
24 6 38 147 102 188
24 7 22 147 102 188
24 7 23 147 102 188
24 7 28 147 102 188
24 7 29 147 102 188
24 7 30 147 102 188
24 7 31 147 102 188
24 7 32 147 102 188
24 7 34 147 102 188
24 7 35 147 102 188
24 8 22 147 102 188
24 8 23 147 102 188
24 8 28 147 102 188
24 8 29 147 102 188
24 8 30 147 102 188
24 8 31 147 102 188
24 8 32 147 102 188
24 8 33 147 102 188
24 8 34 147 102 188
24 9 22 147 102 188
24 9 23 147 102 188
24 9 24 147 102 188
24 9 25 147 102 188
24 9 26 147 102 188
24 9 32 147 102 188
24 9 33 147 102 188
24 10 32 147 102 188
24 10 33 147 102 188
24 10 34 147 102 188
24 10 35 147 102 188
24 10 36 147 102 188
24 10 37 147 102 188
24 10 38 147 102 188
24 10 42 147 102 188
24 10 43 147 102 188
24 10 44 147 102 188
24 10 45 147 102 188
24 10 46 158 216 229
24 11 44 147 102 188
24 11 45 147 102 188
24 11 46 196 175 214
24 11 47 158 216 229
24 11 48 158 216 229
24 11 49 158 216 229
24 12 47 196 175 214
24 12 48 158 216 229
24 12 49 158 216 229
24 12 50 158 216 229
24 12 51 158 216 229
24 13 49 158 216 229
24 13 50 158 216 229
24 13 51 158 216 229
24 14 50 158 216 229
24 14 51 158 216 229
24 15 50 158 216 229
24 15 51 158 216 229
24 15 52 196 175 214
24 16 51 196 175 214
24 16 52 196 175 214
24 16 53 196 175 214
24 16 54 196 175 214
24 16 55 196 175 214
24 17 53 196 175 214
24 17 54 196 175 214
24 17 55 196 175 214
24 17 56 196 175 214
24 17 57 196 175 214
24 17 58 158 216 229
24 17 59 196 175 214
24 25 49 158 216 229
24 25 50 158 216 229
24 25 51 158 216 229
24 25 52 158 216 229
24 26 49 158 216 229
24 26 50 158 216 229
24 26 51 158 216 229
24 26 52 158 216 229
24 26 53 214 38 40
24 26 54 214 38 40
24 27 47 158 216 229
24 27 48 158 216 229
24 27 49 158 216 229
24 27 50 158 216 229
24 27 51 158 216 229
24 27 52 214 38 40
24 27 53 214 38 40
24 27 54 214 38 40
24 27 57 214 38 40
24 28 47 158 216 229
24 28 48 158 216 229
24 28 49 158 216 229
24 28 50 158 216 229
24 28 51 158 216 229
24 28 52 158 216 229
24 29 47 114 158 206
24 29 48 158 216 229
24 29 49 158 216 229
24 29 50 158 216 229
24 30 46 114 158 206
24 30 47 114 158 206
24 30 48 114 158 206
24 31 46 114 158 206
24 31 47 114 158 206
24 31 48 114 158 206
24 31 49 114 158 206
24 32 46 114 158 206
24 32 47 114 158 206
24 32 48 114 158 206
24 32 49 114 158 206
24 33 48 158 216 229
24 33 49 114 158 206
25 0 22 43 160 4
25 0 23 43 160 4
25 0 26 43 160 4
25 0 27 43 160 4
25 0 28 43 160 4
25 0 29 43 160 4
25 0 30 43 160 4
25 0 31 43 160 4
25 0 32 43 160 4
25 0 33 43 160 4
25 0 34 43 160 4
25 0 35 43 160 4
25 0 36 43 160 4
25 0 37 43 160 4
25 0 38 43 160 4
25 0 39 43 160 4
25 0 40 43 160 4
25 0 41 43 160 4
25 0 42 43 160 4
25 0 43 43 160 4
25 0 44 43 160 4
25 0 45 43 160 4
25 0 46 43 160 4
25 0 47 43 160 4
25 0 48 43 160 4
25 0 49 43 160 4
25 0 50 43 160 4
25 0 51 43 160 4
25 0 52 43 160 4
25 0 53 43 160 4
25 0 54 43 160 4
25 0 55 43 160 4
25 0 56 43 160 4
25 0 57 43 160 4
25 0 58 43 160 4
25 0 59 43 160 4
25 1 22 147 102 188
25 1 24 147 102 188
25 1 25 147 102 188
25 1 26 147 102 188
25 1 27 147 102 188
25 1 28 147 102 188
25 1 29 147 102 188
25 1 35 147 102 188
25 1 36 147 102 188
25 1 37 147 102 188
25 2 22 147 102 188
25 2 23 147 102 188
25 2 24 147 102 188
25 2 25 147 102 188
25 2 26 147 102 188
25 2 27 147 102 188
25 2 28 147 102 188
25 2 29 147 102 188
25 2 30 147 102 188
25 2 31 147 102 188
25 2 32 147 102 188
25 2 33 147 102 188
25 2 34 147 102 188
25 2 35 147 102 188
25 2 37 147 102 188
25 3 19 147 102 188
25 3 24 147 102 188
25 3 25 147 102 188
25 3 26 147 102 188
25 3 27 147 102 188
25 3 28 147 102 188
25 3 29 147 102 188
25 3 30 147 102 188
25 3 31 147 102 188
25 3 32 147 102 188
25 3 33 147 102 188
25 3 34 147 102 188
25 3 36 147 102 188
25 3 37 147 102 188
25 3 38 147 102 188
25 3 39 147 102 188
25 4 13 255 127 12
25 4 14 255 127 12
25 4 15 255 127 12
25 4 23 147 102 188
25 4 24 147 102 188
25 4 25 147 102 188
25 4 31 147 102 188
25 4 32 147 102 188
25 4 33 147 102 188
25 4 35 147 102 188
25 4 36 147 102 188
25 4 37 147 102 188
25 4 38 147 102 188
25 4 39 147 102 188
25 5 11 255 127 12
25 5 12 255 127 12
25 5 23 147 102 188
25 5 24 147 102 188
25 5 25 147 102 188
25 5 28 147 102 188
25 5 29 147 102 188
25 5 30 147 102 188
25 5 31 147 102 188
25 5 32 147 102 188
25 5 33 147 102 188
25 5 34 147 102 188
25 5 35 147 102 188
25 5 36 147 102 188
25 5 37 147 102 188
25 5 38 147 102 188
25 6 23 147 102 188
25 6 24 147 102 188
25 6 25 147 102 188
25 6 32 147 102 188
25 6 33 147 102 188
25 6 34 147 102 188
25 6 35 147 102 188
25 6 36 147 102 188
25 6 37 147 102 188
25 6 38 147 102 188
25 7 22 147 102 188
25 7 23 147 102 188
25 7 24 147 102 188
25 7 25 147 102 188
25 7 26 147 102 188
25 7 27 147 102 188
25 7 28 147 102 188
25 7 29 147 102 188
25 7 30 147 102 188
25 7 31 147 102 188
25 7 33 147 102 188
25 7 34 147 102 188
25 8 22 147 102 188
25 8 23 147 102 188
25 8 24 147 102 188
25 8 25 147 102 188
25 8 26 147 102 188
25 8 27 147 102 188
25 8 28 147 102 188
25 8 29 147 102 188
25 8 30 147 102 188
25 8 31 147 102 188
25 8 32 147 102 188
25 8 34 147 102 188
25 9 22 147 102 188
25 9 23 147 102 188
25 9 32 147 102 188
25 9 33 147 102 188
25 9 34 147 102 188
25 9 45 158 216 229
25 10 32 147 102 188
25 10 33 147 102 188
25 10 34 147 102 188
25 10 43 147 102 188
25 10 44 147 102 188
25 10 45 147 102 188
25 10 46 158 216 229
25 11 45 147 102 188
25 11 46 158 216 229
25 11 47 158 216 229
25 11 48 158 216 229
25 11 49 158 216 229
25 12 49 158 216 229
25 12 50 158 216 229
25 12 51 158 216 229
25 13 50 158 216 229
25 13 51 158 216 229
25 13 52 196 175 214
25 14 51 158 216 229
25 14 52 196 175 214
25 15 50 158 216 229
25 15 51 158 216 229
25 15 52 196 175 214
25 16 51 158 216 229
25 16 52 196 175 214
25 16 53 196 175 214
25 16 54 196 175 214
25 16 55 196 175 214
25 16 56 196 175 214
25 17 54 196 175 214
25 17 55 196 175 214
25 17 56 196 175 214
25 17 57 196 175 214
25 17 58 158 216 229
25 17 59 196 175 214
25 25 49 158 216 229
25 25 50 158 216 229
25 25 51 158 216 229
25 26 50 158 216 229
25 26 51 158 216 229
25 26 52 158 216 229
25 26 53 158 216 229
25 26 54 214 38 40
25 26 55 214 38 40
25 26 56 214 38 40
25 27 50 158 216 229
25 27 51 158 216 229
25 27 52 158 216 229
25 27 53 214 38 40
25 27 54 214 38 40
25 27 55 214 38 40
25 27 56 214 38 40
25 27 57 214 38 40
25 27 58 214 38 40
25 27 59 214 38 40
25 28 49 158 216 229
25 28 50 158 216 229
25 28 51 158 216 229
25 28 52 158 216 229
25 28 53 158 216 229
25 28 54 158 216 229
25 28 59 214 38 40
25 29 47 114 158 206
25 29 48 158 216 229
25 29 49 158 216 229
25 29 50 158 216 229
25 29 51 158 216 229
25 30 46 114 158 206
25 30 47 114 158 206
25 30 48 158 216 229
25 30 49 114 158 206
25 30 50 158 216 229
25 31 46 114 158 206
25 31 47 114 158 206
25 31 48 114 158 206
25 31 49 114 158 206
25 31 50 114 158 206
25 32 46 114 158 206
25 32 47 114 158 206
25 32 48 114 158 206
25 32 49 114 158 206
25 32 50 114 158 206
25 33 48 158 216 229
25 33 49 158 216 229
25 33 50 158 216 229
25 34 50 158 216 229
26 0 22 43 160 4
26 0 23 43 160 4
26 0 26 43 160 4
26 0 27 43 160 4
26 0 28 43 160 4
26 0 31 43 160 4
26 0 32 43 160 4
26 0 33 43 160 4
26 0 34 43 160 4
26 0 35 43 160 4
26 0 36 43 160 4
26 0 37 43 160 4
26 0 38 43 160 4
26 0 39 43 160 4
26 0 40 43 160 4
26 0 41 43 160 4
26 0 42 43 160 4
26 0 43 43 160 4
26 0 44 43 160 4
26 0 45 43 160 4
26 0 46 43 160 4
26 0 47 43 160 4
26 0 48 43 160 4
26 0 49 43 160 4
26 0 50 43 160 4
26 0 51 43 160 4
26 0 52 43 160 4
26 0 53 43 160 4
26 0 54 43 160 4
26 0 55 43 160 4
26 0 57 43 160 4
26 0 58 43 160 4
26 0 59 43 160 4
26 1 23 147 102 188
26 1 25 147 102 188
26 1 26 147 102 188
26 1 27 147 102 188
26 1 28 147 102 188
26 1 29 147 102 188
26 1 35 147 102 188
26 1 36 147 102 188
26 1 37 147 102 188
26 1 38 147 102 188
26 1 39 147 102 188
26 2 23 147 102 188
26 2 24 147 102 188
26 2 25 147 102 188
26 2 26 147 102 188
26 2 27 147 102 188
26 2 28 147 102 188
26 2 29 147 102 188
26 2 30 147 102 188
26 2 31 147 102 188
26 2 32 147 102 188
26 2 33 147 102 188
26 2 34 147 102 188
26 2 41 147 102 188
26 3 20 147 102 188
26 3 30 147 102 188
26 3 31 147 102 188
26 3 32 147 102 188
26 3 33 147 102 188
26 3 34 147 102 188
26 3 35 147 102 188
26 3 41 147 102 188
26 4 13 255 127 12
26 4 16 255 127 12
26 4 24 147 102 188
26 4 25 147 102 188
26 4 26 147 102 188
26 4 27 147 102 188
26 4 28 147 102 188
26 4 29 147 102 188
26 4 30 147 102 188
26 4 36 147 102 188
26 4 37 147 102 188
26 4 38 147 102 188
26 4 39 147 102 188
26 4 40 147 102 188
26 5 10 255 127 12
26 5 11 255 127 12
26 5 12 255 127 12
26 5 13 255 127 12
26 5 24 147 102 188
26 5 25 147 102 188
26 5 26 147 102 188
26 5 27 147 102 188
26 5 28 147 102 188
26 5 31 147 102 188
26 5 32 147 102 188
26 5 33 147 102 188
26 5 34 147 102 188
26 5 35 147 102 188
26 5 36 147 102 188
26 5 37 147 102 188
26 6 8 30 119 181
26 6 9 30 119 181
26 6 10 30 119 181
26 6 11 30 119 181
26 6 24 147 102 188
26 6 25 147 102 188
26 6 26 147 102 188
26 6 27 147 102 188
26 6 32 147 102 188
26 6 33 147 102 188
26 7 24 147 102 188
26 7 25 147 102 188
26 7 26 147 102 188
26 7 27 147 102 188
26 7 28 147 102 188
26 7 29 147 102 188
26 7 30 147 102 188
26 7 31 147 102 188
26 7 33 147 102 188
26 8 28 147 102 188
26 8 29 147 102 188
26 8 30 147 102 188
26 8 31 147 102 188
26 8 32 147 102 188
26 9 31 147 102 188
26 9 32 147 102 188
26 9 45 158 216 229
26 10 32 147 102 188
26 10 33 147 102 188
26 10 44 147 102 188
26 10 45 147 102 188
26 10 46 158 216 229
26 11 46 158 216 229
26 11 47 158 216 229
26 11 48 158 216 229
26 11 49 158 216 229
26 12 48 158 216 229
26 12 49 158 216 229
26 12 50 158 216 229
26 12 51 158 216 229
26 13 50 158 216 229
26 13 51 158 216 229
26 13 52 158 216 229
26 13 53 158 216 229
26 14 51 158 216 229
26 14 52 158 216 229
26 14 53 158 216 229
26 14 54 158 216 229
26 15 51 158 216 229
26 15 52 158 216 229
26 15 53 158 216 229
26 15 54 158 216 229
26 16 52 158 216 229
26 16 53 196 175 214
26 16 54 196 175 214
26 16 55 196 175 214
26 16 56 114 158 206
26 16 57 158 216 229
26 16 58 158 216 229
26 17 56 114 158 206
26 17 57 114 158 206
26 17 58 114 158 206
26 17 59 114 158 206
26 25 48 158 216 229
26 25 49 158 216 229
26 25 50 158 216 229
26 25 51 158 216 229
26 26 49 158 216 229
26 26 50 158 216 229
26 26 51 158 216 229
26 26 52 158 216 229
26 26 53 158 216 229
26 26 54 158 216 229
26 26 55 214 38 40
26 26 56 214 38 40
26 26 57 214 38 40
26 27 50 158 216 229
26 27 51 158 216 229
26 27 52 158 216 229
26 27 56 214 38 40
26 27 57 214 38 40
26 27 58 214 38 40
26 27 59 214 38 40
26 28 50 158 216 229
26 28 51 158 216 229
26 28 52 158 216 229
26 29 48 158 216 229
26 29 49 158 216 229
26 29 50 158 216 229
26 29 51 158 216 229
26 30 47 158 216 229
26 30 48 158 216 229
26 30 49 158 216 229
26 31 46 114 158 206
26 31 47 114 158 206
26 31 48 158 216 229
26 31 49 158 216 229
26 31 50 158 216 229
26 32 46 158 216 229
26 32 47 158 216 229
26 32 48 158 216 229
26 32 49 158 216 229
26 32 50 158 216 229
26 33 48 158 216 229
26 33 49 158 216 229
26 33 50 158 216 229
26 34 50 158 216 229
26 34 51 158 216 229
27 0 22 43 160 4
27 0 23 43 160 4
27 0 24 43 160 4
27 0 27 43 160 4
27 0 28 43 160 4
27 0 30 43 160 4
27 0 31 43 160 4
27 0 32 43 160 4
27 0 33 43 160 4
27 0 34 43 160 4
27 0 35 43 160 4
27 0 36 43 160 4
27 0 37 43 160 4
27 0 38 43 160 4
27 0 39 43 160 4
27 0 40 43 160 4
27 0 41 43 160 4
27 0 42 43 160 4
27 0 43 43 160 4
27 0 44 43 160 4
27 0 45 43 160 4
27 0 46 43 160 4
27 0 47 43 160 4
27 0 48 43 160 4
27 0 49 43 160 4
27 0 50 43 160 4
27 0 51 43 160 4
27 0 52 43 160 4
27 0 53 43 160 4
27 0 54 43 160 4
27 0 55 43 160 4
27 0 56 43 160 4
27 0 57 43 160 4
27 0 58 43 160 4
27 0 59 43 160 4
27 1 23 147 102 188
27 1 25 147 102 188
27 1 26 147 102 188
27 1 27 147 102 188
27 1 28 147 102 188
27 1 29 147 102 188
27 1 40 147 102 188
27 2 23 147 102 188
27 2 24 147 102 188
27 2 25 147 102 188
27 2 26 147 102 188
27 2 27 147 102 188
27 2 28 147 102 188
27 2 29 147 102 188
27 2 30 147 102 188
27 2 31 147 102 188
27 2 32 147 102 188
27 2 33 147 102 188
27 2 34 147 102 188
27 2 35 147 102 188
27 2 36 147 102 188
27 2 37 147 102 188
27 2 38 147 102 188
27 2 39 147 102 188
27 2 40 147 102 188
27 2 41 147 102 188
27 2 42 147 102 188
27 2 43 147 102 188
27 2 44 158 216 229
27 3 20 147 102 188
27 3 30 147 102 188
27 3 31 147 102 188
27 3 32 147 102 188
27 3 33 147 102 188
27 3 34 147 102 188
27 3 35 147 102 188
27 3 36 147 102 188
27 3 37 147 102 188
27 3 38 147 102 188
27 3 39 147 102 188
27 3 40 147 102 188
27 3 41 147 102 188
27 3 44 158 216 229
27 3 48 158 216 229
27 4 13 255 127 12
27 4 17 255 127 12
27 4 27 147 102 188
27 4 28 147 102 188
27 4 29 147 102 188
27 4 30 147 102 188
27 4 31 147 102 188
27 4 43 147 102 188
27 4 49 158 216 229
27 5 10 255 127 12
27 5 11 255 127 12
27 5 12 255 127 12
27 5 13 255 127 12
27 5 26 147 102 188
27 5 27 147 102 188
27 5 28 147 102 188
27 5 29 147 102 188
27 5 30 147 102 188
27 5 32 147 102 188
27 5 33 147 102 188
27 5 34 147 102 188
27 5 35 147 102 188
27 5 36 147 102 188
27 5 37 147 102 188
27 5 46 158 216 229
27 5 49 158 216 229
27 6 8 30 119 181
27 6 9 30 119 181
27 6 10 30 119 181
27 6 11 30 119 181
27 6 26 147 102 188
27 6 27 147 102 188
27 6 28 147 102 188
27 6 29 147 102 188
27 6 30 147 102 188
27 6 32 147 102 188
27 6 33 147 102 188
27 6 46 158 216 229
27 6 49 158 216 229
27 7 26 147 102 188
27 7 27 147 102 188
27 7 28 147 102 188
27 7 29 147 102 188
27 7 30 147 102 188
27 7 31 147 102 188
27 7 33 147 102 188
27 7 48 158 216 229
27 8 30 147 102 188
27 8 31 147 102 188
27 8 33 147 102 188
27 9 31 147 102 188
27 9 32 147 102 188
27 9 46 158 216 229
27 10 31 147 102 188
27 10 32 147 102 188
27 10 44 147 102 188
27 10 45 147 102 188
27 10 46 158 216 229
27 10 47 158 216 229
27 11 46 158 216 229
27 11 47 158 216 229
27 11 48 158 216 229
27 11 49 158 216 229
27 12 48 158 216 229
27 12 49 158 216 229
27 12 50 158 216 229
27 12 51 158 216 229
27 13 50 158 216 229
27 13 51 158 216 229
27 13 52 158 216 229
27 13 53 196 175 214
27 14 52 158 216 229
27 14 53 196 175 214
27 14 54 158 216 229
27 15 52 158 216 229
27 15 53 196 175 214
27 15 54 158 216 229
27 16 53 158 216 229
27 16 54 196 175 214
27 16 55 196 175 214
27 16 56 114 158 206
27 16 57 158 216 229
27 16 58 158 216 229
27 17 56 114 158 206
27 17 57 114 158 206
27 17 58 114 158 206
27 17 59 114 158 206
27 18 59 114 158 206
27 19 59 114 158 206
27 20 59 114 158 206
27 21 59 114 158 206
27 22 59 114 158 206
27 23 59 114 158 206
27 24 59 114 158 206
27 25 48 158 216 229
27 25 49 158 216 229
27 25 50 158 216 229
27 25 51 158 216 229
27 25 52 158 216 229
27 25 53 158 216 229
27 25 59 158 216 229
27 26 49 158 216 229
27 26 50 158 216 229
27 26 51 158 216 229
27 26 52 158 216 229
27 26 53 158 216 229
27 26 54 158 216 229
27 26 55 214 38 40
27 26 56 214 38 40
27 26 57 214 38 40
27 26 58 214 38 40
27 26 59 214 38 40
27 27 51 158 216 229
27 27 52 158 216 229
27 27 55 214 38 40
27 27 56 214 38 40
27 27 57 214 38 40
27 27 58 214 38 40
27 27 59 214 38 40
27 28 50 158 216 229
27 28 51 158 216 229
27 28 52 158 216 229
27 29 47 114 158 206
27 29 48 158 216 229
27 29 49 158 216 229
27 29 50 158 216 229
27 29 51 158 216 229
27 29 52 158 216 229
27 30 46 114 158 206
27 30 47 114 158 206
27 30 48 158 216 229
27 30 49 158 216 229
27 31 46 114 158 206
27 31 47 114 158 206
27 31 48 158 216 229
27 31 49 114 158 206
27 31 51 158 216 229
27 32 46 114 158 206
27 32 47 114 158 206
27 32 48 114 158 206
27 32 49 114 158 206
27 33 48 158 216 229
27 33 49 158 216 229
27 33 50 158 216 229
27 33 51 158 216 229
27 34 50 158 216 229
27 34 51 158 216 229
27 35 52 158 216 229
28 0 22 43 160 4
28 0 23 43 160 4
28 0 24 43 160 4
28 0 25 43 160 4
28 0 27 43 160 4
28 0 28 43 160 4
28 0 29 43 160 4
28 0 30 43 160 4
28 0 31 43 160 4
28 0 32 43 160 4
28 0 33 43 160 4
28 0 34 43 160 4
28 0 35 43 160 4
28 0 36 43 160 4
28 0 37 43 160 4
28 0 38 43 160 4
28 0 39 43 160 4
28 0 40 43 160 4
28 0 41 43 160 4
28 0 42 43 160 4
28 0 43 43 160 4
28 0 44 43 160 4
28 0 45 43 160 4
28 0 46 43 160 4
28 0 47 43 160 4
28 0 48 43 160 4
28 0 49 43 160 4
28 0 50 43 160 4
28 0 51 43 160 4
28 0 52 43 160 4
28 0 53 43 160 4
28 0 54 43 160 4
28 0 55 43 160 4
28 0 56 43 160 4
28 0 57 43 160 4
28 0 58 43 160 4
28 0 59 43 160 4
28 1 24 147 102 188
28 1 25 147 102 188
28 1 26 147 102 188
28 1 27 147 102 188
28 1 28 147 102 188
28 1 29 147 102 188
28 2 23 147 102 188
28 2 24 147 102 188
28 2 25 147 102 188
28 2 26 147 102 188
28 2 27 147 102 188
28 2 28 147 102 188
28 2 29 147 102 188
28 2 30 147 102 188
28 2 31 147 102 188
28 2 32 147 102 188
28 2 33 147 102 188
28 2 34 147 102 188
28 2 35 147 102 188
28 2 36 147 102 188
28 2 37 147 102 188
28 2 38 147 102 188
28 2 39 147 102 188
28 2 40 147 102 188
28 2 41 147 102 188
28 2 42 147 102 188
28 2 43 147 102 188
28 2 44 158 216 229
28 3 21 147 102 188
28 3 31 147 102 188
28 3 35 147 102 188
28 3 36 147 102 188
28 3 37 147 102 188
28 3 38 147 102 188
28 3 39 147 102 188
28 3 40 147 102 188
28 3 41 147 102 188
28 3 42 147 102 188
28 3 43 147 102 188
28 3 44 147 102 188
28 3 45 158 216 229
28 3 46 158 216 229
28 3 47 158 216 229
28 4 29 147 102 188
28 4 30 147 102 188
28 4 34 147 102 188
28 4 35 147 102 188
28 4 36 147 102 188
28 4 37 147 102 188
28 4 38 147 102 188
28 4 39 147 102 188
28 4 40 147 102 188
28 5 11 255 127 12
28 5 12 255 127 12
28 5 13 255 127 12
28 5 14 255 127 12
28 5 26 147 102 188
28 5 27 147 102 188
28 5 28 147 102 188
28 5 29 147 102 188
28 5 30 147 102 188
28 5 31 147 102 188
28 5 36 147 102 188
28 5 45 158 216 229
28 5 46 158 216 229
28 5 47 158 216 229
28 5 48 158 216 229
28 5 49 158 216 229
28 6 8 30 119 181
28 6 9 30 119 181
28 6 10 196 175 214
28 6 11 196 175 214
28 6 12 196 175 214
28 6 28 147 102 188
28 6 29 147 102 188
28 6 30 147 102 188
28 6 31 147 102 188
28 6 33 147 102 188
28 6 46 158 216 229
28 6 47 158 216 229
28 6 48 158 216 229
28 7 28 147 102 188
28 7 29 147 102 188
28 7 30 147 102 188
28 7 31 147 102 188
28 7 33 147 102 188
28 7 46 158 216 229
28 7 47 158 216 229
28 7 48 158 216 229
28 8 30 147 102 188
28 8 31 147 102 188
28 8 33 147 102 188
28 8 48 158 216 229
28 9 31 147 102 188
28 9 32 147 102 188
28 9 33 147 102 188
28 9 45 158 216 229
28 9 46 158 216 229
28 9 47 158 216 229
28 9 48 158 216 229
28 10 31 147 102 188
28 10 32 147 102 188
28 10 46 158 216 229
28 10 47 158 216 229
28 10 48 158 216 229
28 11 47 158 216 229
28 11 48 158 216 229
28 11 49 158 216 229
28 11 50 158 216 229
28 12 49 158 216 229
28 12 50 158 216 229
28 12 51 158 216 229
28 13 51 158 216 229
28 13 52 196 175 214
28 13 53 196 175 214
28 14 52 196 175 214
28 14 53 196 175 214
28 14 54 158 216 229
28 15 53 158 216 229
28 15 54 196 175 214
28 16 53 158 216 229
28 16 54 196 175 214
28 16 55 196 175 214
28 16 56 114 158 206
28 16 57 114 158 206
28 17 56 114 158 206
28 17 57 114 158 206
28 17 58 114 158 206
28 17 59 114 158 206
28 18 58 114 158 206
28 18 59 114 158 206
28 19 58 114 158 206
28 19 59 114 158 206
28 20 58 114 158 206
28 20 59 114 158 206
28 21 58 114 158 206
28 21 59 114 158 206
28 22 58 114 158 206
28 22 59 114 158 206
28 23 58 114 158 206
28 23 59 114 158 206
28 24 58 114 158 206
28 24 59 114 158 206
28 25 52 158 216 229
28 25 53 158 216 229
28 25 58 114 158 206
28 25 59 114 158 206
28 26 51 158 216 229
28 26 52 158 216 229
28 26 53 158 216 229
28 26 54 158 216 229
28 26 55 158 216 229
28 26 56 214 38 40
28 26 57 214 38 40
28 26 58 158 216 229
28 26 59 158 216 229
28 27 52 158 216 229
28 27 53 158 216 229
28 27 57 214 38 40
28 27 58 214 38 40
28 27 59 214 38 40
28 28 51 158 216 229
28 28 52 158 216 229
28 28 53 158 216 229
28 29 45 196 175 214
28 29 46 114 158 206
28 29 47 114 158 206
28 29 48 158 216 229
28 29 49 158 216 229
28 29 50 158 216 229
28 29 51 158 216 229
28 29 52 158 216 229
28 29 53 158 216 229
28 30 45 214 38 40
28 30 46 114 158 206
28 30 47 114 158 206
28 30 48 114 158 206
28 30 49 114 158 206
28 31 46 114 158 206
28 31 47 114 158 206
28 31 48 114 158 206
28 31 49 114 158 206
28 31 51 114 158 206
28 32 48 114 158 206
28 32 49 114 158 206
28 32 50 114 158 206
28 33 48 158 216 229
28 33 49 158 216 229
28 33 50 158 216 229
28 33 51 158 216 229
28 34 50 158 216 229
28 34 51 158 216 229
28 34 52 158 216 229
28 35 52 158 216 229
29 0 22 43 160 4
29 0 23 43 160 4
29 0 24 43 160 4
29 0 25 43 160 4
29 0 27 43 160 4
29 0 28 43 160 4
29 0 29 43 160 4
29 0 30 43 160 4
29 0 31 43 160 4
29 0 32 43 160 4
29 0 33 43 160 4
29 0 34 43 160 4
29 0 35 43 160 4
29 0 36 43 160 4
29 0 37 43 160 4
29 0 38 43 160 4
29 0 39 43 160 4
29 0 40 43 160 4
29 0 41 43 160 4
29 0 42 43 160 4
29 0 43 43 160 4
29 0 44 43 160 4
29 0 45 43 160 4
29 0 46 43 160 4
29 0 47 43 160 4
29 0 48 43 160 4
29 0 49 43 160 4
29 0 50 43 160 4
29 0 51 43 160 4
29 0 52 43 160 4
29 0 53 43 160 4
29 0 54 43 160 4
29 0 55 43 160 4
29 0 56 43 160 4
29 0 57 43 160 4
29 0 58 43 160 4
29 0 59 43 160 4
29 1 24 147 102 188
29 1 26 147 102 188
29 1 27 147 102 188
29 1 28 147 102 188
29 1 29 147 102 188
29 2 25 147 102 188
29 2 26 147 102 188
29 2 27 147 102 188
29 2 28 147 102 188
29 2 29 147 102 188
29 2 30 147 102 188
29 2 31 147 102 188
29 2 32 147 102 188
29 2 33 147 102 188
29 2 34 147 102 188
29 2 35 147 102 188
29 2 36 147 102 188
29 2 37 147 102 188
29 2 38 147 102 188
29 2 39 147 102 188
29 2 40 147 102 188
29 2 41 147 102 188
29 2 42 147 102 188
29 2 43 147 102 188
29 2 44 158 216 229
29 3 27 147 102 188
29 3 28 147 102 188
29 3 32 147 102 188
29 3 33 147 102 188
29 3 34 147 102 188
29 3 35 147 102 188
29 3 36 147 102 188
29 3 37 147 102 188
29 3 38 147 102 188
29 3 39 147 102 188
29 3 40 147 102 188
29 3 41 147 102 188
29 3 42 147 102 188
29 3 43 147 102 188
29 3 44 147 102 188
29 3 45 158 216 229
29 3 46 158 216 229
29 3 47 158 216 229
29 3 48 158 216 229
29 4 18 255 127 12
29 4 26 147 102 188
29 4 27 147 102 188
29 4 37 147 102 188
29 4 38 147 102 188
29 4 39 147 102 188
29 4 40 147 102 188
29 4 41 147 102 188
29 4 42 147 102 188
29 4 43 147 102 188
29 4 44 147 102 188
29 4 45 158 216 229
29 4 46 158 216 229
29 4 47 158 216 229
29 4 48 158 216 229
29 5 10 255 127 12
29 5 11 255 127 12
29 5 12 255 127 12
29 5 13 30 119 181
29 5 14 30 119 181
29 5 15 30 119 181
29 5 25 147 102 188
29 5 26 147 102 188
29 5 27 147 102 188
29 5 28 147 102 188
29 5 30 147 102 188
29 5 31 147 102 188
29 5 32 147 102 188
29 5 33 147 102 188
29 5 34 147 102 188
29 5 35 147 102 188
29 5 36 147 102 188
29 5 47 158 216 229
29 5 48 158 216 229
29 6 10 30 119 181
29 6 11 30 119 181
29 6 12 30 119 181
29 6 24 30 119 181
29 6 27 30 119 181
29 6 28 147 102 188
29 6 29 147 102 188
29 6 30 147 102 188
29 6 31 147 102 188
29 6 47 158 216 229
29 6 48 158 216 229
29 7 26 30 119 181
29 7 30 147 102 188
29 7 31 147 102 188
29 7 47 158 216 229
29 7 48 158 216 229
29 8 31 147 102 188
29 8 47 158 216 229
29 8 48 158 216 229
29 9 31 147 102 188
29 9 47 158 216 229
29 9 48 158 216 229
29 10 47 158 216 229
29 10 48 158 216 229
29 11 48 158 216 229
29 11 49 158 216 229
29 11 50 158 216 229
29 11 51 158 216 229
29 12 50 158 216 229
29 12 51 196 175 214
29 12 52 196 175 214
29 13 50 158 216 229
29 13 51 158 216 229
29 13 52 196 175 214
29 14 51 158 216 229
29 14 52 158 216 229
29 14 53 196 175 214
29 14 54 158 216 229
29 15 53 158 216 229
29 15 54 196 175 214
29 16 54 114 158 206
29 16 55 114 158 206
29 16 56 114 158 206
29 17 56 114 158 206
29 17 57 114 158 206
29 17 58 114 158 206
29 18 57 114 158 206
29 18 58 114 158 206
29 19 57 114 158 206
29 19 58 114 158 206
29 20 57 114 158 206
29 20 58 114 158 206
29 20 59 114 158 206
29 21 57 114 158 206
29 21 58 114 158 206
29 22 57 114 158 206
29 22 58 114 158 206
29 23 57 114 158 206
29 23 58 114 158 206
29 24 57 114 158 206
29 24 58 114 158 206
29 24 59 114 158 206
29 25 56 158 216 229
29 25 57 114 158 206
29 25 58 114 158 206
29 26 52 158 216 229
29 26 53 158 216 229
29 26 54 158 216 229
29 26 55 158 216 229
29 26 56 214 38 40
29 26 57 158 216 229
29 26 58 158 216 229
29 27 52 158 216 229
29 27 53 158 216 229
29 27 54 158 216 229
29 28 52 158 216 229
29 28 53 158 216 229
29 28 54 158 216 229
29 29 46 114 158 206
29 29 47 114 158 206
29 29 48 158 216 229
29 29 49 114 158 206
29 29 50 158 216 229
29 29 51 158 216 229
29 29 52 158 216 229
29 29 53 158 216 229
29 29 54 158 216 229
29 30 46 114 158 206
29 30 47 114 158 206
29 30 48 114 158 206
29 30 49 114 158 206
29 30 50 114 158 206
29 30 51 114 158 206
29 31 48 114 158 206
29 31 49 114 158 206
29 31 50 114 158 206
29 32 49 114 158 206
29 32 50 114 158 206
29 32 51 114 158 206
29 33 50 114 158 206
29 33 51 114 158 206
29 33 52 158 216 229
29 34 50 158 216 229
29 34 51 158 216 229
29 34 52 158 216 229
29 34 53 158 216 229
29 35 52 214 38 40
29 35 53 214 38 40
30 0 22 43 160 4
30 0 23 43 160 4
30 0 24 43 160 4
30 0 25 43 160 4
30 0 27 43 160 4
30 0 28 43 160 4
30 0 29 43 160 4
30 0 30 43 160 4
30 0 31 43 160 4
30 0 32 43 160 4
30 0 33 43 160 4
30 0 34 43 160 4
30 0 35 43 160 4
30 0 36 43 160 4
30 0 37 43 160 4
30 0 38 43 160 4
30 0 39 43 160 4
30 0 40 43 160 4
30 0 41 43 160 4
30 0 42 43 160 4
30 0 43 43 160 4
30 0 44 43 160 4
30 0 45 43 160 4
30 0 46 43 160 4
30 0 47 43 160 4
30 0 48 43 160 4
30 0 49 43 160 4
30 0 50 43 160 4
30 0 51 43 160 4
30 0 52 43 160 4
30 0 53 43 160 4
30 0 54 43 160 4
30 0 55 43 160 4
30 0 56 43 160 4
30 0 57 43 160 4
30 0 58 43 160 4
30 0 59 43 160 4
30 1 26 147 102 188
30 1 27 147 102 188
30 1 36 147 102 188
30 1 37 147 102 188
30 1 38 147 102 188
30 1 39 147 102 188
30 2 25 147 102 188
30 2 26 147 102 188
30 2 27 147 102 188
30 2 28 147 102 188
30 2 29 147 102 188
30 2 30 147 102 188
30 2 31 147 102 188
30 2 32 147 102 188
30 2 33 147 102 188
30 2 34 147 102 188
30 3 22 147 102 188
30 3 26 147 102 188
30 3 27 147 102 188
30 3 28 147 102 188
30 3 29 147 102 188
30 3 30 147 102 188
30 3 32 147 102 188
30 3 48 158 216 229
30 4 19 255 127 12
30 4 25 147 102 188
30 4 26 147 102 188
30 4 27 147 102 188
30 4 30 147 102 188
30 4 31 147 102 188
30 4 32 147 102 188
30 4 45 158 216 229
30 4 46 158 216 229
30 4 47 158 216 229
30 4 48 158 216 229
30 5 10 30 119 181
30 5 11 30 119 181
30 5 12 255 127 12
30 5 13 30 119 181
30 5 14 30 119 181
30 5 15 30 119 181
30 5 24 30 119 181
30 5 25 30 119 181
30 5 26 30 119 181
30 5 48 158 216 229
30 5 49 158 216 229
30 6 8 30 119 181
30 6 9 30 119 181
30 6 10 30 119 181
30 6 11 30 119 181
30 6 12 30 119 181
30 6 13 30 119 181
30 6 24 30 119 181
30 6 25 30 119 181
30 6 26 30 119 181
30 6 27 30 119 181
30 6 28 30 119 181
30 6 29 30 119 181
30 6 30 30 119 181
30 6 31 147 102 188
30 6 48 158 216 229
30 6 49 158 216 229
30 7 25 30 119 181
30 7 26 30 119 181
30 7 48 158 216 229
30 7 49 158 216 229
30 8 48 158 216 229
30 8 49 158 216 229
30 9 48 158 216 229
30 9 49 158 216 229
30 10 48 158 216 229
30 10 49 158 216 229
30 11 48 158 216 229
30 11 49 158 216 229
30 11 50 158 216 229
30 11 51 158 216 229
30 11 52 158 216 229
30 12 50 158 216 229
30 12 51 158 216 229
30 12 52 158 216 229
30 12 53 158 216 229
30 13 51 158 216 229
30 13 52 158 216 229
30 13 53 158 216 229
30 13 54 158 216 229
30 14 52 158 216 229
30 14 53 158 216 229
30 14 54 158 216 229
30 14 55 196 175 214
30 15 53 158 216 229
30 15 54 158 216 229
30 15 55 196 175 214
30 16 54 158 216 229
30 16 55 114 158 206
30 16 56 114 158 206
30 17 55 114 158 206
30 17 56 114 158 206
30 17 57 114 158 206
30 18 55 114 158 206
30 18 56 114 158 206
30 18 57 114 158 206
30 19 55 114 158 206
30 19 56 114 158 206
30 19 57 114 158 206
30 20 56 114 158 206
30 20 57 114 158 206
30 20 58 114 158 206
30 21 55 158 216 229
30 21 56 114 158 206
30 21 57 114 158 206
30 21 58 114 158 206
30 22 55 158 216 229
30 22 56 114 158 206
30 22 57 114 158 206
30 23 55 158 216 229
30 23 56 114 158 206
30 23 57 114 158 206
30 23 58 114 158 206
30 24 55 158 216 229
30 24 56 158 216 229
30 24 57 158 216 229
30 24 58 158 216 229
30 25 54 158 216 229
30 25 55 158 216 229
30 25 56 158 216 229
30 25 57 158 216 229
30 26 53 158 216 229
30 26 54 158 216 229
30 26 55 158 216 229
30 26 56 158 216 229
30 26 57 158 216 229
30 27 53 158 216 229
30 27 54 158 216 229
30 28 53 158 216 229
30 28 54 158 216 229
30 29 47 114 158 206
30 29 50 158 216 229
30 29 51 158 216 229
30 29 52 158 216 229
30 29 53 158 216 229
30 29 54 158 216 229
30 30 48 114 158 206
30 30 49 114 158 206
30 30 50 114 158 206
30 30 51 114 158 206
30 30 52 158 216 229
30 30 53 158 216 229
30 30 54 158 216 229
30 31 49 114 158 206
30 31 50 114 158 206
30 31 51 114 158 206
30 31 52 158 216 229
30 32 50 114 158 206
30 32 51 114 158 206
30 32 52 114 158 206
30 33 51 114 158 206
30 33 52 158 216 229
30 33 53 114 158 206
30 34 51 158 216 229
30 34 52 158 216 229
30 34 53 158 216 229
30 35 52 158 216 229
30 35 53 158 216 229
31 0 22 43 160 4
31 0 23 43 160 4
31 0 24 43 160 4
31 0 25 43 160 4
31 0 26 43 160 4
31 0 27 43 160 4
31 0 28 43 160 4
31 0 29 43 160 4
31 0 30 43 160 4
31 0 31 43 160 4
31 0 32 43 160 4
31 0 33 43 160 4
31 0 34 43 160 4
31 0 35 43 160 4
31 0 36 43 160 4
31 0 37 43 160 4
31 0 38 43 160 4
31 0 39 43 160 4
31 0 40 43 160 4
31 0 41 43 160 4
31 0 42 43 160 4
31 0 43 43 160 4
31 0 44 43 160 4
31 0 45 43 160 4
31 0 46 43 160 4
31 0 47 43 160 4
31 0 48 43 160 4
31 0 49 43 160 4
31 0 50 43 160 4
31 0 51 43 160 4
31 0 52 43 160 4
31 0 53 43 160 4
31 0 54 43 160 4
31 0 55 43 160 4
31 0 56 43 160 4
31 0 57 43 160 4
31 0 58 43 160 4
31 0 59 43 160 4
31 1 27 147 102 188
31 1 28 147 102 188
31 2 25 147 102 188
31 2 26 147 102 188
31 2 27 147 102 188
31 2 28 147 102 188
31 2 29 147 102 188
31 2 30 147 102 188
31 2 31 147 102 188
31 2 32 147 102 188
31 2 33 147 102 188
31 2 34 147 102 188
31 2 35 147 102 188
31 3 22 30 119 181
31 3 23 147 102 188
31 3 26 147 102 188
31 3 27 147 102 188
31 3 28 147 102 188
31 3 29 147 102 188
31 3 30 147 102 188
31 3 31 147 102 188
31 3 32 147 102 188
31 3 33 147 102 188
31 3 34 147 102 188
31 4 23 30 119 181
31 4 24 30 119 181
31 4 25 30 119 181
31 4 26 30 119 181
31 4 27 147 102 188
31 4 30 147 102 188
31 4 31 147 102 188
31 4 32 147 102 188
31 4 48 158 216 229
31 4 49 158 216 229
31 5 11 30 119 181
31 5 12 30 119 181
31 5 13 30 119 181
31 5 14 30 119 181
31 5 15 30 119 181
31 5 16 30 119 181
31 5 22 30 119 181
31 5 23 30 119 181
31 5 24 30 119 181
31 5 25 30 119 181
31 5 26 30 119 181
31 5 47 158 216 229
31 5 48 158 216 229
31 5 49 158 216 229
31 6 8 30 119 181
31 6 9 30 119 181
31 6 10 30 119 181
31 6 11 30 119 181
31 6 12 30 119 181
31 6 13 30 119 181
31 6 14 30 119 181
31 6 22 30 119 181
31 6 23 30 119 181
31 6 24 30 119 181
31 6 25 30 119 181
31 6 26 30 119 181
31 6 28 30 119 181
31 6 42 147 102 188
31 6 43 147 102 188
31 6 48 158 216 229
31 6 49 158 216 229
31 7 24 30 119 181
31 7 25 30 119 181
31 7 26 30 119 181
31 7 27 30 119 181
31 7 29 30 119 181
31 7 30 30 119 181
31 7 33 30 119 181
31 7 34 30 119 181
31 7 48 158 216 229
31 7 49 158 216 229
31 8 25 30 119 181
31 8 26 196 175 214
31 8 27 30 119 181
31 8 48 158 216 229
31 8 49 158 216 229
31 9 48 158 216 229
31 9 49 158 216 229
31 10 48 158 216 229
31 10 49 158 216 229
31 11 49 158 216 229
31 11 50 158 216 229
31 11 51 158 216 229
31 11 52 158 216 229
31 12 51 158 216 229
31 12 52 158 216 229
31 12 53 158 216 229
31 13 52 158 216 229
31 13 53 158 216 229
31 13 54 158 216 229
31 13 55 158 216 229
31 14 53 158 216 229
31 14 54 158 216 229
31 14 55 158 216 229
31 15 53 158 216 229
31 15 54 158 216 229
31 15 55 114 158 206
31 16 53 158 216 229
31 16 54 114 158 206
31 16 55 114 158 206
31 17 54 158 216 229
31 17 55 114 158 206
31 17 56 114 158 206
31 18 53 158 216 229
31 18 54 158 216 229
31 18 55 114 158 206
31 18 56 114 158 206
31 19 54 158 216 229
31 19 55 114 158 206
31 19 56 114 158 206
31 20 54 158 216 229
31 20 55 158 216 229
31 20 56 114 158 206
31 20 57 114 158 206
31 21 53 158 216 229
31 21 54 158 216 229
31 21 55 158 216 229
31 21 56 114 158 206
31 21 57 114 158 206
31 22 53 158 216 229
31 22 54 158 216 229
31 22 55 158 216 229
31 22 56 114 158 206
31 23 53 158 216 229
31 23 54 158 216 229
31 23 55 158 216 229
31 23 56 114 158 206
31 23 57 114 158 206
31 24 53 158 216 229
31 24 54 158 216 229
31 24 55 158 216 229
31 24 56 158 216 229
31 24 57 114 158 206
31 24 58 114 158 206
31 25 53 158 216 229
31 25 54 158 216 229
31 25 55 158 216 229
31 26 53 158 216 229
31 26 54 158 216 229
31 26 55 158 216 229
31 27 53 158 216 229
31 27 54 158 216 229
31 28 53 158 216 229
31 28 54 158 216 229
31 29 53 158 216 229
31 29 54 158 216 229
31 30 51 114 158 206
31 30 52 158 216 229
31 30 53 158 216 229
31 30 54 158 216 229
31 30 55 158 216 229
31 31 51 114 158 206
31 31 52 114 158 206
31 31 53 114 158 206
31 31 54 114 158 206
31 32 52 114 158 206
31 32 53 114 158 206
31 33 52 114 158 206
31 33 53 114 158 206
31 34 51 114 158 206
31 34 52 158 216 229
31 34 53 158 216 229
31 35 52 158 216 229
31 35 53 158 216 229
32 0 22 43 160 4
32 0 23 43 160 4
32 0 24 43 160 4
32 0 25 43 160 4
32 0 26 43 160 4
32 0 27 43 160 4
32 0 28 43 160 4
32 0 29 43 160 4
32 0 30 43 160 4
32 0 31 43 160 4
32 0 32 43 160 4
32 0 33 43 160 4
32 0 34 43 160 4
32 0 35 43 160 4
32 0 36 43 160 4
32 0 37 43 160 4
32 0 38 43 160 4
32 0 39 43 160 4
32 0 40 43 160 4
32 0 41 43 160 4
32 0 42 43 160 4
32 0 43 43 160 4
32 0 44 43 160 4
32 0 45 43 160 4
32 0 46 43 160 4
32 0 47 43 160 4
32 0 48 43 160 4
32 0 49 43 160 4
32 0 50 43 160 4
32 0 51 43 160 4
32 0 52 43 160 4
32 0 53 43 160 4
32 0 54 43 160 4
32 0 55 43 160 4
32 0 56 43 160 4
32 0 57 43 160 4
32 0 58 43 160 4
32 0 59 43 160 4
32 2 22 30 119 181
32 2 26 30 119 181
32 2 27 147 102 188
32 2 28 147 102 188
32 2 29 147 102 188
32 2 30 147 102 188
32 2 31 147 102 188
32 2 32 147 102 188
32 2 33 147 102 188
32 2 34 147 102 188
32 3 22 30 119 181
32 3 23 30 119 181
32 3 24 30 119 181
32 3 31 147 102 188
32 3 32 147 102 188
32 3 33 147 102 188
32 3 34 147 102 188
32 4 20 255 127 12
32 4 21 30 119 181
32 4 22 30 119 181
32 4 23 30 119 181
32 4 24 30 119 181
32 4 25 30 119 181
32 4 26 30 119 181
32 4 27 30 119 181
32 4 29 147 102 188
32 4 49 158 216 229
32 5 11 30 119 181
32 5 12 30 119 181
32 5 13 30 119 181
32 5 14 30 119 181
32 5 16 30 119 181
32 5 17 30 119 181
32 5 21 30 119 181
32 5 22 30 119 181
32 5 23 30 119 181
32 5 24 30 119 181
32 5 27 30 119 181
32 6 8 30 119 181
32 6 9 30 119 181
32 6 10 30 119 181
32 6 11 30 119 181
32 6 12 30 119 181
32 6 13 30 119 181
32 6 14 30 119 181
32 6 21 30 119 181
32 6 22 30 119 181
32 6 23 30 119 181
32 6 24 30 119 181
32 6 25 30 119 181
32 6 28 30 119 181
32 6 48 158 216 229
32 6 49 158 216 229
32 6 50 158 216 229
32 7 23 30 119 181
32 7 24 30 119 181
32 7 25 30 119 181
32 7 26 30 119 181
32 7 27 30 119 181
32 7 29 30 119 181
32 7 48 158 216 229
32 7 49 158 216 229
32 7 50 158 216 229
32 8 25 196 175 214
32 8 26 196 175 214
32 8 27 196 175 214
32 8 28 30 119 181
32 8 29 30 119 181
32 8 30 30 119 181
32 8 31 30 119 181
32 8 49 158 216 229
32 8 50 158 216 229
32 9 26 196 175 214
32 9 49 158 216 229
32 9 50 158 216 229
32 10 49 158 216 229
32 10 50 158 216 229
32 11 49 158 216 229
32 11 50 158 216 229
32 11 51 158 216 229
32 11 52 158 216 229
32 12 51 158 216 229
32 12 52 158 216 229
32 12 53 158 216 229
32 13 52 158 216 229
32 13 53 158 216 229
32 13 54 158 216 229
32 14 52 158 216 229
32 14 53 158 216 229
32 14 54 158 216 229
32 14 55 158 216 229
32 15 52 158 216 229
32 15 53 158 216 229
32 15 54 158 216 229
32 16 52 158 216 229
32 16 53 158 216 229
32 16 54 114 158 206
32 17 53 158 216 229
32 17 54 114 158 206
32 18 52 158 216 229
32 18 53 158 216 229
32 18 54 158 216 229
32 19 52 158 216 229
32 19 53 158 216 229
32 19 54 158 216 229
32 19 55 114 158 206
32 20 52 158 216 229
32 20 53 158 216 229
32 20 54 158 216 229
32 20 55 114 158 206
32 21 52 158 216 229
32 21 53 158 216 229
32 21 54 158 216 229
32 22 52 158 216 229
32 22 53 158 216 229
32 22 54 158 216 229
32 23 52 158 216 229
32 23 53 158 216 229
32 23 54 114 158 206
32 24 52 158 216 229
32 24 53 114 158 206
32 24 54 114 158 206
32 25 52 158 216 229
32 25 53 114 158 206
32 25 54 158 216 229
32 26 52 114 158 206
32 26 53 114 158 206
32 26 54 158 216 229
32 27 52 114 158 206
32 27 53 114 158 206
32 27 54 158 216 229
32 28 51 114 158 206
32 28 52 114 158 206
32 28 53 114 158 206
32 28 54 158 216 229
32 29 51 114 158 206
32 29 52 114 158 206
32 29 53 114 158 206
32 29 54 158 216 229
32 30 51 114 158 206
32 30 52 114 158 206
32 30 53 114 158 206
32 30 54 114 158 206
32 31 51 114 158 206
32 31 52 114 158 206
32 31 53 114 158 206
32 31 54 114 158 206
32 32 51 114 158 206
32 32 52 114 158 206
32 32 53 114 158 206
32 33 51 114 158 206
32 33 52 114 158 206
32 33 53 114 158 206
32 34 50 114 158 206
32 34 51 114 158 206
32 34 52 114 158 206
32 34 53 114 158 206
32 35 52 114 158 206
32 35 53 114 158 206
33 0 22 43 160 4
33 0 23 43 160 4
33 0 24 43 160 4
33 0 25 43 160 4
33 0 26 43 160 4
33 0 27 43 160 4
33 0 28 43 160 4
33 0 29 43 160 4
33 0 30 43 160 4
33 0 31 43 160 4
33 0 32 43 160 4
33 0 33 43 160 4
33 0 34 43 160 4
33 0 35 43 160 4
33 0 36 43 160 4
33 0 37 43 160 4
33 0 38 43 160 4
33 0 39 43 160 4
33 0 40 43 160 4
33 0 41 43 160 4
33 0 42 43 160 4
33 0 43 43 160 4
33 0 44 43 160 4
33 0 45 43 160 4
33 0 46 43 160 4
33 0 47 43 160 4
33 0 48 43 160 4
33 0 49 43 160 4
33 0 50 43 160 4
33 0 51 43 160 4
33 0 52 43 160 4
33 0 53 43 160 4
33 0 54 43 160 4
33 0 55 43 160 4
33 0 56 43 160 4
33 0 57 43 160 4
33 0 58 43 160 4
33 0 59 43 160 4
33 2 17 147 102 188
33 2 22 30 119 181
33 2 26 30 119 181
33 2 27 30 119 181
33 2 28 147 102 188
33 2 29 147 102 188
33 2 30 147 102 188
33 2 31 147 102 188
33 2 32 147 102 188
33 2 33 147 102 188
33 2 34 147 102 188
33 3 15 147 102 188
33 3 22 30 119 181
33 3 26 30 119 181
33 3 27 30 119 181
33 3 28 147 102 188
33 3 29 147 102 188
33 3 30 147 102 188
33 3 31 147 102 188
33 3 32 147 102 188
33 4 20 255 127 12
33 4 21 30 119 181
33 4 22 30 119 181
33 4 25 30 119 181
33 5 10 30 119 181
33 5 11 30 119 181
33 5 12 30 119 181
33 5 13 30 119 181
33 5 14 30 119 181
33 5 17 30 119 181
33 5 21 30 119 181
33 5 22 30 119 181
33 6 8 30 119 181
33 6 9 30 119 181
33 6 10 30 119 181
33 6 11 30 119 181
33 6 12 30 119 181
33 6 13 30 119 181
33 6 14 30 119 181
33 6 15 30 119 181
33 6 21 30 119 181
33 6 22 30 119 181
33 6 23 30 119 181
33 6 24 30 119 181
33 6 25 30 119 181
33 6 26 30 119 181
33 7 23 30 119 181
33 7 24 30 119 181
33 7 25 30 119 181
33 7 26 30 119 181
33 7 27 30 119 181
33 7 29 30 119 181
33 7 48 158 216 229
33 7 49 158 216 229
33 7 50 158 216 229
33 7 51 158 216 229
33 8 25 196 175 214
33 8 26 196 175 214
33 8 27 196 175 214
33 8 30 30 119 181
33 8 34 30 119 181
33 8 35 30 119 181
33 8 36 30 119 181
33 8 50 158 216 229
33 9 50 158 216 229
33 10 50 158 216 229
33 11 50 158 216 229
33 11 51 158 216 229
33 11 52 158 216 229
33 11 53 158 216 229
33 12 10 158 216 229
33 12 51 158 216 229
33 12 52 158 216 229
33 12 53 158 216 229
33 12 54 158 216 229
33 13 51 158 216 229
33 13 52 158 216 229
33 13 53 158 216 229
33 13 54 158 216 229
33 14 51 114 158 206
33 14 52 158 216 229
33 14 53 114 158 206
33 14 54 158 216 229
33 15 51 114 158 206
33 15 52 158 216 229
33 15 53 114 158 206
33 16 51 114 158 206
33 16 52 114 158 206
33 16 53 114 158 206
33 17 51 114 158 206
33 17 52 158 216 229
33 17 53 114 158 206
33 17 54 114 158 206
33 18 51 114 158 206
33 18 52 158 216 229
33 18 53 114 158 206
33 18 54 114 158 206
33 19 51 114 158 206
33 19 52 158 216 229
33 19 53 114 158 206
33 20 51 114 158 206
33 20 52 114 158 206
33 20 53 114 158 206
33 21 51 114 158 206
33 21 52 114 158 206
33 22 51 114 158 206
33 22 52 114 158 206
33 23 51 114 158 206
33 23 52 114 158 206
33 24 51 114 158 206
33 24 52 114 158 206
33 25 51 114 158 206
33 25 52 114 158 206
33 26 51 114 158 206
33 26 52 114 158 206
33 27 51 114 158 206
33 27 52 114 158 206
33 28 51 114 158 206
33 28 52 114 158 206
33 29 51 114 158 206
33 29 52 114 158 206
33 30 50 114 158 206
33 30 51 114 158 206
33 30 52 114 158 206
33 31 50 114 158 206
33 31 51 114 158 206
33 31 52 114 158 206
33 32 50 114 158 206
33 32 51 114 158 206
33 32 52 114 158 206
33 33 50 114 158 206
33 33 51 114 158 206
33 33 52 114 158 206
33 34 50 114 158 206
33 34 51 114 158 206
33 34 52 114 158 206
34 0 22 43 160 4
34 0 23 43 160 4
34 0 24 43 160 4
34 0 25 43 160 4
34 0 26 43 160 4
34 0 27 43 160 4
34 0 28 43 160 4
34 0 29 43 160 4
34 0 30 43 160 4
34 0 31 43 160 4
34 0 32 43 160 4
34 0 33 43 160 4
34 0 34 43 160 4
34 0 35 43 160 4
34 0 36 43 160 4
34 0 37 43 160 4
34 0 38 43 160 4
34 0 39 43 160 4
34 0 40 43 160 4
34 0 41 43 160 4
34 0 42 43 160 4
34 0 43 43 160 4
34 0 44 43 160 4
34 0 45 43 160 4
34 0 46 43 160 4
34 0 47 43 160 4
34 0 48 43 160 4
34 0 49 43 160 4
34 0 50 43 160 4
34 0 51 43 160 4
34 0 52 43 160 4
34 0 53 43 160 4
34 0 54 43 160 4
34 0 55 43 160 4
34 0 56 43 160 4
34 0 57 43 160 4
34 0 58 43 160 4
34 0 59 43 160 4
34 1 26 30 119 181
34 1 27 30 119 181
34 1 28 147 102 188
34 2 17 147 102 188
34 2 25 30 119 181
34 3 15 147 102 188
34 3 16 147 102 188
34 3 25 30 119 181
34 3 26 30 119 181
34 4 15 147 102 188
34 4 21 30 119 181
34 4 22 30 119 181
34 4 23 30 119 181
34 4 24 30 119 181
34 4 26 30 119 181
34 5 10 30 119 181
34 5 11 30 119 181
34 5 12 30 119 181
34 5 13 30 119 181
34 5 14 147 102 188
34 5 15 30 119 181
34 5 18 30 119 181
34 5 21 30 119 181
34 5 22 30 119 181
34 6 8 147 102 188
34 6 9 30 119 181
34 6 10 30 119 181
34 6 11 30 119 181
34 6 12 30 119 181
34 6 13 30 119 181
34 6 14 30 119 181
34 6 15 30 119 181
34 6 21 30 119 181
34 6 22 30 119 181
34 6 23 30 119 181
34 6 24 30 119 181
34 6 25 30 119 181
34 6 26 30 119 181
34 6 29 30 119 181
34 7 25 30 119 181
34 7 26 30 119 181
34 7 27 30 119 181
34 7 29 30 119 181
34 7 30 30 119 181
34 7 48 158 216 229
34 7 49 158 216 229
34 7 50 158 216 229
34 7 51 158 216 229
34 8 26 196 175 214
34 8 27 196 175 214
34 8 28 196 175 214
34 8 32 30 119 181
34 8 33 30 119 181
34 8 34 30 119 181
34 8 35 30 119 181
34 8 36 196 175 214
34 8 37 196 175 214
34 8 38 255 127 12
34 8 39 255 127 12
34 8 40 30 119 181
34 8 49 158 216 229
34 8 50 158 216 229
34 8 51 158 216 229
34 9 25 196 175 214
34 9 49 158 216 229
34 9 50 158 216 229
34 9 51 158 216 229
34 10 49 158 216 229
34 10 50 158 216 229
34 10 51 158 216 229
34 11 49 114 158 206
34 11 50 158 216 229
34 11 51 158 216 229
34 11 52 158 216 229
34 12 50 114 158 206
34 12 51 158 216 229
34 12 52 158 216 229
34 13 50 114 158 206
34 13 51 114 158 206
34 13 52 158 216 229
34 14 49 114 158 206
34 14 50 114 158 206
34 14 51 114 158 206
34 14 52 114 158 206
34 15 50 114 158 206
34 15 51 114 158 206
34 15 52 114 158 206
34 16 50 114 158 206
34 16 51 114 158 206
34 16 52 114 158 206
34 17 50 114 158 206
34 17 51 114 158 206
34 17 52 114 158 206
34 18 50 114 158 206
34 18 51 114 158 206
34 18 52 114 158 206
34 19 50 114 158 206
34 19 51 114 158 206
34 19 52 114 158 206
34 20 50 114 158 206
34 20 51 114 158 206
34 20 52 114 158 206
34 21 50 114 158 206
34 21 51 114 158 206
34 21 52 114 158 206
34 22 49 114 158 206
34 22 50 114 158 206
34 22 51 114 158 206
34 23 49 114 158 206
34 23 50 114 158 206
34 23 51 114 158 206
34 24 49 114 158 206
34 24 50 114 158 206
34 24 51 114 158 206
34 25 49 114 158 206
34 25 50 114 158 206
34 25 51 114 158 206
34 26 49 114 158 206
34 26 50 114 158 206
34 26 51 114 158 206
34 27 49 114 158 206
34 27 50 114 158 206
34 27 51 114 158 206
34 28 49 114 158 206
34 28 50 114 158 206
34 28 51 114 158 206
34 29 49 114 158 206
34 29 50 114 158 206
34 29 51 114 158 206
34 30 49 114 158 206
34 30 50 114 158 206
34 30 51 114 158 206
34 31 49 114 158 206
34 31 50 114 158 206
34 31 51 114 158 206
34 32 49 114 158 206
34 32 50 114 158 206
34 33 48 114 158 206
34 33 49 114 158 206
34 33 50 114 158 206
34 34 50 114 158 206
35 0 22 43 160 4
35 0 23 43 160 4
35 0 24 43 160 4
35 0 25 43 160 4
35 0 26 43 160 4
35 0 27 43 160 4
35 0 28 43 160 4
35 0 29 43 160 4
35 0 30 43 160 4
35 0 31 43 160 4
35 0 32 43 160 4
35 0 33 43 160 4
35 0 34 43 160 4
35 0 35 43 160 4
35 0 36 43 160 4
35 0 37 43 160 4
35 0 38 43 160 4
35 0 39 43 160 4
35 0 40 43 160 4
35 0 41 43 160 4
35 0 42 43 160 4
35 0 43 43 160 4
35 0 44 43 160 4
35 0 45 43 160 4
35 0 46 43 160 4
35 0 47 43 160 4
35 0 48 43 160 4
35 0 49 43 160 4
35 0 50 43 160 4
35 0 51 43 160 4
35 0 52 43 160 4
35 0 53 43 160 4
35 0 54 43 160 4
35 0 55 43 160 4
35 0 56 43 160 4
35 0 57 43 160 4
35 0 58 43 160 4
35 0 59 43 160 4
35 1 30 147 102 188
35 2 17 147 102 188
35 2 18 147 102 188
35 2 28 30 119 181
35 2 29 30 119 181
35 2 30 30 119 181
35 2 31 147 102 188
35 2 32 147 102 188
35 3 15 147 102 188
35 3 16 147 102 188
35 3 25 30 119 181
35 3 29 30 119 181
35 4 15 147 102 188
35 4 16 147 102 188
35 4 21 30 119 181
35 4 22 30 119 181
35 4 23 30 119 181
35 4 25 30 119 181
35 4 26 30 119 181
35 5 10 147 102 188
35 5 11 30 119 181
35 5 12 30 119 181
35 5 13 30 119 181
35 5 14 147 102 188
35 5 15 147 102 188
35 5 18 30 119 181
35 5 19 30 119 181
35 5 22 30 119 181
35 5 23 30 119 181
35 5 27 30 119 181
35 6 9 147 102 188
35 6 10 147 102 188
35 6 11 30 119 181
35 6 12 30 119 181
35 6 13 30 119 181
35 6 14 30 119 181
35 6 15 30 119 181
35 6 16 30 119 181
35 6 22 30 119 181
35 6 23 30 119 181
35 6 24 30 119 181
35 6 25 30 119 181
35 6 26 30 119 181
35 6 28 30 119 181
35 6 29 30 119 181
35 7 24 30 119 181
35 7 25 30 119 181
35 7 26 30 119 181
35 7 27 30 119 181
35 7 29 30 119 181
35 7 30 30 119 181
35 7 31 30 119 181
35 7 32 30 119 181
35 7 49 158 216 229
35 7 50 158 216 229
35 8 24 196 175 214
35 8 25 196 175 214
35 8 26 196 175 214
35 8 27 196 175 214
35 8 28 196 175 214
35 8 45 114 158 206
35 8 46 158 216 229
35 8 47 158 216 229
35 8 48 158 216 229
35 8 49 158 216 229
35 8 50 158 216 229
35 9 24 196 175 214
35 9 25 196 175 214
35 9 26 196 175 214
35 9 27 196 175 214
35 9 47 114 158 206
35 9 48 158 216 229
35 9 49 158 216 229
35 9 50 158 216 229
35 10 24 196 175 214
35 10 25 196 175 214
35 10 26 196 175 214
35 10 46 114 158 206
35 10 47 114 158 206
35 10 48 114 158 206
35 10 49 114 158 206
35 10 50 158 216 229
35 11 46 114 158 206
35 11 47 114 158 206
35 11 48 114 158 206
35 11 49 114 158 206
35 11 50 114 158 206
35 12 47 114 158 206
35 12 48 114 158 206
35 12 49 114 158 206
35 12 50 114 158 206
35 12 51 114 158 206
35 13 47 114 158 206
35 13 48 114 158 206
35 13 49 114 158 206
35 13 50 114 158 206
35 13 51 114 158 206
35 14 47 114 158 206
35 14 48 114 158 206
35 14 49 114 158 206
35 14 50 114 158 206
35 14 51 114 158 206
35 15 47 114 158 206
35 15 48 114 158 206
35 15 49 114 158 206
35 15 50 114 158 206
35 15 51 114 158 206
35 16 47 114 158 206
35 16 48 114 158 206
35 16 49 114 158 206
35 16 50 114 158 206
35 16 51 114 158 206
35 17 47 114 158 206
35 17 48 114 158 206
35 17 49 114 158 206
35 17 50 114 158 206
35 17 51 114 158 206
35 18 47 114 158 206
35 18 48 114 158 206
35 18 49 114 158 206
35 18 50 114 158 206
35 18 51 114 158 206
35 19 47 114 158 206
35 19 48 114 158 206
35 19 49 114 158 206
35 19 50 114 158 206
35 19 51 114 158 206
35 20 47 114 158 206
35 20 48 114 158 206
35 20 49 114 158 206
35 20 50 114 158 206
35 20 51 114 158 206
35 21 47 114 158 206
35 21 48 114 158 206
35 21 49 114 158 206
35 21 50 114 158 206
35 21 51 114 158 206
35 22 47 114 158 206
35 22 48 114 158 206
35 22 49 114 158 206
35 22 50 114 158 206
35 23 47 114 158 206
35 23 48 114 158 206
35 23 49 114 158 206
35 23 50 114 158 206
35 23 51 114 158 206
35 24 47 114 158 206
35 24 48 114 158 206
35 24 49 114 158 206
35 24 50 114 158 206
35 25 47 114 158 206
35 25 48 114 158 206
35 25 49 114 158 206
35 25 50 114 158 206
35 26 47 114 158 206
35 26 48 114 158 206
35 26 49 114 158 206
35 26 50 114 158 206
35 27 47 114 158 206
35 27 48 114 158 206
35 27 49 114 158 206
35 27 50 114 158 206
35 28 46 114 158 206
35 28 47 114 158 206
35 28 48 114 158 206
35 28 49 114 158 206
35 28 50 114 158 206
35 28 52 114 158 206
35 29 46 114 158 206
35 29 47 114 158 206
35 29 48 114 158 206
35 29 49 114 158 206
35 29 50 114 158 206
35 30 47 114 158 206
35 30 48 114 158 206
35 30 49 114 158 206
35 30 50 114 158 206
35 31 46 114 158 206
35 31 47 114 158 206
35 31 48 114 158 206
35 31 49 114 158 206
35 32 46 114 158 206
35 32 47 114 158 206
35 32 48 114 158 206
35 32 49 114 158 206
35 32 51 114 158 206
35 33 48 114 158 206
35 33 49 114 158 206
35 33 51 114 158 206
35 34 50 114 158 206
36 0 22 43 160 4
36 0 23 43 160 4
36 0 24 43 160 4
36 0 25 43 160 4
36 0 26 43 160 4
36 0 27 43 160 4
36 0 28 43 160 4
36 0 29 43 160 4
36 0 30 43 160 4
36 0 31 43 160 4
36 0 32 43 160 4
36 0 33 43 160 4
36 0 34 43 160 4
36 0 35 43 160 4
36 0 36 43 160 4
36 0 39 43 160 4
36 0 40 43 160 4
36 0 41 43 160 4
36 0 42 43 160 4
36 0 43 43 160 4
36 0 44 43 160 4
36 0 45 43 160 4
36 0 46 43 160 4
36 0 47 43 160 4
36 0 48 43 160 4
36 0 49 43 160 4
36 0 50 43 160 4
36 0 51 43 160 4
36 0 52 43 160 4
36 0 53 43 160 4
36 0 54 43 160 4
36 0 55 43 160 4
36 0 56 43 160 4
36 0 57 43 160 4
36 0 58 43 160 4
36 0 59 43 160 4
36 1 30 255 127 12
36 1 31 255 127 12
36 2 17 147 102 188
36 2 18 147 102 188
36 2 29 30 119 181
36 2 30 30 119 181
36 2 31 255 127 12
36 2 32 255 127 12
36 2 33 255 127 12
36 3 15 147 102 188
36 3 16 147 102 188
36 3 17 147 102 188
36 3 26 30 119 181
36 3 29 30 119 181
36 3 30 30 119 181
36 3 31 255 127 12
36 3 32 255 127 12
36 4 16 147 102 188
36 4 22 30 119 181
36 4 23 30 119 181
36 4 25 30 119 181
36 4 26 30 119 181
36 5 11 147 102 188
36 5 12 147 102 188
36 5 13 147 102 188
36 5 14 147 102 188
36 5 15 147 102 188
36 5 16 147 102 188
36 5 17 147 102 188
36 5 18 147 102 188
36 5 19 30 119 181
36 5 22 30 119 181
36 5 23 30 119 181
36 5 24 30 119 181
36 6 11 147 102 188
36 6 12 147 102 188
36 6 13 147 102 188
36 6 14 147 102 188
36 6 15 147 102 188
36 6 16 147 102 188
36 6 17 30 119 181
36 6 18 30 119 181
36 6 22 30 119 181
36 6 23 30 119 181
36 6 24 30 119 181
36 6 25 30 119 181
36 6 26 30 119 181
36 6 27 30 119 181
36 6 44 114 158 206
36 6 46 114 158 206
36 7 24 30 119 181
36 7 25 30 119 181
36 7 26 30 119 181
36 7 27 30 119 181
36 7 30 30 119 181
36 7 37 196 175 214
36 7 38 196 175 214
36 7 39 196 175 214
36 7 40 196 175 214
36 7 42 114 158 206
36 7 43 114 158 206
36 7 49 114 158 206
36 8 23 196 175 214
36 8 24 196 175 214
36 8 25 196 175 214
36 8 26 196 175 214
36 8 31 30 119 181
36 8 45 114 158 206
36 8 46 114 158 206
36 8 47 114 158 206
36 8 48 158 216 229
36 8 49 114 158 206
36 9 24 196 175 214
36 9 25 196 175 214
36 9 27 196 175 214
36 9 28 196 175 214
36 9 31 196 175 214
36 9 32 196 175 214
36 9 45 114 158 206
36 9 46 114 158 206
36 9 47 114 158 206
36 9 48 114 158 206
36 10 24 196 175 214
36 10 25 196 175 214
36 10 26 196 175 214
36 10 27 196 175 214
36 10 28 196 175 214
36 10 29 196 175 214
36 10 45 114 158 206
36 10 46 114 158 206
36 10 47 114 158 206
36 10 48 114 158 206
36 11 45 114 158 206
36 11 46 114 158 206
36 11 47 114 158 206
36 11 48 114 158 206
36 12 45 114 158 206
36 12 46 114 158 206
36 12 47 114 158 206
36 12 48 114 158 206
36 13 45 114 158 206
36 13 46 114 158 206
36 13 47 114 158 206
36 13 48 114 158 206
36 13 51 114 158 206
36 14 45 114 158 206
36 14 46 114 158 206
36 14 47 114 158 206
36 14 48 114 158 206
36 14 51 114 158 206
36 15 45 114 158 206
36 15 46 114 158 206
36 15 47 114 158 206
36 15 48 114 158 206
36 15 51 114 158 206
36 16 45 114 158 206
36 16 46 114 158 206
36 16 47 114 158 206
36 16 48 114 158 206
36 16 51 114 158 206
36 17 45 114 158 206
36 17 46 114 158 206
36 17 47 114 158 206
36 17 48 114 158 206
36 17 51 114 158 206
36 18 45 114 158 206
36 18 46 114 158 206
36 18 47 114 158 206
36 18 48 114 158 206
36 18 49 114 158 206
36 18 51 114 158 206
36 19 45 114 158 206
36 19 46 114 158 206
36 19 47 114 158 206
36 19 48 114 158 206
36 19 49 114 158 206
36 19 51 114 158 206
36 20 45 114 158 206
36 20 46 114 158 206
36 20 47 114 158 206
36 20 48 114 158 206
36 20 49 114 158 206
36 20 51 114 158 206
36 21 45 114 158 206
36 21 46 114 158 206
36 21 47 114 158 206
36 21 48 114 158 206
36 21 51 114 158 206
36 22 45 114 158 206
36 22 46 114 158 206
36 22 47 114 158 206
36 22 48 114 158 206
36 23 45 114 158 206
36 23 46 114 158 206
36 23 47 114 158 206
36 23 48 114 158 206
36 24 45 114 158 206
36 24 46 114 158 206
36 24 47 114 158 206
36 24 48 114 158 206
36 25 45 114 158 206
36 25 46 114 158 206
36 25 47 114 158 206
36 25 48 114 158 206
36 25 51 114 158 206
36 26 45 114 158 206
36 26 46 114 158 206
36 26 47 114 158 206
36 26 48 114 158 206
36 27 45 114 158 206
36 27 46 114 158 206
36 27 47 114 158 206
36 27 48 114 158 206
36 28 45 114 158 206
36 28 46 114 158 206
36 28 47 114 158 206
36 28 48 114 158 206
36 29 45 114 158 206
36 29 46 114 158 206
36 29 47 114 158 206
36 29 48 114 158 206
36 30 45 114 158 206
36 30 46 114 158 206
36 30 47 114 158 206
36 30 48 114 158 206
36 30 49 114 158 206
36 30 50 114 158 206
36 31 45 114 158 206
36 31 46 114 158 206
36 31 47 114 158 206
36 31 48 114 158 206
36 31 49 114 158 206
36 32 46 114 158 206
36 32 47 114 158 206
36 32 48 114 158 206
36 33 48 114 158 206
37 0 22 43 160 4
37 0 23 43 160 4
37 0 24 43 160 4
37 0 25 43 160 4
37 0 26 43 160 4
37 0 27 43 160 4
37 0 28 43 160 4
37 0 29 43 160 4
37 0 30 43 160 4
37 0 31 43 160 4
37 0 32 43 160 4
37 0 33 43 160 4
37 0 34 43 160 4
37 0 35 43 160 4
37 0 36 43 160 4
37 0 37 43 160 4
37 0 38 43 160 4
37 0 39 43 160 4
37 0 40 43 160 4
37 0 41 43 160 4
37 0 42 43 160 4
37 0 43 43 160 4
37 0 44 43 160 4
37 0 45 43 160 4
37 0 46 43 160 4
37 0 47 43 160 4
37 0 48 43 160 4
37 0 49 43 160 4
37 0 50 43 160 4
37 0 51 43 160 4
37 0 52 43 160 4
37 0 53 43 160 4
37 0 54 43 160 4
37 0 55 43 160 4
37 0 56 43 160 4
37 0 57 43 160 4
37 0 58 43 160 4
37 0 59 43 160 4
37 2 17 147 102 188
37 2 18 147 102 188
37 2 29 255 127 12
37 2 30 255 127 12
37 2 31 255 127 12
37 2 32 255 127 12
37 2 33 255 127 12
37 3 15 147 102 188
37 3 16 147 102 188
37 3 17 147 102 188
37 3 18 147 102 188
37 3 27 255 127 12
37 3 30 255 127 12
37 3 31 255 127 12
37 3 32 255 127 12
37 4 17 147 102 188
37 4 23 255 127 12
37 4 24 30 119 181
37 4 27 30 119 181
37 4 28 30 119 181
37 5 12 147 102 188
37 5 13 147 102 188
37 5 14 147 102 188
37 5 15 147 102 188
37 5 16 147 102 188
37 5 17 147 102 188
37 5 18 147 102 188
37 5 19 147 102 188
37 5 20 30 119 181
37 5 23 30 119 181
37 5 24 30 119 181
37 5 25 30 119 181
37 5 27 30 119 181
37 6 12 147 102 188
37 6 13 147 102 188
37 6 14 147 102 188
37 6 15 147 102 188
37 6 16 147 102 188
37 6 17 147 102 188
37 6 18 147 102 188
37 6 19 30 119 181
37 6 23 30 119 181
37 6 24 30 119 181
37 6 25 30 119 181
37 6 26 30 119 181
37 6 27 30 119 181
37 6 28 30 119 181
37 6 29 30 119 181
37 6 44 114 158 206
37 7 14 196 175 214
37 7 15 196 175 214
37 7 16 196 175 214
37 7 25 30 119 181
37 7 26 30 119 181
37 7 27 30 119 181
37 7 28 30 119 181
37 7 29 30 119 181
37 7 37 196 175 214
37 7 38 196 175 214
37 7 39 196 175 214
37 7 40 196 175 214
37 7 41 196 175 214
37 7 42 114 158 206
37 7 43 114 158 206
37 7 44 114 158 206
37 7 45 114 158 206
37 8 24 196 175 214
37 8 28 196 175 214
37 8 37 196 175 214
37 8 38 196 175 214
37 8 44 114 158 206
37 8 45 114 158 206
37 9 25 196 175 214
37 9 26 196 175 214
37 9 36 196 175 214
37 9 37 196 175 214
37 9 38 196 175 214
37 9 44 114 158 206
37 9 45 114 158 206
37 9 46 114 158 206
37 10 25 196 175 214
37 10 28 196 175 214
37 10 29 196 175 214
37 10 30 196 175 214
37 10 34 196 175 214
37 10 35 196 175 214
37 10 44 114 158 206
37 10 45 114 158 206
37 10 46 114 158 206
37 10 48 114 158 206
37 10 49 114 158 206
37 11 44 114 158 206
37 11 45 114 158 206
37 11 48 114 158 206
37 11 49 114 158 206
37 12 44 114 158 206
37 12 45 114 158 206
37 12 46 114 158 206
37 12 49 114 158 206
37 13 26 196 175 214
37 13 27 196 175 214
37 13 44 114 158 206
37 13 45 114 158 206
37 13 46 114 158 206
37 13 49 114 158 206
37 14 26 196 175 214
37 14 27 196 175 214
37 14 44 114 158 206
37 14 45 114 158 206
37 14 48 114 158 206
37 14 49 114 158 206
37 15 45 114 158 206
37 15 48 114 158 206
37 15 49 114 158 206
37 16 44 114 158 206
37 16 45 114 158 206
37 16 48 114 158 206
37 16 49 114 158 206
37 17 44 114 158 206
37 17 45 114 158 206
37 17 48 114 158 206
37 17 49 114 158 206
37 18 44 114 158 206
37 18 45 114 158 206
37 18 48 114 158 206
37 18 49 114 158 206
37 19 44 114 158 206
37 19 45 114 158 206
37 19 49 114 158 206
37 20 44 114 158 206
37 20 45 114 158 206
37 20 49 114 158 206
37 20 50 114 158 206
37 21 44 114 158 206
37 21 45 114 158 206
37 21 49 114 158 206
37 22 44 114 158 206
37 22 45 114 158 206
37 22 46 114 158 206
37 22 48 114 158 206
37 22 49 114 158 206
37 23 44 114 158 206
37 23 45 114 158 206
37 23 46 114 158 206
37 23 49 114 158 206
37 24 44 114 158 206
37 24 45 114 158 206
37 24 46 114 158 206
37 24 49 114 158 206
37 25 44 114 158 206
37 25 45 114 158 206
37 25 49 114 158 206
37 25 50 114 158 206
37 26 44 114 158 206
37 26 45 114 158 206
37 26 49 114 158 206
37 26 50 114 158 206
37 27 44 114 158 206
37 27 45 114 158 206
37 27 49 114 158 206
37 28 44 114 158 206
37 28 45 114 158 206
37 28 49 114 158 206
37 28 50 114 158 206
37 29 44 114 158 206
37 29 45 114 158 206
37 29 49 114 158 206
37 30 44 114 158 206
37 30 45 114 158 206
37 30 49 114 158 206
37 31 44 114 158 206
37 31 45 114 158 206
37 31 48 114 158 206
37 31 49 114 158 206
37 32 46 114 158 206
37 32 49 114 158 206
37 33 49 114 158 206
38 0 22 43 160 4
38 0 23 43 160 4
38 0 24 43 160 4
38 0 25 43 160 4
38 0 26 43 160 4
38 0 27 43 160 4
38 0 28 43 160 4
38 0 29 43 160 4
38 0 30 43 160 4
38 0 31 43 160 4
38 0 32 43 160 4
38 0 33 43 160 4
38 0 34 43 160 4
38 0 35 43 160 4
38 0 36 43 160 4
38 0 37 43 160 4
38 0 38 43 160 4
38 0 39 43 160 4
38 0 40 43 160 4
38 0 41 43 160 4
38 0 42 43 160 4
38 0 43 43 160 4
38 0 44 43 160 4
38 0 45 43 160 4
38 0 46 43 160 4
38 0 47 43 160 4
38 0 48 43 160 4
38 0 49 43 160 4
38 0 50 43 160 4
38 0 51 43 160 4
38 0 52 43 160 4
38 0 53 43 160 4
38 0 54 43 160 4
38 0 55 43 160 4
38 0 56 43 160 4
38 0 57 43 160 4
38 0 58 43 160 4
38 0 59 43 160 4
38 2 17 147 102 188
38 2 18 147 102 188
38 2 19 147 102 188
38 2 30 255 127 12
38 2 31 255 127 12
38 2 32 255 127 12
38 2 33 255 127 12
38 3 15 147 102 188
38 3 16 147 102 188
38 3 17 147 102 188
38 3 18 147 102 188
38 3 19 147 102 188
38 3 30 255 127 12
38 3 31 255 127 12
38 3 32 255 127 12
38 3 33 255 127 12
38 4 15 147 102 188
38 4 16 147 102 188
38 4 17 147 102 188
38 4 18 147 102 188
38 4 20 147 102 188
38 4 24 147 102 188
38 4 25 147 102 188
38 4 28 255 127 12
38 4 29 255 127 12
38 4 30 255 127 12
38 5 14 147 102 188
38 5 19 147 102 188
38 5 20 147 102 188
38 5 21 30 119 181
38 5 22 30 119 181
38 5 23 255 127 12
38 5 24 255 127 12
38 5 25 255 127 12
38 5 26 255 127 12
38 5 27 255 127 12
38 5 28 255 127 12
38 5 29 255 127 12
38 6 14 147 102 188
38 6 15 147 102 188
38 6 16 147 102 188
38 6 17 147 102 188
38 6 18 147 102 188
38 6 19 147 102 188
38 6 20 30 119 181
38 6 24 30 119 181
38 6 25 30 119 181
38 6 26 30 119 181
38 6 27 255 127 12
38 6 28 255 127 12
38 6 29 255 127 12
38 6 31 255 127 12
38 7 14 196 175 214
38 7 15 196 175 214
38 7 16 196 175 214
38 7 28 30 119 181
38 7 29 30 119 181
38 7 30 30 119 181
38 7 42 114 158 206
38 7 43 114 158 206
38 7 44 114 158 206
38 7 45 114 158 206
38 8 42 114 158 206
38 8 43 158 216 229
38 8 44 114 158 206
38 8 45 114 158 206
38 9 42 114 158 206
38 9 43 114 158 206
38 9 44 114 158 206
38 9 45 114 158 206
38 9 47 114 158 206
38 10 31 196 175 214
38 10 32 196 175 214
38 10 40 196 175 214
38 10 43 114 158 206
38 10 44 114 158 206
38 10 45 114 158 206
38 10 47 114 158 206
38 11 44 114 158 206
38 11 45 114 158 206
38 11 47 114 158 206
38 12 44 114 158 206
38 12 45 114 158 206
38 13 44 114 158 206
38 13 45 114 158 206
38 13 47 114 158 206
38 14 28 196 175 214
38 14 44 114 158 206
38 14 45 114 158 206
38 14 47 114 158 206
38 15 44 114 158 206
38 15 45 114 158 206
38 15 47 114 158 206
38 16 44 114 158 206
38 16 45 114 158 206
38 16 47 114 158 206
38 17 44 114 158 206
38 17 45 114 158 206
38 17 47 114 158 206
38 18 44 114 158 206
38 18 45 114 158 206
38 18 47 114 158 206
38 19 44 114 158 206
38 19 45 114 158 206
38 19 47 114 158 206
38 20 44 114 158 206
38 20 45 114 158 206
38 20 47 114 158 206
38 20 48 114 158 206
38 21 44 114 158 206
38 21 45 114 158 206
38 21 47 114 158 206
38 21 48 114 158 206
38 22 43 114 158 206
38 22 44 114 158 206
38 22 45 114 158 206
38 22 47 114 158 206
38 22 48 114 158 206
38 23 43 114 158 206
38 23 44 114 158 206
38 23 45 114 158 206
38 23 47 114 158 206
38 23 48 114 158 206
38 24 43 114 158 206
38 24 44 114 158 206
38 24 45 114 158 206
38 24 47 114 158 206
38 24 48 114 158 206
38 25 43 114 158 206
38 25 44 114 158 206
38 25 45 114 158 206
38 25 47 114 158 206
38 25 48 114 158 206
38 26 43 114 158 206
38 26 44 114 158 206
38 26 45 114 158 206
38 26 47 114 158 206
38 26 48 114 158 206
38 27 43 114 158 206
38 27 44 114 158 206
38 27 45 114 158 206
38 27 47 114 158 206
38 27 48 114 158 206
38 28 43 114 158 206
38 28 44 114 158 206
38 28 45 114 158 206
38 28 47 114 158 206
38 28 48 114 158 206
38 29 42 114 158 206
38 29 43 114 158 206
38 29 44 114 158 206
38 29 45 114 158 206
38 29 47 114 158 206
38 29 48 114 158 206
38 30 42 114 158 206
38 30 43 114 158 206
38 30 44 114 158 206
38 30 45 114 158 206
38 30 47 114 158 206
38 30 48 114 158 206
38 31 44 114 158 206
38 31 45 114 158 206
38 31 47 114 158 206
38 31 48 114 158 206
39 0 22 43 160 4
39 0 23 43 160 4
39 0 24 43 160 4
39 0 25 43 160 4
39 0 26 43 160 4
39 0 27 43 160 4
39 0 28 43 160 4
39 0 29 43 160 4
39 0 30 43 160 4
39 0 31 43 160 4
39 0 32 43 160 4
39 0 33 43 160 4
39 0 34 43 160 4
39 0 35 43 160 4
39 0 36 43 160 4
39 0 37 43 160 4
39 0 38 43 160 4
39 0 39 43 160 4
39 0 40 43 160 4
39 0 41 43 160 4
39 0 42 43 160 4
39 0 43 43 160 4
39 0 44 43 160 4
39 0 45 43 160 4
39 0 46 43 160 4
39 0 47 43 160 4
39 0 48 43 160 4
39 0 49 43 160 4
39 0 50 43 160 4
39 0 51 43 160 4
39 0 52 43 160 4
39 0 53 43 160 4
39 0 54 43 160 4
39 0 55 43 160 4
39 0 56 43 160 4
39 0 57 43 160 4
39 0 58 43 160 4
39 0 59 43 160 4
39 1 20 147 102 188
39 2 17 147 102 188
39 2 18 147 102 188
39 2 19 147 102 188
39 2 30 255 127 12
39 3 16 147 102 188
39 3 17 147 102 188
39 3 18 147 102 188
39 3 19 147 102 188
39 3 20 147 102 188
39 3 28 255 127 12
39 3 29 255 127 12
39 3 30 255 127 12
39 3 31 255 127 12
39 4 16 147 102 188
39 4 17 147 102 188
39 4 18 147 102 188
39 4 19 147 102 188
39 4 20 147 102 188
39 4 25 147 102 188
39 4 26 147 102 188
39 4 29 255 127 12
39 4 30 255 127 12
39 5 17 147 102 188
39 5 23 30 119 181
39 5 24 255 127 12
39 5 25 255 127 12
39 5 26 255 127 12
39 5 27 255 127 12
39 5 28 255 127 12
39 5 29 255 127 12
39 6 16 147 102 188
39 6 18 147 102 188
39 6 19 147 102 188
39 6 20 30 119 181
39 6 21 30 119 181
39 6 25 30 119 181
39 6 26 30 119 181
39 6 27 255 127 12
39 6 28 255 127 12
39 6 29 255 127 12
39 6 30 255 127 12
39 7 28 30 119 181
39 7 29 30 119 181
39 7 30 30 119 181
39 7 31 30 119 181
39 7 34 30 119 181
39 10 36 196 175 214
39 10 41 196 175 214
39 10 42 114 158 206
39 10 43 114 158 206
39 10 44 114 158 206
39 11 42 114 158 206
39 11 43 114 158 206
39 11 44 114 158 206
39 12 42 114 158 206
39 12 43 114 158 206
39 12 44 114 158 206
39 12 46 114 158 206
39 13 42 114 158 206
39 13 43 114 158 206
39 13 44 114 158 206
39 14 42 114 158 206
39 14 43 114 158 206
39 14 44 114 158 206
39 15 42 114 158 206
39 15 43 114 158 206
39 15 44 114 158 206
39 16 42 114 158 206
39 16 43 114 158 206
39 16 44 114 158 206
39 16 46 114 158 206
39 17 42 114 158 206
39 17 43 114 158 206
39 17 44 114 158 206
39 18 42 114 158 206
39 18 43 114 158 206
39 18 44 114 158 206
39 18 46 114 158 206
39 19 42 114 158 206
39 19 43 114 158 206
39 19 44 114 158 206
39 20 42 114 158 206
39 20 43 114 158 206
39 20 44 114 158 206
39 20 46 114 158 206
39 21 42 114 158 206
39 21 43 114 158 206
39 21 44 114 158 206
39 21 46 114 158 206
39 22 42 114 158 206
39 22 43 114 158 206
39 22 44 114 158 206
39 22 46 114 158 206
39 23 42 114 158 206
39 23 43 114 158 206
39 23 44 114 158 206
39 24 42 114 158 206
39 24 43 114 158 206
39 24 44 114 158 206
39 24 46 114 158 206
39 25 42 114 158 206
39 25 43 114 158 206
39 25 44 114 158 206
39 25 46 114 158 206
39 26 42 114 158 206
39 26 43 114 158 206
39 26 44 114 158 206
39 26 46 114 158 206
39 27 42 114 158 206
39 27 43 114 158 206
39 27 44 114 158 206
39 28 42 114 158 206
39 28 43 114 158 206
39 28 44 114 158 206
39 28 46 114 158 206
39 29 42 114 158 206
39 29 43 114 158 206
39 29 44 114 158 206
39 29 46 114 158 206
39 30 42 114 158 206
39 30 43 114 158 206
39 30 46 114 158 206
40 0 22 43 160 4
40 0 23 43 160 4
40 0 24 43 160 4
40 0 25 43 160 4
40 0 26 43 160 4
40 0 27 43 160 4
40 0 28 43 160 4
40 0 29 43 160 4
40 0 30 43 160 4
40 0 31 43 160 4
40 0 32 43 160 4
40 0 33 43 160 4
40 0 34 43 160 4
40 0 35 43 160 4
40 0 36 43 160 4
40 0 37 43 160 4
40 0 38 43 160 4
40 0 39 43 160 4
40 0 40 43 160 4
40 0 41 43 160 4
40 0 42 43 160 4
40 0 43 43 160 4
40 0 44 43 160 4
40 0 45 43 160 4
40 0 46 43 160 4
40 0 47 43 160 4
40 0 48 43 160 4
40 0 49 43 160 4
40 0 50 43 160 4
40 0 51 43 160 4
40 0 52 43 160 4
40 0 53 43 160 4
40 0 54 43 160 4
40 0 55 43 160 4
40 0 56 43 160 4
40 0 57 43 160 4
40 0 58 43 160 4
40 0 59 43 160 4
40 1 20 147 102 188
40 2 18 147 102 188
40 2 19 147 102 188
40 2 30 255 127 12
40 2 31 255 127 12
40 2 32 255 127 12
40 3 17 147 102 188
40 3 18 147 102 188
40 3 19 147 102 188
40 3 22 147 102 188
40 3 29 255 127 12
40 3 30 255 127 12
40 3 31 255 127 12
40 3 32 255 127 12
40 4 18 147 102 188
40 4 19 147 102 188
40 4 20 147 102 188
40 4 22 147 102 188
40 4 23 147 102 188
40 4 25 147 102 188
40 4 26 147 102 188
40 4 27 255 127 12
40 4 28 255 127 12
40 4 29 255 127 12
40 4 30 255 127 12
40 4 31 255 127 12
40 5 20 147 102 188
40 5 24 147 102 188
40 5 25 255 127 12
40 5 26 255 127 12
40 5 27 255 127 12
40 5 28 255 127 12
40 5 29 255 127 12
40 5 30 255 127 12
40 6 17 147 102 188
40 6 18 147 102 188
40 6 19 147 102 188
40 6 20 147 102 188
40 6 25 30 119 181
40 6 26 255 127 12
40 6 27 255 127 12
40 6 28 255 127 12
40 6 29 255 127 12
40 6 30 255 127 12
40 7 27 30 119 181
40 7 28 255 127 12
40 7 29 255 127 12
40 7 30 30 119 181
40 7 34 30 119 181
40 7 35 30 119 181
40 10 40 196 175 214
40 10 41 196 175 214
40 10 42 158 216 229
40 10 43 158 216 229
40 11 41 158 216 229
40 11 42 158 216 229
40 11 43 158 216 229
40 11 44 158 216 229
40 12 43 158 216 229
40 12 44 158 216 229
40 12 45 114 158 206
40 13 43 114 158 206
40 13 44 158 216 229
40 14 43 114 158 206
40 14 44 114 158 206
40 15 42 158 216 229
40 15 43 114 158 206
40 15 44 114 158 206
40 16 42 114 158 206
40 16 43 114 158 206
40 16 44 114 158 206
40 17 40 158 216 229
40 17 41 114 158 206
40 17 42 114 158 206
40 17 43 114 158 206
40 17 44 114 158 206
40 18 41 114 158 206
40 18 42 114 158 206
40 18 43 114 158 206
40 18 44 114 158 206
40 19 40 114 158 206
40 19 41 114 158 206
40 19 42 114 158 206
40 19 43 114 158 206
40 19 44 114 158 206
40 20 41 114 158 206
40 20 42 114 158 206
40 20 43 114 158 206
40 21 42 114 158 206
40 21 43 114 158 206
40 21 44 114 158 206
40 22 42 114 158 206
40 22 43 114 158 206
40 23 42 114 158 206
40 23 43 114 158 206
40 24 42 114 158 206
40 24 43 114 158 206
40 25 42 114 158 206
40 25 43 114 158 206
40 25 45 114 158 206
40 26 42 114 158 206
40 26 43 114 158 206
40 27 42 114 158 206
40 27 43 114 158 206
40 27 45 114 158 206
40 28 42 114 158 206
40 28 43 114 158 206
40 28 45 114 158 206
40 29 42 114 158 206
40 29 43 114 158 206
40 29 45 114 158 206
40 30 42 114 158 206
40 30 43 114 158 206
40 30 45 114 158 206
40 31 45 114 158 206
41 0 22 43 160 4
41 0 23 43 160 4
41 0 24 43 160 4
41 0 25 43 160 4
41 0 26 43 160 4
41 0 27 43 160 4
41 0 28 43 160 4
41 0 29 43 160 4
41 0 30 43 160 4
41 0 31 43 160 4
41 0 32 43 160 4
41 0 33 43 160 4
41 0 34 43 160 4
41 0 35 43 160 4
41 0 36 43 160 4
41 0 37 43 160 4
41 0 38 43 160 4
41 0 39 43 160 4
41 0 40 43 160 4
41 0 41 43 160 4
41 0 42 43 160 4
41 0 43 43 160 4
41 0 44 43 160 4
41 0 45 43 160 4
41 0 46 43 160 4
41 0 47 43 160 4
41 0 48 43 160 4
41 0 49 43 160 4
41 0 50 43 160 4
41 0 51 43 160 4
41 0 52 43 160 4
41 0 53 43 160 4
41 0 54 43 160 4
41 0 55 43 160 4
41 0 56 43 160 4
41 0 57 43 160 4
41 0 58 43 160 4
41 0 59 43 160 4
41 1 20 147 102 188
41 1 30 255 127 12
41 2 19 147 102 188
41 2 31 255 127 12
41 2 32 255 127 12
41 2 33 255 127 12
41 3 19 147 102 188
41 3 30 255 127 12
41 3 31 255 127 12
41 3 32 255 127 12
41 3 33 255 127 12
41 4 19 147 102 188
41 4 26 255 127 12
41 4 29 255 127 12
41 4 30 255 127 12
41 4 31 255 127 12
41 4 32 255 127 12
41 5 24 255 127 12
41 5 25 255 127 12
41 5 26 255 127 12
41 5 27 255 127 12
41 6 19 147 102 188
41 6 20 147 102 188
41 6 26 255 127 12
41 6 27 255 127 12
41 6 28 255 127 12
41 7 27 30 119 181
41 7 28 30 119 181
41 7 29 30 119 181
41 7 30 30 119 181
41 7 38 158 216 229
41 8 39 158 216 229
41 8 43 158 216 229
41 9 40 158 216 229
41 9 43 158 216 229
41 10 44 158 216 229
41 11 41 158 216 229
41 11 42 158 216 229
41 11 43 158 216 229
41 11 44 158 216 229
41 11 45 158 216 229
41 12 44 158 216 229
41 12 45 114 158 206
41 12 46 114 158 206
41 12 47 114 158 206
41 13 44 158 216 229
41 13 45 114 158 206
41 13 46 114 158 206
41 14 43 114 158 206
41 14 44 114 158 206
41 14 45 114 158 206
41 15 42 158 216 229
41 15 43 114 158 206
41 15 44 114 158 206
41 15 45 114 158 206
41 16 39 196 175 214
41 16 40 158 216 229
41 17 38 158 216 229
41 17 39 196 175 214
41 17 40 158 216 229
41 17 41 114 158 206
41 17 42 114 158 206
41 17 43 114 158 206
41 17 44 114 158 206
41 18 40 114 158 206
41 18 41 114 158 206
41 18 42 114 158 206
41 18 44 114 158 206
41 18 45 114 158 206
41 19 38 114 158 206
41 19 40 114 158 206
41 19 41 114 158 206
41 19 42 114 158 206
41 19 43 114 158 206
41 19 44 114 158 206
41 19 45 114 158 206
41 20 41 114 158 206
41 20 42 114 158 206
41 20 43 114 158 206
41 21 40 114 158 206
41 21 41 114 158 206
41 21 42 114 158 206
41 21 43 114 158 206
41 21 44 114 158 206
41 22 35 114 158 206
41 22 36 114 158 206
41 22 37 114 158 206
41 22 41 114 158 206
41 22 42 114 158 206
41 22 43 114 158 206
41 22 45 114 158 206
41 23 36 114 158 206
41 23 37 114 158 206
41 23 42 114 158 206
41 23 43 114 158 206
41 24 42 114 158 206
41 24 43 114 158 206
41 25 42 114 158 206
41 25 43 114 158 206
41 25 45 114 158 206
41 26 43 114 158 206
41 26 44 114 158 206
41 26 45 114 158 206
41 27 43 114 158 206
41 27 44 114 158 206
41 27 45 114 158 206
41 28 42 114 158 206
41 28 43 114 158 206
41 28 44 114 158 206
41 28 45 114 158 206
41 29 42 114 158 206
41 29 43 114 158 206
41 29 44 114 158 206
41 30 42 114 158 206
41 30 43 114 158 206
41 30 44 114 158 206
41 30 46 114 158 206
41 31 44 114 158 206
42 0 22 43 160 4
42 0 23 43 160 4
42 0 24 43 160 4
42 0 25 43 160 4
42 0 26 43 160 4
42 0 27 43 160 4
42 0 28 43 160 4
42 0 29 43 160 4
42 0 30 43 160 4
42 0 31 43 160 4
42 0 32 43 160 4
42 0 33 43 160 4
42 0 34 43 160 4
42 0 35 43 160 4
42 0 36 43 160 4
42 0 37 43 160 4
42 0 38 43 160 4
42 0 39 43 160 4
42 0 40 43 160 4
42 0 41 43 160 4
42 0 42 43 160 4
42 0 43 43 160 4
42 0 44 43 160 4
42 0 45 43 160 4
42 0 46 43 160 4
42 0 47 43 160 4
42 0 48 43 160 4
42 0 49 43 160 4
42 0 50 43 160 4
42 0 51 43 160 4
42 0 52 43 160 4
42 0 53 43 160 4
42 0 54 43 160 4
42 0 55 43 160 4
42 0 56 43 160 4
42 0 57 43 160 4
42 0 58 43 160 4
42 0 59 43 160 4
42 1 32 255 127 12
42 2 32 255 127 12
42 2 33 255 127 12
42 2 34 255 127 12
42 2 35 255 127 12
42 3 32 255 127 12
42 3 33 255 127 12
42 3 34 255 127 12
42 3 35 255 127 12
42 4 27 255 127 12
42 5 25 255 127 12
42 5 26 255 127 12
42 5 27 255 127 12
42 5 30 255 127 12
42 6 26 255 127 12
42 6 27 255 127 12
42 6 28 255 127 12
42 6 29 255 127 12
42 6 35 30 119 181
42 6 36 30 119 181
42 6 37 158 216 229
42 6 38 158 216 229
42 6 39 158 216 229
42 6 40 158 216 229
42 6 41 158 216 229
42 6 42 158 216 229
42 6 43 158 216 229
42 6 44 158 216 229
42 6 45 158 216 229
42 7 27 30 119 181
42 7 28 30 119 181
42 7 29 30 119 181
42 7 30 30 119 181
42 7 31 30 119 181
42 7 40 158 216 229
42 7 41 158 216 229
42 8 39 158 216 229
42 8 40 158 216 229
42 8 41 158 216 229
42 8 42 158 216 229
42 8 43 158 216 229
42 9 41 158 216 229
42 9 42 158 216 229
42 9 43 158 216 229
42 10 41 158 216 229
42 10 42 158 216 229
42 10 48 158 216 229
42 11 41 158 216 229
42 11 42 158 216 229
42 11 43 158 216 229
42 11 44 158 216 229
42 11 45 158 216 229
42 11 46 158 216 229
42 12 44 158 216 229
42 12 45 158 216 229
42 12 46 158 216 229
42 12 47 158 216 229
42 12 48 158 216 229
42 13 44 158 216 229
42 13 45 158 216 229
42 13 46 158 216 229
42 13 47 158 216 229
42 14 43 158 216 229
42 14 44 114 158 206
42 14 45 158 216 229
42 15 40 158 216 229
42 15 41 158 216 229
42 15 42 158 216 229
42 15 43 158 216 229
42 15 44 114 158 206
42 15 45 114 158 206
42 16 40 158 216 229
42 17 38 158 216 229
42 17 39 158 216 229
42 17 40 158 216 229
42 17 41 114 158 206
42 17 42 114 158 206
42 18 38 158 216 229
42 18 39 158 216 229
42 18 40 158 216 229
42 18 42 114 158 206
42 18 43 114 158 206
42 18 44 114 158 206
42 19 38 114 158 206
42 19 39 114 158 206
42 19 40 114 158 206
42 19 41 114 158 206
42 19 42 114 158 206
42 19 43 114 158 206
42 19 44 114 158 206
42 20 37 114 158 206
42 20 41 114 158 206
42 20 42 114 158 206
42 20 43 114 158 206
42 20 44 114 158 206
42 21 37 114 158 206
42 21 42 114 158 206
42 21 43 114 158 206
42 21 44 114 158 206
42 21 45 114 158 206
42 22 36 114 158 206
42 22 37 114 158 206
42 22 38 114 158 206
42 22 39 114 158 206
42 22 43 114 158 206
42 22 44 114 158 206
42 23 36 114 158 206
42 23 37 114 158 206
42 23 38 114 158 206
42 23 39 114 158 206
42 23 42 114 158 206
42 23 43 114 158 206
42 23 44 114 158 206
42 24 37 114 158 206
42 24 38 114 158 206
42 24 39 114 158 206
42 24 42 114 158 206
42 24 43 114 158 206
42 24 44 114 158 206
42 25 38 114 158 206
42 25 39 114 158 206
42 25 42 114 158 206
42 25 43 114 158 206
42 25 44 114 158 206
42 26 43 114 158 206
42 26 44 114 158 206
42 27 43 114 158 206
42 27 44 114 158 206
42 28 42 114 158 206
42 28 43 114 158 206
42 28 44 114 158 206
42 29 42 114 158 206
42 29 43 114 158 206
42 29 44 114 158 206
42 29 45 114 158 206
42 30 43 114 158 206
42 30 44 114 158 206
42 30 45 114 158 206
42 31 44 114 158 206
42 31 45 114 158 206
42 31 46 114 158 206
42 32 46 114 158 206
43 0 22 43 160 4
43 0 23 43 160 4
43 0 24 43 160 4
43 0 25 43 160 4
43 0 26 43 160 4
43 0 27 43 160 4
43 0 28 43 160 4
43 0 29 43 160 4
43 0 30 43 160 4
43 0 31 43 160 4
43 0 32 43 160 4
43 0 33 43 160 4
43 0 34 43 160 4
43 0 35 43 160 4
43 0 36 43 160 4
43 0 37 43 160 4
43 0 38 43 160 4
43 0 39 43 160 4
43 0 40 43 160 4
43 0 41 43 160 4
43 0 42 43 160 4
43 0 43 43 160 4
43 0 44 43 160 4
43 0 45 43 160 4
43 0 46 43 160 4
43 0 47 43 160 4
43 0 48 43 160 4
43 0 49 43 160 4
43 0 50 43 160 4
43 0 51 43 160 4
43 0 52 43 160 4
43 0 53 43 160 4
43 0 54 43 160 4
43 0 55 43 160 4
43 0 56 43 160 4
43 0 57 43 160 4
43 0 58 43 160 4
43 0 59 43 160 4
43 2 35 255 127 12
43 2 36 158 216 229
43 2 37 158 216 229
43 2 38 158 216 229
43 3 35 255 127 12
43 3 36 158 216 229
43 3 37 158 216 229
43 4 27 255 127 12
43 4 28 255 127 12
43 5 25 255 127 12
43 5 26 255 127 12
43 5 27 255 127 12
43 5 28 255 127 12
43 6 27 255 127 12
43 6 28 255 127 12
43 6 29 255 127 12
43 6 30 30 119 181
43 6 31 30 119 181
43 6 35 255 127 12
43 6 36 158 216 229
43 6 37 158 216 229
43 6 38 158 216 229
43 6 39 158 216 229
43 6 40 158 216 229
43 6 41 158 216 229
43 6 42 158 216 229
43 6 43 158 216 229
43 6 44 158 216 229
43 6 45 158 216 229
43 6 46 158 216 229
43 7 29 30 119 181
43 7 30 30 119 181
43 7 31 30 119 181
43 7 39 158 216 229
43 7 40 158 216 229
43 7 41 158 216 229
43 7 42 158 216 229
43 7 43 158 216 229
43 7 44 158 216 229
43 8 39 158 216 229
43 8 40 158 216 229
43 8 41 158 216 229
43 8 42 158 216 229
43 8 43 158 216 229
43 8 44 158 216 229
43 8 45 158 216 229
43 8 46 158 216 229
43 8 51 158 216 229
43 9 39 158 216 229
43 9 40 158 216 229
43 9 41 158 216 229
43 9 42 158 216 229
43 9 43 158 216 229
43 9 44 158 216 229
43 9 45 158 216 229
43 9 46 158 216 229
43 9 47 158 216 229
43 9 51 158 216 229
43 10 39 158 216 229
43 10 40 158 216 229
43 10 41 158 216 229
43 10 42 158 216 229
43 10 43 158 216 229
43 10 44 158 216 229
43 10 45 158 216 229
43 10 46 158 216 229
43 11 35 114 158 206
43 11 39 158 216 229
43 11 40 158 216 229
43 11 41 158 216 229
43 11 42 158 216 229
43 11 43 158 216 229
43 11 44 158 216 229
43 11 45 158 216 229
43 11 46 158 216 229
43 11 47 158 216 229
43 11 48 158 216 229
43 11 49 158 216 229
43 12 39 158 216 229
43 12 40 158 216 229
43 12 41 158 216 229
43 12 45 158 216 229
43 12 46 158 216 229
43 12 47 158 216 229
43 12 48 158 216 229
43 12 49 158 216 229
43 13 39 158 216 229
43 13 40 158 216 229
43 13 41 158 216 229
43 13 42 158 216 229
43 13 45 158 216 229
43 13 46 158 216 229
43 13 47 158 216 229
43 13 48 158 216 229
43 14 35 114 158 206
43 14 36 114 158 206
43 14 37 158 216 229
43 14 38 158 216 229
43 14 39 158 216 229
43 14 40 158 216 229
43 14 41 158 216 229
43 14 42 158 216 229
43 14 43 158 216 229
43 14 44 114 158 206
43 14 45 158 216 229
43 14 46 158 216 229
43 14 47 158 216 229
43 15 35 114 158 206
43 15 36 158 216 229
43 15 37 158 216 229
43 15 38 158 216 229
43 15 39 158 216 229
43 15 40 158 216 229
43 15 41 158 216 229
43 15 42 158 216 229
43 15 43 114 158 206
43 15 44 114 158 206
43 15 45 114 158 206
43 15 46 158 216 229
43 16 34 114 158 206
43 16 35 114 158 206
43 16 36 158 216 229
43 16 37 158 216 229
43 16 38 158 216 229
43 16 39 158 216 229
43 16 40 158 216 229
43 16 41 158 216 229
43 16 42 114 158 206
43 16 43 114 158 206
43 17 34 114 158 206
43 17 35 114 158 206
43 17 36 114 158 206
43 17 39 158 216 229
43 17 40 158 216 229
43 17 41 114 158 206
43 18 35 114 158 206
43 18 36 114 158 206
43 18 39 114 158 206
43 18 40 114 158 206
43 18 41 114 158 206
43 19 37 114 158 206
43 19 38 114 158 206
43 19 39 114 158 206
43 19 40 114 158 206
43 19 41 114 158 206
43 19 42 114 158 206
43 19 43 114 158 206
43 19 44 114 158 206
43 19 45 114 158 206
43 20 38 114 158 206
43 20 39 114 158 206
43 20 42 114 158 206
43 20 43 114 158 206
43 20 44 114 158 206
43 20 45 114 158 206
43 21 38 114 158 206
43 21 39 114 158 206
43 21 40 114 158 206
43 21 45 114 158 206
43 21 46 114 158 206
43 22 38 114 158 206
43 22 39 114 158 206
43 22 40 114 158 206
43 22 41 114 158 206
43 22 46 114 158 206
43 23 38 114 158 206
43 23 39 114 158 206
43 23 40 114 158 206
43 23 43 114 158 206
43 24 38 114 158 206
43 24 39 114 158 206
43 24 40 114 158 206
43 24 41 114 158 206
43 24 42 114 158 206
43 24 43 114 158 206
43 24 44 114 158 206
43 24 45 114 158 206
43 25 37 114 158 206
43 25 38 114 158 206
43 25 39 114 158 206
43 25 40 114 158 206
43 25 41 114 158 206
43 25 42 114 158 206
43 25 43 114 158 206
43 25 44 114 158 206
43 25 46 114 158 206
43 26 38 114 158 206
43 26 39 114 158 206
43 26 40 114 158 206
43 26 41 114 158 206
43 26 42 114 158 206
43 26 43 114 158 206
43 26 44 114 158 206
43 27 38 114 158 206
43 27 39 114 158 206
43 27 40 114 158 206
43 27 41 114 158 206
43 27 42 114 158 206
43 27 43 114 158 206
43 27 44 114 158 206
43 27 45 114 158 206
43 28 38 114 158 206
43 28 39 114 158 206
43 28 40 114 158 206
43 28 41 114 158 206
43 28 42 114 158 206
43 28 43 114 158 206
43 28 44 114 158 206
43 28 46 114 158 206
43 29 40 114 158 206
43 29 41 114 158 206
43 29 42 114 158 206
43 29 43 114 158 206
43 29 44 114 158 206
43 29 45 114 158 206
43 30 42 114 158 206
43 30 44 114 158 206
43 30 45 114 158 206
43 30 46 114 158 206
43 30 47 114 158 206
43 31 44 114 158 206
43 31 45 114 158 206
43 31 46 114 158 206
43 31 47 114 158 206
43 31 48 114 158 206
43 32 46 114 158 206
43 32 47 114 158 206
43 32 48 114 158 206
44 0 24 43 160 4
44 0 25 43 160 4
44 0 26 43 160 4
44 0 27 43 160 4
44 0 28 43 160 4
44 0 29 43 160 4
44 0 30 43 160 4
44 0 31 43 160 4
44 0 32 43 160 4
44 0 33 43 160 4
44 0 34 43 160 4
44 0 35 43 160 4
44 0 36 43 160 4
44 0 37 43 160 4
44 0 38 43 160 4
44 0 39 43 160 4
44 0 40 43 160 4
44 0 41 43 160 4
44 0 42 43 160 4
44 0 43 43 160 4
44 0 44 43 160 4
44 0 45 43 160 4
44 0 46 43 160 4
44 0 47 43 160 4
44 0 48 43 160 4
44 0 49 43 160 4
44 0 50 43 160 4
44 0 51 43 160 4
44 0 52 43 160 4
44 0 53 43 160 4
44 0 54 43 160 4
44 0 55 43 160 4
44 0 56 43 160 4
44 0 57 43 160 4
44 0 58 43 160 4
44 0 59 43 160 4
44 2 36 158 216 229
44 2 37 158 216 229
44 2 38 158 216 229
44 3 36 158 216 229
44 4 28 255 127 12
44 4 29 255 127 12
44 4 30 158 216 229
44 5 25 255 127 12
44 5 26 255 127 12
44 5 27 255 127 12
44 5 28 255 127 12
44 5 29 255 127 12
44 6 27 255 127 12
44 6 28 255 127 12
44 6 29 255 127 12
44 6 30 158 216 229
44 6 31 114 158 206
44 6 32 114 158 206
44 6 33 114 158 206
44 6 34 158 216 229
44 6 35 158 216 229
44 6 36 158 216 229
44 6 37 158 216 229
44 6 38 158 216 229
44 6 39 158 216 229
44 6 40 158 216 229
44 6 43 158 216 229
44 6 47 158 216 229
44 6 48 158 216 229
44 7 28 255 127 12
44 7 29 255 127 12
44 7 30 114 158 206
44 7 31 114 158 206
44 7 32 114 158 206
44 7 33 158 216 229
44 7 34 158 216 229
44 7 35 196 175 214
44 7 36 158 216 229
44 7 37 158 216 229
44 7 38 158 216 229
44 7 39 158 216 229
44 7 40 158 216 229
44 7 48 158 216 229
44 8 29 114 158 206
44 8 30 114 158 206
44 8 31 114 158 206
44 8 32 158 216 229
44 8 33 196 175 214
44 8 34 158 216 229
44 8 35 196 175 214
44 8 36 158 216 229
44 8 37 158 216 229
44 8 38 158 216 229
44 8 39 158 216 229
44 8 40 158 216 229
44 8 47 158 216 229
44 8 48 158 216 229
44 8 49 158 216 229
44 8 50 158 216 229
44 9 31 114 158 206
44 9 32 114 158 206
44 9 33 114 158 206
44 9 34 114 158 206
44 9 35 114 158 206
44 9 36 114 158 206
44 9 37 158 216 229
44 9 38 158 216 229
44 9 39 158 216 229
44 9 40 158 216 229
44 9 47 158 216 229
44 9 48 158 216 229
44 9 49 158 216 229
44 9 50 158 216 229
44 9 51 158 216 229
44 9 55 158 216 229
44 10 34 114 158 206
44 10 35 114 158 206
44 10 36 114 158 206
44 10 37 114 158 206
44 10 38 158 216 229
44 10 39 114 158 206
44 10 40 158 216 229
44 10 41 158 216 229
44 10 48 158 216 229
44 10 49 158 216 229
44 11 34 114 158 206
44 11 35 114 158 206
44 11 36 114 158 206
44 11 39 114 158 206
44 11 40 158 216 229
44 11 41 114 158 206
44 11 42 158 216 229
44 11 43 158 216 229
44 11 44 158 216 229
44 11 45 158 216 229
44 11 46 158 216 229
44 11 47 158 216 229
44 11 48 158 216 229
44 11 49 158 216 229
44 11 50 158 216 229
44 11 51 158 216 229
44 12 34 114 158 206
44 12 35 114 158 206
44 12 36 114 158 206
44 12 39 114 158 206
44 12 40 114 158 206
44 12 43 114 158 206
44 12 44 158 216 229
44 12 48 158 216 229
44 12 49 158 216 229
44 12 50 158 216 229
44 12 51 158 216 229
44 12 52 158 216 229
44 13 34 114 158 206
44 13 35 114 158 206
44 13 38 114 158 206
44 13 39 114 158 206
44 13 40 114 158 206
44 13 41 114 158 206
44 13 42 114 158 206
44 13 43 114 158 206
44 13 44 158 216 229
44 13 47 158 216 229
44 13 48 158 216 229
44 13 49 158 216 229
44 13 50 158 216 229
44 13 51 158 216 229
44 14 34 114 158 206
44 14 35 114 158 206
44 14 36 114 158 206
44 14 38 114 158 206
44 14 39 114 158 206
44 14 40 114 158 206
44 14 41 114 158 206
44 14 42 114 158 206
44 14 43 114 158 206
44 14 44 114 158 206
44 14 45 114 158 206
44 14 46 158 216 229
44 14 47 158 216 229
44 14 48 158 216 229
44 14 49 158 216 229
44 15 34 114 158 206
44 15 35 114 158 206
44 15 36 114 158 206
44 15 37 114 158 206
44 15 38 114 158 206
44 15 39 114 158 206
44 15 42 114 158 206
44 15 43 114 158 206
44 15 44 114 158 206
44 15 45 114 158 206
44 16 34 114 158 206
44 16 35 114 158 206
44 16 36 114 158 206
44 16 37 114 158 206
44 16 38 158 216 229
44 16 39 114 158 206
44 17 34 114 158 206
44 17 35 114 158 206
44 17 36 114 158 206
44 17 37 114 158 206
44 17 38 158 216 229
44 17 39 114 158 206
44 17 40 114 158 206
44 17 41 114 158 206
44 17 43 114 158 206
44 18 34 114 158 206
44 18 38 158 216 229
44 18 39 114 158 206
44 18 40 114 158 206
44 18 42 114 158 206
44 18 43 114 158 206
44 19 34 114 158 206
44 19 35 114 158 206
44 19 36 114 158 206
44 19 37 114 158 206
44 19 38 158 216 229
44 19 39 114 158 206
44 19 40 114 158 206
44 20 33 114 158 206
44 20 34 114 158 206
44 20 35 114 158 206
44 20 36 114 158 206
44 20 37 114 158 206
44 20 38 114 158 206
44 20 39 114 158 206
44 21 34 114 158 206
44 21 35 114 158 206
44 21 36 114 158 206
44 21 37 114 158 206
44 21 38 114 158 206
44 21 39 114 158 206
44 21 45 114 158 206
44 22 34 114 158 206
44 22 35 114 158 206
44 22 36 114 158 206
44 22 37 114 158 206
44 22 38 114 158 206
44 22 39 114 158 206
44 23 34 114 158 206
44 23 35 114 158 206
44 23 37 114 158 206
44 23 38 158 216 229
44 23 39 114 158 206
44 23 43 114 158 206
44 23 44 114 158 206
44 24 33 114 158 206
44 24 34 114 158 206
44 24 35 114 158 206
44 24 38 158 216 229
44 24 39 114 158 206
44 24 43 114 158 206
44 24 45 114 158 206
44 24 46 158 216 229
44 25 33 114 158 206
44 25 34 114 158 206
44 25 35 114 158 206
44 25 36 114 158 206
44 25 37 158 216 229
44 25 38 158 216 229
44 25 39 114 158 206
44 25 40 114 158 206
44 25 44 114 158 206
44 25 45 114 158 206
44 25 46 114 158 206
44 25 47 114 158 206
44 25 48 158 216 229
44 25 49 158 216 229
44 26 34 114 158 206
44 26 35 114 158 206
44 26 36 114 158 206
44 26 37 158 216 229
44 26 38 158 216 229
44 26 39 114 158 206
44 26 40 114 158 206
44 26 41 114 158 206
44 26 42 114 158 206
44 26 43 114 158 206
44 26 44 114 158 206
44 26 45 114 158 206
44 27 37 114 158 206
44 27 38 158 216 229
44 27 39 114 158 206
44 27 40 114 158 206
44 27 41 114 158 206
44 27 42 114 158 206
44 27 43 114 158 206
44 27 44 114 158 206
44 27 45 114 158 206
44 28 38 114 158 206
44 28 39 114 158 206
44 28 40 114 158 206
44 28 41 114 158 206
44 28 42 114 158 206
44 28 43 114 158 206
44 28 44 114 158 206
44 29 40 114 158 206
44 29 41 114 158 206
44 29 42 114 158 206
44 29 43 114 158 206
44 29 44 114 158 206
44 29 45 114 158 206
44 30 42 114 158 206
44 30 43 114 158 206
44 30 44 114 158 206
44 30 45 114 158 206
44 30 46 114 158 206
44 30 47 114 158 206
44 31 44 114 158 206
44 31 45 114 158 206
44 31 46 114 158 206
44 31 47 114 158 206
44 31 48 114 158 206
44 31 49 114 158 206
44 32 46 114 158 206
44 32 47 114 158 206
44 32 48 114 158 206
44 32 49 114 158 206
44 33 48 158 216 229
44 33 49 214 38 40
44 33 50 158 216 229
45 0 26 43 160 4
45 0 27 43 160 4
45 0 28 43 160 4
45 0 29 43 160 4
45 0 30 43 160 4
45 0 31 43 160 4
45 0 32 43 160 4
45 0 33 43 160 4
45 0 34 43 160 4
45 0 35 43 160 4
45 0 36 43 160 4
45 0 37 43 160 4
45 0 38 43 160 4
45 0 39 43 160 4
45 0 40 43 160 4
45 0 41 43 160 4
45 0 42 43 160 4
45 0 44 43 160 4
45 0 45 43 160 4
45 0 46 43 160 4
45 0 47 43 160 4
45 0 48 43 160 4
45 0 49 43 160 4
45 0 50 43 160 4
45 0 51 43 160 4
45 0 52 43 160 4
45 0 53 43 160 4
45 0 54 43 160 4
45 0 55 43 160 4
45 0 56 43 160 4
45 0 57 43 160 4
45 0 58 43 160 4
45 0 59 43 160 4
45 4 29 158 216 229
45 4 30 158 216 229
45 4 31 114 158 206
45 5 26 255 127 12
45 5 27 255 127 12
45 5 28 158 216 229
45 5 29 158 216 229
45 5 30 158 216 229
45 5 31 114 158 206
45 5 33 114 158 206
45 5 34 158 216 229
45 6 29 114 158 206
45 6 30 114 158 206
45 6 31 114 158 206
45 6 32 114 158 206
45 6 37 158 216 229
45 6 38 158 216 229
45 6 46 158 216 229
45 7 29 114 158 206
45 7 30 114 158 206
45 7 31 114 158 206
45 7 32 114 158 206
45 7 33 158 216 229
45 7 34 158 216 229
45 7 37 158 216 229
45 7 38 158 216 229
45 7 39 158 216 229
45 7 49 158 216 229
45 8 30 114 158 206
45 8 31 114 158 206
45 8 32 114 158 206
45 8 33 158 216 229
45 8 34 158 216 229
45 8 37 158 216 229
45 8 38 158 216 229
45 8 39 158 216 229
45 8 50 158 216 229
45 8 51 158 216 229
45 8 52 158 216 229
45 8 53 158 216 229
45 8 54 158 216 229
45 9 31 114 158 206
45 9 32 114 158 206
45 9 33 114 158 206
45 9 34 114 158 206
45 9 37 158 216 229
45 9 38 158 216 229
45 9 39 158 216 229
45 9 50 158 216 229
45 9 51 158 216 229
45 9 52 158 216 229
45 9 53 158 216 229
45 9 54 158 216 229
45 10 32 114 158 206
45 10 33 114 158 206
45 10 34 114 158 206
45 10 35 114 158 206
45 10 37 114 158 206
45 10 38 158 216 229
45 10 39 114 158 206
45 10 40 158 216 229
45 10 41 158 216 229
45 10 51 158 216 229
45 10 52 158 216 229
45 10 53 158 216 229
45 11 33 114 158 206
45 11 34 114 158 206
45 11 35 114 158 206
45 11 38 114 158 206
45 11 39 114 158 206
45 11 40 158 216 229
45 11 41 114 158 206
45 11 42 158 216 229
45 11 46 158 216 229
45 11 47 158 216 229
45 11 48 158 216 229
45 11 49 158 216 229
45 11 50 158 216 229
45 11 51 158 216 229
45 11 52 158 216 229
45 11 53 158 216 229
45 11 54 158 216 229
45 12 33 114 158 206
45 12 34 114 158 206
45 12 35 114 158 206
45 12 37 114 158 206
45 12 38 114 158 206
45 12 39 114 158 206
45 12 40 114 158 206
45 12 41 114 158 206
45 12 42 114 158 206
45 12 46 158 216 229
45 12 47 158 216 229
45 12 48 158 216 229
45 12 50 158 216 229
45 12 51 158 216 229
45 12 52 158 216 229
45 12 53 158 216 229
45 12 54 158 216 229
45 13 33 114 158 206
45 13 34 114 158 206
45 13 38 114 158 206
45 13 40 114 158 206
45 13 41 114 158 206
45 13 43 114 158 206
45 13 46 158 216 229
45 13 47 158 216 229
45 13 48 158 216 229
45 13 49 158 216 229
45 13 50 158 216 229
45 13 51 158 216 229
45 13 52 158 216 229
45 14 33 114 158 206
45 14 34 114 158 206
45 14 35 114 158 206
45 14 38 114 158 206
45 14 41 114 158 206
45 14 45 114 158 206
45 14 46 158 216 229
45 14 47 158 216 229
45 14 48 158 216 229
45 14 49 158 216 229
45 14 50 158 216 229
45 14 51 158 216 229
45 15 33 114 158 206
45 15 34 114 158 206
45 15 35 114 158 206
45 15 40 114 158 206
45 15 41 114 158 206
45 16 33 114 158 206
45 16 34 114 158 206
45 16 35 114 158 206
45 16 40 114 158 206
45 17 32 114 158 206
45 17 33 114 158 206
45 17 34 114 158 206
45 18 33 114 158 206
45 18 34 114 158 206
45 18 37 114 158 206
45 18 39 114 158 206
45 19 32 114 158 206
45 19 33 114 158 206
45 19 34 114 158 206
45 19 35 114 158 206
45 19 36 114 158 206
45 20 32 114 158 206
45 20 33 114 158 206
45 20 34 114 158 206
45 20 35 114 158 206
45 20 36 114 158 206
45 20 37 114 158 206
45 20 38 114 158 206
45 21 32 114 158 206
45 21 33 114 158 206
45 21 34 114 158 206
45 21 35 114 158 206
45 21 36 114 158 206
45 21 37 114 158 206
45 21 38 114 158 206
45 22 32 114 158 206
45 22 33 114 158 206
45 22 34 114 158 206
45 22 35 114 158 206
45 22 36 114 158 206
45 22 37 114 158 206
45 22 38 114 158 206
45 23 32 114 158 206
45 23 33 114 158 206
45 23 34 114 158 206
45 23 35 114 158 206
45 23 36 114 158 206
45 23 37 114 158 206
45 23 38 158 216 229
45 23 39 114 158 206
45 24 32 114 158 206
45 24 33 114 158 206
45 24 34 114 158 206
45 24 35 114 158 206
45 24 36 114 158 206
45 24 37 114 158 206
45 24 38 158 216 229
45 24 39 114 158 206
45 24 45 114 158 206
45 24 46 158 216 229
45 24 47 158 216 229
45 25 32 114 158 206
45 25 33 114 158 206
45 25 34 114 158 206
45 25 35 114 158 206
45 25 36 114 158 206
45 25 37 114 158 206
45 25 38 158 216 229
45 25 39 114 158 206
45 25 49 158 216 229
45 26 34 114 158 206
45 26 35 114 158 206
45 26 36 114 158 206
45 26 37 114 158 206
45 26 38 158 216 229
45 26 39 114 158 206
45 26 47 114 158 206
45 26 48 158 216 229
45 26 49 158 216 229
45 26 50 158 216 229
45 26 51 158 216 229
45 27 36 114 158 206
45 27 37 114 158 206
45 27 38 158 216 229
45 27 41 114 158 206
45 28 38 114 158 206
45 28 39 114 158 206
45 28 41 114 158 206
45 28 45 114 158 206
45 30 45 114 158 206
45 30 46 114 158 206
45 31 44 114 158 206
45 31 45 114 158 206
45 31 46 114 158 206
45 31 47 114 158 206
45 31 48 114 158 206
45 31 49 158 216 229
45 32 46 114 158 206
45 32 47 114 158 206
45 32 48 158 216 229
45 32 49 158 216 229
45 32 50 158 216 229
45 33 48 158 216 229
45 33 49 158 216 229
45 33 50 158 216 229
45 33 51 158 216 229
45 34 50 158 216 229
45 34 51 158 216 229
46 0 27 43 160 4
46 0 28 43 160 4
46 0 29 43 160 4
46 0 30 43 160 4
46 0 31 43 160 4
46 0 32 43 160 4
46 0 33 43 160 4
46 0 34 43 160 4
46 0 35 43 160 4
46 0 36 43 160 4
46 0 37 43 160 4
46 0 38 43 160 4
46 0 39 43 160 4
46 0 40 43 160 4
46 0 41 43 160 4
46 0 42 43 160 4
46 0 43 43 160 4
46 0 44 43 160 4
46 0 45 43 160 4
46 0 46 43 160 4
46 0 47 43 160 4
46 0 48 43 160 4
46 0 49 43 160 4
46 0 50 43 160 4
46 0 51 43 160 4
46 0 52 43 160 4
46 0 53 43 160 4
46 0 54 43 160 4
46 0 55 43 160 4
46 0 56 43 160 4
46 0 57 43 160 4
46 0 58 43 160 4
46 0 59 43 160 4
46 4 29 158 216 229
46 4 30 158 216 229
46 4 31 114 158 206
46 4 32 114 158 206
46 5 27 158 216 229
46 5 29 158 216 229
46 5 30 114 158 206
46 5 31 114 158 206
46 5 32 114 158 206
46 6 29 114 158 206
46 6 30 114 158 206
46 6 31 114 158 206
46 6 32 114 158 206
46 7 30 114 158 206
46 7 31 114 158 206
46 7 32 114 158 206
46 8 29 114 158 206
46 8 30 114 158 206
46 8 31 114 158 206
46 8 32 114 158 206
46 9 29 114 158 206
46 9 30 114 158 206
46 9 31 114 158 206
46 9 32 114 158 206
46 9 33 114 158 206
46 9 35 114 158 206
46 9 54 158 216 229
46 9 55 158 216 229
46 9 56 158 216 229
46 10 29 114 158 206
46 10 30 114 158 206
46 10 31 114 158 206
46 10 32 114 158 206
46 10 33 114 158 206
46 10 34 114 158 206
46 10 40 114 158 206
46 10 41 158 216 229
46 10 48 158 216 229
46 10 50 158 216 229
46 11 30 114 158 206
46 11 31 114 158 206
46 11 32 114 158 206
46 11 33 114 158 206
46 11 34 114 158 206
46 11 40 114 158 206
46 11 41 114 158 206
46 11 42 158 216 229
46 11 43 158 216 229
46 11 44 158 216 229
46 11 45 158 216 229
46 11 49 158 216 229
46 11 51 158 216 229
46 11 52 158 216 229
46 11 53 158 216 229
46 11 54 158 216 229
46 12 29 114 158 206
46 12 30 114 158 206
46 12 31 114 158 206
46 12 32 114 158 206
46 12 33 114 158 206
46 12 34 114 158 206
46 12 39 114 158 206
46 12 40 114 158 206
46 12 41 114 158 206
46 12 42 114 158 206
46 12 43 114 158 206
46 12 44 158 216 229
46 12 49 158 216 229
46 12 50 158 216 229
46 12 51 158 216 229
46 12 52 158 216 229
46 12 53 158 216 229
46 12 54 158 216 229
46 12 55 158 216 229
46 12 56 158 216 229
46 13 29 114 158 206
46 13 30 114 158 206
46 13 31 114 158 206
46 13 32 114 158 206
46 13 33 114 158 206
46 13 34 114 158 206
46 13 39 114 158 206
46 13 41 114 158 206
46 13 42 114 158 206
46 13 43 114 158 206
46 13 44 158 216 229
46 13 49 158 216 229
46 13 50 158 216 229
46 13 51 158 216 229
46 13 52 158 216 229
46 13 53 158 216 229
46 13 54 158 216 229
46 13 55 158 216 229
46 14 29 114 158 206
46 14 30 114 158 206
46 14 31 114 158 206
46 14 32 114 158 206
46 14 33 114 158 206
46 14 34 114 158 206
46 14 36 114 158 206
46 14 44 114 158 206
46 14 48 158 216 229
46 14 49 158 216 229
46 14 50 158 216 229
46 14 51 158 216 229
46 14 52 158 216 229
46 15 29 114 158 206
46 15 30 114 158 206
46 15 31 114 158 206
46 15 32 114 158 206
46 15 33 114 158 206
46 15 34 114 158 206
46 16 29 114 158 206
46 16 30 114 158 206
46 16 31 114 158 206
46 16 32 114 158 206
46 16 33 114 158 206
46 16 34 114 158 206
46 17 30 114 158 206
46 17 31 114 158 206
46 17 32 114 158 206
46 17 33 114 158 206
46 17 34 114 158 206
46 18 29 114 158 206
46 18 30 114 158 206
46 18 31 114 158 206
46 18 32 114 158 206
46 18 33 114 158 206
46 18 34 114 158 206
46 19 30 114 158 206
46 19 31 114 158 206
46 19 32 114 158 206
46 19 33 114 158 206
46 20 30 114 158 206
46 20 31 114 158 206
46 20 32 114 158 206
46 20 33 114 158 206
46 21 30 114 158 206
46 21 31 114 158 206
46 21 32 114 158 206
46 21 33 114 158 206
46 21 39 114 158 206
46 22 31 114 158 206
46 22 32 114 158 206
46 22 33 114 158 206
46 22 39 114 158 206
46 23 31 114 158 206
46 23 32 114 158 206
46 23 33 114 158 206
46 24 31 114 158 206
46 24 32 114 158 206
46 24 33 114 158 206
46 24 37 114 158 206
46 24 38 114 158 206
46 24 48 158 216 229
46 25 32 114 158 206
46 25 33 114 158 206
46 25 38 158 216 229
46 25 39 114 158 206
46 25 48 158 216 229
46 25 49 158 216 229
46 25 50 158 216 229
46 26 38 158 216 229
46 26 39 114 158 206
46 26 49 158 216 229
46 27 37 114 158 206
46 27 38 158 216 229
46 27 50 158 216 229
46 28 38 114 158 206
46 28 39 114 158 206
46 31 45 114 158 206
46 32 49 158 216 229
46 32 50 158 216 229
46 32 51 158 216 229
46 33 48 158 216 229
46 33 49 158 216 229
46 33 50 158 216 229
46 33 51 158 216 229
46 33 52 158 216 229
46 34 50 158 216 229
46 34 51 158 216 229
46 34 52 158 216 229
47 0 29 43 160 4
47 0 30 43 160 4
47 0 31 43 160 4
47 0 32 43 160 4
47 0 33 43 160 4
47 0 34 43 160 4
47 0 35 43 160 4
47 0 36 43 160 4
47 0 37 43 160 4
47 0 38 43 160 4
47 0 39 43 160 4
47 0 40 43 160 4
47 0 41 43 160 4
47 0 42 43 160 4
47 0 43 43 160 4
47 0 44 43 160 4
47 0 45 43 160 4
47 0 46 43 160 4
47 0 47 43 160 4
47 0 48 43 160 4
47 0 49 43 160 4
47 0 50 43 160 4
47 0 51 43 160 4
47 0 52 43 160 4
47 0 53 43 160 4
47 0 54 43 160 4
47 0 55 43 160 4
47 0 56 43 160 4
47 0 57 43 160 4
47 0 58 43 160 4
47 0 59 43 160 4
47 4 29 158 216 229
47 4 30 114 158 206
47 4 31 114 158 206
47 5 29 114 158 206
47 5 30 114 158 206
47 5 33 114 158 206
47 6 29 114 158 206
47 6 30 114 158 206
47 6 31 114 158 206
47 6 32 114 158 206
47 7 29 114 158 206
47 7 30 114 158 206
47 7 31 114 158 206
47 7 32 114 158 206
47 8 29 114 158 206
47 8 30 114 158 206
47 8 31 114 158 206
47 8 32 114 158 206
47 8 33 114 158 206
47 9 29 114 158 206
47 9 30 114 158 206
47 9 31 114 158 206
47 9 32 114 158 206
47 10 29 114 158 206
47 10 30 114 158 206
47 10 31 114 158 206
47 10 32 114 158 206
47 10 49 158 216 229
47 10 50 158 216 229
47 11 29 114 158 206
47 11 30 114 158 206
47 11 31 114 158 206
47 11 32 114 158 206
47 11 35 114 158 206
47 11 42 158 216 229
47 11 43 158 216 229
47 11 44 158 216 229
47 11 45 158 216 229
47 11 46 158 216 229
47 11 47 158 216 229
47 11 53 158 216 229
47 11 54 158 216 229
47 12 29 114 158 206
47 12 30 114 158 206
47 12 31 114 158 206
47 12 32 114 158 206
47 12 35 114 158 206
47 12 41 114 158 206
47 12 43 114 158 206
47 12 44 158 216 229
47 12 45 158 216 229
47 12 46 158 216 229
47 12 47 158 216 229
47 12 52 158 216 229
47 12 53 158 216 229
47 12 54 158 216 229
47 12 55 158 216 229
47 12 56 158 216 229
47 13 29 114 158 206
47 13 30 114 158 206
47 13 31 114 158 206
47 13 32 114 158 206
47 13 35 114 158 206
47 13 41 114 158 206
47 13 43 114 158 206
47 13 44 158 216 229
47 13 45 158 216 229
47 13 46 158 216 229
47 13 52 158 216 229
47 13 53 158 216 229
47 13 54 158 216 229
47 13 55 158 216 229
47 13 56 158 216 229
47 14 29 114 158 206
47 14 30 114 158 206
47 14 31 114 158 206
47 14 32 114 158 206
47 14 35 114 158 206
47 14 52 158 216 229
47 14 53 158 216 229
47 14 54 158 216 229
47 15 29 114 158 206
47 15 30 114 158 206
47 15 31 114 158 206
47 15 32 114 158 206
47 15 35 114 158 206
47 15 49 158 216 229
47 15 50 158 216 229
47 15 51 158 216 229
47 16 29 114 158 206
47 16 30 114 158 206
47 16 31 114 158 206
47 16 32 114 158 206
47 16 35 114 158 206
47 17 29 114 158 206
47 17 30 114 158 206
47 17 31 114 158 206
47 17 32 114 158 206
47 17 34 114 158 206
47 17 35 114 158 206
47 18 29 114 158 206
47 18 30 114 158 206
47 18 31 114 158 206
47 18 32 114 158 206
47 18 34 114 158 206
47 19 29 114 158 206
47 19 30 114 158 206
47 19 31 114 158 206
47 19 32 114 158 206
47 19 34 114 158 206
47 20 29 114 158 206
47 20 30 114 158 206
47 20 31 114 158 206
47 20 32 114 158 206
47 20 34 114 158 206
47 21 29 114 158 206
47 21 30 114 158 206
47 21 31 114 158 206
47 21 32 114 158 206
47 21 34 114 158 206
47 22 29 114 158 206
47 22 30 114 158 206
47 22 31 114 158 206
47 22 32 114 158 206
47 22 34 114 158 206
47 23 29 114 158 206
47 23 30 114 158 206
47 23 31 114 158 206
47 23 32 114 158 206
47 23 34 114 158 206
47 24 30 114 158 206
47 24 31 114 158 206
47 24 32 114 158 206
47 24 34 114 158 206
47 24 35 114 158 206
47 24 38 114 158 206
47 24 39 114 158 206
47 25 32 114 158 206
47 25 34 114 158 206
47 25 35 114 158 206
47 26 35 114 158 206
47 27 36 114 158 206
47 27 37 114 158 206
47 28 55 158 216 229
47 28 56 158 216 229
47 33 51 158 216 229
48 0 31 43 160 4
48 0 32 43 160 4
48 0 33 43 160 4
48 0 34 43 160 4
48 0 35 43 160 4
48 0 36 43 160 4
48 0 37 43 160 4
48 0 38 43 160 4
48 0 39 43 160 4
48 0 40 43 160 4
48 0 41 43 160 4
48 0 42 43 160 4
48 0 43 43 160 4
48 0 44 43 160 4
48 0 45 43 160 4
48 0 46 43 160 4
48 0 48 43 160 4
48 0 49 43 160 4
48 0 50 43 160 4
48 0 51 43 160 4
48 0 52 43 160 4
48 0 53 43 160 4
48 0 54 43 160 4
48 0 55 43 160 4
48 0 56 43 160 4
48 0 57 43 160 4
48 0 58 43 160 4
48 0 59 43 160 4
48 3 31 114 158 206
48 4 31 114 158 206
48 5 30 114 158 206
48 5 32 114 158 206
48 6 30 114 158 206
48 7 30 114 158 206
48 8 30 114 158 206
48 9 30 114 158 206
48 10 30 114 158 206
48 11 30 114 158 206
48 11 33 114 158 206
48 11 45 158 216 229
48 11 46 158 216 229
48 11 47 158 216 229
48 11 48 158 216 229
48 11 49 158 216 229
48 12 30 114 158 206
48 12 33 114 158 206
48 12 45 158 216 229
48 12 46 158 216 229
48 12 47 158 216 229
48 12 48 158 216 229
48 12 49 158 216 229
48 12 55 158 216 229
48 12 56 158 216 229
48 12 57 158 216 229
48 12 58 158 216 229
48 13 30 114 158 206
48 13 33 114 158 206
48 13 45 158 216 229
48 13 46 158 216 229
48 13 47 158 216 229
48 13 48 158 216 229
48 13 49 158 216 229
48 13 54 158 216 229
48 13 55 158 216 229
48 13 56 158 216 229
48 13 57 158 216 229
48 13 58 158 216 229
48 14 30 114 158 206
48 14 49 158 216 229
48 14 56 158 216 229
48 15 30 114 158 206
48 16 30 114 158 206
48 16 33 114 158 206
48 17 30 114 158 206
48 17 33 114 158 206
48 18 30 114 158 206
48 18 33 114 158 206
48 19 30 114 158 206
48 19 33 114 158 206
48 20 30 114 158 206
48 20 33 114 158 206
48 21 30 114 158 206
48 21 33 114 158 206
48 22 30 114 158 206
48 22 33 114 158 206
48 23 30 114 158 206
48 23 33 114 158 206
48 24 33 114 158 206
48 25 33 114 158 206
48 27 56 158 216 229
48 27 57 158 216 229
48 28 58 158 216 229
48 28 59 158 216 229
48 29 58 158 216 229
48 29 59 255 127 12
49 0 32 43 160 4
49 0 33 43 160 4
49 0 34 43 160 4
49 0 35 43 160 4
49 0 36 43 160 4
49 0 37 43 160 4
49 0 38 43 160 4
49 0 39 43 160 4
49 0 40 43 160 4
49 0 41 43 160 4
49 0 42 43 160 4
49 0 43 43 160 4
49 0 44 43 160 4
49 0 45 43 160 4
49 0 46 43 160 4
49 0 47 43 160 4
49 0 48 43 160 4
49 0 50 43 160 4
49 0 51 43 160 4
49 0 52 43 160 4
49 0 53 43 160 4
49 0 54 43 160 4
49 0 55 43 160 4
49 0 56 43 160 4
49 0 57 43 160 4
49 0 58 43 160 4
49 0 59 43 160 4
49 2 32 114 158 206
49 3 32 114 158 206
49 4 32 114 158 206
49 5 32 114 158 206
49 6 32 114 158 206
49 7 32 114 158 206
49 8 32 114 158 206
49 9 32 114 158 206
49 10 32 114 158 206
49 11 32 114 158 206
49 11 47 158 216 229
49 11 48 158 216 229
49 11 49 158 216 229
49 12 32 114 158 206
49 12 47 158 216 229
49 12 48 158 216 229
49 12 49 158 216 229
49 12 50 158 216 229
49 12 58 158 216 229
49 12 59 158 216 229
49 13 32 114 158 206
49 13 47 158 216 229
49 13 48 158 216 229
49 13 49 158 216 229
49 13 50 158 216 229
49 13 51 158 216 229
49 13 57 158 216 229
49 13 58 158 216 229
49 13 59 255 127 12
49 14 46 158 216 229
49 14 51 158 216 229
49 14 58 158 216 229
49 17 32 114 158 206
49 17 33 114 158 206
49 18 32 114 158 206
49 18 33 114 158 206
49 19 33 114 158 206
49 20 33 114 158 206
49 21 33 114 158 206
49 22 33 114 158 206
49 23 33 114 158 206
49 24 33 114 158 206
49 25 33 114 158 206
50 0 34 43 160 4
50 0 35 43 160 4
50 0 36 43 160 4
50 0 37 43 160 4
50 0 38 43 160 4
50 0 39 43 160 4
50 0 40 43 160 4
50 0 41 43 160 4
50 0 42 43 160 4
50 0 43 43 160 4
50 0 44 43 160 4
50 0 45 43 160 4
50 0 46 43 160 4
50 0 47 43 160 4
50 0 48 43 160 4
50 0 49 43 160 4
50 0 50 43 160 4
50 0 51 43 160 4
50 0 52 43 160 4
50 0 53 43 160 4
50 0 54 43 160 4
50 0 55 43 160 4
50 0 56 43 160 4
50 0 57 43 160 4
50 0 58 43 160 4
50 0 59 43 160 4
50 12 50 158 216 229
50 13 50 158 216 229
50 13 51 158 216 229
50 14 50 158 216 229
50 14 52 158 216 229
50 14 53 158 216 229
51 0 36 43 160 4
51 0 37 43 160 4
51 0 38 43 160 4
51 0 39 43 160 4
51 0 40 43 160 4
51 0 41 43 160 4
51 0 42 43 160 4
51 0 43 43 160 4
51 0 44 43 160 4
51 0 45 43 160 4
51 0 46 43 160 4
51 0 47 43 160 4
51 0 48 43 160 4
51 0 49 43 160 4
51 0 50 43 160 4
51 0 51 43 160 4
51 0 52 43 160 4
51 0 53 43 160 4
51 0 54 43 160 4
51 0 55 43 160 4
51 0 56 43 160 4
51 0 57 43 160 4
51 0 58 43 160 4
51 0 59 43 160 4
51 14 52 158 216 229
51 14 53 158 216 229
51 14 54 158 216 229
51 14 55 158 216 229
51 14 56 158 216 229
52 0 37 43 160 4
52 0 38 43 160 4
52 0 39 43 160 4
52 0 40 43 160 4
52 0 41 43 160 4
52 0 42 43 160 4
52 0 43 43 160 4
52 0 44 43 160 4
52 0 45 43 160 4
52 0 46 43 160 4
52 0 47 43 160 4
52 0 48 43 160 4
52 0 49 43 160 4
52 0 50 43 160 4
52 0 51 43 160 4
52 0 52 43 160 4
52 0 53 43 160 4
52 0 54 43 160 4
52 0 55 43 160 4
52 0 56 43 160 4
52 0 57 43 160 4
52 0 58 43 160 4
52 0 59 43 160 4
52 14 55 255 127 12
52 15 55 158 216 229
53 0 39 43 160 4
53 0 40 43 160 4
53 0 41 43 160 4
53 0 42 43 160 4
53 0 43 43 160 4
53 0 44 43 160 4
53 0 45 43 160 4
53 0 46 43 160 4
53 0 47 43 160 4
53 0 48 43 160 4
53 0 49 43 160 4
53 0 52 43 160 4
53 0 53 43 160 4
53 0 54 43 160 4
53 0 55 43 160 4
53 0 56 43 160 4
53 0 57 43 160 4
53 0 58 43 160 4
53 0 59 43 160 4
54 0 41 43 160 4
54 0 42 43 160 4
54 0 43 43 160 4
54 0 44 43 160 4
54 0 45 43 160 4
54 0 46 43 160 4
54 0 47 43 160 4
54 0 48 43 160 4
54 0 49 43 160 4
54 0 50 43 160 4
54 0 53 43 160 4
54 0 54 43 160 4
54 0 55 43 160 4
54 0 56 43 160 4
54 0 57 43 160 4
54 0 58 43 160 4
54 0 59 43 160 4
55 0 42 43 160 4
55 0 43 43 160 4
55 0 44 43 160 4
55 0 45 43 160 4
55 0 46 43 160 4
55 0 47 43 160 4
55 0 48 43 160 4
55 0 49 43 160 4
55 0 50 43 160 4
55 0 51 43 160 4
55 0 52 43 160 4
55 0 54 43 160 4
55 0 55 43 160 4
55 0 56 43 160 4
55 0 57 43 160 4
55 0 58 43 160 4
55 0 59 43 160 4
56 0 44 43 160 4
56 0 45 43 160 4
56 0 46 43 160 4
56 0 47 43 160 4
56 0 48 43 160 4
56 0 49 43 160 4
56 0 50 43 160 4
56 0 51 43 160 4
56 0 52 43 160 4
56 0 53 43 160 4
56 0 54 43 160 4
56 0 55 43 160 4
56 0 56 43 160 4
56 0 57 43 160 4
56 0 58 43 160 4
56 0 59 43 160 4
57 0 46 43 160 4
57 0 47 43 160 4
57 0 48 43 160 4
57 0 49 43 160 4
57 0 50 43 160 4
57 0 54 43 160 4
57 0 55 43 160 4
57 0 56 43 160 4
57 0 57 43 160 4
57 0 58 43 160 4
57 0 59 43 160 4
58 0 47 43 160 4
58 0 48 43 160 4
58 0 49 43 160 4
58 0 50 43 160 4
58 0 51 43 160 4
58 0 52 43 160 4
58 0 56 43 160 4
58 0 57 43 160 4
58 0 58 43 160 4
58 0 59 43 160 4
59 0 49 43 160 4
59 0 50 43 160 4
59 0 51 43 160 4
59 0 52 43 160 4
59 0 53 43 160 4
59 0 54 43 160 4
59 0 57 43 160 4
59 0 58 43 160 4
59 0 59 43 160 4
