ply
format ascii 1.0
element vertex 7797
property float x
property float y
property float z
property uchar red
property uchar green
property uchar blue
end_header
0 0 47 43 160 4
0 0 48 43 160 4
0 0 49 43 160 4
0 0 50 43 160 4
0 0 51 43 160 4
0 0 52 43 160 4
0 0 53 43 160 4
0 0 54 43 160 4
0 0 55 43 160 4
0 0 56 43 160 4
0 0 57 43 160 4
0 0 58 43 160 4
0 0 59 43 160 4
1 0 46 43 160 4
1 0 47 43 160 4
1 0 48 43 160 4
1 0 49 43 160 4
1 0 50 43 160 4
1 0 51 43 160 4
1 0 52 43 160 4
1 0 53 43 160 4
1 0 54 43 160 4
1 0 55 43 160 4
1 0 56 43 160 4
1 0 57 43 160 4
1 0 58 43 160 4
1 0 59 43 160 4
2 0 44 43 160 4
2 0 45 43 160 4
2 0 46 43 160 4
2 0 47 43 160 4
2 0 48 43 160 4
2 0 49 43 160 4
2 0 50 43 160 4
2 0 51 43 160 4
2 0 52 43 160 4
2 0 53 43 160 4
2 0 54 43 160 4
2 0 55 43 160 4
2 0 56 43 160 4
2 0 57 43 160 4
2 0 58 43 160 4
2 0 59 43 160 4
3 0 43 43 160 4
3 0 44 43 160 4
3 0 45 43 160 4
3 0 46 43 160 4
3 0 47 43 160 4
3 0 48 43 160 4
3 0 49 43 160 4
3 0 50 43 160 4
3 0 51 43 160 4
3 0 52 43 160 4
3 0 53 43 160 4
3 0 54 43 160 4
3 0 55 43 160 4
3 0 56 43 160 4
3 0 57 43 160 4
3 0 58 43 160 4
3 0 59 43 160 4
4 0 41 43 160 4
4 0 42 43 160 4
4 0 43 43 160 4
4 0 44 43 160 4
4 0 45 43 160 4
4 0 46 43 160 4
4 0 47 43 160 4
4 0 48 43 160 4
4 0 49 43 160 4
4 0 50 43 160 4
4 0 51 43 160 4
4 0 52 43 160 4
4 0 53 43 160 4
4 0 54 43 160 4
4 0 55 43 160 4
4 0 56 43 160 4
4 0 57 43 160 4
4 0 58 43 160 4
4 0 59 43 160 4
5 0 39 43 160 4
5 0 40 43 160 4
5 0 41 43 160 4
5 0 42 43 160 4
5 0 43 43 160 4
5 0 44 43 160 4
5 0 45 43 160 4
5 0 46 43 160 4
5 0 47 43 160 4
5 0 48 43 160 4
5 0 49 43 160 4
5 0 50 43 160 4
5 0 51 43 160 4
5 0 52 43 160 4
5 0 53 43 160 4
5 0 54 43 160 4
5 0 55 43 160 4
5 0 56 43 160 4
5 0 57 43 160 4
5 0 58 43 160 4
5 0 59 43 160 4
5 1 39 158 216 229
5 2 39 158 216 229
5 3 39 158 216 229
5 4 39 158 216 229
5 5 39 158 216 229
5 6 39 158 216 229
5 7 39 158 216 229
6 0 38 43 160 4
6 0 39 43 160 4
6 0 40 43 160 4
6 0 41 43 160 4
6 0 42 43 160 4
6 0 43 43 160 4
6 0 44 43 160 4
6 0 45 43 160 4
6 0 46 43 160 4
6 0 47 43 160 4
6 0 48 43 160 4
6 0 49 43 160 4
6 0 50 43 160 4
6 0 51 43 160 4
6 0 52 43 160 4
6 0 53 43 160 4
6 0 54 43 160 4
6 0 55 43 160 4
6 0 56 43 160 4
6 0 57 43 160 4
6 0 58 43 160 4
6 0 59 43 160 4
7 0 36 43 160 4
7 0 37 43 160 4
7 0 38 43 160 4
7 0 39 43 160 4
7 0 40 43 160 4
7 0 41 43 160 4
7 0 42 43 160 4
7 0 43 43 160 4
7 0 44 43 160 4
7 0 45 43 160 4
7 0 46 43 160 4
7 0 47 43 160 4
7 0 48 43 160 4
7 0 49 43 160 4
7 0 50 43 160 4
7 0 51 43 160 4
7 0 52 43 160 4
7 0 53 43 160 4
7 0 54 43 160 4
7 0 55 43 160 4
7 0 56 43 160 4
7 0 57 43 160 4
7 0 58 43 160 4
7 0 59 43 160 4
8 0 35 43 160 4
8 0 36 43 160 4
8 0 37 43 160 4
8 0 38 43 160 4
8 0 39 43 160 4
8 0 40 43 160 4
8 0 41 43 160 4
8 0 42 43 160 4
8 0 43 43 160 4
8 0 44 43 160 4
8 0 45 43 160 4
8 0 46 43 160 4
8 0 47 43 160 4
8 0 48 43 160 4
8 0 49 43 160 4
8 0 50 43 160 4
8 0 51 43 160 4
8 0 52 43 160 4
8 0 53 43 160 4
8 0 54 43 160 4
8 0 55 43 160 4
8 0 56 43 160 4
8 0 57 43 160 4
8 0 58 43 160 4
8 0 59 43 160 4
9 0 33 43 160 4
9 0 34 43 160 4
9 0 35 43 160 4
9 0 36 43 160 4
9 0 37 43 160 4
9 0 38 43 160 4
9 0 39 43 160 4
9 0 40 43 160 4
9 0 41 43 160 4
9 0 42 43 160 4
9 0 43 43 160 4
9 0 44 43 160 4
9 0 45 43 160 4
9 0 46 43 160 4
9 0 47 43 160 4
9 0 48 43 160 4
9 0 49 43 160 4
9 0 50 43 160 4
9 0 51 43 160 4
9 0 52 43 160 4
9 0 53 43 160 4
9 0 54 43 160 4
9 0 55 43 160 4
9 0 56 43 160 4
9 0 57 43 160 4
9 0 58 43 160 4
9 0 59 43 160 4
10 0 31 43 160 4
10 0 32 43 160 4
10 0 33 43 160 4
10 0 34 43 160 4
10 0 35 43 160 4
10 0 36 43 160 4
10 0 37 43 160 4
10 0 38 43 160 4
10 0 39 43 160 4
10 0 40 43 160 4
10 0 41 43 160 4
10 0 42 43 160 4
10 0 43 43 160 4
10 0 44 43 160 4
10 0 45 43 160 4
10 0 46 43 160 4
10 0 47 43 160 4
10 0 48 43 160 4
10 0 49 43 160 4
10 0 50 43 160 4
10 0 51 43 160 4
10 0 52 43 160 4
10 0 53 43 160 4
10 0 54 43 160 4
10 0 55 43 160 4
10 0 56 43 160 4
10 0 57 43 160 4
10 0 58 43 160 4
10 0 59 43 160 4
10 17 32 158 216 229
10 18 31 158 216 229
10 18 32 158 216 229
10 19 31 158 216 229
10 20 31 158 216 229
10 22 31 158 216 229
10 23 31 158 216 229
10 24 31 158 216 229
11 0 30 43 160 4
11 0 31 43 160 4
11 0 32 43 160 4
11 0 33 43 160 4
11 0 34 43 160 4
11 0 35 43 160 4
11 0 36 43 160 4
11 0 37 43 160 4
11 0 38 43 160 4
11 0 39 43 160 4
11 0 40 43 160 4
11 0 41 43 160 4
11 0 42 43 160 4
11 0 43 43 160 4
11 0 44 43 160 4
11 0 45 43 160 4
11 0 46 43 160 4
11 0 47 43 160 4
11 0 48 43 160 4
11 0 49 43 160 4
11 0 50 43 160 4
11 0 51 43 160 4
11 0 52 43 160 4
11 0 53 43 160 4
11 0 54 43 160 4
11 0 55 43 160 4
11 0 56 43 160 4
11 0 57 43 160 4
11 0 58 43 160 4
11 0 59 43 160 4
11 16 30 158 216 229
11 17 30 158 216 229
11 17 31 158 216 229
11 17 32 158 216 229
11 18 30 158 216 229
11 18 31 158 216 229
11 18 32 158 216 229
11 19 30 158 216 229
11 19 31 158 216 229
11 19 32 158 216 229
11 20 30 158 216 229
11 20 31 158 216 229
11 21 30 158 216 229
11 21 31 158 216 229
11 22 30 158 216 229
11 22 31 158 216 229
11 23 30 158 216 229
11 24 30 158 216 229
11 24 31 158 216 229
11 25 32 158 216 229
12 0 28 43 160 4
12 0 29 43 160 4
12 0 30 43 160 4
12 0 31 43 160 4
12 0 32 43 160 4
12 0 33 43 160 4
12 0 34 43 160 4
12 0 35 43 160 4
12 0 36 43 160 4
12 0 37 43 160 4
12 0 38 43 160 4
12 0 39 43 160 4
12 0 40 43 160 4
12 0 41 43 160 4
12 0 42 43 160 4
12 0 43 43 160 4
12 0 44 43 160 4
12 0 45 43 160 4
12 0 46 43 160 4
12 0 47 43 160 4
12 0 48 43 160 4
12 0 49 43 160 4
12 0 50 43 160 4
12 0 51 43 160 4
12 0 52 43 160 4
12 0 53 43 160 4
12 0 54 43 160 4
12 0 55 43 160 4
12 0 56 43 160 4
12 0 57 43 160 4
12 0 58 43 160 4
12 0 59 43 160 4
12 1 28 158 216 229
12 2 28 158 216 229
12 3 28 158 216 229
12 4 28 158 216 229
12 7 28 158 216 229
12 8 28 158 216 229
12 10 29 158 216 229
12 11 28 158 216 229
12 12 28 158 216 229
12 13 28 158 216 229
12 14 28 158 216 229
12 14 29 158 216 229
12 15 28 158 216 229
12 15 29 158 216 229
12 16 28 158 216 229
12 16 29 158 216 229
12 16 30 158 216 229
12 17 28 158 216 229
12 17 29 158 216 229
12 17 30 158 216 229
12 17 31 158 216 229
12 17 32 158 216 229
12 18 28 158 216 229
12 18 29 158 216 229
12 18 30 158 216 229
12 18 31 158 216 229
12 18 32 158 216 229
12 18 33 158 216 229
12 19 28 158 216 229
12 19 29 158 216 229
12 19 30 158 216 229
12 19 31 158 216 229
12 19 32 158 216 229
12 19 33 158 216 229
12 20 28 158 216 229
12 20 29 158 216 229
12 20 30 158 216 229
12 20 31 158 216 229
12 20 32 158 216 229
12 20 33 158 216 229
12 21 28 158 216 229
12 21 29 158 216 229
12 21 30 158 216 229
12 21 31 158 216 229
12 21 32 158 216 229
12 22 28 158 216 229
12 22 29 158 216 229
12 22 30 158 216 229
12 22 31 158 216 229
12 22 32 158 216 229
12 23 28 158 216 229
12 23 29 158 216 229
12 23 30 158 216 229
12 23 31 158 216 229
12 24 30 158 216 229
12 24 31 158 216 229
12 25 32 158 216 229
12 25 49 158 216 229
13 0 27 43 160 4
13 0 28 43 160 4
13 0 29 43 160 4
13 0 30 43 160 4
13 0 31 43 160 4
13 0 32 43 160 4
13 0 33 43 160 4
13 0 34 43 160 4
13 0 35 43 160 4
13 0 36 43 160 4
13 0 37 43 160 4
13 0 38 43 160 4
13 0 39 43 160 4
13 0 40 43 160 4
13 0 41 43 160 4
13 0 42 43 160 4
13 0 43 43 160 4
13 0 44 43 160 4
13 0 45 43 160 4
13 0 46 43 160 4
13 0 47 43 160 4
13 0 48 43 160 4
13 0 49 43 160 4
13 0 50 43 160 4
13 0 51 43 160 4
13 0 52 43 160 4
13 0 53 43 160 4
13 0 54 43 160 4
13 0 55 43 160 4
13 0 56 43 160 4
13 0 57 43 160 4
13 0 58 43 160 4
13 0 59 43 160 4
13 1 28 158 216 229
13 1 29 158 216 229
13 1 30 158 216 229
13 1 31 158 216 229
13 1 33 158 216 229
13 1 34 158 216 229
13 1 35 158 216 229
13 1 37 158 216 229
13 1 38 158 216 229
13 2 28 158 216 229
13 2 29 158 216 229
13 2 30 158 216 229
13 2 31 158 216 229
13 2 32 158 216 229
13 2 33 158 216 229
13 2 34 158 216 229
13 2 35 158 216 229
13 2 37 158 216 229
13 3 26 158 216 229
13 3 27 158 216 229
13 3 28 158 216 229
13 3 29 158 216 229
13 3 30 158 216 229
13 3 31 158 216 229
13 3 32 158 216 229
13 3 33 158 216 229
13 3 34 158 216 229
13 3 35 158 216 229
13 3 36 158 216 229
13 3 37 158 216 229
13 4 26 255 127 12
13 4 28 158 216 229
13 4 29 158 216 229
13 4 30 158 216 229
13 4 31 158 216 229
13 4 34 158 216 229
13 4 35 158 216 229
13 4 36 158 216 229
13 5 26 255 127 12
13 5 27 255 127 12
13 5 28 255 127 12
13 5 29 158 216 229
13 5 30 158 216 229
13 5 31 158 216 229
13 6 26 255 127 12
13 6 28 255 127 12
13 6 30 158 216 229
13 6 31 158 216 229
13 7 26 255 127 12
13 7 28 158 216 229
13 7 29 158 216 229
13 7 30 158 216 229
13 7 31 158 216 229
13 8 26 158 216 229
13 8 27 158 216 229
13 8 28 158 216 229
13 8 29 158 216 229
13 8 30 158 216 229
13 8 31 158 216 229
13 9 27 158 216 229
13 9 28 158 216 229
13 9 29 158 216 229
13 9 30 158 216 229
13 9 31 158 216 229
13 10 26 158 216 229
13 10 30 158 216 229
13 10 31 158 216 229
13 11 27 158 216 229
13 11 28 158 216 229
13 11 29 158 216 229
13 11 31 158 216 229
13 12 27 196 175 214
13 12 28 158 216 229
13 12 29 158 216 229
13 13 26 196 175 214
13 13 27 158 216 229
13 13 28 158 216 229
13 13 29 158 216 229
13 13 30 158 216 229
13 13 32 158 216 229
13 14 27 158 216 229
13 14 28 158 216 229
13 14 29 158 216 229
13 14 30 158 216 229
13 14 32 158 216 229
13 15 27 158 216 229
13 15 28 158 216 229
13 15 29 158 216 229
13 15 30 158 216 229
13 15 32 158 216 229
13 16 27 158 216 229
13 16 28 158 216 229
13 16 29 158 216 229
13 16 30 158 216 229
13 16 31 158 216 229
13 17 30 158 216 229
13 17 31 158 216 229
13 17 32 158 216 229
13 18 29 158 216 229
13 18 30 158 216 229
13 18 31 158 216 229
13 18 32 158 216 229
13 18 33 158 216 229
13 19 30 158 216 229
13 19 31 158 216 229
13 19 32 158 216 229
13 19 33 158 216 229
13 20 29 158 216 229
13 20 30 158 216 229
13 20 31 158 216 229
13 20 32 158 216 229
13 21 28 158 216 229
13 21 29 158 216 229
13 21 30 158 216 229
13 21 31 158 216 229
13 21 32 158 216 229
13 22 28 158 216 229
13 22 29 158 216 229
13 22 30 158 216 229
13 22 31 158 216 229
13 22 32 158 216 229
13 23 28 158 216 229
13 23 29 158 216 229
13 23 30 158 216 229
13 23 31 158 216 229
13 23 32 158 216 229
13 24 30 158 216 229
13 24 31 158 216 229
13 24 46 158 216 229
13 25 33 158 216 229
14 0 25 43 160 4
14 0 26 43 160 4
14 0 27 43 160 4
14 0 28 43 160 4
14 0 29 43 160 4
14 0 30 43 160 4
14 0 31 43 160 4
14 0 32 43 160 4
14 0 33 43 160 4
14 0 34 43 160 4
14 0 35 43 160 4
14 0 36 43 160 4
14 0 37 43 160 4
14 0 38 43 160 4
14 0 39 43 160 4
14 0 40 43 160 4
14 0 41 43 160 4
14 0 42 43 160 4
14 0 43 43 160 4
14 0 44 43 160 4
14 0 45 43 160 4
14 0 46 43 160 4
14 0 47 43 160 4
14 0 48 43 160 4
14 0 49 43 160 4
14 0 50 43 160 4
14 0 51 43 160 4
14 0 52 43 160 4
14 0 53 43 160 4
14 0 54 43 160 4
14 0 55 43 160 4
14 0 56 43 160 4
14 0 57 43 160 4
14 0 58 43 160 4
14 0 59 43 160 4
14 1 27 255 186 119
14 1 29 158 216 229
14 1 30 158 216 229
14 1 31 158 216 229
14 1 32 158 216 229
14 1 33 158 216 229
14 1 34 158 216 229
14 1 35 158 216 229
14 1 36 158 216 229
14 1 37 158 216 229
14 1 38 158 216 229
14 1 39 158 216 229
14 2 25 255 186 119
14 2 27 255 186 119
14 2 28 158 216 229
14 2 29 158 216 229
14 2 30 158 216 229
14 2 31 158 216 229
14 2 32 158 216 229
14 2 33 158 216 229
14 2 34 158 216 229
14 2 35 158 216 229
14 2 36 158 216 229
14 2 37 158 216 229
14 2 38 158 216 229
14 2 39 158 216 229
14 3 25 255 186 119
14 3 27 255 186 119
14 3 28 255 127 12
14 3 29 158 216 229
14 3 30 158 216 229
14 3 31 158 216 229
14 3 32 158 216 229
14 3 33 158 216 229
14 3 34 158 216 229
14 3 35 158 216 229
14 3 36 158 216 229
14 3 37 158 216 229
14 3 38 158 216 229
14 3 39 158 216 229
14 4 25 255 127 12
14 4 26 255 186 119
14 4 28 255 127 12
14 4 29 255 127 12
14 4 30 158 216 229
14 4 31 158 216 229
14 4 32 158 216 229
14 4 33 158 216 229
14 4 34 158 216 229
14 4 35 158 216 229
14 4 36 158 216 229
14 4 37 158 216 229
14 4 38 158 216 229
14 4 39 158 216 229
14 5 25 255 127 12
14 5 26 255 127 12
14 5 28 255 127 12
14 5 29 255 127 12
14 5 30 158 216 229
14 5 31 158 216 229
14 5 32 158 216 229
14 5 33 158 216 229
14 5 34 158 216 229
14 5 35 158 216 229
14 5 36 158 216 229
14 5 37 158 216 229
14 5 38 158 216 229
14 5 39 158 216 229
14 6 25 255 127 12
14 6 26 255 127 12
14 6 28 255 127 12
14 6 30 158 216 229
14 6 31 158 216 229
14 6 32 158 216 229
14 6 33 158 216 229
14 6 34 158 216 229
14 6 35 158 216 229
14 6 36 158 216 229
14 6 37 158 216 229
14 6 38 158 216 229
14 6 39 158 216 229
14 7 25 255 127 12
14 7 26 255 127 12
14 7 30 158 216 229
14 7 31 158 216 229
14 7 32 158 216 229
14 7 33 158 216 229
14 7 34 158 216 229
14 7 35 158 216 229
14 7 36 158 216 229
14 7 37 158 216 229
14 7 38 158 216 229
14 8 25 255 127 12
14 8 30 158 216 229
14 8 31 158 216 229
14 8 32 158 216 229
14 8 38 158 216 229
14 9 25 255 127 12
14 9 29 196 175 214
14 9 30 158 216 229
14 9 31 158 216 229
14 10 25 255 127 12
14 10 29 196 175 214
14 10 31 158 216 229
14 11 25 196 175 214
14 11 26 196 175 214
14 11 27 196 175 214
14 11 28 196 175 214
14 11 29 196 175 214
14 11 30 158 216 229
14 12 25 196 175 214
14 12 28 196 175 214
14 12 29 196 175 214
14 12 30 158 216 229
14 12 31 158 216 229
14 13 25 196 175 214
14 13 26 196 175 214
14 13 29 196 175 214
14 13 30 158 216 229
14 13 31 158 216 229
14 14 25 196 175 214
14 14 26 196 175 214
14 14 29 158 216 229
14 14 30 158 216 229
14 14 31 158 216 229
14 14 33 158 216 229
14 15 25 196 175 214
14 15 26 196 175 214
14 15 29 158 216 229
14 15 30 158 216 229
14 15 31 158 216 229
14 16 29 158 216 229
14 16 30 158 216 229
14 16 31 158 216 229
14 16 32 158 216 229
14 17 30 158 216 229
14 17 31 158 216 229
14 17 32 158 216 229
14 17 33 158 216 229
14 18 32 158 216 229
14 18 33 158 216 229
14 19 32 158 216 229
14 20 32 158 216 229
14 21 31 158 216 229
14 21 32 158 216 229
14 21 40 158 216 229
14 22 31 158 216 229
14 22 32 158 216 229
14 23 31 158 216 229
14 23 32 158 216 229
14 24 30 158 216 229
14 24 31 158 216 229
14 24 32 158 216 229
14 25 33 158 216 229
15 0 23 43 160 4
15 0 25 43 160 4
15 0 26 43 160 4
15 0 27 43 160 4
15 0 28 43 160 4
15 0 29 43 160 4
15 0 30 43 160 4
15 0 31 43 160 4
15 0 32 43 160 4
15 0 33 43 160 4
15 0 34 43 160 4
15 0 35 43 160 4
15 0 36 43 160 4
15 0 37 43 160 4
15 0 38 43 160 4
15 0 39 43 160 4
15 0 40 43 160 4
15 0 41 43 160 4
15 0 42 43 160 4
15 0 43 43 160 4
15 0 44 43 160 4
15 0 45 43 160 4
15 0 46 43 160 4
15 0 47 43 160 4
15 0 48 43 160 4
15 0 49 43 160 4
15 0 50 43 160 4
15 0 51 43 160 4
15 0 52 43 160 4
15 0 53 43 160 4
15 0 54 43 160 4
15 0 55 43 160 4
15 0 56 43 160 4
15 0 57 43 160 4
15 0 58 43 160 4
15 0 59 43 160 4
15 1 23 255 186 119
15 1 24 255 186 119
15 1 27 255 186 119
15 1 28 255 186 119
15 1 29 255 186 119
15 1 30 255 186 119
15 1 31 255 186 119
15 1 32 255 186 119
15 1 33 158 216 229
15 1 34 158 216 229
15 1 35 158 216 229
15 1 36 255 186 119
15 1 37 158 216 229
15 1 38 158 216 229
15 1 39 158 216 229
15 2 23 255 186 119
15 2 24 255 186 119
15 2 25 255 186 119
15 2 26 255 186 119
15 2 27 255 186 119
15 2 28 255 186 119
15 2 29 255 186 119
15 2 30 255 186 119
15 2 31 255 186 119
15 2 32 255 186 119
15 2 33 158 216 229
15 2 34 158 216 229
15 2 35 158 216 229
15 2 36 255 186 119
15 2 37 158 216 229
15 2 38 158 216 229
15 2 39 158 216 229
15 3 23 255 186 119
15 3 24 255 186 119
15 3 25 255 186 119
15 3 26 255 186 119
15 3 27 255 186 119
15 3 28 255 186 119
15 3 29 255 186 119
15 3 30 255 186 119
15 3 31 255 186 119
15 3 32 255 186 119
15 3 33 158 216 229
15 3 34 158 216 229
15 3 35 158 216 229
15 3 36 158 216 229
15 3 37 158 216 229
15 3 38 158 216 229
15 3 39 158 216 229
15 4 23 255 186 119
15 4 24 255 186 119
15 4 25 255 186 119
15 4 27 255 186 119
15 4 28 255 186 119
15 4 29 255 186 119
15 4 30 255 186 119
15 4 31 255 186 119
15 4 32 255 186 119
15 4 33 158 216 229
15 4 34 158 216 229
15 4 35 158 216 229
15 4 36 158 216 229
15 4 37 158 216 229
15 4 38 158 216 229
15 4 39 158 216 229
15 5 23 255 127 12
15 5 24 255 186 119
15 5 25 255 186 119
15 5 27 255 186 119
15 5 28 255 186 119
15 5 29 255 186 119
15 5 30 255 186 119
15 5 31 255 186 119
15 5 32 158 216 229
15 5 33 158 216 229
15 5 34 158 216 229
15 5 35 158 216 229
15 5 36 158 216 229
15 5 37 158 216 229
15 5 38 158 216 229
15 5 39 158 216 229
15 6 23 255 127 12
15 6 24 255 186 119
15 6 25 255 186 119
15 6 27 255 186 119
15 6 28 255 186 119
15 6 29 255 186 119
15 6 30 255 186 119
15 6 32 158 216 229
15 6 33 158 216 229
15 6 34 158 216 229
15 6 35 158 216 229
15 6 36 158 216 229
15 6 37 158 216 229
15 6 38 158 216 229
15 6 39 158 216 229
15 7 23 255 127 12
15 7 24 255 127 12
15 7 25 255 186 119
15 7 27 255 186 119
15 7 28 196 175 214
15 7 29 196 175 214
15 7 30 196 175 214
15 7 31 158 216 229
15 7 32 158 216 229
15 7 33 158 216 229
15 7 34 158 216 229
15 7 35 158 216 229
15 7 36 158 216 229
15 7 37 158 216 229
15 7 38 158 216 229
15 7 39 158 216 229
15 8 23 255 127 12
15 8 24 255 127 12
15 8 25 255 127 12
15 8 28 196 175 214
15 8 29 196 175 214
15 8 30 196 175 214
15 8 31 196 175 214
15 8 32 158 216 229
15 8 33 158 216 229
15 8 34 158 216 229
15 8 35 158 216 229
15 8 36 158 216 229
15 8 37 158 216 229
15 8 38 158 216 229
15 8 39 158 216 229
15 9 23 255 127 12
15 9 24 255 127 12
15 9 28 196 175 214
15 9 30 196 175 214
15 9 31 158 216 229
15 9 32 158 216 229
15 9 33 158 216 229
15 9 34 158 216 229
15 9 35 158 216 229
15 9 36 158 216 229
15 9 37 158 216 229
15 9 38 158 216 229
15 9 39 158 216 229
15 10 23 30 119 181
15 10 24 30 119 181
15 10 27 196 175 214
15 10 29 196 175 214
15 10 34 158 216 229
15 10 35 158 216 229
15 10 36 158 216 229
15 10 37 158 216 229
15 10 38 158 216 229
15 10 39 158 216 229
15 11 24 196 175 214
15 11 25 196 175 214
15 11 26 196 175 214
15 11 27 196 175 214
15 11 28 196 175 214
15 11 29 196 175 214
15 11 30 196 175 214
15 11 31 158 216 229
15 11 34 158 216 229
15 11 35 158 216 229
15 11 37 158 216 229
15 11 39 158 216 229
15 12 23 196 175 214
15 12 30 196 175 214
15 12 31 158 216 229
15 12 34 158 216 229
15 13 23 196 175 214
15 13 24 196 175 214
15 13 30 158 216 229
15 13 31 158 216 229
15 13 32 158 216 229
15 14 24 196 175 214
15 14 30 158 216 229
15 14 31 158 216 229
15 14 32 158 216 229
15 14 35 158 216 229
15 15 24 196 175 214
15 15 30 158 216 229
15 15 31 158 216 229
15 15 32 158 216 229
15 15 33 158 216 229
15 15 35 158 216 229
15 16 23 196 175 214
15 16 30 158 216 229
15 16 31 158 216 229
15 16 32 158 216 229
15 16 33 158 216 229
15 17 32 158 216 229
15 17 33 158 216 229
15 17 34 158 216 229
15 17 35 158 216 229
15 18 32 158 216 229
15 18 33 158 216 229
15 18 34 158 216 229
15 18 35 158 216 229
15 18 36 158 216 229
15 18 37 158 216 229
15 19 31 158 216 229
15 19 32 158 216 229
15 19 33 158 216 229
15 19 34 158 216 229
15 19 35 158 216 229
15 19 36 158 216 229
15 19 37 158 216 229
15 19 38 158 216 229
15 20 32 158 216 229
15 20 33 158 216 229
15 20 34 158 216 229
15 20 35 158 216 229
15 20 36 158 216 229
15 20 38 158 216 229
15 21 31 158 216 229
15 21 32 158 216 229
15 21 33 158 216 229
15 21 35 158 216 229
15 21 36 158 216 229
15 22 31 158 216 229
15 22 32 158 216 229
15 22 33 158 216 229
15 22 37 158 216 229
15 23 31 158 216 229
15 23 32 158 216 229
15 23 33 158 216 229
15 23 34 158 216 229
15 24 30 158 216 229
15 24 31 158 216 229
15 24 32 158 216 229
15 24 33 158 216 229
15 24 34 158 216 229
15 24 35 158 216 229
15 24 36 158 216 229
15 24 37 158 216 229
15 25 32 158 216 229
15 25 33 158 216 229
15 25 34 158 216 229
15 25 35 158 216 229
16 0 22 43 160 4
16 0 25 43 160 4
16 0 26 43 160 4
16 0 27 43 160 4
16 0 28 43 160 4
16 0 29 43 160 4
16 0 30 43 160 4
16 0 31 43 160 4
16 0 32 43 160 4
16 0 33 43 160 4
16 0 34 43 160 4
16 0 35 43 160 4
16 0 36 43 160 4
16 0 37 43 160 4
16 0 38 43 160 4
16 0 39 43 160 4
16 0 40 43 160 4
16 0 41 43 160 4
16 0 42 43 160 4
16 0 43 43 160 4
16 0 44 43 160 4
16 0 45 43 160 4
16 0 46 43 160 4
16 0 47 43 160 4
16 0 48 43 160 4
16 0 49 43 160 4
16 0 50 43 160 4
16 0 51 43 160 4
16 0 52 43 160 4
16 0 53 43 160 4
16 0 54 43 160 4
16 0 55 43 160 4
16 0 56 43 160 4
16 0 57 43 160 4
16 0 58 43 160 4
16 0 59 43 160 4
16 1 22 255 186 119
16 1 23 255 186 119
16 1 24 255 186 119
16 1 26 255 186 119
16 1 27 255 186 119
16 1 28 255 186 119
16 1 29 255 186 119
16 1 30 255 186 119
16 1 31 255 186 119
16 1 32 255 186 119
16 1 33 255 186 119
16 1 34 255 186 119
16 1 35 255 186 119
16 1 36 255 186 119
16 1 37 255 186 119
16 1 39 158 216 229
16 2 22 255 186 119
16 2 23 255 186 119
16 2 24 255 186 119
16 2 25 255 186 119
16 2 27 255 186 119
16 2 28 255 186 119
16 2 29 255 186 119
16 2 30 255 186 119
16 2 31 255 186 119
16 2 32 255 186 119
16 2 33 255 186 119
16 2 34 255 186 119
16 2 35 255 186 119
16 2 36 255 186 119
16 2 37 255 186 119
16 2 38 255 186 119
16 2 39 158 216 229
16 3 24 255 186 119
16 3 25 255 186 119
16 3 27 255 186 119
16 3 28 255 186 119
16 3 29 255 186 119
16 3 30 255 186 119
16 3 31 255 186 119
16 3 32 255 186 119
16 3 33 255 186 119
16 3 34 255 186 119
16 3 35 255 186 119
16 3 36 255 186 119
16 3 37 255 186 119
16 3 38 255 186 119
16 3 39 158 216 229
16 4 23 255 186 119
16 4 24 255 186 119
16 4 25 255 186 119
16 4 27 255 186 119
16 4 28 255 186 119
16 4 29 255 186 119
16 4 30 255 186 119
16 4 31 255 186 119
16 4 32 255 186 119
16 4 33 255 186 119
16 4 34 255 186 119
16 4 35 255 186 119
16 4 36 255 186 119
16 4 37 255 186 119
16 4 38 255 186 119
16 4 39 255 186 119
16 5 23 255 186 119
16 5 24 255 186 119
16 5 25 255 186 119
16 5 27 255 186 119
16 5 28 255 186 119
16 5 29 255 186 119
16 5 30 255 186 119
16 5 31 255 186 119
16 5 32 255 186 119
16 5 33 255 186 119
16 5 34 255 186 119
16 5 35 255 186 119
16 5 36 255 186 119
16 5 37 255 186 119
16 5 38 255 186 119
16 5 39 158 216 229
16 6 23 255 186 119
16 6 24 255 186 119
16 6 26 255 186 119
16 6 27 255 186 119
16 6 28 255 186 119
16 6 29 255 186 119
16 6 30 255 186 119
16 6 31 255 186 119
16 6 32 196 175 214
16 6 33 255 186 119
16 6 34 255 186 119
16 6 35 255 186 119
16 6 36 255 186 119
16 6 37 255 186 119
16 6 38 158 216 229
16 6 39 158 216 229
16 7 23 255 186 119
16 7 24 255 186 119
16 7 26 255 186 119
16 7 27 255 186 119
16 7 28 255 186 119
16 7 29 196 175 214
16 7 30 196 175 214
16 7 31 196 175 214
16 7 32 196 175 214
16 7 33 196 175 214
16 7 34 158 216 229
16 7 35 255 186 119
16 7 36 255 186 119
16 7 37 255 186 119
16 8 23 255 186 119
16 8 24 255 186 119
16 8 26 255 186 119
16 8 27 196 175 214
16 8 28 196 175 214
16 8 29 196 175 214
16 8 30 196 175 214
16 8 31 196 175 214
16 8 32 196 175 214
16 8 33 196 175 214
16 8 34 255 186 119
16 8 35 255 186 119
16 8 36 255 186 119
16 8 37 255 186 119
16 9 22 30 119 181
16 9 23 30 119 181
16 9 24 30 119 181
16 9 26 196 175 214
16 9 31 196 175 214
16 9 32 196 175 214
16 9 39 158 216 229
16 10 22 30 119 181
16 10 23 30 119 181
16 10 26 196 175 214
16 10 29 196 175 214
16 10 30 196 175 214
16 10 31 196 175 214
16 10 33 196 175 214
16 10 39 158 216 229
16 11 22 196 175 214
16 11 23 196 175 214
16 11 24 196 175 214
16 11 29 196 175 214
16 11 30 196 175 214
16 11 31 196 175 214
16 11 32 196 175 214
16 11 34 158 216 229
16 12 31 196 175 214
16 12 32 158 216 229
16 12 33 158 216 229
16 12 35 158 216 229
16 13 31 158 216 229
16 13 32 158 216 229
16 13 33 158 216 229
16 13 34 158 216 229
16 14 32 158 216 229
16 14 33 158 216 229
16 14 34 158 216 229
16 15 32 158 216 229
16 15 33 158 216 229
16 15 34 158 216 229
16 15 36 158 216 229
16 16 32 158 216 229
16 16 33 158 216 229
16 16 34 158 216 229
16 17 33 158 216 229
16 17 34 158 216 229
16 17 35 158 216 229
16 17 36 158 216 229
16 18 32 158 216 229
16 18 33 158 216 229
16 18 34 158 216 229
16 18 35 158 216 229
16 18 36 158 216 229
16 18 37 158 216 229
16 19 31 158 216 229
16 19 32 158 216 229
16 19 33 158 216 229
16 19 34 158 216 229
16 19 35 158 216 229
16 19 38 158 216 229
16 20 31 158 216 229
16 20 32 158 216 229
16 20 33 158 216 229
16 20 35 158 216 229
16 20 39 158 216 229
16 20 40 158 216 229
16 21 30 158 216 229
16 21 31 158 216 229
16 21 32 158 216 229
16 21 33 158 216 229
16 21 34 158 216 229
16 22 30 158 216 229
16 22 31 158 216 229
16 22 32 158 216 229
16 22 33 158 216 229
16 22 34 158 216 229
16 22 35 158 216 229
16 22 39 158 216 229
16 23 30 158 216 229
16 23 31 158 216 229
16 23 32 158 216 229
16 23 33 158 216 229
16 23 34 158 216 229
16 23 35 158 216 229
16 23 36 158 216 229
16 23 37 158 216 229
16 23 38 158 216 229
16 23 39 158 216 229
16 24 30 158 216 229
16 24 31 158 216 229
16 24 32 158 216 229
16 24 33 158 216 229
16 24 34 158 216 229
16 24 38 158 216 229
16 25 35 158 216 229
16 25 38 158 216 229
16 26 39 158 216 229
17 0 25 43 160 4
17 0 26 43 160 4
17 0 27 43 160 4
17 0 28 43 160 4
17 0 29 43 160 4
17 0 30 43 160 4
17 0 31 43 160 4
17 0 32 43 160 4
17 0 33 43 160 4
17 0 34 43 160 4
17 0 35 43 160 4
17 0 36 43 160 4
17 0 37 43 160 4
17 0 38 43 160 4
17 0 39 43 160 4
17 0 40 43 160 4
17 0 41 43 160 4
17 0 42 43 160 4
17 0 43 43 160 4
17 0 44 43 160 4
17 0 45 43 160 4
17 0 46 43 160 4
17 0 47 43 160 4
17 0 48 43 160 4
17 0 49 43 160 4
17 0 50 43 160 4
17 0 51 43 160 4
17 0 52 43 160 4
17 0 53 43 160 4
17 0 54 43 160 4
17 0 55 43 160 4
17 0 56 43 160 4
17 0 57 43 160 4
17 0 58 43 160 4
17 0 59 43 160 4
17 1 20 255 186 119
17 1 21 255 186 119
17 1 22 255 186 119
17 1 23 255 186 119
17 1 24 255 186 119
17 1 26 255 186 119
17 1 27 255 186 119
17 1 28 255 186 119
17 1 29 255 186 119
17 1 30 255 186 119
17 1 31 255 186 119
17 1 32 255 186 119
17 1 33 255 186 119
17 1 34 255 186 119
17 1 35 255 186 119
17 1 36 255 186 119
17 1 37 255 186 119
17 1 38 255 186 119
17 1 39 255 186 119
17 2 22 255 186 119
17 2 23 255 186 119
17 2 24 255 186 119
17 2 26 255 186 119
17 2 27 255 186 119
17 2 28 255 186 119
17 2 29 255 186 119
17 2 30 255 186 119
17 2 31 255 186 119
17 2 32 255 186 119
17 2 33 255 186 119
17 2 34 255 186 119
17 2 35 255 186 119
17 2 36 255 186 119
17 2 37 255 186 119
17 2 38 255 186 119
17 3 23 255 186 119
17 3 24 255 186 119
17 3 26 255 186 119
17 3 27 255 186 119
17 3 28 255 186 119
17 3 29 255 186 119
17 3 30 255 186 119
17 3 31 255 186 119
17 3 32 255 186 119
17 3 33 255 186 119
17 3 34 255 186 119
17 3 35 255 186 119
17 3 36 255 186 119
17 3 37 255 186 119
17 3 38 255 186 119
17 3 39 158 216 229
17 4 23 255 186 119
17 4 24 255 186 119
17 4 26 255 186 119
17 4 27 255 186 119
17 4 28 255 186 119
17 4 29 255 186 119
17 4 30 255 186 119
17 4 31 255 186 119
17 4 32 255 186 119
17 4 33 255 186 119
17 4 34 255 186 119
17 4 35 255 186 119
17 4 36 255 186 119
17 4 37 255 186 119
17 4 38 255 186 119
17 4 39 255 186 119
17 5 23 255 186 119
17 5 24 255 186 119
17 5 26 255 186 119
17 5 27 255 186 119
17 5 28 255 186 119
17 5 29 255 186 119
17 5 30 255 186 119
17 5 31 255 186 119
17 5 32 255 186 119
17 5 33 255 186 119
17 5 34 255 186 119
17 5 35 255 186 119
17 5 36 255 186 119
17 5 37 255 186 119
17 5 38 255 186 119
17 5 39 255 186 119
17 6 22 255 186 119
17 6 23 255 186 119
17 6 24 255 186 119
17 6 26 255 186 119
17 6 27 255 186 119
17 6 28 255 186 119
17 6 29 255 186 119
17 6 30 255 186 119
17 6 31 255 186 119
17 6 32 196 175 214
17 6 33 255 186 119
17 6 34 255 186 119
17 6 35 255 186 119
17 6 36 255 186 119
17 6 37 255 186 119
17 6 38 255 186 119
17 7 22 255 186 119
17 7 23 255 186 119
17 7 26 255 186 119
17 7 27 255 186 119
17 7 28 255 186 119
17 7 29 196 175 214
17 7 30 196 175 214
17 7 31 196 175 214
17 7 32 196 175 214
17 7 33 196 175 214
17 7 34 255 186 119
17 7 35 255 186 119
17 7 36 255 186 119
17 7 37 255 186 119
17 7 39 158 216 229
17 8 22 255 186 119
17 8 23 255 186 119
17 8 26 255 186 119
17 8 29 196 175 214
17 8 30 196 175 214
17 8 31 196 175 214
17 8 32 196 175 214
17 8 33 196 175 214
17 8 34 196 175 214
17 8 35 255 186 119
17 8 36 255 186 119
17 8 37 255 186 119
17 8 38 255 186 119
17 9 20 30 119 181
17 9 21 30 119 181
17 9 22 255 127 12
17 9 23 30 119 181
17 9 27 196 175 214
17 9 28 196 175 214
17 9 31 196 175 214
17 9 32 196 175 214
17 9 33 196 175 214
17 9 34 196 175 214
17 9 35 255 186 119
17 9 39 158 216 229
17 10 20 30 119 181
17 10 21 30 119 181
17 10 22 30 119 181
17 10 27 196 175 214
17 10 28 196 175 214
17 10 29 196 175 214
17 10 30 196 175 214
17 11 20 196 175 214
17 11 21 30 119 181
17 11 22 196 175 214
17 11 29 196 175 214
17 11 30 196 175 214
17 11 31 196 175 214
17 11 32 196 175 214
17 11 33 196 175 214
17 12 32 196 175 214
17 12 33 196 175 214
17 12 34 196 175 214
17 13 32 196 175 214
17 13 33 196 175 214
17 13 34 196 175 214
17 13 36 158 216 229
17 14 33 158 216 229
17 14 34 158 216 229
17 14 35 158 216 229
17 14 37 158 216 229
17 15 33 158 216 229
17 15 34 158 216 229
17 15 35 158 216 229
17 16 33 158 216 229
17 16 34 158 216 229
17 16 35 158 216 229
17 16 36 158 216 229
17 16 38 158 216 229
17 17 34 158 216 229
17 17 35 158 216 229
17 17 36 158 216 229
17 17 37 158 216 229
17 17 39 158 216 229
17 18 32 158 216 229
17 18 33 158 216 229
17 18 34 158 216 229
17 18 35 158 216 229
17 18 36 158 216 229
17 18 37 158 216 229
17 18 38 158 216 229
17 19 30 158 216 229
17 19 31 158 216 229
17 19 32 158 216 229
17 19 33 158 216 229
17 19 36 158 216 229
17 19 37 158 216 229
17 19 38 158 216 229
17 19 39 158 216 229
17 20 30 196 175 214
17 20 31 158 216 229
17 20 37 158 216 229
17 20 39 158 216 229
17 21 28 196 175 214
17 21 29 196 175 214
17 21 30 196 175 214
17 21 31 158 216 229
17 21 32 158 216 229
17 21 36 158 216 229
17 21 39 158 216 229
17 22 28 196 175 214
17 22 29 196 175 214
17 22 30 158 216 229
17 22 31 158 216 229
17 22 32 158 216 229
17 22 33 158 216 229
17 22 34 158 216 229
17 22 35 158 216 229
17 22 36 158 216 229
17 22 40 158 216 229
17 23 29 196 175 214
17 23 30 158 216 229
17 23 31 158 216 229
17 23 32 158 216 229
17 23 35 158 216 229
17 23 36 158 216 229
17 23 37 158 216 229
17 23 38 158 216 229
17 23 39 158 216 229
17 24 32 158 216 229
17 24 33 158 216 229
17 24 35 158 216 229
17 24 36 158 216 229
17 24 37 158 216 229
17 24 38 158 216 229
17 25 37 158 216 229
17 25 38 158 216 229
17 26 39 158 216 229
17 26 40 158 216 229
17 27 40 158 216 229
17 28 40 158 216 229
17 29 40 158 216 229
18 0 22 43 160 4
18 0 24 43 160 4
18 0 25 43 160 4
18 0 26 43 160 4
18 0 27 43 160 4
18 0 28 43 160 4
18 0 29 43 160 4
18 0 30 43 160 4
18 0 31 43 160 4
18 0 32 43 160 4
18 0 33 43 160 4
18 0 34 43 160 4
18 0 35 43 160 4
18 0 36 43 160 4
18 0 37 43 160 4
18 0 38 43 160 4
18 0 39 43 160 4
18 0 40 43 160 4
18 0 41 43 160 4
18 0 42 43 160 4
18 0 43 43 160 4
18 0 44 43 160 4
18 0 45 43 160 4
18 0 46 43 160 4
18 0 47 43 160 4
18 0 48 43 160 4
18 0 49 43 160 4
18 0 50 43 160 4
18 0 51 43 160 4
18 0 52 43 160 4
18 0 53 43 160 4
18 0 54 43 160 4
18 0 55 43 160 4
18 0 56 43 160 4
18 0 57 43 160 4
18 0 58 43 160 4
18 0 59 43 160 4
18 1 20 255 186 119
18 1 21 255 186 119
18 1 22 255 186 119
18 1 23 255 186 119
18 1 26 255 186 119
18 1 27 255 186 119
18 1 28 255 186 119
18 1 29 255 186 119
18 1 30 255 186 119
18 1 31 255 186 119
18 1 32 255 186 119
18 1 33 255 186 119
18 1 34 255 186 119
18 1 35 255 186 119
18 1 36 255 186 119
18 1 37 255 186 119
18 1 38 255 186 119
18 2 22 255 186 119
18 2 23 255 186 119
18 2 24 255 186 119
18 2 27 255 186 119
18 2 28 255 186 119
18 2 29 255 186 119
18 2 30 255 186 119
18 2 31 255 186 119
18 2 32 255 186 119
18 2 33 255 186 119
18 2 34 255 186 119
18 2 35 255 186 119
18 2 36 255 186 119
18 2 37 255 186 119
18 2 38 255 186 119
18 2 39 255 186 119
18 3 22 255 186 119
18 3 23 255 186 119
18 3 24 255 186 119
18 3 27 255 186 119
18 3 28 255 186 119
18 3 29 255 186 119
18 3 30 255 186 119
18 3 31 255 186 119
18 3 32 255 186 119
18 3 33 255 186 119
18 3 34 255 186 119
18 3 35 255 186 119
18 3 36 255 186 119
18 3 37 255 186 119
18 3 38 255 186 119
18 3 39 255 186 119
18 4 22 255 186 119
18 4 23 255 186 119
18 4 26 255 186 119
18 4 27 255 186 119
18 4 28 255 186 119
18 4 29 255 186 119
18 4 30 255 186 119
18 4 31 255 186 119
18 4 32 255 186 119
18 4 33 255 186 119
18 4 34 255 186 119
18 4 35 255 186 119
18 4 36 255 186 119
18 4 37 255 186 119
18 4 38 255 186 119
18 4 39 255 186 119
18 5 22 255 186 119
18 5 23 255 186 119
18 5 25 255 186 119
18 5 26 255 186 119
18 5 27 255 186 119
18 5 28 255 186 119
18 5 29 255 186 119
18 5 30 255 186 119
18 5 31 255 186 119
18 5 32 255 186 119
18 5 33 255 186 119
18 5 34 255 186 119
18 5 35 255 186 119
18 5 36 255 186 119
18 5 37 255 186 119
18 5 38 255 186 119
18 5 39 255 186 119
18 6 22 255 186 119
18 6 23 255 186 119
18 6 25 255 186 119
18 6 26 255 186 119
18 6 27 255 186 119
18 6 28 255 186 119
18 6 29 255 186 119
18 6 30 255 186 119
18 6 31 196 175 214
18 6 32 196 175 214
18 6 33 255 186 119
18 6 34 255 186 119
18 6 35 255 186 119
18 6 36 255 186 119
18 6 37 255 186 119
18 6 38 255 186 119
18 6 39 255 186 119
18 7 22 255 186 119
18 7 23 255 186 119
18 7 25 255 186 119
18 7 26 255 186 119
18 7 27 255 186 119
18 7 28 255 186 119
18 7 29 196 175 214
18 7 30 196 175 214
18 7 31 196 175 214
18 7 32 196 175 214
18 7 33 196 175 214
18 7 34 196 175 214
18 7 35 255 186 119
18 7 36 255 186 119
18 7 37 255 186 119
18 7 38 255 186 119
18 8 21 255 186 119
18 8 22 255 186 119
18 8 23 255 186 119
18 8 30 196 175 214
18 8 31 196 175 214
18 8 32 196 175 214
18 8 33 196 175 214
18 8 34 196 175 214
18 8 35 196 175 214
18 8 36 255 186 119
18 8 37 255 186 119
18 8 38 255 186 119
18 8 39 255 186 119
18 9 19 30 119 181
18 9 20 30 119 181
18 9 21 255 127 12
18 9 22 255 186 119
18 9 25 196 175 214
18 9 26 196 175 214
18 9 27 196 175 214
18 9 28 196 175 214
18 9 29 196 175 214
18 9 32 196 175 214
18 9 33 196 175 214
18 9 34 196 175 214
18 9 35 196 175 214
18 9 36 255 186 119
18 9 37 255 186 119
18 9 38 255 186 119
18 10 19 30 119 181
18 10 20 30 119 181
18 10 21 30 119 181
18 10 22 30 119 181
18 10 24 196 175 214
18 10 25 196 175 214
18 10 26 196 175 214
18 10 27 196 175 214
18 10 28 196 175 214
18 10 29 196 175 214
18 10 30 196 175 214
18 10 31 196 175 214
18 10 38 255 186 119
18 11 21 30 119 181
18 11 29 196 175 214
18 11 30 196 175 214
18 11 31 196 175 214
18 11 32 196 175 214
18 11 33 196 175 214
18 12 32 196 175 214
18 12 33 196 175 214
18 12 34 196 175 214
18 13 34 196 175 214
18 13 35 196 175 214
18 14 34 196 175 214
18 14 35 196 175 214
18 14 36 196 175 214
18 14 39 158 216 229
18 15 34 158 216 229
18 15 35 158 216 229
18 15 36 158 216 229
18 15 37 158 216 229
18 16 34 158 216 229
18 16 35 158 216 229
18 16 36 158 216 229
18 16 37 158 216 229
18 16 38 158 216 229
18 17 35 158 216 229
18 17 36 158 216 229
18 17 37 158 216 229
18 17 38 158 216 229
18 18 35 158 216 229
18 18 36 158 216 229
18 18 37 158 216 229
18 18 38 158 216 229
18 19 29 196 175 214
18 19 35 158 216 229
18 19 36 158 216 229
18 19 37 158 216 229
18 19 38 158 216 229
18 19 39 158 216 229
18 20 36 158 216 229
18 20 37 158 216 229
18 20 38 158 216 229
18 21 28 196 175 214
18 21 29 196 175 214
18 21 30 196 175 214
18 21 31 158 216 229
18 21 32 158 216 229
18 21 33 158 216 229
18 21 34 158 216 229
18 21 37 158 216 229
18 21 38 158 216 229
18 21 39 158 216 229
18 22 28 196 175 214
18 22 29 196 175 214
18 22 30 255 127 12
18 22 32 158 216 229
18 22 35 158 216 229
18 22 36 158 216 229
18 22 37 158 216 229
18 22 38 158 216 229
18 22 39 158 216 229
18 23 30 196 175 214
18 23 33 158 216 229
18 23 34 158 216 229
18 23 35 158 216 229
18 23 36 158 216 229
18 23 37 158 216 229
18 23 38 158 216 229
18 24 35 158 216 229
18 24 36 158 216 229
18 24 37 158 216 229
18 24 38 158 216 229
18 25 36 158 216 229
18 25 37 158 216 229
18 25 38 158 216 229
18 26 36 158 216 229
18 26 37 158 216 229
18 26 38 158 216 229
18 26 39 158 216 229
18 27 37 158 216 229
18 27 38 158 216 229
19 0 22 43 160 4
19 0 24 43 160 4
19 0 25 43 160 4
19 0 26 43 160 4
19 0 27 43 160 4
19 0 28 43 160 4
19 0 29 43 160 4
19 0 30 43 160 4
19 0 31 43 160 4
19 0 32 43 160 4
19 0 33 43 160 4
19 0 34 43 160 4
19 0 35 43 160 4
19 0 36 43 160 4
19 0 37 43 160 4
19 0 38 43 160 4
19 0 39 43 160 4
19 0 40 43 160 4
19 0 41 43 160 4
19 0 42 43 160 4
19 0 43 43 160 4
19 0 44 43 160 4
19 0 45 43 160 4
19 0 46 43 160 4
19 0 47 43 160 4
19 0 48 43 160 4
19 0 49 43 160 4
19 0 50 43 160 4
19 0 51 43 160 4
19 0 52 43 160 4
19 0 53 43 160 4
19 0 54 43 160 4
19 0 55 43 160 4
19 0 56 43 160 4
19 0 57 43 160 4
19 0 58 43 160 4
19 0 59 43 160 4
19 1 20 255 186 119
19 1 21 255 186 119
19 1 22 255 186 119
19 1 23 255 186 119
19 1 24 255 186 119
19 1 27 255 186 119
19 1 28 255 186 119
19 1 29 255 186 119
19 1 30 255 186 119
19 1 31 255 186 119
19 1 32 255 186 119
19 1 33 255 186 119
19 1 34 255 186 119
19 1 35 255 186 119
19 1 36 255 186 119
19 1 37 255 186 119
19 1 38 255 186 119
19 1 39 255 186 119
19 2 22 255 186 119
19 2 23 255 186 119
19 2 24 255 186 119
19 2 25 255 186 119
19 2 26 255 186 119
19 2 27 255 186 119
19 2 28 255 186 119
19 2 29 255 186 119
19 2 30 255 186 119
19 2 31 255 186 119
19 2 32 255 186 119
19 2 33 255 186 119
19 2 34 255 186 119
19 2 35 255 186 119
19 2 36 255 186 119
19 2 37 255 186 119
19 2 38 255 186 119
19 2 39 255 186 119
19 3 22 255 186 119
19 3 23 255 186 119
19 3 24 255 186 119
19 3 25 255 186 119
19 3 27 255 186 119
19 3 28 255 186 119
19 3 29 255 186 119
19 3 30 255 186 119
19 3 31 255 186 119
19 3 32 255 186 119
19 3 33 255 186 119
19 3 34 255 186 119
19 3 35 255 186 119
19 3 36 255 186 119
19 3 37 255 186 119
19 3 38 255 186 119
19 3 39 255 186 119
19 4 22 255 186 119
19 4 23 255 186 119
19 4 27 255 186 119
19 4 28 255 186 119
19 4 29 255 186 119
19 4 30 255 186 119
19 4 31 255 186 119
19 4 32 255 186 119
19 4 33 255 186 119
19 4 34 255 186 119
19 4 35 255 186 119
19 4 36 255 186 119
19 4 37 255 186 119
19 4 38 255 186 119
19 4 39 255 186 119
19 5 21 255 186 119
19 5 22 255 186 119
19 5 23 255 186 119
19 5 24 255 186 119
19 5 25 255 186 119
19 5 26 255 186 119
19 5 27 255 186 119
19 5 28 255 186 119
19 5 29 255 186 119
19 5 30 255 186 119
19 5 31 255 186 119
19 5 32 255 186 119
19 5 33 255 186 119
19 5 34 255 186 119
19 5 35 255 186 119
19 5 36 255 186 119
19 5 37 255 186 119
19 5 38 255 186 119
19 5 39 255 186 119
19 6 21 255 186 119
19 6 22 255 186 119
19 6 24 255 186 119
19 6 25 255 186 119
19 6 26 255 186 119
19 6 27 255 186 119
19 6 28 255 186 119
19 6 29 255 186 119
19 6 30 255 186 119
19 6 31 196 175 214
19 6 32 196 175 214
19 6 33 255 186 119
19 6 34 255 186 119
19 6 35 255 186 119
19 6 36 255 186 119
19 6 37 255 186 119
19 6 38 255 186 119
19 6 39 255 186 119
19 7 21 255 186 119
19 7 22 255 186 119
19 7 24 255 186 119
19 7 25 255 186 119
19 7 26 255 186 119
19 7 27 255 186 119
19 7 28 255 186 119
19 7 29 255 186 119
19 7 30 196 175 214
19 7 31 196 175 214
19 7 32 196 175 214
19 7 33 196 175 214
19 7 34 196 175 214
19 7 35 255 186 119
19 7 36 255 186 119
19 7 37 255 186 119
19 7 38 255 186 119
19 7 39 255 186 119
19 8 21 255 186 119
19 8 22 255 186 119
19 8 30 196 175 214
19 8 31 196 175 214
19 8 32 196 175 214
19 8 33 196 175 214
19 8 34 196 175 214
19 8 35 196 175 214
19 8 36 255 186 119
19 8 37 255 186 119
19 8 38 255 186 119
19 8 39 255 186 119
19 9 20 255 186 119
19 9 21 255 186 119
19 9 22 255 186 119
19 9 23 255 186 119
19 9 24 255 186 119
19 9 25 196 175 214
19 9 26 196 175 214
19 9 27 196 175 214
19 9 28 196 175 214
19 9 29 196 175 214
19 9 30 196 175 214
19 9 33 196 175 214
19 9 34 196 175 214
19 9 35 196 175 214
19 9 36 255 186 119
19 9 37 255 186 119
19 10 19 30 119 181
19 10 20 30 119 181
19 10 21 30 119 181
19 10 22 30 119 181
19 10 23 196 175 214
19 10 24 196 175 214
19 10 28 196 175 214
19 10 29 196 175 214
19 10 30 196 175 214
19 10 31 196 175 214
19 10 32 196 175 214
19 10 34 196 175 214
19 11 31 196 175 214
19 11 32 196 175 214
19 11 33 196 175 214
19 11 35 196 175 214
19 12 33 196 175 214
19 12 34 196 175 214
19 12 36 196 175 214
19 13 33 196 175 214
19 13 34 196 175 214
19 13 35 196 175 214
19 13 39 158 216 229
19 14 34 196 175 214
19 14 35 196 175 214
19 14 36 196 175 214
19 14 37 196 175 214
19 14 38 158 216 229
19 15 35 196 175 214
19 15 36 196 175 214
19 15 37 158 216 229
19 15 38 158 216 229
19 15 40 158 216 229
19 16 36 158 216 229
19 16 37 158 216 229
19 16 38 158 216 229
19 17 36 158 216 229
19 17 37 158 216 229
19 17 38 158 216 229
19 18 36 158 216 229
19 18 37 158 216 229
19 18 38 158 216 229
19 19 37 158 216 229
19 19 38 158 216 229
19 20 37 158 216 229
19 20 38 158 216 229
19 21 37 158 216 229
19 21 38 158 216 229
19 22 37 158 216 229
19 22 38 158 216 229
19 23 32 158 216 229
19 23 33 158 216 229
19 23 34 158 216 229
19 23 36 158 216 229
19 23 37 158 216 229
19 23 38 158 216 229
19 24 33 158 216 229
19 24 34 158 216 229
19 24 35 158 216 229
19 24 36 158 216 229
19 24 37 158 216 229
19 24 38 158 216 229
19 25 33 158 216 229
19 25 36 158 216 229
19 25 37 158 216 229
19 25 39 158 216 229
19 26 36 158 216 229
19 26 37 158 216 229
19 27 36 158 216 229
19 27 37 158 216 229
20 0 22 43 160 4
20 0 25 43 160 4
20 0 26 43 160 4
20 0 27 43 160 4
20 0 28 43 160 4
20 0 29 43 160 4
20 0 30 43 160 4
20 0 31 43 160 4
20 0 32 43 160 4
20 0 33 43 160 4
20 0 34 43 160 4
20 0 35 43 160 4
20 0 36 43 160 4
20 0 37 43 160 4
20 0 38 43 160 4
20 0 39 43 160 4
20 0 40 43 160 4
20 0 41 43 160 4
20 0 42 43 160 4
20 0 43 43 160 4
20 0 44 43 160 4
20 0 45 43 160 4
20 0 46 43 160 4
20 0 47 43 160 4
20 0 48 43 160 4
20 0 49 43 160 4
20 0 50 43 160 4
20 0 51 43 160 4
20 0 52 43 160 4
20 0 53 43 160 4
20 0 54 43 160 4
20 0 55 43 160 4
20 0 56 43 160 4
20 0 57 43 160 4
20 0 58 43 160 4
20 0 59 43 160 4
20 1 20 255 186 119
20 1 21 255 186 119
20 1 22 255 186 119
20 1 23 255 186 119
20 1 24 255 186 119
20 1 25 255 186 119
20 1 27 255 186 119
20 1 28 255 186 119
20 1 29 255 186 119
20 1 30 255 186 119
20 1 31 255 186 119
20 1 32 255 186 119
20 1 33 255 186 119
20 1 34 255 186 119
20 1 35 255 186 119
20 1 36 255 186 119
20 1 37 255 186 119
20 2 22 255 186 119
20 2 23 255 186 119
20 2 24 255 186 119
20 2 25 255 186 119
20 2 26 255 186 119
20 2 27 255 186 119
20 2 28 255 186 119
20 2 29 255 186 119
20 2 30 255 186 119
20 2 31 255 186 119
20 2 32 255 186 119
20 2 33 255 186 119
20 2 34 255 186 119
20 2 35 255 186 119
20 2 36 255 186 119
20 2 37 255 186 119
20 2 38 255 186 119
20 3 22 255 186 119
20 3 23 255 186 119
20 3 24 255 186 119
20 3 25 255 186 119
20 3 27 255 186 119
20 3 28 255 186 119
20 3 29 255 186 119
20 3 30 255 186 119
20 3 31 255 186 119
20 3 32 255 186 119
20 3 33 255 186 119
20 3 34 255 186 119
20 3 35 255 186 119
20 3 36 255 186 119
20 3 37 255 186 119
20 3 38 255 186 119
20 3 39 255 186 119
20 4 22 255 186 119
20 4 23 255 186 119
20 4 26 255 186 119
20 4 27 255 186 119
20 4 28 255 186 119
20 4 29 255 186 119
20 4 30 255 186 119
20 4 31 255 186 119
20 4 32 255 186 119
20 4 33 255 186 119
20 4 34 255 186 119
20 4 35 255 186 119
20 4 36 255 186 119
20 4 37 255 186 119
20 4 38 255 186 119
20 4 39 255 186 119
20 5 21 255 186 119
20 5 22 255 186 119
20 5 23 255 186 119
20 5 24 255 186 119
20 5 25 255 186 119
20 5 26 255 186 119
20 5 27 255 186 119
20 5 28 255 186 119
20 5 29 255 186 119
20 5 30 255 186 119
20 5 31 255 186 119
20 5 32 255 186 119
20 5 33 255 186 119
20 5 34 255 186 119
20 5 35 255 186 119
20 5 36 255 186 119
20 5 37 255 186 119
20 5 38 255 186 119
20 5 39 255 186 119
20 6 21 255 186 119
20 6 22 255 186 119
20 6 24 255 186 119
20 6 25 255 186 119
20 6 26 255 186 119
20 6 27 255 186 119
20 6 28 255 186 119
20 6 29 255 186 119
20 6 30 196 175 214
20 6 31 196 175 214
20 6 32 196 175 214
20 6 33 255 186 119
20 6 34 255 186 119
20 6 35 255 186 119
20 6 36 255 186 119
20 6 37 255 186 119
20 6 38 255 186 119
20 7 21 255 186 119
20 7 22 255 186 119
20 7 24 255 186 119
20 7 25 255 186 119
20 7 26 255 186 119
20 7 27 255 186 119
20 7 28 255 186 119
20 7 29 255 186 119
20 7 30 196 175 214
20 7 31 196 175 214
20 7 32 196 175 214
20 7 33 196 175 214
20 7 34 196 175 214
20 7 35 196 175 214
20 7 36 255 186 119
20 7 37 255 186 119
20 8 21 255 186 119
20 8 22 255 186 119
20 8 23 255 186 119
20 8 30 196 175 214
20 8 31 196 175 214
20 8 32 196 175 214
20 8 33 196 175 214
20 8 34 196 175 214
20 8 35 196 175 214
20 8 36 196 175 214
20 8 37 255 186 119
20 9 21 255 186 119
20 9 22 255 186 119
20 9 23 255 186 119
20 9 24 255 186 119
20 9 25 196 175 214
20 9 26 196 175 214
20 9 27 196 175 214
20 9 28 196 175 214
20 9 29 196 175 214
20 9 30 196 175 214
20 9 34 196 175 214
20 9 35 196 175 214
20 9 36 255 186 119
20 10 21 196 175 214
20 10 22 255 186 119
20 10 27 196 175 214
20 10 28 196 175 214
20 10 29 196 175 214
20 10 30 196 175 214
20 10 31 196 175 214
20 10 32 196 175 214
20 10 33 196 175 214
20 10 35 196 175 214
20 11 31 196 175 214
20 11 32 196 175 214
20 11 33 196 175 214
20 11 35 196 175 214
20 11 36 196 175 214
20 12 33 196 175 214
20 12 34 196 175 214
20 13 33 196 175 214
20 13 34 196 175 214
20 13 35 196 175 214
20 13 36 196 175 214
20 13 37 196 175 214
20 14 34 196 175 214
20 14 35 196 175 214
20 14 36 196 175 214
20 14 37 196 175 214
20 14 38 158 216 229
20 14 39 158 216 229
20 15 37 196 175 214
20 15 38 158 216 229
20 15 39 158 216 229
20 16 37 158 216 229
20 16 38 158 216 229
20 16 39 158 216 229
20 16 40 158 216 229
20 17 37 158 216 229
20 17 38 158 216 229
20 17 39 158 216 229
20 17 40 158 216 229
20 18 37 158 216 229
20 18 38 158 216 229
20 18 39 158 216 229
20 19 37 158 216 229
20 19 38 158 216 229
20 19 39 158 216 229
20 20 37 158 216 229
20 20 38 158 216 229
20 21 37 158 216 229
20 21 38 158 216 229
20 22 37 158 216 229
20 22 38 158 216 229
20 22 39 158 216 229
20 23 37 158 216 229
20 23 38 158 216 229
20 23 39 158 216 229
20 24 36 158 216 229
20 24 37 158 216 229
20 24 38 158 216 229
20 25 36 158 216 229
20 25 37 158 216 229
20 25 38 158 216 229
20 26 36 158 216 229
20 26 37 158 216 229
20 27 36 158 216 229
20 27 37 158 216 229
21 0 22 43 160 4
21 0 25 43 160 4
21 0 26 43 160 4
21 0 27 43 160 4
21 0 28 43 160 4
21 0 29 43 160 4
21 0 30 43 160 4
21 0 31 43 160 4
21 0 32 43 160 4
21 0 33 43 160 4
21 0 34 43 160 4
21 0 35 43 160 4
21 0 36 43 160 4
21 0 37 43 160 4
21 0 38 43 160 4
21 0 39 43 160 4
21 0 40 43 160 4
21 0 41 43 160 4
21 0 42 43 160 4
21 0 43 43 160 4
21 0 44 43 160 4
21 0 45 43 160 4
21 0 46 43 160 4
21 0 47 43 160 4
21 0 48 43 160 4
21 0 49 43 160 4
21 0 50 43 160 4
21 0 51 43 160 4
21 0 52 43 160 4
21 0 53 43 160 4
21 0 54 43 160 4
21 0 55 43 160 4
21 0 56 43 160 4
21 0 57 43 160 4
21 0 58 43 160 4
21 0 59 43 160 4
21 1 20 255 186 119
21 1 21 255 186 119
21 1 22 255 186 119
21 1 23 255 186 119
21 1 24 255 186 119
21 1 27 255 186 119
21 1 28 255 186 119
21 1 29 255 186 119
21 1 30 255 186 119
21 1 31 255 186 119
21 1 32 255 186 119
21 1 33 255 186 119
21 1 34 255 186 119
21 1 35 255 186 119
21 1 36 255 186 119
21 1 37 255 186 119
21 1 38 255 186 119
21 1 39 255 186 119
21 2 22 255 186 119
21 2 23 255 186 119
21 2 24 255 186 119
21 2 25 255 186 119
21 2 27 255 186 119
21 2 28 255 186 119
21 2 29 255 186 119
21 2 30 255 186 119
21 2 31 255 186 119
21 2 32 255 186 119
21 2 33 255 186 119
21 2 34 255 186 119
21 2 35 255 186 119
21 2 36 255 186 119
21 2 37 255 186 119
21 2 38 255 186 119
21 2 39 255 186 119
21 3 21 255 186 119
21 3 22 255 186 119
21 3 23 255 186 119
21 3 24 255 186 119
21 3 26 255 186 119
21 3 27 255 186 119
21 3 28 255 186 119
21 3 29 255 186 119
21 3 30 255 186 119
21 3 31 255 186 119
21 3 32 255 186 119
21 3 33 255 186 119
21 3 34 255 186 119
21 3 35 255 186 119
21 3 36 255 186 119
21 3 37 255 186 119
21 3 38 255 186 119
21 3 39 255 186 119
21 4 21 255 186 119
21 4 22 255 186 119
21 4 25 255 186 119
21 4 26 255 186 119
21 4 27 255 186 119
21 4 28 255 186 119
21 4 29 255 186 119
21 4 30 255 186 119
21 4 31 255 186 119
21 4 32 255 186 119
21 4 33 255 186 119
21 4 34 255 186 119
21 4 35 255 186 119
21 4 36 255 186 119
21 4 37 255 186 119
21 4 38 255 186 119
21 4 39 255 186 119
21 5 21 255 186 119
21 5 22 255 186 119
21 5 24 255 186 119
21 5 25 255 186 119
21 5 26 255 186 119
21 5 27 255 186 119
21 5 28 255 186 119
21 5 29 255 186 119
21 5 30 255 186 119
21 5 31 255 186 119
21 5 32 255 186 119
21 5 33 255 186 119
21 5 34 255 186 119
21 5 35 255 186 119
21 5 36 255 186 119
21 5 37 255 186 119
21 5 38 255 186 119
21 5 39 255 186 119
21 6 21 255 186 119
21 6 22 255 186 119
21 6 24 255 186 119
21 6 25 255 186 119
21 6 26 255 186 119
21 6 27 255 186 119
21 6 28 255 186 119
21 6 29 255 186 119
21 6 30 255 186 119
21 6 31 255 186 119
21 6 32 255 186 119
21 6 33 255 186 119
21 6 34 255 186 119
21 6 35 255 186 119
21 6 36 255 186 119
21 6 37 255 186 119
21 6 38 255 186 119
21 6 39 255 186 119
21 7 20 255 186 119
21 7 21 255 186 119
21 7 22 255 186 119
21 7 24 255 186 119
21 7 25 255 186 119
21 7 26 255 186 119
21 7 27 255 186 119
21 7 28 255 186 119
21 7 29 255 186 119
21 7 30 255 186 119
21 7 31 196 175 214
21 7 32 196 175 214
21 7 33 196 175 214
21 7 34 196 175 214
21 7 35 196 175 214
21 7 36 255 186 119
21 7 37 255 186 119
21 8 21 255 186 119
21 8 22 255 186 119
21 8 23 255 186 119
21 8 24 255 186 119
21 8 29 196 175 214
21 8 30 196 175 214
21 8 31 196 175 214
21 8 32 196 175 214
21 8 33 196 175 214
21 8 34 196 175 214
21 8 35 196 175 214
21 8 36 196 175 214
21 8 37 255 186 119
21 9 22 255 186 119
21 9 23 255 186 119
21 9 24 255 186 119
21 9 25 255 186 119
21 9 26 196 175 214
21 9 27 196 175 214
21 9 28 196 175 214
21 9 29 196 175 214
21 9 30 196 175 214
21 9 31 196 175 214
21 9 35 196 175 214
21 9 36 196 175 214
21 10 27 196 175 214
21 10 28 196 175 214
21 10 29 196 175 214
21 10 30 196 175 214
21 10 31 196 175 214
21 10 32 196 175 214
21 10 33 196 175 214
21 10 34 196 175 214
21 10 36 196 175 214
21 11 32 196 175 214
21 11 33 196 175 214
21 11 34 196 175 214
21 12 33 196 175 214
21 12 34 196 175 214
21 12 35 196 175 214
21 12 36 196 175 214
21 13 34 196 175 214
21 13 35 196 175 214
21 13 36 196 175 214
21 13 37 196 175 214
21 13 38 196 175 214
21 14 36 196 175 214
21 14 37 196 175 214
21 14 38 158 216 229
21 14 39 158 216 229
21 15 38 158 216 229
21 15 39 158 216 229
21 15 40 158 216 229
21 16 39 158 216 229
21 16 40 158 216 229
21 17 38 158 216 229
21 17 39 158 216 229
21 17 40 158 216 229
21 18 38 158 216 229
21 18 39 158 216 229
21 18 40 158 216 229
21 19 38 158 216 229
21 19 39 158 216 229
21 19 40 158 216 229
21 20 37 158 216 229
21 20 38 158 216 229
21 20 39 158 216 229
21 21 38 158 216 229
21 21 39 158 216 229
21 22 37 158 216 229
21 22 38 158 216 229
21 22 39 158 216 229
21 23 36 158 216 229
21 23 37 158 216 229
21 23 38 158 216 229
21 23 39 158 216 229
21 24 36 158 216 229
21 24 37 158 216 229
21 24 38 158 216 229
21 25 36 158 216 229
21 25 37 158 216 229
21 25 38 158 216 229
21 26 36 158 216 229
21 26 37 158 216 229
21 26 38 158 216 229
21 27 36 158 216 229
21 27 37 158 216 229
21 27 38 158 216 229
21 28 38 158 216 229
22 0 22 43 160 4
22 0 25 43 160 4
22 0 26 43 160 4
22 0 27 43 160 4
22 0 28 43 160 4
22 0 29 43 160 4
22 0 30 43 160 4
22 0 31 43 160 4
22 0 32 43 160 4
22 0 33 43 160 4
22 0 34 43 160 4
22 0 35 43 160 4
22 0 36 43 160 4
22 0 37 43 160 4
22 0 38 43 160 4
22 0 39 43 160 4
22 0 40 43 160 4
22 0 41 43 160 4
22 0 42 43 160 4
22 0 43 43 160 4
22 0 44 43 160 4
22 0 45 43 160 4
22 0 46 43 160 4
22 0 47 43 160 4
22 0 48 43 160 4
22 0 49 43 160 4
22 0 50 43 160 4
22 0 51 43 160 4
22 0 52 43 160 4
22 0 53 43 160 4
22 0 54 43 160 4
22 0 55 43 160 4
22 0 56 43 160 4
22 0 57 43 160 4
22 0 58 43 160 4
22 0 59 43 160 4
22 1 20 255 186 119
22 1 21 255 186 119
22 1 22 255 186 119
22 1 23 255 186 119
22 1 24 255 186 119
22 1 26 255 186 119
22 1 27 255 186 119
22 1 28 255 186 119
22 1 29 255 186 119
22 1 30 255 186 119
22 1 31 255 186 119
22 1 32 255 186 119
22 1 33 255 186 119
22 1 34 255 186 119
22 1 35 255 186 119
22 1 36 255 186 119
22 1 37 255 186 119
22 1 38 255 186 119
22 1 39 255 186 119
22 2 22 255 186 119
22 2 23 255 186 119
22 2 24 255 186 119
22 2 26 255 186 119
22 2 27 255 186 119
22 2 28 255 186 119
22 2 29 255 186 119
22 2 30 255 186 119
22 2 31 255 186 119
22 2 32 255 186 119
22 2 33 255 186 119
22 2 34 255 186 119
22 2 35 255 186 119
22 2 36 255 186 119
22 2 37 255 186 119
22 2 38 255 186 119
22 2 39 255 186 119
22 3 20 255 186 119
22 3 21 255 186 119
22 3 22 255 186 119
22 3 23 255 186 119
22 3 26 255 186 119
22 3 27 255 186 119
22 3 28 255 186 119
22 3 29 255 186 119
22 3 30 255 186 119
22 3 31 255 186 119
22 3 32 255 186 119
22 3 33 255 186 119
22 3 34 255 186 119
22 3 35 255 186 119
22 3 36 255 186 119
22 3 37 255 186 119
22 3 38 255 186 119
22 3 39 255 186 119
22 4 20 255 186 119
22 4 21 255 186 119
22 4 22 255 186 119
22 4 24 255 186 119
22 4 25 255 186 119
22 4 26 255 186 119
22 4 27 255 186 119
22 4 28 255 186 119
22 4 29 255 186 119
22 4 30 255 186 119
22 4 31 255 186 119
22 4 32 255 186 119
22 4 33 255 186 119
22 4 34 255 186 119
22 4 35 255 186 119
22 4 36 255 186 119
22 4 37 255 186 119
22 4 38 255 186 119
22 4 39 255 186 119
22 5 20 255 186 119
22 5 21 255 186 119
22 5 23 255 186 119
22 5 24 255 186 119
22 5 25 255 186 119
22 5 26 255 186 119
22 5 27 255 186 119
22 5 28 255 186 119
22 5 29 255 186 119
22 5 30 255 186 119
22 5 31 255 186 119
22 5 32 255 186 119
22 5 33 255 186 119
22 5 34 255 186 119
22 5 35 255 186 119
22 5 36 255 186 119
22 5 37 255 186 119
22 5 38 255 186 119
22 5 39 255 186 119
22 6 20 255 186 119
22 6 21 255 186 119
22 6 23 255 186 119
22 6 24 255 186 119
22 6 25 255 186 119
22 6 26 255 186 119
22 6 27 255 186 119
22 6 28 255 186 119
22 6 29 255 186 119
22 6 30 255 186 119
22 6 31 255 186 119
22 6 32 255 186 119
22 6 33 255 186 119
22 6 34 255 186 119
22 6 35 255 186 119
22 6 36 255 186 119
22 6 37 255 186 119
22 6 38 255 186 119
22 6 39 255 186 119
22 7 20 255 186 119
22 7 21 255 186 119
22 7 24 255 186 119
22 7 25 255 186 119
22 7 26 255 186 119
22 7 27 255 186 119
22 7 28 255 186 119
22 7 29 255 186 119
22 7 30 255 186 119
22 7 31 255 186 119
22 7 32 255 186 119
22 7 33 196 175 214
22 7 34 196 175 214
22 7 35 196 175 214
22 7 36 255 186 119
22 7 37 255 186 119
22 8 20 255 186 119
22 8 21 255 186 119
22 8 22 255 186 119
22 8 23 255 186 119
22 8 24 255 186 119
22 8 30 196 175 214
22 8 31 196 175 214
22 8 32 196 175 214
22 8 33 196 175 214
22 8 34 196 175 214
22 8 35 196 175 214
22 8 36 196 175 214
22 8 37 255 186 119
22 9 23 255 186 119
22 9 24 255 186 119
22 9 25 255 186 119
22 9 26 255 186 119
22 9 27 196 175 214
22 9 28 196 175 214
22 9 29 196 175 214
22 9 30 196 175 214
22 9 31 196 175 214
22 9 35 196 175 214
22 9 36 196 175 214
22 10 27 196 175 214
22 10 28 196 175 214
22 10 29 196 175 214
22 10 30 196 175 214
22 10 31 196 175 214
22 10 32 196 175 214
22 10 33 196 175 214
22 10 34 196 175 214
22 11 33 196 175 214
22 11 34 196 175 214
22 11 35 196 175 214
22 11 36 196 175 214
22 12 34 196 175 214
22 12 35 196 175 214
22 12 36 196 175 214
22 12 37 196 175 214
22 12 39 158 216 229
22 13 35 196 175 214
22 13 36 196 175 214
22 13 37 196 175 214
22 13 38 196 175 214
22 14 38 196 175 214
22 14 39 158 216 229
22 15 39 158 216 229
22 15 40 158 216 229
22 16 39 158 216 229
22 16 40 158 216 229
22 17 39 158 216 229
22 17 40 158 216 229
22 18 39 158 216 229
22 18 40 158 216 229
22 19 39 158 216 229
22 19 40 158 216 229
22 20 39 158 216 229
22 20 40 158 216 229
22 21 39 158 216 229
22 21 40 158 216 229
22 22 38 158 216 229
22 22 39 158 216 229
22 22 40 158 216 229
22 23 37 158 216 229
22 23 38 158 216 229
22 23 39 158 216 229
22 23 40 158 216 229
22 24 37 158 216 229
22 24 38 158 216 229
22 24 39 158 216 229
22 25 37 158 216 229
22 25 38 158 216 229
22 25 39 158 216 229
22 26 37 158 216 229
22 26 38 158 216 229
22 26 39 158 216 229
22 27 37 158 216 229
22 27 38 158 216 229
22 27 39 158 216 229
22 28 38 158 216 229
23 0 22 43 160 4
23 0 24 43 160 4
23 0 25 43 160 4
23 0 26 43 160 4
23 0 27 43 160 4
23 0 28 43 160 4
23 0 29 43 160 4
23 0 30 43 160 4
23 0 31 43 160 4
23 0 32 43 160 4
23 0 33 43 160 4
23 0 34 43 160 4
23 0 35 43 160 4
23 0 36 43 160 4
23 0 37 43 160 4
23 0 38 43 160 4
23 0 39 43 160 4
23 0 40 43 160 4
23 0 41 43 160 4
23 0 42 43 160 4
23 0 43 43 160 4
23 0 44 43 160 4
23 0 45 43 160 4
23 0 46 43 160 4
23 0 47 43 160 4
23 0 48 43 160 4
23 0 49 43 160 4
23 0 50 43 160 4
23 0 51 43 160 4
23 0 52 43 160 4
23 0 53 43 160 4
23 0 54 43 160 4
23 0 55 43 160 4
23 0 56 43 160 4
23 0 57 43 160 4
23 0 58 43 160 4
23 0 59 43 160 4
23 1 20 255 186 119
23 1 21 255 186 119
23 1 22 255 186 119
23 1 23 255 186 119
23 1 25 255 186 119
23 1 26 255 186 119
23 1 27 255 186 119
23 1 28 255 186 119
23 1 29 255 186 119
23 1 30 255 186 119
23 1 31 255 186 119
23 1 32 255 186 119
23 1 33 255 186 119
23 1 34 255 186 119
23 1 35 255 186 119
23 1 36 255 186 119
23 1 37 255 186 119
23 1 38 255 186 119
23 1 39 255 186 119
23 2 21 255 186 119
23 2 22 255 186 119
23 2 23 255 186 119
23 2 26 255 186 119
23 2 27 255 186 119
23 2 28 255 186 119
23 2 29 255 186 119
23 2 30 255 186 119
23 2 31 255 186 119
23 2 32 255 186 119
23 2 33 255 186 119
23 2 34 255 186 119
23 2 35 255 186 119
23 2 36 255 186 119
23 2 37 255 186 119
23 2 38 255 186 119
23 2 39 255 186 119
23 3 20 255 186 119
23 3 21 255 186 119
23 3 22 255 186 119
23 3 25 255 186 119
23 3 26 255 186 119
23 3 27 255 186 119
23 3 28 255 186 119
23 3 29 255 186 119
23 3 30 255 186 119
23 3 31 255 186 119
23 3 32 255 186 119
23 3 33 255 186 119
23 3 34 255 186 119
23 3 35 255 186 119
23 3 36 255 186 119
23 3 37 255 186 119
23 3 38 255 186 119
23 3 39 255 186 119
23 4 19 255 186 119
23 4 20 255 186 119
23 4 21 255 186 119
23 4 23 255 186 119
23 4 24 255 186 119
23 4 25 255 186 119
23 4 26 255 186 119
23 4 27 255 186 119
23 4 28 255 186 119
23 4 29 255 186 119
23 4 30 255 186 119
23 4 31 255 186 119
23 4 32 255 186 119
23 4 33 255 186 119
23 4 34 255 186 119
23 4 35 255 186 119
23 4 36 255 186 119
23 4 37 255 186 119
23 4 38 255 186 119
23 4 39 255 186 119
23 5 19 255 186 119
23 5 20 255 186 119
23 5 21 255 186 119
23 5 23 255 186 119
23 5 24 255 186 119
23 5 25 255 186 119
23 5 26 255 186 119
23 5 27 255 186 119
23 5 28 255 186 119
23 5 29 255 186 119
23 5 30 255 186 119
23 5 31 255 186 119
23 5 32 255 186 119
23 5 33 255 186 119
23 5 34 255 186 119
23 5 35 255 186 119
23 5 36 255 186 119
23 5 37 255 186 119
23 5 38 255 186 119
23 5 39 255 186 119
23 6 19 255 186 119
23 6 20 255 186 119
23 6 21 255 186 119
23 6 23 255 186 119
23 6 24 255 186 119
23 6 25 255 186 119
23 6 26 255 186 119
23 6 27 255 186 119
23 6 28 255 186 119
23 6 29 255 186 119
23 6 30 255 186 119
23 6 31 255 186 119
23 6 32 255 186 119
23 6 33 255 186 119
23 6 34 255 186 119
23 6 35 255 186 119
23 6 36 255 186 119
23 6 37 255 186 119
23 6 38 255 186 119
23 7 19 255 186 119
23 7 20 255 186 119
23 7 21 255 186 119
23 7 25 255 186 119
23 7 26 255 186 119
23 7 27 255 186 119
23 7 28 255 186 119
23 7 29 255 186 119
23 7 30 255 186 119
23 7 31 255 186 119
23 7 32 255 186 119
23 7 33 255 186 119
23 7 34 196 175 214
23 7 35 196 175 214
23 7 36 255 186 119
23 7 37 255 186 119
23 8 20 255 186 119
23 8 21 255 186 119
23 8 22 255 186 119
23 8 23 255 186 119
23 8 24 255 186 119
23 8 30 255 186 119
23 8 31 255 186 119
23 8 32 196 175 214
23 8 33 196 175 214
23 8 34 196 175 214
23 8 35 196 175 214
23 8 36 196 175 214
23 9 22 255 186 119
23 9 23 255 186 119
23 9 24 255 186 119
23 9 25 255 186 119
23 9 26 255 186 119
23 9 27 255 186 119
23 9 28 196 175 214
23 9 29 196 175 214
23 9 30 196 175 214
23 9 35 196 175 214
23 9 36 255 186 119
23 10 28 196 175 214
23 10 29 196 175 214
23 10 30 196 175 214
23 10 31 196 175 214
23 10 32 196 175 214
23 10 33 196 175 214
23 10 34 196 175 214
23 10 35 196 175 214
23 11 33 196 175 214
23 11 34 196 175 214
23 11 35 196 175 214
23 11 36 196 175 214
23 12 36 196 175 214
23 12 37 196 175 214
23 13 36 196 175 214
23 13 37 196 175 214
23 13 38 196 175 214
23 14 37 196 175 214
23 14 38 196 175 214
23 14 39 158 216 229
23 15 38 158 216 229
23 15 39 158 216 229
23 15 40 158 216 229
23 16 39 158 216 229
23 16 40 158 216 229
23 17 39 158 216 229
23 17 40 158 216 229
23 18 39 158 216 229
23 18 40 158 216 229
23 19 39 158 216 229
23 19 40 158 216 229
23 20 38 158 216 229
23 20 39 158 216 229
23 20 40 158 216 229
23 21 39 158 216 229
23 21 40 158 216 229
23 22 38 158 216 229
23 22 39 158 216 229
23 22 40 158 216 229
23 23 38 158 216 229
23 23 39 158 216 229
23 23 40 158 216 229
23 23 41 158 216 229
23 24 37 158 216 229
23 24 38 158 216 229
23 24 39 158 216 229
23 25 37 158 216 229
23 25 38 158 216 229
23 25 39 158 216 229
23 26 37 158 216 229
23 26 38 158 216 229
23 26 39 158 216 229
23 27 37 158 216 229
23 27 38 158 216 229
23 27 39 158 216 229
23 28 38 158 216 229
24 0 22 43 160 4
24 0 24 43 160 4
24 0 25 43 160 4
24 0 26 43 160 4
24 0 27 43 160 4
24 0 28 43 160 4
24 0 29 43 160 4
24 0 30 43 160 4
24 0 31 43 160 4
24 0 32 43 160 4
24 0 33 43 160 4
24 0 34 43 160 4
24 0 35 43 160 4
24 0 36 43 160 4
24 0 37 43 160 4
24 0 38 43 160 4
24 0 39 43 160 4
24 0 40 43 160 4
24 0 41 43 160 4
24 0 42 43 160 4
24 0 43 43 160 4
24 0 44 43 160 4
24 0 45 43 160 4
24 0 46 43 160 4
24 0 47 43 160 4
24 0 48 43 160 4
24 0 49 43 160 4
24 0 50 43 160 4
24 0 51 43 160 4
24 0 52 43 160 4
24 0 53 43 160 4
24 0 54 43 160 4
24 0 55 43 160 4
24 0 56 43 160 4
24 0 57 43 160 4
24 0 58 43 160 4
24 0 59 43 160 4
24 1 20 255 186 119
24 1 21 255 186 119
24 1 22 255 186 119
24 1 23 255 186 119
24 1 25 255 186 119
24 1 26 255 186 119
24 1 27 255 186 119
24 1 28 255 186 119
24 1 29 255 186 119
24 1 30 255 186 119
24 1 31 255 186 119
24 1 32 255 186 119
24 1 33 255 186 119
24 1 34 255 186 119
24 1 35 255 186 119
24 1 36 255 186 119
24 1 37 255 186 119
24 2 20 255 186 119
24 2 21 255 186 119
24 2 22 255 186 119
24 2 23 255 186 119
24 2 25 255 186 119
24 2 26 255 186 119
24 2 27 255 186 119
24 2 28 255 186 119
24 2 29 255 186 119
24 2 30 255 186 119
24 2 31 255 186 119
24 2 32 255 186 119
24 2 33 255 186 119
24 2 34 255 186 119
24 2 35 255 186 119
24 2 36 255 186 119
24 2 37 255 186 119
24 3 19 255 186 119
24 3 20 255 186 119
24 3 21 255 186 119
24 3 24 255 186 119
24 3 25 255 186 119
24 3 26 255 186 119
24 3 27 255 186 119
24 3 28 255 186 119
24 3 29 255 186 119
24 3 30 255 186 119
24 3 31 255 186 119
24 3 32 255 186 119
24 3 33 255 186 119
24 3 34 255 186 119
24 3 35 255 186 119
24 3 36 255 186 119
24 3 37 255 186 119
24 3 38 255 186 119
24 3 39 255 186 119
24 4 19 255 186 119
24 4 20 255 186 119
24 4 22 255 186 119
24 4 23 255 186 119
24 4 24 255 186 119
24 4 25 255 186 119
24 4 26 255 186 119
24 4 27 255 186 119
24 4 28 255 186 119
24 4 29 255 186 119
24 4 30 255 186 119
24 4 31 255 186 119
24 4 32 255 186 119
24 4 33 255 186 119
24 4 34 255 186 119
24 4 35 255 186 119
24 4 36 255 186 119
24 4 37 255 186 119
24 4 38 255 186 119
24 4 39 255 186 119
24 5 19 255 186 119
24 5 20 255 186 119
24 5 22 255 186 119
24 5 23 255 186 119
24 5 24 255 186 119
24 5 25 255 186 119
24 5 26 255 186 119
24 5 27 255 186 119
24 5 28 255 186 119
24 5 29 255 186 119
24 5 30 255 186 119
24 5 31 255 186 119
24 5 32 255 186 119
24 5 33 255 186 119
24 5 34 255 186 119
24 5 35 255 186 119
24 5 36 255 186 119
24 5 37 255 186 119
24 5 38 255 186 119
24 5 39 255 186 119
24 6 18 255 186 119
24 6 19 255 186 119
24 6 20 255 186 119
24 6 22 255 186 119
24 6 23 255 186 119
24 6 24 255 186 119
24 6 25 255 186 119
24 6 26 255 186 119
24 6 27 255 186 119
24 6 28 255 186 119
24 6 29 255 186 119
24 6 30 255 186 119
24 6 31 255 186 119
24 6 32 255 186 119
24 6 33 255 186 119
24 6 34 255 186 119
24 6 35 255 186 119
24 6 36 255 186 119
24 6 37 255 186 119
24 7 19 255 186 119
24 7 20 255 186 119
24 7 25 255 186 119
24 7 26 255 186 119
24 7 27 255 186 119
24 7 28 255 186 119
24 7 29 255 186 119
24 7 30 255 186 119
24 7 31 255 186 119
24 7 32 255 186 119
24 7 33 255 186 119
24 7 34 196 175 214
24 7 35 196 175 214
24 7 36 255 186 119
24 7 37 255 186 119
24 8 19 255 186 119
24 8 20 255 186 119
24 8 21 255 186 119
24 8 22 255 186 119
24 8 23 255 186 119
24 8 24 255 186 119
24 8 25 255 186 119
24 8 30 255 186 119
24 8 31 255 186 119
24 8 32 255 186 119
24 8 33 196 175 214
24 8 34 196 175 214
24 8 35 196 175 214
24 8 36 196 175 214
24 9 23 255 186 119
24 9 24 255 186 119
24 9 25 255 186 119
24 9 26 255 186 119
24 9 27 255 186 119
24 9 28 196 175 214
24 9 29 255 186 119
24 9 30 255 186 119
24 9 35 196 175 214
24 9 36 255 186 119
24 10 28 196 175 214
24 10 29 196 175 214
24 10 30 196 175 214
24 10 31 196 175 214
24 10 32 196 175 214
24 10 33 196 175 214
24 10 34 196 175 214
24 10 35 196 175 214
24 11 32 196 175 214
24 11 33 196 175 214
24 11 34 196 175 214
24 11 35 196 175 214
24 11 36 196 175 214
24 12 35 196 175 214
24 12 36 196 175 214
24 12 37 196 175 214
24 13 36 196 175 214
24 13 37 196 175 214
24 14 37 196 175 214
24 14 38 196 175 214
24 14 40 158 216 229
24 15 37 196 175 214
24 15 38 196 175 214
24 15 39 158 216 229
24 16 38 158 216 229
24 16 39 158 216 229
24 17 38 158 216 229
24 17 39 158 216 229
24 17 40 158 216 229
24 18 37 158 216 229
24 18 38 158 216 229
24 18 39 158 216 229
24 19 36 158 216 229
24 19 37 158 216 229
24 19 38 158 216 229
24 19 39 158 216 229
24 20 37 158 216 229
24 20 38 158 216 229
24 20 39 158 216 229
24 21 37 158 216 229
24 21 38 158 216 229
24 21 39 158 216 229
24 22 37 158 216 229
24 22 38 158 216 229
24 22 39 158 216 229
24 23 37 158 216 229
24 23 38 158 216 229
24 23 39 158 216 229
24 24 35 158 216 229
24 24 36 158 216 229
24 24 37 158 216 229
24 24 38 158 216 229
24 25 36 158 216 229
24 25 37 158 216 229
24 25 38 158 216 229
24 25 40 158 216 229
24 26 37 158 216 229
24 26 38 158 216 229
24 26 39 158 216 229
24 27 36 158 216 229
24 27 37 158 216 229
24 27 38 158 216 229
24 27 39 158 216 229
24 28 38 158 216 229
25 0 24 43 160 4
25 0 25 43 160 4
25 0 26 43 160 4
25 0 27 43 160 4
25 0 28 43 160 4
25 0 29 43 160 4
25 0 30 43 160 4
25 0 31 43 160 4
25 0 32 43 160 4
25 0 33 43 160 4
25 0 34 43 160 4
25 0 35 43 160 4
25 0 36 43 160 4
25 0 37 43 160 4
25 0 38 43 160 4
25 0 39 43 160 4
25 0 40 43 160 4
25 0 41 43 160 4
25 0 42 43 160 4
25 0 43 43 160 4
25 0 44 43 160 4
25 0 45 43 160 4
25 0 46 43 160 4
25 0 47 43 160 4
25 0 48 43 160 4
25 0 49 43 160 4
25 0 50 43 160 4
25 0 51 43 160 4
25 0 52 43 160 4
25 0 53 43 160 4
25 0 54 43 160 4
25 0 55 43 160 4
25 0 56 43 160 4
25 0 57 43 160 4
25 0 58 43 160 4
25 0 59 43 160 4
25 1 20 255 186 119
25 1 21 255 186 119
25 1 22 255 186 119
25 1 24 255 186 119
25 1 25 255 186 119
25 1 26 255 186 119
25 1 27 255 186 119
25 1 28 255 186 119
25 1 29 255 186 119
25 1 30 255 186 119
25 1 31 255 186 119
25 1 32 255 186 119
25 1 33 255 186 119
25 1 34 255 186 119
25 1 35 255 186 119
25 1 36 255 186 119
25 1 37 255 186 119
25 1 39 255 186 119
25 2 17 255 186 119
25 2 19 255 186 119
25 2 20 255 186 119
25 2 21 255 186 119
25 2 22 255 186 119
25 2 24 255 186 119
25 2 25 255 186 119
25 2 26 255 186 119
25 2 27 255 186 119
25 2 28 255 186 119
25 2 29 255 186 119
25 2 30 255 186 119
25 2 31 255 186 119
25 2 32 255 186 119
25 2 33 255 186 119
25 2 34 255 186 119
25 2 35 255 186 119
25 2 36 255 186 119
25 2 37 255 186 119
25 3 18 255 186 119
25 3 19 255 186 119
25 3 20 255 186 119
25 3 23 255 186 119
25 3 24 255 186 119
25 3 25 255 186 119
25 3 26 255 186 119
25 3 27 255 186 119
25 3 28 255 186 119
25 3 29 255 186 119
25 3 30 255 186 119
25 3 31 255 186 119
25 3 32 255 186 119
25 3 33 255 186 119
25 3 34 255 186 119
25 3 35 255 186 119
25 3 36 255 186 119
25 3 37 255 186 119
25 3 38 255 186 119
25 3 39 255 186 119
25 4 18 255 186 119
25 4 19 255 186 119
25 4 21 255 186 119
25 4 22 255 186 119
25 4 23 255 186 119
25 4 24 255 186 119
25 4 25 255 186 119
25 4 26 255 186 119
25 4 27 255 186 119
25 4 28 255 186 119
25 4 29 255 186 119
25 4 30 255 186 119
25 4 31 255 186 119
25 4 32 255 186 119
25 4 33 255 186 119
25 4 34 255 186 119
25 4 35 255 186 119
25 4 36 255 186 119
25 4 37 255 186 119
25 4 38 255 186 119
25 4 39 255 186 119
25 5 18 255 186 119
25 5 19 255 186 119
25 5 21 255 186 119
25 5 22 255 186 119
25 5 23 255 186 119
25 5 24 255 186 119
25 5 25 255 186 119
25 5 26 255 186 119
25 5 27 255 186 119
25 5 28 255 186 119
25 5 29 255 186 119
25 5 30 255 186 119
25 5 31 255 186 119
25 5 32 255 186 119
25 5 33 255 186 119
25 5 34 255 186 119
25 5 35 255 186 119
25 5 36 255 186 119
25 5 37 255 186 119
25 5 38 255 186 119
25 5 39 255 186 119
25 6 18 255 186 119
25 6 19 255 186 119
25 6 21 255 186 119
25 6 22 255 186 119
25 6 23 255 186 119
25 6 24 255 186 119
25 6 25 255 186 119
25 6 26 255 186 119
25 6 27 255 186 119
25 6 28 255 186 119
25 6 29 255 186 119
25 6 30 255 186 119
25 6 31 255 186 119
25 6 32 255 186 119
25 6 33 255 186 119
25 6 34 255 186 119
25 6 35 255 186 119
25 6 36 255 186 119
25 6 37 255 186 119
25 7 18 255 186 119
25 7 19 255 186 119
25 7 20 255 186 119
25 7 25 255 186 119
25 7 26 255 186 119
25 7 27 255 186 119
25 7 28 255 186 119
25 7 29 255 186 119
25 7 30 255 186 119
25 7 31 255 186 119
25 7 32 255 186 119
25 7 33 255 186 119
25 7 34 255 186 119
25 7 35 255 186 119
25 7 36 255 186 119
25 7 37 255 186 119
25 8 19 255 186 119
25 8 20 255 186 119
25 8 21 255 186 119
25 8 22 255 186 119
25 8 23 255 186 119
25 8 24 255 186 119
25 8 25 255 186 119
25 8 30 255 186 119
25 8 31 255 186 119
25 8 32 255 186 119
25 8 33 255 186 119
25 8 34 196 175 214
25 8 35 196 175 214
25 8 36 196 175 214
25 9 23 255 186 119
25 9 24 255 186 119
25 9 25 255 186 119
25 9 26 255 186 119
25 9 27 255 186 119
25 9 28 255 186 119
25 9 29 255 186 119
25 9 30 255 186 119
25 9 34 196 175 214
25 9 35 196 175 214
25 9 36 196 175 214
25 10 28 196 175 214
25 10 29 196 175 214
25 10 30 196 175 214
25 10 31 196 175 214
25 10 32 196 175 214
25 10 33 196 175 214
25 10 34 196 175 214
25 11 32 196 175 214
25 11 33 196 175 214
25 11 34 196 175 214
25 11 35 196 175 214
25 11 36 196 175 214
25 12 35 196 175 214
25 12 36 196 175 214
25 13 36 196 175 214
25 13 37 196 175 214
25 14 36 196 175 214
25 14 37 196 175 214
25 15 37 158 216 229
25 15 38 158 216 229
25 16 37 158 216 229
25 16 38 158 216 229
25 16 39 158 216 229
25 17 37 158 216 229
25 17 38 158 216 229
25 17 39 158 216 229
25 18 37 158 216 229
25 18 38 158 216 229
25 19 36 158 216 229
25 19 37 158 216 229
25 19 38 158 216 229
25 20 37 158 216 229
25 20 38 158 216 229
25 21 36 158 216 229
25 21 37 158 216 229
25 21 38 158 216 229
25 22 36 158 216 229
25 22 37 158 216 229
25 22 38 158 216 229
25 23 36 158 216 229
25 23 37 158 216 229
25 23 38 158 216 229
25 24 35 158 216 229
25 24 36 158 216 229
25 24 37 158 216 229
25 24 39 158 216 229
25 25 35 158 216 229
25 25 36 158 216 229
25 25 37 158 216 229
25 25 39 158 216 229
25 26 36 158 216 229
25 26 37 158 216 229
25 26 39 158 216 229
25 27 36 158 216 229
25 27 37 158 216 229
26 0 23 43 160 4
26 0 24 43 160 4
26 0 25 43 160 4
26 0 26 43 160 4
26 0 27 43 160 4
26 0 28 43 160 4
26 0 29 43 160 4
26 0 30 43 160 4
26 0 31 43 160 4
26 0 32 43 160 4
26 0 33 43 160 4
26 0 34 43 160 4
26 0 35 43 160 4
26 0 36 43 160 4
26 0 37 43 160 4
26 0 38 43 160 4
26 0 39 43 160 4
26 0 40 43 160 4
26 0 41 43 160 4
26 0 42 43 160 4
26 0 43 43 160 4
26 0 44 43 160 4
26 0 45 43 160 4
26 0 46 43 160 4
26 0 47 43 160 4
26 0 48 43 160 4
26 0 49 43 160 4
26 0 50 43 160 4
26 0 51 43 160 4
26 0 52 43 160 4
26 0 53 43 160 4
26 0 54 43 160 4
26 0 55 43 160 4
26 0 56 43 160 4
26 0 57 43 160 4
26 0 58 43 160 4
26 0 59 43 160 4
26 1 20 255 186 119
26 1 21 255 186 119
26 1 22 255 186 119
26 1 24 255 186 119
26 1 25 255 186 119
26 1 26 255 186 119
26 1 27 255 186 119
26 1 28 255 186 119
26 1 29 255 186 119
26 1 30 255 186 119
26 1 31 255 186 119
26 1 32 255 186 119
26 1 33 255 186 119
26 1 34 255 186 119
26 1 35 255 186 119
26 1 36 255 186 119
26 1 37 255 186 119
26 2 17 255 186 119
26 2 18 255 186 119
26 2 19 255 186 119
26 2 20 255 186 119
26 2 21 255 186 119
26 2 23 255 186 119
26 2 24 255 186 119
26 2 25 255 186 119
26 2 26 255 186 119
26 2 27 255 186 119
26 2 28 255 186 119
26 2 29 255 186 119
26 2 30 255 186 119
26 2 31 255 186 119
26 2 32 255 186 119
26 2 33 255 186 119
26 2 34 255 186 119
26 2 35 255 186 119
26 2 36 255 186 119
26 2 37 255 186 119
26 3 17 255 186 119
26 3 18 255 186 119
26 3 19 255 186 119
26 3 22 255 186 119
26 3 23 255 186 119
26 3 24 255 186 119
26 3 25 255 186 119
26 3 26 255 186 119
26 3 27 255 186 119
26 3 28 255 186 119
26 3 29 255 186 119
26 3 30 255 186 119
26 3 31 255 186 119
26 3 32 255 186 119
26 3 33 255 186 119
26 3 34 255 186 119
26 3 35 255 186 119
26 3 36 255 186 119
26 3 37 255 186 119
26 3 38 255 186 119
26 3 39 255 186 119
26 4 17 255 186 119
26 4 18 255 186 119
26 4 19 255 186 119
26 4 21 255 186 119
26 4 22 255 186 119
26 4 23 255 186 119
26 4 24 255 186 119
26 4 25 255 186 119
26 4 26 255 186 119
26 4 27 255 186 119
26 4 28 255 186 119
26 4 29 255 186 119
26 4 30 255 186 119
26 4 31 255 186 119
26 4 32 255 186 119
26 4 33 255 186 119
26 4 34 255 186 119
26 4 35 255 186 119
26 4 36 255 186 119
26 4 37 255 186 119
26 4 38 255 186 119
26 4 39 255 186 119
26 5 17 255 186 119
26 5 18 255 186 119
26 5 19 255 186 119
26 5 21 255 186 119
26 5 22 255 186 119
26 5 23 255 186 119
26 5 24 255 186 119
26 5 25 255 186 119
26 5 26 255 186 119
26 5 27 255 186 119
26 5 28 255 186 119
26 5 29 255 186 119
26 5 30 255 186 119
26 5 31 255 186 119
26 5 32 255 186 119
26 5 33 255 186 119
26 5 34 255 186 119
26 5 35 255 186 119
26 5 36 255 186 119
26 5 37 255 186 119
26 5 38 255 186 119
26 5 39 255 186 119
26 6 17 255 186 119
26 6 18 255 186 119
26 6 21 255 186 119
26 6 22 255 186 119
26 6 23 255 186 119
26 6 24 255 186 119
26 6 25 255 186 119
26 6 26 255 186 119
26 6 27 255 186 119
26 6 28 255 186 119
26 6 29 255 186 119
26 6 30 255 186 119
26 6 31 255 186 119
26 6 32 255 186 119
26 6 33 255 186 119
26 6 34 255 186 119
26 6 35 255 186 119
26 6 36 255 186 119
26 6 37 255 186 119
26 6 38 255 186 119
26 7 17 255 186 119
26 7 18 255 186 119
26 7 19 255 186 119
26 7 20 255 186 119
26 7 25 255 186 119
26 7 26 255 186 119
26 7 27 255 186 119
26 7 28 255 186 119
26 7 29 255 186 119
26 7 30 255 186 119
26 7 31 255 186 119
26 7 32 255 186 119
26 7 33 255 186 119
26 7 34 255 186 119
26 7 35 255 186 119
26 7 36 255 186 119
26 7 37 255 186 119
26 8 18 255 186 119
26 8 19 255 186 119
26 8 20 255 186 119
26 8 21 255 186 119
26 8 22 255 186 119
26 8 23 255 186 119
26 8 24 255 186 119
26 8 25 255 186 119
26 8 30 255 186 119
26 8 31 255 186 119
26 8 32 255 186 119
26 8 33 196 175 214
26 8 34 196 175 214
26 8 35 196 175 214
26 8 36 255 186 119
26 9 23 255 186 119
26 9 24 255 186 119
26 9 25 255 186 119
26 9 26 255 186 119
26 9 27 255 186 119
26 9 28 196 175 214
26 9 29 196 175 214
26 9 30 196 175 214
26 9 34 196 175 214
26 9 35 196 175 214
26 9 36 196 175 214
26 10 28 196 175 214
26 10 29 196 175 214
26 10 30 196 175 214
26 10 31 196 175 214
26 10 32 196 175 214
26 10 33 196 175 214
26 10 36 196 175 214
26 11 32 196 175 214
26 11 33 196 175 214
26 11 34 196 175 214
26 11 35 196 175 214
26 12 34 196 175 214
26 12 35 196 175 214
26 12 36 196 175 214
26 13 36 196 175 214
26 13 37 196 175 214
26 14 36 196 175 214
26 14 37 196 175 214
26 15 36 196 175 214
26 15 37 158 216 229
26 16 37 158 216 229
26 16 38 158 216 229
26 17 36 158 216 229
26 17 37 158 216 229
26 17 38 158 216 229
26 18 37 158 216 229
26 18 38 158 216 229
26 19 36 158 216 229
26 19 37 158 216 229
26 19 38 158 216 229
26 20 36 158 216 229
26 20 37 158 216 229
26 21 36 158 216 229
26 21 37 158 216 229
26 22 35 158 216 229
26 22 36 158 216 229
26 22 37 158 216 229
26 23 35 158 216 229
26 23 36 158 216 229
26 24 35 158 216 229
26 24 36 158 216 229
26 24 37 158 216 229
26 25 35 158 216 229
26 25 36 158 216 229
26 26 34 158 216 229
26 26 35 158 216 229
26 26 36 158 216 229
26 27 36 158 216 229
27 0 23 43 160 4
27 0 24 43 160 4
27 0 25 43 160 4
27 0 26 43 160 4
27 0 27 43 160 4
27 0 28 43 160 4
27 0 29 43 160 4
27 0 30 43 160 4
27 0 31 43 160 4
27 0 32 43 160 4
27 0 33 43 160 4
27 0 34 43 160 4
27 0 35 43 160 4
27 0 36 43 160 4
27 0 37 43 160 4
27 0 38 43 160 4
27 0 39 43 160 4
27 0 40 43 160 4
27 0 41 43 160 4
27 0 42 43 160 4
27 0 43 43 160 4
27 0 44 43 160 4
27 0 45 43 160 4
27 0 46 43 160 4
27 0 47 43 160 4
27 0 48 43 160 4
27 0 49 43 160 4
27 0 50 43 160 4
27 0 51 43 160 4
27 0 52 43 160 4
27 0 53 43 160 4
27 0 54 43 160 4
27 0 55 43 160 4
27 0 56 43 160 4
27 0 57 43 160 4
27 0 58 43 160 4
27 0 59 43 160 4
27 1 20 255 186 119
27 1 21 255 186 119
27 1 23 255 186 119
27 1 24 255 186 119
27 1 25 255 186 119
27 1 26 255 186 119
27 1 27 255 186 119
27 1 28 255 186 119
27 1 29 255 186 119
27 1 30 255 186 119
27 1 31 255 186 119
27 1 32 255 186 119
27 1 33 255 186 119
27 1 34 255 186 119
27 1 35 255 186 119
27 1 36 255 186 119
27 1 37 255 186 119
27 1 39 255 186 119
27 2 17 255 186 119
27 2 18 255 186 119
27 2 19 255 186 119
27 2 20 255 186 119
27 2 23 255 186 119
27 2 24 255 186 119
27 2 25 255 186 119
27 2 26 255 186 119
27 2 27 255 186 119
27 2 28 255 186 119
27 2 29 255 186 119
27 2 30 255 186 119
27 2 31 255 186 119
27 2 32 255 186 119
27 2 33 255 186 119
27 2 34 255 186 119
27 2 35 255 186 119
27 2 36 255 186 119
27 2 37 255 186 119
27 3 17 255 186 119
27 3 18 255 186 119
27 3 20 255 186 119
27 3 21 255 186 119
27 3 22 255 186 119
27 3 23 255 186 119
27 3 24 255 186 119
27 3 25 255 186 119
27 3 26 255 186 119
27 3 27 255 186 119
27 3 28 255 186 119
27 3 29 255 186 119
27 3 30 255 186 119
27 3 31 255 186 119
27 3 32 255 186 119
27 3 33 255 186 119
27 3 34 255 186 119
27 3 35 255 186 119
27 3 36 255 186 119
27 3 37 255 186 119
27 3 38 255 186 119
27 3 39 255 186 119
27 4 17 255 186 119
27 4 18 255 186 119
27 4 20 255 186 119
27 4 21 255 186 119
27 4 22 255 186 119
27 4 23 255 186 119
27 4 24 255 186 119
27 4 25 255 186 119
27 4 26 255 186 119
27 4 27 255 186 119
27 4 28 255 186 119
27 4 29 255 186 119
27 4 30 255 186 119
27 4 31 255 186 119
27 4 32 255 186 119
27 4 33 255 186 119
27 4 34 255 186 119
27 4 35 255 186 119
27 4 36 255 186 119
27 4 37 255 186 119
27 4 38 255 186 119
27 4 39 255 186 119
27 5 17 255 186 119
27 5 18 255 186 119
27 5 20 255 186 119
27 5 21 255 186 119
27 5 22 255 186 119
27 5 23 255 186 119
27 5 24 255 186 119
27 5 25 255 186 119
27 5 26 255 186 119
27 5 27 255 186 119
27 5 28 255 186 119
27 5 29 255 186 119
27 5 30 255 186 119
27 5 31 255 186 119
27 5 32 255 186 119
27 5 33 255 186 119
27 5 34 255 186 119
27 5 35 255 186 119
27 5 36 255 186 119
27 5 37 255 186 119
27 5 38 255 186 119
27 5 39 255 186 119
27 6 16 255 186 119
27 6 17 255 186 119
27 6 18 255 186 119
27 6 20 255 186 119
27 6 21 255 186 119
27 6 22 255 186 119
27 6 23 255 186 119
27 6 24 255 186 119
27 6 25 255 186 119
27 6 26 255 186 119
27 6 27 255 186 119
27 6 28 255 186 119
27 6 29 255 186 119
27 6 30 255 186 119
27 6 31 255 186 119
27 6 32 255 186 119
27 6 33 255 186 119
27 6 34 255 186 119
27 6 35 255 186 119
27 6 36 255 186 119
27 6 37 255 186 119
27 7 17 255 186 119
27 7 18 255 186 119
27 7 19 255 186 119
27 7 20 255 186 119
27 7 25 255 186 119
27 7 26 255 186 119
27 7 27 255 186 119
27 7 28 255 186 119
27 7 29 255 186 119
27 7 30 255 186 119
27 7 31 255 186 119
27 7 32 255 186 119
27 7 33 255 186 119
27 7 34 255 186 119
27 7 35 255 186 119
27 7 36 255 186 119
27 7 37 255 186 119
27 8 18 255 186 119
27 8 19 255 186 119
27 8 20 255 186 119
27 8 21 255 186 119
27 8 22 255 186 119
27 8 23 255 186 119
27 8 24 255 186 119
27 8 25 255 186 119
27 8 30 255 186 119
27 8 31 255 186 119
27 8 32 255 186 119
27 8 33 255 186 119
27 8 34 255 186 119
27 8 35 255 186 119
27 8 36 255 186 119
27 9 23 255 186 119
27 9 24 255 186 119
27 9 25 255 186 119
27 9 26 255 186 119
27 9 27 255 186 119
27 9 28 255 186 119
27 9 29 255 186 119
27 9 30 255 186 119
27 9 34 196 175 214
27 10 28 196 175 214
27 10 29 196 175 214
27 10 30 196 175 214
27 10 31 196 175 214
27 10 32 196 175 214
27 10 33 196 175 214
27 11 32 196 175 214
27 11 33 196 175 214
27 11 34 196 175 214
27 11 35 196 175 214
27 12 34 196 175 214
27 12 35 196 175 214
27 12 36 196 175 214
27 13 35 196 175 214
27 13 36 196 175 214
27 14 36 196 175 214
27 14 37 158 216 229
27 15 36 158 216 229
27 15 37 158 216 229
27 16 36 158 216 229
27 16 37 158 216 229
27 17 36 158 216 229
27 17 37 158 216 229
27 18 36 158 216 229
27 18 37 158 216 229
27 19 35 158 216 229
27 19 36 158 216 229
27 19 37 158 216 229
27 20 35 158 216 229
27 20 36 158 216 229
27 20 37 158 216 229
27 21 35 158 216 229
27 21 36 158 216 229
27 21 37 158 216 229
27 22 35 158 216 229
27 22 36 158 216 229
27 23 35 158 216 229
27 23 36 158 216 229
27 24 34 158 216 229
27 24 35 158 216 229
27 24 36 158 216 229
27 25 34 158 216 229
27 25 35 158 216 229
27 26 34 158 216 229
27 26 35 158 216 229
27 26 37 158 216 229
27 27 37 158 216 229
28 0 23 43 160 4
28 0 24 43 160 4
28 0 25 43 160 4
28 0 26 43 160 4
28 0 27 43 160 4
28 0 28 43 160 4
28 0 29 43 160 4
28 0 30 43 160 4
28 0 31 43 160 4
28 0 32 43 160 4
28 0 33 43 160 4
28 0 34 43 160 4
28 0 35 43 160 4
28 0 36 43 160 4
28 0 37 43 160 4
28 0 38 43 160 4
28 0 39 43 160 4
28 0 40 43 160 4
28 0 41 43 160 4
28 0 42 43 160 4
28 0 43 43 160 4
28 0 44 43 160 4
28 0 45 43 160 4
28 0 46 43 160 4
28 0 47 43 160 4
28 0 48 43 160 4
28 0 49 43 160 4
28 0 50 43 160 4
28 0 51 43 160 4
28 0 52 43 160 4
28 0 53 43 160 4
28 0 54 43 160 4
28 0 55 43 160 4
28 0 56 43 160 4
28 0 57 43 160 4
28 0 58 43 160 4
28 0 59 43 160 4
28 1 20 255 186 119
28 1 22 255 186 119
28 1 23 255 186 119
28 1 24 255 186 119
28 1 25 255 186 119
28 1 26 255 186 119
28 1 27 255 186 119
28 1 28 255 186 119
28 1 29 255 186 119
28 1 30 255 186 119
28 1 31 255 186 119
28 1 32 255 186 119
28 1 33 255 186 119
28 1 34 255 186 119
28 1 35 255 186 119
28 1 36 255 186 119
28 1 37 255 186 119
28 2 17 255 186 119
28 2 18 255 186 119
28 2 19 255 186 119
28 2 22 255 186 119
28 2 23 255 186 119
28 2 24 255 186 119
28 2 25 255 186 119
28 2 26 255 186 119
28 2 27 255 186 119
28 2 28 255 186 119
28 2 29 255 186 119
28 2 30 255 186 119
28 2 31 255 186 119
28 2 32 255 186 119
28 2 33 255 186 119
28 2 34 255 186 119
28 2 35 255 186 119
28 2 36 255 186 119
28 2 37 255 186 119
28 3 16 255 186 119
28 3 17 255 186 119
28 3 20 255 186 119
28 3 21 255 186 119
28 3 22 255 186 119
28 3 23 255 186 119
28 3 24 255 186 119
28 3 25 255 186 119
28 3 26 255 186 119
28 3 27 255 186 119
28 3 28 255 186 119
28 3 29 255 186 119
28 3 30 255 186 119
28 3 31 255 186 119
28 3 32 255 186 119
28 3 33 255 186 119
28 3 34 255 186 119
28 3 35 255 186 119
28 3 36 255 186 119
28 3 37 255 186 119
28 3 38 255 186 119
28 3 39 255 186 119
28 4 16 255 186 119
28 4 17 255 186 119
28 4 19 255 186 119
28 4 20 255 186 119
28 4 21 255 186 119
28 4 22 255 186 119
28 4 23 255 186 119
28 4 24 255 186 119
28 4 25 255 186 119
28 4 26 255 186 119
28 4 27 255 186 119
28 4 28 255 186 119
28 4 29 255 186 119
28 4 30 255 186 119
28 4 31 255 186 119
28 4 32 255 186 119
28 4 33 255 186 119
28 4 34 255 186 119
28 4 35 255 186 119
28 4 36 255 186 119
28 4 37 255 186 119
28 4 38 255 186 119
28 4 39 255 186 119
28 5 16 255 186 119
28 5 17 255 186 119
28 5 19 255 186 119
28 5 20 255 186 119
28 5 21 255 186 119
28 5 22 255 186 119
28 5 23 255 186 119
28 5 24 255 186 119
28 5 25 255 186 119
28 5 26 255 186 119
28 5 27 255 186 119
28 5 28 255 186 119
28 5 29 255 186 119
28 5 30 255 186 119
28 5 31 255 186 119
28 5 32 255 186 119
28 5 33 255 186 119
28 5 34 255 186 119
28 5 35 255 186 119
28 5 36 255 186 119
28 5 37 255 186 119
28 5 38 255 186 119
28 5 39 255 186 119
28 6 15 255 186 119
28 6 16 255 186 119
28 6 17 255 186 119
28 6 20 255 186 119
28 6 21 255 186 119
28 6 22 255 186 119
28 6 23 255 186 119
28 6 24 255 186 119
28 6 25 255 186 119
28 6 26 255 186 119
28 6 27 255 186 119
28 6 28 255 186 119
28 6 29 255 186 119
28 6 30 255 186 119
28 6 31 255 186 119
28 6 32 255 186 119
28 6 33 255 186 119
28 6 34 255 186 119
28 6 35 255 186 119
28 6 36 255 186 119
28 6 37 255 186 119
28 7 16 255 186 119
28 7 17 255 186 119
28 7 18 255 186 119
28 7 19 255 186 119
28 7 20 255 186 119
28 7 25 255 186 119
28 7 26 255 186 119
28 7 27 255 186 119
28 7 28 255 186 119
28 7 29 255 186 119
28 7 30 255 186 119
28 7 31 255 186 119
28 7 32 255 186 119
28 7 33 255 186 119
28 7 34 255 186 119
28 7 35 255 186 119
28 7 36 255 186 119
28 7 37 255 186 119
28 8 18 255 186 119
28 8 19 255 186 119
28 8 20 255 186 119
28 8 21 255 186 119
28 8 22 255 186 119
28 8 23 255 186 119
28 8 24 255 186 119
28 8 25 255 186 119
28 8 30 255 186 119
28 8 31 255 186 119
28 8 32 255 186 119
28 8 33 255 186 119
28 8 34 255 186 119
28 8 35 255 186 119
28 8 36 255 186 119
28 9 23 255 186 119
28 9 24 255 186 119
28 9 25 255 186 119
28 9 26 255 186 119
28 9 27 255 186 119
28 9 28 196 175 214
28 9 29 255 186 119
28 9 30 255 186 119
28 9 34 196 175 214
28 10 28 196 175 214
28 10 29 196 175 214
28 10 30 196 175 214
28 10 31 196 175 214
28 10 32 196 175 214
28 10 33 196 175 214
28 11 32 196 175 214
28 11 33 196 175 214
28 11 34 196 175 214
28 12 34 196 175 214
28 12 35 196 175 214
28 12 36 196 175 214
28 13 35 196 175 214
28 13 36 196 175 214
28 14 36 158 216 229
28 14 37 158 216 229
28 15 36 158 216 229
28 15 37 158 216 229
28 16 35 158 216 229
28 16 36 158 216 229
28 16 37 158 216 229
28 16 38 158 216 229
28 17 35 158 216 229
28 17 36 158 216 229
28 18 34 158 216 229
28 18 35 158 216 229
28 18 36 158 216 229
28 18 37 158 216 229
28 19 34 158 216 229
28 19 35 158 216 229
28 19 36 158 216 229
28 19 37 158 216 229
28 20 35 158 216 229
28 20 36 158 216 229
28 21 35 158 216 229
28 21 36 158 216 229
28 22 34 158 216 229
28 22 35 158 216 229
28 23 34 158 216 229
28 23 35 158 216 229
28 24 34 158 216 229
28 24 35 158 216 229
28 25 34 158 216 229
28 25 35 158 216 229
28 26 34 158 216 229
28 26 35 158 216 229
29 0 22 43 160 4
29 0 23 43 160 4
29 0 24 43 160 4
29 0 25 43 160 4
29 0 26 43 160 4
29 0 27 43 160 4
29 0 28 43 160 4
29 0 29 43 160 4
29 0 30 43 160 4
29 0 31 43 160 4
29 0 32 43 160 4
29 0 33 43 160 4
29 0 34 43 160 4
29 0 35 43 160 4
29 0 36 43 160 4
29 0 37 43 160 4
29 0 38 43 160 4
29 0 39 43 160 4
29 0 40 43 160 4
29 0 41 43 160 4
29 0 42 43 160 4
29 0 43 43 160 4
29 0 44 43 160 4
29 0 45 43 160 4
29 0 46 43 160 4
29 0 47 43 160 4
29 0 48 43 160 4
29 0 49 43 160 4
29 0 50 43 160 4
29 0 51 43 160 4
29 0 52 43 160 4
29 0 53 43 160 4
29 0 54 43 160 4
29 0 55 43 160 4
29 0 56 43 160 4
29 0 57 43 160 4
29 0 58 43 160 4
29 0 59 43 160 4
29 1 21 255 186 119
29 1 22 255 186 119
29 1 23 255 186 119
29 1 24 255 186 119
29 1 25 255 186 119
29 1 26 255 186 119
29 1 27 255 186 119
29 1 28 255 186 119
29 1 29 255 186 119
29 1 30 255 186 119
29 1 31 255 186 119
29 1 32 255 186 119
29 1 33 255 186 119
29 1 34 255 186 119
29 1 35 255 186 119
29 1 36 255 186 119
29 1 37 255 186 119
29 1 39 255 186 119
29 2 17 255 186 119
29 2 18 255 186 119
29 2 21 255 186 119
29 2 22 255 186 119
29 2 23 255 186 119
29 2 24 255 186 119
29 2 25 255 186 119
29 2 26 255 186 119
29 2 27 255 186 119
29 2 28 255 186 119
29 2 29 255 186 119
29 2 30 255 186 119
29 2 31 255 186 119
29 2 32 255 186 119
29 2 33 255 186 119
29 2 34 255 186 119
29 2 35 255 186 119
29 2 36 255 186 119
29 2 37 255 186 119
29 3 15 255 186 119
29 3 16 255 186 119
29 3 17 255 186 119
29 3 19 255 186 119
29 3 20 255 186 119
29 3 21 255 186 119
29 3 22 255 186 119
29 3 23 255 186 119
29 3 24 255 186 119
29 3 25 255 186 119
29 3 26 255 186 119
29 3 27 255 186 119
29 3 28 255 186 119
29 3 29 255 186 119
29 3 30 255 186 119
29 3 31 255 186 119
29 3 32 255 186 119
29 3 33 255 186 119
29 3 34 255 186 119
29 3 35 255 186 119
29 3 36 255 186 119
29 3 37 255 186 119
29 3 38 255 186 119
29 3 39 255 186 119
29 4 15 255 186 119
29 4 16 255 186 119
29 4 17 255 186 119
29 4 18 255 186 119
29 4 19 255 186 119
29 4 20 255 186 119
29 4 21 255 186 119
29 4 22 255 186 119
29 4 23 255 186 119
29 4 24 255 186 119
29 4 25 255 186 119
29 4 26 255 186 119
29 4 27 255 186 119
29 4 28 255 186 119
29 4 29 255 186 119
29 4 30 255 186 119
29 4 31 255 186 119
29 4 32 255 186 119
29 4 33 255 186 119
29 4 34 255 186 119
29 4 35 255 186 119
29 4 36 255 186 119
29 4 37 255 186 119
29 4 38 255 186 119
29 4 39 255 186 119
29 5 15 255 186 119
29 5 16 255 186 119
29 5 17 255 186 119
29 5 19 255 186 119
29 5 20 255 186 119
29 5 21 255 186 119
29 5 22 255 186 119
29 5 23 255 186 119
29 5 24 255 186 119
29 5 25 255 186 119
29 5 26 255 186 119
29 5 27 255 186 119
29 5 28 255 186 119
29 5 29 255 186 119
29 5 30 255 186 119
29 5 31 255 186 119
29 5 32 255 186 119
29 5 33 255 186 119
29 5 34 255 186 119
29 5 35 255 186 119
29 5 36 255 186 119
29 5 37 255 186 119
29 5 38 255 186 119
29 5 39 255 186 119
29 6 15 255 186 119
29 6 16 255 186 119
29 6 20 255 186 119
29 6 21 255 186 119
29 6 22 255 186 119
29 6 23 255 186 119
29 6 24 255 186 119
29 6 25 255 186 119
29 6 26 255 186 119
29 6 27 255 186 119
29 6 28 255 186 119
29 6 29 255 186 119
29 6 30 255 186 119
29 6 31 255 186 119
29 6 32 255 186 119
29 6 33 255 186 119
29 6 34 255 186 119
29 6 35 255 186 119
29 6 36 255 186 119
29 6 37 255 186 119
29 7 15 255 186 119
29 7 16 255 186 119
29 7 17 255 186 119
29 7 18 255 186 119
29 7 19 255 186 119
29 7 20 255 186 119
29 7 26 255 186 119
29 7 27 255 186 119
29 7 28 255 186 119
29 7 29 255 186 119
29 7 30 255 186 119
29 7 31 255 186 119
29 7 32 255 186 119
29 7 33 255 186 119
29 7 34 255 186 119
29 7 35 255 186 119
29 7 36 255 186 119
29 7 37 255 186 119
29 8 17 255 186 119
29 8 18 255 186 119
29 8 19 255 186 119
29 8 20 255 186 119
29 8 21 255 186 119
29 8 22 255 186 119
29 8 23 255 186 119
29 8 24 255 186 119
29 8 25 255 186 119
29 8 30 255 186 119
29 8 31 255 186 119
29 8 32 255 186 119
29 8 33 255 186 119
29 8 34 255 186 119
29 8 35 255 186 119
29 8 36 255 186 119
29 9 23 255 186 119
29 9 24 255 186 119
29 9 25 255 186 119
29 9 26 255 186 119
29 9 27 255 186 119
29 9 28 196 175 214
29 9 29 196 175 214
29 9 30 196 175 214
29 9 34 196 175 214
29 10 28 196 175 214
29 10 29 196 175 214
29 10 30 196 175 214
29 10 31 196 175 214
29 10 32 196 175 214
29 10 33 196 175 214
29 11 32 196 175 214
29 11 33 196 175 214
29 11 34 196 175 214
29 12 33 196 175 214
29 12 34 196 175 214
29 12 35 196 175 214
29 12 36 196 175 214
29 13 35 158 216 229
29 13 36 158 216 229
29 14 35 158 216 229
29 14 36 158 216 229
29 15 35 158 216 229
29 15 36 158 216 229
29 16 34 158 216 229
29 16 35 158 216 229
29 16 36 158 216 229
29 17 34 158 216 229
29 17 35 158 216 229
29 18 34 158 216 229
29 18 35 158 216 229
29 18 36 158 216 229
29 19 34 158 216 229
29 19 35 158 216 229
29 20 34 158 216 229
29 20 35 158 216 229
29 20 36 158 216 229
29 21 34 158 216 229
29 21 35 158 216 229
29 21 36 158 216 229
29 22 34 158 216 229
29 22 35 158 216 229
29 22 36 158 216 229
29 23 33 158 216 229
29 23 34 158 216 229
29 23 35 158 216 229
29 24 33 158 216 229
29 24 34 158 216 229
29 25 33 158 216 229
29 25 34 158 216 229
29 26 34 158 216 229
30 0 22 43 160 4
30 0 23 43 160 4
30 0 24 43 160 4
30 0 25 43 160 4
30 0 26 43 160 4
30 0 27 43 160 4
30 0 28 43 160 4
30 0 29 43 160 4
30 0 30 43 160 4
30 0 31 43 160 4
30 0 32 43 160 4
30 0 33 43 160 4
30 0 34 43 160 4
30 0 35 43 160 4
30 0 36 43 160 4
30 0 37 43 160 4
30 0 38 43 160 4
30 0 39 43 160 4
30 0 40 43 160 4
30 0 41 43 160 4
30 0 42 43 160 4
30 0 43 43 160 4
30 0 44 43 160 4
30 0 45 43 160 4
30 0 46 43 160 4
30 0 47 43 160 4
30 0 48 43 160 4
30 0 49 43 160 4
30 0 50 43 160 4
30 0 51 43 160 4
30 0 52 43 160 4
30 0 53 43 160 4
30 0 54 43 160 4
30 0 55 43 160 4
30 0 56 43 160 4
30 0 57 43 160 4
30 0 58 43 160 4
30 0 59 43 160 4
30 1 20 255 186 119
30 1 21 255 186 119
30 1 22 255 186 119
30 1 23 255 186 119
30 1 24 255 186 119
30 1 25 255 186 119
30 1 26 255 186 119
30 1 27 255 186 119
30 1 28 255 186 119
30 1 29 255 186 119
30 1 30 255 186 119
30 1 31 255 186 119
30 1 32 255 186 119
30 1 33 255 186 119
30 1 34 255 186 119
30 1 35 255 186 119
30 1 36 255 186 119
30 1 37 255 186 119
30 2 17 255 186 119
30 2 19 255 186 119
30 2 20 255 186 119
30 2 21 255 186 119
30 2 22 255 186 119
30 2 23 255 186 119
30 2 24 255 186 119
30 2 25 255 186 119
30 2 26 255 186 119
30 2 27 255 186 119
30 2 28 255 186 119
30 2 29 255 186 119
30 2 30 255 186 119
30 2 31 255 186 119
30 2 32 255 186 119
30 2 33 255 186 119
30 2 34 255 186 119
30 2 35 255 186 119
30 2 36 255 186 119
30 2 37 255 186 119
30 3 15 255 186 119
30 3 16 255 186 119
30 3 18 255 186 119
30 3 19 255 186 119
30 3 20 255 186 119
30 3 21 255 186 119
30 3 22 255 186 119
30 3 23 255 186 119
30 3 24 255 186 119
30 3 25 255 186 119
30 3 26 255 186 119
30 3 27 255 186 119
30 3 28 255 186 119
30 3 29 255 186 119
30 3 30 255 186 119
30 3 31 255 186 119
30 3 32 255 186 119
30 3 33 255 186 119
30 3 34 255 186 119
30 3 35 255 186 119
30 3 36 255 186 119
30 3 37 255 186 119
30 3 38 255 186 119
30 4 14 196 175 214
30 4 15 255 186 119
30 4 16 255 186 119
30 4 18 255 186 119
30 4 19 255 186 119
30 4 20 255 186 119
30 4 21 255 186 119
30 4 22 255 186 119
30 4 23 255 186 119
30 4 24 255 186 119
30 4 25 255 186 119
30 4 26 255 186 119
30 4 27 255 186 119
30 4 28 255 186 119
30 4 29 255 186 119
30 4 30 255 186 119
30 4 31 255 186 119
30 4 32 255 186 119
30 4 33 255 186 119
30 4 34 255 186 119
30 4 35 255 186 119
30 4 36 255 186 119
30 4 37 255 186 119
30 4 38 255 186 119
30 4 39 255 186 119
30 5 14 255 186 119
30 5 15 255 186 119
30 5 16 255 186 119
30 5 18 255 186 119
30 5 19 255 186 119
30 5 20 255 186 119
30 5 21 255 186 119
30 5 22 255 186 119
30 5 23 255 186 119
30 5 24 255 186 119
30 5 25 255 186 119
30 5 26 255 186 119
30 5 27 255 186 119
30 5 28 255 186 119
30 5 29 255 186 119
30 5 30 255 186 119
30 5 31 255 186 119
30 5 32 255 186 119
30 5 33 255 186 119
30 5 34 255 186 119
30 5 35 255 186 119
30 5 36 255 186 119
30 5 37 255 186 119
30 5 38 255 186 119
30 6 14 255 186 119
30 6 15 255 186 119
30 6 16 255 186 119
30 6 21 255 186 119
30 6 22 255 186 119
30 6 23 255 186 119
30 6 24 255 186 119
30 6 25 255 186 119
30 6 26 255 186 119
30 6 27 255 186 119
30 6 28 255 186 119
30 6 29 255 186 119
30 6 30 255 186 119
30 6 31 255 186 119
30 6 32 255 186 119
30 6 33 255 186 119
30 6 34 255 186 119
30 6 35 255 186 119
30 6 36 255 186 119
30 6 37 255 186 119
30 7 15 255 186 119
30 7 16 255 186 119
30 7 17 255 186 119
30 7 18 255 186 119
30 7 19 255 186 119
30 7 20 255 186 119
30 7 26 255 186 119
30 7 27 255 186 119
30 7 28 255 186 119
30 7 29 255 186 119
30 7 30 255 186 119
30 7 31 255 186 119
30 7 32 255 186 119
30 7 33 255 186 119
30 7 34 255 186 119
30 7 35 255 186 119
30 7 36 255 186 119
30 7 37 255 186 119
30 8 18 255 186 119
30 8 19 255 186 119
30 8 20 255 186 119
30 8 21 255 186 119
30 8 22 255 186 119
30 8 23 255 186 119
30 8 24 255 186 119
30 8 25 255 186 119
30 8 30 255 186 119
30 8 31 255 186 119
30 8 32 255 186 119
30 8 33 196 175 214
30 8 34 196 175 214
30 8 35 255 186 119
30 8 36 255 186 119
30 9 24 255 186 119
30 9 25 255 186 119
30 9 26 255 186 119
30 9 27 255 186 119
30 9 28 196 175 214
30 9 29 196 175 214
30 9 30 196 175 214
30 9 34 196 175 214
30 10 28 196 175 214
30 10 29 196 175 214
30 10 30 196 175 214
30 10 31 196 175 214
30 10 32 196 175 214
30 10 33 196 175 214
30 11 32 196 175 214
30 11 33 196 175 214
30 11 34 196 175 214
30 12 33 196 175 214
30 12 34 196 175 214
30 12 35 196 175 214
30 13 34 196 175 214
30 13 35 158 216 229
30 13 36 158 216 229
30 14 34 158 216 229
30 14 35 158 216 229
30 14 36 158 216 229
30 15 34 158 216 229
30 15 35 158 216 229
30 16 34 158 216 229
30 16 35 158 216 229
30 17 33 158 216 229
30 17 34 158 216 229
30 17 35 158 216 229
30 18 32 158 216 229
30 18 33 158 216 229
30 18 34 158 216 229
30 18 35 158 216 229
30 19 33 158 216 229
30 19 34 158 216 229
30 19 35 158 216 229
30 20 33 158 216 229
30 20 34 158 216 229
30 20 35 158 216 229
30 21 33 158 216 229
30 21 34 158 216 229
30 21 35 158 216 229
30 22 32 158 216 229
30 22 33 158 216 229
30 22 34 158 216 229
30 22 35 158 216 229
30 23 32 158 216 229
30 23 33 158 216 229
30 23 34 158 216 229
30 24 33 158 216 229
30 24 34 158 216 229
30 25 32 158 216 229
30 25 33 158 216 229
30 25 34 158 216 229
30 26 34 158 216 229
31 0 22 43 160 4
31 0 23 43 160 4
31 0 24 43 160 4
31 0 25 43 160 4
31 0 26 43 160 4
31 0 27 43 160 4
31 0 28 43 160 4
31 0 29 43 160 4
31 0 30 43 160 4
31 0 31 43 160 4
31 0 32 43 160 4
31 0 33 43 160 4
31 0 34 43 160 4
31 0 35 43 160 4
31 0 36 43 160 4
31 0 37 43 160 4
31 0 38 43 160 4
31 0 39 43 160 4
31 0 40 43 160 4
31 0 41 43 160 4
31 0 42 43 160 4
31 0 43 43 160 4
31 0 44 43 160 4
31 0 45 43 160 4
31 0 46 43 160 4
31 0 47 43 160 4
31 0 48 43 160 4
31 0 49 43 160 4
31 0 50 43 160 4
31 0 51 43 160 4
31 0 52 43 160 4
31 0 53 43 160 4
31 0 54 43 160 4
31 0 55 43 160 4
31 0 56 43 160 4
31 0 57 43 160 4
31 0 58 43 160 4
31 0 59 43 160 4
31 1 20 255 186 119
31 1 21 255 186 119
31 1 22 255 186 119
31 1 23 255 186 119
31 1 24 255 186 119
31 1 25 255 186 119
31 1 26 255 186 119
31 1 27 255 186 119
31 1 28 255 186 119
31 1 29 255 186 119
31 1 30 255 186 119
31 1 31 255 186 119
31 1 32 255 186 119
31 1 33 255 186 119
31 1 34 255 186 119
31 1 35 255 186 119
31 1 36 255 186 119
31 1 37 255 186 119
31 2 18 255 186 119
31 2 19 255 186 119
31 2 20 255 186 119
31 2 21 255 186 119
31 2 22 255 186 119
31 2 23 255 186 119
31 2 24 255 186 119
31 2 25 255 186 119
31 2 26 255 186 119
31 2 27 255 186 119
31 2 28 255 186 119
31 2 29 255 186 119
31 2 30 255 186 119
31 2 31 255 186 119
31 2 32 255 186 119
31 2 33 255 186 119
31 2 34 255 186 119
31 2 35 255 186 119
31 2 36 255 186 119
31 2 37 255 186 119
31 3 15 255 186 119
31 3 17 255 186 119
31 3 18 255 186 119
31 3 19 255 186 119
31 3 20 255 186 119
31 3 21 255 186 119
31 3 22 255 186 119
31 3 23 255 186 119
31 3 24 255 186 119
31 3 25 255 186 119
31 3 26 255 186 119
31 3 27 255 186 119
31 3 28 255 186 119
31 3 29 255 186 119
31 3 30 255 186 119
31 3 31 255 186 119
31 3 32 255 186 119
31 3 33 255 186 119
31 3 34 255 186 119
31 3 35 255 186 119
31 3 36 255 186 119
31 3 37 255 186 119
31 3 38 255 186 119
31 4 13 196 175 214
31 4 14 255 186 119
31 4 15 255 186 119
31 4 17 255 186 119
31 4 18 255 186 119
31 4 19 255 186 119
31 4 20 255 186 119
31 4 21 255 186 119
31 4 22 255 186 119
31 4 23 255 186 119
31 4 24 255 186 119
31 4 25 255 186 119
31 4 26 255 186 119
31 4 27 255 186 119
31 4 28 255 186 119
31 4 29 255 186 119
31 4 30 255 186 119
31 4 31 255 186 119
31 4 32 255 186 119
31 4 33 255 186 119
31 4 34 255 186 119
31 4 35 255 186 119
31 4 36 255 186 119
31 4 37 255 186 119
31 4 38 255 186 119
31 5 13 255 186 119
31 5 14 255 186 119
31 5 15 255 186 119
31 5 17 255 186 119
31 5 18 255 186 119
31 5 19 255 186 119
31 5 20 255 186 119
31 5 21 255 186 119
31 5 22 255 186 119
31 5 23 255 186 119
31 5 24 255 186 119
31 5 25 255 186 119
31 5 26 255 186 119
31 5 27 255 186 119
31 5 28 255 186 119
31 5 29 255 186 119
31 5 30 255 186 119
31 5 31 255 186 119
31 5 32 255 186 119
31 5 33 255 186 119
31 5 34 255 186 119
31 5 35 255 186 119
31 5 36 255 186 119
31 5 37 255 186 119
31 6 14 255 186 119
31 6 15 255 186 119
31 6 16 255 186 119
31 6 20 255 186 119
31 6 21 255 186 119
31 6 22 255 186 119
31 6 23 255 186 119
31 6 24 255 186 119
31 6 25 255 186 119
31 6 26 255 186 119
31 6 27 255 186 119
31 6 28 255 186 119
31 6 29 255 186 119
31 6 30 255 186 119
31 6 31 255 186 119
31 6 32 255 186 119
31 6 33 255 186 119
31 6 34 255 186 119
31 6 35 255 186 119
31 6 36 255 186 119
31 6 37 255 186 119
31 7 15 255 186 119
31 7 16 255 186 119
31 7 17 255 186 119
31 7 18 255 186 119
31 7 19 255 186 119
31 7 20 255 186 119
31 7 21 255 186 119
31 7 25 255 186 119
31 7 26 255 186 119
31 7 27 255 186 119
31 7 28 255 186 119
31 7 29 255 186 119
31 7 30 255 186 119
31 7 31 255 186 119
31 7 32 255 186 119
31 7 33 255 186 119
31 7 34 255 186 119
31 7 35 255 186 119
31 7 36 255 186 119
31 8 18 255 186 119
31 8 19 255 186 119
31 8 20 255 186 119
31 8 21 255 186 119
31 8 22 255 186 119
31 8 23 255 186 119
31 8 24 255 186 119
31 8 25 255 186 119
31 8 26 255 186 119
31 8 30 255 186 119
31 8 31 255 186 119
31 8 32 255 186 119
31 8 33 196 175 214
31 8 35 255 186 119
31 8 36 255 186 119
31 9 24 255 186 119
31 9 25 255 186 119
31 9 26 255 186 119
31 9 27 255 186 119
31 9 28 196 175 214
31 9 29 196 175 214
31 9 30 196 175 214
31 9 31 196 175 214
31 10 28 196 175 214
31 10 29 196 175 214
31 10 30 196 175 214
31 10 31 196 175 214
31 10 32 196 175 214
31 11 31 196 175 214
31 11 32 196 175 214
31 11 33 196 175 214
31 11 34 196 175 214
31 12 33 196 175 214
31 12 34 196 175 214
31 12 35 158 216 229
31 13 34 158 216 229
31 13 35 158 216 229
31 13 36 158 216 229
31 14 34 158 216 229
31 14 35 158 216 229
31 15 33 158 216 229
31 15 34 158 216 229
31 15 35 158 216 229
31 16 33 158 216 229
31 16 34 158 216 229
31 17 33 158 216 229
31 17 34 158 216 229
31 17 35 158 216 229
31 18 32 158 216 229
31 18 33 158 216 229
31 18 34 158 216 229
31 19 33 158 216 229
31 19 34 158 216 229
31 20 32 158 216 229
31 20 33 158 216 229
31 20 34 158 216 229
31 21 32 158 216 229
31 21 33 158 216 229
31 21 34 158 216 229
31 22 32 158 216 229
31 22 33 158 216 229
31 22 34 158 216 229
31 23 32 158 216 229
31 23 33 158 216 229
31 24 31 158 216 229
31 24 32 158 216 229
31 24 33 158 216 229
31 25 32 158 216 229
31 25 33 158 216 229
31 25 34 158 216 229
32 0 22 43 160 4
32 0 23 43 160 4
32 0 24 43 160 4
32 0 25 43 160 4
32 0 26 43 160 4
32 0 27 43 160 4
32 0 28 43 160 4
32 0 29 43 160 4
32 0 30 43 160 4
32 0 31 43 160 4
32 0 32 43 160 4
32 0 33 43 160 4
32 0 34 43 160 4
32 0 35 43 160 4
32 0 36 43 160 4
32 0 37 43 160 4
32 0 38 43 160 4
32 0 39 43 160 4
32 0 40 43 160 4
32 0 41 43 160 4
32 0 42 43 160 4
32 0 43 43 160 4
32 0 44 43 160 4
32 0 45 43 160 4
32 0 46 43 160 4
32 0 47 43 160 4
32 0 48 43 160 4
32 0 49 43 160 4
32 0 50 43 160 4
32 0 51 43 160 4
32 0 52 43 160 4
32 0 53 43 160 4
32 0 54 43 160 4
32 0 55 43 160 4
32 0 56 43 160 4
32 0 57 43 160 4
32 0 58 43 160 4
32 0 59 43 160 4
32 1 20 255 186 119
32 1 21 255 186 119
32 1 22 255 186 119
32 1 23 255 186 119
32 1 24 255 186 119
32 1 25 255 186 119
32 1 26 255 186 119
32 1 27 255 186 119
32 1 28 255 186 119
32 1 29 255 186 119
32 1 30 255 186 119
32 1 31 255 186 119
32 1 32 255 186 119
32 1 33 255 186 119
32 1 34 255 186 119
32 1 35 255 186 119
32 1 36 255 186 119
32 1 37 255 186 119
32 2 18 255 186 119
32 2 19 255 186 119
32 2 20 255 186 119
32 2 21 255 186 119
32 2 22 255 186 119
32 2 23 255 186 119
32 2 24 255 186 119
32 2 25 255 186 119
32 2 26 255 186 119
32 2 27 255 186 119
32 2 28 255 186 119
32 2 29 255 186 119
32 2 30 255 186 119
32 2 31 255 186 119
32 2 32 255 186 119
32 2 33 255 186 119
32 2 34 255 186 119
32 2 35 255 186 119
32 2 36 255 186 119
32 2 37 255 186 119
32 3 15 255 186 119
32 3 17 255 186 119
32 3 18 255 186 119
32 3 19 255 186 119
32 3 20 255 186 119
32 3 21 255 186 119
32 3 22 255 186 119
32 3 23 255 186 119
32 3 24 255 186 119
32 3 25 255 186 119
32 3 26 255 186 119
32 3 27 255 186 119
32 3 28 255 186 119
32 3 29 255 186 119
32 3 30 255 186 119
32 3 31 255 186 119
32 3 32 255 186 119
32 3 33 255 186 119
32 3 34 255 186 119
32 3 35 255 186 119
32 3 36 255 186 119
32 3 37 255 186 119
32 4 13 196 175 214
32 4 14 255 186 119
32 4 15 255 186 119
32 4 17 255 186 119
32 4 18 255 186 119
32 4 19 255 186 119
32 4 20 255 186 119
32 4 21 255 186 119
32 4 22 255 186 119
32 4 23 255 186 119
32 4 24 255 186 119
32 4 25 255 186 119
32 4 26 255 186 119
32 4 27 255 186 119
32 4 28 255 186 119
32 4 29 255 186 119
32 4 30 255 186 119
32 4 31 255 186 119
32 4 32 255 186 119
32 4 33 255 186 119
32 4 34 255 186 119
32 4 35 255 186 119
32 4 36 255 186 119
32 4 37 255 186 119
32 4 38 255 186 119
32 5 13 255 186 119
32 5 14 255 186 119
32 5 15 255 186 119
32 5 17 255 186 119
32 5 18 255 186 119
32 5 19 255 186 119
32 5 20 255 186 119
32 5 21 255 186 119
32 5 22 255 186 119
32 5 23 255 186 119
32 5 24 255 186 119
32 5 25 255 186 119
32 5 26 255 186 119
32 5 27 255 186 119
32 5 28 255 186 119
32 5 29 255 186 119
32 5 30 255 186 119
32 5 31 255 186 119
32 5 32 255 186 119
32 5 33 255 186 119
32 5 34 255 186 119
32 5 35 255 186 119
32 5 36 255 186 119
32 5 37 255 186 119
32 6 14 255 186 119
32 6 15 255 186 119
32 6 16 255 186 119
32 6 21 255 186 119
32 6 22 255 186 119
32 6 23 255 186 119
32 6 24 255 186 119
32 6 25 255 186 119
32 6 26 255 186 119
32 6 27 255 186 119
32 6 28 255 186 119
32 6 29 255 186 119
32 6 30 255 186 119
32 6 31 255 186 119
32 6 32 255 186 119
32 6 33 255 186 119
32 6 34 255 186 119
32 6 35 255 186 119
32 6 36 255 186 119
32 6 37 255 186 119
32 7 15 255 186 119
32 7 16 255 186 119
32 7 17 255 186 119
32 7 18 255 186 119
32 7 19 255 186 119
32 7 20 255 186 119
32 7 26 255 186 119
32 7 27 255 186 119
32 7 28 255 186 119
32 7 29 255 186 119
32 7 30 255 186 119
32 7 31 255 186 119
32 7 32 255 186 119
32 7 33 255 186 119
32 7 34 255 186 119
32 7 35 255 186 119
32 7 36 255 186 119
32 8 18 255 186 119
32 8 19 255 186 119
32 8 20 255 186 119
32 8 21 255 186 119
32 8 22 255 186 119
32 8 23 255 186 119
32 8 24 255 186 119
32 8 25 255 186 119
32 8 26 255 186 119
32 8 30 255 186 119
32 8 31 255 186 119
32 8 32 196 175 214
32 8 33 255 186 119
32 8 35 255 186 119
32 8 36 255 186 119
32 9 24 255 186 119
32 9 25 255 186 119
32 9 26 255 186 119
32 9 27 255 186 119
32 9 28 196 175 214
32 9 29 196 175 214
32 9 30 196 175 214
32 10 28 196 175 214
32 10 29 196 175 214
32 10 30 196 175 214
32 10 31 196 175 214
32 10 32 196 175 214
32 11 31 196 175 214
32 11 32 196 175 214
32 11 33 196 175 214
32 11 34 196 175 214
32 12 33 196 175 214
32 12 34 196 175 214
32 13 33 158 216 229
32 13 34 255 186 119
32 13 35 158 216 229
32 14 33 158 216 229
32 14 34 158 216 229
32 14 35 158 216 229
32 15 33 158 216 229
32 15 34 158 216 229
32 16 32 158 216 229
32 16 33 158 216 229
32 16 34 158 216 229
32 17 32 158 216 229
32 17 33 158 216 229
32 17 34 158 216 229
32 18 31 158 216 229
32 18 32 158 216 229
32 18 33 158 216 229
32 19 31 158 216 229
32 19 32 158 216 229
32 19 33 158 216 229
32 20 31 158 216 229
32 20 32 158 216 229
32 20 33 158 216 229
32 21 30 158 216 229
32 21 31 158 216 229
32 21 32 158 216 229
32 21 33 158 216 229
32 22 31 158 216 229
32 22 32 158 216 229
32 22 33 158 216 229
32 23 30 158 216 229
32 23 31 158 216 229
32 23 32 158 216 229
32 23 33 158 216 229
32 24 30 158 216 229
32 24 31 158 216 229
32 24 32 158 216 229
32 25 32 158 216 229
33 0 22 43 160 4
33 0 23 43 160 4
33 0 24 43 160 4
33 0 25 43 160 4
33 0 26 43 160 4
33 0 27 43 160 4
33 0 28 43 160 4
33 0 29 43 160 4
33 0 30 43 160 4
33 0 31 43 160 4
33 0 32 43 160 4
33 0 33 43 160 4
33 0 34 43 160 4
33 0 35 43 160 4
33 0 36 43 160 4
33 0 37 43 160 4
33 0 38 43 160 4
33 0 39 43 160 4
33 0 40 43 160 4
33 0 41 43 160 4
33 0 42 43 160 4
33 0 43 43 160 4
33 0 44 43 160 4
33 0 45 43 160 4
33 0 46 43 160 4
33 0 47 43 160 4
33 0 48 43 160 4
33 0 49 43 160 4
33 0 50 43 160 4
33 0 51 43 160 4
33 0 52 43 160 4
33 0 53 43 160 4
33 0 54 43 160 4
33 0 55 43 160 4
33 0 56 43 160 4
33 0 57 43 160 4
33 0 58 43 160 4
33 0 59 43 160 4
33 1 20 255 186 119
33 1 21 255 186 119
33 1 22 255 186 119
33 1 23 255 186 119
33 1 24 255 186 119
33 1 25 255 186 119
33 1 26 255 186 119
33 1 27 255 186 119
33 1 28 255 186 119
33 1 29 255 186 119
33 1 30 255 186 119
33 1 31 255 186 119
33 1 32 255 186 119
33 1 33 255 186 119
33 1 34 255 186 119
33 1 35 255 186 119
33 1 36 255 186 119
33 1 37 255 186 119
33 2 17 255 186 119
33 2 18 255 186 119
33 2 19 255 186 119
33 2 20 255 186 119
33 2 21 255 186 119
33 2 22 255 186 119
33 2 23 255 186 119
33 2 24 255 186 119
33 2 25 255 186 119
33 2 26 255 186 119
33 2 27 255 186 119
33 2 28 255 186 119
33 2 29 255 186 119
33 2 30 255 186 119
33 2 31 255 186 119
33 2 32 255 186 119
33 2 33 255 186 119
33 2 34 255 186 119
33 2 35 255 186 119
33 2 36 255 186 119
33 2 37 255 186 119
33 3 15 255 186 119
33 3 16 255 186 119
33 3 18 255 186 119
33 3 19 255 186 119
33 3 20 255 186 119
33 3 21 255 186 119
33 3 22 255 186 119
33 3 23 255 186 119
33 3 24 255 186 119
33 3 25 255 186 119
33 3 26 255 186 119
33 3 27 255 186 119
33 3 28 255 186 119
33 3 29 255 186 119
33 3 30 255 186 119
33 3 31 255 186 119
33 3 32 255 186 119
33 3 33 255 186 119
33 3 34 255 186 119
33 3 35 255 186 119
33 3 36 255 186 119
33 3 37 255 186 119
33 4 13 255 186 119
33 4 14 255 186 119
33 4 15 255 186 119
33 4 16 255 186 119
33 4 18 255 186 119
33 4 19 255 186 119
33 4 20 255 186 119
33 4 21 255 186 119
33 4 22 255 186 119
33 4 23 255 186 119
33 4 24 255 186 119
33 4 25 255 186 119
33 4 26 255 186 119
33 4 27 255 186 119
33 4 28 255 186 119
33 4 29 255 186 119
33 4 30 255 186 119
33 4 31 255 186 119
33 4 32 255 186 119
33 4 33 255 186 119
33 4 34 255 186 119
33 4 35 255 186 119
33 4 36 255 186 119
33 4 37 255 186 119
33 4 38 255 186 119
33 5 14 255 186 119
33 5 15 255 186 119
33 5 16 255 186 119
33 5 18 255 186 119
33 5 19 255 186 119
33 5 20 255 186 119
33 5 21 255 186 119
33 5 22 255 186 119
33 5 23 255 186 119
33 5 24 255 186 119
33 5 25 255 186 119
33 5 26 255 186 119
33 5 27 255 186 119
33 5 28 255 186 119
33 5 29 255 186 119
33 5 30 255 186 119
33 5 31 255 186 119
33 5 32 255 186 119
33 5 33 255 186 119
33 5 34 255 186 119
33 5 35 255 186 119
33 5 36 255 186 119
33 5 37 255 186 119
33 6 15 255 186 119
33 6 16 255 186 119
33 6 17 255 186 119
33 6 21 255 186 119
33 6 22 255 186 119
33 6 23 255 186 119
33 6 24 255 186 119
33 6 25 255 186 119
33 6 26 255 186 119
33 6 27 255 186 119
33 6 28 255 186 119
33 6 29 255 186 119
33 6 30 255 186 119
33 6 31 255 186 119
33 6 32 255 186 119
33 6 33 255 186 119
33 6 34 255 186 119
33 6 35 255 186 119
33 6 36 255 186 119
33 6 37 255 186 119
33 7 16 255 186 119
33 7 17 255 186 119
33 7 18 255 186 119
33 7 19 255 186 119
33 7 20 255 186 119
33 7 21 255 186 119
33 7 26 255 186 119
33 7 27 255 186 119
33 7 28 255 186 119
33 7 29 255 186 119
33 7 30 255 186 119
33 7 31 255 186 119
33 7 32 255 186 119
33 7 33 255 186 119
33 7 34 255 186 119
33 7 35 255 186 119
33 7 36 255 186 119
33 8 19 255 186 119
33 8 20 255 186 119
33 8 21 255 186 119
33 8 22 255 186 119
33 8 23 255 186 119
33 8 24 255 186 119
33 8 25 255 186 119
33 8 26 255 186 119
33 8 31 255 186 119
33 8 32 196 175 214
33 8 35 255 186 119
33 8 36 255 186 119
33 9 24 255 186 119
33 9 25 255 186 119
33 9 26 255 186 119
33 9 27 255 186 119
33 9 28 196 175 214
33 9 29 196 175 214
33 9 30 196 175 214
33 9 32 196 175 214
33 10 29 196 175 214
33 10 30 196 175 214
33 10 31 196 175 214
33 11 30 196 175 214
33 11 31 196 175 214
33 11 32 196 175 214
33 11 33 196 175 214
33 12 32 196 175 214
33 12 33 158 216 229
33 12 34 158 216 229
33 13 32 158 216 229
33 13 33 158 216 229
33 13 34 158 216 229
33 13 35 158 216 229
33 14 32 158 216 229
33 14 33 158 216 229
33 14 34 158 216 229
33 14 35 158 216 229
33 15 31 158 216 229
33 15 32 158 216 229
33 15 33 158 216 229
33 15 34 158 216 229
33 16 32 158 216 229
33 16 33 158 216 229
33 16 34 158 216 229
33 17 30 158 216 229
33 17 31 158 216 229
33 17 32 158 216 229
33 17 33 158 216 229
33 18 30 158 216 229
33 18 31 158 216 229
33 18 32 158 216 229
33 18 33 158 216 229
33 19 31 158 216 229
33 19 32 158 216 229
33 19 33 158 216 229
33 20 31 158 216 229
33 20 32 158 216 229
33 20 33 158 216 229
33 21 30 158 216 229
33 21 31 158 216 229
33 21 32 158 216 229
33 21 33 158 216 229
33 22 30 158 216 229
33 22 31 158 216 229
33 22 32 158 216 229
33 23 29 158 216 229
33 23 30 158 216 229
33 23 31 158 216 229
33 23 32 158 216 229
33 24 30 158 216 229
33 24 31 158 216 229
33 24 32 158 216 229
34 0 22 43 160 4
34 0 23 43 160 4
34 0 24 43 160 4
34 0 25 43 160 4
34 0 26 43 160 4
34 0 27 43 160 4
34 0 28 43 160 4
34 0 29 43 160 4
34 0 30 43 160 4
34 0 31 43 160 4
34 0 32 43 160 4
34 0 33 43 160 4
34 0 34 43 160 4
34 0 35 43 160 4
34 0 36 43 160 4
34 0 37 43 160 4
34 0 38 43 160 4
34 0 39 43 160 4
34 0 40 43 160 4
34 0 41 43 160 4
34 0 42 43 160 4
34 0 43 43 160 4
34 0 44 43 160 4
34 0 45 43 160 4
34 0 46 43 160 4
34 0 47 43 160 4
34 0 48 43 160 4
34 0 49 43 160 4
34 0 50 43 160 4
34 0 51 43 160 4
34 0 52 43 160 4
34 0 53 43 160 4
34 0 54 43 160 4
34 0 55 43 160 4
34 0 56 43 160 4
34 0 57 43 160 4
34 0 58 43 160 4
34 0 59 43 160 4
34 1 20 255 186 119
34 1 21 255 186 119
34 1 22 255 186 119
34 1 23 255 186 119
34 1 24 255 186 119
34 1 25 255 186 119
34 1 26 255 186 119
34 1 27 255 186 119
34 1 28 255 186 119
34 1 29 255 186 119
34 1 30 255 186 119
34 1 31 255 186 119
34 1 32 255 186 119
34 1 33 255 186 119
34 1 34 255 186 119
34 1 35 255 186 119
34 1 36 255 186 119
34 1 37 255 186 119
34 2 17 255 186 119
34 2 18 255 186 119
34 2 20 255 186 119
34 2 21 255 186 119
34 2 22 255 186 119
34 2 23 255 186 119
34 2 24 255 186 119
34 2 25 255 186 119
34 2 26 255 186 119
34 2 27 255 186 119
34 2 28 255 186 119
34 2 29 255 186 119
34 2 30 255 186 119
34 2 31 255 186 119
34 2 32 255 186 119
34 2 33 255 186 119
34 2 34 255 186 119
34 2 35 255 186 119
34 2 36 255 186 119
34 2 37 255 186 119
34 3 15 255 186 119
34 3 16 255 186 119
34 3 17 255 186 119
34 3 19 255 186 119
34 3 20 255 186 119
34 3 21 255 186 119
34 3 22 255 186 119
34 3 23 255 186 119
34 3 24 255 186 119
34 3 25 255 186 119
34 3 26 255 186 119
34 3 27 255 186 119
34 3 28 255 186 119
34 3 29 255 186 119
34 3 30 255 186 119
34 3 31 255 186 119
34 3 32 255 186 119
34 3 33 255 186 119
34 3 34 255 186 119
34 3 35 255 186 119
34 3 36 255 186 119
34 3 37 255 186 119
34 3 38 255 186 119
34 4 15 255 186 119
34 4 16 255 186 119
34 4 17 255 186 119
34 4 19 255 186 119
34 4 20 255 186 119
34 4 21 255 186 119
34 4 22 255 186 119
34 4 23 255 186 119
34 4 24 255 186 119
34 4 25 255 186 119
34 4 26 255 186 119
34 4 27 255 186 119
34 4 28 255 186 119
34 4 29 255 186 119
34 4 30 255 186 119
34 4 31 255 186 119
34 4 32 255 186 119
34 4 33 255 186 119
34 4 34 255 186 119
34 4 35 255 186 119
34 4 36 255 186 119
34 4 37 255 186 119
34 4 38 255 186 119
34 5 15 255 186 119
34 5 16 255 186 119
34 5 17 255 186 119
34 5 19 255 186 119
34 5 20 255 186 119
34 5 21 255 186 119
34 5 22 255 186 119
34 5 23 255 186 119
34 5 24 255 186 119
34 5 25 255 186 119
34 5 26 255 186 119
34 5 27 255 186 119
34 5 28 255 186 119
34 5 29 255 186 119
34 5 30 255 186 119
34 5 31 255 186 119
34 5 32 255 186 119
34 5 33 255 186 119
34 5 34 255 186 119
34 5 35 255 186 119
34 5 36 255 186 119
34 5 37 255 186 119
34 6 16 255 186 119
34 6 17 255 186 119
34 6 18 255 186 119
34 6 21 255 186 119
34 6 22 255 186 119
34 6 23 255 186 119
34 6 24 255 186 119
34 6 25 255 186 119
34 6 26 255 186 119
34 6 27 255 186 119
34 6 28 255 186 119
34 6 29 255 186 119
34 6 30 255 186 119
34 6 31 255 186 119
34 6 32 255 186 119
34 6 33 255 186 119
34 6 34 255 186 119
34 6 35 255 186 119
34 6 36 255 186 119
34 6 37 255 186 119
34 7 17 255 186 119
34 7 18 255 186 119
34 7 19 255 186 119
34 7 20 255 186 119
34 7 21 255 186 119
34 7 26 255 186 119
34 7 27 255 186 119
34 7 28 255 186 119
34 7 29 255 186 119
34 7 30 255 186 119
34 7 31 255 186 119
34 7 32 255 186 119
34 7 33 255 186 119
34 7 34 255 186 119
34 7 35 255 186 119
34 7 36 255 186 119
34 8 19 255 186 119
34 8 20 255 186 119
34 8 21 255 186 119
34 8 22 255 186 119
34 8 23 255 186 119
34 8 24 255 186 119
34 8 25 255 186 119
34 8 26 255 186 119
34 8 31 196 175 214
34 8 32 196 175 214
34 8 35 255 186 119
34 8 36 255 186 119
34 9 24 255 186 119
34 9 25 255 186 119
34 9 26 255 186 119
34 9 27 196 175 214
34 9 28 196 175 214
34 9 29 196 175 214
34 9 30 196 175 214
34 9 32 196 175 214
34 10 28 196 175 214
34 10 29 196 175 214
34 10 30 196 175 214
34 10 31 196 175 214
34 11 30 196 175 214
34 11 31 196 175 214
34 11 32 196 175 214
34 11 33 196 175 214
34 12 31 196 175 214
34 12 32 196 175 214
34 12 33 158 216 229
34 13 31 158 216 229
34 13 32 158 216 229
34 13 33 158 216 229
34 14 31 158 216 229
34 14 32 158 216 229
34 14 33 158 216 229
34 14 34 158 216 229
34 15 31 158 216 229
34 15 32 158 216 229
34 15 33 158 216 229
34 16 31 158 216 229
34 16 32 158 216 229
34 16 33 158 216 229
34 17 30 158 216 229
34 17 31 158 216 229
34 17 32 158 216 229
34 18 30 158 216 229
34 18 31 158 216 229
34 18 32 158 216 229
34 19 30 158 216 229
34 19 31 158 216 229
34 19 32 158 216 229
34 20 30 158 216 229
34 20 31 158 216 229
34 20 32 158 216 229
34 21 30 158 216 229
34 21 31 158 216 229
34 21 32 158 216 229
34 22 29 158 216 229
34 22 30 158 216 229
34 22 31 158 216 229
34 23 29 158 216 229
34 23 30 158 216 229
34 23 31 158 216 229
34 24 30 158 216 229
34 24 31 158 216 229
34 24 32 158 216 229
34 25 32 158 216 229
35 0 22 43 160 4
35 0 23 43 160 4
35 0 24 43 160 4
35 0 25 43 160 4
35 0 26 43 160 4
35 0 27 43 160 4
35 0 28 43 160 4
35 0 29 43 160 4
35 0 30 43 160 4
35 0 31 43 160 4
35 0 32 43 160 4
35 0 33 43 160 4
35 0 34 43 160 4
35 0 35 43 160 4
35 0 36 43 160 4
35 0 37 43 160 4
35 0 38 43 160 4
35 0 39 43 160 4
35 0 40 43 160 4
35 0 41 43 160 4
35 0 42 43 160 4
35 0 43 43 160 4
35 0 44 43 160 4
35 0 45 43 160 4
35 0 46 43 160 4
35 0 47 43 160 4
35 0 48 43 160 4
35 0 49 43 160 4
35 0 50 43 160 4
35 0 51 43 160 4
35 0 52 43 160 4
35 0 53 43 160 4
35 0 54 43 160 4
35 0 55 43 160 4
35 0 56 43 160 4
35 0 57 43 160 4
35 0 58 43 160 4
35 0 59 43 160 4
35 1 22 255 186 119
35 1 23 255 186 119
35 1 24 255 186 119
35 1 25 255 186 119
35 1 26 255 186 119
35 1 27 255 186 119
35 1 28 255 186 119
35 1 29 255 186 119
35 1 30 255 186 119
35 1 31 255 186 119
35 1 32 255 186 119
35 1 33 255 186 119
35 1 34 255 186 119
35 1 35 255 186 119
35 1 36 255 186 119
35 1 37 255 186 119
35 2 18 255 186 119
35 2 21 255 186 119
35 2 22 255 186 119
35 2 23 255 186 119
35 2 24 255 186 119
35 2 25 255 186 119
35 2 26 255 186 119
35 2 27 255 186 119
35 2 28 255 186 119
35 2 29 255 186 119
35 2 30 255 186 119
35 2 31 255 186 119
35 2 32 255 186 119
35 2 33 255 186 119
35 2 34 255 186 119
35 2 35 255 186 119
35 2 36 255 186 119
35 2 37 255 186 119
35 3 17 255 186 119
35 3 18 255 186 119
35 3 21 255 186 119
35 3 22 255 186 119
35 3 23 255 186 119
35 3 24 255 186 119
35 3 25 255 186 119
35 3 26 255 186 119
35 3 27 255 186 119
35 3 28 255 186 119
35 3 29 255 186 119
35 3 30 255 186 119
35 3 31 255 186 119
35 3 32 255 186 119
35 3 33 255 186 119
35 3 34 255 186 119
35 3 35 255 186 119
35 3 36 255 186 119
35 3 37 255 186 119
35 4 17 255 186 119
35 4 18 255 186 119
35 4 21 255 186 119
35 4 22 255 186 119
35 4 23 255 186 119
35 4 24 255 186 119
35 4 25 255 186 119
35 4 26 255 186 119
35 4 27 255 186 119
35 4 28 255 186 119
35 4 29 255 186 119
35 4 30 255 186 119
35 4 31 255 186 119
35 4 32 255 186 119
35 4 33 255 186 119
35 4 34 255 186 119
35 4 35 255 186 119
35 4 36 255 186 119
35 4 37 255 186 119
35 5 17 255 186 119
35 5 18 255 186 119
35 5 20 255 186 119
35 5 21 255 186 119
35 5 22 255 186 119
35 5 23 255 186 119
35 5 24 255 186 119
35 5 25 255 186 119
35 5 26 255 186 119
35 5 27 255 186 119
35 5 28 255 186 119
35 5 29 255 186 119
35 5 30 255 186 119
35 5 31 255 186 119
35 5 32 255 186 119
35 5 33 255 186 119
35 5 34 255 186 119
35 5 35 255 186 119
35 5 36 255 186 119
35 5 37 255 186 119
35 6 17 255 186 119
35 6 18 255 186 119
35 6 19 255 186 119
35 6 22 255 186 119
35 6 23 255 186 119
35 6 24 255 186 119
35 6 25 255 186 119
35 6 26 255 186 119
35 6 27 255 186 119
35 6 28 255 186 119
35 6 29 255 186 119
35 6 30 255 186 119
35 6 31 255 186 119
35 6 32 255 186 119
35 6 33 255 186 119
35 6 34 255 186 119
35 6 35 255 186 119
35 6 36 255 186 119
35 6 37 255 186 119
35 7 18 255 186 119
35 7 19 255 186 119
35 7 20 255 186 119
35 7 21 255 186 119
35 7 25 255 186 119
35 7 26 255 186 119
35 7 27 255 186 119
35 7 28 255 186 119
35 7 29 255 186 119
35 7 30 255 186 119
35 7 31 255 186 119
35 7 32 255 186 119
35 7 33 255 186 119
35 7 34 255 186 119
35 7 35 255 186 119
35 7 36 255 186 119
35 8 20 255 186 119
35 8 21 255 186 119
35 8 22 255 186 119
35 8 23 255 186 119
35 8 24 255 186 119
35 8 25 255 186 119
35 8 30 255 186 119
35 8 31 255 186 119
35 9 24 255 186 119
35 9 25 255 186 119
35 9 26 255 186 119
35 9 27 255 186 119
35 9 28 196 175 214
35 9 29 196 175 214
35 9 31 196 175 214
35 10 28 196 175 214
35 10 29 196 175 214
35 10 30 196 175 214
35 11 29 196 175 214
35 11 30 196 175 214
35 11 31 196 175 214
35 11 32 196 175 214
35 12 31 158 216 229
35 12 32 158 216 229
35 12 33 158 216 229
35 13 30 158 216 229
35 13 31 158 216 229
35 13 32 158 216 229
35 13 33 158 216 229
35 14 31 158 216 229
35 14 32 158 216 229
35 14 33 158 216 229
35 15 31 158 216 229
35 15 32 158 216 229
35 16 30 158 216 229
35 16 31 158 216 229
35 16 32 158 216 229
35 17 30 158 216 229
35 17 31 158 216 229
35 17 32 158 216 229
35 18 30 158 216 229
35 18 31 158 216 229
35 19 30 158 216 229
35 19 31 158 216 229
35 20 30 158 216 229
35 20 31 158 216 229
35 21 28 158 216 229
35 21 29 158 216 229
35 21 30 158 216 229
35 21 31 158 216 229
35 22 28 158 216 229
35 22 29 158 216 229
35 22 30 158 216 229
35 22 31 158 216 229
35 23 27 158 216 229
35 23 28 158 216 229
35 23 29 158 216 229
35 23 30 158 216 229
35 24 30 158 216 229
35 24 31 158 216 229
36 0 23 43 160 4
36 0 24 43 160 4
36 0 25 43 160 4
36 0 26 43 160 4
36 0 27 43 160 4
36 0 28 43 160 4
36 0 29 43 160 4
36 0 30 43 160 4
36 0 31 43 160 4
36 0 32 43 160 4
36 0 33 43 160 4
36 0 34 43 160 4
36 0 35 43 160 4
36 0 36 43 160 4
36 0 37 43 160 4
36 0 38 43 160 4
36 0 39 43 160 4
36 0 40 43 160 4
36 0 41 43 160 4
36 0 42 43 160 4
36 0 43 43 160 4
36 0 44 43 160 4
36 0 45 43 160 4
36 0 46 43 160 4
36 0 47 43 160 4
36 0 48 43 160 4
36 0 49 43 160 4
36 0 50 43 160 4
36 0 51 43 160 4
36 0 52 43 160 4
36 0 53 43 160 4
36 0 54 43 160 4
36 0 55 43 160 4
36 0 56 43 160 4
36 0 57 43 160 4
36 0 58 43 160 4
36 0 59 43 160 4
36 1 20 255 186 119
36 1 23 255 186 119
36 1 24 255 186 119
36 1 25 255 186 119
36 1 26 255 186 119
36 1 27 255 186 119
36 1 28 255 186 119
36 1 29 255 186 119
36 1 30 255 186 119
36 1 31 255 186 119
36 1 32 255 186 119
36 1 33 255 186 119
36 1 34 255 186 119
36 1 35 255 186 119
36 1 36 255 186 119
36 1 37 255 186 119
36 2 17 255 186 119
36 2 18 255 186 119
36 2 19 255 186 119
36 2 20 255 186 119
36 2 22 255 186 119
36 2 23 255 186 119
36 2 24 255 186 119
36 2 25 255 186 119
36 2 26 255 186 119
36 2 27 255 186 119
36 2 28 255 186 119
36 2 29 255 186 119
36 2 30 255 186 119
36 2 31 255 186 119
36 2 32 255 186 119
36 2 33 255 186 119
36 2 34 255 186 119
36 2 35 255 186 119
36 2 36 255 186 119
36 2 37 255 186 119
36 3 18 255 186 119
36 3 19 255 186 119
36 3 20 255 186 119
36 3 22 255 186 119
36 3 23 255 186 119
36 3 24 255 186 119
36 3 25 255 186 119
36 3 26 255 186 119
36 3 27 255 186 119
36 3 28 255 186 119
36 3 29 255 186 119
36 3 30 255 186 119
36 3 31 255 186 119
36 3 32 255 186 119
36 3 33 255 186 119
36 3 34 255 186 119
36 3 35 255 186 119
36 3 36 255 186 119
36 3 37 255 186 119
36 4 18 255 186 119
36 4 19 255 186 119
36 4 22 255 186 119
36 4 23 255 186 119
36 4 24 255 186 119
36 4 25 255 186 119
36 4 26 255 186 119
36 4 27 255 186 119
36 4 28 255 186 119
36 4 29 255 186 119
36 4 30 255 186 119
36 4 31 255 186 119
36 4 32 255 186 119
36 4 33 255 186 119
36 4 34 255 186 119
36 4 35 255 186 119
36 4 36 255 186 119
36 4 37 255 186 119
36 5 18 255 186 119
36 5 19 255 186 119
36 5 22 255 186 119
36 5 23 255 186 119
36 5 24 255 186 119
36 5 25 255 186 119
36 5 26 255 186 119
36 5 27 255 186 119
36 5 28 255 186 119
36 5 29 255 186 119
36 5 30 255 186 119
36 5 31 255 186 119
36 5 32 255 186 119
36 5 33 255 186 119
36 5 34 255 186 119
36 5 35 255 186 119
36 5 36 255 186 119
36 5 37 255 186 119
36 6 18 255 186 119
36 6 19 255 186 119
36 6 20 255 186 119
36 6 22 255 186 119
36 6 23 255 186 119
36 6 24 255 186 119
36 6 25 255 186 119
36 6 26 255 186 119
36 6 27 255 186 119
36 6 28 255 186 119
36 6 29 255 186 119
36 6 30 255 186 119
36 6 31 255 186 119
36 6 32 255 186 119
36 6 33 255 186 119
36 6 34 255 186 119
36 6 35 255 186 119
36 6 36 255 186 119
36 6 37 255 186 119
36 7 19 255 186 119
36 7 20 255 186 119
36 7 21 255 186 119
36 7 22 255 186 119
36 7 25 255 186 119
36 7 26 255 186 119
36 7 27 255 186 119
36 7 28 255 186 119
36 7 29 255 186 119
36 7 30 255 186 119
36 7 31 255 186 119
36 7 32 255 186 119
36 8 20 255 186 119
36 8 21 255 186 119
36 8 22 255 186 119
36 8 23 255 186 119
36 8 24 255 186 119
36 8 25 255 186 119
36 8 30 255 186 119
36 9 23 255 186 119
36 9 24 255 186 119
36 9 25 255 186 119
36 9 26 255 186 119
36 9 27 255 186 119
36 9 28 196 175 214
36 9 29 196 175 214
36 9 31 255 186 119
36 10 28 196 175 214
36 10 29 196 175 214
36 11 29 196 175 214
36 11 30 196 175 214
36 11 31 158 216 229
36 11 32 158 216 229
36 12 30 158 216 229
36 12 31 158 216 229
36 12 32 158 216 229
36 13 30 158 216 229
36 13 31 158 216 229
36 13 32 158 216 229
36 14 30 158 216 229
36 14 31 158 216 229
36 14 32 158 216 229
36 15 29 158 216 229
36 15 30 158 216 229
36 15 31 158 216 229
36 15 32 158 216 229
36 16 29 158 216 229
36 16 30 158 216 229
36 16 31 158 216 229
36 16 32 158 216 229
36 17 30 158 216 229
36 17 31 158 216 229
36 17 32 158 216 229
36 18 29 158 216 229
36 18 30 158 216 229
36 18 31 158 216 229
36 19 29 158 216 229
36 19 30 158 216 229
36 20 29 158 216 229
36 20 30 158 216 229
36 21 28 158 216 229
36 21 29 158 216 229
36 21 30 158 216 229
36 21 31 158 216 229
36 22 28 158 216 229
36 22 29 158 216 229
36 22 30 158 216 229
36 23 27 158 216 229
36 23 28 158 216 229
36 23 29 158 216 229
36 24 30 158 216 229
37 0 22 43 160 4
37 0 23 43 160 4
37 0 24 43 160 4
37 0 25 43 160 4
37 0 26 43 160 4
37 0 27 43 160 4
37 0 28 43 160 4
37 0 29 43 160 4
37 0 30 43 160 4
37 0 31 43 160 4
37 0 32 43 160 4
37 0 33 43 160 4
37 0 34 43 160 4
37 0 35 43 160 4
37 0 36 43 160 4
37 0 37 43 160 4
37 0 38 43 160 4
37 0 39 43 160 4
37 0 40 43 160 4
37 0 41 43 160 4
37 0 42 43 160 4
37 0 43 43 160 4
37 0 44 43 160 4
37 0 45 43 160 4
37 0 46 43 160 4
37 0 47 43 160 4
37 0 48 43 160 4
37 0 49 43 160 4
37 0 50 43 160 4
37 0 51 43 160 4
37 0 52 43 160 4
37 0 53 43 160 4
37 0 54 43 160 4
37 0 55 43 160 4
37 0 56 43 160 4
37 0 57 43 160 4
37 0 58 43 160 4
37 0 59 43 160 4
37 1 20 255 186 119
37 1 21 255 186 119
37 1 23 255 186 119
37 1 24 255 186 119
37 1 25 255 186 119
37 1 26 255 186 119
37 1 27 255 186 119
37 1 28 255 186 119
37 1 29 255 186 119
37 1 30 255 186 119
37 1 31 255 186 119
37 1 32 255 186 119
37 1 33 255 186 119
37 1 34 255 186 119
37 1 35 255 186 119
37 1 36 255 186 119
37 1 37 255 186 119
37 2 19 255 186 119
37 2 20 255 186 119
37 2 21 255 186 119
37 2 23 255 186 119
37 2 24 255 186 119
37 2 25 255 186 119
37 2 26 255 186 119
37 2 27 255 186 119
37 2 28 255 186 119
37 2 29 255 186 119
37 2 30 255 186 119
37 2 31 255 186 119
37 2 32 255 186 119
37 2 33 255 186 119
37 2 34 255 186 119
37 2 35 255 186 119
37 2 36 255 186 119
37 2 37 255 186 119
37 3 19 255 186 119
37 3 20 255 186 119
37 3 21 255 186 119
37 3 23 255 186 119
37 3 24 255 186 119
37 3 25 255 186 119
37 3 26 255 186 119
37 3 27 255 186 119
37 3 28 255 186 119
37 3 29 255 186 119
37 3 30 255 186 119
37 3 31 255 186 119
37 3 32 255 186 119
37 3 33 255 186 119
37 3 34 255 186 119
37 3 35 255 186 119
37 3 36 255 186 119
37 3 37 255 186 119
37 4 19 255 186 119
37 4 20 255 186 119
37 4 21 255 186 119
37 4 23 255 186 119
37 4 24 255 186 119
37 4 25 255 186 119
37 4 26 255 186 119
37 4 27 255 186 119
37 4 28 255 186 119
37 4 29 255 186 119
37 4 30 255 186 119
37 4 31 255 186 119
37 4 32 255 186 119
37 4 33 255 186 119
37 4 34 255 186 119
37 4 35 255 186 119
37 4 36 255 186 119
37 4 37 255 186 119
37 5 19 255 186 119
37 5 20 255 186 119
37 5 21 255 186 119
37 5 23 255 186 119
37 5 24 255 186 119
37 5 25 255 186 119
37 5 26 255 186 119
37 5 27 255 186 119
37 5 28 255 186 119
37 5 29 255 186 119
37 5 30 255 186 119
37 5 31 255 186 119
37 5 32 255 186 119
37 5 33 255 186 119
37 5 34 255 186 119
37 5 35 255 186 119
37 5 36 255 186 119
37 5 37 255 186 119
37 6 19 255 186 119
37 6 20 255 186 119
37 6 21 255 186 119
37 6 23 255 186 119
37 6 24 255 186 119
37 6 25 255 186 119
37 6 26 255 186 119
37 6 27 255 186 119
37 6 28 255 186 119
37 6 29 255 186 119
37 6 30 255 186 119
37 6 31 255 186 119
37 6 32 255 186 119
37 6 33 255 186 119
37 6 34 255 186 119
37 6 35 255 186 119
37 6 36 255 186 119
37 6 37 255 186 119
37 7 20 255 186 119
37 7 21 255 186 119
37 7 22 255 186 119
37 7 25 255 186 119
37 7 26 255 186 119
37 7 27 255 186 119
37 7 28 255 186 119
37 7 29 255 186 119
37 7 30 255 186 119
37 7 31 255 186 119
37 7 32 255 186 119
37 8 21 255 186 119
37 8 22 255 186 119
37 8 23 255 186 119
37 8 24 255 186 119
37 8 25 255 186 119
37 8 29 255 186 119
37 8 30 255 186 119
37 9 24 255 186 119
37 9 25 255 186 119
37 9 26 255 186 119
37 9 27 255 186 119
37 9 28 196 175 214
37 9 30 255 186 119
37 10 27 196 175 214
37 10 28 196 175 214
37 10 29 196 175 214
37 11 28 196 175 214
37 11 29 196 175 214
37 11 30 196 175 214
37 11 31 158 216 229
37 12 29 158 216 229
37 12 30 158 216 229
37 12 31 158 216 229
37 13 29 158 216 229
37 13 30 158 216 229
37 13 31 158 216 229
37 14 29 158 216 229
37 14 30 158 216 229
37 14 31 158 216 229
37 15 28 158 216 229
37 15 29 158 216 229
37 15 30 158 216 229
37 16 28 158 216 229
37 16 29 158 216 229
37 16 30 158 216 229
37 17 28 158 216 229
37 17 29 158 216 229
37 17 30 158 216 229
37 17 31 158 216 229
37 18 28 158 216 229
37 18 29 158 216 229
37 18 30 158 216 229
37 18 31 158 216 229
37 19 28 158 216 229
37 19 29 158 216 229
37 19 30 158 216 229
37 20 28 158 216 229
37 20 29 158 216 229
37 20 31 158 216 229
37 21 28 158 216 229
37 21 29 158 216 229
37 22 27 158 216 229
37 22 28 158 216 229
37 22 29 158 216 229
37 23 27 158 216 229
37 23 28 158 216 229
37 23 29 158 216 229
38 0 22 43 160 4
38 0 23 43 160 4
38 0 24 43 160 4
38 0 25 43 160 4
38 0 26 43 160 4
38 0 27 43 160 4
38 0 28 43 160 4
38 0 29 43 160 4
38 0 30 43 160 4
38 0 31 43 160 4
38 0 32 43 160 4
38 0 33 43 160 4
38 0 34 43 160 4
38 0 35 43 160 4
38 0 36 43 160 4
38 0 37 43 160 4
38 0 38 43 160 4
38 0 39 43 160 4
38 0 40 43 160 4
38 0 41 43 160 4
38 0 42 43 160 4
38 0 43 43 160 4
38 0 44 43 160 4
38 0 45 43 160 4
38 0 46 43 160 4
38 0 47 43 160 4
38 0 48 43 160 4
38 0 49 43 160 4
38 0 50 43 160 4
38 0 51 43 160 4
38 0 52 43 160 4
38 0 53 43 160 4
38 0 54 43 160 4
38 0 55 43 160 4
38 0 56 43 160 4
38 0 57 43 160 4
38 0 58 43 160 4
38 0 59 43 160 4
38 1 20 255 186 119
38 1 21 255 186 119
38 1 22 255 186 119
38 1 23 255 186 119
38 1 24 255 186 119
38 1 25 255 186 119
38 1 26 255 186 119
38 1 27 255 186 119
38 1 28 255 186 119
38 1 29 255 186 119
38 1 30 255 186 119
38 1 31 255 186 119
38 1 32 255 186 119
38 1 33 255 186 119
38 1 34 255 186 119
38 1 35 255 186 119
38 1 36 255 186 119
38 1 37 255 186 119
38 2 20 255 186 119
38 2 21 255 186 119
38 2 23 255 186 119
38 2 24 255 186 119
38 2 25 255 186 119
38 2 26 255 186 119
38 2 27 255 186 119
38 2 28 255 186 119
38 2 29 255 186 119
38 2 30 255 186 119
38 2 31 255 186 119
38 2 32 255 186 119
38 2 33 255 186 119
38 2 34 255 186 119
38 2 35 255 186 119
38 2 36 255 186 119
38 2 37 255 186 119
38 3 20 255 186 119
38 3 21 255 186 119
38 3 22 255 186 119
38 3 24 255 186 119
38 3 25 255 186 119
38 3 26 255 186 119
38 3 27 255 186 119
38 3 28 255 186 119
38 3 29 255 186 119
38 3 30 255 186 119
38 3 31 255 186 119
38 3 32 255 186 119
38 3 33 255 186 119
38 3 34 255 186 119
38 3 35 255 186 119
38 3 36 255 186 119
38 3 37 255 186 119
38 4 20 255 186 119
38 4 21 255 186 119
38 4 24 255 186 119
38 4 25 255 186 119
38 4 26 255 186 119
38 4 27 255 186 119
38 4 28 255 186 119
38 4 29 255 186 119
38 4 30 255 186 119
38 4 31 255 186 119
38 4 32 255 186 119
38 4 33 255 186 119
38 4 34 255 186 119
38 4 35 255 186 119
38 4 36 255 186 119
38 4 37 255 186 119
38 5 20 255 186 119
38 5 21 255 186 119
38 5 24 255 186 119
38 5 25 255 186 119
38 5 26 255 186 119
38 5 27 255 186 119
38 5 28 255 186 119
38 5 29 255 186 119
38 5 30 255 186 119
38 5 31 255 186 119
38 5 32 255 186 119
38 5 33 255 186 119
38 5 34 255 186 119
38 5 35 255 186 119
38 5 36 255 186 119
38 5 37 255 186 119
38 6 20 255 186 119
38 6 21 255 186 119
38 6 22 255 186 119
38 6 24 255 186 119
38 6 25 255 186 119
38 6 26 255 186 119
38 6 27 255 186 119
38 6 28 255 186 119
38 6 29 255 186 119
38 6 30 255 186 119
38 6 31 255 186 119
38 6 32 255 186 119
38 6 33 255 186 119
38 6 34 255 186 119
38 6 35 255 186 119
38 6 36 255 186 119
38 7 21 255 186 119
38 7 22 255 186 119
38 7 25 255 186 119
38 7 26 255 186 119
38 7 27 255 186 119
38 7 28 255 186 119
38 7 30 255 186 119
38 7 31 255 186 119
38 8 22 255 186 119
38 8 23 255 186 119
38 8 24 255 186 119
38 8 25 255 186 119
38 9 24 255 186 119
38 9 25 255 186 119
38 9 26 255 186 119
38 9 27 255 186 119
38 9 28 196 175 214
38 10 27 196 175 214
38 10 28 196 175 214
38 10 29 196 175 214
38 11 28 196 175 214
38 11 29 158 216 229
38 11 30 158 216 229
38 12 29 158 216 229
38 12 30 158 216 229
38 12 31 158 216 229
38 13 28 158 216 229
38 13 29 158 216 229
38 13 30 158 216 229
38 13 31 158 216 229
38 14 28 158 216 229
38 14 29 158 216 229
38 14 30 158 216 229
38 15 28 158 216 229
38 15 29 158 216 229
38 15 30 158 216 229
38 16 28 158 216 229
38 16 29 158 216 229
38 16 30 158 216 229
38 17 28 158 216 229
38 17 29 158 216 229
38 17 30 158 216 229
38 17 31 158 216 229
38 18 28 158 216 229
38 18 29 158 216 229
38 18 30 158 216 229
38 18 31 158 216 229
38 19 28 158 216 229
38 19 29 158 216 229
38 20 26 158 216 229
38 20 27 158 216 229
38 20 28 158 216 229
38 20 29 158 216 229
38 21 27 158 216 229
38 21 28 158 216 229
38 21 29 158 216 229
38 22 26 158 216 229
38 22 27 158 216 229
38 22 28 158 216 229
38 22 29 158 216 229
38 23 27 158 216 229
38 23 28 158 216 229
39 0 23 43 160 4
39 0 24 43 160 4
39 0 25 43 160 4
39 0 26 43 160 4
39 0 27 43 160 4
39 0 28 43 160 4
39 0 29 43 160 4
39 0 30 43 160 4
39 0 31 43 160 4
39 0 32 43 160 4
39 0 33 43 160 4
39 0 34 43 160 4
39 0 35 43 160 4
39 0 36 43 160 4
39 0 37 43 160 4
39 0 38 43 160 4
39 0 39 43 160 4
39 0 40 43 160 4
39 0 41 43 160 4
39 0 42 43 160 4
39 0 43 43 160 4
39 0 44 43 160 4
39 0 45 43 160 4
39 0 46 43 160 4
39 0 47 43 160 4
39 0 48 43 160 4
39 0 49 43 160 4
39 0 50 43 160 4
39 0 51 43 160 4
39 0 52 43 160 4
39 0 53 43 160 4
39 0 54 43 160 4
39 0 55 43 160 4
39 0 56 43 160 4
39 0 57 43 160 4
39 0 58 43 160 4
39 0 59 43 160 4
39 1 20 255 186 119
39 1 21 255 186 119
39 1 23 255 186 119
39 1 24 255 186 119
39 1 25 255 186 119
39 1 26 255 186 119
39 1 27 255 186 119
39 1 28 255 186 119
39 1 29 255 186 119
39 1 30 255 186 119
39 1 31 255 186 119
39 1 32 255 186 119
39 1 33 255 186 119
39 1 34 255 186 119
39 1 35 255 186 119
39 1 36 255 186 119
39 2 20 255 186 119
39 2 21 255 186 119
39 2 22 255 186 119
39 2 24 255 186 119
39 2 25 255 186 119
39 2 26 255 186 119
39 2 27 255 186 119
39 2 28 255 186 119
39 2 29 255 186 119
39 2 30 255 186 119
39 2 31 255 186 119
39 2 32 255 186 119
39 2 33 255 186 119
39 2 34 255 186 119
39 2 35 255 186 119
39 2 36 255 186 119
39 2 37 255 186 119
39 3 20 255 186 119
39 3 21 255 186 119
39 3 22 255 186 119
39 3 23 255 186 119
39 3 25 255 186 119
39 3 26 255 186 119
39 3 27 255 186 119
39 3 28 255 186 119
39 3 29 255 186 119
39 3 30 255 186 119
39 3 31 255 186 119
39 3 32 255 186 119
39 3 33 255 186 119
39 3 34 255 186 119
39 3 35 255 186 119
39 3 36 255 186 119
39 3 37 255 186 119
39 4 21 255 186 119
39 4 22 255 186 119
39 4 23 255 186 119
39 4 25 255 186 119
39 4 26 255 186 119
39 4 27 255 186 119
39 4 28 255 186 119
39 4 29 255 186 119
39 4 30 255 186 119
39 4 31 255 186 119
39 4 32 255 186 119
39 4 33 255 186 119
39 4 34 255 186 119
39 4 35 255 186 119
39 4 36 255 186 119
39 4 37 255 186 119
39 5 21 255 186 119
39 5 22 255 186 119
39 5 25 255 186 119
39 5 26 255 186 119
39 5 27 255 186 119
39 5 28 255 186 119
39 5 29 255 186 119
39 5 30 255 186 119
39 5 31 255 186 119
39 5 32 255 186 119
39 5 33 255 186 119
39 5 34 255 186 119
39 5 35 255 186 119
39 5 36 255 186 119
39 6 21 255 186 119
39 6 22 255 186 119
39 6 23 255 186 119
39 6 25 255 186 119
39 6 26 255 186 119
39 6 27 255 186 119
39 6 28 255 186 119
39 6 29 255 186 119
39 6 30 255 186 119
39 6 31 255 186 119
39 6 32 255 186 119
39 6 33 255 186 119
39 7 22 255 186 119
39 7 23 255 186 119
39 7 25 255 186 119
39 7 26 255 186 119
39 7 27 255 186 119
39 8 22 255 186 119
39 8 23 255 186 119
39 8 24 255 186 119
39 8 25 255 186 119
39 8 28 158 216 229
39 9 24 255 186 119
39 9 25 255 186 119
39 9 26 255 186 119
39 9 27 255 186 119
39 10 26 255 186 119
39 10 27 158 216 229
39 10 28 158 216 229
39 11 27 158 216 229
39 11 28 158 216 229
39 11 29 158 216 229
39 12 27 158 216 229
39 12 28 158 216 229
39 12 29 158 216 229
39 12 30 158 216 229
39 13 28 158 216 229
39 13 29 158 216 229
39 13 30 158 216 229
39 14 27 158 216 229
39 14 28 158 216 229
39 14 29 158 216 229
39 15 27 158 216 229
39 15 28 158 216 229
39 15 29 158 216 229
39 15 30 158 216 229
39 16 27 158 216 229
39 16 28 158 216 229
39 16 29 158 216 229
39 17 27 158 216 229
39 17 28 158 216 229
39 17 29 158 216 229
39 18 27 158 216 229
39 18 28 158 216 229
39 18 29 158 216 229
39 19 27 158 216 229
39 19 28 158 216 229
39 19 29 158 216 229
39 20 26 158 216 229
39 20 27 158 216 229
39 20 28 158 216 229
39 21 26 158 216 229
39 21 27 158 216 229
39 21 28 158 216 229
39 22 25 158 216 229
39 22 26 158 216 229
39 22 27 158 216 229
39 22 28 158 216 229
39 23 27 158 216 229
40 0 23 43 160 4
40 0 24 43 160 4
40 0 25 43 160 4
40 0 26 43 160 4
40 0 27 43 160 4
40 0 28 43 160 4
40 0 29 43 160 4
40 0 30 43 160 4
40 0 31 43 160 4
40 0 32 43 160 4
40 0 33 43 160 4
40 0 34 43 160 4
40 0 35 43 160 4
40 0 36 43 160 4
40 0 37 43 160 4
40 0 38 43 160 4
40 0 39 43 160 4
40 0 40 43 160 4
40 0 41 43 160 4
40 0 42 43 160 4
40 0 43 43 160 4
40 0 44 43 160 4
40 0 45 43 160 4
40 0 46 43 160 4
40 0 47 43 160 4
40 0 48 43 160 4
40 0 49 43 160 4
40 0 50 43 160 4
40 0 51 43 160 4
40 0 52 43 160 4
40 0 53 43 160 4
40 0 54 43 160 4
40 0 55 43 160 4
40 0 56 43 160 4
40 0 57 43 160 4
40 0 58 43 160 4
40 0 59 43 160 4
40 1 20 196 175 214
40 1 23 196 175 214
40 2 19 196 175 214
40 2 20 196 175 214
40 2 21 196 175 214
40 2 22 196 175 214
40 2 25 255 186 119
40 2 28 255 186 119
40 2 32 255 186 119
40 2 33 255 186 119
40 3 21 196 175 214
40 3 22 255 186 119
40 3 23 255 186 119
40 3 24 255 186 119
40 3 27 255 186 119
40 3 28 255 186 119
40 3 29 255 186 119
40 3 31 255 186 119
40 3 32 255 186 119
40 3 33 255 186 119
40 3 34 255 186 119
40 3 35 255 186 119
40 3 36 255 186 119
40 4 22 255 186 119
40 4 23 255 186 119
40 4 24 255 186 119
40 4 27 255 186 119
40 4 28 255 186 119
40 4 29 255 186 119
40 4 30 255 186 119
40 4 31 255 186 119
40 4 32 255 186 119
40 4 33 255 186 119
40 4 34 255 186 119
40 4 35 255 186 119
40 4 36 255 186 119
40 5 22 255 186 119
40 5 23 255 186 119
40 5 26 255 186 119
40 5 27 255 186 119
40 5 28 255 186 119
40 5 29 255 186 119
40 5 31 255 186 119
40 5 32 255 186 119
40 6 22 255 186 119
40 6 23 255 186 119
40 6 24 255 186 119
40 6 26 255 186 119
40 6 27 255 186 119
40 6 28 255 186 119
40 7 22 255 186 119
40 7 23 255 186 119
40 7 24 255 186 119
40 7 26 255 186 119
40 8 23 255 186 119
40 8 24 255 186 119
40 8 25 255 186 119
40 9 24 255 186 119
40 9 25 255 186 119
40 9 26 255 186 119
40 9 27 158 216 229
40 10 26 255 186 119
40 10 27 158 216 229
40 11 27 158 216 229
40 11 28 158 216 229
40 11 29 158 216 229
40 12 27 158 216 229
40 12 28 158 216 229
40 12 29 158 216 229
40 13 27 158 216 229
40 13 28 158 216 229
40 13 29 158 216 229
40 14 27 158 216 229
40 14 28 158 216 229
40 14 29 158 216 229
40 15 27 158 216 229
40 15 28 158 216 229
40 16 26 158 216 229
40 16 27 158 216 229
40 16 28 158 216 229
40 17 26 158 216 229
40 17 27 158 216 229
40 17 28 158 216 229
40 17 29 158 216 229
40 18 26 158 216 229
40 18 27 158 216 229
40 18 28 158 216 229
40 18 29 158 216 229
40 19 26 158 216 229
40 19 27 158 216 229
40 19 28 158 216 229
40 20 26 158 216 229
40 20 27 158 216 229
40 21 26 158 216 229
40 21 27 158 216 229
40 22 25 158 216 229
40 22 26 158 216 229
40 22 27 158 216 229
40 23 27 158 216 229
41 0 22 43 160 4
41 0 23 43 160 4
41 0 24 43 160 4
41 0 25 43 160 4
41 0 26 43 160 4
41 0 27 43 160 4
41 0 28 43 160 4
41 0 29 43 160 4
41 0 30 43 160 4
41 0 31 43 160 4
41 0 32 43 160 4
41 0 33 43 160 4
41 0 34 43 160 4
41 0 35 43 160 4
41 0 36 43 160 4
41 0 37 43 160 4
41 0 38 43 160 4
41 0 39 43 160 4
41 0 40 43 160 4
41 0 41 43 160 4
41 0 42 43 160 4
41 0 43 43 160 4
41 0 44 43 160 4
41 0 45 43 160 4
41 0 46 43 160 4
41 0 47 43 160 4
41 0 48 43 160 4
41 0 49 43 160 4
41 0 50 43 160 4
41 0 51 43 160 4
41 0 52 43 160 4
41 0 53 43 160 4
41 0 54 43 160 4
41 0 55 43 160 4
41 0 56 43 160 4
41 0 57 43 160 4
41 0 58 43 160 4
41 0 59 43 160 4
41 1 20 196 175 214
41 1 23 196 175 214
41 2 19 255 127 12
41 2 20 196 175 214
41 2 21 196 175 214
41 2 22 196 175 214
41 2 23 196 175 214
41 2 26 255 186 119
41 2 27 255 186 119
41 3 21 196 175 214
41 3 22 196 175 214
41 3 23 196 175 214
41 3 24 255 186 119
41 3 25 255 186 119
41 3 28 255 186 119
41 3 32 255 186 119
41 3 36 255 186 119
41 4 24 196 175 214
41 4 25 255 186 119
41 4 26 255 186 119
41 4 29 255 186 119
41 4 31 255 186 119
41 4 32 255 186 119
41 4 35 255 186 119
41 4 36 255 186 119
41 5 23 255 186 119
41 5 24 255 186 119
41 5 25 255 186 119
41 5 28 158 216 229
41 6 23 255 186 119
41 6 24 255 186 119
41 6 25 255 186 119
41 6 28 158 216 229
41 7 23 255 186 119
41 7 24 255 186 119
41 7 25 255 186 119
41 7 27 158 216 229
41 8 24 255 186 119
41 8 25 255 186 119
41 8 27 158 216 229
41 9 24 255 186 119
41 9 25 255 186 119
41 9 26 255 186 119
41 9 28 158 216 229
41 10 25 255 186 119
41 10 26 158 216 229
41 10 27 158 216 229
41 11 26 158 216 229
41 11 27 158 216 229
41 11 28 158 216 229
41 12 26 158 216 229
41 12 27 158 216 229
41 12 28 158 216 229
41 13 26 158 216 229
41 13 27 158 216 229
41 13 28 158 216 229
41 14 26 158 216 229
41 14 27 158 216 229
41 14 28 158 216 229
41 15 25 158 216 229
41 15 26 158 216 229
41 15 27 158 216 229
41 15 28 158 216 229
41 16 25 158 216 229
41 16 26 158 216 229
41 16 27 158 216 229
41 16 28 158 216 229
41 17 25 158 216 229
41 17 26 158 216 229
41 17 27 158 216 229
41 17 28 158 216 229
41 18 26 158 216 229
41 18 27 158 216 229
41 19 25 158 216 229
41 19 26 158 216 229
41 19 27 158 216 229
41 20 25 158 216 229
41 20 26 158 216 229
41 20 27 158 216 229
41 21 25 158 216 229
41 21 26 158 216 229
41 21 27 158 216 229
41 22 25 158 216 229
41 22 26 158 216 229
41 23 27 158 216 229
42 0 22 43 160 4
42 0 23 43 160 4
42 0 24 43 160 4
42 0 25 43 160 4
42 0 26 43 160 4
42 0 27 43 160 4
42 0 28 43 160 4
42 0 29 43 160 4
42 0 30 43 160 4
42 0 31 43 160 4
42 0 32 43 160 4
42 0 33 43 160 4
42 0 34 43 160 4
42 0 35 43 160 4
42 0 36 43 160 4
42 0 37 43 160 4
42 0 38 43 160 4
42 0 39 43 160 4
42 0 40 43 160 4
42 0 41 43 160 4
42 0 42 43 160 4
42 0 43 43 160 4
42 0 44 43 160 4
42 0 45 43 160 4
42 0 46 43 160 4
42 0 47 43 160 4
42 0 48 43 160 4
42 0 49 43 160 4
42 0 50 43 160 4
42 0 51 43 160 4
42 0 52 43 160 4
42 0 53 43 160 4
42 0 54 43 160 4
42 0 55 43 160 4
42 0 56 43 160 4
42 0 57 43 160 4
42 0 58 43 160 4
42 0 59 43 160 4
42 2 21 255 127 12
42 2 22 196 175 214
42 2 23 196 175 214
42 2 24 255 186 119
42 2 27 158 216 229
42 3 21 196 175 214
42 3 22 196 175 214
42 3 23 196 175 214
42 3 24 196 175 214
42 3 25 196 175 214
42 3 26 255 186 119
42 4 24 196 175 214
42 4 25 196 175 214
42 4 26 255 186 119
42 4 27 158 216 229
42 4 29 255 186 119
42 4 36 255 186 119
42 5 25 255 186 119
42 5 26 255 186 119
42 5 27 158 216 229
42 6 25 255 186 119
42 6 26 255 186 119
42 6 27 158 216 229
42 7 24 255 186 119
42 7 25 255 186 119
42 7 26 158 216 229
42 7 28 158 216 229
42 8 24 255 186 119
42 8 25 255 186 119
42 9 25 255 186 119
42 9 26 158 216 229
42 9 28 158 216 229
42 10 25 158 216 229
42 10 26 158 216 229
42 10 27 158 216 229
42 11 26 158 216 229
42 11 27 158 216 229
42 12 25 158 216 229
42 12 26 158 216 229
42 12 27 158 216 229
42 13 25 158 216 229
42 13 26 158 216 229
42 13 27 158 216 229
42 14 25 158 216 229
42 14 26 158 216 229
42 14 27 158 216 229
42 15 25 158 216 229
42 15 26 158 216 229
42 15 27 158 216 229
42 16 25 158 216 229
42 16 26 158 216 229
42 16 27 158 216 229
42 17 25 158 216 229
42 17 26 158 216 229
42 17 27 158 216 229
42 18 25 158 216 229
42 18 26 158 216 229
42 18 28 158 216 229
42 19 24 158 216 229
42 19 25 158 216 229
42 19 26 158 216 229
42 19 27 158 216 229
42 20 24 158 216 229
42 20 25 158 216 229
42 20 26 158 216 229
42 21 23 158 216 229
42 21 24 158 216 229
42 21 25 158 216 229
42 21 26 158 216 229
42 22 25 158 216 229
42 22 26 158 216 229
43 0 23 43 160 4
43 0 24 43 160 4
43 0 25 43 160 4
43 0 26 43 160 4
43 0 27 43 160 4
43 0 28 43 160 4
43 0 29 43 160 4
43 0 30 43 160 4
43 0 31 43 160 4
43 0 32 43 160 4
43 0 33 43 160 4
43 0 34 43 160 4
43 0 35 43 160 4
43 0 36 43 160 4
43 0 37 43 160 4
43 0 38 43 160 4
43 0 39 43 160 4
43 0 40 43 160 4
43 0 41 43 160 4
43 0 42 43 160 4
43 0 43 43 160 4
43 0 44 43 160 4
43 0 45 43 160 4
43 0 46 43 160 4
43 0 47 43 160 4
43 0 48 43 160 4
43 0 49 43 160 4
43 0 50 43 160 4
43 0 51 43 160 4
43 0 52 43 160 4
43 0 53 43 160 4
43 0 54 43 160 4
43 0 55 43 160 4
43 0 56 43 160 4
43 0 57 43 160 4
43 0 58 43 160 4
43 0 59 43 160 4
43 1 27 158 216 229
43 2 22 196 175 214
43 2 23 196 175 214
43 2 27 158 216 229
43 3 22 196 175 214
43 3 23 196 175 214
43 3 24 196 175 214
43 3 25 196 175 214
43 3 26 158 216 229
43 4 22 196 175 214
43 4 23 196 175 214
43 4 24 196 175 214
43 4 25 196 175 214
43 4 26 158 216 229
43 4 27 158 216 229
43 4 28 158 216 229
43 5 26 158 216 229
43 5 27 158 216 229
43 6 26 158 216 229
43 6 27 158 216 229
43 7 25 255 186 119
43 7 26 158 216 229
43 7 27 158 216 229
43 8 25 158 216 229
43 8 26 158 216 229
43 9 25 158 216 229
43 9 26 158 216 229
43 9 28 158 216 229
43 10 25 158 216 229
43 10 26 158 216 229
43 10 27 158 216 229
43 11 25 158 216 229
43 11 26 158 216 229
43 11 27 158 216 229
43 12 25 158 216 229
43 12 26 158 216 229
43 13 25 158 216 229
43 13 26 158 216 229
43 14 25 158 216 229
43 14 26 158 216 229
43 15 25 158 216 229
43 15 26 158 216 229
43 16 24 158 216 229
43 16 25 158 216 229
43 16 26 158 216 229
43 17 24 158 216 229
43 17 25 158 216 229
43 17 26 158 216 229
43 18 24 158 216 229
43 18 25 158 216 229
43 18 26 158 216 229
43 19 24 158 216 229
43 19 25 158 216 229
43 19 26 158 216 229
43 20 24 158 216 229
43 20 25 158 216 229
43 20 27 158 216 229
43 21 23 158 216 229
43 21 24 158 216 229
43 21 25 158 216 229
43 21 27 158 216 229
43 22 25 158 216 229
43 22 27 158 216 229
44 0 24 43 160 4
44 0 25 43 160 4
44 0 26 43 160 4
44 0 27 43 160 4
44 0 28 43 160 4
44 0 29 43 160 4
44 0 30 43 160 4
44 0 31 43 160 4
44 0 32 43 160 4
44 0 33 43 160 4
44 0 34 43 160 4
44 0 35 43 160 4
44 0 36 43 160 4
44 0 37 43 160 4
44 0 38 43 160 4
44 0 39 43 160 4
44 0 40 43 160 4
44 0 41 43 160 4
44 0 42 43 160 4
44 0 43 43 160 4
44 0 44 43 160 4
44 0 45 43 160 4
44 0 46 43 160 4
44 0 47 43 160 4
44 0 48 43 160 4
44 0 49 43 160 4
44 0 50 43 160 4
44 0 51 43 160 4
44 0 52 43 160 4
44 0 53 43 160 4
44 0 54 43 160 4
44 0 55 43 160 4
44 0 56 43 160 4
44 0 57 43 160 4
44 0 58 43 160 4
44 0 59 43 160 4
44 2 26 158 216 229
44 3 24 196 175 214
44 3 28 158 216 229
44 4 24 196 175 214
44 4 25 196 175 214
44 4 26 158 216 229
44 4 27 158 216 229
44 5 25 158 216 229
44 5 26 158 216 229
44 5 27 158 216 229
44 6 25 158 216 229
44 6 26 158 216 229
44 6 27 158 216 229
44 7 25 158 216 229
44 7 26 158 216 229
44 8 25 158 216 229
44 8 26 158 216 229
44 9 25 158 216 229
44 9 26 158 216 229
44 10 25 158 216 229
44 10 26 158 216 229
44 11 24 158 216 229
44 11 25 158 216 229
44 11 26 158 216 229
44 12 24 158 216 229
44 12 25 158 216 229
44 12 26 158 216 229
44 13 24 158 216 229
44 13 25 158 216 229
44 13 26 158 216 229
44 14 24 158 216 229
44 14 25 158 216 229
44 14 26 158 216 229
44 15 24 158 216 229
44 15 25 158 216 229
44 16 24 158 216 229
44 16 25 158 216 229
44 17 24 158 216 229
44 17 25 158 216 229
44 18 24 158 216 229
44 18 25 158 216 229
44 19 24 158 216 229
44 19 25 158 216 229
44 20 24 158 216 229
44 20 25 158 216 229
44 21 24 158 216 229
44 22 25 158 216 229
44 22 26 158 216 229
45 0 26 43 160 4
45 0 27 43 160 4
45 0 28 43 160 4
45 0 29 43 160 4
45 0 30 43 160 4
45 0 31 43 160 4
45 0 32 43 160 4
45 0 33 43 160 4
45 0 34 43 160 4
45 0 35 43 160 4
45 0 36 43 160 4
45 0 37 43 160 4
45 0 38 43 160 4
45 0 39 43 160 4
45 0 40 43 160 4
45 0 41 43 160 4
45 0 42 43 160 4
45 0 43 43 160 4
45 0 44 43 160 4
45 0 45 43 160 4
45 0 46 43 160 4
45 0 47 43 160 4
45 0 48 43 160 4
45 0 49 43 160 4
45 0 50 43 160 4
45 0 51 43 160 4
45 0 52 43 160 4
45 0 53 43 160 4
45 0 54 43 160 4
45 0 55 43 160 4
45 0 56 43 160 4
45 0 57 43 160 4
45 0 58 43 160 4
45 0 59 43 160 4
45 3 25 158 216 229
45 3 27 158 216 229
45 4 25 158 216 229
45 4 26 158 216 229
45 5 25 158 216 229
45 5 26 158 216 229
45 6 25 158 216 229
45 6 26 158 216 229
45 7 25 158 216 229
45 7 26 158 216 229
45 8 25 158 216 229
45 8 26 158 216 229
45 8 27 158 216 229
45 9 25 158 216 229
45 9 26 158 216 229
45 10 25 158 216 229
45 10 26 158 216 229
45 11 25 158 216 229
45 12 25 158 216 229
45 12 27 158 216 229
45 13 25 158 216 229
45 14 25 158 216 229
45 15 25 158 216 229
45 16 25 158 216 229
45 17 25 158 216 229
45 17 26 158 216 229
45 18 25 158 216 229
45 18 26 158 216 229
45 19 25 158 216 229
45 19 26 158 216 229
45 20 25 158 216 229
45 21 25 158 216 229
46 0 27 43 160 4
46 0 28 43 160 4
46 0 29 43 160 4
46 0 30 43 160 4
46 0 31 43 160 4
46 0 32 43 160 4
46 0 33 43 160 4
46 0 34 43 160 4
46 0 35 43 160 4
46 0 36 43 160 4
46 0 37 43 160 4
46 0 38 43 160 4
46 0 39 43 160 4
46 0 40 43 160 4
46 0 41 43 160 4
46 0 42 43 160 4
46 0 43 43 160 4
46 0 44 43 160 4
46 0 45 43 160 4
46 0 46 43 160 4
46 0 47 43 160 4
46 0 48 43 160 4
46 0 49 43 160 4
46 0 50 43 160 4
46 0 51 43 160 4
46 0 52 43 160 4
46 0 53 43 160 4
46 0 54 43 160 4
46 0 55 43 160 4
46 0 56 43 160 4
46 0 57 43 160 4
46 0 58 43 160 4
46 0 59 43 160 4
47 0 29 43 160 4
47 0 30 43 160 4
47 0 31 43 160 4
47 0 32 43 160 4
47 0 33 43 160 4
47 0 34 43 160 4
47 0 35 43 160 4
47 0 36 43 160 4
47 0 37 43 160 4
47 0 38 43 160 4
47 0 39 43 160 4
47 0 40 43 160 4
47 0 41 43 160 4
47 0 42 43 160 4
47 0 43 43 160 4
47 0 44 43 160 4
47 0 45 43 160 4
47 0 46 43 160 4
47 0 47 43 160 4
47 0 48 43 160 4
47 0 49 43 160 4
47 0 50 43 160 4
47 0 51 43 160 4
47 0 52 43 160 4
47 0 53 43 160 4
47 0 54 43 160 4
47 0 55 43 160 4
47 0 56 43 160 4
47 0 57 43 160 4
47 0 58 43 160 4
47 0 59 43 160 4
48 0 31 43 160 4
48 0 32 43 160 4
48 0 33 43 160 4
48 0 34 43 160 4
48 0 35 43 160 4
48 0 36 43 160 4
48 0 37 43 160 4
48 0 38 43 160 4
48 0 39 43 160 4
48 0 40 43 160 4
48 0 41 43 160 4
48 0 42 43 160 4
48 0 43 43 160 4
48 0 44 43 160 4
48 0 45 43 160 4
48 0 46 43 160 4
48 0 47 43 160 4
48 0 48 43 160 4
48 0 49 43 160 4
48 0 50 43 160 4
48 0 51 43 160 4
48 0 52 43 160 4
48 0 53 43 160 4
48 0 54 43 160 4
48 0 55 43 160 4
48 0 56 43 160 4
48 0 57 43 160 4
48 0 58 43 160 4
48 0 59 43 160 4
49 0 32 43 160 4
49 0 33 43 160 4
49 0 34 43 160 4
49 0 35 43 160 4
49 0 36 43 160 4
49 0 37 43 160 4
49 0 38 43 160 4
49 0 39 43 160 4
49 0 40 43 160 4
49 0 41 43 160 4
49 0 42 43 160 4
49 0 43 43 160 4
49 0 44 43 160 4
49 0 45 43 160 4
49 0 46 43 160 4
49 0 47 43 160 4
49 0 48 43 160 4
49 0 49 43 160 4
49 0 50 43 160 4
49 0 51 43 160 4
49 0 52 43 160 4
49 0 53 43 160 4
49 0 54 43 160 4
49 0 55 43 160 4
49 0 56 43 160 4
49 0 57 43 160 4
49 0 58 43 160 4
49 0 59 43 160 4
50 0 34 43 160 4
50 0 35 43 160 4
50 0 36 43 160 4
50 0 37 43 160 4
50 0 38 43 160 4
50 0 39 43 160 4
50 0 40 43 160 4
50 0 41 43 160 4
50 0 42 43 160 4
50 0 43 43 160 4
50 0 44 43 160 4
50 0 45 43 160 4
50 0 46 43 160 4
50 0 47 43 160 4
50 0 48 43 160 4
50 0 49 43 160 4
50 0 50 43 160 4
50 0 51 43 160 4
50 0 52 43 160 4
50 0 53 43 160 4
50 0 54 43 160 4
50 0 55 43 160 4
50 0 56 43 160 4
50 0 57 43 160 4
50 0 58 43 160 4
50 0 59 43 160 4
51 0 36 43 160 4
51 0 37 43 160 4
51 0 38 43 160 4
51 0 39 43 160 4
51 0 40 43 160 4
51 0 41 43 160 4
51 0 42 43 160 4
51 0 43 43 160 4
51 0 44 43 160 4
51 0 45 43 160 4
51 0 46 43 160 4
51 0 47 43 160 4
51 0 48 43 160 4
51 0 49 43 160 4
51 0 50 43 160 4
51 0 51 43 160 4
51 0 52 43 160 4
51 0 53 43 160 4
51 0 54 43 160 4
51 0 55 43 160 4
51 0 56 43 160 4
51 0 57 43 160 4
51 0 58 43 160 4
51 0 59 43 160 4
52 0 37 43 160 4
52 0 38 43 160 4
52 0 39 43 160 4
52 0 40 43 160 4
52 0 41 43 160 4
52 0 42 43 160 4
52 0 43 43 160 4
52 0 44 43 160 4
52 0 45 43 160 4
52 0 46 43 160 4
52 0 47 43 160 4
52 0 48 43 160 4
52 0 49 43 160 4
52 0 50 43 160 4
52 0 51 43 160 4
52 0 52 43 160 4
52 0 53 43 160 4
52 0 54 43 160 4
52 0 55 43 160 4
52 0 56 43 160 4
52 0 57 43 160 4
52 0 58 43 160 4
52 0 59 43 160 4
53 0 39 43 160 4
53 0 40 43 160 4
53 0 41 43 160 4
53 0 42 43 160 4
53 0 43 43 160 4
53 0 44 43 160 4
53 0 45 43 160 4
53 0 46 43 160 4
53 0 47 43 160 4
53 0 48 43 160 4
53 0 49 43 160 4
53 0 50 43 160 4
53 0 51 43 160 4
53 0 52 43 160 4
53 0 53 43 160 4
53 0 54 43 160 4
53 0 55 43 160 4
53 0 56 43 160 4
53 0 57 43 160 4
53 0 58 43 160 4
53 0 59 43 160 4
54 0 41 43 160 4
54 0 42 43 160 4
54 0 43 43 160 4
54 0 44 43 160 4
54 0 45 43 160 4
54 0 46 43 160 4
54 0 47 43 160 4
54 0 48 43 160 4
54 0 49 43 160 4
54 0 50 43 160 4
54 0 51 43 160 4
54 0 53 43 160 4
54 0 54 43 160 4
54 0 55 43 160 4
54 0 56 43 160 4
54 0 57 43 160 4
54 0 58 43 160 4
54 0 59 43 160 4
55 0 42 43 160 4
55 0 43 43 160 4
55 0 44 43 160 4
55 0 45 43 160 4
55 0 46 43 160 4
55 0 47 43 160 4
55 0 48 43 160 4
55 0 49 43 160 4
55 0 50 43 160 4
55 0 51 43 160 4
55 0 52 43 160 4
55 0 53 43 160 4
55 0 54 43 160 4
55 0 55 43 160 4
55 0 56 43 160 4
55 0 57 43 160 4
55 0 58 43 160 4
55 0 59 43 160 4
56 0 44 43 160 4
56 0 45 43 160 4
56 0 46 43 160 4
56 0 47 43 160 4
56 0 48 43 160 4
56 0 49 43 160 4
56 0 50 43 160 4
56 0 51 43 160 4
56 0 52 43 160 4
56 0 53 43 160 4
56 0 54 43 160 4
56 0 55 43 160 4
56 0 56 43 160 4
56 0 57 43 160 4
56 0 58 43 160 4
56 0 59 43 160 4
57 0 45 43 160 4
57 0 46 43 160 4
57 0 47 43 160 4
57 0 48 43 160 4
57 0 49 43 160 4
57 0 50 43 160 4
57 0 51 43 160 4
57 0 52 43 160 4
57 0 53 43 160 4
57 0 54 43 160 4
57 0 55 43 160 4
57 0 56 43 160 4
57 0 57 43 160 4
57 0 58 43 160 4
57 0 59 43 160 4
58 0 47 43 160 4
58 0 48 43 160 4
58 0 49 43 160 4
58 0 50 43 160 4
58 0 51 43 160 4
58 0 52 43 160 4
58 0 53 43 160 4
58 0 54 43 160 4
58 0 55 43 160 4
58 0 56 43 160 4
58 0 57 43 160 4
58 0 58 43 160 4
58 0 59 43 160 4
59 0 49 43 160 4
59 0 50 43 160 4
59 0 51 43 160 4
59 0 52 43 160 4
59 0 53 43 160 4
59 0 54 43 160 4
59 0 55 43 160 4
59 0 56 43 160 4
59 0 57 43 160 4
59 0 58 43 160 4
59 0 59 43 160 4
