ply
format ascii 1.0
element vertex 10421
property float x
property float y
property float z
property uchar red
property uchar green
property uchar blue
end_header
0 0 47 43 160 4
0 0 48 43 160 4
0 0 49 43 160 4
0 0 50 43 160 4
0 0 51 43 160 4
0 0 52 43 160 4
0 0 53 43 160 4
0 0 54 43 160 4
0 0 55 43 160 4
0 0 56 43 160 4
0 0 57 43 160 4
0 0 58 43 160 4
0 0 59 43 160 4
0 14 47 114 158 206
0 15 47 114 158 206
0 15 54 114 158 206
0 15 55 114 158 206
0 15 56 158 216 229
0 16 47 114 158 206
0 16 53 114 158 206
0 17 47 114 158 206
0 18 47 114 158 206
0 19 47 114 158 206
0 20 47 114 158 206
0 21 47 114 158 206
0 24 52 114 158 206
0 24 53 114 158 206
0 24 55 114 158 206
0 25 51 114 158 206
0 25 52 114 158 206
0 25 53 114 158 206
0 25 54 114 158 206
0 25 55 114 158 206
0 25 57 196 175 214
0 25 58 114 158 206
0 26 51 114 158 206
0 26 52 114 158 206
0 26 53 114 158 206
0 26 54 114 158 206
0 26 55 114 158 206
0 26 56 196 175 214
0 26 57 196 175 214
0 26 58 114 158 206
0 27 51 114 158 206
0 27 52 114 158 206
0 27 53 114 158 206
0 27 55 114 158 206
0 27 56 114 158 206
0 27 57 196 175 214
0 29 48 114 158 206
0 29 49 114 158 206
0 30 52 114 158 206
0 30 53 114 158 206
0 30 55 114 158 206
0 31 48 114 158 206
0 31 49 114 158 206
0 31 52 114 158 206
0 31 53 114 158 206
1 0 46 43 160 4
1 0 47 43 160 4
1 0 48 43 160 4
1 0 49 43 160 4
1 0 50 43 160 4
1 0 51 43 160 4
1 0 52 43 160 4
1 0 53 43 160 4
1 0 54 43 160 4
1 0 55 43 160 4
1 0 56 43 160 4
1 0 57 43 160 4
1 0 58 43 160 4
1 0 59 43 160 4
1 1 50 158 216 229
1 2 50 158 216 229
1 6 50 158 216 229
1 12 50 114 158 206
1 13 47 114 158 206
1 13 50 114 158 206
1 14 46 114 158 206
1 14 47 114 158 206
1 14 48 114 158 206
1 14 50 114 158 206
1 15 46 114 158 206
1 15 47 114 158 206
1 15 49 114 158 206
1 15 50 114 158 206
1 15 52 114 158 206
1 15 53 114 158 206
1 15 54 114 158 206
1 15 55 114 158 206
1 16 46 114 158 206
1 16 47 114 158 206
1 16 49 114 158 206
1 16 50 114 158 206
1 16 51 114 158 206
1 16 56 158 216 229
1 17 46 114 158 206
1 17 47 114 158 206
1 17 49 114 158 206
1 17 50 114 158 206
1 18 46 114 158 206
1 18 47 114 158 206
1 18 50 114 158 206
1 19 46 114 158 206
1 19 47 114 158 206
1 20 46 114 158 206
1 21 46 114 158 206
1 22 46 114 158 206
1 22 50 114 158 206
1 23 46 114 158 206
1 24 46 114 158 206
1 24 49 114 158 206
1 24 50 114 158 206
1 24 51 114 158 206
1 24 54 114 158 206
1 25 46 114 158 206
1 25 49 114 158 206
1 25 50 114 158 206
1 25 51 114 158 206
1 25 52 114 158 206
1 25 53 114 158 206
1 25 54 114 158 206
1 25 55 114 158 206
1 25 56 114 158 206
1 26 46 114 158 206
1 26 48 114 158 206
1 26 49 114 158 206
1 26 50 114 158 206
1 26 51 114 158 206
1 26 52 114 158 206
1 26 53 114 158 206
1 26 54 114 158 206
1 26 55 114 158 206
1 26 56 114 158 206
1 26 57 114 158 206
1 27 46 114 158 206
1 27 48 114 158 206
1 27 49 114 158 206
1 27 50 114 158 206
1 27 51 114 158 206
1 27 52 114 158 206
1 27 53 114 158 206
1 27 54 114 158 206
1 28 46 114 158 206
1 29 46 114 158 206
1 29 50 114 158 206
1 29 53 114 158 206
1 30 46 114 158 206
1 30 48 114 158 206
1 30 49 114 158 206
1 30 50 114 158 206
1 30 51 114 158 206
1 30 52 114 158 206
1 30 53 114 158 206
1 31 46 114 158 206
1 31 50 114 158 206
1 31 51 114 158 206
1 31 52 114 158 206
1 31 53 114 158 206
1 32 46 114 158 206
2 0 44 43 160 4
2 0 45 43 160 4
2 0 46 43 160 4
2 0 47 43 160 4
2 0 48 43 160 4
2 0 49 43 160 4
2 0 50 43 160 4
2 0 51 43 160 4
2 0 52 43 160 4
2 0 53 43 160 4
2 0 54 43 160 4
2 0 55 43 160 4
2 0 56 43 160 4
2 0 57 43 160 4
2 0 58 43 160 4
2 0 59 43 160 4
2 1 50 158 216 229
2 2 50 158 216 229
2 3 50 158 216 229
2 4 50 158 216 229
2 5 50 158 216 229
2 6 50 158 216 229
2 12 50 114 158 206
2 13 47 114 158 206
2 13 49 114 158 206
2 13 50 114 158 206
2 14 44 114 158 206
2 14 45 114 158 206
2 14 46 114 158 206
2 14 49 114 158 206
2 14 50 114 158 206
2 15 46 114 158 206
2 15 47 114 158 206
2 15 50 114 158 206
2 15 51 114 158 206
2 15 52 114 158 206
2 15 53 114 158 206
2 15 54 114 158 206
2 15 55 158 216 229
2 16 46 114 158 206
2 16 47 114 158 206
2 16 49 114 158 206
2 16 54 114 158 206
2 17 46 114 158 206
2 17 47 114 158 206
2 18 46 114 158 206
2 18 47 114 158 206
2 18 48 114 158 206
2 19 46 114 158 206
2 19 47 114 158 206
2 19 48 114 158 206
2 19 49 114 158 206
2 19 50 114 158 206
2 19 54 114 158 206
2 20 46 114 158 206
2 20 47 114 158 206
2 20 48 114 158 206
2 20 53 114 158 206
2 21 45 114 158 206
2 21 46 114 158 206
2 21 47 114 158 206
2 21 48 114 158 206
2 21 49 114 158 206
2 22 45 114 158 206
2 22 46 114 158 206
2 22 47 114 158 206
2 22 48 114 158 206
2 22 49 114 158 206
2 23 45 114 158 206
2 23 46 114 158 206
2 23 47 114 158 206
2 23 48 114 158 206
2 23 49 114 158 206
2 23 50 114 158 206
2 23 52 114 158 206
2 24 45 114 158 206
2 24 46 114 158 206
2 24 47 114 158 206
2 24 48 114 158 206
2 24 49 114 158 206
2 24 53 114 158 206
2 25 45 114 158 206
2 25 46 114 158 206
2 25 47 114 158 206
2 25 48 114 158 206
2 25 49 114 158 206
2 25 50 114 158 206
2 25 51 114 158 206
2 25 52 114 158 206
2 25 53 114 158 206
2 25 54 114 158 206
2 26 45 114 158 206
2 26 46 114 158 206
2 26 47 114 158 206
2 26 48 114 158 206
2 26 49 114 158 206
2 26 50 114 158 206
2 26 51 114 158 206
2 26 52 114 158 206
2 26 53 114 158 206
2 26 54 114 158 206
2 27 45 114 158 206
2 27 46 114 158 206
2 27 47 114 158 206
2 27 48 114 158 206
2 27 49 114 158 206
2 27 50 114 158 206
2 27 51 114 158 206
2 27 52 114 158 206
2 28 45 114 158 206
2 28 46 114 158 206
2 28 47 114 158 206
2 28 48 114 158 206
2 28 49 114 158 206
2 29 45 114 158 206
2 29 46 114 158 206
2 29 47 114 158 206
2 29 48 114 158 206
2 29 49 114 158 206
2 29 50 114 158 206
2 29 51 114 158 206
2 29 53 114 158 206
2 30 45 114 158 206
2 30 46 114 158 206
2 30 47 114 158 206
2 30 48 114 158 206
2 30 49 114 158 206
2 30 50 114 158 206
2 30 51 114 158 206
2 30 52 114 158 206
2 30 53 114 158 206
2 31 44 214 38 40
2 31 45 114 158 206
2 31 46 114 158 206
2 31 47 114 158 206
2 31 48 114 158 206
2 31 49 114 158 206
2 32 44 214 38 40
2 32 45 214 38 40
2 32 46 114 158 206
2 32 50 114 158 206
2 32 51 114 158 206
2 33 47 214 38 40
3 0 43 43 160 4
3 0 44 43 160 4
3 0 45 43 160 4
3 0 46 43 160 4
3 0 47 43 160 4
3 0 48 43 160 4
3 0 49 43 160 4
3 0 50 43 160 4
3 0 51 43 160 4
3 0 52 43 160 4
3 0 53 43 160 4
3 0 54 43 160 4
3 0 55 43 160 4
3 0 56 43 160 4
3 0 57 43 160 4
3 0 58 43 160 4
3 0 59 43 160 4
3 1 50 158 216 229
3 2 50 158 216 229
3 3 50 158 216 229
3 4 50 158 216 229
3 6 50 158 216 229
3 11 50 114 158 206
3 12 49 114 158 206
3 12 50 114 158 206
3 12 51 114 158 206
3 13 46 114 158 206
3 13 47 114 158 206
3 13 49 114 158 206
3 13 50 114 158 206
3 13 51 114 158 206
3 14 43 114 158 206
3 14 45 114 158 206
3 14 49 114 158 206
3 15 45 114 158 206
3 15 46 114 158 206
3 15 47 114 158 206
3 15 48 114 158 206
3 15 49 114 158 206
3 15 50 114 158 206
3 15 51 114 158 206
3 16 45 114 158 206
3 16 46 114 158 206
3 16 47 114 158 206
3 16 52 114 158 206
3 16 53 114 158 206
3 17 46 114 158 206
3 17 47 114 158 206
3 17 48 114 158 206
3 18 46 114 158 206
3 18 47 114 158 206
3 18 49 114 158 206
3 19 46 114 158 206
3 19 47 114 158 206
3 19 48 114 158 206
3 19 49 114 158 206
3 19 52 114 158 206
3 20 46 114 158 206
3 20 51 114 158 206
3 20 52 114 158 206
3 21 46 114 158 206
3 21 47 114 158 206
3 21 48 114 158 206
3 21 51 114 158 206
3 22 46 114 158 206
3 22 47 114 158 206
3 22 48 114 158 206
3 22 49 114 158 206
3 22 50 114 158 206
3 23 45 114 158 206
3 23 46 114 158 206
3 23 47 114 158 206
3 23 48 114 158 206
3 23 49 114 158 206
3 23 50 114 158 206
3 24 45 114 158 206
3 24 46 114 158 206
3 24 47 114 158 206
3 24 48 114 158 206
3 24 51 114 158 206
3 24 52 114 158 206
3 25 45 114 158 206
3 25 46 114 158 206
3 25 47 114 158 206
3 25 48 114 158 206
3 25 49 114 158 206
3 25 50 114 158 206
3 25 51 114 158 206
3 25 52 114 158 206
3 25 53 114 158 206
3 26 46 114 158 206
3 26 47 114 158 206
3 26 48 114 158 206
3 26 49 114 158 206
3 26 50 114 158 206
3 26 51 114 158 206
3 26 52 114 158 206
3 27 45 114 158 206
3 27 46 114 158 206
3 27 47 114 158 206
3 27 48 114 158 206
3 27 49 114 158 206
3 27 50 114 158 206
3 27 51 114 158 206
3 27 52 114 158 206
3 28 45 114 158 206
3 28 46 114 158 206
3 28 47 114 158 206
3 28 48 114 158 206
3 28 49 114 158 206
3 28 50 114 158 206
3 28 51 114 158 206
3 29 45 114 158 206
3 29 46 114 158 206
3 29 47 114 158 206
3 29 48 114 158 206
3 29 49 114 158 206
3 29 51 114 158 206
3 29 52 114 158 206
3 30 42 158 216 229
3 30 46 114 158 206
3 30 47 114 158 206
3 30 48 114 158 206
3 30 49 114 158 206
3 30 50 114 158 206
3 31 42 214 38 40
3 31 43 214 38 40
3 31 46 114 158 206
3 31 47 114 158 206
3 31 48 114 158 206
3 31 49 114 158 206
3 31 50 114 158 206
3 32 43 214 38 40
3 32 44 214 38 40
3 32 45 214 38 40
3 32 46 214 38 40
3 32 47 114 158 206
3 32 48 114 158 206
3 33 42 214 38 40
4 0 41 43 160 4
4 0 42 43 160 4
4 0 43 43 160 4
4 0 44 43 160 4
4 0 45 43 160 4
4 0 46 43 160 4
4 0 47 43 160 4
4 0 48 43 160 4
4 0 49 43 160 4
4 0 50 43 160 4
4 0 51 43 160 4
4 0 52 43 160 4
4 0 53 43 160 4
4 0 54 43 160 4
4 0 55 43 160 4
4 0 56 43 160 4
4 0 57 43 160 4
4 0 58 43 160 4
4 0 59 43 160 4
4 11 50 114 158 206
4 12 50 114 158 206
4 13 49 114 158 206
4 13 50 114 158 206
4 13 51 114 158 206
4 14 48 114 158 206
4 14 50 114 158 206
4 15 44 114 158 206
4 15 45 114 158 206
4 15 46 114 158 206
4 15 47 114 158 206
4 15 48 114 158 206
4 15 49 114 158 206
4 15 51 114 158 206
4 16 45 114 158 206
4 16 46 114 158 206
4 16 49 114 158 206
4 16 50 114 158 206
4 16 51 114 158 206
4 17 45 114 158 206
4 17 46 114 158 206
4 17 50 114 158 206
4 18 47 114 158 206
4 18 51 114 158 206
4 19 46 114 158 206
4 19 47 114 158 206
4 19 48 114 158 206
4 19 49 114 158 206
4 19 50 114 158 206
4 20 50 114 158 206
4 21 46 114 158 206
4 21 47 114 158 206
4 21 48 114 158 206
4 21 49 114 158 206
4 21 50 114 158 206
4 22 45 114 158 206
4 22 46 114 158 206
4 22 47 114 158 206
4 22 48 114 158 206
4 22 49 114 158 206
4 23 45 114 158 206
4 23 46 114 158 206
4 23 48 114 158 206
4 23 49 114 158 206
4 23 50 114 158 206
4 23 51 114 158 206
4 24 44 114 158 206
4 24 45 114 158 206
4 24 46 114 158 206
4 24 48 114 158 206
4 24 49 114 158 206
4 24 50 114 158 206
4 24 51 114 158 206
4 25 45 114 158 206
4 25 49 114 158 206
4 25 50 114 158 206
4 25 51 114 158 206
4 26 47 114 158 206
4 26 48 114 158 206
4 26 49 114 158 206
4 26 50 114 158 206
4 26 51 114 158 206
4 27 44 114 158 206
4 27 45 114 158 206
4 27 46 114 158 206
4 27 47 114 158 206
4 27 48 114 158 206
4 27 49 114 158 206
4 27 50 114 158 206
4 27 51 114 158 206
4 28 44 196 175 214
4 28 45 114 158 206
4 28 46 114 158 206
4 28 47 114 158 206
4 28 48 114 158 206
4 28 49 114 158 206
4 28 50 114 158 206
4 28 51 114 158 206
4 29 45 114 158 206
4 29 46 114 158 206
4 29 47 114 158 206
4 29 48 114 158 206
4 29 49 114 158 206
4 29 50 114 158 206
4 29 51 114 158 206
4 30 48 114 158 206
4 30 49 114 158 206
4 30 50 114 158 206
4 31 41 214 38 40
4 31 42 214 38 40
4 31 43 214 38 40
4 31 45 214 38 40
4 31 46 114 158 206
4 31 47 114 158 206
4 31 48 114 158 206
4 31 49 114 158 206
4 32 41 214 38 40
4 32 42 214 38 40
4 32 43 214 38 40
4 32 44 214 38 40
4 32 45 214 38 40
4 32 46 214 38 40
4 32 47 214 38 40
4 33 48 214 38 40
5 0 40 43 160 4
5 0 41 43 160 4
5 0 42 43 160 4
5 0 43 43 160 4
5 0 44 43 160 4
5 0 45 43 160 4
5 0 46 43 160 4
5 0 47 43 160 4
5 0 48 43 160 4
5 0 49 43 160 4
5 0 50 43 160 4
5 0 51 43 160 4
5 0 52 43 160 4
5 0 53 43 160 4
5 0 54 43 160 4
5 0 55 43 160 4
5 0 56 43 160 4
5 0 57 43 160 4
5 0 58 43 160 4
5 0 59 43 160 4
5 8 39 30 119 181
5 9 39 30 119 181
5 10 39 30 119 181
5 10 50 114 158 206
5 10 51 114 158 206
5 11 50 114 158 206
5 11 51 114 158 206
5 12 49 114 158 206
5 12 50 114 158 206
5 12 51 114 158 206
5 13 48 114 158 206
5 13 51 114 158 206
5 14 47 114 158 206
5 14 49 114 158 206
5 14 50 114 158 206
5 14 51 114 158 206
5 15 43 114 158 206
5 15 44 114 158 206
5 15 45 114 158 206
5 15 46 114 158 206
5 15 47 114 158 206
5 15 48 114 158 206
5 15 49 114 158 206
5 15 50 114 158 206
5 15 51 114 158 206
5 16 48 114 158 206
5 16 49 114 158 206
5 16 50 114 158 206
5 17 48 114 158 206
5 17 50 114 158 206
5 18 49 114 158 206
5 18 50 114 158 206
5 19 45 114 158 206
5 19 46 114 158 206
5 19 47 114 158 206
5 19 48 114 158 206
5 19 49 114 158 206
5 20 48 114 158 206
5 20 49 114 158 206
5 20 50 114 158 206
5 21 45 114 158 206
5 21 46 114 158 206
5 21 47 114 158 206
5 21 48 114 158 206
5 21 49 114 158 206
5 21 50 114 158 206
5 22 46 114 158 206
5 22 47 114 158 206
5 22 48 114 158 206
5 22 49 114 158 206
5 22 50 114 158 206
5 22 51 114 158 206
5 23 44 114 158 206
5 23 47 114 158 206
5 23 48 114 158 206
5 23 49 114 158 206
5 23 50 114 158 206
5 24 49 114 158 206
5 24 50 114 158 206
5 25 49 114 158 206
5 25 50 114 158 206
5 26 49 114 158 206
5 26 50 114 158 206
5 27 43 114 158 206
5 27 44 114 158 206
5 27 45 114 158 206
5 27 46 114 158 206
5 27 47 114 158 206
5 27 48 114 158 206
5 27 49 114 158 206
5 27 50 114 158 206
5 28 44 114 158 206
5 28 45 114 158 206
5 28 46 114 158 206
5 28 47 114 158 206
5 28 48 114 158 206
5 28 49 114 158 206
5 28 50 114 158 206
5 28 52 114 158 206
5 29 48 114 158 206
5 29 49 114 158 206
5 30 48 114 158 206
5 30 49 114 158 206
5 31 39 214 38 40
5 31 40 214 38 40
5 31 41 214 38 40
5 31 42 214 38 40
5 31 43 214 38 40
5 31 44 214 38 40
5 31 45 214 38 40
5 31 46 214 38 40
5 31 47 114 158 206
5 31 48 114 158 206
5 31 49 114 158 206
5 32 39 214 38 40
5 32 40 214 38 40
5 32 41 214 38 40
5 32 42 214 38 40
5 32 43 214 38 40
5 32 44 214 38 40
5 32 45 214 38 40
5 32 46 214 38 40
5 32 47 214 38 40
5 32 48 214 38 40
5 33 40 214 38 40
6 0 38 43 160 4
6 0 39 43 160 4
6 0 40 43 160 4
6 0 41 43 160 4
6 0 42 43 160 4
6 0 43 43 160 4
6 0 44 43 160 4
6 0 45 43 160 4
6 0 46 43 160 4
6 0 47 43 160 4
6 0 48 43 160 4
6 0 49 43 160 4
6 0 50 43 160 4
6 0 51 43 160 4
6 0 52 43 160 4
6 0 53 43 160 4
6 0 54 43 160 4
6 0 55 43 160 4
6 0 56 43 160 4
6 0 57 43 160 4
6 0 58 43 160 4
6 0 59 43 160 4
6 5 51 158 216 229
6 6 51 158 216 229
6 9 38 30 119 181
6 9 39 30 119 181
6 9 40 30 119 181
6 9 50 158 216 229
6 10 38 30 119 181
6 10 39 30 119 181
6 10 40 30 119 181
6 10 41 30 119 181
6 10 49 114 158 206
6 10 51 114 158 206
6 11 49 114 158 206
6 13 49 114 158 206
6 13 50 114 158 206
6 14 48 114 158 206
6 14 49 114 158 206
6 14 50 114 158 206
6 14 51 114 158 206
6 15 43 114 158 206
6 15 44 114 158 206
6 15 45 114 158 206
6 15 46 114 158 206
6 15 47 114 158 206
6 15 48 114 158 206
6 15 49 114 158 206
6 15 50 114 158 206
6 15 51 114 158 206
6 16 46 114 158 206
6 16 47 114 158 206
6 16 48 114 158 206
6 16 49 114 158 206
6 16 50 114 158 206
6 16 51 114 158 206
6 17 47 114 158 206
6 17 48 114 158 206
6 17 49 114 158 206
6 17 50 114 158 206
6 17 52 114 158 206
6 18 47 114 158 206
6 18 48 114 158 206
6 18 49 114 158 206
6 18 50 114 158 206
6 18 52 114 158 206
6 19 44 114 158 206
6 19 45 114 158 206
6 19 46 114 158 206
6 19 47 114 158 206
6 19 48 114 158 206
6 19 49 114 158 206
6 19 50 114 158 206
6 20 46 114 158 206
6 20 47 114 158 206
6 20 48 114 158 206
6 20 49 114 158 206
6 20 50 114 158 206
6 20 52 114 158 206
6 21 46 114 158 206
6 21 48 114 158 206
6 21 49 114 158 206
6 21 50 114 158 206
6 22 48 114 158 206
6 22 49 114 158 206
6 22 50 114 158 206
6 22 51 114 158 206
6 23 48 114 158 206
6 23 49 114 158 206
6 23 50 114 158 206
6 24 48 114 158 206
6 24 49 114 158 206
6 24 50 114 158 206
6 25 49 114 158 206
6 26 48 114 158 206
6 26 49 114 158 206
6 26 51 114 158 206
6 27 43 114 158 206
6 27 44 114 158 206
6 27 45 114 158 206
6 27 48 114 158 206
6 27 49 114 158 206
6 27 51 114 158 206
6 28 45 114 158 206
6 28 46 114 158 206
6 28 47 114 158 206
6 28 48 114 158 206
6 28 49 114 158 206
6 28 51 114 158 206
6 28 52 114 158 206
6 29 47 114 158 206
6 29 48 114 158 206
6 29 49 114 158 206
6 29 51 114 158 206
6 30 47 114 158 206
6 30 48 114 158 206
6 30 49 114 158 206
6 31 38 214 38 40
6 31 39 214 38 40
6 31 40 214 38 40
6 31 41 214 38 40
6 31 42 214 38 40
6 31 43 214 38 40
6 31 44 214 38 40
6 31 45 214 38 40
6 31 47 214 38 40
6 31 48 114 158 206
6 31 50 114 158 206
6 32 38 214 38 40
6 32 39 214 38 40
6 32 40 214 38 40
6 32 41 214 38 40
6 32 42 214 38 40
6 32 43 214 38 40
6 32 44 214 38 40
6 32 45 214 38 40
6 32 46 214 38 40
6 32 47 214 38 40
6 32 48 214 38 40
7 0 38 43 160 4
7 0 40 43 160 4
7 0 41 43 160 4
7 0 42 43 160 4
7 0 43 43 160 4
7 0 44 43 160 4
7 0 45 43 160 4
7 0 46 43 160 4
7 0 47 43 160 4
7 0 48 43 160 4
7 0 51 43 160 4
7 0 52 43 160 4
7 0 53 43 160 4
7 0 54 43 160 4
7 0 55 43 160 4
7 0 56 43 160 4
7 0 57 43 160 4
7 0 58 43 160 4
7 0 59 43 160 4
7 1 36 30 119 181
7 1 37 30 119 181
7 1 38 30 119 181
7 1 47 196 175 214
7 2 36 30 119 181
7 2 37 30 119 181
7 2 38 30 119 181
7 2 39 30 119 181
7 3 38 30 119 181
7 3 39 30 119 181
7 3 47 196 175 214
7 3 51 158 216 229
7 4 51 158 216 229
7 5 50 158 216 229
7 5 51 158 216 229
7 6 48 158 216 229
7 6 50 158 216 229
7 6 51 158 216 229
7 7 49 158 216 229
7 7 50 158 216 229
7 7 51 158 216 229
7 9 36 30 119 181
7 9 37 30 119 181
7 9 38 30 119 181
7 9 39 30 119 181
7 9 40 30 119 181
7 9 41 30 119 181
7 9 43 30 119 181
7 9 45 30 119 181
7 9 47 30 119 181
7 9 50 158 216 229
7 10 36 30 119 181
7 10 37 30 119 181
7 10 38 30 119 181
7 10 39 30 119 181
7 10 40 30 119 181
7 10 49 114 158 206
7 10 51 114 158 206
7 11 49 114 158 206
7 12 48 114 158 206
7 12 49 114 158 206
7 12 51 114 158 206
7 13 48 114 158 206
7 13 49 114 158 206
7 13 51 114 158 206
7 14 47 114 158 206
7 14 48 114 158 206
7 14 49 114 158 206
7 14 50 114 158 206
7 15 45 114 158 206
7 15 48 114 158 206
7 15 49 114 158 206
7 15 50 114 158 206
7 16 45 114 158 206
7 16 46 114 158 206
7 16 47 114 158 206
7 16 48 114 158 206
7 16 49 114 158 206
7 16 50 114 158 206
7 16 52 114 158 206
7 17 45 114 158 206
7 17 46 114 158 206
7 17 47 114 158 206
7 17 48 114 158 206
7 17 49 114 158 206
7 17 50 114 158 206
7 17 51 114 158 206
7 18 45 114 158 206
7 18 49 114 158 206
7 18 50 114 158 206
7 18 52 114 158 206
7 19 44 114 158 206
7 19 45 114 158 206
7 19 46 114 158 206
7 19 48 114 158 206
7 19 49 114 158 206
7 19 50 114 158 206
7 19 52 114 158 206
7 20 48 114 158 206
7 20 49 114 158 206
7 20 50 114 158 206
7 20 52 114 158 206
7 21 48 114 158 206
7 21 49 114 158 206
7 21 50 114 158 206
7 22 48 114 158 206
7 22 49 114 158 206
7 22 50 114 158 206
7 23 48 114 158 206
7 23 49 114 158 206
7 23 50 114 158 206
7 23 51 114 158 206
7 24 48 114 158 206
7 24 49 114 158 206
7 24 50 114 158 206
7 24 51 114 158 206
7 25 48 114 158 206
7 25 49 114 158 206
7 25 50 114 158 206
7 25 52 114 158 206
7 26 48 114 158 206
7 26 49 114 158 206
7 26 50 114 158 206
7 27 47 114 158 206
7 27 48 114 158 206
7 27 49 114 158 206
7 27 50 114 158 206
7 28 47 114 158 206
7 28 48 114 158 206
7 28 49 114 158 206
7 28 50 114 158 206
7 28 51 114 158 206
7 28 52 114 158 206
7 29 47 114 158 206
7 29 48 114 158 206
7 29 49 114 158 206
7 29 51 114 158 206
7 30 47 114 158 206
7 30 48 114 158 206
7 30 49 114 158 206
7 31 36 214 38 40
7 31 37 214 38 40
7 31 38 214 38 40
7 31 39 214 38 40
7 31 40 214 38 40
7 31 41 214 38 40
7 31 42 214 38 40
7 31 43 214 38 40
7 31 47 214 38 40
7 31 48 114 158 206
7 31 49 114 158 206
7 32 36 214 38 40
7 32 37 214 38 40
7 32 38 214 38 40
7 32 39 214 38 40
7 32 40 214 38 40
7 32 41 214 38 40
7 32 42 214 38 40
7 32 43 214 38 40
7 32 44 214 38 40
7 32 45 214 38 40
7 32 46 214 38 40
7 32 47 214 38 40
7 32 48 214 38 40
8 0 38 43 160 4
8 0 40 43 160 4
8 0 41 43 160 4
8 0 42 43 160 4
8 0 43 43 160 4
8 0 44 43 160 4
8 0 45 43 160 4
8 0 49 43 160 4
8 0 50 43 160 4
8 0 52 43 160 4
8 0 53 43 160 4
8 0 54 43 160 4
8 0 55 43 160 4
8 0 56 43 160 4
8 0 57 43 160 4
8 0 58 43 160 4
8 0 59 43 160 4
8 1 36 30 119 181
8 1 37 30 119 181
8 1 38 30 119 181
8 1 48 196 175 214
8 1 49 196 175 214
8 1 50 196 175 214
8 1 51 158 216 229
8 2 35 30 119 181
8 2 36 30 119 181
8 2 37 30 119 181
8 2 38 30 119 181
8 2 39 196 175 214
8 2 41 196 175 214
8 2 42 196 175 214
8 2 47 196 175 214
8 2 48 196 175 214
8 2 49 196 175 214
8 2 50 196 175 214
8 2 51 158 216 229
8 3 34 30 119 181
8 3 35 30 119 181
8 3 36 30 119 181
8 3 37 30 119 181
8 3 38 30 119 181
8 3 47 196 175 214
8 3 48 196 175 214
8 3 49 196 175 214
8 3 50 196 175 214
8 4 34 30 119 181
8 4 43 196 175 214
8 4 47 196 175 214
8 4 48 196 175 214
8 4 49 196 175 214
8 4 50 196 175 214
8 5 34 30 119 181
8 5 47 196 175 214
8 5 49 196 175 214
8 5 50 158 216 229
8 6 46 196 175 214
8 6 48 196 175 214
8 6 49 196 175 214
8 6 50 158 216 229
8 7 46 30 119 181
8 7 48 196 175 214
8 7 49 196 175 214
8 7 50 158 216 229
8 8 47 30 119 181
8 8 48 30 119 181
8 8 49 30 119 181
8 9 35 30 119 181
8 9 36 30 119 181
8 9 37 30 119 181
8 9 38 30 119 181
8 9 39 30 119 181
8 9 40 30 119 181
8 9 41 30 119 181
8 9 42 30 119 181
8 9 43 30 119 181
8 9 44 30 119 181
8 9 47 30 119 181
8 9 48 30 119 181
8 9 49 158 216 229
8 10 35 30 119 181
8 10 36 30 119 181
8 10 37 30 119 181
8 10 38 30 119 181
8 10 39 30 119 181
8 10 40 30 119 181
8 10 41 30 119 181
8 10 49 158 216 229
8 10 50 158 216 229
8 11 47 196 175 214
8 11 49 158 216 229
8 11 50 158 216 229
8 12 47 114 158 206
8 12 48 114 158 206
8 12 49 114 158 206
8 12 51 114 158 206
8 13 47 114 158 206
8 13 48 114 158 206
8 13 49 114 158 206
8 13 51 114 158 206
8 14 46 114 158 206
8 14 47 114 158 206
8 14 48 114 158 206
8 14 51 114 158 206
8 15 47 114 158 206
8 15 48 114 158 206
8 15 49 114 158 206
8 15 51 114 158 206
8 16 44 114 158 206
8 16 45 114 158 206
8 16 46 114 158 206
8 16 47 114 158 206
8 16 48 114 158 206
8 16 49 114 158 206
8 16 50 114 158 206
8 17 45 114 158 206
8 17 46 114 158 206
8 17 48 114 158 206
8 17 49 114 158 206
8 17 50 114 158 206
8 17 51 114 158 206
8 18 49 114 158 206
8 18 50 114 158 206
8 18 51 114 158 206
8 19 48 114 158 206
8 19 49 114 158 206
8 19 50 114 158 206
8 19 51 114 158 206
8 19 52 114 158 206
8 20 48 114 158 206
8 20 49 114 158 206
8 20 50 114 158 206
8 21 49 114 158 206
8 21 50 114 158 206
8 21 52 114 158 206
8 22 49 114 158 206
8 22 50 114 158 206
8 22 52 114 158 206
8 23 49 114 158 206
8 23 50 114 158 206
8 23 52 114 158 206
8 24 49 114 158 206
8 24 50 114 158 206
8 24 51 114 158 206
8 25 49 114 158 206
8 25 50 114 158 206
8 25 52 114 158 206
8 26 49 114 158 206
8 26 50 114 158 206
8 27 49 114 158 206
8 27 50 114 158 206
8 28 48 114 158 206
8 28 49 114 158 206
8 28 50 114 158 206
8 28 51 114 158 206
8 29 48 114 158 206
8 29 49 114 158 206
8 29 51 114 158 206
8 30 34 214 38 40
8 30 48 114 158 206
8 30 49 114 158 206
8 30 51 114 158 206
8 31 34 214 38 40
8 31 35 214 38 40
8 31 36 214 38 40
8 31 37 214 38 40
8 31 38 214 38 40
8 31 39 214 38 40
8 31 40 214 38 40
8 31 41 214 38 40
8 31 42 214 38 40
8 31 43 214 38 40
8 31 44 214 38 40
8 31 47 214 38 40
8 31 48 114 158 206
8 31 49 114 158 206
8 32 34 214 38 40
8 32 35 214 38 40
8 32 36 214 38 40
8 32 37 214 38 40
8 32 38 214 38 40
8 32 39 214 38 40
8 32 40 214 38 40
8 32 41 214 38 40
8 32 42 214 38 40
8 32 43 214 38 40
8 32 44 214 38 40
8 32 45 214 38 40
8 32 46 214 38 40
8 32 47 214 38 40
8 32 48 214 38 40
8 32 49 214 38 40
9 0 38 43 160 4
9 0 41 43 160 4
9 0 46 43 160 4
9 0 47 43 160 4
9 0 48 43 160 4
9 0 49 43 160 4
9 0 50 43 160 4
9 0 52 43 160 4
9 0 53 43 160 4
9 0 54 43 160 4
9 0 55 43 160 4
9 0 56 43 160 4
9 0 57 43 160 4
9 0 58 43 160 4
9 0 59 43 160 4
9 1 36 30 119 181
9 1 37 30 119 181
9 1 38 30 119 181
9 1 39 196 175 214
9 1 40 196 175 214
9 1 43 196 175 214
9 1 44 196 175 214
9 1 45 196 175 214
9 1 46 196 175 214
9 1 47 196 175 214
9 1 48 196 175 214
9 1 49 196 175 214
9 1 50 196 175 214
9 1 51 158 216 229
9 2 34 30 119 181
9 2 38 196 175 214
9 2 39 196 175 214
9 2 40 196 175 214
9 2 41 196 175 214
9 2 42 196 175 214
9 2 43 196 175 214
9 2 44 196 175 214
9 2 45 196 175 214
9 2 46 196 175 214
9 2 47 196 175 214
9 2 48 196 175 214
9 2 49 196 175 214
9 2 50 196 175 214
9 2 51 158 216 229
9 3 33 30 119 181
9 3 34 30 119 181
9 3 35 30 119 181
9 3 36 30 119 181
9 3 37 30 119 181
9 3 40 196 175 214
9 3 41 196 175 214
9 3 42 196 175 214
9 3 43 196 175 214
9 3 44 196 175 214
9 3 45 196 175 214
9 3 46 196 175 214
9 3 47 196 175 214
9 3 48 196 175 214
9 3 49 196 175 214
9 3 50 196 175 214
9 3 51 158 216 229
9 4 33 30 119 181
9 4 34 30 119 181
9 4 35 30 119 181
9 4 39 196 175 214
9 4 44 196 175 214
9 4 45 196 175 214
9 4 46 196 175 214
9 4 47 196 175 214
9 4 48 196 175 214
9 4 49 196 175 214
9 4 50 196 175 214
9 4 51 158 216 229
9 5 33 30 119 181
9 5 43 196 175 214
9 5 44 196 175 214
9 5 46 196 175 214
9 5 47 196 175 214
9 5 48 196 175 214
9 5 49 196 175 214
9 5 50 158 216 229
9 5 51 158 216 229
9 6 46 196 175 214
9 6 47 196 175 214
9 6 48 196 175 214
9 6 49 196 175 214
9 7 44 30 119 181
9 7 46 30 119 181
9 7 47 196 175 214
9 7 48 196 175 214
9 7 49 158 216 229
9 8 43 30 119 181
9 8 45 30 119 181
9 8 47 30 119 181
9 8 48 30 119 181
9 9 33 30 119 181
9 9 35 30 119 181
9 9 36 30 119 181
9 9 37 30 119 181
9 9 38 30 119 181
9 9 39 30 119 181
9 9 40 30 119 181
9 9 41 30 119 181
9 9 45 30 119 181
9 9 46 30 119 181
9 9 47 30 119 181
9 9 48 30 119 181
9 9 49 158 216 229
9 10 33 30 119 181
9 10 34 30 119 181
9 10 35 30 119 181
9 10 36 30 119 181
9 10 37 30 119 181
9 10 38 30 119 181
9 10 39 30 119 181
9 10 40 30 119 181
9 10 41 30 119 181
9 10 44 30 119 181
9 10 45 30 119 181
9 10 46 30 119 181
9 10 47 30 119 181
9 10 48 30 119 181
9 10 49 158 216 229
9 10 50 158 216 229
9 11 41 30 119 181
9 11 47 30 119 181
9 11 48 114 158 206
9 11 49 158 216 229
9 11 51 114 158 206
9 12 45 30 119 181
9 12 47 114 158 206
9 12 48 114 158 206
9 12 49 114 158 206
9 12 51 114 158 206
9 13 47 114 158 206
9 13 48 114 158 206
9 13 50 114 158 206
9 13 51 114 158 206
9 14 33 196 175 214
9 14 44 196 175 214
9 14 47 114 158 206
9 14 48 114 158 206
9 14 50 114 158 206
9 14 51 114 158 206
9 15 34 196 175 214
9 15 35 196 175 214
9 15 41 196 175 214
9 15 47 114 158 206
9 15 48 114 158 206
9 15 49 114 158 206
9 15 51 114 158 206
9 16 44 114 158 206
9 16 45 114 158 206
9 16 48 114 158 206
9 16 49 114 158 206
9 16 50 114 158 206
9 16 52 114 158 206
9 17 49 114 158 206
9 17 50 114 158 206
9 17 51 114 158 206
9 18 49 114 158 206
9 18 50 114 158 206
9 18 51 114 158 206
9 19 50 114 158 206
9 19 51 114 158 206
9 20 49 114 158 206
9 20 50 114 158 206
9 20 51 114 158 206
9 20 52 114 158 206
9 20 53 114 158 206
9 21 49 114 158 206
9 21 50 114 158 206
9 21 51 114 158 206
9 22 49 114 158 206
9 22 50 114 158 206
9 22 51 114 158 206
9 23 49 114 158 206
9 23 50 114 158 206
9 24 49 114 158 206
9 24 50 114 158 206
9 24 51 114 158 206
9 25 49 114 158 206
9 25 50 114 158 206
9 26 49 114 158 206
9 26 50 114 158 206
9 26 52 114 158 206
9 27 48 114 158 206
9 27 49 114 158 206
9 27 52 114 158 206
9 28 48 114 158 206
9 28 49 114 158 206
9 28 52 114 158 206
9 29 49 114 158 206
9 29 50 114 158 206
9 30 49 114 158 206
9 30 50 114 158 206
9 31 33 214 38 40
9 31 34 214 38 40
9 31 35 214 38 40
9 31 36 214 38 40
9 31 37 214 38 40
9 31 38 214 38 40
9 31 39 214 38 40
9 31 40 214 38 40
9 31 41 214 38 40
9 31 42 214 38 40
9 31 43 214 38 40
9 31 48 114 158 206
9 31 49 114 158 206
9 31 50 114 158 206
9 32 33 214 38 40
9 32 34 214 38 40
9 32 35 214 38 40
9 32 36 214 38 40
9 32 37 214 38 40
9 32 38 214 38 40
9 32 39 214 38 40
9 32 40 214 38 40
9 32 41 214 38 40
9 32 42 214 38 40
9 32 43 214 38 40
9 32 44 214 38 40
9 32 45 214 38 40
9 32 46 214 38 40
9 32 47 214 38 40
9 32 48 214 38 40
9 32 49 214 38 40
9 33 45 214 38 40
9 33 56 214 38 40
10 0 38 43 160 4
10 0 39 43 160 4
10 0 43 43 160 4
10 0 44 43 160 4
10 0 45 43 160 4
10 0 46 43 160 4
10 0 47 43 160 4
10 0 48 43 160 4
10 0 49 43 160 4
10 0 53 43 160 4
10 0 54 43 160 4
10 0 55 43 160 4
10 0 56 43 160 4
10 0 57 43 160 4
10 0 58 43 160 4
10 0 59 43 160 4
10 1 37 196 175 214
10 1 38 196 175 214
10 1 39 196 175 214
10 1 40 196 175 214
10 1 41 196 175 214
10 1 42 196 175 214
10 1 43 196 175 214
10 1 44 196 175 214
10 1 45 196 175 214
10 1 46 196 175 214
10 1 47 196 175 214
10 1 48 196 175 214
10 1 49 196 175 214
10 1 50 196 175 214
10 2 39 196 175 214
10 2 40 196 175 214
10 2 41 196 175 214
10 2 42 196 175 214
10 2 43 196 175 214
10 2 44 196 175 214
10 2 49 196 175 214
10 2 50 196 175 214
10 2 51 158 216 229
10 3 36 196 175 214
10 3 37 196 175 214
10 3 38 196 175 214
10 3 39 196 175 214
10 3 40 196 175 214
10 3 41 196 175 214
10 3 42 196 175 214
10 3 43 196 175 214
10 3 44 196 175 214
10 3 50 196 175 214
10 3 51 158 216 229
10 4 31 30 119 181
10 4 32 30 119 181
10 4 33 30 119 181
10 4 34 30 119 181
10 4 41 196 175 214
10 4 42 196 175 214
10 4 43 196 175 214
10 4 44 196 175 214
10 4 49 196 175 214
10 4 50 158 216 229
10 4 51 158 216 229
10 5 31 30 119 181
10 5 32 30 119 181
10 5 33 30 119 181
10 5 41 196 175 214
10 5 42 196 175 214
10 5 43 196 175 214
10 5 44 196 175 214
10 5 48 196 175 214
10 5 49 196 175 214
10 5 50 158 216 229
10 6 31 30 119 181
10 6 43 196 175 214
10 6 44 196 175 214
10 6 46 196 175 214
10 6 47 196 175 214
10 6 48 196 175 214
10 7 44 30 119 181
10 7 45 30 119 181
10 7 46 30 119 181
10 7 47 196 175 214
10 8 41 30 119 181
10 8 43 30 119 181
10 8 44 30 119 181
10 8 45 30 119 181
10 8 46 30 119 181
10 8 47 30 119 181
10 9 32 30 119 181
10 9 33 30 119 181
10 9 35 30 119 181
10 9 36 30 119 181
10 9 37 30 119 181
10 9 38 30 119 181
10 9 39 30 119 181
10 9 42 30 119 181
10 9 43 30 119 181
10 9 44 30 119 181
10 9 45 30 119 181
10 9 46 30 119 181
10 9 47 30 119 181
10 10 33 30 119 181
10 10 34 30 119 181
10 10 35 30 119 181
10 10 36 30 119 181
10 10 37 30 119 181
10 10 38 30 119 181
10 10 39 30 119 181
10 10 42 30 119 181
10 10 43 30 119 181
10 10 44 30 119 181
10 10 45 30 119 181
10 10 46 30 119 181
10 10 47 30 119 181
10 10 48 30 119 181
10 11 42 30 119 181
10 11 46 30 119 181
10 11 47 30 119 181
10 11 48 114 158 206
10 11 51 114 158 206
10 12 31 196 175 214
10 12 43 30 119 181
10 12 46 158 216 229
10 12 47 114 158 206
10 12 48 114 158 206
10 12 50 114 158 206
10 12 51 114 158 206
10 13 31 196 175 214
10 13 47 114 158 206
10 13 48 114 158 206
10 13 50 114 158 206
10 14 32 196 175 214
10 14 47 114 158 206
10 14 48 114 158 206
10 14 51 114 158 206
10 15 32 196 175 214
10 15 33 196 175 214
10 15 39 196 175 214
10 15 47 114 158 206
10 15 48 114 158 206
10 15 49 114 158 206
10 15 50 114 158 206
10 15 52 114 158 206
10 16 49 114 158 206
10 16 50 114 158 206
10 16 51 114 158 206
10 17 50 114 158 206
10 17 51 114 158 206
10 18 50 114 158 206
10 18 51 114 158 206
10 18 52 114 158 206
10 19 50 114 158 206
10 19 51 114 158 206
10 19 52 114 158 206
10 20 50 114 158 206
10 20 51 114 158 206
10 20 52 114 158 206
10 21 50 114 158 206
10 21 51 114 158 206
10 21 52 114 158 206
10 22 49 114 158 206
10 22 50 114 158 206
10 22 51 114 158 206
10 22 52 114 158 206
10 23 49 114 158 206
10 23 50 114 158 206
10 23 51 114 158 206
10 23 53 114 158 206
10 24 50 114 158 206
10 24 51 114 158 206
10 25 49 114 158 206
10 25 50 114 158 206
10 25 51 114 158 206
10 26 49 114 158 206
10 26 50 114 158 206
10 26 51 114 158 206
10 27 49 114 158 206
10 27 50 114 158 206
10 28 49 114 158 206
10 28 50 114 158 206
10 29 49 114 158 206
10 29 50 114 158 206
10 29 51 114 158 206
10 30 49 114 158 206
10 30 50 114 158 206
10 30 51 114 158 206
10 30 52 114 158 206
10 31 31 214 38 40
10 31 32 214 38 40
10 31 33 214 38 40
10 31 34 214 38 40
10 31 35 214 38 40
10 31 36 214 38 40
10 31 37 214 38 40
10 31 38 214 38 40
10 31 39 214 38 40
10 31 40 214 38 40
10 31 41 214 38 40
10 31 42 214 38 40
10 31 43 214 38 40
10 31 49 114 158 206
10 31 50 114 158 206
10 31 52 114 158 206
10 32 32 214 38 40
10 32 33 214 38 40
10 32 34 214 38 40
10 32 35 214 38 40
10 32 36 214 38 40
10 32 37 214 38 40
10 32 38 214 38 40
10 32 39 214 38 40
10 32 40 214 38 40
10 32 41 214 38 40
10 32 42 214 38 40
10 32 43 214 38 40
10 32 44 214 38 40
10 32 45 214 38 40
10 32 46 214 38 40
10 32 47 214 38 40
10 32 48 214 38 40
10 32 49 214 38 40
10 32 50 114 158 206
10 33 33 214 38 40
10 33 38 214 38 40
10 33 45 214 38 40
10 33 46 214 38 40
10 33 47 214 38 40
10 33 48 214 38 40
11 0 38 43 160 4
11 0 39 43 160 4
11 0 40 43 160 4
11 0 41 43 160 4
11 0 42 43 160 4
11 0 43 43 160 4
11 0 44 43 160 4
11 0 45 43 160 4
11 0 46 43 160 4
11 0 47 43 160 4
11 0 51 43 160 4
11 0 52 43 160 4
11 0 53 43 160 4
11 0 54 43 160 4
11 0 55 43 160 4
11 0 56 43 160 4
11 0 57 43 160 4
11 0 58 43 160 4
11 0 59 43 160 4
11 1 37 196 175 214
11 1 38 196 175 214
11 1 39 196 175 214
11 1 40 196 175 214
11 1 41 196 175 214
11 1 42 196 175 214
11 1 43 196 175 214
11 1 44 196 175 214
11 1 45 196 175 214
11 1 46 196 175 214
11 1 47 196 175 214
11 1 48 196 175 214
11 1 49 196 175 214
11 2 46 196 175 214
11 2 47 196 175 214
11 2 48 196 175 214
11 2 49 196 175 214
11 3 48 196 175 214
11 3 49 196 175 214
11 4 33 30 119 181
11 4 36 196 175 214
11 4 37 196 175 214
11 4 38 196 175 214
11 4 39 196 175 214
11 4 40 196 175 214
11 4 41 196 175 214
11 4 42 196 175 214
11 5 30 30 119 181
11 5 31 30 119 181
11 5 32 30 119 181
11 5 37 196 175 214
11 5 38 196 175 214
11 5 39 196 175 214
11 5 40 196 175 214
11 5 41 196 175 214
11 5 47 196 175 214
11 6 30 196 175 214
11 6 39 196 175 214
11 6 40 204 204 91
11 6 41 196 175 214
11 6 45 196 175 214
11 6 46 196 175 214
11 6 47 196 175 214
11 7 31 30 119 181
11 7 42 30 119 181
11 7 43 30 119 181
11 7 44 30 119 181
11 7 45 30 119 181
11 7 46 30 119 181
11 8 41 30 119 181
11 8 42 30 119 181
11 8 43 30 119 181
11 8 44 30 119 181
11 8 45 30 119 181
11 8 46 30 119 181
11 9 31 30 119 181
11 9 35 30 119 181
11 9 36 30 119 181
11 9 37 30 119 181
11 9 40 30 119 181
11 9 41 30 119 181
11 9 42 30 119 181
11 9 43 30 119 181
11 9 44 30 119 181
11 9 45 30 119 181
11 10 31 30 119 181
11 10 34 30 119 181
11 10 35 30 119 181
11 10 36 30 119 181
11 10 37 30 119 181
11 10 40 30 119 181
11 10 41 30 119 181
11 10 42 30 119 181
11 10 43 30 119 181
11 10 44 30 119 181
11 10 45 30 119 181
11 11 31 196 175 214
11 11 42 30 119 181
11 11 44 30 119 181
11 11 45 30 119 181
11 11 46 30 119 181
11 12 30 196 175 214
11 12 41 30 119 181
11 12 44 30 119 181
11 12 45 204 204 91
11 12 46 204 204 91
11 12 47 204 204 91
11 12 49 114 158 206
11 12 50 114 158 206
11 12 51 114 158 206
11 13 30 196 175 214
11 13 46 204 204 91
11 13 47 204 204 91
11 13 48 114 158 206
11 13 50 114 158 206
11 14 30 196 175 214
11 14 47 204 204 91
11 14 48 204 204 91
11 15 30 196 175 214
11 15 31 196 175 214
11 15 32 196 175 214
11 15 47 204 204 91
11 15 48 114 158 206
11 15 49 114 158 206
11 15 50 114 158 206
11 15 52 114 158 206
11 16 49 114 158 206
11 16 50 114 158 206
11 16 51 114 158 206
11 17 51 114 158 206
11 17 52 114 158 206
11 18 51 114 158 206
11 18 52 114 158 206
11 19 51 114 158 206
11 19 52 114 158 206
11 20 51 114 158 206
11 20 52 114 158 206
11 21 51 114 158 206
11 21 52 114 158 206
11 22 51 114 158 206
11 22 52 114 158 206
11 23 51 114 158 206
11 23 52 114 158 206
11 24 51 114 158 206
11 24 53 114 158 206
11 25 50 114 158 206
11 25 51 114 158 206
11 26 50 114 158 206
11 26 51 114 158 206
11 27 50 114 158 206
11 27 51 114 158 206
11 27 52 114 158 206
11 28 50 114 158 206
11 28 51 114 158 206
11 28 52 114 158 206
11 29 50 114 158 206
11 29 51 114 158 206
11 30 50 114 158 206
11 30 51 114 158 206
11 31 30 214 38 40
11 31 31 214 38 40
11 31 32 214 38 40
11 31 33 214 38 40
11 31 34 214 38 40
11 31 35 214 38 40
11 31 36 214 38 40
11 31 37 214 38 40
11 31 38 214 38 40
11 31 39 214 38 40
11 31 40 214 38 40
11 31 41 214 38 40
11 31 42 214 38 40
11 31 43 214 38 40
11 31 49 114 158 206
11 31 50 114 158 206
11 31 51 114 158 206
11 32 31 214 38 40
11 32 32 214 38 40
11 32 33 214 38 40
11 32 34 214 38 40
11 32 35 214 38 40
11 32 36 214 38 40
11 32 37 214 38 40
11 32 38 214 38 40
11 32 39 214 38 40
11 32 40 214 38 40
11 32 41 214 38 40
11 32 42 214 38 40
11 32 43 214 38 40
11 32 44 214 38 40
11 32 45 214 38 40
11 32 46 214 38 40
11 32 47 214 38 40
11 32 48 214 38 40
11 32 49 214 38 40
11 32 50 114 158 206
11 32 51 114 158 206
11 33 33 214 38 40
11 33 45 214 38 40
11 33 46 214 38 40
11 33 55 214 38 40
11 33 56 214 38 40
11 33 57 214 38 40
12 0 38 43 160 4
12 0 39 43 160 4
12 0 40 43 160 4
12 0 41 43 160 4
12 0 48 43 160 4
12 0 49 43 160 4
12 0 50 43 160 4
12 0 51 43 160 4
12 0 52 43 160 4
12 0 53 43 160 4
12 0 54 43 160 4
12 0 55 43 160 4
12 0 56 43 160 4
12 0 57 43 160 4
12 0 58 43 160 4
12 0 59 43 160 4
12 1 37 196 175 214
12 1 38 196 175 214
12 1 39 196 175 214
12 1 40 196 175 214
12 1 41 196 175 214
12 1 42 196 175 214
12 1 43 196 175 214
12 1 44 196 175 214
12 1 45 196 175 214
12 1 46 30 119 181
12 1 47 196 175 214
12 2 44 196 175 214
12 2 45 196 175 214
12 2 46 196 175 214
12 3 45 196 175 214
12 4 38 196 175 214
12 5 30 196 175 214
12 5 31 196 175 214
12 5 34 196 175 214
12 5 35 196 175 214
12 5 36 196 175 214
12 5 37 196 175 214
12 5 38 196 175 214
12 5 39 196 175 214
12 5 45 196 175 214
12 6 29 196 175 214
12 6 30 196 175 214
12 6 34 196 175 214
12 6 35 196 175 214
12 6 37 196 175 214
12 6 38 196 175 214
12 6 39 204 204 91
12 6 43 204 204 91
12 6 44 204 204 91
12 6 45 204 204 91
12 7 28 196 175 214
12 7 29 196 175 214
12 7 38 204 204 91
12 7 39 204 204 91
12 7 40 204 204 91
12 7 42 204 204 91
12 7 43 204 204 91
12 7 44 204 204 91
12 8 28 196 175 214
12 8 29 196 175 214
12 8 39 30 119 181
12 8 40 30 119 181
12 8 42 30 119 181
12 8 43 30 119 181
12 8 44 30 119 181
12 9 28 196 175 214
12 9 29 196 175 214
12 9 30 30 119 181
12 9 32 196 175 214
12 9 39 30 119 181
12 9 40 30 119 181
12 9 41 30 119 181
12 9 42 30 119 181
12 9 43 30 119 181
12 10 28 196 175 214
12 10 29 196 175 214
12 10 30 196 175 214
12 10 37 30 119 181
12 10 38 30 119 181
12 10 39 30 119 181
12 10 40 30 119 181
12 10 41 30 119 181
12 10 42 30 119 181
12 10 43 30 119 181
12 11 28 196 175 214
12 11 29 196 175 214
12 11 30 196 175 214
12 11 37 30 119 181
12 11 38 30 119 181
12 11 39 30 119 181
12 11 40 30 119 181
12 11 41 30 119 181
12 11 42 30 119 181
12 11 43 30 119 181
12 11 47 30 119 181
12 12 28 196 175 214
12 12 29 196 175 214
12 12 30 196 175 214
12 12 34 196 175 214
12 12 38 30 119 181
12 12 39 30 119 181
12 12 40 30 119 181
12 12 41 30 119 181
12 12 42 30 119 181
12 12 43 204 204 91
12 12 44 204 204 91
12 12 45 204 204 91
12 12 46 204 204 91
12 13 29 196 175 214
12 13 30 196 175 214
12 13 32 196 175 214
12 13 33 196 175 214
12 13 38 196 175 214
12 13 45 204 204 91
12 13 46 204 204 91
12 13 47 204 204 91
12 14 29 196 175 214
12 14 30 196 175 214
12 14 33 196 175 214
12 14 46 204 204 91
12 14 47 204 204 91
12 14 48 204 204 91
12 15 30 196 175 214
12 15 31 196 175 214
12 15 32 196 175 214
12 15 47 204 204 91
12 15 48 204 204 91
12 15 49 114 158 206
12 15 50 114 158 206
12 16 31 196 175 214
12 16 32 196 175 214
12 16 49 114 158 206
12 16 50 114 158 206
12 16 51 114 158 206
12 16 52 114 158 206
12 17 51 114 158 206
12 17 52 114 158 206
12 18 51 114 158 206
12 18 52 114 158 206
12 19 51 114 158 206
12 19 52 114 158 206
12 20 51 114 158 206
12 20 52 114 158 206
12 21 51 114 158 206
12 21 52 114 158 206
12 22 51 114 158 206
12 22 52 114 158 206
12 23 51 114 158 206
12 23 52 114 158 206
12 24 51 114 158 206
12 25 51 114 158 206
12 25 53 114 158 206
12 26 51 114 158 206
12 26 52 114 158 206
12 26 53 114 158 206
12 27 51 114 158 206
12 27 52 114 158 206
12 28 50 114 158 206
12 28 51 114 158 206
12 28 52 114 158 206
12 28 53 114 158 206
12 29 50 114 158 206
12 29 51 114 158 206
12 29 52 114 158 206
12 29 53 114 158 206
12 30 50 114 158 206
12 30 51 114 158 206
12 31 29 214 38 40
12 31 30 214 38 40
12 31 31 214 38 40
12 31 32 214 38 40
12 31 33 214 38 40
12 31 34 214 38 40
12 31 35 214 38 40
12 31 36 214 38 40
12 31 37 214 38 40
12 31 38 214 38 40
12 31 39 214 38 40
12 31 40 214 38 40
12 31 41 214 38 40
12 31 42 214 38 40
12 31 50 114 158 206
12 31 51 114 158 206
12 32 31 214 38 40
12 32 32 214 38 40
12 32 33 214 38 40
12 32 34 214 38 40
12 32 35 214 38 40
12 32 36 214 38 40
12 32 37 214 38 40
12 32 38 214 38 40
12 32 39 214 38 40
12 32 40 214 38 40
12 32 41 214 38 40
12 32 42 214 38 40
12 32 43 214 38 40
12 32 44 214 38 40
12 32 45 214 38 40
12 32 46 214 38 40
12 32 47 214 38 40
12 32 48 214 38 40
12 32 49 214 38 40
12 32 50 114 158 206
12 32 51 114 158 206
12 33 33 214 38 40
12 33 49 214 38 40
12 33 50 214 38 40
12 33 55 214 38 40
12 33 56 214 38 40
12 33 57 214 38 40
13 0 38 43 160 4
13 0 39 43 160 4
13 0 40 43 160 4
13 0 41 43 160 4
13 0 46 43 160 4
13 0 47 43 160 4
13 0 48 43 160 4
13 0 49 43 160 4
13 0 50 43 160 4
13 0 51 43 160 4
13 0 52 43 160 4
13 0 53 43 160 4
13 0 54 43 160 4
13 0 55 43 160 4
13 0 56 43 160 4
13 0 57 43 160 4
13 0 58 43 160 4
13 0 59 43 160 4
13 1 36 204 204 91
13 1 37 204 204 91
13 1 38 204 204 91
13 1 39 204 204 91
13 1 40 204 204 91
13 1 41 196 175 214
13 1 42 196 175 214
13 1 43 196 175 214
13 1 44 196 175 214
13 2 41 196 175 214
13 2 42 196 175 214
13 2 43 196 175 214
13 2 44 196 175 214
13 3 43 196 175 214
13 3 44 30 119 181
13 5 29 204 204 91
13 5 30 196 175 214
13 5 31 196 175 214
13 5 32 196 175 214
13 5 33 196 175 214
13 5 34 196 175 214
13 5 35 204 204 91
13 5 43 204 204 91
13 6 29 196 175 214
13 6 30 196 175 214
13 6 31 196 175 214
13 6 32 196 175 214
13 6 33 196 175 214
13 6 34 196 175 214
13 6 35 204 204 91
13 6 36 204 204 91
13 6 42 204 204 91
13 6 43 204 204 91
13 7 29 196 175 214
13 7 30 196 175 214
13 7 31 196 175 214
13 7 32 196 175 214
13 7 33 196 175 214
13 7 34 196 175 214
13 7 35 204 204 91
13 7 36 204 204 91
13 7 37 204 204 91
13 7 40 204 204 91
13 7 41 204 204 91
13 7 42 204 204 91
13 8 29 196 175 214
13 8 30 188 188 33
13 8 31 196 175 214
13 8 32 196 175 214
13 8 33 196 175 214
13 8 34 204 204 91
13 8 37 204 204 91
13 8 40 30 119 181
13 8 41 30 119 181
13 8 42 30 119 181
13 9 29 196 175 214
13 9 30 196 175 214
13 9 31 196 175 214
13 9 32 196 175 214
13 9 33 196 175 214
13 9 34 30 119 181
13 9 37 30 119 181
13 9 40 30 119 181
13 9 41 30 119 181
13 9 42 30 119 181
13 10 29 196 175 214
13 10 30 196 175 214
13 10 31 196 175 214
13 10 32 196 175 214
13 10 33 196 175 214
13 10 34 196 175 214
13 10 36 30 119 181
13 10 37 30 119 181
13 10 38 30 119 181
13 10 40 30 119 181
13 10 41 30 119 181
13 11 29 196 175 214
13 11 30 196 175 214
13 11 31 196 175 214
13 11 32 196 175 214
13 11 33 196 175 214
13 11 34 196 175 214
13 11 36 30 119 181
13 11 37 30 119 181
13 11 39 30 119 181
13 11 40 30 119 181
13 11 41 30 119 181
13 12 29 196 175 214
13 12 30 196 175 214
13 12 31 196 175 214
13 12 32 196 175 214
13 12 33 196 175 214
13 12 34 196 175 214
13 12 36 204 204 91
13 12 37 204 204 91
13 12 40 204 204 91
13 12 41 204 204 91
13 12 42 204 204 91
13 12 43 204 204 91
13 12 44 204 204 91
13 12 45 204 204 91
13 12 46 204 204 91
13 13 29 196 175 214
13 13 30 196 175 214
13 13 31 196 175 214
13 13 36 196 175 214
13 13 43 204 204 91
13 13 44 204 204 91
13 13 45 204 204 91
13 13 46 204 204 91
13 13 52 114 158 206
13 14 30 196 175 214
13 14 31 196 175 214
13 14 32 196 175 214
13 14 33 196 175 214
13 14 45 204 204 91
13 14 46 204 204 91
13 14 47 204 204 91
13 14 48 204 204 91
13 14 52 114 158 206
13 15 30 196 175 214
13 15 31 196 175 214
13 15 32 196 175 214
13 15 33 196 175 214
13 15 34 196 175 214
13 15 46 204 204 91
13 15 47 204 204 91
13 15 48 204 204 91
13 15 49 114 158 206
13 15 50 114 158 206
13 16 31 196 175 214
13 16 32 196 175 214
13 16 50 114 158 206
13 16 51 114 158 206
13 16 52 114 158 206
13 17 51 114 158 206
13 17 52 114 158 206
13 18 51 114 158 206
13 18 52 114 158 206
13 18 54 114 158 206
13 19 51 114 158 206
13 19 52 114 158 206
13 20 51 114 158 206
13 20 52 114 158 206
13 21 51 114 158 206
13 21 52 114 158 206
13 22 51 114 158 206
13 22 52 114 158 206
13 22 54 114 158 206
13 23 51 114 158 206
13 23 52 114 158 206
13 24 51 114 158 206
13 24 52 114 158 206
13 24 54 114 158 206
13 25 51 114 158 206
13 25 52 114 158 206
13 25 54 114 158 206
13 26 51 114 158 206
13 26 52 114 158 206
13 27 51 114 158 206
13 27 52 114 158 206
13 28 51 114 158 206
13 28 52 114 158 206
13 28 53 114 158 206
13 28 54 114 158 206
13 29 50 114 158 206
13 29 51 114 158 206
13 29 52 114 158 206
13 30 50 114 158 206
13 30 51 114 158 206
13 30 52 114 158 206
13 31 31 214 38 40
13 31 32 214 38 40
13 31 33 214 38 40
13 31 34 214 38 40
13 31 35 214 38 40
13 31 36 214 38 40
13 31 37 214 38 40
13 31 38 214 38 40
13 31 39 214 38 40
13 31 40 214 38 40
13 31 41 214 38 40
13 31 43 214 38 40
13 31 44 214 38 40
13 31 45 214 38 40
13 31 50 114 158 206
13 31 51 114 158 206
13 31 52 114 158 206
13 32 31 214 38 40
13 32 32 214 38 40
13 32 33 214 38 40
13 32 34 214 38 40
13 32 35 214 38 40
13 32 36 214 38 40
13 32 37 214 38 40
13 32 38 214 38 40
13 32 39 214 38 40
13 32 40 214 38 40
13 32 41 214 38 40
13 32 42 214 38 40
13 32 43 214 38 40
13 32 44 214 38 40
13 32 45 214 38 40
13 32 46 214 38 40
13 32 47 214 38 40
13 32 48 214 38 40
13 32 49 214 38 40
13 32 50 114 158 206
13 32 51 114 158 206
13 33 33 214 38 40
13 33 49 214 38 40
13 33 50 214 38 40
13 33 53 214 38 40
13 33 55 214 38 40
13 33 56 214 38 40
13 33 57 214 38 40
14 0 38 43 160 4
14 0 39 43 160 4
14 0 40 43 160 4
14 0 41 43 160 4
14 0 44 43 160 4
14 0 45 43 160 4
14 0 46 43 160 4
14 0 47 43 160 4
14 0 48 43 160 4
14 0 49 43 160 4
14 0 50 43 160 4
14 0 51 43 160 4
14 0 52 43 160 4
14 0 53 43 160 4
14 0 54 43 160 4
14 0 55 43 160 4
14 0 56 43 160 4
14 0 57 43 160 4
14 0 58 43 160 4
14 0 59 43 160 4
14 1 36 204 204 91
14 1 37 204 204 91
14 1 38 204 204 91
14 1 39 204 204 91
14 1 40 204 204 91
14 1 41 204 204 91
14 1 42 204 204 91
14 1 43 204 204 91
14 2 39 204 204 91
14 2 40 204 204 91
14 2 41 204 204 91
14 2 42 204 204 91
14 2 43 204 204 91
14 3 41 204 204 91
14 3 42 204 204 91
14 4 41 204 204 91
14 5 29 196 175 214
14 5 40 204 204 91
14 6 29 196 175 214
14 6 30 196 175 214
14 6 31 196 175 214
14 6 32 196 175 214
14 6 40 204 204 91
14 7 29 196 175 214
14 7 30 196 175 214
14 7 31 196 175 214
14 7 32 196 175 214
14 7 33 204 204 91
14 7 34 204 204 91
14 7 39 204 204 91
14 7 40 204 204 91
14 8 29 196 175 214
14 8 30 196 175 214
14 8 31 196 175 214
14 8 32 196 175 214
14 8 33 204 204 91
14 8 34 204 204 91
14 8 35 204 204 91
14 8 38 204 204 91
14 8 39 204 204 91
14 8 40 204 204 91
14 9 29 196 175 214
14 9 30 196 175 214
14 9 31 196 175 214
14 9 32 196 175 214
14 9 33 196 175 214
14 9 34 204 204 91
14 9 35 204 204 91
14 9 38 30 119 181
14 9 39 30 119 181
14 9 40 30 119 181
14 9 41 30 119 181
14 9 43 30 119 181
14 10 29 196 175 214
14 10 30 196 175 214
14 10 31 196 175 214
14 10 32 196 175 214
14 10 33 196 175 214
14 10 34 196 175 214
14 10 35 204 204 91
14 10 39 30 119 181
14 10 40 204 204 91
14 10 41 30 119 181
14 10 43 30 119 181
14 11 29 196 175 214
14 11 30 196 175 214
14 11 31 196 175 214
14 11 32 196 175 214
14 11 33 196 175 214
14 11 34 196 175 214
14 11 35 204 204 91
14 11 40 204 204 91
14 11 41 204 204 91
14 12 30 196 175 214
14 12 31 196 175 214
14 12 32 196 175 214
14 12 33 196 175 214
14 12 34 196 175 214
14 12 35 196 175 214
14 12 40 204 204 91
14 12 41 204 204 91
14 12 42 204 204 91
14 12 44 204 204 91
14 12 45 204 204 91
14 12 52 114 158 206
14 13 30 196 175 214
14 13 31 196 175 214
14 13 32 196 175 214
14 13 33 196 175 214
14 13 34 196 175 214
14 13 42 204 204 91
14 13 43 204 204 91
14 13 44 204 204 91
14 13 45 204 204 91
14 13 46 204 204 91
14 13 47 204 204 91
14 13 48 204 204 91
14 13 49 114 158 206
14 13 50 114 158 206
14 13 51 114 158 206
14 13 53 114 158 206
14 14 30 196 175 214
14 14 31 196 175 214
14 14 32 196 175 214
14 14 33 196 175 214
14 14 34 196 175 214
14 14 45 204 204 91
14 14 46 204 204 91
14 14 47 204 204 91
14 14 48 204 204 91
14 14 49 114 158 206
14 14 50 114 158 206
14 14 51 114 158 206
14 15 31 196 175 214
14 15 32 196 175 214
14 15 33 196 175 214
14 15 46 204 204 91
14 15 47 204 204 91
14 15 48 114 158 206
14 15 49 114 158 206
14 15 50 114 158 206
14 15 51 114 158 206
14 15 52 114 158 206
14 15 54 114 158 206
14 16 50 114 158 206
14 16 51 114 158 206
14 16 52 114 158 206
14 16 54 114 158 206
14 17 51 114 158 206
14 17 52 114 158 206
14 17 54 114 158 206
14 18 51 114 158 206
14 18 52 114 158 206
14 18 54 114 158 206
14 19 51 114 158 206
14 19 52 114 158 206
14 19 54 114 158 206
14 20 51 114 158 206
14 20 52 114 158 206
14 20 54 114 158 206
14 21 51 114 158 206
14 21 52 114 158 206
14 21 54 114 158 206
14 22 51 114 158 206
14 22 52 114 158 206
14 22 54 114 158 206
14 23 51 114 158 206
14 23 52 114 158 206
14 23 54 114 158 206
14 24 51 114 158 206
14 24 52 114 158 206
14 24 54 114 158 206
14 25 51 114 158 206
14 25 52 114 158 206
14 25 54 114 158 206
14 26 51 114 158 206
14 26 52 114 158 206
14 26 54 114 158 206
14 27 51 114 158 206
14 27 52 114 158 206
14 27 54 114 158 206
14 28 51 114 158 206
14 28 52 114 158 206
14 28 54 114 158 206
14 29 51 114 158 206
14 29 52 114 158 206
14 29 54 114 158 206
14 30 51 114 158 206
14 30 52 114 158 206
14 31 31 214 38 40
14 31 32 214 38 40
14 31 33 214 38 40
14 31 36 214 38 40
14 31 37 214 38 40
14 31 38 214 38 40
14 31 39 214 38 40
14 31 40 214 38 40
14 31 41 214 38 40
14 31 42 214 38 40
14 31 43 214 38 40
14 31 44 214 38 40
14 31 45 214 38 40
14 31 51 114 158 206
14 31 52 114 158 206
14 32 31 214 38 40
14 32 32 214 38 40
14 32 33 214 38 40
14 32 34 214 38 40
14 32 35 214 38 40
14 32 36 214 38 40
14 32 37 214 38 40
14 32 38 214 38 40
14 32 39 214 38 40
14 32 40 214 38 40
14 32 41 214 38 40
14 32 42 214 38 40
14 32 43 214 38 40
14 32 44 214 38 40
14 32 45 214 38 40
14 32 46 214 38 40
14 32 47 214 38 40
14 32 48 214 38 40
14 32 49 214 38 40
14 32 50 214 38 40
14 32 51 214 38 40
14 32 52 114 158 206
14 33 33 214 38 40
14 33 49 214 38 40
14 33 50 214 38 40
14 33 53 214 38 40
14 33 54 214 38 40
14 33 55 214 38 40
14 33 56 214 38 40
14 33 57 214 38 40
15 0 38 43 160 4
15 0 39 43 160 4
15 0 40 43 160 4
15 0 42 43 160 4
15 0 43 43 160 4
15 0 44 43 160 4
15 0 45 43 160 4
15 0 46 43 160 4
15 0 47 43 160 4
15 0 48 43 160 4
15 0 49 43 160 4
15 0 50 43 160 4
15 0 51 43 160 4
15 0 52 43 160 4
15 0 53 43 160 4
15 0 54 43 160 4
15 0 55 43 160 4
15 0 56 43 160 4
15 0 57 43 160 4
15 0 58 43 160 4
15 0 59 43 160 4
15 1 36 204 204 91
15 1 37 204 204 91
15 1 38 204 204 91
15 1 39 204 204 91
15 1 40 204 204 91
15 1 41 204 204 91
15 2 38 204 204 91
15 2 39 204 204 91
15 2 40 204 204 91
15 3 38 204 204 91
15 3 39 204 204 91
15 3 40 204 204 91
15 4 38 204 204 91
15 4 39 204 204 91
15 5 36 204 204 91
15 5 37 204 204 91
15 5 38 204 204 91
15 6 38 204 204 91
15 6 40 204 204 91
15 7 37 204 204 91
15 7 38 204 204 91
15 7 40 204 204 91
15 7 41 204 204 91
15 8 33 204 204 91
15 8 35 204 204 91
15 8 36 204 204 91
15 8 37 204 204 91
15 8 38 204 204 91
15 9 33 204 204 91
15 9 36 204 204 91
15 9 37 30 119 181
15 9 38 204 204 91
15 9 39 30 119 181
15 9 42 30 119 181
15 10 37 204 204 91
15 10 38 204 204 91
15 10 39 204 204 91
15 10 40 204 204 91
15 10 41 204 204 91
15 10 43 30 119 181
15 11 40 204 204 91
15 11 41 204 204 91
15 12 32 196 175 214
15 12 33 196 175 214
15 12 44 204 204 91
15 12 45 204 204 91
15 12 46 204 204 91
15 12 47 204 204 91
15 12 48 204 204 91
15 12 49 114 158 206
15 12 50 114 158 206
15 12 51 114 158 206
15 13 31 196 175 214
15 13 32 196 175 214
15 13 33 196 175 214
15 13 42 204 204 91
15 13 43 204 204 91
15 13 44 204 204 91
15 13 45 204 204 91
15 13 46 204 204 91
15 13 47 204 204 91
15 13 48 204 204 91
15 13 49 114 158 206
15 13 50 114 158 206
15 13 51 114 158 206
15 13 52 114 158 206
15 14 32 196 175 214
15 14 46 204 204 91
15 14 47 204 204 91
15 14 48 204 204 91
15 14 49 114 158 206
15 14 50 114 158 206
15 14 51 114 158 206
15 14 52 114 158 206
15 15 50 114 158 206
15 15 51 114 158 206
15 15 52 114 158 206
15 15 53 114 158 206
15 16 52 114 158 206
15 16 53 114 158 206
15 17 52 114 158 206
15 17 53 114 158 206
15 18 52 114 158 206
15 18 53 114 158 206
15 19 52 114 158 206
15 19 53 114 158 206
15 20 52 114 158 206
15 20 53 114 158 206
15 21 52 114 158 206
15 21 53 114 158 206
15 22 52 114 158 206
15 22 53 114 158 206
15 23 52 114 158 206
15 23 53 114 158 206
15 24 51 114 158 206
15 24 52 114 158 206
15 24 53 114 158 206
15 25 51 114 158 206
15 25 52 114 158 206
15 25 54 114 158 206
15 26 52 114 158 206
15 26 53 114 158 206
15 26 54 114 158 206
15 27 51 114 158 206
15 27 52 114 158 206
15 27 54 114 158 206
15 28 51 114 158 206
15 28 52 114 158 206
15 28 53 114 158 206
15 29 52 114 158 206
15 29 53 114 158 206
15 30 51 114 158 206
15 30 52 114 158 206
15 30 53 114 158 206
15 31 31 214 38 40
15 31 32 214 38 40
15 31 33 214 38 40
15 31 34 214 38 40
15 31 35 214 38 40
15 31 36 214 38 40
15 31 37 214 38 40
15 31 38 214 38 40
15 31 39 214 38 40
15 31 40 214 38 40
15 31 41 214 38 40
15 31 42 214 38 40
15 31 43 214 38 40
15 31 44 214 38 40
15 31 45 214 38 40
15 31 51 114 158 206
15 31 52 114 158 206
15 32 31 214 38 40
15 32 32 214 38 40
15 32 33 214 38 40
15 32 34 214 38 40
15 32 35 214 38 40
15 32 36 214 38 40
15 32 37 214 38 40
15 32 38 214 38 40
15 32 39 214 38 40
15 32 40 214 38 40
15 32 41 214 38 40
15 32 42 214 38 40
15 32 43 214 38 40
15 32 44 214 38 40
15 32 45 214 38 40
15 32 46 214 38 40
15 32 47 214 38 40
15 32 48 214 38 40
15 32 49 214 38 40
15 32 50 214 38 40
15 32 51 214 38 40
15 32 52 114 158 206
15 33 33 214 38 40
15 33 50 214 38 40
15 33 54 214 38 40
15 33 55 214 38 40
15 33 56 214 38 40
15 33 57 214 38 40
15 33 58 214 38 40
15 33 59 214 38 40
16 0 38 43 160 4
16 0 41 43 160 4
16 0 42 43 160 4
16 0 43 43 160 4
16 0 44 43 160 4
16 0 45 43 160 4
16 0 46 43 160 4
16 0 47 43 160 4
16 0 48 43 160 4
16 0 49 43 160 4
16 0 50 43 160 4
16 0 51 43 160 4
16 0 52 43 160 4
16 0 53 43 160 4
16 0 54 43 160 4
16 0 55 43 160 4
16 0 56 43 160 4
16 0 57 43 160 4
16 0 58 43 160 4
16 0 59 43 160 4
16 1 36 204 204 91
16 1 37 204 204 91
16 1 38 204 204 91
16 1 39 204 204 91
16 2 37 204 204 91
16 2 38 204 204 91
16 2 39 204 204 91
16 3 36 204 204 91
16 3 37 204 204 91
16 3 38 204 204 91
16 4 35 204 204 91
16 4 36 204 204 91
16 4 37 204 204 91
16 4 38 204 204 91
16 5 35 204 204 91
16 5 36 204 204 91
16 5 39 204 204 91
16 6 34 204 204 91
16 6 35 204 204 91
16 6 36 204 204 91
16 6 38 204 204 91
16 6 39 204 204 91
16 6 40 204 204 91
16 6 41 204 204 91
16 6 42 204 204 91
16 7 34 204 204 91
16 7 35 204 204 91
16 7 36 204 204 91
16 8 34 204 204 91
16 8 35 204 204 91
16 8 36 204 204 91
16 8 39 204 204 91
16 9 34 204 204 91
16 9 35 204 204 91
16 9 36 204 204 91
16 9 37 204 204 91
16 9 41 204 204 91
16 10 35 204 204 91
16 10 36 204 204 91
16 10 37 204 204 91
16 10 38 204 204 91
16 10 39 204 204 91
16 10 40 204 204 91
16 10 42 30 119 181
16 11 39 204 204 91
16 11 40 204 204 91
16 11 41 204 204 91
16 11 51 114 158 206
16 11 52 114 158 206
16 11 53 114 158 206
16 12 44 204 204 91
16 12 45 204 204 91
16 12 46 204 204 91
16 12 47 204 204 91
16 12 48 196 175 214
16 12 49 196 175 214
16 12 50 114 158 206
16 12 51 114 158 206
16 12 52 114 158 206
16 12 53 114 158 206
16 12 54 114 158 206
16 13 41 204 204 91
16 13 42 204 204 91
16 13 43 204 204 91
16 13 44 204 204 91
16 13 45 204 204 91
16 13 46 204 204 91
16 13 47 204 204 91
16 13 48 196 175 214
16 13 49 114 158 206
16 13 50 114 158 206
16 13 51 114 158 206
16 13 52 114 158 206
16 13 53 114 158 206
16 13 54 114 158 206
16 14 51 114 158 206
16 14 52 114 158 206
16 14 53 114 158 206
16 14 54 114 158 206
16 15 51 114 158 206
16 15 52 114 158 206
16 15 53 114 158 206
16 15 54 114 158 206
16 16 52 114 158 206
16 16 53 114 158 206
16 17 52 114 158 206
16 17 53 114 158 206
16 17 54 114 158 206
16 18 52 114 158 206
16 18 53 114 158 206
16 18 54 114 158 206
16 19 52 114 158 206
16 19 53 114 158 206
16 20 52 114 158 206
16 20 53 114 158 206
16 21 52 114 158 206
16 21 53 114 158 206
16 22 52 114 158 206
16 22 53 114 158 206
16 23 52 114 158 206
16 23 53 114 158 206
16 24 52 114 158 206
16 24 53 114 158 206
16 25 52 114 158 206
16 25 53 114 158 206
16 25 54 114 158 206
16 26 52 114 158 206
16 26 53 114 158 206
16 27 52 114 158 206
16 27 54 114 158 206
16 28 52 114 158 206
16 28 53 114 158 206
16 29 52 114 158 206
16 29 53 114 158 206
16 30 52 114 158 206
16 30 53 114 158 206
16 31 31 214 38 40
16 31 32 214 38 40
16 31 33 214 38 40
16 31 34 214 38 40
16 31 35 214 38 40
16 31 36 214 38 40
16 31 37 214 38 40
16 31 38 214 38 40
16 31 39 214 38 40
16 31 40 214 38 40
16 31 41 214 38 40
16 31 42 214 38 40
16 31 43 214 38 40
16 31 44 214 38 40
16 31 52 114 158 206
16 31 53 114 158 206
16 32 31 214 38 40
16 32 32 214 38 40
16 32 33 214 38 40
16 32 34 214 38 40
16 32 35 214 38 40
16 32 36 214 38 40
16 32 37 214 38 40
16 32 38 214 38 40
16 32 39 214 38 40
16 32 40 214 38 40
16 32 41 214 38 40
16 32 42 214 38 40
16 32 43 214 38 40
16 32 44 214 38 40
16 32 45 214 38 40
16 32 46 214 38 40
16 32 47 214 38 40
16 32 48 214 38 40
16 32 49 214 38 40
16 32 50 214 38 40
16 32 51 214 38 40
16 32 52 114 158 206
16 32 54 214 38 40
16 32 56 214 38 40
16 33 33 214 38 40
16 33 54 214 38 40
16 33 55 214 38 40
16 33 56 214 38 40
16 33 57 214 38 40
16 33 58 214 38 40
16 33 59 214 38 40
17 0 38 43 160 4
17 0 39 43 160 4
17 0 40 43 160 4
17 0 41 43 160 4
17 0 42 43 160 4
17 0 43 43 160 4
17 0 44 43 160 4
17 0 45 43 160 4
17 0 46 43 160 4
17 0 47 43 160 4
17 0 48 43 160 4
17 0 49 43 160 4
17 0 50 43 160 4
17 0 51 43 160 4
17 0 52 43 160 4
17 0 53 43 160 4
17 0 54 43 160 4
17 0 55 43 160 4
17 0 56 43 160 4
17 0 57 43 160 4
17 0 58 43 160 4
17 0 59 43 160 4
17 1 36 204 204 91
17 1 37 204 204 91
17 1 38 204 204 91
17 2 36 204 204 91
17 2 37 204 204 91
17 3 35 204 204 91
17 3 36 204 204 91
17 3 37 204 204 91
17 3 39 204 204 91
17 4 34 204 204 91
17 4 35 204 204 91
17 4 36 204 204 91
17 5 33 204 204 91
17 5 34 204 204 91
17 5 35 204 204 91
17 5 38 204 204 91
17 5 39 204 204 91
17 5 40 204 204 91
17 6 33 204 204 91
17 6 34 204 204 91
17 6 35 204 204 91
17 6 37 204 204 91
17 6 38 204 204 91
17 6 39 204 204 91
17 6 40 204 204 91
17 6 41 204 204 91
17 6 42 204 204 91
17 7 33 204 204 91
17 7 34 204 204 91
17 7 37 204 204 91
17 7 39 204 204 91
17 7 41 204 204 91
17 8 33 204 204 91
17 8 34 204 204 91
17 8 35 204 204 91
17 8 38 204 204 91
17 8 39 204 204 91
17 9 34 204 204 91
17 9 35 204 204 91
17 9 36 204 204 91
17 9 41 204 204 91
17 9 42 204 204 91
17 10 35 204 204 91
17 10 36 204 204 91
17 10 37 204 204 91
17 10 38 204 204 91
17 10 39 204 204 91
17 10 40 204 204 91
17 10 51 158 216 229
17 11 38 204 204 91
17 11 39 204 204 91
17 11 40 204 204 91
17 11 46 30 119 181
17 11 47 30 119 181
17 11 48 30 119 181
17 11 49 196 175 214
17 11 50 158 216 229
17 11 51 114 158 206
17 11 52 114 158 206
17 11 53 114 158 206
17 12 41 204 204 91
17 12 42 204 204 91
17 12 43 204 204 91
17 12 44 204 204 91
17 12 45 204 204 91
17 12 46 204 204 91
17 12 47 204 204 91
17 12 48 196 175 214
17 12 49 196 175 214
17 12 50 114 158 206
17 12 51 114 158 206
17 12 52 114 158 206
17 12 53 114 158 206
17 12 54 114 158 206
17 13 40 204 204 91
17 13 41 204 204 91
17 13 42 204 204 91
17 13 43 204 204 91
17 13 44 204 204 91
17 13 45 204 204 91
17 13 46 204 204 91
17 13 52 114 158 206
17 13 53 114 158 206
17 13 54 114 158 206
17 14 52 114 158 206
17 14 53 114 158 206
17 14 54 114 158 206
17 14 56 196 175 214
17 14 57 196 175 214
17 15 52 114 158 206
17 15 53 114 158 206
17 16 52 114 158 206
17 16 53 114 158 206
17 16 55 114 158 206
17 17 52 114 158 206
17 17 53 114 158 206
17 17 54 114 158 206
17 18 52 114 158 206
17 18 53 114 158 206
17 18 54 114 158 206
17 19 52 114 158 206
17 19 53 114 158 206
17 19 55 114 158 206
17 20 51 114 158 206
17 20 52 114 158 206
17 20 53 114 158 206
17 21 51 114 158 206
17 21 52 114 158 206
17 21 53 114 158 206
17 22 51 114 158 206
17 22 52 114 158 206
17 22 54 114 158 206
17 23 51 114 158 206
17 23 52 114 158 206
17 23 54 114 158 206
17 24 51 114 158 206
17 24 52 114 158 206
17 24 54 114 158 206
17 25 51 114 158 206
17 25 52 114 158 206
17 25 54 114 158 206
17 26 51 114 158 206
17 26 52 114 158 206
17 26 54 114 158 206
17 27 52 114 158 206
17 27 54 114 158 206
17 28 51 114 158 206
17 28 52 114 158 206
17 28 54 114 158 206
17 29 51 114 158 206
17 29 52 114 158 206
17 29 54 114 158 206
17 30 51 114 158 206
17 30 52 114 158 206
17 30 54 114 158 206
17 31 31 214 38 40
17 31 32 214 38 40
17 31 33 214 38 40
17 31 34 214 38 40
17 31 35 214 38 40
17 31 36 214 38 40
17 31 37 214 38 40
17 31 38 214 38 40
17 31 39 214 38 40
17 31 40 214 38 40
17 31 41 214 38 40
17 31 42 214 38 40
17 31 43 214 38 40
17 31 44 214 38 40
17 31 45 214 38 40
17 31 46 214 38 40
17 31 47 214 38 40
17 31 48 214 38 40
17 31 51 114 158 206
17 31 52 114 158 206
17 32 31 214 38 40
17 32 32 214 38 40
17 32 33 214 38 40
17 32 34 214 38 40
17 32 35 214 38 40
17 32 36 214 38 40
17 32 37 214 38 40
17 32 38 214 38 40
17 32 39 214 38 40
17 32 40 214 38 40
17 32 41 214 38 40
17 32 42 214 38 40
17 32 43 214 38 40
17 32 44 214 38 40
17 32 45 214 38 40
17 32 46 214 38 40
17 32 47 214 38 40
17 32 48 214 38 40
17 32 49 214 38 40
17 32 50 214 38 40
17 32 51 214 38 40
17 32 52 214 38 40
17 32 54 214 38 40
17 32 55 214 38 40
17 32 56 214 38 40
17 33 33 214 38 40
17 33 35 214 38 40
17 33 36 214 38 40
17 33 49 214 38 40
17 33 50 214 38 40
17 33 51 214 38 40
17 33 54 214 38 40
17 33 55 214 38 40
17 33 56 214 38 40
17 33 57 214 38 40
17 33 58 214 38 40
17 33 59 214 38 40
17 34 35 214 38 40
18 0 38 43 160 4
18 0 39 43 160 4
18 0 40 43 160 4
18 0 41 43 160 4
18 0 42 43 160 4
18 0 43 43 160 4
18 0 44 43 160 4
18 0 45 43 160 4
18 0 46 43 160 4
18 0 47 43 160 4
18 0 48 43 160 4
18 0 49 43 160 4
18 0 50 43 160 4
18 0 51 43 160 4
18 0 52 43 160 4
18 0 53 43 160 4
18 0 54 43 160 4
18 0 55 43 160 4
18 0 56 43 160 4
18 0 57 43 160 4
18 0 58 43 160 4
18 0 59 43 160 4
18 1 36 204 204 91
18 1 37 204 204 91
18 1 38 204 204 91
18 1 39 204 204 91
18 2 35 204 204 91
18 2 36 204 204 91
18 2 37 204 204 91
18 2 39 204 204 91
18 2 40 204 204 91
18 2 41 204 204 91
18 3 34 204 204 91
18 3 35 204 204 91
18 3 36 204 204 91
18 3 38 204 204 91
18 3 39 204 204 91
18 4 33 204 204 91
18 4 34 204 204 91
18 4 35 204 204 91
18 4 37 204 204 91
18 4 38 204 204 91
18 5 32 204 204 91
18 5 33 204 204 91
18 5 34 204 204 91
18 5 36 204 204 91
18 5 37 204 204 91
18 5 38 204 204 91
18 5 39 204 204 91
18 5 40 204 204 91
18 5 41 204 204 91
18 6 32 204 204 91
18 6 33 204 204 91
18 6 36 204 204 91
18 6 37 204 204 91
18 6 38 204 204 91
18 6 39 204 204 91
18 6 40 204 204 91
18 6 41 204 204 91
18 6 42 204 204 91
18 7 32 204 204 91
18 7 33 204 204 91
18 7 34 204 204 91
18 7 38 204 204 91
18 8 32 204 204 91
18 8 33 204 204 91
18 8 34 204 204 91
18 8 35 204 204 91
18 8 36 204 204 91
18 8 37 204 204 91
18 8 39 204 204 91
18 9 34 204 204 91
18 9 35 204 204 91
18 9 36 204 204 91
18 9 37 204 204 91
18 9 38 204 204 91
18 10 36 204 204 91
18 10 37 204 204 91
18 10 38 204 204 91
18 10 39 204 204 91
18 10 40 204 204 91
18 10 41 204 204 91
18 10 42 204 204 91
18 10 43 30 119 181
18 10 44 30 119 181
18 10 45 30 119 181
18 10 46 30 119 181
18 10 47 30 119 181
18 10 48 30 119 181
18 10 49 30 119 181
18 10 50 158 216 229
18 10 51 158 216 229
18 10 52 158 216 229
18 11 39 204 204 91
18 11 40 204 204 91
18 11 41 204 204 91
18 11 42 204 204 91
18 11 43 204 204 91
18 11 44 204 204 91
18 11 45 204 204 91
18 11 46 30 119 181
18 11 47 30 119 181
18 11 48 196 175 214
18 11 49 196 175 214
18 11 50 158 216 229
18 11 51 158 216 229
18 11 52 114 158 206
18 11 53 196 175 214
18 12 39 204 204 91
18 12 40 204 204 91
18 12 41 204 204 91
18 12 42 204 204 91
18 12 43 204 204 91
18 12 44 204 204 91
18 12 45 204 204 91
18 12 46 204 204 91
18 12 51 196 175 214
18 12 52 114 158 206
18 12 53 114 158 206
18 13 40 204 204 91
18 13 41 204 204 91
18 13 42 204 204 91
18 13 51 114 158 206
18 13 52 114 158 206
18 13 53 114 158 206
18 13 54 114 158 206
18 13 55 196 175 214
18 13 56 196 175 214
18 13 57 196 175 214
18 13 58 114 158 206
18 13 59 196 175 214
18 14 51 114 158 206
18 14 52 114 158 206
18 14 53 114 158 206
18 14 54 114 158 206
18 14 55 196 175 214
18 15 51 114 158 206
18 15 52 114 158 206
18 16 51 114 158 206
18 16 52 114 158 206
18 16 53 114 158 206
18 16 54 196 175 214
18 16 55 196 175 214
18 17 51 114 158 206
18 17 52 114 158 206
18 17 53 114 158 206
18 17 54 114 158 206
18 17 55 114 158 206
18 18 51 114 158 206
18 18 52 114 158 206
18 18 53 114 158 206
18 18 54 114 158 206
18 18 55 114 158 206
18 18 56 114 158 206
18 19 50 114 158 206
18 19 51 114 158 206
18 19 52 114 158 206
18 20 50 114 158 206
18 20 51 114 158 206
18 20 52 114 158 206
18 20 55 114 158 206
18 21 50 114 158 206
18 21 51 114 158 206
18 21 52 114 158 206
18 21 53 114 158 206
18 22 50 114 158 206
18 22 51 114 158 206
18 22 52 114 158 206
18 22 54 114 158 206
18 23 51 114 158 206
18 23 52 114 158 206
18 24 51 114 158 206
18 24 52 114 158 206
18 24 54 114 158 206
18 25 51 114 158 206
18 25 52 114 158 206
18 25 54 114 158 206
18 26 51 114 158 206
18 26 52 114 158 206
18 27 51 114 158 206
18 27 52 114 158 206
18 27 54 114 158 206
18 28 51 114 158 206
18 28 52 114 158 206
18 28 54 114 158 206
18 29 51 114 158 206
18 29 52 114 158 206
18 29 54 114 158 206
18 30 51 114 158 206
18 30 52 114 158 206
18 31 32 214 38 40
18 31 33 214 38 40
18 31 34 214 38 40
18 31 35 214 38 40
18 31 36 214 38 40
18 31 38 214 38 40
18 31 39 214 38 40
18 31 40 214 38 40
18 31 41 214 38 40
18 31 42 214 38 40
18 31 43 214 38 40
18 31 44 214 38 40
18 31 45 214 38 40
18 31 46 214 38 40
18 31 51 114 158 206
18 31 52 114 158 206
18 32 31 214 38 40
18 32 32 214 38 40
18 32 33 214 38 40
18 32 34 214 38 40
18 32 35 214 38 40
18 32 36 214 38 40
18 32 37 214 38 40
18 32 38 214 38 40
18 32 39 214 38 40
18 32 40 214 38 40
18 32 41 214 38 40
18 32 42 214 38 40
18 32 43 214 38 40
18 32 44 214 38 40
18 32 45 214 38 40
18 32 46 214 38 40
18 32 47 214 38 40
18 32 48 214 38 40
18 32 49 214 38 40
18 32 50 214 38 40
18 32 51 214 38 40
18 32 52 214 38 40
18 32 54 214 38 40
18 32 55 214 38 40
18 32 56 214 38 40
18 33 33 214 38 40
18 33 34 214 38 40
18 33 35 214 38 40
18 33 49 214 38 40
18 33 50 214 38 40
18 33 51 214 38 40
18 33 53 214 38 40
18 33 54 214 38 40
18 33 55 214 38 40
18 33 56 214 38 40
18 33 57 214 38 40
18 33 58 214 38 40
18 33 59 214 38 40
18 34 35 214 38 40
19 0 39 43 160 4
19 0 40 43 160 4
19 0 41 43 160 4
19 0 42 43 160 4
19 0 43 43 160 4
19 0 44 43 160 4
19 0 45 43 160 4
19 0 46 43 160 4
19 0 47 43 160 4
19 0 48 43 160 4
19 0 49 43 160 4
19 0 50 43 160 4
19 0 51 43 160 4
19 0 52 43 160 4
19 0 53 43 160 4
19 0 54 43 160 4
19 0 55 43 160 4
19 0 56 43 160 4
19 0 57 43 160 4
19 0 58 43 160 4
19 0 59 43 160 4
19 1 36 204 204 91
19 1 37 204 204 91
19 1 39 204 204 91
19 1 40 204 204 91
19 2 34 204 204 91
19 2 35 204 204 91
19 2 36 204 204 91
19 2 39 204 204 91
19 2 40 204 204 91
19 2 41 204 204 91
19 3 32 204 204 91
19 3 33 204 204 91
19 3 34 204 204 91
19 3 35 204 204 91
19 3 37 204 204 91
19 3 38 204 204 91
19 3 39 204 204 91
19 3 40 204 204 91
19 3 41 204 204 91
19 4 32 204 204 91
19 4 33 204 204 91
19 4 34 204 204 91
19 4 36 204 204 91
19 4 37 204 204 91
19 4 38 204 204 91
19 4 39 204 204 91
19 4 40 204 204 91
19 5 31 204 204 91
19 5 32 204 204 91
19 5 33 204 204 91
19 5 35 204 204 91
19 5 36 204 204 91
19 5 39 204 204 91
19 5 40 204 204 91
19 5 41 204 204 91
19 5 42 204 204 91
19 6 31 204 204 91
19 6 32 204 204 91
19 6 39 204 204 91
19 6 40 204 204 91
19 6 41 204 204 91
19 6 42 204 204 91
19 7 31 204 204 91
19 7 32 204 204 91
19 7 33 204 204 91
19 7 34 204 204 91
19 7 35 204 204 91
19 7 36 204 204 91
19 7 37 204 204 91
19 7 39 204 204 91
19 7 40 204 204 91
19 7 41 204 204 91
19 8 31 204 204 91
19 8 32 204 204 91
19 8 33 204 204 91
19 8 34 204 204 91
19 8 35 204 204 91
19 8 36 204 204 91
19 8 37 204 204 91
19 8 38 204 204 91
19 9 36 204 204 91
19 9 37 204 204 91
19 9 38 204 204 91
19 9 39 204 204 91
19 9 40 204 204 91
19 9 41 204 204 91
19 9 48 30 119 181
19 9 49 30 119 181
19 10 38 204 204 91
19 10 39 204 204 91
19 10 40 204 204 91
19 10 41 204 204 91
19 10 42 30 119 181
19 10 43 30 119 181
19 10 44 30 119 181
19 10 45 30 119 181
19 10 46 30 119 181
19 10 47 30 119 181
19 10 48 30 119 181
19 10 49 30 119 181
19 10 50 30 119 181
19 10 51 196 175 214
19 11 39 204 204 91
19 11 40 204 204 91
19 11 41 204 204 91
19 11 42 204 204 91
19 11 43 204 204 91
19 11 44 30 119 181
19 11 45 30 119 181
19 11 46 30 119 181
19 11 49 196 175 214
19 11 50 196 175 214
19 11 51 196 175 214
19 11 54 196 175 214
19 12 50 196 175 214
19 12 51 196 175 214
19 12 52 196 175 214
19 13 51 196 175 214
19 13 52 196 175 214
19 13 53 196 175 214
19 13 54 196 175 214
19 13 55 196 175 214
19 13 56 196 175 214
19 13 57 196 175 214
19 13 58 196 175 214
19 13 59 196 175 214
19 14 51 196 175 214
19 14 52 196 175 214
19 14 53 196 175 214
19 14 54 196 175 214
19 14 55 196 175 214
19 14 56 196 175 214
19 14 58 196 175 214
19 14 59 196 175 214
19 16 50 196 175 214
19 17 51 196 175 214
19 17 52 196 175 214
19 17 53 196 175 214
19 17 54 196 175 214
19 17 55 196 175 214
19 17 56 114 158 206
19 18 50 114 158 206
19 18 51 114 158 206
19 18 52 114 158 206
19 18 53 196 175 214
19 18 54 196 175 214
19 18 55 114 158 206
19 18 56 114 158 206
19 19 50 114 158 206
19 19 51 114 158 206
19 19 52 114 158 206
19 19 53 196 175 214
19 19 54 196 175 214
19 19 55 114 158 206
19 20 50 114 158 206
19 20 51 114 158 206
19 20 52 114 158 206
19 20 53 114 158 206
19 20 54 114 158 206
19 21 50 114 158 206
19 21 51 114 158 206
19 21 52 114 158 206
19 21 53 114 158 206
19 21 54 114 158 206
19 22 50 114 158 206
19 22 51 114 158 206
19 22 52 114 158 206
19 22 53 114 158 206
19 22 56 114 158 206
19 22 57 114 158 206
19 22 58 114 158 206
19 23 51 114 158 206
19 23 52 114 158 206
19 24 51 114 158 206
19 24 52 114 158 206
19 24 54 114 158 206
19 25 51 114 158 206
19 25 52 114 158 206
19 25 54 114 158 206
19 26 51 114 158 206
19 26 52 114 158 206
19 27 51 114 158 206
19 27 52 114 158 206
19 28 51 114 158 206
19 28 52 114 158 206
19 29 51 114 158 206
19 29 52 114 158 206
19 30 51 114 158 206
19 30 52 114 158 206
19 31 35 214 38 40
19 31 36 214 38 40
19 31 38 214 38 40
19 31 39 214 38 40
19 31 41 214 38 40
19 31 42 214 38 40
19 31 43 214 38 40
19 31 44 214 38 40
19 31 45 214 38 40
19 31 51 196 175 214
19 31 52 114 158 206
19 32 31 214 38 40
19 32 32 214 38 40
19 32 33 214 38 40
19 32 34 214 38 40
19 32 35 214 38 40
19 32 36 214 38 40
19 32 37 214 38 40
19 32 38 214 38 40
19 32 39 214 38 40
19 32 40 214 38 40
19 32 41 214 38 40
19 32 42 214 38 40
19 32 43 214 38 40
19 32 44 214 38 40
19 32 45 214 38 40
19 32 46 214 38 40
19 32 47 214 38 40
19 32 48 214 38 40
19 32 49 214 38 40
19 32 50 214 38 40
19 32 51 214 38 40
19 32 52 214 38 40
19 32 54 214 38 40
19 32 55 214 38 40
19 32 56 214 38 40
19 33 33 214 38 40
19 33 34 214 38 40
19 33 41 214 38 40
19 33 42 214 38 40
19 33 49 214 38 40
19 33 50 214 38 40
19 33 51 214 38 40
19 33 53 214 38 40
19 33 54 214 38 40
19 33 55 214 38 40
19 33 56 214 38 40
19 33 57 214 38 40
19 33 59 214 38 40
20 0 39 43 160 4
20 0 40 43 160 4
20 0 41 43 160 4
20 0 42 43 160 4
20 0 43 43 160 4
20 0 44 43 160 4
20 0 45 43 160 4
20 0 46 43 160 4
20 0 47 43 160 4
20 0 48 43 160 4
20 0 49 43 160 4
20 0 50 43 160 4
20 0 51 43 160 4
20 0 52 43 160 4
20 0 53 43 160 4
20 0 54 43 160 4
20 0 55 43 160 4
20 0 56 43 160 4
20 0 57 43 160 4
20 0 58 43 160 4
20 0 59 43 160 4
20 1 36 204 204 91
20 1 38 204 204 91
20 1 39 204 204 91
20 1 40 204 204 91
20 1 41 204 204 91
20 2 34 204 204 91
20 2 35 204 204 91
20 2 38 204 204 91
20 2 39 204 204 91
20 2 40 204 204 91
20 2 41 204 204 91
20 2 42 204 204 91
20 3 31 204 204 91
20 3 32 204 204 91
20 3 33 204 204 91
20 3 36 204 204 91
20 3 37 204 204 91
20 3 38 204 204 91
20 3 39 204 204 91
20 3 40 204 204 91
20 3 41 204 204 91
20 3 42 204 204 91
20 4 31 204 204 91
20 4 32 204 204 91
20 4 33 204 204 91
20 4 35 204 204 91
20 4 36 204 204 91
20 4 37 204 204 91
20 4 38 204 204 91
20 4 39 204 204 91
20 4 40 204 204 91
20 4 41 204 204 91
20 4 42 204 204 91
20 5 30 204 204 91
20 5 31 204 204 91
20 5 32 204 204 91
20 5 37 204 204 91
20 5 40 204 204 91
20 5 41 204 204 91
20 5 42 204 204 91
20 6 30 204 204 91
20 6 31 204 204 91
20 6 35 204 204 91
20 6 36 204 204 91
20 6 37 204 204 91
20 6 38 204 204 91
20 6 40 204 204 91
20 6 41 204 204 91
20 6 42 204 204 91
20 7 30 204 204 91
20 7 31 204 204 91
20 7 32 204 204 91
20 7 33 204 204 91
20 7 34 204 204 91
20 7 35 204 204 91
20 7 36 204 204 91
20 7 37 204 204 91
20 7 38 204 204 91
20 7 40 204 204 91
20 8 30 204 204 91
20 8 31 204 204 91
20 8 32 204 204 91
20 8 33 204 204 91
20 8 34 204 204 91
20 8 36 204 204 91
20 8 37 204 204 91
20 8 38 204 204 91
20 8 39 204 204 91
20 9 37 204 204 91
20 9 38 204 204 91
20 9 39 204 204 91
20 9 40 204 204 91
20 9 41 204 204 91
20 9 42 30 119 181
20 9 46 30 119 181
20 9 47 30 119 181
20 9 48 30 119 181
20 9 49 30 119 181
20 9 51 196 175 214
20 9 52 196 175 214
20 10 39 204 204 91
20 10 40 204 204 91
20 10 41 204 204 91
20 10 42 30 119 181
20 10 43 30 119 181
20 10 44 30 119 181
20 10 45 30 119 181
20 10 46 30 119 181
20 10 47 30 119 181
20 10 48 30 119 181
20 10 49 196 175 214
20 10 50 196 175 214
20 10 52 196 175 214
20 11 49 196 175 214
20 11 50 196 175 214
20 11 53 196 175 214
20 11 54 196 175 214
20 12 49 196 175 214
20 12 50 196 175 214
20 12 51 196 175 214
20 12 52 196 175 214
20 13 50 196 175 214
20 13 51 196 175 214
20 13 52 196 175 214
20 13 53 196 175 214
20 13 54 196 175 214
20 13 55 196 175 214
20 14 52 196 175 214
20 14 53 196 175 214
20 14 54 196 175 214
20 14 55 196 175 214
20 17 51 196 175 214
20 18 50 196 175 214
20 18 51 196 175 214
20 19 48 196 175 214
20 19 49 196 175 214
20 19 50 196 175 214
20 19 51 196 175 214
20 19 52 196 175 214
20 20 49 196 175 214
20 20 50 196 175 214
20 20 51 196 175 214
20 20 52 196 175 214
20 21 51 114 158 206
20 21 52 114 158 206
20 23 50 114 158 206
20 23 51 114 158 206
20 23 52 114 158 206
20 23 53 114 158 206
20 23 54 114 158 206
20 24 50 114 158 206
20 24 51 114 158 206
20 24 52 158 216 229
20 24 53 114 158 206
20 25 51 114 158 206
20 25 52 158 216 229
20 25 53 114 158 206
20 25 55 114 158 206
20 26 51 114 158 206
20 26 52 158 216 229
20 26 53 158 216 229
20 27 52 114 158 206
20 27 53 196 175 214
20 28 52 196 175 214
20 29 52 196 175 214
20 29 54 196 175 214
20 30 51 196 175 214
20 30 52 114 158 206
20 30 53 196 175 214
20 30 55 196 175 214
20 31 34 214 38 40
20 31 35 214 38 40
20 31 36 214 38 40
20 31 51 214 38 40
20 31 52 214 38 40
20 31 55 214 38 40
20 31 56 214 38 40
20 31 57 214 38 40
20 32 31 214 38 40
20 32 32 214 38 40
20 32 33 214 38 40
20 32 34 214 38 40
20 32 35 214 38 40
20 32 36 214 38 40
20 32 37 214 38 40
20 32 38 214 38 40
20 32 39 214 38 40
20 32 40 214 38 40
20 32 41 214 38 40
20 32 42 214 38 40
20 32 43 214 38 40
20 32 44 214 38 40
20 32 45 214 38 40
20 32 46 214 38 40
20 32 47 214 38 40
20 32 48 214 38 40
20 32 49 214 38 40
20 32 50 214 38 40
20 32 51 214 38 40
20 32 52 214 38 40
20 32 54 214 38 40
20 32 55 214 38 40
20 32 56 214 38 40
20 32 57 214 38 40
20 33 33 214 38 40
20 33 38 214 38 40
20 33 39 214 38 40
20 33 40 214 38 40
20 33 41 214 38 40
20 33 42 214 38 40
20 33 53 214 38 40
20 33 54 214 38 40
20 33 55 214 38 40
20 33 56 214 38 40
21 0 39 43 160 4
21 0 40 43 160 4
21 0 41 43 160 4
21 0 42 43 160 4
21 0 43 43 160 4
21 0 44 43 160 4
21 0 45 43 160 4
21 0 46 43 160 4
21 0 47 43 160 4
21 0 48 43 160 4
21 0 49 43 160 4
21 0 50 43 160 4
21 0 51 43 160 4
21 0 52 43 160 4
21 0 53 43 160 4
21 0 54 43 160 4
21 0 55 43 160 4
21 0 56 43 160 4
21 0 57 43 160 4
21 0 58 43 160 4
21 0 59 43 160 4
21 1 36 204 204 91
21 1 38 204 204 91
21 1 39 204 204 91
21 1 40 204 204 91
21 1 41 204 204 91
21 1 42 204 204 91
21 1 51 255 127 12
21 2 34 204 204 91
21 2 35 204 204 91
21 2 37 204 204 91
21 2 38 204 204 91
21 2 39 204 204 91
21 2 40 204 204 91
21 2 41 204 204 91
21 2 42 204 204 91
21 2 43 204 204 91
21 2 50 158 216 229
21 3 31 204 204 91
21 3 32 204 204 91
21 3 33 204 204 91
21 3 36 204 204 91
21 3 37 204 204 91
21 3 38 204 204 91
21 3 39 204 204 91
21 3 40 204 204 91
21 3 41 204 204 91
21 3 42 204 204 91
21 4 29 204 204 91
21 4 30 204 204 91
21 4 31 204 204 91
21 4 32 204 204 91
21 4 34 204 204 91
21 4 35 204 204 91
21 4 36 204 204 91
21 4 37 204 204 91
21 4 38 204 204 91
21 4 39 204 204 91
21 4 40 204 204 91
21 4 41 204 204 91
21 4 42 204 204 91
21 5 29 204 204 91
21 5 30 204 204 91
21 5 31 204 204 91
21 5 39 204 204 91
21 5 40 204 204 91
21 5 41 204 204 91
21 5 42 204 204 91
21 5 43 204 204 91
21 6 29 204 204 91
21 6 30 204 204 91
21 6 31 204 204 91
21 6 33 204 204 91
21 6 34 204 204 91
21 6 35 204 204 91
21 6 36 204 204 91
21 6 37 204 204 91
21 6 38 204 204 91
21 6 40 204 204 91
21 6 41 204 204 91
21 6 42 204 204 91
21 7 29 204 204 91
21 7 30 204 204 91
21 7 31 204 204 91
21 7 32 204 204 91
21 7 33 204 204 91
21 7 34 204 204 91
21 7 35 204 204 91
21 7 37 204 204 91
21 7 38 204 204 91
21 7 39 204 204 91
21 7 41 204 204 91
21 8 30 204 204 91
21 8 31 204 204 91
21 8 32 204 204 91
21 8 38 204 204 91
21 8 39 204 204 91
21 8 41 204 204 91
21 9 38 204 204 91
21 9 39 204 204 91
21 9 40 204 204 91
21 9 44 30 119 181
21 9 45 30 119 181
21 9 46 30 119 181
21 9 47 30 119 181
21 9 48 30 119 181
21 9 51 196 175 214
21 9 52 196 175 214
21 10 39 204 204 91
21 10 40 204 204 91
21 10 41 204 204 91
21 10 42 30 119 181
21 10 43 30 119 181
21 10 44 30 119 181
21 10 45 30 119 181
21 10 46 30 119 181
21 10 47 30 119 181
21 10 48 30 119 181
21 10 49 30 119 181
21 10 53 196 175 214
21 11 41 204 204 91
21 11 48 196 175 214
21 11 49 196 175 214
21 11 50 196 175 214
21 11 53 196 175 214
21 11 54 196 175 214
21 12 49 196 175 214
21 12 50 196 175 214
21 12 51 196 175 214
21 13 50 196 175 214
21 13 51 196 175 214
21 13 52 196 175 214
21 13 53 196 175 214
21 13 54 196 175 214
21 13 55 196 175 214
21 14 52 196 175 214
21 14 53 196 175 214
21 14 54 196 175 214
21 14 55 196 175 214
21 21 52 114 158 206
21 21 53 114 158 206
21 23 50 114 158 206
21 23 51 114 158 206
21 23 52 114 158 206
21 23 53 114 158 206
21 23 54 114 158 206
21 23 55 114 158 206
21 23 56 114 158 206
21 23 57 114 158 206
21 24 50 114 158 206
21 24 51 114 158 206
21 24 52 114 158 206
21 24 53 114 158 206
21 25 51 114 158 206
21 25 52 114 158 206
21 25 53 114 158 206
21 25 54 114 158 206
21 25 55 114 158 206
21 26 52 114 158 206
21 26 53 114 158 206
21 26 54 114 158 206
21 26 55 114 158 206
21 27 52 196 175 214
21 27 53 196 175 214
21 28 51 114 158 206
21 28 52 196 175 214
21 28 53 196 175 214
21 29 51 114 158 206
21 29 52 196 175 214
21 29 53 196 175 214
21 29 54 196 175 214
21 29 56 196 175 214
21 30 51 114 158 206
21 30 52 114 158 206
21 30 53 114 158 206
21 30 54 196 175 214
21 30 56 158 216 229
21 30 57 158 216 229
21 30 58 114 158 206
21 31 32 214 38 40
21 31 33 214 38 40
21 31 34 214 38 40
21 31 35 214 38 40
21 31 51 214 38 40
21 31 52 214 38 40
21 31 53 196 175 214
21 31 54 196 175 214
21 31 55 214 38 40
21 32 31 214 38 40
21 32 32 214 38 40
21 32 33 214 38 40
21 32 34 214 38 40
21 32 35 214 38 40
21 32 36 214 38 40
21 32 37 214 38 40
21 32 38 214 38 40
21 32 39 214 38 40
21 32 40 214 38 40
21 32 41 214 38 40
21 32 42 214 38 40
21 32 43 214 38 40
21 32 44 214 38 40
21 32 45 214 38 40
21 32 46 214 38 40
21 32 47 214 38 40
21 32 48 214 38 40
21 32 49 214 38 40
21 32 50 214 38 40
21 32 51 214 38 40
21 32 52 214 38 40
21 32 57 214 38 40
21 32 58 214 38 40
21 32 59 214 38 40
21 33 33 214 38 40
21 33 34 214 38 40
21 33 37 214 38 40
21 33 38 214 38 40
21 33 39 214 38 40
21 33 40 214 38 40
21 33 42 214 38 40
21 33 54 214 38 40
21 33 55 214 38 40
21 33 56 214 38 40
21 33 57 214 38 40
22 0 39 43 160 4
22 0 40 43 160 4
22 0 41 43 160 4
22 0 42 43 160 4
22 0 43 43 160 4
22 0 44 43 160 4
22 0 45 43 160 4
22 0 46 43 160 4
22 0 47 43 160 4
22 0 48 43 160 4
22 0 49 43 160 4
22 0 50 43 160 4
22 0 51 43 160 4
22 0 52 43 160 4
22 0 53 43 160 4
22 0 54 43 160 4
22 0 55 43 160 4
22 0 56 43 160 4
22 0 57 43 160 4
22 0 58 43 160 4
22 0 59 43 160 4
22 1 37 204 204 91
22 1 38 204 204 91
22 1 39 204 204 91
22 1 40 204 204 91
22 1 41 204 204 91
22 1 42 204 204 91
22 2 36 204 204 91
22 2 37 204 204 91
22 2 38 204 204 91
22 2 39 204 204 91
22 2 40 204 204 91
22 2 41 204 204 91
22 2 42 204 204 91
22 2 43 204 204 91
22 2 44 147 102 188
22 3 31 204 204 91
22 3 32 204 204 91
22 3 35 204 204 91
22 3 36 204 204 91
22 3 37 204 204 91
22 3 38 204 204 91
22 3 39 204 204 91
22 3 40 204 204 91
22 3 41 204 204 91
22 3 42 204 204 91
22 3 43 204 204 91
22 4 29 204 204 91
22 4 30 204 204 91
22 4 31 204 204 91
22 4 33 204 204 91
22 4 34 204 204 91
22 4 35 204 204 91
22 4 36 204 204 91
22 4 37 204 204 91
22 4 38 204 204 91
22 4 39 204 204 91
22 4 40 204 204 91
22 4 41 204 204 91
22 4 42 204 204 91
22 5 29 30 119 181
22 5 30 204 204 91
22 5 31 204 204 91
22 5 40 204 204 91
22 5 41 204 204 91
22 5 42 204 204 91
22 5 43 204 204 91
22 6 29 30 119 181
22 6 30 30 119 181
22 6 31 204 204 91
22 6 32 204 204 91
22 6 33 204 204 91
22 6 34 204 204 91
22 6 35 204 204 91
22 6 36 204 204 91
22 6 37 204 204 91
22 6 38 204 204 91
22 6 40 204 204 91
22 6 41 204 204 91
22 6 42 204 204 91
22 6 43 204 204 91
22 7 29 204 204 91
22 7 30 204 204 91
22 7 31 204 204 91
22 7 32 204 204 91
22 7 33 204 204 91
22 7 38 204 204 91
22 7 39 204 204 91
22 7 41 204 204 91
22 8 30 204 204 91
22 8 38 204 204 91
22 8 39 204 204 91
22 8 40 204 204 91
22 8 50 255 127 12
22 9 39 204 204 91
22 9 40 204 204 91
22 9 43 30 119 181
22 9 44 30 119 181
22 9 45 30 119 181
22 9 46 30 119 181
22 9 47 30 119 181
22 9 48 30 119 181
22 9 49 255 127 12
22 9 53 255 127 12
22 10 40 204 204 91
22 10 41 204 204 91
22 10 42 30 119 181
22 10 43 30 119 181
22 10 44 30 119 181
22 10 45 30 119 181
22 10 46 30 119 181
22 10 47 30 119 181
22 10 48 30 119 181
22 10 49 30 119 181
22 10 50 196 175 214
22 10 51 196 175 214
22 10 52 196 175 214
22 11 49 196 175 214
22 11 50 196 175 214
22 11 51 196 175 214
22 11 52 196 175 214
22 11 53 196 175 214
22 12 49 196 175 214
22 12 50 196 175 214
22 12 51 196 175 214
22 12 52 196 175 214
22 12 53 196 175 214
22 13 50 196 175 214
22 13 51 196 175 214
22 13 52 196 175 214
22 13 53 196 175 214
22 13 54 196 175 214
22 13 55 196 175 214
22 13 59 196 175 214
22 14 52 196 175 214
22 14 53 196 175 214
22 14 54 196 175 214
22 14 55 196 175 214
22 14 56 196 175 214
22 23 52 114 158 206
22 23 53 114 158 206
22 23 54 114 158 206
22 23 55 114 158 206
22 23 56 114 158 206
22 23 57 114 158 206
22 24 51 114 158 206
22 24 52 114 158 206
22 24 53 114 158 206
22 24 54 114 158 206
22 25 52 114 158 206
22 25 53 114 158 206
22 25 54 114 158 206
22 25 55 114 158 206
22 26 53 114 158 206
22 26 54 114 158 206
22 26 55 114 158 206
22 27 52 114 158 206
22 27 53 114 158 206
22 27 54 114 158 206
22 28 52 114 158 206
22 28 53 196 175 214
22 28 54 196 175 214
22 29 52 114 158 206
22 29 53 196 175 214
22 29 54 196 175 214
22 29 55 196 175 214
22 29 56 196 175 214
22 29 57 196 175 214
22 30 52 114 158 206
22 30 53 114 158 206
22 30 54 114 158 206
22 30 55 114 158 206
22 30 56 114 158 206
22 30 57 114 158 206
22 30 58 114 158 206
22 31 33 214 38 40
22 31 34 214 38 40
22 31 43 214 38 40
22 31 44 214 38 40
22 31 45 214 38 40
22 31 46 214 38 40
22 31 47 214 38 40
22 31 52 214 38 40
22 31 53 214 38 40
22 31 54 214 38 40
22 31 55 214 38 40
22 31 56 214 38 40
22 31 57 214 38 40
22 31 58 214 38 40
22 32 31 214 38 40
22 32 32 214 38 40
22 32 33 214 38 40
22 32 34 214 38 40
22 32 35 214 38 40
22 32 36 214 38 40
22 32 37 214 38 40
22 32 38 214 38 40
22 32 39 214 38 40
22 32 40 214 38 40
22 32 41 214 38 40
22 32 42 214 38 40
22 32 43 214 38 40
22 32 44 214 38 40
22 32 45 214 38 40
22 32 46 214 38 40
22 32 47 214 38 40
22 32 48 214 38 40
22 32 49 214 38 40
22 32 50 214 38 40
22 32 51 214 38 40
22 32 52 214 38 40
22 32 53 214 38 40
22 32 54 214 38 40
22 32 55 214 38 40
22 32 59 214 38 40
22 33 33 214 38 40
22 33 37 214 38 40
22 33 42 214 38 40
22 33 43 214 38 40
22 33 52 214 38 40
22 33 55 214 38 40
22 33 56 214 38 40
22 33 57 214 38 40
23 0 38 43 160 4
23 0 39 43 160 4
23 0 40 43 160 4
23 0 41 43 160 4
23 0 42 43 160 4
23 0 43 43 160 4
23 0 44 43 160 4
23 0 45 43 160 4
23 0 46 43 160 4
23 0 47 43 160 4
23 0 48 43 160 4
23 0 49 43 160 4
23 0 50 43 160 4
23 0 51 43 160 4
23 0 52 43 160 4
23 0 53 43 160 4
23 0 54 43 160 4
23 0 55 43 160 4
23 0 56 43 160 4
23 0 57 43 160 4
23 0 58 43 160 4
23 0 59 43 160 4
23 1 36 204 204 91
23 1 37 204 204 91
23 1 38 204 204 91
23 1 39 204 204 91
23 1 40 204 204 91
23 1 41 204 204 91
23 1 42 204 204 91
23 2 35 204 204 91
23 2 36 204 204 91
23 2 37 204 204 91
23 2 38 204 204 91
23 2 39 204 204 91
23 2 40 204 204 91
23 2 41 204 204 91
23 2 42 204 204 91
23 2 43 204 204 91
23 2 44 147 102 188
23 2 45 147 102 188
23 2 46 147 102 188
23 3 31 204 204 91
23 3 33 204 204 91
23 3 34 204 204 91
23 3 35 204 204 91
23 3 36 204 204 91
23 3 37 204 204 91
23 3 38 204 204 91
23 3 39 204 204 91
23 3 40 204 204 91
23 3 41 204 204 91
23 3 42 204 204 91
23 3 43 204 204 91
23 4 29 255 127 12
23 4 30 204 204 91
23 4 31 204 204 91
23 4 33 204 204 91
23 4 34 204 204 91
23 4 35 204 204 91
23 4 36 204 204 91
23 4 37 204 204 91
23 4 38 204 204 91
23 4 39 204 204 91
23 4 40 204 204 91
23 4 41 204 204 91
23 4 42 204 204 91
23 5 28 30 119 181
23 5 29 30 119 181
23 5 30 30 119 181
23 5 31 30 119 181
23 5 34 204 204 91
23 5 35 204 204 91
23 5 40 204 204 91
23 5 41 204 204 91
23 5 42 204 204 91
23 5 43 204 204 91
23 6 30 30 119 181
23 6 31 30 119 181
23 6 32 30 119 181
23 6 33 30 119 181
23 6 34 30 119 181
23 6 35 204 204 91
23 6 36 204 204 91
23 6 37 204 204 91
23 6 38 204 204 91
23 6 39 204 204 91
23 6 41 204 204 91
23 6 42 204 204 91
23 7 38 204 204 91
23 7 39 204 204 91
23 7 40 204 204 91
23 7 41 204 204 91
23 8 39 204 204 91
23 8 40 204 204 91
23 8 44 147 102 188
23 8 45 147 102 188
23 8 46 147 102 188
23 8 47 147 102 188
23 8 48 255 127 12
23 8 51 255 127 12
23 8 52 255 127 12
23 9 39 204 204 91
23 9 40 204 204 91
23 9 41 204 204 91
23 9 42 204 204 91
23 9 43 30 119 181
23 9 44 30 119 181
23 9 45 30 119 181
23 9 46 147 102 188
23 9 47 30 119 181
23 9 48 255 127 12
23 9 49 255 127 12
23 9 50 255 127 12
23 9 51 255 127 12
23 10 40 204 204 91
23 10 41 204 204 91
23 10 42 204 204 91
23 10 43 30 119 181
23 10 49 196 175 214
23 10 50 196 175 214
23 10 51 196 175 214
23 10 52 196 175 214
23 10 53 196 175 214
23 11 50 196 175 214
23 11 51 196 175 214
23 11 52 196 175 214
23 11 53 196 175 214
23 11 54 158 216 229
23 12 51 196 175 214
23 12 52 196 175 214
23 12 53 196 175 214
23 12 54 196 175 214
23 13 52 196 175 214
23 13 53 196 175 214
23 13 54 196 175 214
23 13 55 196 175 214
23 13 56 196 175 214
23 13 58 114 158 206
23 13 59 196 175 214
23 14 55 196 175 214
23 14 56 196 175 214
23 14 58 114 158 206
23 14 59 114 158 206
23 23 52 114 158 206
23 23 53 114 158 206
23 23 54 114 158 206
23 23 55 114 158 206
23 23 57 114 158 206
23 23 58 114 158 206
23 24 52 114 158 206
23 24 53 114 158 206
23 24 54 114 158 206
23 24 55 114 158 206
23 25 52 114 158 206
23 25 53 114 158 206
23 25 54 114 158 206
23 26 53 114 158 206
23 26 54 114 158 206
23 27 52 114 158 206
23 27 53 196 175 214
23 27 54 114 158 206
23 28 53 196 175 214
23 28 54 196 175 214
23 29 53 196 175 214
23 29 54 196 175 214
23 29 55 196 175 214
23 29 56 114 158 206
23 30 53 114 158 206
23 30 54 114 158 206
23 30 55 196 175 214
23 30 56 114 158 206
23 30 57 114 158 206
23 31 43 214 38 40
23 31 44 214 38 40
23 31 45 214 38 40
23 31 53 214 38 40
23 31 54 214 38 40
23 31 55 196 175 214
23 31 56 214 38 40
23 31 57 214 38 40
23 32 31 214 38 40
23 32 32 214 38 40
23 32 33 214 38 40
23 32 34 214 38 40
23 32 35 214 38 40
23 32 36 214 38 40
23 32 37 214 38 40
23 32 38 214 38 40
23 32 39 214 38 40
23 32 40 214 38 40
23 32 41 214 38 40
23 32 42 214 38 40
23 32 43 214 38 40
23 32 44 214 38 40
23 32 45 214 38 40
23 32 46 214 38 40
23 32 47 214 38 40
23 32 48 214 38 40
23 32 49 214 38 40
23 32 50 214 38 40
23 32 51 214 38 40
23 32 52 214 38 40
23 32 53 214 38 40
23 32 54 214 38 40
23 32 55 214 38 40
23 32 57 214 38 40
23 32 58 214 38 40
23 33 33 214 38 40
23 33 51 214 38 40
23 33 52 214 38 40
23 33 53 214 38 40
23 33 54 214 38 40
23 33 56 214 38 40
23 33 57 214 38 40
24 0 38 43 160 4
24 0 39 43 160 4
24 0 40 43 160 4
24 0 41 43 160 4
24 0 42 43 160 4
24 0 43 43 160 4
24 0 44 43 160 4
24 0 45 43 160 4
24 0 46 43 160 4
24 0 47 43 160 4
24 0 48 43 160 4
24 0 49 43 160 4
24 0 50 43 160 4
24 0 51 43 160 4
24 0 52 43 160 4
24 0 53 43 160 4
24 0 54 43 160 4
24 0 55 43 160 4
24 0 56 43 160 4
24 0 57 43 160 4
24 0 58 43 160 4
24 0 59 43 160 4
24 1 36 204 204 91
24 1 37 204 204 91
24 1 38 204 204 91
24 1 39 204 204 91
24 1 40 204 204 91
24 1 41 204 204 91
24 2 35 204 204 91
24 2 36 204 204 91
24 2 37 204 204 91
24 2 38 204 204 91
24 2 39 204 204 91
24 2 40 204 204 91
24 2 41 204 204 91
24 2 42 204 204 91
24 2 43 204 204 91
24 2 44 147 102 188
24 2 45 147 102 188
24 2 46 147 102 188
24 3 31 255 127 12
24 3 32 255 127 12
24 3 36 204 204 91
24 3 37 204 204 91
24 3 38 204 204 91
24 3 39 204 204 91
24 3 40 204 204 91
24 3 41 204 204 91
24 3 42 204 204 91
24 4 29 255 127 12
24 4 30 255 127 12
24 4 36 204 204 91
24 4 37 204 204 91
24 4 38 204 204 91
24 4 39 204 204 91
24 4 40 204 204 91
24 4 41 204 204 91
24 4 42 204 204 91
24 5 27 30 119 181
24 5 28 30 119 181
24 5 29 30 119 181
24 5 30 30 119 181
24 5 31 30 119 181
24 5 36 204 204 91
24 5 40 204 204 91
24 5 41 204 204 91
24 5 42 204 204 91
24 6 24 30 119 181
24 6 29 30 119 181
24 6 30 30 119 181
24 6 31 30 119 181
24 6 32 30 119 181
24 6 33 30 119 181
24 6 34 30 119 181
24 6 35 30 119 181
24 6 36 30 119 181
24 6 37 204 204 91
24 6 38 204 204 91
24 6 39 204 204 91
24 6 41 204 204 91
24 6 42 204 204 91
24 7 38 204 204 91
24 7 39 204 204 91
24 7 42 204 204 91
24 7 46 147 102 188
24 7 47 147 102 188
24 7 48 147 102 188
24 8 38 204 204 91
24 8 39 204 204 91
24 8 40 204 204 91
24 8 41 204 204 91
24 8 44 147 102 188
24 8 45 147 102 188
24 8 46 147 102 188
24 8 47 147 102 188
24 8 48 147 102 188
24 8 49 255 127 12
24 8 53 255 127 12
24 9 39 204 204 91
24 9 40 204 204 91
24 9 41 204 204 91
24 9 42 204 204 91
24 9 43 204 204 91
24 9 48 255 127 12
24 9 49 255 127 12
24 9 50 255 127 12
24 9 51 255 127 12
24 9 52 255 127 12
24 10 50 196 175 214
24 10 51 196 175 214
24 10 52 196 175 214
24 10 53 196 175 214
24 10 54 255 127 12
24 10 55 255 127 12
24 11 53 196 175 214
24 11 54 158 216 229
24 11 55 158 216 229
24 12 53 196 175 214
24 12 54 158 216 229
24 12 55 114 158 206
24 13 54 114 158 206
24 13 55 114 158 206
24 13 56 114 158 206
24 13 57 114 158 206
24 13 58 114 158 206
24 13 59 114 158 206
24 14 56 114 158 206
24 14 57 114 158 206
24 14 58 114 158 206
24 14 59 114 158 206
24 23 53 114 158 206
24 23 54 114 158 206
24 23 55 114 158 206
24 23 56 114 158 206
24 23 57 114 158 206
24 24 51 114 158 206
24 24 52 114 158 206
24 24 53 114 158 206
24 24 54 114 158 206
24 24 55 114 158 206
24 24 56 114 158 206
24 24 57 114 158 206
24 25 51 114 158 206
24 25 52 114 158 206
24 25 53 114 158 206
24 25 54 114 158 206
24 25 55 114 158 206
24 26 52 114 158 206
24 26 53 114 158 206
24 26 54 114 158 206
24 26 55 114 158 206
24 27 53 196 175 214
24 27 54 114 158 206
24 28 53 196 175 214
24 28 54 196 175 214
24 28 55 196 175 214
24 29 51 196 175 214
24 29 52 196 175 214
24 29 53 196 175 214
24 29 54 196 175 214
24 29 55 196 175 214
24 29 56 114 158 206
24 30 52 114 158 206
24 30 53 196 175 214
24 30 54 196 175 214
24 30 55 114 158 206
24 30 56 114 158 206
24 31 32 214 38 40
24 31 53 214 38 40
24 31 54 214 38 40
24 31 55 214 38 40
24 31 57 214 38 40
24 32 31 214 38 40
24 32 32 214 38 40
24 32 33 214 38 40
24 32 34 214 38 40
24 32 35 214 38 40
24 32 36 214 38 40
24 32 37 214 38 40
24 32 38 214 38 40
24 32 39 214 38 40
24 32 40 214 38 40
24 32 41 214 38 40
24 32 42 214 38 40
24 32 43 214 38 40
24 32 44 214 38 40
24 32 45 214 38 40
24 32 46 214 38 40
24 32 47 214 38 40
24 32 48 214 38 40
24 32 49 214 38 40
24 32 50 214 38 40
24 32 51 214 38 40
24 32 52 214 38 40
24 32 53 214 38 40
24 32 54 214 38 40
24 32 55 214 38 40
24 32 57 214 38 40
24 33 33 214 38 40
24 33 34 214 38 40
24 33 35 214 38 40
24 33 51 214 38 40
24 33 52 214 38 40
24 33 53 214 38 40
24 33 54 214 38 40
24 33 56 214 38 40
24 33 57 214 38 40
25 0 38 43 160 4
25 0 39 43 160 4
25 0 40 43 160 4
25 0 41 43 160 4
25 0 42 43 160 4
25 0 43 43 160 4
25 0 44 43 160 4
25 0 45 43 160 4
25 0 46 43 160 4
25 0 47 43 160 4
25 0 48 43 160 4
25 0 49 43 160 4
25 0 50 43 160 4
25 0 51 43 160 4
25 0 52 43 160 4
25 0 53 43 160 4
25 0 54 43 160 4
25 0 55 43 160 4
25 0 56 43 160 4
25 0 57 43 160 4
25 0 58 43 160 4
25 0 59 43 160 4
25 1 36 204 204 91
25 1 37 204 204 91
25 1 38 204 204 91
25 1 39 204 204 91
25 1 40 204 204 91
25 1 51 255 127 12
25 1 52 255 127 12
25 2 36 204 204 91
25 2 37 204 204 91
25 2 38 204 204 91
25 2 39 204 204 91
25 2 40 204 204 91
25 2 41 204 204 91
25 2 42 204 204 91
25 2 43 147 102 188
25 2 44 147 102 188
25 2 45 147 102 188
25 2 46 147 102 188
25 3 36 204 204 91
25 3 37 204 204 91
25 3 38 204 204 91
25 3 39 204 204 91
25 3 40 204 204 91
25 3 41 204 204 91
25 3 42 204 204 91
25 3 51 255 127 12
25 4 36 204 204 91
25 4 37 204 204 91
25 4 38 204 204 91
25 4 39 204 204 91
25 4 40 204 204 91
25 4 51 255 127 12
25 5 27 30 119 181
25 5 28 30 119 181
25 5 29 30 119 181
25 5 30 30 119 181
25 5 40 204 204 91
25 5 41 204 204 91
25 5 42 204 204 91
25 5 49 255 127 12
25 5 50 255 127 12
25 5 51 255 127 12
25 5 52 255 127 12
25 6 24 30 119 181
25 6 25 30 119 181
25 6 26 30 119 181
25 6 27 196 175 214
25 6 28 196 175 214
25 6 29 30 119 181
25 6 30 30 119 181
25 6 31 30 119 181
25 6 32 30 119 181
25 6 33 30 119 181
25 6 34 30 119 181
25 6 35 30 119 181
25 6 36 204 204 91
25 6 37 204 204 91
25 6 38 204 204 91
25 6 39 204 204 91
25 6 41 204 204 91
25 6 51 255 127 12
25 6 52 255 127 12
25 7 29 196 175 214
25 7 30 196 175 214
25 7 31 196 175 214
25 7 32 196 175 214
25 7 33 196 175 214
25 7 37 204 204 91
25 7 38 204 204 91
25 7 39 204 204 91
25 7 44 147 102 188
25 7 45 147 102 188
25 7 46 147 102 188
25 7 47 147 102 188
25 7 48 255 127 12
25 7 49 255 127 12
25 7 51 255 127 12
25 8 38 204 204 91
25 8 39 204 204 91
25 8 40 204 204 91
25 8 41 204 204 91
25 8 42 147 102 188
25 8 43 147 102 188
25 8 44 147 102 188
25 8 48 255 127 12
25 8 49 255 127 12
25 8 53 255 127 12
25 9 38 204 204 91
25 9 39 204 204 91
25 9 40 204 204 91
25 9 41 204 204 91
25 9 48 255 127 12
25 9 49 255 127 12
25 9 50 255 127 12
25 9 51 255 127 12
25 9 52 255 127 12
25 10 51 196 175 214
25 10 52 196 175 214
25 10 53 255 127 12
25 10 54 255 127 12
25 10 55 255 127 12
25 11 53 196 175 214
25 11 54 158 216 229
25 11 55 158 216 229
25 12 53 114 158 206
25 12 54 114 158 206
25 12 55 114 158 206
25 13 54 114 158 206
25 13 55 114 158 206
25 13 56 114 158 206
25 13 57 114 158 206
25 13 58 114 158 206
25 13 59 114 158 206
25 14 55 114 158 206
25 14 56 114 158 206
25 14 57 114 158 206
25 14 58 114 158 206
25 14 59 114 158 206
25 23 53 114 158 206
25 23 54 114 158 206
25 23 55 114 158 206
25 23 56 114 158 206
25 23 57 114 158 206
25 23 58 114 158 206
25 23 59 114 158 206
25 24 52 114 158 206
25 24 53 114 158 206
25 24 54 114 158 206
25 24 55 114 158 206
25 24 56 114 158 206
25 24 57 114 158 206
25 25 52 114 158 206
25 25 53 114 158 206
25 25 54 114 158 206
25 25 55 114 158 206
25 25 56 114 158 206
25 26 54 114 158 206
25 26 55 114 158 206
25 26 56 114 158 206
25 27 53 114 158 206
25 27 54 114 158 206
25 27 55 114 158 206
25 28 50 114 158 206
25 28 51 114 158 206
25 28 52 196 175 214
25 28 53 196 175 214
25 28 54 114 158 206
25 28 55 114 158 206
25 29 51 196 175 214
25 29 52 196 175 214
25 29 53 196 175 214
25 29 54 114 158 206
25 29 55 196 175 214
25 30 51 196 175 214
25 30 52 114 158 206
25 30 53 196 175 214
25 30 54 196 175 214
25 30 55 196 175 214
25 31 52 214 38 40
25 31 53 214 38 40
25 31 54 214 38 40
25 32 31 214 38 40
25 32 32 214 38 40
25 32 33 214 38 40
25 32 34 214 38 40
25 32 35 214 38 40
25 32 36 214 38 40
25 32 37 214 38 40
25 32 38 214 38 40
25 32 39 214 38 40
25 32 40 214 38 40
25 32 41 214 38 40
25 32 42 214 38 40
25 32 43 214 38 40
25 32 44 214 38 40
25 32 45 214 38 40
25 32 46 214 38 40
25 32 47 214 38 40
25 32 48 214 38 40
25 32 49 214 38 40
25 32 50 214 38 40
25 32 51 214 38 40
25 32 52 214 38 40
25 32 53 214 38 40
25 32 54 214 38 40
25 32 55 214 38 40
25 32 57 214 38 40
25 33 33 214 38 40
25 33 34 214 38 40
25 33 35 214 38 40
25 33 56 214 38 40
25 33 57 214 38 40
26 0 38 43 160 4
26 0 39 43 160 4
26 0 40 43 160 4
26 0 41 43 160 4
26 0 42 43 160 4
26 0 43 43 160 4
26 0 44 43 160 4
26 0 45 43 160 4
26 0 46 43 160 4
26 0 47 43 160 4
26 0 48 43 160 4
26 0 49 43 160 4
26 0 50 43 160 4
26 0 51 43 160 4
26 0 52 43 160 4
26 0 53 43 160 4
26 0 54 43 160 4
26 0 55 43 160 4
26 0 56 43 160 4
26 0 57 43 160 4
26 0 58 43 160 4
26 0 59 43 160 4
26 1 36 204 204 91
26 1 37 204 204 91
26 1 38 204 204 91
26 1 39 204 204 91
26 1 50 255 127 12
26 1 51 255 127 12
26 1 52 255 127 12
26 1 53 255 127 12
26 1 54 255 127 12
26 1 55 255 127 12
26 1 56 255 127 12
26 2 34 255 127 12
26 2 36 204 204 91
26 2 37 204 204 91
26 2 38 204 204 91
26 2 39 204 204 91
26 2 40 147 102 188
26 2 41 147 102 188
26 2 44 147 102 188
26 2 50 255 127 12
26 2 51 255 127 12
26 2 52 255 127 12
26 2 53 255 127 12
26 3 31 255 127 12
26 3 32 255 127 12
26 3 33 255 127 12
26 3 36 204 204 91
26 3 37 204 204 91
26 3 38 204 204 91
26 3 39 204 204 91
26 3 40 204 204 91
26 3 50 255 127 12
26 3 51 255 127 12
26 3 52 255 127 12
26 3 53 255 127 12
26 4 30 255 127 12
26 4 35 255 127 12
26 4 36 204 204 91
26 4 37 204 204 91
26 4 38 204 204 91
26 4 39 204 204 91
26 4 50 255 127 12
26 4 51 255 127 12
26 4 52 255 127 12
26 5 27 30 119 181
26 5 28 30 119 181
26 5 29 30 119 181
26 5 39 204 204 91
26 5 47 255 127 12
26 5 50 255 127 12
26 5 51 255 127 12
26 5 52 255 127 12
26 5 53 255 127 12
26 6 24 30 119 181
26 6 25 30 119 181
26 6 26 196 175 214
26 6 27 196 175 214
26 6 28 196 175 214
26 6 29 196 175 214
26 6 30 30 119 181
26 6 31 30 119 181
26 6 32 30 119 181
26 6 33 30 119 181
26 6 34 30 119 181
26 6 35 30 119 181
26 6 36 204 204 91
26 6 37 204 204 91
26 6 48 255 127 12
26 6 49 255 127 12
26 6 50 255 127 12
26 6 52 255 127 12
26 6 53 255 127 12
26 7 28 196 175 214
26 7 29 196 175 214
26 7 30 196 175 214
26 7 31 196 175 214
26 7 32 196 175 214
26 7 33 196 175 214
26 7 36 204 204 91
26 7 37 204 204 91
26 7 38 204 204 91
26 7 44 147 102 188
26 7 45 147 102 188
26 7 46 147 102 188
26 7 47 255 127 12
26 7 48 255 127 12
26 7 49 255 127 12
26 7 50 255 127 12
26 7 52 255 127 12
26 7 53 255 127 12
26 8 29 196 175 214
26 8 37 147 102 188
26 8 38 147 102 188
26 8 39 147 102 188
26 8 40 147 102 188
26 8 41 147 102 188
26 8 42 147 102 188
26 8 43 147 102 188
26 8 48 255 127 12
26 8 49 255 127 12
26 8 50 255 127 12
26 8 53 255 127 12
26 8 54 255 127 12
26 8 55 255 127 12
26 8 56 255 127 12
26 9 38 147 102 188
26 9 39 147 102 188
26 9 49 255 127 12
26 9 50 255 127 12
26 9 51 255 127 12
26 9 52 255 127 12
26 9 56 255 127 12
26 10 51 255 127 12
26 10 52 255 127 12
26 10 53 255 127 12
26 10 54 255 127 12
26 10 55 255 127 12
26 11 54 158 216 229
26 11 55 158 216 229
26 12 54 114 158 206
26 12 55 114 158 206
26 12 56 114 158 206
26 13 54 158 216 229
26 13 55 158 216 229
26 13 56 114 158 206
26 13 57 114 158 206
26 13 58 114 158 206
26 13 59 114 158 206
26 14 56 158 216 229
26 14 57 158 216 229
26 14 58 114 158 206
26 14 59 114 158 206
26 23 55 114 158 206
26 23 56 114 158 206
26 23 57 114 158 206
26 23 58 114 158 206
26 23 59 114 158 206
26 24 53 114 158 206
26 24 54 114 158 206
26 24 55 114 158 206
26 24 56 114 158 206
26 24 57 114 158 206
26 24 58 114 158 206
26 24 59 114 158 206
26 25 53 114 158 206
26 25 54 114 158 206
26 25 55 114 158 206
26 25 56 114 158 206
26 26 54 114 158 206
26 26 55 114 158 206
26 26 56 158 216 229
26 27 52 114 158 206
26 27 53 114 158 206
26 27 54 114 158 206
26 27 55 114 158 206
26 27 56 114 158 206
26 28 50 114 158 206
26 28 51 114 158 206
26 28 52 114 158 206
26 28 53 114 158 206
26 28 54 114 158 206
26 29 50 196 175 214
26 29 51 196 175 214
26 29 52 196 175 214
26 30 51 196 175 214
26 30 52 196 175 214
26 30 53 114 158 206
26 31 36 214 38 40
26 31 47 214 38 40
26 31 48 214 38 40
26 31 49 214 38 40
26 31 50 214 38 40
26 31 51 214 38 40
26 31 52 214 38 40
26 31 53 214 38 40
26 31 54 214 38 40
26 31 56 214 38 40
26 32 31 214 38 40
26 32 32 214 38 40
26 32 33 214 38 40
26 32 34 214 38 40
26 32 35 214 38 40
26 32 36 214 38 40
26 32 37 214 38 40
26 32 38 214 38 40
26 32 39 214 38 40
26 32 40 214 38 40
26 32 41 214 38 40
26 32 42 214 38 40
26 32 43 214 38 40
26 32 44 214 38 40
26 32 45 214 38 40
26 32 46 214 38 40
26 32 47 214 38 40
26 32 48 214 38 40
26 32 49 214 38 40
26 32 50 214 38 40
26 32 51 214 38 40
26 32 52 214 38 40
26 32 53 214 38 40
26 32 54 214 38 40
26 32 56 214 38 40
26 33 33 214 38 40
26 33 34 214 38 40
26 33 35 214 38 40
26 33 44 214 38 40
26 33 45 214 38 40
26 33 52 214 38 40
26 33 56 214 38 40
26 33 57 214 38 40
27 0 38 43 160 4
27 0 39 43 160 4
27 0 40 43 160 4
27 0 41 43 160 4
27 0 42 43 160 4
27 0 43 43 160 4
27 0 44 43 160 4
27 0 45 43 160 4
27 0 46 43 160 4
27 0 47 43 160 4
27 0 48 43 160 4
27 0 49 43 160 4
27 0 50 43 160 4
27 0 51 43 160 4
27 0 52 43 160 4
27 0 53 43 160 4
27 0 54 43 160 4
27 0 55 43 160 4
27 0 56 43 160 4
27 0 57 43 160 4
27 0 58 43 160 4
27 0 59 43 160 4
27 1 50 255 127 12
27 1 51 255 127 12
27 1 52 255 127 12
27 1 53 255 127 12
27 1 54 255 127 12
27 1 55 255 127 12
27 1 56 255 127 12
27 2 34 255 127 12
27 2 40 147 102 188
27 2 50 255 127 12
27 2 51 255 127 12
27 2 52 255 127 12
27 2 53 255 127 12
27 2 54 255 127 12
27 2 55 255 127 12
27 3 31 255 127 12
27 3 32 255 127 12
27 3 50 255 127 12
27 3 51 255 127 12
27 3 52 255 127 12
27 3 53 255 127 12
27 3 54 255 127 12
27 3 55 255 127 12
27 4 30 255 127 12
27 4 49 255 127 12
27 4 50 255 127 12
27 4 51 255 127 12
27 4 52 255 127 12
27 4 53 255 127 12
27 4 54 255 127 12
27 4 55 255 127 12
27 5 27 30 119 181
27 5 28 30 119 181
27 5 29 30 119 181
27 5 32 30 119 181
27 5 33 30 119 181
27 5 34 30 119 181
27 5 35 30 119 181
27 5 52 255 127 12
27 5 53 255 127 12
27 5 54 255 127 12
27 5 55 255 127 12
27 6 24 30 119 181
27 6 25 30 119 181
27 6 26 30 119 181
27 6 27 196 175 214
27 6 28 196 175 214
27 6 29 196 175 214
27 6 30 196 175 214
27 6 31 196 175 214
27 6 32 30 119 181
27 6 33 30 119 181
27 6 34 30 119 181
27 6 35 30 119 181
27 6 36 204 204 91
27 6 37 204 204 91
27 6 48 255 127 12
27 6 49 255 127 12
27 6 50 255 127 12
27 6 52 255 127 12
27 6 53 255 127 12
27 6 54 255 127 12
27 6 55 255 127 12
27 7 28 196 175 214
27 7 29 196 175 214
27 7 30 196 175 214
27 7 31 196 175 214
27 7 32 196 175 214
27 7 36 204 204 91
27 7 37 204 204 91
27 7 44 147 102 188
27 7 45 147 102 188
27 7 46 255 127 12
27 7 47 255 127 12
27 7 48 255 127 12
27 7 49 255 127 12
27 7 50 255 127 12
27 7 52 255 127 12
27 7 53 255 127 12
27 7 54 255 127 12
27 7 55 255 127 12
27 8 36 147 102 188
27 8 37 147 102 188
27 8 38 147 102 188
27 8 40 147 102 188
27 8 41 147 102 188
27 8 49 255 127 12
27 8 50 255 127 12
27 8 53 255 127 12
27 8 54 255 127 12
27 8 55 255 127 12
27 8 56 255 127 12
27 8 57 255 127 12
27 9 37 147 102 188
27 9 38 147 102 188
27 9 49 255 127 12
27 9 50 255 127 12
27 9 51 255 127 12
27 9 52 255 127 12
27 9 56 255 127 12
27 10 51 255 127 12
27 10 52 255 127 12
27 10 53 255 127 12
27 10 54 255 127 12
27 10 55 255 127 12
27 11 54 196 175 214
27 11 55 196 175 214
27 11 56 255 127 12
27 12 55 196 175 214
27 12 56 196 175 214
27 12 57 114 158 206
27 13 56 196 175 214
27 13 57 114 158 206
27 13 58 114 158 206
27 13 59 114 158 206
27 23 56 114 158 206
27 23 57 114 158 206
27 23 58 114 158 206
27 23 59 114 158 206
27 24 55 114 158 206
27 24 56 114 158 206
27 24 57 114 158 206
27 24 58 114 158 206
27 24 59 114 158 206
27 25 55 114 158 206
27 25 56 158 216 229
27 25 57 114 158 206
27 26 55 114 158 206
27 26 56 158 216 229
27 26 57 158 216 229
27 27 53 114 158 206
27 27 54 114 158 206
27 27 55 114 158 206
27 27 56 158 216 229
27 28 50 114 158 206
27 28 51 114 158 206
27 28 52 114 158 206
27 28 53 114 158 206
27 28 54 114 158 206
27 28 55 114 158 206
27 28 56 114 158 206
27 29 50 196 175 214
27 29 51 196 175 214
27 29 52 196 175 214
27 30 51 196 175 214
27 30 52 196 175 214
27 30 53 196 175 214
27 31 31 214 38 40
27 31 32 214 38 40
27 31 45 214 38 40
27 31 46 214 38 40
27 31 48 214 38 40
27 31 49 214 38 40
27 31 50 214 38 40
27 31 51 214 38 40
27 31 52 214 38 40
27 31 53 214 38 40
27 31 54 214 38 40
27 31 55 214 38 40
27 32 31 214 38 40
27 32 32 214 38 40
27 32 33 214 38 40
27 32 34 214 38 40
27 32 35 214 38 40
27 32 36 214 38 40
27 32 37 214 38 40
27 32 38 214 38 40
27 32 39 214 38 40
27 32 40 214 38 40
27 32 41 214 38 40
27 32 42 214 38 40
27 32 43 214 38 40
27 32 44 214 38 40
27 32 45 214 38 40
27 32 46 214 38 40
27 32 47 214 38 40
27 32 48 214 38 40
27 32 53 214 38 40
27 32 54 214 38 40
27 32 55 214 38 40
27 32 57 214 38 40
27 33 33 214 38 40
27 33 34 214 38 40
27 33 35 214 38 40
27 33 36 214 38 40
27 33 37 214 38 40
27 33 58 214 38 40
27 33 59 214 38 40
28 0 38 43 160 4
28 0 39 43 160 4
28 0 40 43 160 4
28 0 41 43 160 4
28 0 42 43 160 4
28 0 43 43 160 4
28 0 44 43 160 4
28 0 45 43 160 4
28 0 46 43 160 4
28 0 47 43 160 4
28 0 48 43 160 4
28 0 49 43 160 4
28 0 50 43 160 4
28 0 51 43 160 4
28 0 52 43 160 4
28 0 53 43 160 4
28 0 54 43 160 4
28 0 55 43 160 4
28 0 56 43 160 4
28 0 57 43 160 4
28 0 58 43 160 4
28 0 59 43 160 4
28 1 50 255 127 12
28 1 51 255 127 12
28 1 52 255 127 12
28 1 53 255 127 12
28 1 54 255 127 12
28 1 55 255 127 12
28 1 56 255 127 12
28 1 59 255 127 12
28 2 52 255 127 12
28 2 53 255 127 12
28 2 54 255 127 12
28 2 55 255 127 12
28 2 56 255 127 12
28 3 31 255 127 12
28 3 50 255 127 12
28 3 53 255 127 12
28 3 54 255 127 12
28 3 55 255 127 12
28 4 33 255 127 12
28 4 36 255 127 12
28 4 50 255 127 12
28 4 53 255 127 12
28 4 54 255 127 12
28 4 55 255 127 12
28 5 27 30 119 181
28 5 28 30 119 181
28 5 29 30 119 181
28 5 33 30 119 181
28 5 34 30 119 181
28 5 35 30 119 181
28 5 46 255 127 12
28 5 47 255 127 12
28 5 50 255 127 12
28 5 51 255 127 12
28 5 53 255 127 12
28 5 54 255 127 12
28 5 55 255 127 12
28 6 24 30 119 181
28 6 25 30 119 181
28 6 26 30 119 181
28 6 27 196 175 214
28 6 28 196 175 214
28 6 29 196 175 214
28 6 30 196 175 214
28 6 31 196 175 214
28 6 32 30 119 181
28 6 33 30 119 181
28 6 34 30 119 181
28 6 35 30 119 181
28 6 36 30 119 181
28 6 48 255 127 12
28 6 49 255 127 12
28 6 50 255 127 12
28 6 51 255 127 12
28 6 53 255 127 12
28 6 54 255 127 12
28 6 55 255 127 12
28 7 28 196 175 214
28 7 29 196 175 214
28 7 30 196 175 214
28 7 34 196 175 214
28 7 35 196 175 214
28 7 36 196 175 214
28 7 37 196 175 214
28 7 43 147 102 188
28 7 44 147 102 188
28 7 45 255 127 12
28 7 46 255 127 12
28 7 50 255 127 12
28 7 51 255 127 12
28 7 52 255 127 12
28 7 53 255 127 12
28 7 54 255 127 12
28 7 55 255 127 12
28 8 27 196 175 214
28 8 36 196 175 214
28 8 37 196 175 214
28 8 40 147 102 188
28 8 50 255 127 12
28 8 51 255 127 12
28 8 53 255 127 12
28 8 54 255 127 12
28 8 55 255 127 12
28 8 56 255 127 12
28 8 57 255 127 12
28 9 27 196 175 214
28 9 37 196 175 214
28 9 50 255 127 12
28 9 51 255 127 12
28 9 52 255 127 12
28 9 53 255 127 12
28 9 56 255 127 12
28 10 52 255 127 12
28 10 53 255 127 12
28 10 54 255 127 12
28 10 55 255 127 12
28 11 54 196 175 214
28 11 55 196 175 214
28 12 54 196 175 214
28 12 55 196 175 214
28 12 56 196 175 214
28 12 57 196 175 214
28 13 56 196 175 214
28 13 57 196 175 214
28 13 58 196 175 214
28 13 59 255 127 12
28 14 59 114 158 206
28 23 57 114 158 206
28 23 58 114 158 206
28 23 59 114 158 206
28 24 56 158 216 229
28 24 57 114 158 206
28 24 58 114 158 206
28 24 59 114 158 206
28 25 56 158 216 229
28 25 57 158 216 229
28 26 56 158 216 229
28 26 57 158 216 229
28 27 53 114 158 206
28 27 54 114 158 206
28 27 55 114 158 206
28 27 56 158 216 229
28 27 57 158 216 229
28 28 51 114 158 206
28 28 52 114 158 206
28 28 53 114 158 206
28 28 54 114 158 206
28 28 55 114 158 206
28 28 56 114 158 206
28 29 51 196 175 214
28 29 52 196 175 214
28 29 53 114 158 206
28 30 52 114 158 206
28 30 53 114 158 206
28 30 54 114 158 206
28 31 46 214 38 40
28 31 47 214 38 40
28 31 48 214 38 40
28 31 49 214 38 40
28 31 53 214 38 40
28 31 54 214 38 40
28 31 55 214 38 40
28 32 31 214 38 40
28 32 32 214 38 40
28 32 33 214 38 40
28 32 34 214 38 40
28 32 35 214 38 40
28 32 36 214 38 40
28 32 37 214 38 40
28 32 38 214 38 40
28 32 39 214 38 40
28 32 40 214 38 40
28 32 41 214 38 40
28 32 42 214 38 40
28 32 43 214 38 40
28 32 44 214 38 40
28 32 45 214 38 40
28 32 46 214 38 40
28 32 47 214 38 40
28 32 48 214 38 40
28 32 49 214 38 40
28 32 50 214 38 40
28 32 51 214 38 40
28 32 52 214 38 40
28 32 53 214 38 40
28 32 54 214 38 40
28 32 55 214 38 40
28 32 56 214 38 40
28 33 33 214 38 40
28 33 34 214 38 40
28 33 35 214 38 40
28 33 39 214 38 40
28 33 45 214 38 40
28 33 46 214 38 40
28 33 49 214 38 40
28 33 50 214 38 40
28 33 51 214 38 40
28 33 52 214 38 40
28 33 53 214 38 40
28 33 54 214 38 40
28 33 55 214 38 40
28 33 56 214 38 40
28 33 58 214 38 40
29 0 38 43 160 4
29 0 39 43 160 4
29 0 40 43 160 4
29 0 41 43 160 4
29 0 42 43 160 4
29 0 43 43 160 4
29 0 44 43 160 4
29 0 45 43 160 4
29 0 46 43 160 4
29 0 47 43 160 4
29 0 48 43 160 4
29 0 49 43 160 4
29 0 50 43 160 4
29 0 51 43 160 4
29 0 52 43 160 4
29 0 53 43 160 4
29 0 54 43 160 4
29 0 55 43 160 4
29 0 56 43 160 4
29 0 57 43 160 4
29 0 58 43 160 4
29 0 59 43 160 4
29 1 49 255 127 12
29 1 50 255 127 12
29 1 51 255 127 12
29 1 52 255 127 12
29 1 53 255 127 12
29 1 54 255 127 12
29 1 55 255 127 12
29 1 56 255 127 12
29 2 49 255 127 12
29 2 52 255 127 12
29 2 53 255 127 12
29 2 54 255 127 12
29 2 55 255 127 12
29 2 56 255 127 12
29 3 31 255 127 12
29 3 50 255 127 12
29 3 51 255 127 12
29 3 53 255 127 12
29 3 54 255 127 12
29 3 55 255 127 12
29 3 56 255 127 12
29 4 34 255 127 12
29 4 48 255 127 12
29 4 49 255 127 12
29 4 50 255 127 12
29 4 51 255 127 12
29 4 53 255 127 12
29 4 54 255 127 12
29 4 55 255 127 12
29 5 27 30 119 181
29 5 28 30 119 181
29 5 32 30 119 181
29 5 50 255 127 12
29 5 51 255 127 12
29 5 53 255 127 12
29 5 54 255 127 12
29 5 55 255 127 12
29 6 24 30 119 181
29 6 25 30 119 181
29 6 26 30 119 181
29 6 27 196 175 214
29 6 28 196 175 214
29 6 29 196 175 214
29 6 34 30 119 181
29 6 40 147 102 188
29 6 50 255 127 12
29 6 51 255 127 12
29 6 53 255 127 12
29 6 54 255 127 12
29 6 55 255 127 12
29 7 27 196 175 214
29 7 28 196 175 214
29 7 29 196 175 214
29 7 33 196 175 214
29 7 35 196 175 214
29 7 36 196 175 214
29 7 37 196 175 214
29 7 50 255 127 12
29 7 51 255 127 12
29 7 53 255 127 12
29 7 54 255 127 12
29 7 55 255 127 12
29 8 27 196 175 214
29 8 28 196 175 214
29 8 32 196 175 214
29 8 36 196 175 214
29 8 37 196 175 214
29 8 50 255 127 12
29 8 51 255 127 12
29 8 54 255 127 12
29 8 55 255 127 12
29 8 56 255 127 12
29 8 57 255 127 12
29 9 27 196 175 214
29 9 28 196 175 214
29 9 29 196 175 214
29 9 50 255 127 12
29 9 51 255 127 12
29 9 52 255 127 12
29 9 53 255 127 12
29 9 54 255 127 12
29 9 56 255 127 12
29 9 57 255 127 12
29 10 51 255 127 12
29 10 52 255 127 12
29 10 53 255 127 12
29 10 54 255 127 12
29 10 55 255 127 12
29 10 57 255 127 12
29 11 53 196 175 214
29 11 54 196 175 214
29 11 55 196 175 214
29 12 53 196 175 214
29 12 54 196 175 214
29 12 55 196 175 214
29 12 56 196 175 214
29 12 57 196 175 214
29 13 56 196 175 214
29 13 57 196 175 214
29 13 58 114 158 206
29 13 59 196 175 214
29 14 58 114 158 206
29 14 59 114 158 206
29 23 57 114 158 206
29 23 58 114 158 206
29 23 59 114 158 206
29 24 57 114 158 206
29 24 58 114 158 206
29 24 59 114 158 206
29 25 56 158 216 229
29 25 57 158 216 229
29 26 56 158 216 229
29 26 57 158 216 229
29 27 55 114 158 206
29 27 56 114 158 206
29 27 57 114 158 206
29 28 51 114 158 206
29 28 52 114 158 206
29 28 53 114 158 206
29 28 54 114 158 206
29 28 55 114 158 206
29 28 56 114 158 206
29 29 52 114 158 206
29 29 53 114 158 206
29 29 54 114 158 206
29 29 55 114 158 206
29 30 53 114 158 206
29 30 54 114 158 206
29 30 55 114 158 206
29 31 34 214 38 40
29 31 54 214 38 40
29 31 55 214 38 40
29 31 56 214 38 40
29 32 31 214 38 40
29 32 32 214 38 40
29 32 33 214 38 40
29 32 34 214 38 40
29 32 35 214 38 40
29 32 36 214 38 40
29 32 37 214 38 40
29 32 38 214 38 40
29 32 39 214 38 40
29 32 40 214 38 40
29 32 41 214 38 40
29 32 42 214 38 40
29 32 43 214 38 40
29 32 44 214 38 40
29 32 45 214 38 40
29 32 46 214 38 40
29 32 47 214 38 40
29 32 48 214 38 40
29 32 49 214 38 40
29 32 50 214 38 40
29 32 51 214 38 40
29 32 52 214 38 40
29 32 53 214 38 40
29 32 54 214 38 40
29 32 55 214 38 40
29 32 56 214 38 40
29 33 33 214 38 40
29 33 34 214 38 40
29 33 41 214 38 40
29 33 42 214 38 40
29 33 44 214 38 40
29 33 45 214 38 40
29 33 46 214 38 40
29 33 47 214 38 40
29 33 48 214 38 40
29 33 49 214 38 40
29 33 50 214 38 40
29 33 52 214 38 40
29 33 53 214 38 40
29 33 54 214 38 40
29 33 55 214 38 40
29 33 56 214 38 40
29 33 58 214 38 40
29 33 59 214 38 40
30 0 38 43 160 4
30 0 39 43 160 4
30 0 40 43 160 4
30 0 41 43 160 4
30 0 42 43 160 4
30 0 43 43 160 4
30 0 44 43 160 4
30 0 45 43 160 4
30 0 46 43 160 4
30 0 48 43 160 4
30 0 49 43 160 4
30 0 50 43 160 4
30 0 51 43 160 4
30 0 52 43 160 4
30 0 53 43 160 4
30 0 54 43 160 4
30 0 55 43 160 4
30 0 56 43 160 4
30 0 57 43 160 4
30 0 58 43 160 4
30 0 59 43 160 4
30 1 52 255 127 12
30 1 53 255 127 12
30 1 54 255 127 12
30 1 55 255 127 12
30 1 56 255 127 12
30 1 57 255 127 12
30 2 50 255 127 12
30 2 51 255 127 12
30 2 54 255 127 12
30 2 55 255 127 12
30 2 56 255 127 12
30 3 50 255 127 12
30 3 51 255 127 12
30 3 53 255 127 12
30 3 54 255 127 12
30 3 55 255 127 12
30 3 56 255 127 12
30 4 31 255 127 12
30 4 47 255 127 12
30 4 50 255 127 12
30 4 51 255 127 12
30 4 53 255 127 12
30 4 54 255 127 12
30 4 55 255 127 12
30 4 56 255 127 12
30 5 27 30 119 181
30 5 28 30 119 181
30 5 29 30 119 181
30 5 30 30 119 181
30 5 33 30 119 181
30 5 34 30 119 181
30 5 35 30 119 181
30 5 36 30 119 181
30 5 37 30 119 181
30 5 43 255 127 12
30 5 50 255 127 12
30 5 51 255 127 12
30 5 53 255 127 12
30 5 54 255 127 12
30 5 55 255 127 12
30 5 56 255 127 12
30 6 27 30 119 181
30 6 28 196 175 214
30 6 29 196 175 214
30 6 30 30 119 181
30 6 31 30 119 181
30 6 39 30 119 181
30 6 51 255 127 12
30 6 53 255 127 12
30 6 54 255 127 12
30 6 55 255 127 12
30 6 56 255 127 12
30 7 27 196 175 214
30 7 28 196 175 214
30 7 29 196 175 214
30 7 30 196 175 214
30 7 34 196 175 214
30 7 35 30 119 181
30 7 36 30 119 181
30 7 50 255 127 12
30 7 51 255 127 12
30 7 53 255 127 12
30 7 54 255 127 12
30 7 55 255 127 12
30 7 56 255 127 12
30 7 57 255 127 12
30 8 27 196 175 214
30 8 28 196 175 214
30 8 29 196 175 214
30 8 30 196 175 214
30 8 31 196 175 214
30 8 32 196 175 214
30 8 50 255 127 12
30 8 51 255 127 12
30 8 55 255 127 12
30 8 56 255 127 12
30 8 57 255 127 12
30 9 27 196 175 214
30 9 28 196 175 214
30 9 50 255 127 12
30 9 51 255 127 12
30 9 52 255 127 12
30 9 53 255 127 12
30 9 54 255 127 12
30 9 57 255 127 12
30 10 52 255 127 12
30 10 53 255 127 12
30 10 54 255 127 12
30 10 55 255 127 12
30 10 56 255 127 12
30 11 54 196 175 214
30 11 55 196 175 214
30 11 56 196 175 214
30 11 57 196 175 214
30 11 59 255 127 12
30 12 54 196 175 214
30 12 55 196 175 214
30 12 56 196 175 214
30 12 57 196 175 214
30 12 58 196 175 214
30 13 57 196 175 214
30 13 58 114 158 206
30 14 57 114 158 206
30 14 58 114 158 206
30 14 59 114 158 206
30 15 59 114 158 206
30 17 59 114 158 206
30 20 59 114 158 206
30 21 59 114 158 206
30 22 59 114 158 206
30 23 57 114 158 206
30 23 58 114 158 206
30 23 59 114 158 206
30 24 57 114 158 206
30 24 58 114 158 206
30 24 59 114 158 206
30 25 56 114 158 206
30 25 57 114 158 206
30 26 56 114 158 206
30 26 57 114 158 206
30 27 56 114 158 206
30 27 57 114 158 206
30 28 54 114 158 206
30 28 55 114 158 206
30 28 56 114 158 206
30 29 54 114 158 206
30 29 55 114 158 206
30 29 56 114 158 206
30 30 54 114 158 206
30 30 55 114 158 206
30 30 56 114 158 206
30 31 33 214 38 40
30 31 34 214 38 40
30 31 55 214 38 40
30 31 56 114 158 206
30 32 31 214 38 40
30 32 32 214 38 40
30 32 33 214 38 40
30 32 34 214 38 40
30 32 35 214 38 40
30 32 36 214 38 40
30 32 37 214 38 40
30 32 38 214 38 40
30 32 39 214 38 40
30 32 40 214 38 40
30 32 41 214 38 40
30 32 42 214 38 40
30 32 43 214 38 40
30 32 44 214 38 40
30 32 45 214 38 40
30 32 46 214 38 40
30 32 47 214 38 40
30 32 48 214 38 40
30 32 49 214 38 40
30 32 50 214 38 40
30 32 51 214 38 40
30 32 52 214 38 40
30 32 53 214 38 40
30 32 54 214 38 40
30 32 55 214 38 40
30 32 56 214 38 40
30 32 57 214 38 40
30 33 33 214 38 40
30 33 34 214 38 40
30 33 35 214 38 40
30 33 41 214 38 40
30 33 42 214 38 40
30 33 43 214 38 40
30 33 44 214 38 40
30 33 45 214 38 40
30 33 46 214 38 40
30 33 47 214 38 40
30 33 49 214 38 40
30 33 50 214 38 40
30 33 51 214 38 40
30 33 52 214 38 40
30 33 53 214 38 40
30 33 54 214 38 40
30 33 55 214 38 40
30 33 56 214 38 40
30 33 58 214 38 40
30 34 35 214 38 40
31 0 38 43 160 4
31 0 39 43 160 4
31 0 40 43 160 4
31 0 41 43 160 4
31 0 42 43 160 4
31 0 43 43 160 4
31 0 44 43 160 4
31 0 45 43 160 4
31 1 46 43 160 4
31 1 50 255 127 12
31 1 51 255 127 12
31 1 52 255 127 12
31 1 57 255 127 12
31 2 44 147 102 188
31 2 46 255 127 12
31 2 47 255 127 12
31 2 48 255 127 12
31 2 49 255 127 12
31 2 50 255 127 12
31 2 51 255 127 12
31 2 52 255 127 12
31 2 54 255 127 12
31 2 55 255 127 12
31 2 56 255 127 12
31 3 50 255 127 12
31 3 51 255 127 12
31 3 53 255 127 12
31 3 54 255 127 12
31 3 55 255 127 12
31 3 56 255 127 12
31 4 29 255 127 12
31 4 38 255 127 12
31 4 50 255 127 12
31 4 51 255 127 12
31 4 53 255 127 12
31 4 54 255 127 12
31 4 55 255 127 12
31 4 56 255 127 12
31 5 27 30 119 181
31 5 28 30 119 181
31 5 29 30 119 181
31 5 30 30 119 181
31 5 31 30 119 181
31 5 33 30 119 181
31 5 35 30 119 181
31 5 50 255 127 12
31 5 51 255 127 12
31 5 53 255 127 12
31 5 54 255 127 12
31 5 55 255 127 12
31 5 56 255 127 12
31 6 27 30 119 181
31 6 28 30 119 181
31 6 29 30 119 181
31 6 30 30 119 181
31 6 31 30 119 181
31 6 32 30 119 181
31 6 51 255 127 12
31 6 53 255 127 12
31 6 54 255 127 12
31 6 55 255 127 12
31 7 28 196 175 214
31 7 51 255 127 12
31 7 53 255 127 12
31 7 54 255 127 12
31 7 55 255 127 12
31 7 56 255 127 12
31 7 57 255 127 12
31 8 51 255 127 12
31 8 55 255 127 12
31 8 56 255 127 12
31 8 57 255 127 12
31 9 51 255 127 12
31 9 52 255 127 12
31 9 53 255 127 12
31 9 54 255 127 12
31 9 57 255 127 12
31 10 53 255 127 12
31 10 54 255 127 12
31 10 55 255 127 12
31 10 56 255 127 12
31 11 54 196 175 214
31 11 55 196 175 214
31 11 56 196 175 214
31 11 57 196 175 214
31 12 56 196 175 214
31 12 57 114 158 206
31 12 58 114 158 206
31 13 56 114 158 206
31 13 57 114 158 206
31 13 58 114 158 206
31 14 56 114 158 206
31 14 57 114 158 206
31 14 58 114 158 206
31 14 59 114 158 206
31 15 57 114 158 206
31 15 58 114 158 206
31 15 59 114 158 206
31 16 57 114 158 206
31 16 58 114 158 206
31 16 59 114 158 206
31 17 57 114 158 206
31 17 58 114 158 206
31 17 59 114 158 206
31 18 57 114 158 206
31 18 58 114 158 206
31 18 59 114 158 206
31 19 57 114 158 206
31 19 58 114 158 206
31 19 59 114 158 206
31 20 7 158 216 229
31 20 57 114 158 206
31 20 58 114 158 206
31 20 59 114 158 206
31 21 56 114 158 206
31 21 57 114 158 206
31 21 58 114 158 206
31 21 59 114 158 206
31 22 56 114 158 206
31 22 57 114 158 206
31 22 58 114 158 206
31 22 59 114 158 206
31 23 56 114 158 206
31 23 57 114 158 206
31 23 58 114 158 206
31 23 59 114 158 206
31 24 56 114 158 206
31 24 57 114 158 206
31 25 56 114 158 206
31 25 57 114 158 206
31 26 56 114 158 206
31 26 57 114 158 206
31 27 56 114 158 206
31 27 57 114 158 206
31 28 55 114 158 206
31 28 56 114 158 206
31 28 57 114 158 206
31 29 55 114 158 206
31 29 56 114 158 206
31 29 57 114 158 206
31 30 55 114 158 206
31 30 56 114 158 206
31 30 57 114 158 206
31 31 55 114 158 206
31 31 56 114 158 206
31 32 31 214 38 40
31 32 32 214 38 40
31 32 33 214 38 40
31 32 34 214 38 40
31 32 35 214 38 40
31 32 36 214 38 40
31 32 37 214 38 40
31 32 38 214 38 40
31 32 39 214 38 40
31 32 40 214 38 40
31 32 41 214 38 40
31 32 42 214 38 40
31 32 43 214 38 40
31 32 44 214 38 40
31 32 45 214 38 40
31 32 46 214 38 40
31 32 47 214 38 40
31 32 48 214 38 40
31 32 49 214 38 40
31 32 50 214 38 40
31 32 51 214 38 40
31 32 52 214 38 40
31 32 53 214 38 40
31 32 54 214 38 40
31 32 55 214 38 40
31 32 56 214 38 40
31 32 57 214 38 40
31 33 33 214 38 40
31 33 34 214 38 40
31 33 35 214 38 40
31 33 36 214 38 40
31 33 37 214 38 40
31 33 38 214 38 40
31 33 39 214 38 40
31 33 40 214 38 40
31 33 41 214 38 40
31 33 42 214 38 40
31 33 45 214 38 40
31 33 46 214 38 40
31 33 47 214 38 40
31 33 48 214 38 40
31 33 49 214 38 40
31 33 50 214 38 40
31 33 51 214 38 40
31 33 52 214 38 40
31 33 53 214 38 40
31 33 54 214 38 40
31 33 55 214 38 40
31 33 56 214 38 40
31 33 58 214 38 40
31 34 35 214 38 40
32 0 38 43 160 4
32 0 39 43 160 4
32 0 40 43 160 4
32 0 41 43 160 4
32 0 42 43 160 4
32 0 43 43 160 4
32 0 44 43 160 4
32 0 45 43 160 4
32 0 52 43 160 4
32 0 53 43 160 4
32 0 54 43 160 4
32 0 55 43 160 4
32 0 56 43 160 4
32 0 57 43 160 4
32 0 58 43 160 4
32 0 59 43 160 4
32 1 46 43 160 4
32 1 47 196 175 214
32 1 48 196 175 214
32 1 49 196 175 214
32 1 50 255 127 12
32 1 51 255 127 12
32 1 53 255 127 12
32 1 54 255 127 12
32 1 55 255 127 12
32 1 56 255 127 12
32 2 44 147 102 188
32 2 47 255 127 12
32 2 48 255 127 12
32 2 49 255 127 12
32 2 50 255 127 12
32 2 51 255 127 12
32 2 52 255 127 12
32 2 54 255 127 12
32 2 55 255 127 12
32 3 51 255 127 12
32 3 52 255 127 12
32 3 54 255 127 12
32 3 55 255 127 12
32 4 29 255 127 12
32 4 38 30 119 181
32 4 51 255 127 12
32 4 52 255 127 12
32 4 54 255 127 12
32 4 55 255 127 12
32 5 27 30 119 181
32 5 28 30 119 181
32 5 29 30 119 181
32 5 30 30 119 181
32 5 31 30 119 181
32 5 33 30 119 181
32 5 34 30 119 181
32 5 51 255 127 12
32 5 52 255 127 12
32 5 54 255 127 12
32 5 55 255 127 12
32 6 27 30 119 181
32 6 30 30 119 181
32 6 31 30 119 181
32 6 32 30 119 181
32 6 33 30 119 181
32 6 51 255 127 12
32 6 52 114 158 206
32 6 54 255 127 12
32 6 55 255 127 12
32 7 31 196 175 214
32 7 51 255 127 12
32 7 52 255 127 12
32 7 54 255 127 12
32 7 55 255 127 12
32 8 51 114 158 206
32 8 52 114 158 206
32 8 55 255 127 12
32 8 56 255 127 12
32 9 51 114 158 206
32 9 52 114 158 206
32 9 53 255 127 12
32 9 54 255 127 12
32 9 56 255 127 12
32 10 53 114 158 206
32 10 54 114 158 206
32 10 55 114 158 206
32 11 54 114 158 206
32 11 55 114 158 206
32 11 56 114 158 206
32 11 57 114 158 206
32 12 55 114 158 206
32 12 56 114 158 206
32 12 57 114 158 206
32 13 55 114 158 206
32 13 56 114 158 206
32 13 57 114 158 206
32 13 59 114 158 206
32 14 55 114 158 206
32 14 56 114 158 206
32 14 57 114 158 206
32 15 55 114 158 206
32 15 56 114 158 206
32 15 57 114 158 206
32 15 58 114 158 206
32 16 55 114 158 206
32 16 56 114 158 206
32 16 57 114 158 206
32 16 58 114 158 206
32 17 56 114 158 206
32 17 57 114 158 206
32 18 55 114 158 206
32 18 56 114 158 206
32 18 57 114 158 206
32 18 58 114 158 206
32 19 55 114 158 206
32 19 56 114 158 206
32 19 57 114 158 206
32 19 58 114 158 206
32 20 7 158 216 229
32 20 8 158 216 229
32 20 55 114 158 206
32 20 56 114 158 206
32 20 57 114 158 206
32 21 55 114 158 206
32 21 56 114 158 206
32 21 57 114 158 206
32 22 55 114 158 206
32 22 56 114 158 206
32 22 57 114 158 206
32 23 55 114 158 206
32 23 56 114 158 206
32 23 57 114 158 206
32 24 55 114 158 206
32 24 56 114 158 206
32 24 57 114 158 206
32 25 55 114 158 206
32 25 56 114 158 206
32 25 57 114 158 206
32 26 55 114 158 206
32 26 56 114 158 206
32 26 57 114 158 206
32 27 54 114 158 206
32 27 55 114 158 206
32 27 56 114 158 206
32 27 57 114 158 206
32 28 54 114 158 206
32 28 55 114 158 206
32 28 56 114 158 206
32 28 57 114 158 206
32 29 54 114 158 206
32 29 55 114 158 206
32 29 56 114 158 206
32 30 54 114 158 206
32 30 55 114 158 206
32 30 56 114 158 206
32 31 37 214 38 40
32 31 38 214 38 40
32 31 39 214 38 40
32 31 54 114 158 206
32 31 55 114 158 206
32 31 56 114 158 206
32 32 31 214 38 40
32 32 32 214 38 40
32 32 33 214 38 40
32 32 34 214 38 40
32 32 35 214 38 40
32 32 36 214 38 40
32 32 37 214 38 40
32 32 38 214 38 40
32 32 39 214 38 40
32 32 40 214 38 40
32 32 41 214 38 40
32 32 42 214 38 40
32 32 43 214 38 40
32 32 44 214 38 40
32 32 45 214 38 40
32 32 46 214 38 40
32 32 47 214 38 40
32 32 48 214 38 40
32 32 49 214 38 40
32 32 50 214 38 40
32 32 51 214 38 40
32 32 52 214 38 40
32 32 53 214 38 40
32 32 54 114 158 206
32 32 55 114 158 206
32 32 56 114 158 206
32 33 33 214 38 40
32 33 34 214 38 40
32 33 35 214 38 40
32 33 36 214 38 40
32 33 37 214 38 40
32 33 41 214 38 40
32 33 42 214 38 40
32 33 43 214 38 40
32 33 44 214 38 40
32 33 45 214 38 40
32 33 46 214 38 40
32 33 47 214 38 40
32 33 48 214 38 40
32 33 49 214 38 40
32 33 50 214 38 40
32 33 51 214 38 40
32 33 52 214 38 40
32 33 53 214 38 40
32 33 54 214 38 40
32 33 55 214 38 40
32 34 35 214 38 40
33 0 38 43 160 4
33 0 39 43 160 4
33 0 40 43 160 4
33 0 41 43 160 4
33 0 42 43 160 4
33 0 43 43 160 4
33 0 44 43 160 4
33 0 45 43 160 4
33 0 52 43 160 4
33 0 53 43 160 4
33 0 54 43 160 4
33 0 55 43 160 4
33 0 56 43 160 4
33 0 57 43 160 4
33 0 58 43 160 4
33 0 59 43 160 4
33 1 47 196 175 214
33 1 48 196 175 214
33 1 49 196 175 214
33 1 50 255 127 12
33 1 51 255 127 12
33 2 46 255 127 12
33 2 49 255 127 12
33 2 50 255 127 12
33 2 51 255 127 12
33 2 52 114 158 206
33 3 51 255 127 12
33 3 52 114 158 206
33 4 29 30 119 181
33 4 39 255 127 12
33 4 51 114 158 206
33 4 52 114 158 206
33 4 54 114 158 206
33 5 27 30 119 181
33 5 28 30 119 181
33 5 29 30 119 181
33 5 30 30 119 181
33 5 31 30 119 181
33 5 33 30 119 181
33 5 34 30 119 181
33 5 35 30 119 181
33 5 36 30 119 181
33 5 51 114 158 206
33 5 52 114 158 206
33 5 54 114 158 206
33 6 30 30 119 181
33 6 31 30 119 181
33 6 32 30 119 181
33 6 33 30 119 181
33 6 51 114 158 206
33 6 52 114 158 206
33 6 54 114 158 206
33 7 51 114 158 206
33 7 52 114 158 206
33 7 54 114 158 206
33 7 55 114 158 206
33 8 51 114 158 206
33 8 52 114 158 206
33 8 55 114 158 206
33 9 52 114 158 206
33 9 53 114 158 206
33 9 54 114 158 206
33 9 55 114 158 206
33 10 53 114 158 206
33 10 54 114 158 206
33 10 55 114 158 206
33 10 57 114 158 206
33 11 54 114 158 206
33 11 55 114 158 206
33 11 56 114 158 206
33 12 54 114 158 206
33 12 55 114 158 206
33 12 56 114 158 206
33 13 54 114 158 206
33 13 55 114 158 206
33 13 56 114 158 206
33 14 54 114 158 206
33 14 55 114 158 206
33 14 56 114 158 206
33 15 54 114 158 206
33 15 55 114 158 206
33 15 56 114 158 206
33 16 54 114 158 206
33 16 55 114 158 206
33 16 56 114 158 206
33 17 54 114 158 206
33 17 55 114 158 206
33 17 56 114 158 206
33 17 58 114 158 206
33 18 54 114 158 206
33 18 55 114 158 206
33 18 56 114 158 206
33 18 58 114 158 206
33 19 54 114 158 206
33 19 55 114 158 206
33 19 56 114 158 206
33 19 58 114 158 206
33 20 8 158 216 229
33 20 53 114 158 206
33 20 54 114 158 206
33 20 55 114 158 206
33 20 56 114 158 206
33 20 58 114 158 206
33 21 9 158 216 229
33 21 53 114 158 206
33 21 54 114 158 206
33 21 55 114 158 206
33 21 56 114 158 206
33 22 53 114 158 206
33 22 54 114 158 206
33 22 55 114 158 206
33 22 56 114 158 206
33 23 53 114 158 206
33 23 54 114 158 206
33 23 55 114 158 206
33 24 52 114 158 206
33 24 53 114 158 206
33 24 54 114 158 206
33 24 55 114 158 206
33 25 52 114 158 206
33 25 53 114 158 206
33 25 54 114 158 206
33 25 55 114 158 206
33 26 52 114 158 206
33 26 53 114 158 206
33 26 54 114 158 206
33 26 55 114 158 206
33 27 52 114 158 206
33 27 53 114 158 206
33 27 54 114 158 206
33 27 55 114 158 206
33 28 52 114 158 206
33 28 53 114 158 206
33 28 54 114 158 206
33 28 55 114 158 206
33 29 52 114 158 206
33 29 53 114 158 206
33 29 54 114 158 206
33 29 55 114 158 206
33 29 57 114 158 206
33 30 51 114 158 206
33 30 52 114 158 206
33 30 53 114 158 206
33 30 54 114 158 206
33 31 36 214 38 40
33 31 37 214 38 40
33 31 38 214 38 40
33 31 52 114 158 206
33 31 53 114 158 206
33 31 54 114 158 206
33 32 31 214 38 40
33 32 32 214 38 40
33 32 33 214 38 40
33 32 34 214 38 40
33 32 35 214 38 40
33 32 36 214 38 40
33 32 37 214 38 40
33 32 38 214 38 40
33 32 39 214 38 40
33 32 40 214 38 40
33 32 41 214 38 40
33 32 42 214 38 40
33 32 43 214 38 40
33 32 44 214 38 40
33 32 45 214 38 40
33 32 46 214 38 40
33 32 47 214 38 40
33 32 48 214 38 40
33 32 49 214 38 40
33 32 50 214 38 40
33 32 51 214 38 40
33 32 52 214 38 40
33 32 53 114 158 206
33 32 54 114 158 206
33 33 33 214 38 40
33 33 34 214 38 40
33 33 35 214 38 40
33 33 36 214 38 40
33 33 37 214 38 40
33 33 38 214 38 40
33 33 41 214 38 40
33 33 42 214 38 40
33 33 43 214 38 40
33 33 44 214 38 40
33 33 45 214 38 40
33 33 46 214 38 40
33 33 47 214 38 40
33 33 48 214 38 40
33 33 49 214 38 40
33 33 50 214 38 40
33 33 51 214 38 40
33 33 52 214 38 40
33 33 53 214 38 40
33 33 57 214 38 40
33 34 35 214 38 40
34 0 38 43 160 4
34 0 39 43 160 4
34 0 40 43 160 4
34 0 41 43 160 4
34 0 42 43 160 4
34 0 43 43 160 4
34 0 44 43 160 4
34 0 45 43 160 4
34 0 46 43 160 4
34 0 51 43 160 4
34 0 52 43 160 4
34 0 53 43 160 4
34 0 54 43 160 4
34 0 55 43 160 4
34 0 56 43 160 4
34 0 57 43 160 4
34 0 58 43 160 4
34 0 59 43 160 4
34 1 48 196 175 214
34 1 49 114 158 206
34 1 50 158 216 229
34 1 51 114 158 206
34 2 46 114 158 206
34 2 48 196 175 214
34 2 49 114 158 206
34 2 50 114 158 206
34 2 51 114 158 206
34 2 52 114 158 206
34 3 42 255 127 12
34 3 50 114 158 206
34 3 51 114 158 206
34 3 52 114 158 206
34 4 29 30 119 181
34 4 32 255 127 12
34 4 39 255 127 12
34 4 50 114 158 206
34 4 51 114 158 206
34 4 52 114 158 206
34 4 54 114 158 206
34 5 27 30 119 181
34 5 28 30 119 181
34 5 29 30 119 181
34 5 30 30 119 181
34 5 31 30 119 181
34 5 32 30 119 181
34 5 35 30 119 181
34 5 49 114 158 206
34 5 50 114 158 206
34 5 51 114 158 206
34 5 52 114 158 206
34 5 54 114 158 206
34 6 29 30 119 181
34 6 30 30 119 181
34 6 31 30 119 181
34 6 32 30 119 181
34 6 33 30 119 181
34 6 50 114 158 206
34 6 51 114 158 206
34 6 52 114 158 206
34 6 54 114 158 206
34 7 50 114 158 206
34 7 51 114 158 206
34 7 52 114 158 206
34 7 54 114 158 206
34 7 55 114 158 206
34 8 50 114 158 206
34 8 51 114 158 206
34 8 52 114 158 206
34 8 53 114 158 206
34 8 55 114 158 206
34 9 50 114 158 206
34 9 51 114 158 206
34 9 52 114 158 206
34 9 53 114 158 206
34 9 54 114 158 206
34 10 50 114 158 206
34 10 51 114 158 206
34 10 52 114 158 206
34 10 53 114 158 206
34 10 54 114 158 206
34 10 55 114 158 206
34 11 51 114 158 206
34 11 52 114 158 206
34 11 53 114 158 206
34 11 54 114 158 206
34 11 55 114 158 206
34 11 57 114 158 206
34 12 50 114 158 206
34 12 51 114 158 206
34 12 52 114 158 206
34 12 53 114 158 206
34 12 54 114 158 206
34 12 55 114 158 206
34 12 57 114 158 206
34 13 50 114 158 206
34 13 51 114 158 206
34 13 52 114 158 206
34 13 53 114 158 206
34 13 54 114 158 206
34 13 55 114 158 206
34 13 57 114 158 206
34 14 50 114 158 206
34 14 51 114 158 206
34 14 52 114 158 206
34 14 53 114 158 206
34 14 54 114 158 206
34 14 55 114 158 206
34 14 57 114 158 206
34 15 50 114 158 206
34 15 51 114 158 206
34 15 52 114 158 206
34 15 53 114 158 206
34 15 54 114 158 206
34 15 55 114 158 206
34 15 57 114 158 206
34 16 50 114 158 206
34 16 51 114 158 206
34 16 52 114 158 206
34 16 53 114 158 206
34 16 54 114 158 206
34 16 55 114 158 206
34 16 57 114 158 206
34 17 50 114 158 206
34 17 51 114 158 206
34 17 52 114 158 206
34 17 53 114 158 206
34 17 54 114 158 206
34 17 55 114 158 206
34 17 57 114 158 206
34 18 49 114 158 206
34 18 50 114 158 206
34 18 51 114 158 206
34 18 52 114 158 206
34 18 53 114 158 206
34 18 54 114 158 206
34 18 55 114 158 206
34 18 57 114 158 206
34 19 49 114 158 206
34 19 50 114 158 206
34 19 51 114 158 206
34 19 52 114 158 206
34 19 53 114 158 206
34 19 54 114 158 206
34 19 57 114 158 206
34 20 8 158 216 229
34 20 9 158 216 229
34 20 50 114 158 206
34 20 51 114 158 206
34 20 52 114 158 206
34 20 53 114 158 206
34 20 54 114 158 206
34 21 50 114 158 206
34 21 51 114 158 206
34 21 52 114 158 206
34 21 53 114 158 206
34 21 54 114 158 206
34 21 57 114 158 206
34 22 50 114 158 206
34 22 51 114 158 206
34 22 52 114 158 206
34 22 53 114 158 206
34 22 54 114 158 206
34 22 57 114 158 206
34 23 50 114 158 206
34 23 51 114 158 206
34 23 52 114 158 206
34 23 53 114 158 206
34 23 54 114 158 206
34 23 56 114 158 206
34 23 57 114 158 206
34 24 50 114 158 206
34 24 51 114 158 206
34 24 52 114 158 206
34 24 53 114 158 206
34 24 54 114 158 206
34 24 56 114 158 206
34 25 50 114 158 206
34 25 51 114 158 206
34 25 52 114 158 206
34 25 53 114 158 206
34 25 54 114 158 206
34 25 56 114 158 206
34 26 50 114 158 206
34 26 51 114 158 206
34 26 52 114 158 206
34 26 53 114 158 206
34 26 56 114 158 206
34 27 50 114 158 206
34 27 51 114 158 206
34 27 52 114 158 206
34 27 53 114 158 206
34 27 56 114 158 206
34 27 57 114 158 206
34 28 50 114 158 206
34 28 51 114 158 206
34 28 52 114 158 206
34 28 53 114 158 206
34 28 56 114 158 206
34 29 50 114 158 206
34 29 51 114 158 206
34 29 52 114 158 206
34 29 56 114 158 206
34 30 50 114 158 206
34 30 51 114 158 206
34 30 52 114 158 206
34 30 55 114 158 206
34 31 50 114 158 206
34 31 51 114 158 206
34 31 52 114 158 206
34 32 32 214 38 40
34 32 33 214 38 40
34 32 34 214 38 40
34 32 35 214 38 40
34 32 36 214 38 40
34 32 37 214 38 40
34 32 38 214 38 40
34 32 39 214 38 40
34 32 40 214 38 40
34 32 41 214 38 40
34 32 42 214 38 40
34 32 43 214 38 40
34 32 44 214 38 40
34 32 45 214 38 40
34 32 46 214 38 40
34 32 47 214 38 40
34 32 48 214 38 40
34 32 49 214 38 40
34 32 50 214 38 40
34 32 51 214 38 40
34 32 52 214 38 40
34 33 34 214 38 40
34 33 35 214 38 40
34 33 36 214 38 40
34 33 37 214 38 40
34 33 38 214 38 40
34 33 39 214 38 40
34 33 40 214 38 40
34 33 41 214 38 40
34 33 43 214 38 40
34 33 44 214 38 40
34 33 45 214 38 40
34 33 46 214 38 40
34 33 47 214 38 40
34 33 48 214 38 40
34 33 49 214 38 40
34 33 50 214 38 40
34 33 51 214 38 40
34 33 54 214 38 40
34 34 40 214 38 40
34 34 46 214 38 40
35 0 38 43 160 4
35 0 39 43 160 4
35 0 40 43 160 4
35 0 41 43 160 4
35 0 42 43 160 4
35 0 43 43 160 4
35 0 44 43 160 4
35 0 45 43 160 4
35 0 46 43 160 4
35 0 52 43 160 4
35 0 53 43 160 4
35 0 54 43 160 4
35 0 55 43 160 4
35 0 56 43 160 4
35 0 57 43 160 4
35 0 58 43 160 4
35 0 59 43 160 4
35 1 47 114 158 206
35 1 48 114 158 206
35 1 49 114 158 206
35 1 52 114 158 206
35 2 45 114 158 206
35 2 47 114 158 206
35 2 48 114 158 206
35 2 49 114 158 206
35 2 50 114 158 206
35 2 51 114 158 206
35 3 47 114 158 206
35 3 48 114 158 206
35 3 49 114 158 206
35 3 50 114 158 206
35 3 51 114 158 206
35 4 29 30 119 181
35 4 38 255 127 12
35 4 47 114 158 206
35 4 48 114 158 206
35 4 49 114 158 206
35 4 50 114 158 206
35 4 51 114 158 206
35 4 52 114 158 206
35 4 54 114 158 206
35 5 27 30 119 181
35 5 28 30 119 181
35 5 29 30 119 181
35 5 30 30 119 181
35 5 31 30 119 181
35 5 32 30 119 181
35 5 34 30 119 181
35 5 47 114 158 206
35 5 48 114 158 206
35 5 49 114 158 206
35 5 50 114 158 206
35 5 51 114 158 206
35 5 52 114 158 206
35 5 54 114 158 206
35 6 28 30 119 181
35 6 29 30 119 181
35 6 30 30 119 181
35 6 31 30 119 181
35 6 32 30 119 181
35 6 33 30 119 181
35 6 47 114 158 206
35 6 48 114 158 206
35 6 49 114 158 206
35 6 50 114 158 206
35 6 51 114 158 206
35 6 52 114 158 206
35 6 54 114 158 206
35 7 48 114 158 206
35 7 49 114 158 206
35 7 50 114 158 206
35 7 51 114 158 206
35 7 54 114 158 206
35 7 55 114 158 206
35 8 47 114 158 206
35 8 48 114 158 206
35 8 49 114 158 206
35 8 50 114 158 206
35 8 51 114 158 206
35 8 54 114 158 206
35 8 55 114 158 206
35 9 47 114 158 206
35 9 48 114 158 206
35 9 49 114 158 206
35 9 50 114 158 206
35 9 51 114 158 206
35 9 52 114 158 206
35 9 55 114 158 206
35 10 48 114 158 206
35 10 49 114 158 206
35 10 50 114 158 206
35 10 51 114 158 206
35 10 52 114 158 206
35 11 48 114 158 206
35 11 49 114 158 206
35 11 50 114 158 206
35 11 51 114 158 206
35 11 52 114 158 206
35 11 53 114 158 206
35 12 48 114 158 206
35 12 49 114 158 206
35 12 50 114 158 206
35 12 51 114 158 206
35 12 52 114 158 206
35 12 53 114 158 206
35 13 48 114 158 206
35 13 49 114 158 206
35 13 50 114 158 206
35 13 51 114 158 206
35 13 52 114 158 206
35 13 53 114 158 206
35 13 56 114 158 206
35 14 48 114 158 206
35 14 49 114 158 206
35 14 50 114 158 206
35 14 51 114 158 206
35 14 52 114 158 206
35 14 56 114 158 206
35 15 48 114 158 206
35 15 49 114 158 206
35 15 50 114 158 206
35 15 51 114 158 206
35 15 52 114 158 206
35 15 56 114 158 206
35 16 48 114 158 206
35 16 49 114 158 206
35 16 50 114 158 206
35 16 51 114 158 206
35 16 52 114 158 206
35 16 55 114 158 206
35 16 56 114 158 206
35 17 48 114 158 206
35 17 49 114 158 206
35 17 50 114 158 206
35 17 51 114 158 206
35 17 52 114 158 206
35 17 55 114 158 206
35 17 56 114 158 206
35 18 47 114 158 206
35 18 48 114 158 206
35 18 49 114 158 206
35 18 50 114 158 206
35 18 51 114 158 206
35 18 52 114 158 206
35 18 55 114 158 206
35 18 56 114 158 206
35 19 47 114 158 206
35 19 48 114 158 206
35 19 49 114 158 206
35 19 50 114 158 206
35 19 51 114 158 206
35 19 52 114 158 206
35 19 55 114 158 206
35 20 9 158 216 229
35 20 46 114 158 206
35 20 47 114 158 206
35 20 48 114 158 206
35 20 49 114 158 206
35 20 50 114 158 206
35 20 51 114 158 206
35 20 52 114 158 206
35 20 55 114 158 206
35 21 10 158 216 229
35 21 46 114 158 206
35 21 47 114 158 206
35 21 48 114 158 206
35 21 49 114 158 206
35 21 50 114 158 206
35 21 51 114 158 206
35 21 52 114 158 206
35 21 55 114 158 206
35 22 46 114 158 206
35 22 47 114 158 206
35 22 48 114 158 206
35 22 49 114 158 206
35 22 50 114 158 206
35 22 51 114 158 206
35 22 52 114 158 206
35 22 55 114 158 206
35 23 47 114 158 206
35 23 48 114 158 206
35 23 49 114 158 206
35 23 50 114 158 206
35 23 51 114 158 206
35 23 55 114 158 206
35 24 48 114 158 206
35 24 49 114 158 206
35 24 50 114 158 206
35 24 51 114 158 206
35 24 54 114 158 206
35 24 55 114 158 206
35 25 48 114 158 206
35 25 49 114 158 206
35 25 50 114 158 206
35 25 51 114 158 206
35 25 54 114 158 206
35 25 55 114 158 206
35 26 48 114 158 206
35 26 49 114 158 206
35 26 50 114 158 206
35 26 51 114 158 206
35 26 54 114 158 206
35 26 55 114 158 206
35 27 47 114 158 206
35 27 48 114 158 206
35 27 49 114 158 206
35 27 50 114 158 206
35 27 51 114 158 206
35 27 54 114 158 206
35 27 55 114 158 206
35 28 47 114 158 206
35 28 48 114 158 206
35 28 49 114 158 206
35 28 50 114 158 206
35 28 51 114 158 206
35 28 53 114 158 206
35 28 54 114 158 206
35 28 55 114 158 206
35 29 48 114 158 206
35 29 49 114 158 206
35 29 50 114 158 206
35 29 51 114 158 206
35 29 53 114 158 206
35 29 54 114 158 206
35 30 48 114 158 206
35 30 49 114 158 206
35 30 50 114 158 206
35 30 51 114 158 206
35 30 53 114 158 206
35 31 45 214 38 40
35 31 46 114 158 206
35 31 47 114 158 206
35 31 48 114 158 206
35 31 49 114 158 206
35 31 50 114 158 206
35 31 51 114 158 206
35 32 31 214 38 40
35 32 32 214 38 40
35 32 33 214 38 40
35 32 34 214 38 40
35 32 35 214 38 40
35 32 36 214 38 40
35 32 37 214 38 40
35 32 38 214 38 40
35 32 39 214 38 40
35 32 40 214 38 40
35 32 41 214 38 40
35 32 42 214 38 40
35 32 43 214 38 40
35 32 45 214 38 40
35 32 46 214 38 40
35 32 47 214 38 40
35 32 48 214 38 40
35 32 49 214 38 40
35 32 50 214 38 40
35 32 51 214 38 40
35 33 33 214 38 40
35 33 34 214 38 40
35 33 35 214 38 40
35 33 36 214 38 40
35 33 37 214 38 40
35 33 38 214 38 40
35 33 39 214 38 40
35 33 40 214 38 40
35 33 41 214 38 40
35 33 42 214 38 40
35 33 43 214 38 40
35 33 44 214 38 40
35 33 45 214 38 40
35 33 46 214 38 40
35 33 47 214 38 40
35 33 48 214 38 40
35 33 49 214 38 40
35 33 53 214 38 40
35 33 57 214 38 40
35 34 45 214 38 40
35 34 46 214 38 40
36 0 38 43 160 4
36 0 39 43 160 4
36 0 40 43 160 4
36 0 41 43 160 4
36 0 42 43 160 4
36 0 43 43 160 4
36 0 44 43 160 4
36 0 45 43 160 4
36 0 51 43 160 4
36 0 52 43 160 4
36 0 53 43 160 4
36 0 54 43 160 4
36 0 55 43 160 4
36 0 56 43 160 4
36 0 57 43 160 4
36 0 58 43 160 4
36 0 59 43 160 4
36 1 46 114 158 206
36 1 47 114 158 206
36 1 48 114 158 206
36 1 50 114 158 206
36 2 44 114 158 206
36 2 45 114 158 206
36 2 46 114 158 206
36 2 47 114 158 206
36 2 48 114 158 206
36 2 51 114 158 206
36 3 31 255 127 12
36 3 32 255 127 12
36 3 46 114 158 206
36 3 47 114 158 206
36 3 48 114 158 206
36 4 29 30 119 181
36 4 30 30 119 181
36 4 39 255 127 12
36 4 46 114 158 206
36 4 47 114 158 206
36 4 48 114 158 206
36 5 27 30 119 181
36 5 28 30 119 181
36 5 29 30 119 181
36 5 31 30 119 181
36 5 32 30 119 181
36 5 34 30 119 181
36 5 35 30 119 181
36 5 36 30 119 181
36 5 46 114 158 206
36 5 47 114 158 206
36 5 48 114 158 206
36 5 52 114 158 206
36 6 28 30 119 181
36 6 29 30 119 181
36 6 30 30 119 181
36 6 31 30 119 181
36 6 32 30 119 181
36 6 33 30 119 181
36 6 46 114 158 206
36 6 47 114 158 206
36 6 48 114 158 206
36 6 51 114 158 206
36 6 52 114 158 206
36 7 46 114 158 206
36 7 47 114 158 206
36 7 48 114 158 206
36 7 51 114 158 206
36 7 52 114 158 206
36 8 46 114 158 206
36 8 47 114 158 206
36 8 48 114 158 206
36 8 51 114 158 206
36 8 52 114 158 206
36 9 46 114 158 206
36 9 47 114 158 206
36 9 48 114 158 206
36 9 52 114 158 206
36 9 53 114 158 206
36 10 46 114 158 206
36 10 47 114 158 206
36 10 48 114 158 206
36 10 53 114 158 206
36 11 46 114 158 206
36 11 47 114 158 206
36 11 48 114 158 206
36 12 46 114 158 206
36 12 47 114 158 206
36 12 48 114 158 206
36 12 49 114 158 206
36 12 53 114 158 206
36 12 54 114 158 206
36 13 46 114 158 206
36 13 47 114 158 206
36 13 48 114 158 206
36 13 49 114 158 206
36 13 53 114 158 206
36 13 54 114 158 206
36 14 46 114 158 206
36 14 47 114 158 206
36 14 48 114 158 206
36 14 52 114 158 206
36 14 53 114 158 206
36 14 54 114 158 206
36 15 46 114 158 206
36 15 47 114 158 206
36 15 48 114 158 206
36 15 52 114 158 206
36 15 53 114 158 206
36 15 54 114 158 206
36 16 46 114 158 206
36 16 47 114 158 206
36 16 48 114 158 206
36 16 52 114 158 206
36 16 53 114 158 206
36 16 54 114 158 206
36 17 46 114 158 206
36 17 47 114 158 206
36 17 48 114 158 206
36 17 53 114 158 206
36 17 54 114 158 206
36 18 45 114 158 206
36 18 46 114 158 206
36 18 47 114 158 206
36 18 48 114 158 206
36 18 53 114 158 206
36 18 54 114 158 206
36 19 45 114 158 206
36 19 47 114 158 206
36 19 48 114 158 206
36 19 53 114 158 206
36 19 54 114 158 206
36 20 45 114 158 206
36 20 46 114 158 206
36 20 47 114 158 206
36 20 48 114 158 206
36 20 53 114 158 206
36 20 54 114 158 206
36 21 45 114 158 206
36 21 46 114 158 206
36 21 47 114 158 206
36 21 48 114 158 206
36 21 53 114 158 206
36 21 54 114 158 206
36 21 55 114 158 206
36 22 46 114 158 206
36 22 47 114 158 206
36 22 48 114 158 206
36 22 52 114 158 206
36 22 53 114 158 206
36 22 54 114 158 206
36 23 46 114 158 206
36 23 47 114 158 206
36 23 48 114 158 206
36 23 52 114 158 206
36 23 53 114 158 206
36 23 54 114 158 206
36 24 45 114 158 206
36 24 46 114 158 206
36 24 47 114 158 206
36 24 48 114 158 206
36 24 51 114 158 206
36 24 52 114 158 206
36 24 53 114 158 206
36 24 54 114 158 206
36 25 45 114 158 206
36 25 46 114 158 206
36 25 47 114 158 206
36 25 48 114 158 206
36 25 49 114 158 206
36 25 52 114 158 206
36 25 53 114 158 206
36 25 54 114 158 206
36 26 45 114 158 206
36 26 46 114 158 206
36 26 47 114 158 206
36 26 48 114 158 206
36 26 49 114 158 206
36 26 52 114 158 206
36 26 53 114 158 206
36 26 54 114 158 206
36 27 45 114 158 206
36 27 46 114 158 206
36 27 47 114 158 206
36 27 48 114 158 206
36 27 49 114 158 206
36 27 52 114 158 206
36 28 45 114 158 206
36 28 46 114 158 206
36 28 47 114 158 206
36 28 48 114 158 206
36 28 49 114 158 206
36 28 50 114 158 206
36 28 53 114 158 206
36 29 45 114 158 206
36 29 46 114 158 206
36 29 47 114 158 206
36 29 48 114 158 206
36 29 49 114 158 206
36 29 52 114 158 206
36 30 45 114 158 206
36 30 46 114 158 206
36 30 47 114 158 206
36 30 48 114 158 206
36 30 49 114 158 206
36 30 52 114 158 206
36 31 45 114 158 206
36 31 46 114 158 206
36 31 47 114 158 206
36 31 48 114 158 206
36 31 49 114 158 206
36 32 31 214 38 40
36 32 32 214 38 40
36 32 33 214 38 40
36 32 34 214 38 40
36 32 35 214 38 40
36 32 36 214 38 40
36 32 37 214 38 40
36 32 38 214 38 40
36 32 39 214 38 40
36 32 40 214 38 40
36 32 41 214 38 40
36 32 42 214 38 40
36 32 43 214 38 40
36 32 45 214 38 40
36 32 46 214 38 40
36 32 47 214 38 40
36 32 51 214 38 40
36 33 33 214 38 40
36 33 34 214 38 40
36 33 35 214 38 40
36 33 36 214 38 40
36 33 37 214 38 40
36 33 38 214 38 40
36 33 39 214 38 40
36 33 40 214 38 40
36 33 41 214 38 40
36 33 42 214 38 40
36 33 43 214 38 40
36 33 44 214 38 40
36 33 45 214 38 40
36 33 46 214 38 40
36 33 47 214 38 40
36 33 50 214 38 40
36 33 51 214 38 40
36 33 53 214 38 40
36 33 55 214 38 40
36 34 35 214 38 40
36 34 46 214 38 40
37 0 38 43 160 4
37 0 39 43 160 4
37 0 40 43 160 4
37 0 41 43 160 4
37 0 42 43 160 4
37 0 43 43 160 4
37 0 44 43 160 4
37 0 45 43 160 4
37 0 49 43 160 4
37 0 50 43 160 4
37 0 51 43 160 4
37 0 52 43 160 4
37 0 53 43 160 4
37 0 54 43 160 4
37 0 55 43 160 4
37 0 56 43 160 4
37 0 57 43 160 4
37 0 58 43 160 4
37 0 59 43 160 4
37 1 46 114 158 206
37 1 47 114 158 206
37 1 49 114 158 206
37 2 44 114 158 206
37 2 45 114 158 206
37 2 46 114 158 206
37 2 47 114 158 206
37 3 31 30 119 181
37 3 43 114 158 206
37 3 45 114 158 206
37 3 46 114 158 206
37 4 29 30 119 181
37 4 30 30 119 181
37 4 39 196 175 214
37 4 45 114 158 206
37 4 46 114 158 206
37 5 27 30 119 181
37 5 28 30 119 181
37 5 29 30 119 181
37 5 30 30 119 181
37 5 34 30 119 181
37 5 35 30 119 181
37 5 45 114 158 206
37 5 46 114 158 206
37 5 48 114 158 206
37 5 49 114 158 206
37 6 28 30 119 181
37 6 29 30 119 181
37 6 30 30 119 181
37 6 31 30 119 181
37 6 45 114 158 206
37 6 46 114 158 206
37 6 49 114 158 206
37 6 50 114 158 206
37 7 45 114 158 206
37 7 46 114 158 206
37 7 47 114 158 206
37 7 49 114 158 206
37 8 45 114 158 206
37 8 46 114 158 206
37 8 47 114 158 206
37 8 49 114 158 206
37 8 50 114 158 206
37 9 45 114 158 206
37 9 46 114 158 206
37 9 49 114 158 206
37 9 50 114 158 206
37 10 44 114 158 206
37 10 45 114 158 206
37 10 46 114 158 206
37 10 49 114 158 206
37 10 50 114 158 206
37 10 52 114 158 206
37 11 44 114 158 206
37 11 45 114 158 206
37 11 46 114 158 206
37 11 47 114 158 206
37 11 49 114 158 206
37 11 50 114 158 206
37 11 52 114 158 206
37 12 45 114 158 206
37 12 46 114 158 206
37 12 47 114 158 206
37 12 49 114 158 206
37 12 50 114 158 206
37 12 51 114 158 206
37 13 45 114 158 206
37 13 46 114 158 206
37 13 47 114 158 206
37 13 49 114 158 206
37 13 50 114 158 206
37 13 51 114 158 206
37 14 45 114 158 206
37 14 46 114 158 206
37 14 47 114 158 206
37 14 49 114 158 206
37 14 50 114 158 206
37 14 51 114 158 206
37 15 44 114 158 206
37 15 45 114 158 206
37 15 46 114 158 206
37 15 47 114 158 206
37 15 49 114 158 206
37 15 50 114 158 206
37 15 51 114 158 206
37 15 53 114 158 206
37 16 45 114 158 206
37 16 46 114 158 206
37 16 47 114 158 206
37 16 49 114 158 206
37 16 50 114 158 206
37 16 51 114 158 206
37 16 54 114 158 206
37 17 45 114 158 206
37 17 46 114 158 206
37 17 47 114 158 206
37 17 49 114 158 206
37 17 50 114 158 206
37 17 51 114 158 206
37 17 53 114 158 206
37 17 54 114 158 206
37 18 45 114 158 206
37 18 46 114 158 206
37 18 49 114 158 206
37 18 50 114 158 206
37 18 51 114 158 206
37 18 52 114 158 206
37 18 53 114 158 206
37 18 54 114 158 206
37 19 45 114 158 206
37 19 46 114 158 206
37 19 49 114 158 206
37 19 50 114 158 206
37 19 51 114 158 206
37 19 53 114 158 206
37 19 54 114 158 206
37 20 45 114 158 206
37 20 46 114 158 206
37 20 50 114 158 206
37 20 51 114 158 206
37 20 52 114 158 206
37 20 53 114 158 206
37 20 54 114 158 206
37 21 45 114 158 206
37 21 46 114 158 206
37 21 49 114 158 206
37 21 50 114 158 206
37 21 51 114 158 206
37 21 52 114 158 206
37 21 53 114 158 206
37 21 54 114 158 206
37 21 55 114 158 206
37 22 45 114 158 206
37 22 46 114 158 206
37 22 49 114 158 206
37 22 50 114 158 206
37 22 51 114 158 206
37 22 52 114 158 206
37 22 53 114 158 206
37 22 54 114 158 206
37 23 45 114 158 206
37 23 46 114 158 206
37 23 49 114 158 206
37 23 50 114 158 206
37 23 51 114 158 206
37 23 52 114 158 206
37 23 53 114 158 206
37 23 54 114 158 206
37 24 45 114 158 206
37 24 46 114 158 206
37 24 47 114 158 206
37 24 49 114 158 206
37 24 50 114 158 206
37 24 51 114 158 206
37 24 52 114 158 206
37 24 53 114 158 206
37 24 54 114 158 206
37 25 45 114 158 206
37 25 46 114 158 206
37 25 47 114 158 206
37 25 49 114 158 206
37 25 50 114 158 206
37 25 51 114 158 206
37 25 52 114 158 206
37 25 53 114 158 206
37 25 54 114 158 206
37 26 44 114 158 206
37 26 45 114 158 206
37 26 46 114 158 206
37 26 49 114 158 206
37 26 50 114 158 206
37 26 51 114 158 206
37 26 52 114 158 206
37 26 54 114 158 206
37 27 22 158 216 229
37 27 45 114 158 206
37 27 46 114 158 206
37 27 49 114 158 206
37 27 50 114 158 206
37 28 45 114 158 206
37 28 46 114 158 206
37 28 51 114 158 206
37 28 52 114 158 206
37 29 45 114 158 206
37 29 46 114 158 206
37 29 49 114 158 206
37 29 50 114 158 206
37 29 52 114 158 206
37 30 45 114 158 206
37 30 46 114 158 206
37 31 44 114 158 206
37 31 45 114 158 206
37 31 46 114 158 206
37 32 31 214 38 40
37 32 32 214 38 40
37 32 33 214 38 40
37 32 34 214 38 40
37 32 35 214 38 40
37 32 36 214 38 40
37 32 37 214 38 40
37 32 38 214 38 40
37 32 39 214 38 40
37 32 44 214 38 40
37 32 45 214 38 40
37 32 46 214 38 40
37 32 48 214 38 40
37 33 33 214 38 40
37 33 34 214 38 40
37 33 35 214 38 40
37 33 36 214 38 40
37 33 37 214 38 40
37 33 38 214 38 40
37 33 39 214 38 40
37 33 40 214 38 40
37 33 41 214 38 40
37 33 42 214 38 40
37 33 43 214 38 40
37 33 44 214 38 40
37 33 45 214 38 40
37 33 48 214 38 40
37 33 49 214 38 40
37 33 53 214 38 40
37 33 55 214 38 40
37 33 57 214 38 40
37 34 35 214 38 40
38 0 38 43 160 4
38 0 39 43 160 4
38 0 40 43 160 4
38 0 41 43 160 4
38 0 42 43 160 4
38 0 43 43 160 4
38 0 44 43 160 4
38 0 45 43 160 4
38 0 46 43 160 4
38 0 47 43 160 4
38 0 48 43 160 4
38 0 49 43 160 4
38 0 50 43 160 4
38 0 51 43 160 4
38 0 52 43 160 4
38 0 53 43 160 4
38 0 54 43 160 4
38 0 55 43 160 4
38 0 56 43 160 4
38 0 57 43 160 4
38 0 58 43 160 4
38 0 59 43 160 4
38 2 43 114 158 206
38 2 44 114 158 206
38 2 45 114 158 206
38 3 32 255 127 12
38 3 41 196 175 214
38 3 42 196 175 214
38 3 43 114 158 206
38 3 44 114 158 206
38 3 45 114 158 206
38 3 46 114 158 206
38 4 29 30 119 181
38 4 37 255 127 12
38 4 43 114 158 206
38 4 44 114 158 206
38 4 45 114 158 206
38 4 46 114 158 206
38 5 27 30 119 181
38 5 28 30 119 181
38 5 29 30 119 181
38 5 30 30 119 181
38 5 31 30 119 181
38 5 32 30 119 181
38 5 43 114 158 206
38 5 44 114 158 206
38 5 45 114 158 206
38 5 46 114 158 206
38 6 28 30 119 181
38 6 29 30 119 181
38 6 43 114 158 206
38 6 44 114 158 206
38 6 45 114 158 206
38 6 46 114 158 206
38 7 43 114 158 206
38 7 44 114 158 206
38 7 45 114 158 206
38 7 46 114 158 206
38 7 48 114 158 206
38 8 44 114 158 206
38 8 45 114 158 206
38 8 46 114 158 206
38 8 48 114 158 206
38 9 44 114 158 206
38 9 45 114 158 206
38 9 46 114 158 206
38 9 48 114 158 206
38 10 44 114 158 206
38 10 45 114 158 206
38 10 47 114 158 206
38 11 44 114 158 206
38 11 45 114 158 206
38 11 46 114 158 206
38 12 44 114 158 206
38 12 45 114 158 206
38 12 46 114 158 206
38 12 48 114 158 206
38 13 44 114 158 206
38 13 45 114 158 206
38 13 46 114 158 206
38 13 48 114 158 206
38 14 44 114 158 206
38 14 45 114 158 206
38 14 46 114 158 206
38 14 48 114 158 206
38 15 44 114 158 206
38 15 45 114 158 206
38 15 48 114 158 206
38 16 44 114 158 206
38 16 45 114 158 206
38 16 46 114 158 206
38 16 48 114 158 206
38 17 44 114 158 206
38 17 45 114 158 206
38 17 48 114 158 206
38 18 44 114 158 206
38 18 45 114 158 206
38 18 47 114 158 206
38 18 48 114 158 206
38 19 45 114 158 206
38 19 47 114 158 206
38 19 48 114 158 206
38 20 45 114 158 206
38 20 47 114 158 206
38 20 48 114 158 206
38 21 44 114 158 206
38 21 45 114 158 206
38 21 47 114 158 206
38 21 48 114 158 206
38 21 54 114 158 206
38 22 44 114 158 206
38 22 45 114 158 206
38 22 47 114 158 206
38 22 48 114 158 206
38 23 44 114 158 206
38 23 45 114 158 206
38 23 47 114 158 206
38 23 48 114 158 206
38 24 44 114 158 206
38 24 45 114 158 206
38 24 47 114 158 206
38 25 44 114 158 206
38 25 45 114 158 206
38 25 47 114 158 206
38 26 44 114 158 206
38 26 45 114 158 206
38 26 47 114 158 206
38 27 44 114 158 206
38 27 45 114 158 206
38 27 47 114 158 206
38 28 44 114 158 206
38 28 45 114 158 206
38 28 47 114 158 206
38 29 26 196 175 214
38 29 44 114 158 206
38 29 45 114 158 206
38 29 47 114 158 206
38 30 44 114 158 206
38 30 45 114 158 206
38 31 44 114 158 206
38 31 45 114 158 206
38 32 32 214 38 40
38 32 33 214 38 40
38 32 34 214 38 40
38 32 35 214 38 40
38 32 36 214 38 40
38 32 37 214 38 40
38 32 38 214 38 40
38 32 39 214 38 40
38 32 44 214 38 40
38 32 45 214 38 40
38 33 34 214 38 40
38 33 35 214 38 40
38 33 36 214 38 40
38 33 37 214 38 40
38 33 38 214 38 40
38 33 39 214 38 40
38 33 40 214 38 40
38 33 41 214 38 40
38 33 42 214 38 40
38 33 43 214 38 40
38 33 44 214 38 40
38 33 45 214 38 40
38 33 47 214 38 40
38 34 35 214 38 40
38 34 46 214 38 40
39 0 38 43 160 4
39 0 39 43 160 4
39 0 40 43 160 4
39 0 41 43 160 4
39 0 42 43 160 4
39 0 43 43 160 4
39 0 44 43 160 4
39 0 45 43 160 4
39 0 46 43 160 4
39 0 47 43 160 4
39 0 48 43 160 4
39 0 49 43 160 4
39 0 50 43 160 4
39 0 51 43 160 4
39 0 52 43 160 4
39 0 53 43 160 4
39 0 54 43 160 4
39 0 55 43 160 4
39 0 56 43 160 4
39 0 57 43 160 4
39 0 58 43 160 4
39 0 59 43 160 4
39 1 41 196 175 214
39 1 45 114 158 206
39 1 46 114 158 206
39 2 43 196 175 214
39 2 44 114 158 206
39 3 32 255 127 12
39 3 35 255 127 12
39 3 39 196 175 214
39 3 43 196 175 214
39 3 44 114 158 206
39 4 30 30 119 181
39 4 31 30 119 181
39 4 32 255 127 12
39 4 33 255 127 12
39 4 34 255 127 12
39 4 43 196 175 214
39 4 44 114 158 206
39 4 45 114 158 206
39 5 30 30 119 181
39 5 42 196 175 214
39 5 43 196 175 214
39 5 44 114 158 206
39 6 42 196 175 214
39 6 43 196 175 214
39 6 44 114 158 206
39 7 43 196 175 214
39 7 44 114 158 206
39 7 47 114 158 206
39 8 20 196 175 214
39 8 44 114 158 206
39 8 45 114 158 206
39 8 47 114 158 206
39 9 44 114 158 206
39 9 45 114 158 206
39 9 47 114 158 206
39 10 44 114 158 206
39 10 45 114 158 206
39 10 47 114 158 206
39 11 43 114 158 206
39 11 44 114 158 206
39 11 45 114 158 206
39 11 47 114 158 206
39 12 43 114 158 206
39 12 44 114 158 206
39 12 45 114 158 206
39 12 47 114 158 206
39 13 43 114 158 206
39 13 44 114 158 206
39 13 45 114 158 206
39 13 47 114 158 206
39 14 43 114 158 206
39 14 44 114 158 206
39 14 45 114 158 206
39 14 47 114 158 206
39 15 43 114 158 206
39 15 44 114 158 206
39 15 45 114 158 206
39 16 43 114 158 206
39 16 44 114 158 206
39 16 45 114 158 206
39 16 47 114 158 206
39 17 44 114 158 206
39 17 45 114 158 206
39 17 47 114 158 206
39 18 44 114 158 206
39 18 45 114 158 206
39 18 47 114 158 206
39 19 45 114 158 206
39 19 47 114 158 206
39 20 44 114 158 206
39 20 45 114 158 206
39 20 47 114 158 206
39 21 44 114 158 206
39 21 45 114 158 206
39 22 44 114 158 206
39 22 45 114 158 206
39 23 44 114 158 206
39 23 45 114 158 206
39 24 44 114 158 206
39 24 45 114 158 206
39 25 44 114 158 206
39 25 45 114 158 206
39 26 44 114 158 206
39 26 45 114 158 206
39 27 44 114 158 206
39 27 45 114 158 206
39 28 44 114 158 206
39 28 45 114 158 206
39 29 26 196 175 214
39 29 44 114 158 206
39 29 45 114 158 206
39 30 28 196 175 214
39 30 44 114 158 206
39 30 45 114 158 206
39 31 30 214 38 40
39 31 44 114 158 206
39 31 45 214 38 40
39 31 46 214 38 40
39 32 41 214 38 40
39 32 42 214 38 40
39 32 43 214 38 40
39 32 44 214 38 40
39 32 45 214 38 40
39 33 35 214 38 40
39 33 36 214 38 40
39 33 37 214 38 40
39 33 38 214 38 40
39 33 39 214 38 40
39 33 40 214 38 40
39 33 41 214 38 40
39 33 42 214 38 40
39 33 43 214 38 40
39 33 44 214 38 40
39 33 47 214 38 40
39 33 48 214 38 40
39 33 49 214 38 40
39 33 51 214 38 40
39 33 53 214 38 40
39 33 54 214 38 40
39 33 55 214 38 40
39 33 56 214 38 40
39 33 57 214 38 40
39 34 36 214 38 40
39 34 38 214 38 40
39 34 39 214 38 40
39 34 40 214 38 40
39 34 45 214 38 40
39 34 46 214 38 40
39 34 47 214 38 40
40 0 39 43 160 4
40 0 40 43 160 4
40 0 41 43 160 4
40 0 42 43 160 4
40 0 44 43 160 4
40 0 45 43 160 4
40 0 46 43 160 4
40 0 47 43 160 4
40 0 48 43 160 4
40 0 49 43 160 4
40 0 50 43 160 4
40 0 51 43 160 4
40 0 52 43 160 4
40 0 53 43 160 4
40 0 54 43 160 4
40 0 55 43 160 4
40 0 56 43 160 4
40 0 57 43 160 4
40 0 58 43 160 4
40 0 59 43 160 4
40 1 36 255 127 12
40 1 38 196 175 214
40 1 42 196 175 214
40 1 43 196 175 214
40 2 34 255 127 12
40 2 35 255 127 12
40 2 39 196 175 214
40 2 41 196 175 214
40 2 42 196 175 214
40 2 43 196 175 214
40 2 44 196 175 214
40 2 46 196 175 214
40 3 31 255 127 12
40 3 33 255 127 12
40 3 34 255 127 12
40 3 35 196 175 214
40 3 36 196 175 214
40 3 43 196 175 214
40 3 44 196 175 214
40 3 45 196 175 214
40 4 31 255 127 12
40 4 43 196 175 214
40 4 44 196 175 214
40 4 45 196 175 214
40 5 42 196 175 214
40 5 43 196 175 214
40 5 44 196 175 214
40 5 45 196 175 214
40 6 42 196 175 214
40 6 43 196 175 214
40 6 44 196 175 214
40 6 45 196 175 214
40 7 42 196 175 214
40 7 43 196 175 214
40 7 44 196 175 214
40 7 45 196 175 214
40 8 20 196 175 214
40 8 42 196 175 214
40 8 43 196 175 214
40 8 44 196 175 214
40 8 45 196 175 214
40 8 46 114 158 206
40 9 43 196 175 214
40 9 44 196 175 214
40 9 45 114 158 206
40 9 46 114 158 206
40 10 44 114 158 206
40 10 45 114 158 206
40 11 43 196 175 214
40 11 44 114 158 206
40 11 45 114 158 206
40 12 43 114 158 206
40 12 44 114 158 206
40 12 45 114 158 206
40 12 46 114 158 206
40 13 43 114 158 206
40 13 44 114 158 206
40 13 45 114 158 206
40 13 46 114 158 206
40 14 43 114 158 206
40 14 44 114 158 206
40 15 43 114 158 206
40 15 44 114 158 206
40 16 43 114 158 206
40 16 44 114 158 206
40 16 45 114 158 206
40 17 44 114 158 206
40 17 45 114 158 206
40 17 46 114 158 206
40 18 45 114 158 206
40 18 46 114 158 206
40 19 45 114 158 206
40 19 46 114 158 206
40 20 44 114 158 206
40 20 45 114 158 206
40 21 44 114 158 206
40 21 45 114 158 206
40 22 44 114 158 206
40 22 45 114 158 206
40 23 44 114 158 206
40 23 45 114 158 206
40 23 46 114 158 206
40 24 44 114 158 206
40 24 45 114 158 206
40 24 46 114 158 206
40 25 44 114 158 206
40 25 45 114 158 206
40 25 46 114 158 206
40 26 44 114 158 206
40 26 45 114 158 206
40 26 46 114 158 206
40 27 44 114 158 206
40 27 45 114 158 206
40 28 41 114 158 206
40 28 44 114 158 206
40 28 45 114 158 206
40 29 26 196 175 214
40 29 43 114 158 206
40 29 44 114 158 206
40 29 45 114 158 206
40 30 43 114 158 206
40 30 44 114 158 206
40 30 45 114 158 206
40 31 43 196 175 214
40 31 44 214 38 40
40 31 45 214 38 40
40 31 46 214 38 40
40 32 32 214 38 40
40 32 40 214 38 40
40 32 41 214 38 40
40 32 42 214 38 40
40 32 43 214 38 40
40 32 44 214 38 40
40 32 45 214 38 40
40 32 46 214 38 40
40 33 35 214 38 40
40 33 36 214 38 40
40 33 37 214 38 40
40 33 38 214 38 40
40 33 39 214 38 40
40 33 40 214 38 40
40 33 41 214 38 40
40 33 42 214 38 40
40 33 43 214 38 40
40 33 48 214 38 40
40 33 49 214 38 40
40 33 50 214 38 40
40 33 51 214 38 40
40 33 52 214 38 40
40 33 53 214 38 40
40 33 54 214 38 40
40 33 55 214 38 40
40 33 56 214 38 40
40 33 57 214 38 40
40 34 37 214 38 40
40 34 38 214 38 40
40 34 39 214 38 40
40 34 40 214 38 40
40 34 44 214 38 40
40 34 45 214 38 40
40 34 46 214 38 40
40 34 47 214 38 40
40 34 48 214 38 40
40 34 49 214 38 40
40 34 50 214 38 40
40 34 51 214 38 40
40 34 52 214 38 40
40 34 53 214 38 40
40 34 54 214 38 40
40 34 55 214 38 40
41 0 41 43 160 4
41 0 42 43 160 4
41 0 44 43 160 4
41 0 45 43 160 4
41 0 46 43 160 4
41 0 47 43 160 4
41 0 48 43 160 4
41 0 49 43 160 4
41 0 50 43 160 4
41 0 51 43 160 4
41 0 52 43 160 4
41 0 53 43 160 4
41 0 54 43 160 4
41 0 55 43 160 4
41 0 56 43 160 4
41 0 57 43 160 4
41 0 58 43 160 4
41 0 59 43 160 4
41 1 36 196 175 214
41 1 37 196 175 214
41 1 38 196 175 214
41 1 39 196 175 214
41 1 40 196 175 214
41 1 41 196 175 214
41 1 42 196 175 214
41 1 43 196 175 214
41 1 44 158 216 229
41 2 34 255 127 12
41 2 35 255 127 12
41 2 36 196 175 214
41 2 37 196 175 214
41 2 38 196 175 214
41 2 39 196 175 214
41 2 40 196 175 214
41 2 41 196 175 214
41 2 42 196 175 214
41 2 43 196 175 214
41 3 31 255 127 12
41 3 32 255 127 12
41 3 41 196 175 214
41 3 42 196 175 214
41 3 43 196 175 214
41 3 44 196 175 214
41 3 45 196 175 214
41 4 31 255 127 12
41 4 32 255 127 12
41 4 42 196 175 214
41 4 43 196 175 214
41 4 44 196 175 214
41 4 45 196 175 214
41 5 31 30 119 181
41 5 32 196 175 214
41 5 33 196 175 214
41 5 42 196 175 214
41 5 43 196 175 214
41 5 44 196 175 214
41 5 45 196 175 214
41 6 31 30 119 181
41 6 32 114 158 206
41 6 33 196 175 214
41 6 41 196 175 214
41 6 42 196 175 214
41 6 43 196 175 214
41 6 44 196 175 214
41 6 45 196 175 214
41 7 22 204 204 91
41 7 32 114 158 206
41 7 33 114 158 206
41 7 40 196 175 214
41 7 41 196 175 214
41 7 42 196 175 214
41 7 43 196 175 214
41 7 44 196 175 214
41 7 45 196 175 214
41 8 20 196 175 214
41 8 21 196 175 214
41 8 41 196 175 214
41 8 42 196 175 214
41 8 43 196 175 214
41 8 44 196 175 214
41 8 45 196 175 214
41 8 46 158 216 229
41 8 47 158 216 229
41 9 41 196 175 214
41 9 42 196 175 214
41 9 43 196 175 214
41 9 44 114 158 206
41 9 45 114 158 206
41 9 46 114 158 206
41 10 41 196 175 214
41 10 42 196 175 214
41 10 43 196 175 214
41 10 44 114 158 206
41 10 45 114 158 206
41 11 41 196 175 214
41 11 42 196 175 214
41 11 43 114 158 206
41 11 44 114 158 206
41 11 45 114 158 206
41 12 40 196 175 214
41 12 41 114 158 206
41 12 42 114 158 206
41 12 43 114 158 206
41 12 44 114 158 206
41 12 45 114 158 206
41 12 46 114 158 206
41 13 40 196 175 214
41 13 41 196 175 214
41 13 42 114 158 206
41 13 43 114 158 206
41 13 44 114 158 206
41 13 45 114 158 206
41 13 46 114 158 206
41 14 40 196 175 214
41 14 41 196 175 214
41 14 42 114 158 206
41 14 43 114 158 206
41 14 44 114 158 206
41 14 45 114 158 206
41 15 40 196 175 214
41 15 41 196 175 214
41 15 42 114 158 206
41 15 43 114 158 206
41 15 44 114 158 206
41 15 45 114 158 206
41 16 40 196 175 214
41 16 41 196 175 214
41 16 42 196 175 214
41 16 43 114 158 206
41 16 44 114 158 206
41 16 45 114 158 206
41 17 36 114 158 206
41 17 40 196 175 214
41 17 41 114 158 206
41 17 42 114 158 206
41 17 43 114 158 206
41 17 44 114 158 206
41 17 45 114 158 206
41 17 46 114 158 206
41 18 34 114 158 206
41 18 36 114 158 206
41 18 40 114 158 206
41 18 41 114 158 206
41 18 42 114 158 206
41 18 43 114 158 206
41 18 44 114 158 206
41 18 45 114 158 206
41 18 46 114 158 206
41 19 34 114 158 206
41 19 40 196 175 214
41 19 41 114 158 206
41 19 42 114 158 206
41 19 43 114 158 206
41 19 44 114 158 206
41 19 45 114 158 206
41 19 46 114 158 206
41 20 35 114 158 206
41 20 36 114 158 206
41 20 37 114 158 206
41 20 40 196 175 214
41 20 41 114 158 206
41 20 42 114 158 206
41 20 43 114 158 206
41 20 44 114 158 206
41 20 45 114 158 206
41 20 46 114 158 206
41 21 36 114 158 206
41 21 37 114 158 206
41 21 38 114 158 206
41 21 39 114 158 206
41 21 40 114 158 206
41 21 41 114 158 206
41 21 42 114 158 206
41 21 43 114 158 206
41 21 44 114 158 206
41 21 45 114 158 206
41 22 36 114 158 206
41 22 37 114 158 206
41 22 38 114 158 206
41 22 39 114 158 206
41 22 40 114 158 206
41 22 41 114 158 206
41 22 42 114 158 206
41 22 43 114 158 206
41 22 44 114 158 206
41 22 45 114 158 206
41 23 36 114 158 206
41 23 37 114 158 206
41 23 38 114 158 206
41 23 39 114 158 206
41 23 40 114 158 206
41 23 41 114 158 206
41 23 42 114 158 206
41 23 43 114 158 206
41 23 44 114 158 206
41 23 45 114 158 206
41 23 46 114 158 206
41 24 36 114 158 206
41 24 37 114 158 206
41 24 38 114 158 206
41 24 39 114 158 206
41 24 40 114 158 206
41 24 41 114 158 206
41 24 42 114 158 206
41 24 43 114 158 206
41 24 44 114 158 206
41 24 45 114 158 206
41 24 46 114 158 206
41 24 47 158 216 229
41 25 36 114 158 206
41 25 37 114 158 206
41 25 38 114 158 206
41 25 39 114 158 206
41 25 40 114 158 206
41 25 41 114 158 206
41 25 42 114 158 206
41 25 44 114 158 206
41 25 45 114 158 206
41 25 46 114 158 206
41 25 47 114 158 206
41 26 36 114 158 206
41 26 37 114 158 206
41 26 39 114 158 206
41 26 40 114 158 206
41 26 41 114 158 206
41 26 42 114 158 206
41 26 44 114 158 206
41 26 45 114 158 206
41 26 46 114 158 206
41 27 35 114 158 206
41 27 36 114 158 206
41 27 37 114 158 206
41 27 39 114 158 206
41 27 40 114 158 206
41 27 41 114 158 206
41 27 42 114 158 206
41 27 43 114 158 206
41 27 44 114 158 206
41 27 45 114 158 206
41 27 46 114 158 206
41 28 35 114 158 206
41 28 36 114 158 206
41 28 37 114 158 206
41 28 38 114 158 206
41 28 39 114 158 206
41 28 40 114 158 206
41 28 41 114 158 206
41 28 42 114 158 206
41 28 43 114 158 206
41 28 44 114 158 206
41 28 45 114 158 206
41 28 46 114 158 206
41 29 35 114 158 206
41 29 36 114 158 206
41 29 37 114 158 206
41 29 39 114 158 206
41 29 40 114 158 206
41 29 41 114 158 206
41 29 42 114 158 206
41 29 43 114 158 206
41 29 44 114 158 206
41 29 45 114 158 206
41 29 46 114 158 206
41 30 35 114 158 206
41 30 36 114 158 206
41 30 37 114 158 206
41 30 39 114 158 206
41 30 40 114 158 206
41 30 41 114 158 206
41 30 42 114 158 206
41 30 43 114 158 206
41 30 44 114 158 206
41 30 45 114 158 206
41 31 35 214 38 40
41 31 36 214 38 40
41 31 37 196 175 214
41 31 39 196 175 214
41 31 40 196 175 214
41 31 41 196 175 214
41 31 42 196 175 214
41 31 43 214 38 40
41 31 44 114 158 206
41 31 45 214 38 40
41 31 46 214 38 40
41 32 33 214 38 40
41 32 35 214 38 40
41 32 36 214 38 40
41 32 37 214 38 40
41 32 38 214 38 40
41 32 39 214 38 40
41 32 40 214 38 40
41 32 41 214 38 40
41 32 42 214 38 40
41 32 43 214 38 40
41 32 44 214 38 40
41 32 45 214 38 40
41 32 46 214 38 40
41 33 34 214 38 40
41 33 35 214 38 40
41 33 36 214 38 40
41 33 37 214 38 40
41 33 38 214 38 40
41 33 39 214 38 40
41 33 40 214 38 40
41 33 47 214 38 40
41 33 48 214 38 40
41 33 49 214 38 40
41 33 50 214 38 40
41 33 51 214 38 40
41 33 52 214 38 40
41 33 53 214 38 40
41 33 54 214 38 40
41 33 55 214 38 40
41 33 56 214 38 40
41 33 57 214 38 40
41 34 36 214 38 40
41 34 37 214 38 40
41 34 41 214 38 40
41 34 42 214 38 40
41 34 43 214 38 40
41 34 44 214 38 40
41 34 45 214 38 40
41 34 46 214 38 40
41 34 47 214 38 40
41 34 48 214 38 40
41 34 49 214 38 40
41 34 50 214 38 40
41 34 51 214 38 40
41 34 52 214 38 40
41 34 53 214 38 40
41 34 54 214 38 40
41 34 55 214 38 40
41 34 56 214 38 40
41 34 57 214 38 40
42 0 42 43 160 4
42 0 43 43 160 4
42 0 44 43 160 4
42 0 45 43 160 4
42 0 46 43 160 4
42 0 47 43 160 4
42 0 48 43 160 4
42 0 49 43 160 4
42 0 50 43 160 4
42 0 51 43 160 4
42 0 52 43 160 4
42 0 53 43 160 4
42 0 54 43 160 4
42 0 55 43 160 4
42 0 56 43 160 4
42 0 57 43 160 4
42 0 58 43 160 4
42 0 59 43 160 4
42 1 36 158 216 229
42 1 37 158 216 229
42 1 38 158 216 229
42 1 39 196 175 214
42 1 40 196 175 214
42 1 43 196 175 214
42 2 34 158 216 229
42 2 35 158 216 229
42 2 36 158 216 229
42 2 37 158 216 229
42 2 38 158 216 229
42 2 39 196 175 214
42 2 40 196 175 214
42 2 41 196 175 214
42 3 31 158 216 229
42 3 32 255 127 12
42 3 33 158 216 229
42 3 34 158 216 229
42 3 35 158 216 229
42 3 36 158 216 229
42 3 37 196 175 214
42 3 38 196 175 214
42 3 39 196 175 214
42 3 40 196 175 214
42 3 41 196 175 214
42 3 42 196 175 214
42 3 43 196 175 214
42 3 44 158 216 229
42 4 31 158 216 229
42 4 32 158 216 229
42 4 33 196 175 214
42 4 34 196 175 214
42 4 35 196 175 214
42 4 36 196 175 214
42 4 37 196 175 214
42 4 38 196 175 214
42 4 39 196 175 214
42 4 40 196 175 214
42 4 41 196 175 214
42 4 42 196 175 214
42 4 43 196 175 214
42 4 44 158 216 229
42 4 45 158 216 229
42 5 31 114 158 206
42 5 32 114 158 206
42 5 33 196 175 214
42 5 34 196 175 214
42 5 35 196 175 214
42 5 36 114 158 206
42 5 37 196 175 214
42 5 38 196 175 214
42 5 39 196 175 214
42 5 40 196 175 214
42 5 41 196 175 214
42 5 42 196 175 214
42 5 43 196 175 214
42 5 44 196 175 214
42 5 45 196 175 214
42 5 46 158 216 229
42 6 25 30 119 181
42 6 31 114 158 206
42 6 32 114 158 206
42 6 33 114 158 206
42 6 34 114 158 206
42 6 35 114 158 206
42 6 36 114 158 206
42 6 37 196 175 214
42 6 38 196 175 214
42 6 39 196 175 214
42 6 40 196 175 214
42 6 41 196 175 214
42 6 42 196 175 214
42 6 43 196 175 214
42 6 44 196 175 214
42 6 45 196 175 214
42 7 22 30 119 181
42 7 23 204 204 91
42 7 32 114 158 206
42 7 33 114 158 206
42 7 34 114 158 206
42 7 35 114 158 206
42 7 36 114 158 206
42 7 37 114 158 206
42 7 38 196 175 214
42 7 39 196 175 214
42 7 40 196 175 214
42 7 41 196 175 214
42 7 42 196 175 214
42 7 43 196 175 214
42 7 44 196 175 214
42 7 45 196 175 214
42 8 21 196 175 214
42 8 32 114 158 206
42 8 33 114 158 206
42 8 34 114 158 206
42 8 35 114 158 206
42 8 36 114 158 206
42 8 37 114 158 206
42 8 38 114 158 206
42 8 39 196 175 214
42 8 40 196 175 214
42 8 41 196 175 214
42 8 42 196 175 214
42 8 43 196 175 214
42 8 44 158 216 229
42 8 45 158 216 229
42 8 46 158 216 229
42 8 47 158 216 229
42 9 33 114 158 206
42 9 34 114 158 206
42 9 35 114 158 206
42 9 36 114 158 206
42 9 37 114 158 206
42 9 38 114 158 206
42 9 39 114 158 206
42 9 40 196 175 214
42 9 41 196 175 214
42 9 42 196 175 214
42 9 43 196 175 214
42 9 44 158 216 229
42 9 45 158 216 229
42 9 46 158 216 229
42 10 34 114 158 206
42 10 35 114 158 206
42 10 36 114 158 206
42 10 37 114 158 206
42 10 38 114 158 206
42 10 39 114 158 206
42 10 40 114 158 206
42 10 41 196 175 214
42 10 42 196 175 214
42 10 43 196 175 214
42 10 44 114 158 206
42 11 35 114 158 206
42 11 36 114 158 206
42 11 37 114 158 206
42 11 38 114 158 206
42 11 39 114 158 206
42 11 40 114 158 206
42 11 41 114 158 206
42 11 42 196 175 214
42 11 43 114 158 206
42 11 44 114 158 206
42 11 46 158 216 229
42 12 34 114 158 206
42 12 35 114 158 206
42 12 36 114 158 206
42 12 37 114 158 206
42 12 38 114 158 206
42 12 39 114 158 206
42 12 40 114 158 206
42 12 41 114 158 206
42 12 42 114 158 206
42 12 43 114 158 206
42 12 44 114 158 206
42 12 45 114 158 206
42 13 34 114 158 206
42 13 35 114 158 206
42 13 36 114 158 206
42 13 37 114 158 206
42 13 38 114 158 206
42 13 39 114 158 206
42 13 40 114 158 206
42 13 41 114 158 206
42 13 42 114 158 206
42 13 43 114 158 206
42 13 44 114 158 206
42 13 45 114 158 206
42 13 46 158 216 229
42 14 35 114 158 206
42 14 36 114 158 206
42 14 37 114 158 206
42 14 38 114 158 206
42 14 39 114 158 206
42 14 40 114 158 206
42 15 34 114 158 206
42 15 35 114 158 206
42 15 36 114 158 206
42 15 37 114 158 206
42 15 38 114 158 206
42 15 39 114 158 206
42 15 40 114 158 206
42 15 41 114 158 206
42 15 42 114 158 206
42 15 43 114 158 206
42 15 44 114 158 206
42 15 45 114 158 206
42 16 34 114 158 206
42 16 35 114 158 206
42 16 36 114 158 206
42 16 37 114 158 206
42 16 38 114 158 206
42 16 39 114 158 206
42 16 40 114 158 206
42 16 41 114 158 206
42 16 42 114 158 206
42 16 43 114 158 206
42 16 44 114 158 206
42 16 45 158 216 229
42 17 34 114 158 206
42 17 35 114 158 206
42 17 36 114 158 206
42 17 37 114 158 206
42 17 38 114 158 206
42 17 39 114 158 206
42 17 40 114 158 206
42 17 41 114 158 206
42 17 42 114 158 206
42 17 43 114 158 206
42 17 44 114 158 206
42 17 45 114 158 206
42 18 34 114 158 206
42 18 35 114 158 206
42 18 36 114 158 206
42 18 37 114 158 206
42 18 40 114 158 206
42 18 41 114 158 206
42 18 42 114 158 206
42 18 43 114 158 206
42 18 44 114 158 206
42 18 45 114 158 206
42 19 34 114 158 206
42 19 35 114 158 206
42 19 36 114 158 206
42 19 37 114 158 206
42 19 40 114 158 206
42 19 41 114 158 206
42 19 42 114 158 206
42 19 43 114 158 206
42 19 44 114 158 206
42 19 45 114 158 206
42 20 34 114 158 206
42 20 35 114 158 206
42 20 36 114 158 206
42 20 37 114 158 206
42 20 40 114 158 206
42 20 41 114 158 206
42 20 42 114 158 206
42 20 43 114 158 206
42 20 44 114 158 206
42 20 45 114 158 206
42 21 34 114 158 206
42 21 35 114 158 206
42 21 36 114 158 206
42 21 37 114 158 206
42 21 38 114 158 206
42 21 39 114 158 206
42 21 40 114 158 206
42 21 41 114 158 206
42 21 42 114 158 206
42 21 43 114 158 206
42 21 44 114 158 206
42 21 45 114 158 206
42 22 34 114 158 206
42 22 35 114 158 206
42 22 36 114 158 206
42 22 37 114 158 206
42 22 38 114 158 206
42 22 39 114 158 206
42 22 40 114 158 206
42 22 41 114 158 206
42 22 42 114 158 206
42 22 43 114 158 206
42 22 44 114 158 206
42 22 45 114 158 206
42 23 34 114 158 206
42 23 35 114 158 206
42 23 36 114 158 206
42 23 37 114 158 206
42 23 38 114 158 206
42 23 39 114 158 206
42 23 40 114 158 206
42 23 43 114 158 206
42 23 44 114 158 206
42 23 45 114 158 206
42 23 46 158 216 229
42 23 47 158 216 229
42 24 33 114 158 206
42 24 34 114 158 206
42 24 35 114 158 206
42 24 36 114 158 206
42 24 37 114 158 206
42 24 38 114 158 206
42 24 39 114 158 206
42 24 40 114 158 206
42 24 43 114 158 206
42 24 44 114 158 206
42 24 45 158 216 229
42 24 46 158 216 229
42 24 47 158 216 229
42 24 48 158 216 229
42 24 49 158 216 229
42 24 50 158 216 229
42 25 33 114 158 206
42 25 34 114 158 206
42 25 35 114 158 206
42 25 36 114 158 206
42 25 37 114 158 206
42 25 38 114 158 206
42 25 39 114 158 206
42 25 40 114 158 206
42 25 44 114 158 206
42 25 45 114 158 206
42 25 47 158 216 229
42 25 48 158 216 229
42 25 49 158 216 229
42 25 50 158 216 229
42 26 33 114 158 206
42 26 34 114 158 206
42 26 35 114 158 206
42 26 36 114 158 206
42 26 37 114 158 206
42 26 38 114 158 206
42 26 39 114 158 206
42 26 40 114 158 206
42 26 43 114 158 206
42 26 44 114 158 206
42 26 45 114 158 206
42 26 46 158 216 229
42 26 47 158 216 229
42 26 48 158 216 229
42 26 49 158 216 229
42 27 33 114 158 206
42 27 34 114 158 206
42 27 35 114 158 206
42 27 36 114 158 206
42 27 37 114 158 206
42 27 38 114 158 206
42 27 39 114 158 206
42 27 40 114 158 206
42 27 43 114 158 206
42 27 44 114 158 206
42 27 45 114 158 206
42 27 46 158 216 229
42 28 33 114 158 206
42 28 34 114 158 206
42 28 35 114 158 206
42 28 36 114 158 206
42 28 37 114 158 206
42 28 38 114 158 206
42 28 39 114 158 206
42 28 40 114 158 206
42 28 44 114 158 206
42 28 45 114 158 206
42 28 46 158 216 229
42 29 33 114 158 206
42 29 34 114 158 206
42 29 35 114 158 206
42 29 36 114 158 206
42 29 37 114 158 206
42 29 38 114 158 206
42 29 39 114 158 206
42 29 40 114 158 206
42 29 44 114 158 206
42 30 33 114 158 206
42 30 34 114 158 206
42 30 35 114 158 206
42 30 36 114 158 206
42 30 37 114 158 206
42 30 38 114 158 206
42 30 39 114 158 206
42 30 40 114 158 206
42 30 43 114 158 206
42 30 44 114 158 206
42 30 45 114 158 206
42 31 31 114 158 206
42 31 32 114 158 206
42 31 33 114 158 206
42 31 34 114 158 206
42 31 35 114 158 206
42 31 36 114 158 206
42 31 37 214 38 40
42 31 38 214 38 40
42 31 39 214 38 40
42 31 40 114 158 206
42 31 44 114 158 206
42 31 45 214 38 40
42 31 46 214 38 40
42 32 33 214 38 40
42 32 34 214 38 40
42 32 35 214 38 40
42 32 36 214 38 40
42 32 37 214 38 40
42 32 38 214 38 40
42 32 39 214 38 40
42 32 40 214 38 40
42 32 45 214 38 40
42 32 46 214 38 40
42 33 34 214 38 40
42 33 35 214 38 40
42 33 36 214 38 40
42 33 37 214 38 40
42 33 38 214 38 40
42 33 41 214 38 40
42 33 42 214 38 40
42 33 43 214 38 40
42 33 44 214 38 40
42 33 47 214 38 40
42 33 48 214 38 40
42 33 49 214 38 40
42 33 50 214 38 40
42 33 51 214 38 40
42 33 52 214 38 40
42 33 53 214 38 40
42 33 54 214 38 40
42 33 55 214 38 40
42 33 56 214 38 40
42 33 57 214 38 40
42 34 36 214 38 40
42 34 39 214 38 40
42 34 40 214 38 40
42 34 41 214 38 40
42 34 42 214 38 40
42 34 43 214 38 40
42 34 44 214 38 40
42 34 45 214 38 40
42 34 46 214 38 40
42 34 47 214 38 40
42 34 48 214 38 40
42 34 49 214 38 40
42 34 50 214 38 40
42 34 51 214 38 40
42 34 52 214 38 40
42 34 53 214 38 40
42 34 54 214 38 40
42 34 55 214 38 40
42 34 56 214 38 40
42 34 57 214 38 40
43 0 39 43 160 4
43 0 40 43 160 4
43 0 41 43 160 4
43 0 42 43 160 4
43 0 43 43 160 4
43 0 44 43 160 4
43 0 45 43 160 4
43 0 46 43 160 4
43 0 47 43 160 4
43 0 48 43 160 4
43 0 49 43 160 4
43 0 50 43 160 4
43 0 51 43 160 4
43 0 52 43 160 4
43 0 53 43 160 4
43 0 54 43 160 4
43 0 55 43 160 4
43 0 56 43 160 4
43 0 57 43 160 4
43 0 58 43 160 4
43 0 59 43 160 4
43 1 36 114 158 206
43 1 41 196 175 214
43 1 42 158 216 229
43 2 35 114 158 206
43 2 36 114 158 206
43 2 42 158 216 229
43 3 31 114 158 206
43 3 32 114 158 206
43 3 33 114 158 206
43 3 35 114 158 206
43 3 36 114 158 206
43 3 38 158 216 229
43 3 39 158 216 229
43 3 40 158 216 229
43 4 30 114 158 206
43 4 31 114 158 206
43 4 32 114 158 206
43 4 33 114 158 206
43 4 38 158 216 229
43 4 39 196 175 214
43 4 40 158 216 229
43 4 41 196 175 214
43 5 27 114 158 206
43 5 30 114 158 206
43 5 31 114 158 206
43 5 32 114 158 206
43 5 33 114 158 206
43 5 38 158 216 229
43 5 39 196 175 214
43 5 40 196 175 214
43 5 41 196 175 214
43 6 25 114 158 206
43 6 30 114 158 206
43 6 31 114 158 206
43 6 32 114 158 206
43 6 33 114 158 206
43 6 38 114 158 206
43 6 39 196 175 214
43 6 40 196 175 214
43 7 23 204 204 91
43 7 30 114 158 206
43 7 31 114 158 206
43 7 32 114 158 206
43 7 33 114 158 206
43 7 38 114 158 206
43 7 39 114 158 206
43 7 40 196 175 214
43 8 22 204 204 91
43 8 30 114 158 206
43 8 31 114 158 206
43 8 32 114 158 206
43 8 33 114 158 206
43 8 34 114 158 206
43 8 38 114 158 206
43 8 39 114 158 206
43 8 40 114 158 206
43 9 30 114 158 206
43 9 31 114 158 206
43 9 32 114 158 206
43 9 33 114 158 206
43 9 34 114 158 206
43 9 35 114 158 206
43 9 38 114 158 206
43 9 39 114 158 206
43 9 40 114 158 206
43 10 30 114 158 206
43 10 31 114 158 206
43 10 32 114 158 206
43 10 33 114 158 206
43 10 34 114 158 206
43 10 35 114 158 206
43 10 38 114 158 206
43 10 39 114 158 206
43 10 40 114 158 206
43 11 30 114 158 206
43 11 31 114 158 206
43 11 32 114 158 206
43 11 33 114 158 206
43 11 34 114 158 206
43 11 35 114 158 206
43 11 38 114 158 206
43 11 39 114 158 206
43 11 40 114 158 206
43 12 30 114 158 206
43 12 31 114 158 206
43 12 32 114 158 206
43 12 33 114 158 206
43 12 34 114 158 206
43 12 35 114 158 206
43 12 39 114 158 206
43 12 40 114 158 206
43 13 30 114 158 206
43 13 31 114 158 206
43 13 32 114 158 206
43 13 33 114 158 206
43 13 34 114 158 206
43 13 35 114 158 206
43 13 39 114 158 206
43 13 40 114 158 206
43 14 30 114 158 206
43 14 31 114 158 206
43 14 32 114 158 206
43 14 33 114 158 206
43 14 34 114 158 206
43 14 35 114 158 206
43 14 39 114 158 206
43 14 42 114 158 206
43 14 43 114 158 206
43 14 44 114 158 206
43 15 30 114 158 206
43 15 31 114 158 206
43 15 32 114 158 206
43 15 33 114 158 206
43 15 34 114 158 206
43 15 35 114 158 206
43 15 39 114 158 206
43 16 30 114 158 206
43 16 31 114 158 206
43 16 32 114 158 206
43 16 33 114 158 206
43 16 34 114 158 206
43 16 35 114 158 206
43 16 39 114 158 206
43 17 30 114 158 206
43 17 31 114 158 206
43 17 32 114 158 206
43 17 33 114 158 206
43 17 34 114 158 206
43 17 35 114 158 206
43 17 39 114 158 206
43 18 30 114 158 206
43 18 31 114 158 206
43 18 32 114 158 206
43 18 33 114 158 206
43 18 34 114 158 206
43 18 35 114 158 206
43 18 40 114 158 206
43 18 41 114 158 206
43 19 31 114 158 206
43 19 32 114 158 206
43 19 33 114 158 206
43 19 34 114 158 206
43 19 35 114 158 206
43 19 37 114 158 206
43 19 38 114 158 206
43 19 40 114 158 206
43 20 30 114 158 206
43 20 31 114 158 206
43 20 32 114 158 206
43 20 33 114 158 206
43 20 34 114 158 206
43 20 35 114 158 206
43 20 40 114 158 206
43 21 30 114 158 206
43 21 31 114 158 206
43 21 32 114 158 206
43 21 33 114 158 206
43 21 34 114 158 206
43 21 35 114 158 206
43 21 54 158 216 229
43 22 31 114 158 206
43 22 32 114 158 206
43 22 33 114 158 206
43 22 34 114 158 206
43 22 35 114 158 206
43 22 41 114 158 206
43 22 42 114 158 206
43 23 30 114 158 206
43 23 31 114 158 206
43 23 32 114 158 206
43 23 33 114 158 206
43 23 34 114 158 206
43 23 35 114 158 206
43 23 41 114 158 206
43 23 42 114 158 206
43 23 53 158 216 229
43 23 54 158 216 229
43 23 55 158 216 229
43 24 30 114 158 206
43 24 31 114 158 206
43 24 32 114 158 206
43 24 33 114 158 206
43 24 34 114 158 206
43 24 35 114 158 206
43 24 41 114 158 206
43 24 42 114 158 206
43 24 46 158 216 229
43 24 47 158 216 229
43 24 48 158 216 229
43 24 49 158 216 229
43 24 50 158 216 229
43 24 51 158 216 229
43 24 55 158 216 229
43 25 30 114 158 206
43 25 31 114 158 206
43 25 32 114 158 206
43 25 33 114 158 206
43 25 34 114 158 206
43 25 35 114 158 206
43 25 41 114 158 206
43 25 42 114 158 206
43 25 43 114 158 206
43 25 47 158 216 229
43 25 48 158 216 229
43 25 49 158 216 229
43 25 50 158 216 229
43 25 51 158 216 229
43 25 52 158 216 229
43 25 53 158 216 229
43 25 55 158 216 229
43 26 31 114 158 206
43 26 32 114 158 206
43 26 33 114 158 206
43 26 34 114 158 206
43 26 41 114 158 206
43 26 42 114 158 206
43 26 47 158 216 229
43 26 48 158 216 229
43 26 49 158 216 229
43 26 50 158 216 229
43 26 51 158 216 229
43 26 52 158 216 229
43 26 54 158 216 229
43 26 55 158 216 229
43 27 30 114 158 206
43 27 31 114 158 206
43 27 32 114 158 206
43 27 33 114 158 206
43 27 34 114 158 206
43 27 41 114 158 206
43 27 42 114 158 206
43 27 52 158 216 229
43 27 54 158 216 229
43 28 26 114 158 206
43 28 30 114 158 206
43 28 31 114 158 206
43 28 32 114 158 206
43 28 33 114 158 206
43 28 34 114 158 206
43 28 41 114 158 206
43 28 42 114 158 206
43 28 43 114 158 206
43 29 28 114 158 206
43 29 30 114 158 206
43 29 31 114 158 206
43 29 32 114 158 206
43 29 33 114 158 206
43 29 34 114 158 206
43 29 41 114 158 206
43 29 44 114 158 206
43 29 45 114 158 206
43 30 28 114 158 206
43 30 31 114 158 206
43 30 32 114 158 206
43 30 33 114 158 206
43 30 34 114 158 206
43 30 41 114 158 206
43 31 31 114 158 206
43 31 32 114 158 206
43 31 33 114 158 206
43 31 34 114 158 206
43 32 33 214 38 40
43 32 34 214 38 40
43 33 39 214 38 40
43 33 40 214 38 40
43 33 41 214 38 40
43 33 42 214 38 40
43 33 43 214 38 40
43 33 44 214 38 40
43 33 45 214 38 40
43 33 46 214 38 40
43 33 47 214 38 40
43 33 48 214 38 40
43 33 49 214 38 40
43 33 50 214 38 40
43 33 51 214 38 40
43 33 52 214 38 40
43 33 53 214 38 40
43 33 54 214 38 40
43 33 55 214 38 40
43 33 56 214 38 40
43 33 57 214 38 40
43 34 38 214 38 40
43 34 39 214 38 40
43 34 40 214 38 40
43 34 41 214 38 40
43 34 42 214 38 40
43 34 43 214 38 40
43 34 44 214 38 40
43 34 45 214 38 40
43 34 46 214 38 40
43 34 47 214 38 40
43 34 48 214 38 40
43 34 49 214 38 40
43 34 50 214 38 40
43 34 51 214 38 40
43 34 52 214 38 40
43 34 53 214 38 40
43 34 54 214 38 40
43 34 55 214 38 40
43 34 56 214 38 40
43 34 57 214 38 40
44 0 39 43 160 4
44 0 40 43 160 4
44 0 41 43 160 4
44 0 42 43 160 4
44 0 43 43 160 4
44 0 44 43 160 4
44 0 45 43 160 4
44 0 46 43 160 4
44 0 47 43 160 4
44 0 48 43 160 4
44 0 49 43 160 4
44 0 50 43 160 4
44 0 51 43 160 4
44 0 52 43 160 4
44 0 53 43 160 4
44 0 54 43 160 4
44 0 55 43 160 4
44 0 56 43 160 4
44 0 57 43 160 4
44 0 58 43 160 4
44 0 59 43 160 4
44 3 31 114 158 206
44 3 32 114 158 206
44 3 34 114 158 206
44 4 29 114 158 206
44 4 30 114 158 206
44 4 31 114 158 206
44 4 32 114 158 206
44 4 33 114 158 206
44 5 27 114 158 206
44 5 28 114 158 206
44 5 29 114 158 206
44 5 30 114 158 206
44 5 31 114 158 206
44 5 32 114 158 206
44 5 33 114 158 206
44 6 25 114 158 206
44 6 28 114 158 206
44 6 29 114 158 206
44 6 30 114 158 206
44 6 31 114 158 206
44 6 32 114 158 206
44 6 33 114 158 206
44 6 37 114 158 206
44 7 29 114 158 206
44 7 30 114 158 206
44 7 31 114 158 206
44 7 32 114 158 206
44 7 33 114 158 206
44 7 35 114 158 206
44 7 36 114 158 206
44 7 37 114 158 206
44 8 29 114 158 206
44 8 30 114 158 206
44 8 31 114 158 206
44 8 32 114 158 206
44 8 33 114 158 206
44 8 35 114 158 206
44 8 36 114 158 206
44 8 37 114 158 206
44 8 38 114 158 206
44 9 29 114 158 206
44 9 30 114 158 206
44 9 31 114 158 206
44 9 32 114 158 206
44 9 33 114 158 206
44 9 36 114 158 206
44 9 37 114 158 206
44 9 38 114 158 206
44 9 39 114 158 206
44 10 29 114 158 206
44 10 30 114 158 206
44 10 31 114 158 206
44 10 32 114 158 206
44 10 33 114 158 206
44 10 34 114 158 206
44 10 36 114 158 206
44 10 37 114 158 206
44 10 38 114 158 206
44 10 39 114 158 206
44 11 29 114 158 206
44 11 30 114 158 206
44 11 31 114 158 206
44 11 32 114 158 206
44 11 33 114 158 206
44 11 34 114 158 206
44 11 36 114 158 206
44 11 37 114 158 206
44 11 38 114 158 206
44 11 39 114 158 206
44 12 29 114 158 206
44 12 30 114 158 206
44 12 31 114 158 206
44 12 32 114 158 206
44 12 33 114 158 206
44 12 34 114 158 206
44 12 36 114 158 206
44 12 37 114 158 206
44 13 29 114 158 206
44 13 30 114 158 206
44 13 31 114 158 206
44 13 32 114 158 206
44 13 33 114 158 206
44 13 36 114 158 206
44 13 37 114 158 206
44 13 38 114 158 206
44 14 29 114 158 206
44 14 30 114 158 206
44 14 31 114 158 206
44 14 32 114 158 206
44 14 33 114 158 206
44 14 36 114 158 206
44 15 29 114 158 206
44 15 30 114 158 206
44 15 31 114 158 206
44 15 32 114 158 206
44 15 33 114 158 206
44 15 36 114 158 206
44 16 29 114 158 206
44 16 30 114 158 206
44 16 31 114 158 206
44 16 32 114 158 206
44 16 33 114 158 206
44 16 36 114 158 206
44 17 29 114 158 206
44 17 30 114 158 206
44 17 31 114 158 206
44 17 32 114 158 206
44 17 33 114 158 206
44 17 36 114 158 206
44 17 37 114 158 206
44 17 38 114 158 206
44 17 39 114 158 206
44 18 29 114 158 206
44 18 30 114 158 206
44 18 31 114 158 206
44 18 32 114 158 206
44 18 33 114 158 206
44 18 36 114 158 206
44 18 37 114 158 206
44 18 38 114 158 206
44 18 39 114 158 206
44 19 29 114 158 206
44 19 30 114 158 206
44 19 31 114 158 206
44 19 32 114 158 206
44 19 33 114 158 206
44 19 36 114 158 206
44 19 37 114 158 206
44 19 38 114 158 206
44 19 39 114 158 206
44 19 40 114 158 206
44 20 29 114 158 206
44 20 30 114 158 206
44 20 31 114 158 206
44 20 32 114 158 206
44 20 33 114 158 206
44 20 36 114 158 206
44 20 37 114 158 206
44 20 38 114 158 206
44 20 39 114 158 206
44 20 42 114 158 206
44 21 28 114 158 206
44 21 29 114 158 206
44 21 30 114 158 206
44 21 31 114 158 206
44 21 32 114 158 206
44 21 33 114 158 206
44 21 36 114 158 206
44 21 37 114 158 206
44 21 38 114 158 206
44 21 39 114 158 206
44 21 40 114 158 206
44 21 41 114 158 206
44 21 42 114 158 206
44 22 28 114 158 206
44 22 29 114 158 206
44 22 30 114 158 206
44 22 31 114 158 206
44 22 32 114 158 206
44 22 33 114 158 206
44 22 36 114 158 206
44 22 37 114 158 206
44 23 29 114 158 206
44 23 30 114 158 206
44 23 31 114 158 206
44 23 32 114 158 206
44 23 33 114 158 206
44 23 36 114 158 206
44 23 37 114 158 206
44 24 28 114 158 206
44 24 29 114 158 206
44 24 30 114 158 206
44 24 31 114 158 206
44 24 32 114 158 206
44 24 33 114 158 206
44 24 35 114 158 206
44 24 36 114 158 206
44 24 37 114 158 206
44 25 29 114 158 206
44 25 30 114 158 206
44 25 31 114 158 206
44 25 32 114 158 206
44 25 33 114 158 206
44 25 35 114 158 206
44 25 36 114 158 206
44 25 37 114 158 206
44 25 50 158 216 229
44 25 51 158 216 229
44 25 52 158 216 229
44 25 53 158 216 229
44 26 29 114 158 206
44 26 30 114 158 206
44 26 31 114 158 206
44 26 32 114 158 206
44 26 33 114 158 206
44 26 35 114 158 206
44 26 36 114 158 206
44 26 37 114 158 206
44 26 50 158 216 229
44 26 51 158 216 229
44 26 52 158 216 229
44 27 28 114 158 206
44 27 29 114 158 206
44 27 30 114 158 206
44 27 31 114 158 206
44 27 32 114 158 206
44 27 35 114 158 206
44 27 36 114 158 206
44 27 37 114 158 206
44 28 27 114 158 206
44 28 28 114 158 206
44 28 29 114 158 206
44 28 30 114 158 206
44 28 31 114 158 206
44 28 32 114 158 206
44 28 35 114 158 206
44 28 36 114 158 206
44 28 37 114 158 206
44 29 26 114 158 206
44 29 28 114 158 206
44 29 29 114 158 206
44 29 30 114 158 206
44 29 31 114 158 206
44 29 32 114 158 206
44 29 35 114 158 206
44 29 36 114 158 206
44 29 37 114 158 206
44 30 30 114 158 206
44 30 31 114 158 206
44 30 32 114 158 206
44 30 35 114 158 206
44 30 36 114 158 206
44 31 31 114 158 206
44 31 33 114 158 206
44 32 36 214 38 40
44 33 37 214 38 40
44 33 38 214 38 40
44 33 39 214 38 40
44 33 40 214 38 40
44 33 41 214 38 40
44 33 42 214 38 40
44 33 43 214 38 40
44 33 44 214 38 40
44 33 45 214 38 40
44 33 46 214 38 40
44 33 47 214 38 40
44 33 48 214 38 40
44 33 49 214 38 40
44 33 50 214 38 40
44 33 51 214 38 40
44 33 52 214 38 40
44 33 53 214 38 40
44 33 54 214 38 40
44 33 55 214 38 40
44 33 56 214 38 40
44 33 57 214 38 40
44 34 36 214 38 40
44 34 37 214 38 40
44 34 38 214 38 40
44 34 39 214 38 40
44 34 40 214 38 40
44 34 41 214 38 40
44 34 42 214 38 40
44 34 43 214 38 40
44 34 44 214 38 40
44 34 45 214 38 40
44 34 46 214 38 40
44 34 47 214 38 40
44 34 48 214 38 40
44 34 49 214 38 40
44 34 50 214 38 40
44 34 51 214 38 40
44 34 52 214 38 40
44 34 53 214 38 40
44 34 54 214 38 40
44 34 55 214 38 40
44 34 56 214 38 40
45 0 38 43 160 4
45 0 39 43 160 4
45 0 40 43 160 4
45 0 41 43 160 4
45 0 42 43 160 4
45 0 43 43 160 4
45 0 44 43 160 4
45 0 45 43 160 4
45 0 46 43 160 4
45 0 47 43 160 4
45 0 48 43 160 4
45 0 49 43 160 4
45 0 50 43 160 4
45 0 51 43 160 4
45 0 52 43 160 4
45 0 53 43 160 4
45 0 54 43 160 4
45 0 55 43 160 4
45 0 56 43 160 4
45 0 57 43 160 4
45 0 58 43 160 4
45 0 59 43 160 4
45 1 36 114 158 206
45 2 34 114 158 206
45 3 31 114 158 206
45 3 33 114 158 206
45 3 34 114 158 206
45 4 29 114 158 206
45 4 30 114 158 206
45 4 34 114 158 206
45 5 27 114 158 206
45 5 28 114 158 206
45 5 29 114 158 206
45 5 30 114 158 206
45 5 34 114 158 206
45 6 27 114 158 206
45 6 28 114 158 206
45 6 29 114 158 206
45 6 30 114 158 206
45 6 33 114 158 206
45 6 34 114 158 206
45 6 36 114 158 206
45 7 27 114 158 206
45 7 28 114 158 206
45 7 29 114 158 206
45 7 30 114 158 206
45 7 34 114 158 206
45 7 35 114 158 206
45 8 28 114 158 206
45 8 29 114 158 206
45 8 30 114 158 206
45 8 33 114 158 206
45 8 34 114 158 206
45 8 35 114 158 206
45 9 28 114 158 206
45 9 29 114 158 206
45 9 30 114 158 206
45 9 32 114 158 206
45 9 33 114 158 206
45 9 34 114 158 206
45 9 35 114 158 206
45 10 28 114 158 206
45 10 29 114 158 206
45 10 30 114 158 206
45 10 32 114 158 206
45 10 33 114 158 206
45 10 34 114 158 206
45 10 35 114 158 206
45 10 36 114 158 206
45 11 27 114 158 206
45 11 28 114 158 206
45 11 29 114 158 206
45 11 30 114 158 206
45 11 33 114 158 206
45 11 34 114 158 206
45 11 35 114 158 206
45 12 27 114 158 206
45 12 28 114 158 206
45 12 29 114 158 206
45 12 30 114 158 206
45 12 34 114 158 206
45 12 35 114 158 206
45 13 27 114 158 206
45 13 28 114 158 206
45 13 29 114 158 206
45 13 30 114 158 206
45 13 33 114 158 206
45 13 34 114 158 206
45 13 35 114 158 206
45 14 27 114 158 206
45 14 28 114 158 206
45 14 29 114 158 206
45 14 30 114 158 206
45 14 31 114 158 206
45 14 33 114 158 206
45 14 34 114 158 206
45 14 35 114 158 206
45 15 27 114 158 206
45 15 28 114 158 206
45 15 29 114 158 206
45 15 30 114 158 206
45 15 31 114 158 206
45 15 34 114 158 206
45 15 35 114 158 206
45 16 27 114 158 206
45 16 28 114 158 206
45 16 29 114 158 206
45 16 30 114 158 206
45 16 31 114 158 206
45 16 34 114 158 206
45 16 35 114 158 206
45 17 27 114 158 206
45 17 28 114 158 206
45 17 29 114 158 206
45 17 30 114 158 206
45 17 31 114 158 206
45 17 33 114 158 206
45 17 34 114 158 206
45 17 35 114 158 206
45 17 36 114 158 206
45 18 27 114 158 206
45 18 28 114 158 206
45 18 29 114 158 206
45 18 30 114 158 206
45 18 34 114 158 206
45 18 35 114 158 206
45 18 36 114 158 206
45 19 27 114 158 206
45 19 28 114 158 206
45 19 29 114 158 206
45 19 30 114 158 206
45 19 31 114 158 206
45 19 34 114 158 206
45 19 35 114 158 206
45 19 36 114 158 206
45 20 27 114 158 206
45 20 28 114 158 206
45 20 29 114 158 206
45 20 30 114 158 206
45 20 31 114 158 206
45 20 34 114 158 206
45 20 35 114 158 206
45 20 36 114 158 206
45 21 26 114 158 206
45 21 27 114 158 206
45 21 28 114 158 206
45 21 29 114 158 206
45 21 30 114 158 206
45 21 31 114 158 206
45 21 34 114 158 206
45 21 35 114 158 206
45 21 36 114 158 206
45 22 27 114 158 206
45 22 28 114 158 206
45 22 29 114 158 206
45 22 30 114 158 206
45 22 31 114 158 206
45 22 34 114 158 206
45 22 35 114 158 206
45 22 36 114 158 206
45 23 27 114 158 206
45 23 28 114 158 206
45 23 29 114 158 206
45 23 30 114 158 206
45 23 31 114 158 206
45 23 34 114 158 206
45 23 35 114 158 206
45 23 36 114 158 206
45 24 26 114 158 206
45 24 27 114 158 206
45 24 28 114 158 206
45 24 29 114 158 206
45 24 30 114 158 206
45 24 34 114 158 206
45 25 26 114 158 206
45 25 27 114 158 206
45 25 28 114 158 206
45 25 29 114 158 206
45 25 30 114 158 206
45 25 31 114 158 206
45 25 34 114 158 206
45 25 35 114 158 206
45 26 26 114 158 206
45 26 27 114 158 206
45 26 28 114 158 206
45 26 29 114 158 206
45 26 30 114 158 206
45 26 31 114 158 206
45 26 33 114 158 206
45 26 34 114 158 206
45 26 35 114 158 206
45 26 36 114 158 206
45 27 27 114 158 206
45 27 28 114 158 206
45 27 29 114 158 206
45 27 30 114 158 206
45 27 31 114 158 206
45 27 33 114 158 206
45 27 34 114 158 206
45 27 35 114 158 206
45 28 26 114 158 206
45 28 27 114 158 206
45 28 28 114 158 206
45 28 29 114 158 206
45 28 30 114 158 206
45 28 31 114 158 206
45 28 33 114 158 206
45 28 34 114 158 206
45 29 30 114 158 206
45 29 31 114 158 206
45 29 33 114 158 206
45 29 34 114 158 206
45 29 36 114 158 206
45 30 30 114 158 206
45 30 31 114 158 206
45 30 33 114 158 206
45 30 34 114 158 206
45 32 32 114 158 206
45 33 34 214 38 40
45 33 35 214 38 40
45 33 37 214 38 40
45 33 38 214 38 40
45 33 39 214 38 40
45 33 40 214 38 40
45 33 41 214 38 40
45 33 42 214 38 40
45 33 43 214 38 40
45 33 44 214 38 40
45 33 45 214 38 40
45 33 46 214 38 40
45 33 47 214 38 40
45 33 48 214 38 40
45 33 49 214 38 40
45 33 50 214 38 40
45 33 51 214 38 40
45 33 52 214 38 40
45 33 53 214 38 40
45 33 54 214 38 40
45 33 55 214 38 40
45 33 56 214 38 40
45 33 57 214 38 40
45 34 36 214 38 40
45 34 37 214 38 40
45 34 39 214 38 40
45 34 40 214 38 40
45 34 41 214 38 40
45 34 42 214 38 40
45 34 43 214 38 40
45 34 44 214 38 40
45 34 45 214 38 40
45 34 46 214 38 40
45 34 47 214 38 40
45 34 48 214 38 40
45 34 49 214 38 40
45 34 50 214 38 40
45 34 51 214 38 40
45 34 52 214 38 40
45 34 53 214 38 40
45 34 54 214 38 40
45 34 55 214 38 40
46 0 38 43 160 4
46 0 39 43 160 4
46 0 40 43 160 4
46 0 41 43 160 4
46 0 42 43 160 4
46 0 43 43 160 4
46 0 44 43 160 4
46 0 45 43 160 4
46 0 46 43 160 4
46 0 47 43 160 4
46 0 48 43 160 4
46 0 49 43 160 4
46 0 50 43 160 4
46 0 51 43 160 4
46 0 52 43 160 4
46 0 53 43 160 4
46 0 54 43 160 4
46 0 55 43 160 4
46 0 56 43 160 4
46 0 57 43 160 4
46 0 58 43 160 4
46 0 59 43 160 4
46 1 36 114 158 206
46 2 34 114 158 206
46 2 35 114 158 206
46 2 36 114 158 206
46 3 32 114 158 206
46 3 33 114 158 206
46 3 34 114 158 206
46 3 35 114 158 206
46 3 36 114 158 206
46 4 29 114 158 206
46 4 31 114 158 206
46 4 32 114 158 206
46 4 33 114 158 206
46 4 34 114 158 206
46 4 35 114 158 206
46 5 27 114 158 206
46 5 28 114 158 206
46 5 29 114 158 206
46 5 31 114 158 206
46 5 32 114 158 206
46 5 33 114 158 206
46 5 34 114 158 206
46 5 35 114 158 206
46 5 36 114 158 206
46 6 27 114 158 206
46 6 28 114 158 206
46 6 31 114 158 206
46 6 32 114 158 206
46 6 33 114 158 206
46 6 34 114 158 206
46 6 35 114 158 206
46 6 36 114 158 206
46 7 27 114 158 206
46 7 28 114 158 206
46 7 29 114 158 206
46 7 31 114 158 206
46 7 32 114 158 206
46 7 33 114 158 206
46 7 34 114 158 206
46 7 35 114 158 206
46 8 27 114 158 206
46 8 28 114 158 206
46 8 29 114 158 206
46 8 31 114 158 206
46 8 32 114 158 206
46 8 33 114 158 206
46 8 34 114 158 206
46 9 27 114 158 206
46 9 28 114 158 206
46 9 29 114 158 206
46 9 31 114 158 206
46 9 32 114 158 206
46 9 33 114 158 206
46 9 34 114 158 206
46 9 35 114 158 206
46 10 27 114 158 206
46 10 28 114 158 206
46 10 31 114 158 206
46 10 32 114 158 206
46 10 33 114 158 206
46 10 34 114 158 206
46 10 35 114 158 206
46 11 27 114 158 206
46 11 28 114 158 206
46 11 32 114 158 206
46 11 33 114 158 206
46 11 34 114 158 206
46 11 35 114 158 206
46 12 27 114 158 206
46 12 28 114 158 206
46 12 31 114 158 206
46 12 32 114 158 206
46 12 33 114 158 206
46 12 34 114 158 206
46 13 27 114 158 206
46 13 28 114 158 206
46 13 31 114 158 206
46 13 32 114 158 206
46 13 33 114 158 206
46 13 34 114 158 206
46 13 35 114 158 206
46 14 27 114 158 206
46 14 28 114 158 206
46 14 31 114 158 206
46 14 32 114 158 206
46 14 33 114 158 206
46 14 34 114 158 206
46 14 35 114 158 206
46 15 27 114 158 206
46 15 28 114 158 206
46 15 32 114 158 206
46 15 33 114 158 206
46 15 34 114 158 206
46 15 35 114 158 206
46 16 27 114 158 206
46 16 28 114 158 206
46 16 32 114 158 206
46 16 33 114 158 206
46 16 34 114 158 206
46 16 35 114 158 206
46 17 27 114 158 206
46 17 28 114 158 206
46 17 32 114 158 206
46 17 33 114 158 206
46 17 34 114 158 206
46 17 35 114 158 206
46 18 28 114 158 206
46 18 31 114 158 206
46 18 32 114 158 206
46 18 33 114 158 206
46 18 34 114 158 206
46 18 35 114 158 206
46 19 27 114 158 206
46 19 28 114 158 206
46 19 32 114 158 206
46 19 33 114 158 206
46 19 34 114 158 206
46 19 35 114 158 206
46 20 28 114 158 206
46 20 32 114 158 206
46 20 33 114 158 206
46 20 34 114 158 206
46 20 35 114 158 206
46 21 28 114 158 206
46 21 32 114 158 206
46 21 33 114 158 206
46 21 34 114 158 206
46 21 35 114 158 206
46 22 28 114 158 206
46 22 31 114 158 206
46 22 32 114 158 206
46 22 33 114 158 206
46 22 34 114 158 206
46 22 35 114 158 206
46 22 36 114 158 206
46 23 28 114 158 206
46 23 32 114 158 206
46 23 33 114 158 206
46 23 34 114 158 206
46 23 35 114 158 206
46 24 28 114 158 206
46 24 31 114 158 206
46 24 32 114 158 206
46 24 33 114 158 206
46 24 34 114 158 206
46 25 28 114 158 206
46 25 31 114 158 206
46 25 32 114 158 206
46 25 33 114 158 206
46 25 34 114 158 206
46 25 35 114 158 206
46 26 28 114 158 206
46 26 32 114 158 206
46 26 33 114 158 206
46 26 34 114 158 206
46 26 35 114 158 206
46 27 28 114 158 206
46 27 32 114 158 206
46 27 33 114 158 206
46 28 32 114 158 206
46 29 27 114 158 206
46 29 28 114 158 206
46 29 32 114 158 206
46 30 32 114 158 206
46 33 34 214 38 40
46 33 35 214 38 40
46 33 37 214 38 40
46 33 38 214 38 40
46 33 39 214 38 40
46 33 40 214 38 40
46 33 41 214 38 40
46 33 42 214 38 40
46 33 43 214 38 40
46 33 44 214 38 40
46 33 45 214 38 40
46 33 46 214 38 40
46 33 47 214 38 40
46 33 48 214 38 40
46 33 49 214 38 40
46 33 50 214 38 40
46 33 51 214 38 40
46 33 52 214 38 40
46 33 53 214 38 40
46 33 55 214 38 40
46 34 36 214 38 40
46 34 37 214 38 40
46 34 39 214 38 40
46 34 40 214 38 40
46 34 41 214 38 40
46 34 42 214 38 40
46 34 43 214 38 40
46 34 44 214 38 40
46 34 45 214 38 40
46 34 46 214 38 40
46 34 47 214 38 40
46 34 48 214 38 40
46 34 49 214 38 40
46 34 50 214 38 40
46 34 51 214 38 40
46 34 52 214 38 40
46 34 53 214 38 40
46 34 54 214 38 40
46 34 55 214 38 40
47 0 38 43 160 4
47 0 39 43 160 4
47 0 40 43 160 4
47 0 41 43 160 4
47 0 42 43 160 4
47 0 43 43 160 4
47 0 44 43 160 4
47 0 45 43 160 4
47 0 46 43 160 4
47 0 47 43 160 4
47 0 48 43 160 4
47 0 49 43 160 4
47 0 50 43 160 4
47 0 51 43 160 4
47 0 52 43 160 4
47 0 53 43 160 4
47 0 54 43 160 4
47 0 55 43 160 4
47 0 56 43 160 4
47 0 57 43 160 4
47 0 58 43 160 4
47 0 59 43 160 4
47 1 36 114 158 206
47 2 34 114 158 206
47 3 32 114 158 206
47 3 33 114 158 206
47 4 30 114 158 206
47 4 32 114 158 206
47 5 30 114 158 206
47 5 32 114 158 206
47 5 33 114 158 206
47 5 34 114 158 206
47 6 30 114 158 206
47 6 32 114 158 206
47 6 33 114 158 206
47 6 34 114 158 206
47 7 30 114 158 206
47 7 33 114 158 206
47 7 34 114 158 206
47 8 30 114 158 206
47 9 30 114 158 206
47 9 34 114 158 206
47 10 30 114 158 206
47 10 32 114 158 206
47 10 34 114 158 206
47 11 30 114 158 206
47 11 32 114 158 206
47 11 34 114 158 206
47 12 30 114 158 206
47 12 34 114 158 206
47 13 30 114 158 206
47 13 32 114 158 206
47 13 34 114 158 206
47 14 30 114 158 206
47 14 31 114 158 206
47 14 32 114 158 206
47 14 33 114 158 206
47 14 34 114 158 206
47 15 30 114 158 206
47 15 31 114 158 206
47 15 32 114 158 206
47 15 33 114 158 206
47 15 34 114 158 206
47 15 35 114 158 206
47 16 30 114 158 206
47 16 31 114 158 206
47 16 32 114 158 206
47 16 33 114 158 206
47 16 34 114 158 206
47 16 35 114 158 206
47 17 30 114 158 206
47 17 31 114 158 206
47 17 32 114 158 206
47 17 33 114 158 206
47 17 34 114 158 206
47 17 35 114 158 206
47 18 30 114 158 206
47 18 31 114 158 206
47 18 32 114 158 206
47 18 33 114 158 206
47 18 34 114 158 206
47 18 35 114 158 206
47 19 30 114 158 206
47 19 31 114 158 206
47 19 32 114 158 206
47 19 33 114 158 206
47 19 34 114 158 206
47 19 35 114 158 206
47 20 30 114 158 206
47 20 31 114 158 206
47 20 32 114 158 206
47 20 34 114 158 206
47 20 35 114 158 206
47 21 30 114 158 206
47 21 31 114 158 206
47 21 32 114 158 206
47 21 34 114 158 206
47 21 35 114 158 206
47 22 30 114 158 206
47 22 31 114 158 206
47 22 32 114 158 206
47 22 34 114 158 206
47 22 35 114 158 206
47 23 30 114 158 206
47 23 34 114 158 206
47 24 30 114 158 206
47 25 30 114 158 206
47 26 30 114 158 206
47 27 30 114 158 206
47 28 30 114 158 206
47 29 31 114 158 206
47 30 29 114 158 206
47 30 30 114 158 206
47 33 34 214 38 40
47 33 35 214 38 40
47 33 36 214 38 40
47 33 38 214 38 40
47 33 39 214 38 40
47 33 40 214 38 40
47 33 41 214 38 40
47 33 42 214 38 40
47 33 43 214 38 40
47 33 44 214 38 40
47 33 45 214 38 40
47 33 46 214 38 40
47 33 47 214 38 40
47 33 48 214 38 40
47 33 49 214 38 40
47 33 50 214 38 40
47 33 51 214 38 40
47 33 52 214 38 40
47 33 53 214 38 40
47 33 54 214 38 40
47 33 55 214 38 40
47 34 36 214 38 40
47 34 37 214 38 40
47 34 40 214 38 40
47 34 41 214 38 40
47 34 42 214 38 40
47 34 43 214 38 40
47 34 44 214 38 40
47 34 45 214 38 40
47 34 46 214 38 40
47 34 47 214 38 40
47 34 48 214 38 40
47 34 49 214 38 40
47 34 50 214 38 40
47 34 51 214 38 40
47 34 52 214 38 40
47 34 53 214 38 40
48 0 39 43 160 4
48 0 40 43 160 4
48 0 41 43 160 4
48 0 42 43 160 4
48 0 43 43 160 4
48 0 44 43 160 4
48 0 45 43 160 4
48 0 46 43 160 4
48 0 47 43 160 4
48 0 48 43 160 4
48 0 49 43 160 4
48 0 50 43 160 4
48 0 51 43 160 4
48 0 52 43 160 4
48 0 53 43 160 4
48 0 54 43 160 4
48 0 55 43 160 4
48 0 56 43 160 4
48 0 57 43 160 4
48 0 58 43 160 4
48 0 59 43 160 4
48 3 31 114 158 206
48 33 34 214 38 40
48 33 35 214 38 40
48 33 36 214 38 40
48 33 37 214 38 40
48 33 38 214 38 40
48 33 39 214 38 40
48 33 40 214 38 40
48 33 41 214 38 40
48 33 42 214 38 40
48 33 43 214 38 40
48 33 44 214 38 40
48 33 45 214 38 40
48 33 46 214 38 40
48 33 47 214 38 40
48 33 48 214 38 40
48 33 49 214 38 40
48 33 50 214 38 40
48 33 51 214 38 40
48 33 52 214 38 40
48 33 53 214 38 40
48 34 36 214 38 40
48 34 37 214 38 40
48 34 38 214 38 40
48 34 40 214 38 40
48 34 41 214 38 40
48 34 42 214 38 40
48 34 43 214 38 40
48 34 44 214 38 40
48 34 45 214 38 40
48 34 46 214 38 40
48 34 47 214 38 40
48 34 48 214 38 40
48 34 49 214 38 40
48 34 50 214 38 40
48 34 51 214 38 40
48 34 52 214 38 40
49 0 38 43 160 4
49 0 39 43 160 4
49 0 40 43 160 4
49 0 41 43 160 4
49 0 42 43 160 4
49 0 43 43 160 4
49 0 44 43 160 4
49 0 45 43 160 4
49 0 46 43 160 4
49 0 47 43 160 4
49 0 48 43 160 4
49 0 49 43 160 4
49 0 50 43 160 4
49 0 51 43 160 4
49 0 52 43 160 4
49 0 53 43 160 4
49 0 54 43 160 4
49 0 55 43 160 4
49 0 56 43 160 4
49 0 57 43 160 4
49 0 58 43 160 4
49 0 59 43 160 4
49 14 32 114 158 206
49 16 32 114 158 206
49 17 32 114 158 206
49 19 32 114 158 206
49 33 34 214 38 40
49 33 35 214 38 40
49 33 36 214 38 40
49 33 39 214 38 40
49 33 40 214 38 40
49 33 41 214 38 40
49 33 42 214 38 40
49 33 43 214 38 40
49 33 44 214 38 40
49 33 45 214 38 40
49 33 46 214 38 40
49 33 47 214 38 40
49 33 48 214 38 40
49 33 49 214 38 40
49 33 50 214 38 40
49 33 51 214 38 40
49 33 52 214 38 40
49 33 53 214 38 40
49 33 54 214 38 40
49 34 37 214 38 40
49 34 38 214 38 40
49 34 39 214 38 40
49 34 40 214 38 40
49 34 41 214 38 40
49 34 42 214 38 40
49 34 43 214 38 40
49 34 44 214 38 40
49 34 45 214 38 40
49 34 46 214 38 40
49 34 47 214 38 40
49 34 48 214 38 40
49 34 49 214 38 40
49 34 50 214 38 40
49 34 51 214 38 40
49 34 52 214 38 40
49 34 53 214 38 40
50 0 38 43 160 4
50 0 39 43 160 4
50 0 40 43 160 4
50 0 41 43 160 4
50 0 42 43 160 4
50 0 43 43 160 4
50 0 44 43 160 4
50 0 45 43 160 4
50 0 46 43 160 4
50 0 47 43 160 4
50 0 48 43 160 4
50 0 49 43 160 4
50 0 50 43 160 4
50 0 51 43 160 4
50 0 52 43 160 4
50 0 53 43 160 4
50 0 54 43 160 4
50 0 55 43 160 4
50 0 56 43 160 4
50 0 57 43 160 4
50 0 58 43 160 4
50 0 59 43 160 4
50 33 34 214 38 40
50 33 39 214 38 40
50 33 40 214 38 40
50 33 41 214 38 40
50 33 42 214 38 40
50 33 43 214 38 40
50 33 44 214 38 40
50 33 45 214 38 40
50 33 46 214 38 40
50 33 47 214 38 40
50 33 48 214 38 40
50 33 49 214 38 40
50 33 50 214 38 40
50 33 51 214 38 40
50 34 38 214 38 40
50 34 41 214 38 40
50 34 42 214 38 40
50 34 43 214 38 40
50 34 44 214 38 40
50 34 45 214 38 40
50 34 46 214 38 40
50 34 47 214 38 40
50 34 48 214 38 40
50 34 49 214 38 40
50 34 50 214 38 40
50 34 51 214 38 40
50 34 52 214 38 40
50 34 53 214 38 40
51 0 39 43 160 4
51 0 40 43 160 4
51 0 41 43 160 4
51 0 42 43 160 4
51 0 43 43 160 4
51 0 44 43 160 4
51 0 45 43 160 4
51 0 46 43 160 4
51 0 47 43 160 4
51 0 48 43 160 4
51 0 49 43 160 4
51 0 50 43 160 4
51 0 51 43 160 4
51 0 52 43 160 4
51 0 53 43 160 4
51 0 54 43 160 4
51 0 55 43 160 4
51 0 56 43 160 4
51 0 57 43 160 4
51 0 58 43 160 4
51 0 59 43 160 4
51 33 36 214 38 40
51 33 37 214 38 40
51 33 39 214 38 40
51 33 40 214 38 40
51 33 41 214 38 40
51 33 42 214 38 40
51 33 43 214 38 40
51 33 44 214 38 40
51 33 45 214 38 40
51 33 46 214 38 40
51 33 47 214 38 40
51 33 48 214 38 40
51 33 49 214 38 40
51 33 50 214 38 40
51 33 51 214 38 40
51 34 38 214 38 40
51 34 41 214 38 40
51 34 42 214 38 40
51 34 43 214 38 40
51 34 45 214 38 40
51 34 46 214 38 40
51 34 47 214 38 40
51 34 49 214 38 40
51 34 50 214 38 40
51 34 51 214 38 40
52 0 38 43 160 4
52 0 39 43 160 4
52 0 40 43 160 4
52 0 41 43 160 4
52 0 42 43 160 4
52 0 43 43 160 4
52 0 44 43 160 4
52 0 45 43 160 4
52 0 46 43 160 4
52 0 47 43 160 4
52 0 48 43 160 4
52 0 49 43 160 4
52 0 50 43 160 4
52 0 51 43 160 4
52 0 52 43 160 4
52 0 53 43 160 4
52 0 54 43 160 4
52 0 55 43 160 4
52 0 56 43 160 4
52 0 57 43 160 4
52 0 58 43 160 4
52 0 59 43 160 4
52 33 37 214 38 40
52 33 38 214 38 40
52 34 37 214 38 40
53 0 39 43 160 4
53 0 40 43 160 4
53 0 41 43 160 4
53 0 42 43 160 4
53 0 43 43 160 4
53 0 44 43 160 4
53 0 45 43 160 4
53 0 46 43 160 4
53 0 47 43 160 4
53 0 48 43 160 4
53 0 49 43 160 4
53 0 50 43 160 4
53 0 51 43 160 4
53 0 52 43 160 4
53 0 53 43 160 4
53 0 54 43 160 4
53 0 55 43 160 4
53 0 56 43 160 4
53 0 57 43 160 4
53 0 58 43 160 4
53 0 59 43 160 4
53 33 41 214 38 40
53 34 39 214 38 40
53 34 40 214 38 40
54 0 41 43 160 4
54 0 42 43 160 4
54 0 43 43 160 4
54 0 44 43 160 4
54 0 45 43 160 4
54 0 46 43 160 4
54 0 47 43 160 4
54 0 48 43 160 4
54 0 49 43 160 4
54 0 50 43 160 4
54 0 51 43 160 4
54 0 52 43 160 4
54 0 53 43 160 4
54 0 54 43 160 4
54 0 55 43 160 4
54 0 56 43 160 4
54 0 57 43 160 4
54 0 58 43 160 4
54 0 59 43 160 4
55 0 42 43 160 4
55 0 43 43 160 4
55 0 44 43 160 4
55 0 45 43 160 4
55 0 46 43 160 4
55 0 47 43 160 4
55 0 48 43 160 4
55 0 49 43 160 4
55 0 50 43 160 4
55 0 51 43 160 4
55 0 52 43 160 4
55 0 53 43 160 4
55 0 54 43 160 4
55 0 55 43 160 4
55 0 56 43 160 4
55 0 57 43 160 4
55 0 58 43 160 4
55 0 59 43 160 4
56 0 44 43 160 4
56 0 45 43 160 4
56 0 46 43 160 4
56 0 47 43 160 4
56 0 48 43 160 4
56 0 49 43 160 4
56 0 50 43 160 4
56 0 51 43 160 4
56 0 52 43 160 4
56 0 53 43 160 4
56 0 54 43 160 4
56 0 55 43 160 4
56 0 56 43 160 4
56 0 57 43 160 4
56 0 58 43 160 4
56 0 59 43 160 4
57 0 46 43 160 4
57 0 47 43 160 4
57 0 48 43 160 4
57 0 49 43 160 4
57 0 50 43 160 4
57 0 51 43 160 4
57 0 52 43 160 4
57 0 53 43 160 4
57 0 54 43 160 4
57 0 55 43 160 4
57 0 56 43 160 4
57 0 57 43 160 4
57 0 58 43 160 4
57 0 59 43 160 4
58 0 47 43 160 4
58 0 48 43 160 4
58 0 49 43 160 4
58 0 50 43 160 4
58 0 51 43 160 4
58 0 52 43 160 4
58 0 53 43 160 4
58 0 54 43 160 4
58 0 55 43 160 4
58 0 56 43 160 4
58 0 57 43 160 4
58 0 58 43 160 4
58 0 59 43 160 4
59 0 49 43 160 4
59 0 50 43 160 4
59 0 51 43 160 4
59 0 52 43 160 4
59 0 53 43 160 4
59 0 54 43 160 4
59 0 55 43 160 4
59 0 56 43 160 4
59 0 57 43 160 4
59 0 58 43 160 4
59 0 59 43 160 4
