# bag_frame  world_T_cam (4x4, row-major)  -- world: live_cam_pose(camera_height=1.0858, yaw=0, measured tilt) from meta.json
15 1.000000 -0.000381 0.000000 0.000000 -0.000013 -0.032799 0.999462 0.000000 -0.000381 -0.999462 -0.032799 1.085800 0.000000 0.000000 0.000000 1.000000
16 0.999999 -0.001309 0.000839 0.008577 -0.000883 -0.034084 0.999419 0.004530 -0.001280 -0.999418 -0.034085 1.078973 0.000000 0.000000 0.000000 1.000000
17 0.999998 -0.001437 0.001020 0.010783 -0.001070 -0.035225 0.999379 0.007693 -0.001400 -0.999378 -0.035226 1.077042 0.000000 0.000000 0.000000 1.000000
18 0.999997 -0.002349 0.000527 0.014984 -0.000612 -0.036153 0.999346 0.009090 -0.002329 -0.999344 -0.036154 1.076435 0.000000 0.000000 0.000000 1.000000
19 0.999996 -0.002602 0.000788 0.016692 -0.000879 -0.035111 0.999383 0.009568 -0.002573 -0.999380 -0.035113 1.072407 0.000000 0.000000 0.000000 1.000000
20 0.999997 -0.002364 0.000929 0.017111 -0.001010 -0.034326 0.999410 0.011428 -0.002330 -0.999408 -0.034329 1.070088 0.000000 0.000000 0.000000 1.000000
21 0.999999 -0.000922 0.000720 0.017878 -0.000751 -0.034817 0.999393 0.012744 -0.000897 -0.999393 -0.034818 1.068923 0.000000 0.000000 0.000000 1.000000
22 0.999997 -0.002257 0.000868 0.019236 -0.000947 -0.035160 0.999381 0.013347 -0.002225 -0.999379 -0.035162 1.068717 0.000000 0.000000 0.000000 1.000000
23 0.999995 -0.003174 0.000766 0.020282 -0.000878 -0.035623 0.999365 0.013055 -0.003144 -0.999360 -0.035626 1.068088 0.000000 0.000000 0.000000 1.000000
24 0.999995 -0.002725 0.001506 0.019929 -0.001602 -0.035810 0.999357 0.013832 -0.002670 -0.999355 -0.035814 1.067964 0.000000 0.000000 0.000000 1.000000
25 0.999998 -0.001639 0.000697 0.022335 -0.000755 -0.035678 0.999363 0.015373 -0.001613 -0.999362 -0.035679 1.066885 0.000000 0.000000 0.000000 1.000000
26 0.999995 -0.003078 0.000760 0.023637 -0.000870 -0.035817 0.999358 0.015696 -0.003048 -0.999354 -0.035820 1.066264 0.000000 0.000000 0.000000 1.000000
27 0.999995 -0.002779 0.001357 0.024044 -0.001456 -0.035877 0.999355 0.016409 -0.002729 -0.999352 -0.035881 1.066423 0.000000 0.000000 0.000000 1.000000
28 0.999997 -0.002567 0.000119 0.025637 -0.000213 -0.036367 0.999338 0.016358 -0.002561 -0.999335 -0.036367 1.066513 0.000000 0.000000 0.000000 1.000000
29 0.999996 -0.002899 0.000610 0.025038 -0.000712 -0.035089 0.999384 0.016141 -0.002876 -0.999380 -0.035091 1.063906 0.000000 0.000000 0.000000 1.000000
30 0.999998 -0.001979 0.000789 0.023737 -0.000859 -0.035899 0.999355 0.016709 -0.001950 -0.999353 -0.035900 1.064007 0.000000 0.000000 0.000000 1.000000
31 0.999999 -0.001530 0.000434 0.025378 -0.000488 -0.035506 0.999369 0.017554 -0.001514 -0.999368 -0.035506 1.063057 0.000000 0.000000 0.000000 1.000000
32 0.999999 -0.001658 0.000060 0.026448 -0.000118 -0.035251 0.999378 0.018330 -0.001655 -0.999377 -0.035251 1.062653 0.000000 0.000000 0.000000 1.000000
33 0.999995 -0.002915 0.001161 0.026435 -0.001262 -0.035107 0.999383 0.018738 -0.002873 -0.999379 -0.035111 1.062073 0.000000 0.000000 0.000000 1.000000
34 0.999996 -0.002668 0.000243 0.027974 -0.000335 -0.034730 0.999397 0.017759 -0.002658 -0.999393 -0.034731 1.060604 0.000000 0.000000 0.000000 1.000000
35 0.999996 -0.002734 0.000823 0.027100 -0.000918 -0.035266 0.999378 0.017475 -0.002703 -0.999374 -0.035268 1.060804 0.000000 0.000000 0.000000 1.000000
36 0.999999 -0.001573 0.000441 0.027025 -0.000496 -0.035263 0.999378 0.018250 -0.001556 -0.999377 -0.035263 1.060225 0.000000 0.000000 0.000000 1.000000
37 0.999996 -0.002748 0.000528 0.028782 -0.000624 -0.035042 0.999386 0.018910 -0.002728 -0.999382 -0.035044 1.059592 0.000000 0.000000 0.000000 1.000000
38 0.999994 -0.003419 0.001094 0.028123 -0.001215 -0.035703 0.999362 0.019134 -0.003378 -0.999357 -0.035707 1.060717 0.000000 0.000000 0.000000 1.000000
39 0.999996 -0.002615 0.001217 0.026954 -0.001310 -0.035918 0.999354 0.018773 -0.002569 -0.999351 -0.035921 1.060728 0.000000 0.000000 0.000000 1.000000
40 0.999995 -0.002764 0.001195 0.028155 -0.001291 -0.034969 0.999388 0.019136 -0.002721 -0.999385 -0.034973 1.058342 0.000000 0.000000 0.000000 1.000000
41 0.999998 -0.001992 0.000374 0.029651 -0.000445 -0.035711 0.999362 0.020427 -0.001978 -0.999360 -0.035712 1.059832 0.000000 0.000000 0.000000 1.000000
42 0.999996 -0.002875 0.000826 0.029378 -0.000929 -0.036061 0.999349 0.019877 -0.002844 -0.999345 -0.036063 1.059626 0.000000 0.000000 0.000000 1.000000
43 0.999994 -0.003420 0.000708 0.029928 -0.000830 -0.035931 0.999354 0.020369 -0.003392 -0.999348 -0.035934 1.059426 0.000000 0.000000 0.000000 1.000000
44 0.999996 -0.002866 0.000842 0.029342 -0.000942 -0.034980 0.999388 0.020595 -0.002835 -0.999384 -0.034982 1.058172 0.000000 0.000000 0.000000 1.000000
45 0.999997 -0.002247 0.000262 0.030375 -0.000340 -0.034739 0.999396 0.019910 -0.002236 -0.999394 -0.034739 1.056924 0.000000 0.000000 0.000000 1.000000
46 0.999996 -0.002427 0.001486 0.029449 -0.001572 -0.035786 0.999358 0.021042 -0.002372 -0.999357 -0.035789 1.058452 0.000000 0.000000 0.000000 1.000000
47 0.999996 -0.002505 0.001094 0.030202 -0.001183 -0.035623 0.999365 0.020780 -0.002465 -0.999362 -0.035626 1.058104 0.000000 0.000000 0.000000 1.000000
48 0.999996 -0.002665 0.001079 0.029632 -0.001173 -0.035521 0.999368 0.021317 -0.002625 -0.999365 -0.035524 1.057673 0.000000 0.000000 0.000000 1.000000
49 0.999996 -0.002822 0.000495 0.032320 -0.000595 -0.035679 0.999363 0.021365 -0.002802 -0.999359 -0.035680 1.057651 0.000000 0.000000 0.000000 1.000000
50 0.999995 -0.002910 0.000874 0.030798 -0.000978 -0.036122 0.999347 0.020555 -0.002877 -0.999343 -0.036124 1.057906 0.000000 0.000000 0.000000 1.000000
51 0.999999 -0.001568 0.000205 0.031066 -0.000259 -0.034735 0.999397 0.022045 -0.001560 -0.999395 -0.034735 1.055988 0.000000 0.000000 0.000000 1.000000
52 0.999999 -0.001517 -0.000151 0.031590 0.000098 -0.034891 0.999391 0.022183 -0.001521 -0.999390 -0.034891 1.055714 0.000000 0.000000 0.000000 1.000000
53 0.999997 -0.002370 0.000647 0.031323 -0.000729 -0.034826 0.999393 0.021740 -0.002346 -0.999391 -0.034828 1.055084 0.000000 0.000000 0.000000 1.000000
54 0.999996 -0.002817 0.000392 0.033085 -0.000492 -0.035728 0.999361 0.022699 -0.002801 -0.999358 -0.035729 1.057279 0.000000 0.000000 0.000000 1.000000
55 0.999997 -0.002493 0.000143 0.032242 -0.000231 -0.035445 0.999372 0.022094 -0.002486 -0.999369 -0.035445 1.056275 0.000000 0.000000 0.000000 1.000000
56 0.999995 -0.003115 0.000966 0.033159 -0.001076 -0.035503 0.999369 0.021308 -0.003079 -0.999365 -0.035506 1.055603 0.000000 0.000000 0.000000 1.000000
57 0.999994 -0.003334 0.001266 0.031733 -0.001386 -0.036124 0.999346 0.022742 -0.003287 -0.999342 -0.036128 1.056773 0.000000 0.000000 0.000000 1.000000
58 0.999998 -0.002114 0.000641 0.032543 -0.000715 -0.035110 0.999383 0.022221 -0.002091 -0.999381 -0.035111 1.054492 0.000000 0.000000 0.000000 1.000000
59 0.999995 -0.003036 0.000715 0.033431 -0.000825 -0.036521 0.999333 0.022688 -0.003008 -0.999328 -0.036523 1.057329 0.000000 0.000000 0.000000 1.000000
60 0.999995 -0.003065 0.000475 0.033681 -0.000585 -0.035819 0.999358 0.022503 -0.003046 -0.999354 -0.035821 1.055421 0.000000 0.000000 0.000000 1.000000
61 0.999996 -0.002784 0.000801 0.033244 -0.000899 -0.035547 0.999368 0.022627 -0.002754 -0.999364 -0.035549 1.054689 0.000000 0.000000 0.000000 1.000000
62 0.999995 -0.003131 0.001034 0.032960 -0.001145 -0.035913 0.999354 0.022699 -0.003092 -0.999350 -0.035917 1.055422 0.000000 0.000000 0.000000 1.000000
63 0.999993 -0.003430 0.001200 0.033517 -0.001322 -0.035795 0.999358 0.023176 -0.003385 -0.999353 -0.035800 1.055066 0.000000 0.000000 0.000000 1.000000
64 0.999993 -0.003665 0.000812 0.033940 -0.000941 -0.035353 0.999374 0.023437 -0.003634 -0.999368 -0.035356 1.053888 0.000000 0.000000 0.000000 1.000000
65 0.999997 -0.002552 0.000409 0.033735 -0.000497 -0.034363 0.999409 0.022392 -0.002537 -0.999406 -0.034364 1.052562 0.000000 0.000000 0.000000 1.000000
66 0.999995 -0.002992 0.000599 0.033529 -0.000708 -0.036483 0.999334 0.023219 -0.002968 -0.999330 -0.036485 1.055398 0.000000 0.000000 0.000000 1.000000
67 0.999998 -0.001911 0.000963 0.033836 -0.001030 -0.035345 0.999375 0.023759 -0.001876 -0.999373 -0.035346 1.053823 0.000000 0.000000 0.000000 1.000000
68 0.999997 -0.002165 0.000992 0.033772 -0.001071 -0.037213 0.999307 0.023931 -0.002127 -0.999305 -0.037215 1.056622 0.000000 0.000000 0.000000 1.000000
69 0.999995 -0.002817 0.001105 0.034156 -0.001205 -0.035754 0.999360 0.024415 -0.002775 -0.999357 -0.035757 1.054541 0.000000 0.000000 0.000000 1.000000
70 0.999996 -0.002680 0.000514 0.035316 -0.000608 -0.035363 0.999374 0.023439 -0.002660 -0.999371 -0.035365 1.052608 0.000000 0.000000 0.000000 1.000000
71 0.999994 -0.003423 0.000464 0.034520 -0.000587 -0.035864 0.999356 0.022834 -0.003404 -0.999351 -0.035866 1.054193 0.000000 0.000000 0.000000 1.000000
72 0.999997 -0.002540 0.000166 0.036037 -0.000259 -0.036546 0.999332 0.024890 -0.002532 -0.999329 -0.036546 1.055334 0.000000 0.000000 0.000000 1.000000
73 0.999996 -0.002883 0.000305 0.035720 -0.000408 -0.035607 0.999366 0.023673 -0.002870 -0.999362 -0.035608 1.053611 0.000000 0.000000 0.000000 1.000000
74 0.999994 -0.003365 0.000444 0.035469 -0.000566 -0.036423 0.999336 0.023858 -0.003346 -0.999331 -0.036425 1.054677 0.000000 0.000000 0.000000 1.000000
75 0.999996 -0.002743 0.000625 0.034850 -0.000721 -0.035209 0.999380 0.023928 -0.002720 -0.999376 -0.035211 1.052640 0.000000 0.000000 0.000000 1.000000
76 0.999997 -0.002602 0.000488 0.036200 -0.000581 -0.035822 0.999358 0.023976 -0.002583 -0.999355 -0.035823 1.053088 0.000000 0.000000 0.000000 1.000000
77 0.999995 -0.003230 0.000745 0.035725 -0.000858 -0.035104 0.999383 0.024040 -0.003202 -0.999378 -0.035107 1.051700 0.000000 0.000000 0.000000 1.000000
78 0.999996 -0.002608 0.000517 0.035125 -0.000609 -0.035511 0.999369 0.024387 -0.002588 -0.999366 -0.035513 1.052133 0.000000 0.000000 0.000000 1.000000
79 0.999997 -0.002560 0.000308 0.035715 -0.000397 -0.034594 0.999401 0.024145 -0.002548 -0.999398 -0.034595 1.050959 0.000000 0.000000 0.000000 1.000000
80 0.999996 -0.002681 0.001096 0.035716 -0.001191 -0.035901 0.999355 0.025017 -0.002640 -0.999352 -0.035904 1.053016 0.000000 0.000000 0.000000 1.000000
81 0.999995 -0.003061 0.000863 0.036372 -0.000975 -0.036777 0.999323 0.024813 -0.003027 -0.999319 -0.036779 1.054116 0.000000 0.000000 0.000000 1.000000
82 0.999995 -0.003133 0.000429 0.036928 -0.000540 -0.035363 0.999374 0.024808 -0.003116 -0.999370 -0.035365 1.052012 0.000000 0.000000 0.000000 1.000000
83 0.999992 -0.003656 0.001347 0.035739 -0.001477 -0.035643 0.999363 0.024794 -0.003605 -0.999358 -0.035648 1.052262 0.000000 0.000000 0.000000 1.000000
84 0.999996 -0.002663 0.000990 0.037236 -0.001083 -0.035424 0.999372 0.025383 -0.002627 -0.999369 -0.035427 1.052080 0.000000 0.000000 0.000000 1.000000
85 0.999994 -0.003240 0.001072 0.036009 -0.001187 -0.035840 0.999357 0.025139 -0.003200 -0.999352 -0.035844 1.052631 0.000000 0.000000 0.000000 1.000000
86 0.999993 -0.003591 0.000777 0.036203 -0.000900 -0.034440 0.999406 0.025132 -0.003562 -0.999400 -0.034443 1.050504 0.000000 0.000000 0.000000 1.000000
87 0.999996 -0.002837 0.000374 0.036981 -0.000475 -0.035600 0.999366 0.024942 -0.002822 -0.999362 -0.035601 1.051841 0.000000 0.000000 0.000000 1.000000
88 0.999991 -0.003781 0.001863 0.034785 -0.001995 -0.035268 0.999376 0.025120 -0.003713 -0.999371 -0.035275 1.050487 0.000000 0.000000 0.000000 1.000000
89 0.999998 -0.002210 -0.000152 0.038191 0.000072 -0.036031 0.999351 0.025798 -0.002214 -0.999348 -0.036031 1.052942 0.000000 0.000000 0.000000 1.000000
90 0.999996 -0.002890 0.000203 0.038491 -0.000302 -0.034307 0.999411 0.024988 -0.002881 -0.999407 -0.034308 1.049351 0.000000 0.000000 0.000000 1.000000
91 0.999997 -0.002393 0.000149 0.036976 -0.000233 -0.035143 0.999382 0.024695 -0.002387 -0.999379 -0.035143 1.050135 0.000000 0.000000 0.000000 1.000000
92 0.999994 -0.003180 0.001069 0.035573 -0.001179 -0.034888 0.999390 0.025133 -0.003141 -0.999386 -0.034892 1.049868 0.000000 0.000000 0.000000 1.000000
93 0.999995 -0.003001 0.000868 0.036290 -0.000973 -0.035190 0.999380 0.025593 -0.002969 -0.999376 -0.035193 1.050197 0.000000 0.000000 0.000000 1.000000
94 0.999995 -0.003020 0.000582 0.037861 -0.000686 -0.034515 0.999404 0.024286 -0.002998 -0.999400 -0.034517 1.048480 0.000000 0.000000 0.000000 1.000000
95 0.999996 -0.002882 0.000843 0.037229 -0.000946 -0.035845 0.999357 0.026314 -0.002850 -0.999353 -0.035847 1.051600 0.000000 0.000000 0.000000 1.000000
96 0.999996 -0.002854 0.000533 0.037947 -0.000636 -0.036394 0.999337 0.025909 -0.002832 -0.999333 -0.036396 1.052117 0.000000 0.000000 0.000000 1.000000
97 0.999997 -0.002578 0.000350 0.038383 -0.000441 -0.035166 0.999381 0.025634 -0.002564 -0.999378 -0.035167 1.049975 0.000000 0.000000 0.000000 1.000000
98 0.999997 -0.002591 0.000149 0.036828 -0.000242 -0.036117 0.999348 0.025979 -0.002584 -0.999344 -0.036118 1.051561 0.000000 0.000000 0.000000 1.000000
99 0.999996 -0.002837 -0.000024 0.038822 -0.000081 -0.036928 0.999318 0.027179 -0.002836 -0.999314 -0.036928 1.053373 0.000000 0.000000 0.000000 1.000000
100 0.999995 -0.003118 0.000953 0.037496 -0.001062 -0.035022 0.999386 0.025088 -0.003082 -0.999382 -0.035025 1.049289 0.000000 0.000000 0.000000 1.000000
101 0.999994 -0.003226 0.001515 0.036612 -0.001631 -0.036000 0.999350 0.026503 -0.003169 -0.999347 -0.036005 1.051168 0.000000 0.000000 0.000000 1.000000
102 0.999995 -0.003143 0.000979 0.037398 -0.001091 -0.035948 0.999353 0.026058 -0.003106 -0.999349 -0.035951 1.050675 0.000000 0.000000 0.000000 1.000000
103 0.999995 -0.003212 0.000464 0.038847 -0.000578 -0.035383 0.999374 0.026396 -0.003193 -0.999369 -0.035384 1.049738 0.000000 0.000000 0.000000 1.000000
104 0.999996 -0.002656 0.000646 0.038055 -0.000737 -0.034494 0.999405 0.026180 -0.002632 -0.999401 -0.034496 1.047786 0.000000 0.000000 0.000000 1.000000
105 0.999993 -0.003790 0.000441 0.038810 -0.000580 -0.036760 0.999324 0.026662 -0.003772 -0.999317 -0.036762 1.051227 0.000000 0.000000 0.000000 1.000000
106 0.999992 -0.003786 0.001257 0.036958 -0.001394 -0.036247 0.999342 0.025884 -0.003738 -0.999336 -0.036252 1.049524 0.000000 0.000000 0.000000 1.000000
107 0.999989 -0.004682 0.001012 0.037841 -0.001187 -0.037645 0.999290 0.026843 -0.004641 -0.999280 -0.037650 1.051320 0.000000 0.000000 0.000000 1.000000
108 0.999991 -0.004274 0.000350 0.038423 -0.000511 -0.037828 0.999284 0.026908 -0.004258 -0.999275 -0.037830 1.050772 0.000000 0.000000 0.000000 1.000000
109 0.999994 -0.003413 0.000650 0.037847 -0.000772 -0.035676 0.999363 0.025629 -0.003387 -0.999358 -0.035678 1.046154 0.000000 0.000000 0.000000 1.000000
110 0.999985 -0.005487 -0.000821 0.037577 0.000621 -0.036271 0.999342 0.024962 -0.005514 -0.999327 -0.036267 1.045941 0.000000 0.000000 0.000000 1.000000
111 0.999981 -0.005289 -0.003178 0.034455 0.002996 -0.034127 0.999413 0.026058 -0.005395 -0.999404 -0.034110 1.046950 0.000000 0.000000 0.000000 1.000000
112 0.999981 -0.005170 -0.003455 0.036221 0.003281 -0.033341 0.999439 0.025233 -0.005282 -0.999431 -0.033323 1.049970 0.000000 0.000000 0.000000 1.000000
113 0.999990 -0.004337 -0.001271 0.038118 0.001135 -0.031142 0.999514 0.025755 -0.004374 -0.999506 -0.031137 1.050714 0.000000 0.000000 0.000000 1.000000
114 0.999995 -0.003264 -0.000030 0.037982 -0.000072 -0.031453 0.999505 0.027105 -0.003264 -0.999500 -0.031453 1.051790 0.000000 0.000000 0.000000 1.000000
115 0.999985 -0.004750 0.002766 0.039969 -0.002915 -0.031512 0.999499 0.027884 -0.004661 -0.999492 -0.031525 1.052964 0.000000 0.000000 0.000000 1.000000
116 0.999830 -0.016006 0.009203 0.047146 -0.009743 -0.033993 0.999375 0.030603 -0.015684 -0.999294 -0.034143 1.051227 0.000000 0.000000 0.000000 1.000000
117 0.998898 -0.038822 0.026388 0.050787 -0.028070 -0.043458 0.998661 0.032066 -0.037623 -0.998301 -0.044500 1.053242 0.000000 0.000000 0.000000 1.000000
118 0.997640 -0.053246 0.043355 0.052992 -0.045931 -0.048149 0.997784 0.032758 -0.051040 -0.997420 -0.050481 1.057067 0.000000 0.000000 0.000000 1.000000
119 0.997295 -0.050249 0.053653 0.053154 -0.056075 -0.048105 0.997267 0.035563 -0.047530 -0.997578 -0.050792 1.063419 0.000000 0.000000 0.000000 1.000000
120 0.997504 -0.038141 0.059423 0.057299 -0.061309 -0.050341 0.996849 0.039654 -0.035029 -0.998004 -0.052554 1.063586 0.000000 0.000000 0.000000 1.000000
121 0.996938 -0.032643 0.071061 0.059357 -0.072962 -0.061312 0.995448 0.043732 -0.028137 -0.997585 -0.063506 1.065572 0.000000 0.000000 0.000000 1.000000
122 0.995812 -0.032449 0.085473 0.063022 -0.087578 -0.070221 0.993680 0.049567 -0.026242 -0.997004 -0.072769 1.062629 0.000000 0.000000 0.000000 1.000000
123 0.994305 -0.032435 0.101519 0.062909 -0.103748 -0.076662 0.991645 0.055417 -0.024381 -0.996529 -0.079590 1.063394 0.000000 0.000000 0.000000 1.000000
124 0.993216 -0.026991 0.113111 0.066352 -0.114900 -0.078037 0.990307 0.061555 -0.017903 -0.996585 -0.080609 1.061596 0.000000 0.000000 0.000000 1.000000
125 0.991627 -0.024559 0.126776 0.066899 -0.128343 -0.078997 0.988578 0.067261 -0.014263 -0.996572 -0.081488 1.061454 0.000000 0.000000 0.000000 1.000000
126 0.989495 -0.025288 0.142338 0.068369 -0.143948 -0.081338 0.986237 0.075597 -0.013363 -0.996366 -0.084123 1.060011 0.000000 0.000000 0.000000 1.000000
127 0.986521 -0.029535 0.160948 0.071748 -0.162855 -0.081282 0.983296 0.080552 -0.015960 -0.996253 -0.084997 1.057571 0.000000 0.000000 0.000000 1.000000
128 0.983498 -0.030206 0.178377 0.072851 -0.180305 -0.082687 0.980129 0.087407 -0.014856 -0.996118 -0.086769 1.060194 0.000000 0.000000 0.000000 1.000000
129 0.980309 -0.028821 0.195357 0.076469 -0.197071 -0.079782 0.977138 0.094286 -0.012576 -0.996396 -0.083891 1.058968 0.000000 0.000000 0.000000 1.000000
130 0.975785 -0.030196 0.216638 0.078102 -0.218379 -0.078158 0.972729 0.102619 -0.012440 -0.996484 -0.082860 1.060497 0.000000 0.000000 0.000000 1.000000
131 0.970354 -0.033204 0.239397 0.083162 -0.241220 -0.071377 0.967842 0.107098 -0.015049 -0.996897 -0.077270 1.052663 0.000000 0.000000 0.000000 1.000000
132 0.963539 -0.042682 0.264141 0.085781 -0.266711 -0.074280 0.960910 0.116050 -0.021393 -0.996324 -0.082955 1.057666 0.000000 0.000000 0.000000 1.000000
133 0.957022 -0.045097 0.286488 0.087621 -0.289164 -0.072744 0.954512 0.125825 -0.022205 -0.996331 -0.082659 1.054821 0.000000 0.000000 0.000000 1.000000
134 0.951143 -0.042654 0.305790 0.092786 -0.308205 -0.072281 0.948570 0.134183 -0.018358 -0.996472 -0.081895 1.053795 0.000000 0.000000 0.000000 1.000000
135 0.944318 -0.041304 0.326431 0.095612 -0.328688 -0.072932 0.941618 0.145355 -0.015085 -0.996481 -0.082447 1.055746 0.000000 0.000000 0.000000 1.000000
136 0.937670 -0.043446 0.344800 0.101819 -0.347180 -0.072803 0.934968 0.154655 -0.015518 -0.996400 -0.083349 1.055102 0.000000 0.000000 0.000000 1.000000
137 0.929285 -0.047301 0.366323 0.103460 -0.368934 -0.071033 0.926737 0.162587 -0.017815 -0.996352 -0.083461 1.051175 0.000000 0.000000 0.000000 1.000000
138 0.921064 -0.050828 0.386081 0.107289 -0.388950 -0.071793 0.918457 0.172731 -0.018966 -0.996124 -0.085896 1.051745 0.000000 0.000000 0.000000 1.000000
139 0.913968 -0.046418 0.403122 0.110560 -0.405539 -0.069842 0.911406 0.182947 -0.014150 -0.996477 -0.082658 1.047079 0.000000 0.000000 0.000000 1.000000
140 0.905627 -0.048290 0.421317 0.113206 -0.423860 -0.071404 0.902909 0.196535 -0.013518 -0.996278 -0.085133 1.051588 0.000000 0.000000 0.000000 1.000000
141 0.899073 -0.050371 0.434892 0.120066 -0.437518 -0.067764 0.896653 0.201879 -0.015695 -0.996429 -0.082963 1.043732 0.000000 0.000000 0.000000 1.000000
142 0.889716 -0.051231 0.453630 0.120589 -0.456338 -0.072289 0.886865 0.212355 -0.012642 -0.996067 -0.087695 1.045991 0.000000 0.000000 0.000000 1.000000
143 0.879429 -0.052977 0.473074 0.125357 -0.475893 -0.073882 0.876395 0.219749 -0.011478 -0.995859 -0.090185 1.043439 0.000000 0.000000 0.000000 1.000000
144 0.866953 -0.052708 0.495596 0.131261 -0.498289 -0.071626 0.864047 0.226064 -0.010045 -0.996038 -0.088361 1.040344 0.000000 0.000000 0.000000 1.000000
145 0.853421 -0.049505 0.518866 0.136613 -0.521195 -0.070838 0.850493 0.232017 -0.005348 -0.996259 -0.086256 1.040428 0.000000 0.000000 0.000000 1.000000
146 0.836771 -0.050266 0.545241 0.140181 -0.547527 -0.067234 0.834082 0.239552 -0.005267 -0.996470 -0.083782 1.038067 0.000000 0.000000 0.000000 1.000000
147 0.821352 -0.051741 0.568070 0.146353 -0.570397 -0.065270 0.818771 0.247150 -0.005286 -0.996525 -0.083123 1.036155 0.000000 0.000000 0.000000 1.000000
148 0.805639 -0.059392 0.589421 0.155662 -0.592325 -0.064314 0.803128 0.251556 -0.009791 -0.996161 -0.086993 1.033901 0.000000 0.000000 0.000000 1.000000
149 0.789191 -0.064339 0.610768 0.160892 -0.614026 -0.062848 0.786780 0.257077 -0.012235 -0.995947 -0.089105 1.031351 0.000000 0.000000 0.000000 1.000000
150 0.772507 -0.067290 0.631431 0.165908 -0.634867 -0.061036 0.770207 0.265408 -0.013287 -0.995865 -0.089871 1.029640 0.000000 0.000000 0.000000 1.000000
151 0.755479 -0.069638 0.651461 0.170648 -0.655022 -0.058951 0.753307 0.272317 -0.014054 -0.995829 -0.090151 1.029065 0.000000 0.000000 0.000000 1.000000
152 0.738084 -0.071623 0.670896 0.177736 -0.674573 -0.058424 0.735892 0.277028 -0.013510 -0.995719 -0.091437 1.030143 0.000000 0.000000 0.000000 1.000000
153 0.719540 -0.070198 0.690894 0.180484 -0.694388 -0.059343 0.717150 0.283898 -0.009343 -0.995766 -0.091444 1.030186 0.000000 0.000000 0.000000 1.000000
154 0.701974 -0.067574 0.708990 0.185750 -0.712182 -0.059052 0.699507 0.288913 -0.005401 -0.995965 -0.089578 1.030503 0.000000 0.000000 0.000000 1.000000
155 0.684481 -0.068082 0.725844 0.190665 -0.729012 -0.056926 0.682129 0.292904 -0.005122 -0.996054 -0.088597 1.030892 0.000000 0.000000 0.000000 1.000000
156 0.668918 -0.067747 0.740243 0.196279 -0.743318 -0.053926 0.666761 0.296757 -0.005253 -0.996244 -0.086430 1.029918 0.000000 0.000000 0.000000 1.000000
157 0.651940 -0.069202 0.755106 0.201484 -0.758247 -0.051756 0.649909 0.302811 -0.005894 -0.996259 -0.086214 1.031774 0.000000 0.000000 0.000000 1.000000
158 0.636259 -0.066930 0.768567 0.207798 -0.771451 -0.047231 0.634534 0.306786 -0.006169 -0.996639 -0.081684 1.030203 0.000000 0.000000 0.000000 1.000000
159 0.624422 -0.059147 0.778844 0.214858 -0.781077 -0.042328 0.622998 0.308457 -0.003882 -0.997351 -0.072629 1.028328 0.000000 0.000000 0.000000 1.000000
160 0.616256 -0.053636 0.785717 0.221534 -0.787546 -0.042501 0.614789 0.312624 0.000419 -0.997656 -0.068432 1.030363 0.000000 0.000000 0.000000 1.000000
161 0.611548 -0.053872 0.789371 0.228987 -0.791207 -0.041952 0.610108 0.316180 0.000248 -0.997666 -0.068280 1.028461 0.000000 0.000000 0.000000 1.000000
162 0.613080 -0.060760 0.787681 0.232902 -0.790015 -0.043462 0.611544 0.319188 -0.002924 -0.997206 -0.074647 1.030821 0.000000 0.000000 0.000000 1.000000
163 0.620829 -0.064927 0.781252 0.235783 -0.783903 -0.040984 0.619530 0.324228 -0.008205 -0.997048 -0.076340 1.031291 0.000000 0.000000 0.000000 1.000000
164 0.633029 -0.067129 0.771212 0.236184 -0.774027 -0.038743 0.631967 0.326596 -0.012544 -0.996992 -0.076485 1.031119 0.000000 0.000000 0.000000 1.000000
165 0.646322 -0.070884 0.759765 0.237742 -0.762861 -0.037000 0.645503 0.326307 -0.017644 -0.996798 -0.077989 1.029624 0.000000 0.000000 0.000000 1.000000
166 0.658824 -0.078168 0.748225 0.237664 -0.751973 -0.039246 0.658024 0.328621 -0.022072 -0.996167 -0.084636 1.030926 0.000000 0.000000 0.000000 1.000000
167 0.670136 -0.082866 0.737598 0.237273 -0.741904 -0.044935 0.668999 0.329520 -0.022293 -0.995547 -0.091591 1.032088 0.000000 0.000000 0.000000 1.000000
168 0.679376 -0.079590 0.729461 0.237863 -0.733529 -0.047156 0.678020 0.328180 -0.019565 -0.995712 -0.090419 1.026390 0.000000 0.000000 0.000000 1.000000
169 0.681262 -0.075638 0.728121 0.235714 -0.731875 -0.049326 0.679651 0.331832 -0.015492 -0.995915 -0.088962 1.028232 0.000000 0.000000 0.000000 1.000000
170 0.681132 -0.070846 0.728725 0.236262 -0.731978 -0.043681 0.679927 0.331981 -0.016338 -0.996530 -0.081610 1.029080 0.000000 0.000000 0.000000 1.000000
171 0.682115 -0.067053 0.728164 0.235350 -0.731005 -0.037029 0.681366 0.334394 -0.018725 -0.997062 -0.074274 1.026722 0.000000 0.000000 0.000000 1.000000
172 0.680660 -0.070711 0.729179 0.238231 -0.732231 -0.034081 0.680203 0.335702 -0.023247 -0.996914 -0.074974 1.029325 0.000000 0.000000 0.000000 1.000000
173 0.676405 -0.078984 0.732282 0.242719 -0.735909 -0.031658 0.676340 0.336893 -0.030238 -0.996373 -0.079539 1.028328 0.000000 0.000000 0.000000 1.000000
174 0.667578 -0.090089 0.739070 0.247601 -0.743532 -0.029031 0.668070 0.338437 -0.038729 -0.995511 -0.086365 1.027589 0.000000 0.000000 0.000000 1.000000
175 0.658237 -0.098371 0.746356 0.253306 -0.751373 -0.024600 0.659419 0.339386 -0.046507 -0.994846 -0.090106 1.026722 0.000000 0.000000 0.000000 1.000000
176 0.651982 -0.098465 0.751814 0.258436 -0.756793 -0.023381 0.653237 0.340447 -0.046743 -0.994866 -0.089762 1.028583 0.000000 0.000000 0.000000 1.000000
177 0.646337 -0.095638 0.757035 0.262371 -0.761788 -0.023784 0.647390 0.343510 -0.043910 -0.995132 -0.088229 1.029863 0.000000 0.000000 0.000000 1.000000
178 0.637993 -0.090827 0.764667 0.266261 -0.768919 -0.021528 0.638983 0.347619 -0.041575 -0.995634 -0.083573 1.028384 0.000000 0.000000 0.000000 1.000000
179 0.621560 -0.093381 0.777781 0.272745 -0.782100 -0.017539 0.622906 0.348326 -0.044526 -0.995476 -0.083935 1.029627 0.000000 0.000000 0.000000 1.000000
180 0.600371 -0.099570 0.793499 0.276617 -0.798116 -0.011753 0.602389 0.347109 -0.050654 -0.994961 -0.086525 1.029837 0.000000 0.000000 0.000000 1.000000
181 0.581059 -0.101682 0.807484 0.281975 -0.812060 -0.006471 0.583538 0.348366 -0.054110 -0.994796 -0.086331 1.029739 0.000000 0.000000 0.000000 1.000000
182 0.563121 -0.103439 0.819875 0.288250 -0.824512 -0.003765 0.565831 0.348636 -0.055443 -0.994629 -0.087407 1.032605 0.000000 0.000000 0.000000 1.000000
183 0.544692 -0.106612 0.831832 0.292840 -0.836518 0.001394 0.547938 0.348250 -0.059576 -0.994300 -0.088423 1.031757 0.000000 0.000000 0.000000 1.000000
184 0.526210 -0.113730 0.842715 0.297913 -0.847700 0.008079 0.530414 0.345048 -0.067132 -0.993479 -0.092158 1.032034 0.000000 0.000000 0.000000 1.000000
185 0.509689 -0.119716 0.851989 0.304183 -0.857369 0.011803 0.514566 0.344835 -0.071658 -0.992738 -0.096625 1.033278 0.000000 0.000000 0.000000 1.000000
186 0.497686 -0.120263 0.858980 0.307197 -0.864556 0.010744 0.502421 0.345412 -0.069652 -0.992684 -0.098627 1.032649 0.000000 0.000000 0.000000 1.000000
187 0.489880 -0.119664 0.863538 0.311741 -0.869217 0.009003 0.494349 0.346963 -0.066930 -0.992774 -0.099604 1.032290 0.000000 0.000000 0.000000 1.000000
188 0.484955 -0.118502 0.866473 0.315640 -0.871990 0.010069 0.489420 0.343610 -0.066722 -0.992903 -0.098450 1.029626 0.000000 0.000000 0.000000 1.000000
189 0.479456 -0.123180 0.868878 0.316595 -0.874746 0.012229 0.484428 0.346242 -0.070297 -0.992309 -0.101888 1.032780 0.000000 0.000000 0.000000 1.000000
190 0.479316 -0.124438 0.868776 0.318698 -0.874569 0.015046 0.484668 0.345243 -0.073383 -0.992113 -0.101618 1.031077 0.000000 0.000000 0.000000 1.000000
191 0.484341 -0.122006 0.866331 0.319238 -0.872000 0.012958 0.489335 0.346514 -0.070928 -0.992445 -0.100113 1.032349 0.000000 0.000000 0.000000 1.000000
192 0.491623 -0.119091 0.862626 0.317653 -0.868219 0.009295 0.496094 0.346955 -0.067098 -0.992840 -0.098828 1.030018 0.000000 0.000000 0.000000 1.000000
193 0.499007 -0.118864 0.858407 0.316464 -0.864405 0.002157 0.502792 0.349607 -0.061616 -0.992908 -0.101670 1.030965 0.000000 0.000000 0.000000 1.000000
194 0.505483 -0.120628 0.854363 0.316138 -0.860679 -0.000506 0.509148 0.349188 -0.060985 -0.992698 -0.104078 1.031219 0.000000 0.000000 0.000000 1.000000
195 0.512349 -0.121045 0.850204 0.314639 -0.856530 -0.000449 0.516097 0.349748 -0.062090 -0.992647 -0.103909 1.031979 0.000000 0.000000 0.000000 1.000000
196 0.522334 -0.116278 0.844776 0.312594 -0.850555 -0.000162 0.525885 0.349987 -0.061012 -0.993217 -0.098986 1.031041 0.000000 0.000000 0.000000 1.000000
197 0.532506 -0.114462 0.838651 0.307873 -0.844315 -0.001894 0.535844 0.352263 -0.059746 -0.993426 -0.097650 1.030411 0.000000 0.000000 0.000000 1.000000
198 0.545704 -0.116442 0.829849 0.306707 -0.835937 -0.006572 0.548785 0.351829 -0.058448 -0.993176 -0.100925 1.031069 0.000000 0.000000 0.000000 1.000000
199 0.558643 -0.122479 0.820315 0.306471 -0.827203 -0.010201 0.561810 0.351654 -0.060442 -0.992419 -0.107014 1.030768 0.000000 0.000000 0.000000 1.000000
200 0.571597 -0.125491 0.810882 0.304468 -0.818232 -0.013189 0.574737 0.352153 -0.061429 -0.992007 -0.110219 1.027836 0.000000 0.000000 0.000000 1.000000
201 0.585001 -0.125666 0.801237 0.303132 -0.808857 -0.018087 0.587728 0.353359 -0.059366 -0.991908 -0.112227 1.030310 0.000000 0.000000 0.000000 1.000000
202 0.598396 -0.126468 0.791156 0.300819 -0.798999 -0.021047 0.600964 0.352798 -0.059351 -0.991747 -0.113642 1.030152 0.000000 0.000000 0.000000 1.000000
203 0.610924 -0.130481 0.780863 0.299602 -0.789198 -0.022181 0.613739 0.354082 -0.062761 -0.991203 -0.116526 1.028201 0.000000 0.000000 0.000000 1.000000
204 0.622964 -0.136051 0.770329 0.296731 -0.779420 -0.024251 0.626033 0.352861 -0.066491 -0.990405 -0.121148 1.030932 0.000000 0.000000 0.000000 1.000000
205 0.637124 -0.132087 0.759359 0.294783 -0.767964 -0.024928 0.640008 0.350483 -0.065607 -0.990925 -0.117321 1.031064 0.000000 0.000000 0.000000 1.000000
206 0.649158 -0.127776 0.749845 0.291024 -0.757895 -0.024764 0.651907 0.350655 -0.064729 -0.991494 -0.112917 1.033188 0.000000 0.000000 0.000000 1.000000
207 0.662578 -0.124110 0.738638 0.286429 -0.746339 -0.026464 0.665040 0.348545 -0.062991 -0.991915 -0.110163 1.035325 0.000000 0.000000 0.000000 1.000000
208 0.673825 -0.123542 0.728489 0.283200 -0.736247 -0.028932 0.676094 0.348109 -0.062449 -0.991918 -0.110452 1.035564 0.000000 0.000000 0.000000 1.000000
209 0.686966 -0.121684 0.716429 0.280135 -0.724223 -0.033486 0.688752 0.345540 -0.059820 -0.992004 -0.111130 1.032646 0.000000 0.000000 0.000000 1.000000
210 0.700631 -0.119359 0.703470 0.275861 -0.711408 -0.040979 0.701583 0.345725 -0.054913 -0.992005 -0.113624 1.033050 0.000000 0.000000 0.000000 1.000000
211 0.715279 -0.115232 0.689273 0.272197 -0.697037 -0.046859 0.715502 0.343429 -0.050151 -0.992233 -0.113838 1.030293 0.000000 0.000000 0.000000 1.000000
212 0.727848 -0.114616 0.676091 0.266488 -0.684119 -0.053648 0.727395 0.343066 -0.047100 -0.991960 -0.117459 1.029451 0.000000 0.000000 0.000000 1.000000
213 0.741057 -0.117482 0.661084 0.263464 -0.669797 -0.060475 0.740077 0.340055 -0.046967 -0.991232 -0.123505 1.030046 0.000000 0.000000 0.000000 1.000000
214 0.753404 -0.119473 0.646613 0.260169 -0.655843 -0.065564 0.752045 0.337119 -0.047454 -0.990670 -0.127751 1.028951 0.000000 0.000000 0.000000 1.000000
215 0.765937 -0.119350 0.631741 0.254308 -0.641248 -0.071088 0.764033 0.337490 -0.046278 -0.990304 -0.130982 1.029964 0.000000 0.000000 0.000000 1.000000
216 0.779862 -0.118453 0.614642 0.250931 -0.624217 -0.074120 0.777727 0.332526 -0.046567 -0.990189 -0.131744 1.027837 0.000000 0.000000 0.000000 1.000000
217 0.792989 -0.117583 0.597782 0.243609 -0.607509 -0.078784 0.790396 0.331840 -0.045841 -0.989933 -0.133908 1.027515 0.000000 0.000000 0.000000 1.000000
218 0.804669 -0.116945 0.582093 0.238936 -0.591979 -0.082917 0.801677 0.330634 -0.045487 -0.989671 -0.135950 1.029711 0.000000 0.000000 0.000000 1.000000
219 0.816218 -0.115841 0.566012 0.231902 -0.575897 -0.084850 0.813107 0.327356 -0.046165 -0.989637 -0.135968 1.028321 0.000000 0.000000 0.000000 1.000000
220 0.828390 -0.117637 0.547660 0.229381 -0.558096 -0.089649 0.824919 0.321695 -0.047944 -0.989002 -0.139917 1.029564 0.000000 0.000000 0.000000 1.000000
221 0.840029 -0.114971 0.530220 0.220258 -0.540597 -0.094697 0.835935 0.322354 -0.045899 -0.988845 -0.141701 1.030457 0.000000 0.000000 0.000000 1.000000
222 0.854489 -0.111237 0.507421 0.216751 -0.517590 -0.099284 0.849849 0.317825 -0.044157 -0.988822 -0.142412 1.029561 0.000000 0.000000 0.000000 1.000000
223 0.865685 -0.108137 0.488770 0.210127 -0.498736 -0.102376 0.860687 0.316324 -0.043034 -0.988851 -0.142557 1.028289 0.000000 0.000000 0.000000 1.000000
224 0.877428 -0.104634 0.468157 0.203329 -0.478033 -0.109252 0.871521 0.315437 -0.040044 -0.988492 -0.145879 1.032523 0.000000 0.000000 0.000000 1.000000
225 0.887559 -0.103753 0.448858 0.202315 -0.458708 -0.108679 0.881916 0.306822 -0.042720 -0.988648 -0.144052 1.029010 0.000000 0.000000 0.000000 1.000000
226 0.897380 -0.101454 0.429437 0.196049 -0.439130 -0.109862 0.891681 0.304639 -0.043286 -0.988755 -0.143140 1.030359 0.000000 0.000000 0.000000 1.000000
227 0.907012 -0.099122 0.409274 0.190324 -0.418779 -0.110285 0.901366 0.301913 -0.044208 -0.988945 -0.141540 1.032158 0.000000 0.000000 0.000000 1.000000
228 0.916996 -0.095396 0.387323 0.186254 -0.396510 -0.111916 0.911183 0.296821 -0.043576 -0.989128 -0.140452 1.030278 0.000000 0.000000 0.000000 1.000000
229 0.925091 -0.096819 0.367196 0.183186 -0.376970 -0.117429 0.918751 0.292661 -0.045834 -0.988350 -0.145131 1.031940 0.000000 0.000000 0.000000 1.000000
230 0.931847 -0.096223 0.349860 0.176770 -0.359909 -0.122571 0.924901 0.290851 -0.046114 -0.987784 -0.148849 1.033036 0.000000 0.000000 0.000000 1.000000
231 0.939916 -0.092572 0.328616 0.176090 -0.338390 -0.124955 0.932673 0.284000 -0.045277 -0.987834 -0.148773 1.032607 0.000000 0.000000 0.000000 1.000000
232 0.947412 -0.085904 0.308271 0.168964 -0.317381 -0.128852 0.939503 0.283146 -0.040986 -0.987936 -0.149340 1.034116 0.000000 0.000000 0.000000 1.000000
233 0.953637 -0.081163 0.289809 0.163509 -0.298448 -0.130867 0.945411 0.280511 -0.038806 -0.988072 -0.149022 1.034913 0.000000 0.000000 0.000000 1.000000
234 0.959713 -0.078512 0.269789 0.162761 -0.278248 -0.131974 0.951399 0.273802 -0.039091 -0.988139 -0.148503 1.031653 0.000000 0.000000 0.000000 1.000000
235 0.965263 -0.076175 0.249929 0.158921 -0.258307 -0.134329 0.956678 0.271361 -0.039303 -0.988005 -0.149339 1.033314 0.000000 0.000000 0.000000 1.000000
236 0.970385 -0.073250 0.230189 0.153955 -0.238263 -0.133279 0.962012 0.269620 -0.039788 -0.988368 -0.146785 1.032690 0.000000 0.000000 0.000000 1.000000
237 0.974114 -0.074788 0.213329 0.151027 -0.221671 -0.130985 0.966284 0.265840 -0.044324 -0.988559 -0.144173 1.030970 0.000000 0.000000 0.000000 1.000000
238 0.977314 -0.076939 0.197328 0.145844 -0.206174 -0.132352 0.969523 0.263769 -0.048477 -0.988212 -0.145212 1.031166 0.000000 0.000000 0.000000 1.000000
239 0.980201 -0.080064 0.181094 0.143244 -0.190760 -0.136743 0.972066 0.262896 -0.053064 -0.987366 -0.149309 1.031954 0.000000 0.000000 0.000000 1.000000
240 0.983274 -0.078867 0.164173 0.139529 -0.174072 -0.141716 0.974482 0.262567 -0.053589 -0.986761 -0.153074 1.031483 0.000000 0.000000 0.000000 1.000000
241 0.986555 -0.076103 0.144628 0.136053 -0.154536 -0.146455 0.977072 0.259634 -0.053177 -0.986286 -0.156246 1.030405 0.000000 0.000000 0.000000 1.000000
242 0.989706 -0.071806 0.123799 0.132584 -0.133426 -0.150041 0.979635 0.258632 -0.051769 -0.986069 -0.158077 1.027453 0.000000 0.000000 0.000000 1.000000
243 0.992099 -0.068930 0.104827 0.126974 -0.114431 -0.154605 0.981327 0.257430 -0.051436 -0.985569 -0.161271 1.028949 0.000000 0.000000 0.000000 1.000000
244 0.993948 -0.065885 0.087903 0.123086 -0.097283 -0.156206 0.982922 0.256910 -0.051029 -0.985525 -0.161670 1.029387 0.000000 0.000000 0.000000 1.000000
245 0.995266 -0.064087 0.073063 0.116895 -0.082333 -0.156532 0.984235 0.254807 -0.051640 -0.985592 -0.161067 1.028703 0.000000 0.000000 0.000000 1.000000
246 0.996643 -0.061924 0.053548 0.116222 -0.062930 -0.161133 0.984924 0.253309 -0.052363 -0.984988 -0.164489 1.030150 0.000000 0.000000 0.000000 1.000000
247 0.997582 -0.058403 0.037676 0.111143 -0.046767 -0.163084 0.985503 0.249676 -0.051412 -0.984882 -0.165421 1.024507 0.000000 0.000000 0.000000 1.000000
248 0.998259 -0.054801 0.021811 0.106902 -0.030786 -0.168693 0.985188 0.249548 -0.050310 -0.984144 -0.170087 1.025508 0.000000 0.000000 0.000000 1.000000
249 0.998711 -0.049565 0.010901 0.102894 -0.019335 -0.172999 0.984732 0.247081 -0.046922 -0.983674 -0.173734 1.024732 0.000000 0.000000 0.000000 1.000000
250 0.998986 -0.044529 0.006617 0.100895 -0.014321 -0.175001 0.984464 0.245529 -0.042680 -0.983561 -0.175462 1.022924 0.000000 0.000000 0.000000 1.000000
251 0.998971 -0.044645 0.007947 0.101291 -0.015748 -0.177210 0.984047 0.245721 -0.042524 -0.983160 -0.177731 1.022833 0.000000 0.000000 0.000000 1.000000
252 0.998811 -0.047450 0.011189 0.101046 -0.019531 -0.179180 0.983622 0.246153 -0.044668 -0.982671 -0.179894 1.020947 0.000000 0.000000 0.000000 1.000000
253 0.998457 -0.052965 0.016711 0.100524 -0.026061 -0.181096 0.983120 0.247835 -0.049045 -0.982038 -0.182197 1.016077 0.000000 0.000000 0.000000 1.000000
254 0.998078 -0.057634 0.022775 0.101186 -0.033220 -0.187348 0.981732 0.249963 -0.052315 -0.980601 -0.188903 1.013642 0.000000 0.000000 0.000000 1.000000
255 0.997915 -0.056381 0.031411 0.100042 -0.041660 -0.191000 0.980706 0.254053 -0.049294 -0.979970 -0.192950 1.008756 0.000000 0.000000 0.000000 1.000000
256 0.997435 -0.058224 0.041626 0.101803 -0.052682 -0.203540 0.977648 0.258303 -0.048449 -0.977334 -0.206085 1.004028 0.000000 0.000000 0.000000 1.000000
257 0.995829 -0.071974 0.056071 0.103418 -0.070434 -0.215822 0.973889 0.262910 -0.057994 -0.973777 -0.219991 0.997802 0.000000 0.000000 0.000000 1.000000
258 0.993751 -0.083068 0.074558 0.106447 -0.091028 -0.216532 0.972022 0.267357 -0.064600 -0.972735 -0.222741 0.994561 0.000000 0.000000 0.000000 1.000000
259 0.992060 -0.082153 0.095224 0.110074 -0.110468 -0.207303 0.972020 0.273038 -0.060114 -0.974821 -0.214732 0.993039 0.000000 0.000000 0.000000 1.000000
260 0.990570 -0.073118 0.115868 0.110725 -0.128302 -0.198360 0.971695 0.279091 -0.048065 -0.977398 -0.205871 0.992159 0.000000 0.000000 0.000000 1.000000
261 0.988903 -0.066023 0.133086 0.113595 -0.143604 -0.195307 0.970172 0.285528 -0.038061 -0.978517 -0.202621 0.987300 0.000000 0.000000 0.000000 1.000000
262 0.985616 -0.071952 0.152922 0.116962 -0.164505 -0.201086 0.965662 0.294127 -0.038730 -0.976928 -0.210030 0.980415 0.000000 0.000000 0.000000 1.000000
263 0.980474 -0.085818 0.176933 0.123817 -0.191439 -0.210853 0.958589 0.302804 -0.044957 -0.973743 -0.223165 0.973136 0.000000 0.000000 0.000000 1.000000
264 0.974094 -0.099804 0.202931 0.130924 -0.220564 -0.221151 0.949970 0.309362 -0.049932 -0.970119 -0.237435 0.966388 0.000000 0.000000 0.000000 1.000000
265 0.968380 -0.103506 0.226997 0.140628 -0.245072 -0.224352 0.943189 0.315199 -0.046698 -0.968996 -0.242624 0.960241 0.000000 0.000000 0.000000 1.000000
266 0.962057 -0.099701 0.253980 0.148730 -0.270319 -0.221834 0.936866 0.318993 -0.037065 -0.969974 -0.240368 0.955194 0.000000 0.000000 0.000000 1.000000
267 0.955467 -0.084833 0.282642 0.161851 -0.294526 -0.214509 0.931257 0.316752 -0.018372 -0.973031 -0.229942 0.943915 0.000000 0.000000 0.000000 1.000000
268 0.947093 -0.074504 0.312193 0.170900 -0.320936 -0.208051 0.923967 0.316104 -0.003887 -0.975276 -0.220954 0.932354 0.000000 0.000000 0.000000 1.000000
269 0.938255 -0.076782 0.337317 0.181277 -0.345943 -0.204574 0.915682 0.317145 -0.001301 -0.975835 -0.218505 0.921563 0.000000 0.000000 0.000000 1.000000
270 0.931972 -0.079688 0.353663 0.189825 -0.362530 -0.205189 0.909104 0.319319 0.000123 -0.975473 -0.220120 0.910594 0.000000 0.000000 0.000000 1.000000
271 0.929071 -0.078742 0.361424 0.199053 -0.369890 -0.205784 0.905999 0.317260 0.003036 -0.975424 -0.220314 0.892971 0.000000 0.000000 0.000000 1.000000
272 0.927134 -0.078291 0.366460 0.208512 -0.374698 -0.206444 0.903871 0.316326 0.004888 -0.975321 -0.220737 0.878390 0.000000 0.000000 0.000000 1.000000
273 0.924750 -0.076605 0.372785 0.211550 -0.380503 -0.205155 0.901737 0.316045 0.007401 -0.975727 -0.218865 0.864230 0.000000 0.000000 0.000000 1.000000
274 0.923949 -0.076158 0.374859 0.214684 -0.382451 -0.202039 0.901616 0.315833 0.007071 -0.976412 -0.215800 0.852149 0.000000 0.000000 0.000000 1.000000
275 0.925506 -0.073676 0.371497 0.218823 -0.378670 -0.197836 0.904141 0.314615 0.006882 -0.977462 -0.210997 0.838286 0.000000 0.000000 0.000000 1.000000
276 0.927468 -0.076307 0.366032 0.219734 -0.373889 -0.197406 0.906222 0.315486 0.003106 -0.977348 -0.211618 0.827990 0.000000 0.000000 0.000000 1.000000
277 0.930367 -0.080618 0.357656 0.223640 -0.366610 -0.194604 0.909795 0.314749 -0.003744 -0.977563 -0.210609 0.814907 0.000000 0.000000 0.000000 1.000000
278 0.933070 -0.083471 0.349875 0.224365 -0.359574 -0.191328 0.913291 0.315628 -0.009293 -0.977970 -0.208537 0.803803 0.000000 0.000000 0.000000 1.000000
279 0.935259 -0.089481 0.342468 0.225297 -0.353605 -0.192579 0.915356 0.318663 -0.015955 -0.977193 -0.211752 0.797159 0.000000 0.000000 0.000000 1.000000
280 0.935522 -0.094942 0.340270 0.224943 -0.352610 -0.192244 0.915810 0.320057 -0.021534 -0.976744 -0.213326 0.783791 0.000000 0.000000 0.000000 1.000000
281 0.935126 -0.104394 0.338587 0.228192 -0.353047 -0.193748 0.915325 0.320140 -0.029954 -0.975481 -0.218035 0.773349 0.000000 0.000000 0.000000 1.000000
282 0.936241 -0.105023 0.335296 0.229341 -0.349967 -0.193878 0.916480 0.321143 -0.031245 -0.975388 -0.218271 0.764118 0.000000 0.000000 0.000000 1.000000
283 0.938095 -0.097612 0.332340 0.228614 -0.345391 -0.191224 0.918770 0.324144 -0.026131 -0.976681 -0.213100 0.752962 0.000000 0.000000 0.000000 1.000000
284 0.939207 -0.091307 0.330988 0.228823 -0.342688 -0.189352 0.920169 0.323997 -0.021345 -0.977655 -0.209131 0.742934 0.000000 0.000000 0.000000 1.000000
285 0.940034 -0.087929 0.329553 0.230541 -0.340574 -0.189263 0.920972 0.322653 -0.018608 -0.977982 -0.207860 0.732343 0.000000 0.000000 0.000000 1.000000
286 0.939385 -0.086689 0.331723 0.227521 -0.342417 -0.187874 0.920572 0.325617 -0.017481 -0.978360 -0.206170 0.722554 0.000000 0.000000 0.000000 1.000000
287 0.940387 -0.082371 0.329981 0.229074 -0.339806 -0.186792 0.921760 0.322519 -0.014288 -0.978940 -0.203647 0.710926 0.000000 0.000000 0.000000 1.000000
288 0.941342 -0.076394 0.328692 0.225953 -0.337349 -0.188842 0.922244 0.323977 -0.008383 -0.979032 -0.203536 0.703468 0.000000 0.000000 0.000000 1.000000
289 0.943381 -0.067127 0.324848 0.224243 -0.331711 -0.189726 0.924106 0.323720 -0.000400 -0.979540 -0.201250 0.691580 0.000000 0.000000 0.000000 1.000000
290 0.944839 -0.062700 0.321477 0.223143 -0.327509 -0.193036 0.924919 0.323227 0.004064 -0.979186 -0.202922 0.680440 0.000000 0.000000 0.000000 1.000000
291 0.944058 -0.063607 0.323586 0.221777 -0.329750 -0.195107 0.923687 0.322179 0.004380 -0.978717 -0.205167 0.668348 0.000000 0.000000 0.000000 1.000000
292 0.942315 -0.067353 0.327881 0.220521 -0.334715 -0.198250 0.921229 0.324344 0.002955 -0.977835 -0.209358 0.660266 0.000000 0.000000 0.000000 1.000000
293 0.940447 -0.070609 0.332527 0.223786 -0.339939 -0.198521 0.919256 0.323798 0.001106 -0.977550 -0.210701 0.651550 0.000000 0.000000 0.000000 1.000000
294 0.937995 -0.074595 0.338527 0.227622 -0.346645 -0.197308 0.917010 0.321578 -0.001610 -0.977499 -0.210932 0.644713 0.000000 0.000000 0.000000 1.000000
295 0.934571 -0.080241 0.346610 0.230264 -0.355723 -0.193864 0.914264 0.322933 -0.006166 -0.977741 -0.209723 0.640554 0.000000 0.000000 0.000000 1.000000
296 0.931479 -0.088665 0.352824 0.233790 -0.363536 -0.190327 0.911930 0.321844 -0.013705 -0.977709 -0.209519 0.636435 0.000000 0.000000 0.000000 1.000000
297 0.928821 -0.095355 0.358050 0.236291 -0.370054 -0.189774 0.909421 0.322566 -0.018769 -0.977186 -0.211552 0.632863 0.000000 0.000000 0.000000 1.000000
298 0.927407 -0.094605 0.361893 0.235827 -0.373684 -0.191252 0.907625 0.323175 -0.016653 -0.976971 -0.212721 0.627549 0.000000 0.000000 0.000000 1.000000
299 0.926267 -0.088435 0.366344 0.232835 -0.376747 -0.192788 0.906032 0.326879 -0.009499 -0.977247 -0.211891 0.623097 0.000000 0.000000 0.000000 1.000000
300 0.926878 -0.080328 0.366667 0.231029 -0.375352 -0.190931 0.907004 0.328805 -0.002850 -0.978311 -0.207121 0.617193 0.000000 0.000000 0.000000 1.000000
301 0.927672 -0.082667 0.364130 0.226600 -0.373343 -0.188946 0.908248 0.331253 -0.006281 -0.978502 -0.206143 0.609085 0.000000 0.000000 0.000000 1.000000
302 0.928874 -0.088328 0.359711 0.220035 -0.370229 -0.192197 0.908840 0.336081 -0.011141 -0.977373 -0.211228 0.603068 0.000000 0.000000 0.000000 1.000000
303 0.929529 -0.088592 0.357948 0.207172 -0.368620 -0.197676 0.908319 0.341321 -0.009712 -0.976256 -0.216403 0.595068 0.000000 0.000000 0.000000 1.000000
304 0.930957 -0.085036 0.355089 0.196329 -0.365106 -0.205811 0.907932 0.346567 -0.004126 -0.974890 -0.222648 0.587305 0.000000 0.000000 0.000000 1.000000
305 0.931017 -0.076700 0.356825 0.181787 -0.364927 -0.211526 0.906689 0.352677 0.005935 -0.974358 -0.224924 0.579299 0.000000 0.000000 0.000000 1.000000
306 0.931388 -0.061861 0.358733 0.167124 -0.363500 -0.211106 0.907360 0.356817 0.019601 -0.975504 -0.219108 0.565686 0.000000 0.000000 0.000000 1.000000
307 0.930778 -0.045937 0.362687 0.153915 -0.363866 -0.212503 0.906887 0.363053 0.035412 -0.976080 -0.214508 0.557615 0.000000 0.000000 0.000000 1.000000
308 0.928446 -0.032371 0.370054 0.138797 -0.368114 -0.213719 0.904885 0.368156 0.049795 -0.976359 -0.210342 0.546179 0.000000 0.000000 0.000000 1.000000
309 0.925813 -0.023589 0.377246 0.123548 -0.372996 -0.218605 0.901713 0.374886 0.061197 -0.975528 -0.211186 0.535849 0.000000 0.000000 0.000000 1.000000
310 0.923309 -0.011581 0.383883 0.109326 -0.376683 -0.222243 0.899287 0.380553 0.074901 -0.974922 -0.209562 0.524735 0.000000 0.000000 0.000000 1.000000
311 0.921776 -0.000585 0.387722 0.097863 -0.377954 -0.224413 0.898215 0.385841 0.086484 -0.974494 -0.207079 0.514259 0.000000 0.000000 0.000000 1.000000
312 0.918605 0.002531 0.395168 0.084629 -0.384486 -0.225292 0.895217 0.392044 0.091294 -0.974288 -0.205982 0.505716 0.000000 0.000000 0.000000 1.000000
313 0.912177 -0.000900 0.409797 0.072865 -0.399235 -0.227535 0.888166 0.398947 0.092443 -0.973770 -0.207911 0.497804 0.000000 0.000000 0.000000 1.000000
314 0.905769 -0.006527 0.423721 0.063836 -0.413925 -0.227915 0.881318 0.403672 0.090820 -0.973659 -0.209140 0.488087 0.000000 0.000000 0.000000 1.000000
315 0.901198 -0.009471 0.433305 0.054427 -0.423687 -0.229815 0.876170 0.408760 0.091281 -0.973188 -0.211122 0.480734 0.000000 0.000000 0.000000 1.000000
316 0.897312 -0.009377 0.441297 0.043116 -0.431124 -0.233048 0.871677 0.418652 0.094669 -0.972420 -0.213160 0.477610 0.000000 0.000000 0.000000 1.000000
317 0.894692 -0.009266 0.446588 0.035780 -0.436206 -0.233403 0.869050 0.423810 0.096183 -0.972336 -0.212865 0.469771 0.000000 0.000000 0.000000 1.000000
318 0.891890 -0.014545 0.452018 0.026198 -0.442611 -0.233348 0.865820 0.430953 0.092885 -0.972284 -0.214559 0.463038 0.000000 0.000000 0.000000 1.000000
319 0.890133 -0.020570 0.455237 0.020852 -0.447033 -0.233328 0.863550 0.435729 0.088456 -0.972180 -0.216888 0.459447 0.000000 0.000000 0.000000 1.000000
320 0.889574 -0.028066 0.455929 0.014518 -0.449340 -0.233316 0.862355 0.441496 0.082172 -0.971996 -0.220163 0.456749 0.000000 0.000000 0.000000 1.000000
321 0.889354 -0.035617 0.455830 0.009320 -0.451051 -0.231565 0.861934 0.442399 0.074854 -0.972167 -0.222008 0.453933 0.000000 0.000000 0.000000 1.000000
322 0.889359 -0.041696 0.455305 0.005414 -0.451955 -0.230716 0.861688 0.446538 0.069117 -0.972127 -0.224034 0.453738 0.000000 0.000000 0.000000 1.000000
323 0.888736 -0.043482 0.456353 -0.000795 -0.453458 -0.229457 0.861235 0.448380 0.067265 -0.972347 -0.223644 0.452873 0.000000 0.000000 0.000000 1.000000
324 0.887689 -0.042369 0.458491 -0.003177 -0.455438 -0.227236 0.860779 0.448558 0.067716 -0.972918 -0.221012 0.453230 0.000000 0.000000 0.000000 1.000000
325 0.886516 -0.043817 0.460618 -0.001469 -0.458028 -0.224187 0.860204 0.446917 0.065573 -0.973561 -0.218815 0.453367 0.000000 0.000000 0.000000 1.000000
326 0.886358 -0.047230 0.460585 -0.000672 -0.458895 -0.221796 0.860362 0.445888 0.061521 -0.973949 -0.218264 0.452295 0.000000 0.000000 0.000000 1.000000
327 0.888326 -0.049277 0.456562 0.001511 -0.455398 -0.222431 0.862054 0.445979 0.059074 -0.973702 -0.220032 0.452616 0.000000 0.000000 0.000000 1.000000
328 0.890598 -0.050273 0.452003 0.005679 -0.450957 -0.226390 0.863357 0.444994 0.058925 -0.972739 -0.224293 0.455616 0.000000 0.000000 0.000000 1.000000
329 0.892915 -0.051564 0.447262 0.008105 -0.446394 -0.230715 0.864583 0.444017 0.058609 -0.971654 -0.229027 0.456736 0.000000 0.000000 0.000000 1.000000
330 0.894924 -0.054212 0.442912 0.012415 -0.442553 -0.234785 0.865461 0.443624 0.057071 -0.970534 -0.234106 0.460360 0.000000 0.000000 0.000000 1.000000
331 0.898869 -0.056475 0.434563 0.018059 -0.434969 -0.235502 0.869103 0.440718 0.053258 -0.970232 -0.236251 0.460599 0.000000 0.000000 0.000000 1.000000
332 0.903518 -0.060432 0.424267 0.023825 -0.425879 -0.236954 0.873201 0.441489 0.047763 -0.969639 -0.239829 0.465362 0.000000 0.000000 0.000000 1.000000
333 0.907339 -0.064096 0.415484 0.028279 -0.418332 -0.235532 0.877224 0.439475 0.041633 -0.969751 -0.240521 0.468721 0.000000 0.000000 0.000000 1.000000
334 0.912662 -0.064463 0.403599 0.036036 -0.407046 -0.232506 0.883320 0.437977 0.036898 -0.970456 -0.238439 0.473098 0.000000 0.000000 0.000000 1.000000
335 0.917112 -0.064963 0.393301 0.044690 -0.397334 -0.228440 0.888786 0.434532 0.032107 -0.971388 -0.235317 0.476709 0.000000 0.000000 0.000000 1.000000
336 0.920555 -0.067185 0.384793 0.050688 -0.389642 -0.227404 0.892450 0.434430 0.027544 -0.971480 -0.235516 0.482537 0.000000 0.000000 0.000000 1.000000
337 0.926170 -0.057752 0.372658 0.059108 -0.375742 -0.225318 0.898916 0.432242 0.032052 -0.972572 -0.230383 0.486359 0.000000 0.000000 0.000000 1.000000
338 0.930913 -0.037564 0.363304 0.068975 -0.362100 -0.225081 0.904556 0.429282 0.047794 -0.973616 -0.223133 0.489762 0.000000 0.000000 0.000000 1.000000
339 0.932313 -0.021450 0.361016 0.075454 -0.355994 -0.230324 0.905660 0.428251 0.063724 -0.972878 -0.222370 0.494574 0.000000 0.000000 0.000000 1.000000
340 0.931822 -0.014596 0.362621 0.084947 -0.355914 -0.232069 0.905245 0.425156 0.070940 -0.972590 -0.221442 0.498129 0.000000 0.000000 0.000000 1.000000
341 0.931557 -0.012474 0.363382 0.093933 -0.356400 -0.229171 0.905792 0.425397 0.071978 -0.973306 -0.217931 0.502104 0.000000 0.000000 0.000000 1.000000
342 0.931771 -0.002777 0.363037 0.107772 -0.354296 -0.225189 0.907614 0.421029 0.079232 -0.974311 -0.210808 0.504588 0.000000 0.000000 0.000000 1.000000
343 0.930952 0.006656 0.365081 0.118259 -0.354504 -0.223111 0.908047 0.421275 0.087498 -0.974770 -0.205346 0.506861 0.000000 0.000000 0.000000 1.000000
344 0.931612 0.010264 0.363311 0.137306 -0.352047 -0.222995 0.909030 0.419471 0.090346 -0.974766 -0.204131 0.505688 0.000000 0.000000 0.000000 1.000000
345 0.933577 0.005879 0.358329 0.153932 -0.347860 -0.225587 0.910002 0.420172 0.086184 -0.974205 -0.208558 0.503152 0.000000 0.000000 0.000000 1.000000
346 0.934881 -0.009007 0.354846 0.172134 -0.347134 -0.231966 0.908675 0.423276 0.074127 -0.972682 -0.219987 0.501814 0.000000 0.000000 0.000000 1.000000
347 0.935975 -0.020242 0.351485 0.189605 -0.346034 -0.236916 0.907817 0.423513 0.064896 -0.971319 -0.228751 0.498498 0.000000 0.000000 0.000000 1.000000
348 0.935791 -0.024048 0.351733 0.208971 -0.346988 -0.239406 0.906799 0.421644 0.062400 -0.970622 -0.232378 0.495283 0.000000 0.000000 0.000000 1.000000
349 0.934348 -0.023830 0.355565 0.228555 -0.350629 -0.239727 0.905312 0.418997 0.063665 -0.970548 -0.232344 0.493860 0.000000 0.000000 0.000000 1.000000
350 0.932800 -0.019238 0.359882 0.243586 -0.353813 -0.238869 0.904300 0.419082 0.068567 -0.970861 -0.229624 0.494336 0.000000 0.000000 0.000000 1.000000
351 0.931793 -0.009201 0.362872 0.259776 -0.354433 -0.238827 0.904068 0.415366 0.078345 -0.971019 -0.225798 0.493569 0.000000 0.000000 0.000000 1.000000
352 0.931016 0.001110 0.364978 0.275300 -0.353986 -0.240838 0.903710 0.412316 0.088904 -0.970565 -0.223831 0.493017 0.000000 0.000000 0.000000 1.000000
353 0.934617 0.016236 0.355284 0.290681 -0.341209 -0.240882 0.908599 0.408984 0.100334 -0.970419 -0.219593 0.492803 0.000000 0.000000 0.000000 1.000000
354 0.939492 0.037363 0.340527 0.301066 -0.322721 -0.236918 0.916363 0.409789 0.114915 -0.970811 -0.210525 0.494624 0.000000 0.000000 0.000000 1.000000
355 0.944285 0.059395 0.323726 0.317285 -0.301670 -0.237124 0.923454 0.408206 0.131612 -0.969662 -0.205995 0.495312 0.000000 0.000000 0.000000 1.000000
356 0.947143 0.068322 0.313451 0.333343 -0.290329 -0.233139 0.928092 0.405124 0.136486 -0.970040 -0.200980 0.493183 0.000000 0.000000 0.000000 1.000000
357 0.950965 0.065091 0.302372 0.350675 -0.280095 -0.233444 0.931156 0.402736 0.131196 -0.970189 -0.203765 0.490706 0.000000 0.000000 0.000000 1.000000
358 0.956388 0.057574 0.286370 0.368009 -0.265295 -0.239046 0.934064 0.402751 0.122233 -0.969300 -0.213346 0.485867 0.000000 0.000000 0.000000 1.000000
359 0.961007 0.063023 0.269245 0.382268 -0.245669 -0.252360 0.935928 0.403976 0.126932 -0.965579 -0.227038 0.482510 0.000000 0.000000 0.000000 1.000000
360 0.962631 0.075514 0.260076 0.393972 -0.232148 -0.264445 0.936043 0.404139 0.139460 -0.961440 -0.237033 0.482138 0.000000 0.000000 0.000000 1.000000
361 0.962304 0.089806 0.256723 0.404160 -0.224681 -0.269421 0.936446 0.401101 0.153265 -0.958826 -0.239087 0.481965 0.000000 0.000000 0.000000 1.000000
362 0.961419 0.100236 0.256175 0.411074 -0.221695 -0.269013 0.937274 0.398276 0.162863 -0.957907 -0.236412 0.485571 0.000000 0.000000 0.000000 1.000000
363 0.960407 0.118194 0.252287 0.411753 -0.214299 -0.265254 0.940062 0.395369 0.178030 -0.956907 -0.229423 0.491742 0.000000 0.000000 0.000000 1.000000
364 0.957977 0.146382 0.246681 0.411711 -0.203347 -0.259972 0.943962 0.391976 0.202309 -0.954456 -0.219281 0.502491 0.000000 0.000000 0.000000 1.000000
365 0.953874 0.162144 0.252653 0.407066 -0.206704 -0.255596 0.944428 0.390821 0.217710 -0.953090 -0.210291 0.514197 0.000000 0.000000 0.000000 1.000000
366 0.951652 0.155807 0.264733 0.399730 -0.219793 -0.256682 0.941172 0.390679 0.214593 -0.953855 -0.210027 0.527052 0.000000 0.000000 0.000000 1.000000
367 0.949805 0.141911 0.278805 0.393807 -0.237032 -0.255188 0.937387 0.389009 0.204173 -0.956421 -0.208741 0.539066 0.000000 0.000000 0.000000 1.000000
368 0.948316 0.129686 0.289617 0.384782 -0.250055 -0.256509 0.933636 0.389773 0.195368 -0.957802 -0.210823 0.555307 0.000000 0.000000 0.000000 1.000000
369 0.948444 0.117080 0.294529 0.373450 -0.257094 -0.259265 0.930959 0.392059 0.185358 -0.958683 -0.215798 0.574798 0.000000 0.000000 0.000000 1.000000
370 0.949273 0.104991 0.296408 0.358873 -0.261558 -0.259604 0.929620 0.394689 0.174550 -0.959991 -0.218974 0.592364 0.000000 0.000000 0.000000 1.000000
371 0.950925 0.091957 0.295442 0.345145 -0.263076 -0.262371 0.928414 0.398613 0.162890 -0.960576 -0.225303 0.615543 0.000000 0.000000 0.000000 1.000000
372 0.951538 0.083248 0.296051 0.329484 -0.266174 -0.259243 0.928409 0.402929 0.154037 -0.962218 -0.224522 0.637234 0.000000 0.000000 0.000000 1.000000
373 0.951337 0.075832 0.298675 0.312914 -0.271383 -0.252960 0.928635 0.408078 0.145973 -0.964500 -0.220070 0.665074 0.000000 0.000000 0.000000 1.000000
374 0.952242 0.062223 0.298936 0.295438 -0.276783 -0.237522 0.931114 0.413963 0.128940 -0.969387 -0.208957 0.693142 0.000000 0.000000 0.000000 1.000000
375 0.955084 0.043673 0.293100 0.278937 -0.277039 -0.219488 0.935454 0.418578 0.105186 -0.974637 -0.197530 0.720117 0.000000 0.000000 0.000000 1.000000
376 0.957612 0.028016 0.286696 0.257823 -0.274966 -0.207777 0.938734 0.425094 0.085868 -0.977775 -0.191266 0.745336 0.000000 0.000000 0.000000 1.000000
377 0.960308 0.019636 0.278249 0.238653 -0.268748 -0.202068 0.941777 0.431017 0.074718 -0.979175 -0.188770 0.771998 0.000000 0.000000 0.000000 1.000000
378 0.964084 0.025192 0.264400 0.219965 -0.254656 -0.195108 0.947145 0.433575 0.075448 -0.980458 -0.181685 0.792741 0.000000 0.000000 0.000000 1.000000
379 0.966132 0.034584 0.255719 0.197877 -0.244627 -0.192664 0.950283 0.439230 0.082133 -0.980655 -0.177679 0.817410 0.000000 0.000000 0.000000 1.000000
380 0.967037 0.035792 0.252107 0.184298 -0.241123 -0.189516 0.951810 0.438217 0.081846 -0.981225 -0.174639 0.835844 0.000000 0.000000 0.000000 1.000000
381 0.967064 0.014167 0.254139 0.168259 -0.246891 -0.190627 0.950109 0.435823 0.061906 -0.981560 -0.180851 0.851655 0.000000 0.000000 0.000000 1.000000
382 0.968352 -0.001155 0.249586 0.154722 -0.245261 -0.189815 0.950693 0.429934 0.046278 -0.981819 -0.184091 0.863207 0.000000 0.000000 0.000000 1.000000
383 0.969699 -0.001418 0.244300 0.139593 -0.240485 -0.181678 0.953499 0.422219 0.043032 -0.983357 -0.176514 0.876390 0.000000 0.000000 0.000000 1.000000
384 0.970747 0.008310 0.239962 0.125438 -0.234786 -0.176368 0.955913 0.413970 0.050265 -0.984289 -0.169258 0.891249 0.000000 0.000000 0.000000 1.000000
385 0.971006 0.011275 0.238787 0.116489 -0.233115 -0.176602 0.956279 0.403216 0.052953 -0.984218 -0.168853 0.896673 0.000000 0.000000 0.000000 1.000000
386 0.968892 0.003511 0.247459 0.108514 -0.242650 -0.183179 0.952663 0.393588 0.048674 -0.983073 -0.176629 0.902876 0.000000 0.000000 0.000000 1.000000
387 0.965247 -0.007395 0.261237 0.102921 -0.257843 -0.189960 0.947329 0.385588 0.042619 -0.981764 -0.185265 0.908635 0.000000 0.000000 0.000000 1.000000
388 0.960478 -0.014814 0.277960 0.099086 -0.275465 -0.194096 0.941512 0.376573 0.040004 -0.980871 -0.190506 0.911826 0.000000 0.000000 0.000000 1.000000
389 0.955768 -0.015248 0.293726 0.100207 -0.290966 -0.194909 0.936669 0.369116 0.042968 -0.980703 -0.190724 0.918329 0.000000 0.000000 0.000000 1.000000
390 0.952510 -0.021176 0.303771 0.102762 -0.302130 -0.190176 0.934104 0.361129 0.037990 -0.981522 -0.187542 0.922191 0.000000 0.000000 0.000000 1.000000
391 0.950319 -0.026282 0.310167 0.104969 -0.309577 -0.183853 0.932931 0.351723 0.032505 -0.982602 -0.182855 0.925415 0.000000 0.000000 0.000000 1.000000
392 0.951308 -0.022291 0.307436 0.107384 -0.306120 -0.185180 0.933809 0.343473 0.036116 -0.982452 -0.182987 0.933423 0.000000 0.000000 0.000000 1.000000
393 0.954020 -0.026034 0.298609 0.107914 -0.298153 -0.184845 0.936449 0.336895 0.030817 -0.982423 -0.184108 0.941587 0.000000 0.000000 0.000000 1.000000
394 0.956541 -0.018767 0.290995 0.107842 -0.289429 -0.182623 0.939617 0.331626 0.035508 -0.983004 -0.180118 0.952625 0.000000 0.000000 0.000000 1.000000
395 0.959819 -0.014605 0.280239 0.105507 -0.277919 -0.187667 0.942095 0.327368 0.038833 -0.982124 -0.184185 0.959550 0.000000 0.000000 0.000000 1.000000
396 0.960971 -0.014030 0.276295 0.104700 -0.273655 -0.194785 0.941898 0.324782 0.040603 -0.980746 -0.191022 0.967025 0.000000 0.000000 0.000000 1.000000
397 0.960919 -0.023679 0.275815 0.107316 -0.274952 -0.197466 0.940961 0.320371 0.032183 -0.980024 -0.196260 0.967492 0.000000 0.000000 0.000000 1.000000
398 0.962341 -0.019210 0.271167 0.108647 -0.269732 -0.191645 0.943672 0.317901 0.033840 -0.981276 -0.189609 0.967894 0.000000 0.000000 0.000000 1.000000
399 0.963047 -0.011148 0.269104 0.107109 -0.266763 -0.177224 0.947327 0.319878 0.037131 -0.984107 -0.173649 0.971693 0.000000 0.000000 0.000000 1.000000
400 0.967405 -0.015927 0.252732 0.107942 -0.251919 -0.162071 0.954081 0.324395 0.025764 -0.986651 -0.160801 0.972334 0.000000 0.000000 0.000000 1.000000
401 0.973379 -0.032611 0.226872 0.111837 -0.229170 -0.155536 0.960880 0.328545 0.003951 -0.987292 -0.158869 0.969705 0.000000 0.000000 0.000000 1.000000
402 0.976541 -0.050963 0.209214 0.115341 -0.214735 -0.158216 0.963772 0.334701 -0.016016 -0.986088 -0.165448 0.967587 0.000000 0.000000 0.000000 1.000000
403 0.980125 -0.056078 0.190291 0.122349 -0.197028 -0.163309 0.966701 0.341774 -0.023134 -0.984980 -0.171112 0.965534 0.000000 0.000000 0.000000 1.000000
404 0.984779 -0.045261 0.167812 0.126993 -0.173081 -0.167096 0.970630 0.349846 -0.015891 -0.984901 -0.172387 0.963903 0.000000 0.000000 0.000000 1.000000
405 0.989705 -0.041068 0.137107 0.132192 -0.142333 -0.181750 0.972989 0.359457 -0.015040 -0.982487 -0.185724 0.958216 0.000000 0.000000 0.000000 1.000000
406 0.993618 -0.038723 0.105943 0.139338 -0.111592 -0.200455 0.973327 0.370487 -0.016453 -0.978937 -0.203497 0.956219 0.000000 0.000000 0.000000 1.000000
407 0.995207 -0.037746 0.090207 0.146996 -0.096115 -0.207773 0.973444 0.377658 -0.018001 -0.977449 -0.210405 0.954356 0.000000 0.000000 0.000000 1.000000
408 0.995578 -0.035999 0.086767 0.157648 -0.092342 -0.205459 0.974300 0.384722 -0.017247 -0.978003 -0.207875 0.954658 0.000000 0.000000 0.000000 1.000000
409 0.996568 -0.023919 0.079253 0.166324 -0.082444 -0.200119 0.976297 0.392667 -0.007493 -0.979479 -0.201404 0.956967 0.000000 0.000000 0.000000 1.000000
410 0.997415 -0.014385 0.070397 0.173648 -0.071852 -0.201555 0.976838 0.401793 0.000137 -0.979372 -0.202068 0.957705 0.000000 0.000000 0.000000 1.000000
411 0.998042 -0.007720 0.062074 0.181912 -0.062318 -0.208481 0.976039 0.413134 0.005407 -0.977996 -0.208554 0.960064 0.000000 0.000000 0.000000 1.000000
412 0.998321 -0.008628 0.057283 0.191104 -0.057813 -0.210912 0.975794 0.418656 0.003663 -0.977467 -0.211056 0.953681 0.000000 0.000000 0.000000 1.000000
413 0.998532 -0.010711 0.053093 0.199056 -0.054153 -0.216140 0.974859 0.425158 0.001034 -0.976304 -0.216403 0.951805 0.000000 0.000000 0.000000 1.000000
414 0.999006 -0.009464 0.043559 0.207451 -0.044573 -0.221858 0.974060 0.433988 0.000445 -0.975033 -0.222059 0.950943 0.000000 0.000000 0.000000 1.000000
415 0.999667 -0.001627 0.025772 0.217415 -0.025471 -0.226364 0.973710 0.441988 0.004250 -0.974041 -0.226330 0.948604 0.000000 0.000000 0.000000 1.000000
416 0.999958 0.006600 0.006303 0.223285 -0.004609 -0.230780 0.972995 0.450320 0.007876 -0.972983 -0.230740 0.948081 0.000000 0.000000 0.000000 1.000000
417 0.999792 0.013834 -0.015001 0.234058 0.017785 -0.230340 0.972948 0.458309 0.010005 -0.973012 -0.230538 0.948728 0.000000 0.000000 0.000000 1.000000
418 0.999229 0.017625 -0.035079 0.242696 0.038157 -0.225845 0.973416 0.464517 0.009234 -0.974004 -0.226343 0.945761 0.000000 0.000000 0.000000 1.000000
419 0.997780 0.022553 -0.062667 0.252428 0.066142 -0.225128 0.972081 0.472146 0.007815 -0.974068 -0.226120 0.946077 0.000000 0.000000 0.000000 1.000000
420 0.995356 0.025478 -0.092828 0.264416 0.096171 -0.221473 0.970413 0.479172 0.004165 -0.974834 -0.222895 0.943047 0.000000 0.000000 0.000000 1.000000
421 0.992535 0.025698 -0.119222 0.274125 0.121957 -0.216029 0.968740 0.485566 -0.000861 -0.976049 -0.217551 0.943172 0.000000 0.000000 0.000000 1.000000
422 0.989572 0.030170 -0.140841 0.286176 0.144036 -0.204972 0.968112 0.491802 0.000340 -0.978303 -0.207180 0.944363 0.000000 0.000000 0.000000 1.000000
423 0.985318 0.045197 -0.164637 0.296680 0.170359 -0.196901 0.965509 0.496026 0.011221 -0.979381 -0.201710 0.943569 0.000000 0.000000 0.000000 1.000000
424 0.979413 0.057448 -0.193518 0.309370 0.201245 -0.202821 0.958313 0.506408 0.015804 -0.977529 -0.210207 0.944468 0.000000 0.000000 0.000000 1.000000
425 0.974782 0.058266 -0.215420 0.321565 0.222952 -0.212470 0.951393 0.512119 0.009663 -0.975429 -0.220102 0.942599 0.000000 0.000000 0.000000 1.000000
426 0.970378 0.055491 -0.235134 0.336940 0.241579 -0.212394 0.946852 0.518127 0.002600 -0.975607 -0.219508 0.940551 0.000000 0.000000 0.000000 1.000000
427 0.964393 0.064391 -0.256516 0.352502 0.264344 -0.204300 0.942541 0.528712 0.008285 -0.976788 -0.214047 0.941614 0.000000 0.000000 0.000000 1.000000
428 0.958366 0.082312 -0.273422 0.366465 0.284404 -0.189731 0.939743 0.537877 0.025476 -0.978380 -0.205241 0.944741 0.000000 0.000000 0.000000 1.000000
429 0.954418 0.099614 -0.281358 0.377963 0.295171 -0.175206 0.939243 0.545182 0.044266 -0.979479 -0.196624 0.945835 0.000000 0.000000 0.000000 1.000000
430 0.950947 0.115143 -0.287128 0.391448 0.303808 -0.172636 0.936962 0.556573 0.058316 -0.978232 -0.199149 0.949783 0.000000 0.000000 0.000000 1.000000
431 0.947690 0.119739 -0.295882 0.401880 0.313478 -0.174536 0.933418 0.568025 0.060125 -0.977343 -0.202941 0.949858 0.000000 0.000000 0.000000 1.000000
432 0.943692 0.119302 -0.308565 0.411891 0.326219 -0.180466 0.927908 0.580131 0.055016 -0.976319 -0.209223 0.950653 0.000000 0.000000 0.000000 1.000000
433 0.938305 0.116189 -0.325707 0.418425 0.342753 -0.187519 0.920520 0.589693 0.045878 -0.975365 -0.215774 0.949423 0.000000 0.000000 0.000000 1.000000
434 0.928165 0.116452 -0.353482 0.427232 0.370274 -0.193183 0.908613 0.605765 0.037524 -0.974228 -0.222424 0.950196 0.000000 0.000000 0.000000 1.000000
435 0.917049 0.118371 -0.380800 0.430318 0.397556 -0.196814 0.896222 0.616896 0.031140 -0.973269 -0.227547 0.946887 0.000000 0.000000 0.000000 1.000000
436 0.902988 0.123730 -0.411466 0.433825 0.428821 -0.199461 0.881095 0.627337 0.026946 -0.972063 -0.233169 0.946112 0.000000 0.000000 0.000000 1.000000
437 0.884914 0.127837 -0.447867 0.437617 0.465225 -0.196756 0.863049 0.640465 0.022209 -0.972083 -0.233585 0.944314 0.000000 0.000000 0.000000 1.000000
438 0.863081 0.133034 -0.487229 0.440602 0.504733 -0.192224 0.841603 0.649742 0.018305 -0.972292 -0.233051 0.941161 0.000000 0.000000 0.000000 1.000000
439 0.842248 0.143773 -0.519564 0.442024 0.538741 -0.189826 0.820807 0.657589 0.019383 -0.971234 -0.237337 0.940630 0.000000 0.000000 0.000000 1.000000
440 0.824320 0.155884 -0.544239 0.447387 0.565542 -0.183177 0.804120 0.668376 0.025657 -0.970642 -0.239155 0.937787 0.000000 0.000000 0.000000 1.000000
441 0.809482 0.165423 -0.563359 0.453669 0.586263 -0.175183 0.790953 0.679406 0.032151 -0.970539 -0.238789 0.934521 0.000000 0.000000 0.000000 1.000000
442 0.793996 0.173491 -0.582642 0.458628 0.606791 -0.167716 0.776966 0.688427 0.037079 -0.970449 -0.238439 0.931457 0.000000 0.000000 0.000000 1.000000
443 0.771765 0.184207 -0.608644 0.465929 0.634500 -0.159406 0.756306 0.702770 0.042296 -0.969875 -0.239903 0.930586 0.000000 0.000000 0.000000 1.000000
444 0.750703 0.193755 -0.631589 0.471129 0.658851 -0.149269 0.737315 0.712557 0.048581 -0.969628 -0.239712 0.927550 0.000000 0.000000 0.000000 1.000000
445 0.733307 0.202140 -0.649154 0.475529 0.677788 -0.142180 0.721380 0.723523 0.053523 -0.968981 -0.241270 0.924325 0.000000 0.000000 0.000000 1.000000
446 0.718744 0.206827 -0.663799 0.483236 0.693297 -0.141237 0.706676 0.736052 0.052407 -0.968129 -0.244906 0.921932 0.000000 0.000000 0.000000 1.000000
447 0.709345 0.207667 -0.673575 0.489568 0.703274 -0.144412 0.696097 0.749749 0.047284 -0.967481 -0.248485 0.921351 0.000000 0.000000 0.000000 1.000000
448 0.697891 0.209003 -0.685030 0.499281 0.714645 -0.140143 0.685305 0.764609 0.047229 -0.967821 -0.247167 0.920116 0.000000 0.000000 0.000000 1.000000
449 0.687330 0.212026 -0.694711 0.503551 0.724524 -0.132443 0.676405 0.776161 0.051406 -0.968248 -0.244650 0.918526 0.000000 0.000000 0.000000 1.000000
450 0.677111 0.214042 -0.704064 0.508467 0.733873 -0.125791 0.667538 0.788933 0.054317 -0.968691 -0.242255 0.916089 0.000000 0.000000 0.000000 1.000000
451 0.666374 0.216240 -0.713572 0.515610 0.743484 -0.120365 0.657832 0.800531 0.056361 -0.968892 -0.240979 0.913207 0.000000 0.000000 0.000000 1.000000
452 0.658951 0.218744 -0.719677 0.519069 0.749845 -0.115601 0.651437 0.808766 0.059302 -0.968910 -0.240199 0.912126 0.000000 0.000000 0.000000 1.000000
453 0.650571 0.217968 -0.727494 0.527858 0.757191 -0.112415 0.643448 0.821713 0.058470 -0.969460 -0.238177 0.908121 0.000000 0.000000 0.000000 1.000000
454 0.644018 0.218886 -0.733028 0.533132 0.762857 -0.111894 0.636812 0.829204 0.057367 -0.969313 -0.239040 0.903666 0.000000 0.000000 0.000000 1.000000
455 0.634050 0.224306 -0.740046 0.535796 0.770891 -0.107985 0.627747 0.836818 0.060893 -0.968517 -0.241383 0.900946 0.000000 0.000000 0.000000 1.000000
456 0.627283 0.228118 -0.744633 0.539048 0.776140 -0.104286 0.621877 0.843620 0.064207 -0.968032 -0.242469 0.899484 0.000000 0.000000 0.000000 1.000000
457 0.625233 0.228081 -0.746367 0.542388 0.777607 -0.100668 0.620640 0.850883 0.066421 -0.968424 -0.240298 0.896724 0.000000 0.000000 0.000000 1.000000
458 0.627529 0.226490 -0.744923 0.545214 0.775937 -0.102969 0.622349 0.859213 0.064252 -0.968555 -0.240358 0.897119 0.000000 0.000000 0.000000 1.000000
459 0.629004 0.223672 -0.744530 0.548134 0.775065 -0.106229 0.622888 0.864938 0.060232 -0.968858 -0.240179 0.897554 0.000000 0.000000 0.000000 1.000000
460 0.627978 0.222113 -0.745862 0.547634 0.776072 -0.107395 0.621432 0.867482 0.057927 -0.969088 -0.239818 0.896899 0.000000 0.000000 0.000000 1.000000
461 0.626357 0.220726 -0.747634 0.547218 0.777565 -0.108746 0.619328 0.866842 0.055399 -0.969255 -0.239742 0.895946 0.000000 0.000000 0.000000 1.000000
462 0.624403 0.218644 -0.749878 0.549692 0.779316 -0.109494 0.616990 0.870463 0.052794 -0.969642 -0.238761 0.896178 0.000000 0.000000 0.000000 1.000000
463 0.627984 0.217336 -0.747263 0.550023 0.776441 -0.109967 0.620521 0.868792 0.052687 -0.969883 -0.237806 0.895900 0.000000 0.000000 0.000000 1.000000
464 0.630090 0.219040 -0.744988 0.548694 0.774274 -0.104268 0.624202 0.866201 0.059047 -0.970129 -0.235295 0.893773 0.000000 0.000000 0.000000 1.000000
465 0.633495 0.223491 -0.740767 0.546209 0.770828 -0.099211 0.629271 0.862952 0.067144 -0.969644 -0.235122 0.893888 0.000000 0.000000 0.000000 1.000000
466 0.638892 0.225734 -0.735433 0.544253 0.765791 -0.095451 0.635967 0.859200 0.073361 -0.969502 -0.233848 0.893497 0.000000 0.000000 0.000000 1.000000
467 0.646470 0.222390 -0.729808 0.545282 0.759261 -0.093714 0.644003 0.858453 0.074827 -0.970443 -0.229435 0.891463 0.000000 0.000000 0.000000 1.000000
468 0.657744 0.219801 -0.720458 0.542711 0.749485 -0.095579 0.655085 0.854954 0.075128 -0.970851 -0.227604 0.892402 0.000000 0.000000 0.000000 1.000000
469 0.667573 0.217149 -0.712175 0.541602 0.740761 -0.097400 0.664670 0.849483 0.074967 -0.971267 -0.225878 0.890688 0.000000 0.000000 0.000000 1.000000
470 0.675507 0.218518 -0.704230 0.537985 0.733335 -0.099527 0.672543 0.841224 0.076873 -0.970744 -0.227478 0.892058 0.000000 0.000000 0.000000 1.000000
471 0.681808 0.220693 -0.697447 0.536369 0.726957 -0.097959 0.679660 0.834318 0.081675 -0.970412 -0.227224 0.893780 0.000000 0.000000 0.000000 1.000000
472 0.691931 0.222975 -0.686669 0.533557 0.716903 -0.099783 0.689995 0.823826 0.085334 -0.969704 -0.228895 0.897481 0.000000 0.000000 0.000000 1.000000
473 0.703181 0.222770 -0.675211 0.531243 0.705439 -0.099932 0.701691 0.814755 0.088841 -0.969736 -0.227421 0.896339 0.000000 0.000000 0.000000 1.000000
474 0.717019 0.224097 -0.660049 0.528959 0.691241 -0.106563 0.714724 0.804652 0.089831 -0.968723 -0.231313 0.896627 0.000000 0.000000 0.000000 1.000000
475 0.730953 0.224293 -0.644515 0.526126 0.676690 -0.116014 0.727070 0.794097 0.088304 -0.967591 -0.236578 0.897696 0.000000 0.000000 0.000000 1.000000
476 0.743445 0.222170 -0.630817 0.523598 0.663192 -0.123041 0.738267 0.784156 0.086404 -0.967213 -0.238816 0.895990 0.000000 0.000000 0.000000 1.000000
477 0.756623 0.220817 -0.615436 0.520902 0.648419 -0.132317 0.749697 0.775480 0.084113 -0.966298 -0.243296 0.897325 0.000000 0.000000 0.000000 1.000000
478 0.772997 0.218361 -0.595646 0.515826 0.628992 -0.141354 0.764453 0.762290 0.082730 -0.965576 -0.246614 0.898070 0.000000 0.000000 0.000000 1.000000
479 0.789650 0.215817 -0.574348 0.513277 0.607953 -0.148988 0.779869 0.751192 0.082738 -0.965000 -0.248855 0.896600 0.000000 0.000000 0.000000 1.000000
480 0.805822 0.215561 -0.551529 0.509111 0.586044 -0.156815 0.794960 0.740503 0.084874 -0.963817 -0.252693 0.897560 0.000000 0.000000 0.000000 1.000000
481 0.821238 0.214664 -0.528666 0.503251 0.563837 -0.163227 0.809595 0.725444 0.087498 -0.962952 -0.255084 0.897813 0.000000 0.000000 0.000000 1.000000
482 0.832091 0.214546 -0.511464 0.500594 0.546944 -0.164323 0.820884 0.717428 0.092072 -0.962792 -0.254076 0.900178 0.000000 0.000000 0.000000 1.000000
483 0.842860 0.215782 -0.492976 0.496694 0.528325 -0.157708 0.834267 0.704553 0.102273 -0.963622 -0.246929 0.900481 0.000000 0.000000 0.000000 1.000000
484 0.852426 0.218897 -0.474819 0.491444 0.510279 -0.150383 0.846758 0.691346 0.113948 -0.964090 -0.239889 0.901712 0.000000 0.000000 0.000000 1.000000
485 0.863686 0.220279 -0.453347 0.482212 0.489122 -0.149155 0.859368 0.676844 0.121681 -0.963966 -0.236566 0.902631 0.000000 0.000000 0.000000 1.000000
486 0.875081 0.220028 -0.431071 0.475875 0.466872 -0.149068 0.871670 0.662756 0.127533 -0.964037 -0.233171 0.902354 0.000000 0.000000 0.000000 1.000000
487 0.887898 0.216864 -0.405717 0.467943 0.440795 -0.148635 0.885216 0.648037 0.131668 -0.964820 -0.227565 0.902598 0.000000 0.000000 0.000000 1.000000
488 0.899048 0.213157 -0.382462 0.459638 0.416773 -0.148862 0.896739 0.634917 0.134212 -0.965611 -0.222672 0.905156 0.000000 0.000000 0.000000 1.000000
489 0.909778 0.206847 -0.359887 0.455308 0.393013 -0.150215 0.907180 0.620116 0.133587 -0.966773 -0.217956 0.904406 0.000000 0.000000 0.000000 1.000000
490 0.920535 0.199949 -0.335613 0.446128 0.369032 -0.163178 0.914980 0.607322 0.128185 -0.966123 -0.223998 0.907524 0.000000 0.000000 0.000000 1.000000
491 0.929099 0.193567 -0.315129 0.440311 0.347933 -0.168641 0.922227 0.595771 0.125369 -0.966484 -0.224032 0.906616 0.000000 0.000000 0.000000 1.000000
492 0.936390 0.190913 -0.294491 0.436184 0.327591 -0.174382 0.928588 0.585499 0.125925 -0.965993 -0.225831 0.908906 0.000000 0.000000 0.000000 1.000000
493 0.944440 0.187265 -0.270120 0.429311 0.303236 -0.179357 0.935884 0.576257 0.126810 -0.965797 -0.226177 0.909902 0.000000 0.000000 0.000000 1.000000
494 0.953019 0.181312 -0.242654 0.424121 0.274921 -0.181412 0.944197 0.566143 0.127174 -0.966548 -0.222735 0.909420 0.000000 0.000000 0.000000 1.000000
495 0.962428 0.174862 -0.207740 0.415181 0.239405 -0.185422 0.953050 0.554426 0.128133 -0.966976 -0.220319 0.908794 0.000000 0.000000 0.000000 1.000000
496 0.970404 0.169125 -0.172376 0.409888 0.203711 -0.189964 0.960425 0.547099 0.129687 -0.967114 -0.218795 0.910565 0.000000 0.000000 0.000000 1.000000
497 0.978494 0.162014 -0.127674 0.400376 0.158724 -0.196068 0.967659 0.538263 0.131742 -0.967114 -0.217566 0.908835 0.000000 0.000000 0.000000 1.000000
498 0.984834 0.154330 -0.079276 0.391436 0.111261 -0.211169 0.971096 0.534393 0.133128 -0.965189 -0.225138 0.908236 0.000000 0.000000 0.000000 1.000000
499 0.989261 0.143562 -0.027421 0.378388 0.059059 -0.221022 0.973479 0.529972 0.133694 -0.964645 -0.227127 0.903201 0.000000 0.000000 0.000000 1.000000
500 0.990331 0.136683 0.023724 0.367968 0.007770 -0.225390 0.974238 0.527145 0.138509 -0.964633 -0.224273 0.903010 0.000000 0.000000 0.000000 1.000000
501 0.988124 0.134529 0.074253 0.355329 -0.043219 -0.220402 0.974451 0.525005 0.147457 -0.966087 -0.211970 0.900748 0.000000 0.000000 0.000000 1.000000
502 0.982857 0.136533 0.123895 0.344300 -0.093152 -0.212171 0.972783 0.523584 0.159104 -0.967648 -0.195816 0.898662 0.000000 0.000000 0.000000 1.000000
503 0.977404 0.127140 0.168868 0.336176 -0.139262 -0.213683 0.966926 0.525451 0.159019 -0.968594 -0.191149 0.899085 0.000000 0.000000 0.000000 1.000000
504 0.972522 0.100113 0.210188 0.329881 -0.184293 -0.220626 0.957789 0.526522 0.142260 -0.970207 -0.196114 0.898574 0.000000 0.000000 0.000000 1.000000
505 0.964460 0.076320 0.252965 0.324799 -0.230511 -0.224934 0.946715 0.528394 0.129153 -0.971381 -0.199347 0.896289 0.000000 0.000000 0.000000 1.000000
506 0.953906 0.061625 0.293711 0.321166 -0.273446 -0.224785 0.935254 0.532147 0.123657 -0.972458 -0.197572 0.897178 0.000000 0.000000 0.000000 1.000000
507 0.942608 0.053679 0.329557 0.319702 -0.310540 -0.221751 0.924333 0.534939 0.122697 -0.973625 -0.192355 0.897610 0.000000 0.000000 0.000000 1.000000
508 0.932591 0.051220 0.357283 0.318472 -0.338661 -0.218179 0.915263 0.539204 0.124832 -0.974564 -0.186126 0.899302 0.000000 0.000000 0.000000 1.000000
509 0.922247 0.050657 0.383267 0.317897 -0.364837 -0.213894 0.906170 0.540878 0.127882 -0.975542 -0.178782 0.898243 0.000000 0.000000 0.000000 1.000000
510 0.911482 0.045799 0.408783 0.316878 -0.391398 -0.209116 0.896146 0.544836 0.126526 -0.976818 -0.172680 0.895463 0.000000 0.000000 0.000000 1.000000
511 0.902104 0.047967 0.428845 0.317393 -0.411041 -0.206999 0.887805 0.546795 0.131356 -0.977165 -0.167018 0.892762 0.000000 0.000000 0.000000 1.000000
512 0.891642 0.050914 0.449869 0.316375 -0.430830 -0.209957 0.877669 0.552330 0.139138 -0.976384 -0.165271 0.894497 0.000000 0.000000 0.000000 1.000000
513 0.880476 0.049793 0.471468 0.318173 -0.451696 -0.213923 0.866145 0.553650 0.143986 -0.975581 -0.165862 0.892975 0.000000 0.000000 0.000000 1.000000
514 0.869068 0.050582 0.492100 0.317303 -0.471457 -0.216604 0.854875 0.557326 0.149832 -0.974948 -0.164397 0.890881 0.000000 0.000000 0.000000 1.000000
515 0.858263 0.048489 0.510915 0.317095 -0.489527 -0.221587 0.843364 0.561588 0.154106 -0.973934 -0.166443 0.892065 0.000000 0.000000 0.000000 1.000000
516 0.844605 0.037066 0.534106 0.315658 -0.514014 -0.222938 0.828304 0.566282 0.149775 -0.974128 -0.169242 0.890453 0.000000 0.000000 0.000000 1.000000
517 0.826708 0.016791 0.562381 0.318237 -0.545540 -0.220578 0.808537 0.566774 0.137625 -0.975225 -0.173193 0.890563 0.000000 0.000000 0.000000 1.000000
518 0.804816 0.001543 0.593522 0.320744 -0.579580 -0.213445 0.786466 0.569632 0.127898 -0.976954 -0.170890 0.885175 0.000000 0.000000 0.000000 1.000000
519 0.784094 -0.011135 0.620542 0.320843 -0.607928 -0.215115 0.764296 0.574134 0.124977 -0.976525 -0.175440 0.885102 0.000000 0.000000 0.000000 1.000000
520 0.762349 -0.020766 0.646833 0.321012 -0.634614 -0.219879 0.740890 0.578694 0.126839 -0.975306 -0.180803 0.883527 0.000000 0.000000 0.000000 1.000000
521 0.741622 -0.026915 0.670278 0.321471 -0.658141 -0.222534 0.719256 0.583784 0.129801 -0.974553 -0.182750 0.880911 0.000000 0.000000 0.000000 1.000000
522 0.722170 -0.032360 0.690958 0.324304 -0.679148 -0.222720 0.699396 0.586007 0.131258 -0.974345 -0.182819 0.879458 0.000000 0.000000 0.000000 1.000000
523 0.703094 -0.038124 0.710074 0.324237 -0.699029 -0.220244 0.680332 0.587812 0.130453 -0.974699 -0.181502 0.877577 0.000000 0.000000 0.000000 1.000000
524 0.687877 -0.039030 0.724777 0.327557 -0.713639 -0.218593 0.665535 0.586939 0.132455 -0.975035 -0.178218 0.876292 0.000000 0.000000 0.000000 1.000000
525 0.673144 -0.037548 0.738558 0.329676 -0.726907 -0.217201 0.651483 0.586461 0.135953 -0.975405 -0.173502 0.874164 0.000000 0.000000 0.000000 1.000000
526 0.661735 -0.041079 0.748612 0.329873 -0.736840 -0.220050 0.639254 0.590748 0.138472 -0.974623 -0.175884 0.877014 0.000000 0.000000 0.000000 1.000000
527 0.657046 -0.046801 0.752396 0.336829 -0.741504 -0.220018 0.633849 0.590686 0.135876 -0.974373 -0.179265 0.876973 0.000000 0.000000 0.000000 1.000000
528 0.652551 -0.050553 0.756057 0.339629 -0.746099 -0.217125 0.629438 0.592077 0.132339 -0.974834 -0.179403 0.875133 0.000000 0.000000 0.000000 1.000000
529 0.648070 -0.053888 0.759672 0.343070 -0.750792 -0.212509 0.625421 0.593325 0.127734 -0.975672 -0.178179 0.874406 0.000000 0.000000 0.000000 1.000000
530 0.642181 -0.061070 0.764116 0.347387 -0.757485 -0.203429 0.620349 0.594373 0.117559 -0.977183 -0.176898 0.874109 0.000000 0.000000 0.000000 1.000000
531 0.636652 -0.067078 0.768229 0.351587 -0.763427 -0.195474 0.615604 0.595487 0.108875 -0.978412 -0.175658 0.877472 0.000000 0.000000 0.000000 1.000000
532 0.632834 -0.068708 0.771233 0.355304 -0.767349 -0.188699 0.612836 0.595939 0.103425 -0.979628 -0.172138 0.877693 0.000000 0.000000 0.000000 1.000000
533 0.632292 -0.067365 0.771796 0.357942 -0.767809 -0.187351 0.612674 0.596254 0.103324 -0.979980 -0.170184 0.880859 0.000000 0.000000 0.000000 1.000000
534 0.637608 -0.068276 0.767329 0.361466 -0.763255 -0.190967 0.617231 0.597694 0.104392 -0.979219 -0.173874 0.886649 0.000000 0.000000 0.000000 1.000000
535 0.649147 -0.069230 0.757506 0.364756 -0.753663 -0.193330 0.628184 0.598006 0.102960 -0.978688 -0.177676 0.891912 0.000000 0.000000 0.000000 1.000000
536 0.663135 -0.068428 0.745365 0.368130 -0.741690 -0.194097 0.642046 0.598273 0.100739 -0.978593 -0.179465 0.898458 0.000000 0.000000 0.000000 1.000000
537 0.679745 -0.063516 0.730693 0.372183 -0.726596 -0.194177 0.659055 0.597817 0.100023 -0.978908 -0.178141 0.906004 0.000000 0.000000 0.000000 1.000000
538 0.699819 -0.056582 0.712076 0.375249 -0.706695 -0.200114 0.678629 0.600033 0.104099 -0.978137 -0.180030 0.915644 0.000000 0.000000 0.000000 1.000000
539 0.720950 -0.047011 0.691391 0.378692 -0.684220 -0.206485 0.699433 0.606351 0.109881 -0.977320 -0.181032 0.926310 0.000000 0.000000 0.000000 1.000000
540 0.742461 -0.032965 0.669078 0.380482 -0.659268 -0.213109 0.721076 0.612602 0.118816 -0.976472 -0.179958 0.940266 0.000000 0.000000 0.000000 1.000000
541 0.760454 -0.019319 0.649104 0.382461 -0.637080 -0.215902 0.739942 0.620114 0.125848 -0.976224 -0.176492 0.952495 0.000000 0.000000 0.000000 1.000000
542 0.776790 -0.009734 0.629685 0.385186 -0.615988 -0.219710 0.756496 0.629260 0.130984 -0.975517 -0.176664 0.961471 0.000000 0.000000 0.000000 1.000000
543 0.792935 -0.008745 0.609243 0.387521 -0.595049 -0.226151 0.771215 0.642258 0.131036 -0.974053 -0.184527 0.971053 0.000000 0.000000 0.000000 1.000000
544 0.808701 -0.008670 0.588156 0.389284 -0.574213 -0.228539 0.786161 0.657431 0.127601 -0.973496 -0.189798 0.980643 0.000000 0.000000 0.000000 1.000000
545 0.820824 -0.007368 0.571134 0.392502 -0.557527 -0.227664 0.798331 0.668963 0.124145 -0.973712 -0.190980 0.989760 0.000000 0.000000 0.000000 1.000000
546 0.833040 0.000944 0.553212 0.393124 -0.538628 -0.226728 0.811465 0.684891 0.126195 -0.973958 -0.188365 1.000909 0.000000 0.000000 0.000000 1.000000
547 0.848780 0.011103 0.528630 0.393118 -0.513401 -0.221811 0.828987 0.701617 0.126460 -0.975026 -0.182569 1.014664 0.000000 0.000000 0.000000 1.000000
548 0.867068 0.020897 0.497751 0.394030 -0.481832 -0.218749 0.848520 0.716200 0.126614 -0.975557 -0.179602 1.025734 0.000000 0.000000 0.000000 1.000000
549 0.883466 0.027759 0.467673 0.394346 -0.450987 -0.219963 0.865001 0.731494 0.126882 -0.975113 -0.181811 1.038580 0.000000 0.000000 0.000000 1.000000
550 0.896098 0.028308 0.442953 0.397374 -0.427178 -0.215993 0.877990 0.742260 0.120528 -0.975985 -0.181458 1.048567 0.000000 0.000000 0.000000 1.000000
551 0.906108 0.020338 0.422558 0.399506 -0.409105 -0.212196 0.887472 0.751544 0.107715 -0.977016 -0.183952 1.058112 0.000000 0.000000 0.000000 1.000000
552 0.913923 0.018293 0.405474 0.401252 -0.393070 -0.209173 0.895401 0.761330 0.101194 -0.977708 -0.183977 1.065223 0.000000 0.000000 0.000000 1.000000
553 0.921579 0.028023 0.387179 0.398171 -0.373522 -0.207582 0.904097 0.771286 0.105707 -0.977816 -0.180836 1.073442 0.000000 0.000000 0.000000 1.000000
554 0.927394 0.033937 0.372544 0.394064 -0.357925 -0.209057 0.910046 0.782226 0.108767 -0.977314 -0.181731 1.081126 0.000000 0.000000 0.000000 1.000000
555 0.933455 0.028182 0.357586 0.393396 -0.343892 -0.213119 0.914505 0.788841 0.101981 -0.976620 -0.189245 1.086182 0.000000 0.000000 0.000000 1.000000
556 0.938548 0.017246 0.344718 0.390031 -0.332770 -0.219862 0.917019 0.797469 0.091606 -0.975379 -0.200612 1.086280 0.000000 0.000000 0.000000 1.000000
557 0.942604 0.015034 0.333575 0.385287 -0.321865 -0.225031 0.919654 0.807179 0.088891 -0.974236 -0.207276 1.088442 0.000000 0.000000 0.000000 1.000000
558 0.944629 0.021213 0.327455 0.380569 -0.314117 -0.230163 0.921062 0.815795 0.094907 -0.972921 -0.210755 1.094923 0.000000 0.000000 0.000000 1.000000
559 0.945209 0.029414 0.325139 0.375194 -0.309887 -0.232509 0.921905 0.824796 0.102715 -0.972149 -0.210655 1.101667 0.000000 0.000000 0.000000 1.000000
560 0.945087 0.032336 0.325215 0.370028 -0.309212 -0.233739 0.921821 0.831784 0.105824 -0.971761 -0.210905 1.104629 0.000000 0.000000 0.000000 1.000000
561 0.945174 0.040353 0.324065 0.364375 -0.305896 -0.238055 0.921823 0.842643 0.114344 -0.970413 -0.212659 1.109805 0.000000 0.000000 0.000000 1.000000
562 0.945425 0.047766 0.322318 0.361791 -0.302300 -0.240564 0.922358 0.850961 0.121595 -0.969457 -0.212996 1.114152 0.000000 0.000000 0.000000 1.000000
563 0.945158 0.050497 0.322685 0.360917 -0.302155 -0.239925 0.922572 0.859555 0.124007 -0.969477 -0.211509 1.119508 0.000000 0.000000 0.000000 1.000000
564 0.945441 0.046601 0.322442 0.359917 -0.302799 -0.239534 0.922462 0.871597 0.120224 -0.969769 -0.212355 1.122773 0.000000 0.000000 0.000000 1.000000
565 0.948349 0.036324 0.315143 0.360692 -0.297589 -0.242255 0.923446 0.884392 0.109888 -0.969532 -0.218933 1.124970 0.000000 0.000000 0.000000 1.000000
566 0.951403 0.032536 0.306225 0.361895 -0.288774 -0.251149 0.923869 0.895338 0.106967 -0.967402 -0.229548 1.126834 0.000000 0.000000 0.000000 1.000000
567 0.954980 0.033618 0.294758 0.361989 -0.276619 -0.258157 0.925655 0.907773 0.107212 -0.965518 -0.237236 1.129047 0.000000 0.000000 0.000000 1.000000
568 0.958688 0.037219 0.282014 0.363660 -0.262903 -0.262655 0.928383 0.918998 0.108626 -0.964172 -0.242019 1.130568 0.000000 0.000000 0.000000 1.000000
569 0.962139 0.041339 0.269406 0.361940 -0.249471 -0.264570 0.931540 0.932170 0.109786 -0.963480 -0.244240 1.130631 0.000000 0.000000 0.000000 1.000000
570 0.967646 0.047255 0.247848 0.363617 -0.227020 -0.265607 0.936971 0.944335 0.110107 -0.962923 -0.246286 1.131396 0.000000 0.000000 0.000000 1.000000
571 0.974290 0.054720 0.218553 0.361304 -0.197083 -0.263043 0.944440 0.957922 0.109168 -0.963231 -0.245496 1.131559 0.000000 0.000000 0.000000 1.000000
572 0.981052 0.067163 0.181730 0.359357 -0.159158 -0.255488 0.953622 0.972632 0.110478 -0.964477 -0.239958 1.131984 0.000000 0.000000 0.000000 1.000000
573 0.986780 0.085547 0.137651 0.353242 -0.112943 -0.246148 0.962629 0.986657 0.116232 -0.965450 -0.233232 1.130663 0.000000 0.000000 0.000000 1.000000
574 0.990008 0.104652 0.094512 0.350311 -0.066885 -0.241548 0.968081 0.997583 0.124141 -0.964729 -0.232135 1.131621 0.000000 0.000000 0.000000 1.000000
575 0.991136 0.120966 0.054928 0.349599 -0.025516 -0.232427 0.972279 1.006939 0.130379 -0.965062 -0.227280 1.131172 0.000000 0.000000 0.000000 1.000000
576 0.991307 0.130905 0.013224 0.342584 0.016832 -0.225861 0.974014 1.017943 0.130490 -0.965324 -0.226101 1.131922 0.000000 0.000000 0.000000 1.000000
577 0.989830 0.139763 -0.026524 0.340770 0.057440 -0.222086 0.973334 1.026306 0.130146 -0.964958 -0.227855 1.132053 0.000000 0.000000 0.000000 1.000000
578 0.988118 0.142514 -0.057561 0.337495 0.089264 -0.227238 0.969740 1.038614 0.125122 -0.963355 -0.237259 1.133505 0.000000 0.000000 0.000000 1.000000
579 0.986248 0.142270 -0.084108 0.335107 0.116141 -0.234536 0.965145 1.046497 0.117585 -0.961640 -0.247834 1.133539 0.000000 0.000000 0.000000 1.000000
580 0.982245 0.150301 -0.112269 0.335509 0.146126 -0.237657 0.960295 1.056145 0.117652 -0.959650 -0.255400 1.134155 0.000000 0.000000 0.000000 1.000000
581 0.978268 0.159471 -0.132514 0.333864 0.168142 -0.236191 0.957049 1.061936 0.121323 -0.958532 -0.257872 1.132410 0.000000 0.000000 0.000000 1.000000
582 0.974124 0.168974 -0.150099 0.334284 0.187836 -0.235926 0.953445 1.069330 0.125695 -0.956968 -0.261560 1.132052 0.000000 0.000000 0.000000 1.000000
583 0.970176 0.179100 -0.163345 0.334232 0.203129 -0.232962 0.951035 1.075853 0.132277 -0.955851 -0.262395 1.130458 0.000000 0.000000 0.000000 1.000000
584 0.966767 0.186751 -0.174603 0.334262 0.216099 -0.231978 0.948413 1.081390 0.136613 -0.954626 -0.264625 1.131041 0.000000 0.000000 0.000000 1.000000
585 0.964091 0.190741 -0.184787 0.334677 0.226979 -0.230578 0.946211 1.086649 0.137874 -0.954176 -0.265592 1.130721 0.000000 0.000000 0.000000 1.000000
586 0.962990 0.192387 -0.188779 0.335536 0.231305 -0.230286 0.945234 1.091160 0.138378 -0.953916 -0.266263 1.132026 0.000000 0.000000 0.000000 1.000000
587 0.963491 0.187797 -0.190834 0.335501 0.231682 -0.227542 0.945805 1.093444 0.134196 -0.955488 -0.262744 1.130332 0.000000 0.000000 0.000000 1.000000
588 0.964893 0.182111 -0.189255 0.336777 0.228887 -0.229636 0.945980 1.096765 0.128814 -0.956087 -0.263257 1.130484 0.000000 0.000000 0.000000 1.000000
589 0.966299 0.177108 -0.186813 0.338624 0.225552 -0.232751 0.946020 1.099515 0.124067 -0.956274 -0.264854 1.132531 0.000000 0.000000 0.000000 1.000000
590 0.968834 0.170652 -0.179552 0.339859 0.216257 -0.229196 0.949053 1.099312 0.120805 -0.958304 -0.258957 1.130924 0.000000 0.000000 0.000000 1.000000
591 0.970686 0.166327 -0.173504 0.339949 0.209050 -0.228037 0.950945 1.098859 0.118603 -0.959340 -0.256123 1.131750 0.000000 0.000000 0.000000 1.000000
592 0.970588 0.168534 -0.171915 0.340495 0.207904 -0.226719 0.951512 1.097400 0.121385 -0.959268 -0.255089 1.133117 0.000000 0.000000 0.000000 1.000000
593 0.968561 0.174853 -0.176962 0.338447 0.213991 -0.222805 0.951086 1.096183 0.126872 -0.959054 -0.253217 1.131299 0.000000 0.000000 0.000000 1.000000
594 0.965885 0.186003 -0.180193 0.335206 0.219810 -0.220921 0.950199 1.094280 0.136932 -0.957391 -0.254269 1.131857 0.000000 0.000000 0.000000 1.000000
595 0.965149 0.192164 -0.177652 0.331616 0.219177 -0.222606 0.949952 1.092477 0.143000 -0.955782 -0.256966 1.130667 0.000000 0.000000 0.000000 1.000000
596 0.963699 0.196662 -0.180580 0.331926 0.224113 -0.228231 0.947462 1.096170 0.145115 -0.953538 -0.264021 1.134027 0.000000 0.000000 0.000000 1.000000
597 0.962646 0.196309 -0.186482 0.332271 0.230236 -0.231016 0.945316 1.099138 0.142494 -0.952940 -0.267584 1.136466 0.000000 0.000000 0.000000 1.000000
598 0.960691 0.195606 -0.197005 0.331629 0.240549 -0.232240 0.942444 1.103743 0.138596 -0.952787 -0.270163 1.140164 0.000000 0.000000 0.000000 1.000000
599 0.957571 0.195787 -0.211486 0.333550 0.254942 -0.233243 0.938404 1.111651 0.134400 -0.952505 -0.273261 1.144474 0.000000 0.000000 0.000000 1.000000
600 0.955660 0.194628 -0.220982 0.335993 0.264209 -0.235368 0.935305 1.117109 0.130025 -0.952219 -0.276355 1.145408 0.000000 0.000000 0.000000 1.000000
601 0.956767 0.188073 -0.221868 0.342297 0.263948 -0.240998 0.933944 1.125875 0.122180 -0.952128 -0.280220 1.146988 0.000000 0.000000 0.000000 1.000000
602 0.959982 0.178300 -0.215973 0.350206 0.256100 -0.246767 0.934622 1.132765 0.113348 -0.952531 -0.282555 1.147051 0.000000 0.000000 0.000000 1.000000
603 0.961575 0.173395 -0.212857 0.361289 0.252131 -0.250911 0.934598 1.141168 0.108647 -0.952354 -0.284988 1.147159 0.000000 0.000000 0.000000 1.000000
604 0.960956 0.174232 -0.214956 0.368984 0.254487 -0.251550 0.933787 1.150600 0.108623 -0.952032 -0.286069 1.147772 0.000000 0.000000 0.000000 1.000000
605 0.958971 0.176825 -0.221601 0.380284 0.261258 -0.247683 0.932951 1.156909 0.110082 -0.952568 -0.283717 1.143604 0.000000 0.000000 0.000000 1.000000
606 0.956980 0.182321 -0.225716 0.391912 0.266802 -0.247185 0.931513 1.165818 0.114041 -0.951661 -0.285195 1.140235 0.000000 0.000000 0.000000 1.000000
607 0.954936 0.191401 -0.226856 0.402813 0.270695 -0.248103 0.930145 1.172915 0.121747 -0.949637 -0.288733 1.137177 0.000000 0.000000 0.000000 1.000000
608 0.952302 0.203900 -0.227036 0.415969 0.274751 -0.249165 0.928670 1.175450 0.132786 -0.946753 -0.293302 1.130400 0.000000 0.000000 0.000000 1.000000
609 0.948492 0.216521 -0.231263 0.429723 0.282782 -0.249542 0.926155 1.180534 0.142823 -0.943847 -0.297917 1.125925 0.000000 0.000000 0.000000 1.000000
610 0.945071 0.226588 -0.235582 0.445250 0.290226 -0.250150 0.923685 1.181580 0.150365 -0.941320 -0.302172 1.123162 0.000000 0.000000 0.000000 1.000000
611 0.943064 0.227811 -0.242347 0.465746 0.297189 -0.249942 0.921524 1.183763 0.149361 -0.941080 -0.303415 1.119155 0.000000 0.000000 0.000000 1.000000
612 0.941249 0.225734 -0.251185 0.487995 0.304629 -0.246455 0.920033 1.188426 0.145777 -0.942499 -0.300741 1.116753 0.000000 0.000000 0.000000 1.000000
613 0.938102 0.229114 -0.259755 0.510432 0.313221 -0.241048 0.918580 1.190320 0.147846 -0.943081 -0.297891 1.113348 0.000000 0.000000 0.000000 1.000000
614 0.932062 0.237702 -0.273419 0.532063 0.327983 -0.233004 0.915498 1.192900 0.153908 -0.942978 -0.295137 1.111971 0.000000 0.000000 0.000000 1.000000
615 0.923511 0.250344 -0.290612 0.549685 0.346227 -0.217973 0.912477 1.195950 0.165087 -0.943300 -0.287977 1.111018 0.000000 0.000000 0.000000 1.000000
616 0.914663 0.262785 -0.307142 0.568959 0.364288 -0.206597 0.908082 1.202166 0.175176 -0.942476 -0.284696 1.112046 0.000000 0.000000 0.000000 1.000000
617 0.910039 0.267051 -0.317037 0.584816 0.374842 -0.203614 0.904453 1.208673 0.176982 -0.941926 -0.285399 1.113154 0.000000 0.000000 0.000000 1.000000
618 0.904607 0.267379 -0.331955 0.598109 0.389027 -0.199633 0.899336 1.216347 0.174194 -0.942685 -0.284607 1.114449 0.000000 0.000000 0.000000 1.000000
619 0.894803 0.269285 -0.356108 0.607985 0.412254 -0.192160 0.890573 1.224648 0.171388 -0.943695 -0.282960 1.115157 0.000000 0.000000 0.000000 1.000000
620 0.884742 0.268767 -0.380784 0.615569 0.435656 -0.186543 0.880571 1.236691 0.165635 -0.944969 -0.282133 1.119038 0.000000 0.000000 0.000000 1.000000
621 0.878423 0.262401 -0.399398 0.621217 0.451485 -0.181753 0.873571 1.247491 0.156635 -0.947687 -0.278126 1.119530 0.000000 0.000000 0.000000 1.000000
622 0.871794 0.253598 -0.419122 0.624895 0.468056 -0.178728 0.865436 1.259286 0.144564 -0.950655 -0.274512 1.121985 0.000000 0.000000 0.000000 1.000000
623 0.860549 0.250413 -0.443564 0.628439 0.490431 -0.172095 0.854319 1.276720 0.137598 -0.952721 -0.270906 1.126222 0.000000 0.000000 0.000000 1.000000
624 0.846337 0.252711 -0.468882 0.630017 0.514150 -0.157625 0.843092 1.289668 0.139151 -0.954616 -0.263335 1.127184 0.000000 0.000000 0.000000 1.000000
625 0.829911 0.259454 -0.493895 0.629910 0.538448 -0.140789 0.830814 1.305650 0.146023 -0.955438 -0.256544 1.128575 0.000000 0.000000 0.000000 1.000000
626 0.814934 0.263063 -0.516412 0.630409 0.560070 -0.128364 0.818440 1.321891 0.149012 -0.956201 -0.251942 1.131873 0.000000 0.000000 0.000000 1.000000
627 0.807124 0.261157 -0.529478 0.630812 0.571738 -0.122164 0.811290 1.332319 0.147191 -0.957535 -0.247915 1.128722 0.000000 0.000000 0.000000 1.000000
628 0.800774 0.261941 -0.538654 0.631244 0.581684 -0.125618 0.803656 1.348279 0.142846 -0.956874 -0.252959 1.130019 0.000000 0.000000 0.000000 1.000000
629 0.796575 0.261405 -0.545102 0.631323 0.588464 -0.128720 0.798211 1.359521 0.138490 -0.956608 -0.256362 1.127650 0.000000 0.000000 0.000000 1.000000
630 0.790889 0.262480 -0.552811 0.630020 0.596670 -0.130082 0.791873 1.371602 0.135940 -0.956129 -0.259495 1.126228 0.000000 0.000000 0.000000 1.000000
631 0.786192 0.263287 -0.559091 0.628943 0.603104 -0.129559 0.787071 1.377291 0.134790 -0.955978 -0.260648 1.125031 0.000000 0.000000 0.000000 1.000000
632 0.780783 0.264456 -0.566075 0.630519 0.610176 -0.127849 0.781883 1.383683 0.134401 -0.955886 -0.261187 1.123145 0.000000 0.000000 0.000000 1.000000
633 0.777701 0.266249 -0.569466 0.630275 0.613750 -0.125633 0.779440 1.389166 0.135982 -0.955682 -0.261115 1.125422 0.000000 0.000000 0.000000 1.000000
634 0.778283 0.264342 -0.569560 0.632052 0.612528 -0.120057 0.781278 1.388932 0.138145 -0.956927 -0.255355 1.126404 0.000000 0.000000 0.000000 1.000000
635 0.780676 0.261252 -0.567708 0.630789 0.608487 -0.110715 0.785803 1.385466 0.142438 -0.958900 -0.245401 1.123318 0.000000 0.000000 0.000000 1.000000
636 0.782473 0.262449 -0.564674 0.631301 0.605363 -0.108219 0.788558 1.383944 0.145848 -0.958858 -0.243555 1.127361 0.000000 0.000000 0.000000 1.000000
637 0.785770 0.260725 -0.560882 0.634001 0.601071 -0.108013 0.791863 1.378856 0.145876 -0.959352 -0.241587 1.127336 0.000000 0.000000 0.000000 1.000000
638 0.791211 0.258352 -0.554291 0.634933 0.594410 -0.111851 0.796345 1.370505 0.143739 -0.959554 -0.242064 1.128864 0.000000 0.000000 0.000000 1.000000
639 0.798079 0.254336 -0.546245 0.634109 0.585447 -0.112828 0.802821 1.357456 0.142554 -0.960512 -0.238946 1.126590 0.000000 0.000000 0.000000 1.000000
640 0.802032 0.253320 -0.540901 0.636083 0.579956 -0.113757 0.806666 1.349147 0.142813 -0.960671 -0.238151 1.130594 0.000000 0.000000 0.000000 1.000000
641 0.807347 0.248737 -0.535090 0.639299 0.572785 -0.112427 0.811959 1.334270 0.141806 -0.962024 -0.233241 1.129187 0.000000 0.000000 0.000000 1.000000
642 0.813593 0.247035 -0.526347 0.640415 0.564067 -0.115738 0.817578 1.319289 0.141052 -0.962070 -0.233508 1.133235 0.000000 0.000000 0.000000 1.000000
643 0.821194 0.242726 -0.516453 0.640085 0.553229 -0.116727 0.824810 1.300116 0.139919 -0.963047 -0.230139 1.129896 0.000000 0.000000 0.000000 1.000000
644 0.826780 0.242089 -0.507768 0.642430 0.545500 -0.124642 0.828791 1.280567 0.137352 -0.962215 -0.235110 1.133652 0.000000 0.000000 0.000000 1.000000
645 0.832862 0.241038 -0.498238 0.644154 0.536229 -0.128406 0.834248 1.262076 0.137109 -0.961984 -0.236196 1.130866 0.000000 0.000000 0.000000 1.000000
646 0.841004 0.241134 -0.484320 0.645818 0.523048 -0.133506 0.841782 1.243910 0.138323 -0.961265 -0.238403 1.129106 0.000000 0.000000 0.000000 1.000000
647 0.851351 0.238352 -0.467322 0.648209 0.506700 -0.142922 0.850193 1.224246 0.135855 -0.960605 -0.242450 1.129225 0.000000 0.000000 0.000000 1.000000
648 0.861504 0.234283 -0.450469 0.649931 0.489117 -0.144783 0.860117 1.202959 0.136291 -0.961327 -0.239323 1.124405 0.000000 0.000000 0.000000 1.000000
649 0.870903 0.230495 -0.434050 0.651858 0.472887 -0.152552 0.867817 1.183563 0.133812 -0.961041 -0.241856 1.129003 0.000000 0.000000 0.000000 1.000000
650 0.878714 0.226525 -0.420176 0.654385 0.458718 -0.157207 0.874565 1.164605 0.132056 -0.961235 -0.242051 1.128480 0.000000 0.000000 0.000000 1.000000
651 0.887587 0.217999 -0.405791 0.656818 0.443203 -0.164069 0.881279 1.145938 0.125540 -0.962059 -0.242243 1.128596 0.000000 0.000000 0.000000 1.000000
652 0.897030 0.209375 -0.389229 0.656660 0.425601 -0.171765 0.888460 1.124731 0.119166 -0.962631 -0.243188 1.128812 0.000000 0.000000 0.000000 1.000000
653 0.904054 0.204404 -0.375374 0.655086 0.411605 -0.179670 0.893476 1.103845 0.115187 -0.962256 -0.246566 1.128995 0.000000 0.000000 0.000000 1.000000
654 0.908505 0.202410 -0.365579 0.655537 0.401844 -0.183198 0.897196 1.086911 0.114628 -0.962013 -0.247773 1.129524 0.000000 0.000000 0.000000 1.000000
655 0.912060 0.201636 -0.357056 0.651784 0.393412 -0.184719 0.900614 1.069510 0.115641 -0.961884 -0.247801 1.132467 0.000000 0.000000 0.000000 1.000000
656 0.916181 0.197263 -0.348854 0.647300 0.383758 -0.180940 0.905533 1.050656 0.115507 -0.963508 -0.241475 1.131525 0.000000 0.000000 0.000000 1.000000
657 0.920239 0.192221 -0.340898 0.642652 0.374141 -0.176594 0.910403 1.033411 0.114798 -0.965332 -0.234427 1.130383 0.000000 0.000000 0.000000 1.000000
658 0.925172 0.188244 -0.329578 0.635858 0.362069 -0.177240 0.915146 1.014968 0.113856 -0.965997 -0.232135 1.131667 0.000000 0.000000 0.000000 1.000000
659 0.930891 0.183151 -0.316066 0.626109 0.347836 -0.180112 0.920092 0.997442 0.111589 -0.966445 -0.231371 1.129772 0.000000 0.000000 0.000000 1.000000
660 0.937033 0.176476 -0.301373 0.616356 0.332053 -0.182805 0.925377 0.978348 0.108214 -0.967181 -0.229894 1.126057 0.000000 0.000000 0.000000 1.000000
661 0.943149 0.169979 -0.285616 0.605164 0.315149 -0.184338 0.930967 0.960566 0.105595 -0.968053 -0.227427 1.122386 0.000000 0.000000 0.000000 1.000000
662 0.947622 0.167270 -0.272089 0.593521 0.300931 -0.182160 0.936087 0.940658 0.107015 -0.968937 -0.222956 1.120331 0.000000 0.000000 0.000000 1.000000
663 0.949950 0.166521 -0.264321 0.583413 0.292465 -0.176632 0.939822 0.924081 0.109812 -0.970089 -0.216493 1.120645 0.000000 0.000000 0.000000 1.000000
664 0.952351 0.164212 -0.257027 0.570167 0.283876 -0.169021 0.943847 0.902301 0.111549 -0.971837 -0.207583 1.116767 0.000000 0.000000 0.000000 1.000000
665 0.955958 0.156597 -0.248237 0.559460 0.273438 -0.167826 0.947136 0.882612 0.106658 -0.973299 -0.203255 1.113599 0.000000 0.000000 0.000000 1.000000
666 0.958889 0.147067 -0.242699 0.554226 0.266294 -0.170736 0.948650 0.865921 0.098078 -0.974279 -0.202880 1.113297 0.000000 0.000000 0.000000 1.000000
667 0.962657 0.139357 -0.232100 0.546565 0.254155 -0.169892 0.952125 0.845562 0.093253 -0.975560 -0.198966 1.110602 0.000000 0.000000 0.000000 1.000000
668 0.964124 0.140463 -0.225245 0.541024 0.247300 -0.166883 0.954459 0.826388 0.096477 -0.975920 -0.195632 1.108705 0.000000 0.000000 0.000000 1.000000
669 0.964886 0.143383 -0.220080 0.535910 0.242851 -0.167708 0.955457 0.806270 0.100087 -0.975354 -0.196640 1.106939 0.000000 0.000000 0.000000 1.000000
670 0.966288 0.145307 -0.212540 0.527570 0.235825 -0.168252 0.957120 0.783170 0.103316 -0.974975 -0.196847 1.104600 0.000000 0.000000 0.000000 1.000000
671 0.967459 0.145235 -0.207197 0.523984 0.230503 -0.168119 0.958438 0.759820 0.104365 -0.975009 -0.196125 1.106034 0.000000 0.000000 0.000000 1.000000
672 0.969346 0.144518 -0.198705 0.521007 0.221402 -0.163104 0.961446 0.737159 0.106537 -0.975967 -0.190101 1.106210 0.000000 0.000000 0.000000 1.000000
673 0.971311 0.143332 -0.189765 0.515494 0.211386 -0.154787 0.965068 0.713266 0.108952 -0.977495 -0.180644 1.105649 0.000000 0.000000 0.000000 1.000000
674 0.973330 0.142951 -0.179425 0.510680 0.200644 -0.151278 0.967914 0.688667 0.111222 -0.978100 -0.175925 1.106659 0.000000 0.000000 0.000000 1.000000
675 0.974952 0.145537 -0.168188 0.504638 0.190164 -0.153270 0.969714 0.665002 0.115351 -0.977408 -0.177107 1.105631 0.000000 0.000000 0.000000 1.000000
676 0.976658 0.147685 -0.155977 0.501955 0.179795 -0.164741 0.969811 0.643501 0.117530 -0.975218 -0.187449 1.106154 0.000000 0.000000 0.000000 1.000000
677 0.979766 0.144513 -0.138475 0.497494 0.163072 -0.175232 0.970928 0.617826 0.116047 -0.973863 -0.195252 1.099901 0.000000 0.000000 0.000000 1.000000
678 0.981921 0.142474 -0.124627 0.493242 0.150399 -0.187440 0.970694 0.594584 0.114939 -0.971888 -0.205480 1.098927 0.000000 0.000000 0.000000 1.000000
679 0.984150 0.136711 -0.112956 0.487220 0.138285 -0.192845 0.971436 0.571538 0.111023 -0.971659 -0.208693 1.098432 0.000000 0.000000 0.000000 1.000000
680 0.986449 0.127402 -0.103374 0.483699 0.127016 -0.194206 0.972703 0.547903 0.103849 -0.972652 -0.207756 1.098128 0.000000 0.000000 0.000000 1.000000
681 0.989411 0.112751 -0.091391 0.478246 0.112620 -0.199208 0.973464 0.527343 0.091554 -0.973449 -0.209797 1.100515 0.000000 0.000000 0.000000 1.000000
682 0.991999 0.098975 -0.078370 0.470810 0.097085 -0.201258 0.974715 0.508218 0.080700 -0.974525 -0.209257 1.100050 0.000000 0.000000 0.000000 1.000000
683 0.993441 0.090642 -0.069714 0.463305 0.087003 -0.203513 0.975199 0.491047 0.074206 -0.974868 -0.210064 1.101277 0.000000 0.000000 0.000000 1.000000
684 0.995198 0.080148 -0.056182 0.456296 0.071709 -0.206376 0.975842 0.474895 0.066617 -0.975185 -0.211132 1.103162 0.000000 0.000000 0.000000 1.000000
685 0.996526 0.071172 -0.043247 0.446025 0.057183 -0.207221 0.976622 0.457772 0.060547 -0.975702 -0.210571 1.103154 0.000000 0.000000 0.000000 1.000000
686 0.997170 0.065881 -0.036219 0.437876 0.049108 -0.206010 0.977317 0.441797 0.056925 -0.976330 -0.208662 1.102736 0.000000 0.000000 0.000000 1.000000
687 0.997425 0.063167 -0.033968 0.423964 0.046275 -0.204961 0.977676 0.425677 0.054794 -0.976730 -0.207357 1.105848 0.000000 0.000000 0.000000 1.000000
688 0.997687 0.059733 -0.032443 0.407812 0.043900 -0.201820 0.978438 0.409475 0.051898 -0.977599 -0.203975 1.106720 0.000000 0.000000 0.000000 1.000000
689 0.998356 0.050331 -0.027416 0.394011 0.036966 -0.199913 0.979116 0.392595 0.043799 -0.978520 -0.201445 1.106320 0.000000 0.000000 0.000000 1.000000
690 0.998946 0.041253 -0.020134 0.378062 0.027785 -0.194258 0.980557 0.376344 0.036540 -0.980083 -0.195199 1.105019 0.000000 0.000000 0.000000 1.000000
691 0.999072 0.039521 -0.017140 0.361813 0.024182 -0.185248 0.982394 0.360683 0.035650 -0.981897 -0.186032 1.106628 0.000000 0.000000 0.000000 1.000000
692 0.998597 0.049936 -0.017636 0.342938 0.025966 -0.171434 0.984853 0.345523 0.046156 -0.983929 -0.172490 1.105275 0.000000 0.000000 0.000000 1.000000
693 0.998249 0.055246 -0.021152 0.326558 0.030256 -0.169547 0.985058 0.331162 0.050835 -0.983972 -0.170921 1.109664 0.000000 0.000000 0.000000 1.000000
694 0.998959 0.043180 -0.014735 0.312129 0.021936 -0.171370 0.984963 0.314783 0.040006 -0.984260 -0.172139 1.111145 0.000000 0.000000 0.000000 1.000000
695 0.999646 0.026589 0.000363 0.297403 0.004019 -0.164530 0.986364 0.293526 0.026286 -0.986014 -0.164579 1.105566 0.000000 0.000000 0.000000 1.000000
696 0.999740 0.020371 0.010262 0.283803 -0.006815 -0.162566 0.986674 0.275822 0.021768 -0.986487 -0.162385 1.107448 0.000000 0.000000 0.000000 1.000000
697 0.999609 0.026012 0.010281 0.269117 -0.005938 -0.161835 0.986800 0.260596 0.027332 -0.986475 -0.161618 1.108722 0.000000 0.000000 0.000000 1.000000
698 0.999402 0.033774 0.007438 0.257569 -0.002040 -0.157120 0.987577 0.244791 0.034523 -0.987002 -0.156958 1.103687 0.000000 0.000000 0.000000 1.000000
699 0.999512 0.027684 0.014448 0.240646 -0.010048 -0.152969 0.988180 0.225555 0.029566 -0.987843 -0.152616 1.096835 0.000000 0.000000 0.000000 1.000000
700 0.999634 0.020010 0.018213 0.231595 -0.014998 -0.150500 0.988496 0.207409 0.022521 -0.988407 -0.150145 1.089927 0.000000 0.000000 0.000000 1.000000
701 0.999632 0.014270 0.023074 0.218627 -0.020705 -0.148339 0.988720 0.188243 0.017532 -0.988834 -0.147989 1.084239 0.000000 0.000000 0.000000 1.000000
702 0.999568 0.013851 0.025912 0.210320 -0.023673 -0.142675 0.989486 0.173254 0.017403 -0.989673 -0.142285 1.082283 0.000000 0.000000 0.000000 1.000000
703 0.999404 0.010843 0.032766 0.200967 -0.030991 -0.135887 0.990240 0.158468 0.015190 -0.990665 -0.135470 1.080202 0.000000 0.000000 0.000000 1.000000
704 0.999125 0.003360 0.041694 0.189136 -0.040908 -0.129540 0.990730 0.144656 0.008730 -0.991569 -0.129289 1.079851 0.000000 0.000000 0.000000 1.000000
705 0.999176 0.002256 0.040535 0.182970 -0.039949 -0.123132 0.991586 0.133159 0.007229 -0.992388 -0.122941 1.080044 0.000000 0.000000 0.000000 1.000000
706 0.999244 0.000475 0.038874 0.173274 -0.038561 -0.114954 0.992622 0.123859 0.004940 -0.993371 -0.114849 1.080741 0.000000 0.000000 0.000000 1.000000
707 0.999095 0.006704 0.041997 0.160911 -0.041142 -0.097823 0.994353 0.112519 0.010774 -0.995181 -0.097459 1.078597 0.000000 0.000000 0.000000 1.000000
708 0.998975 0.011917 0.043677 0.150409 -0.042497 -0.085797 0.995406 0.102422 0.015610 -0.996241 -0.085203 1.073162 0.000000 0.000000 0.000000 1.000000
709 0.998965 0.013029 0.043569 0.139736 -0.042425 -0.077969 0.996053 0.092813 0.016375 -0.996871 -0.077336 1.068043 0.000000 0.000000 0.000000 1.000000
710 0.998852 0.003356 0.047789 0.136872 -0.047448 -0.068431 0.996527 0.089453 0.006614 -0.997650 -0.068193 1.068826 0.000000 0.000000 0.000000 1.000000
711 0.999233 0.009616 0.037952 0.131586 -0.037240 -0.065722 0.997143 0.086862 0.012083 -0.997792 -0.065313 1.065350 0.000000 0.000000 0.000000 1.000000
712 0.999380 0.018362 0.030044 0.119375 -0.028954 -0.056981 0.997955 0.081359 0.020036 -0.998206 -0.056414 1.061668 0.000000 0.000000 0.000000 1.000000
713 0.999417 0.022697 0.025494 0.115406 -0.024422 -0.046322 0.998628 0.079433 0.023847 -0.998669 -0.045741 1.062723 0.000000 0.000000 0.000000 1.000000
714 0.999406 0.020525 0.027694 0.109830 -0.026765 -0.044227 0.998663 0.076193 0.021722 -0.998811 -0.043651 1.060982 0.000000 0.000000 0.000000 1.000000
715 0.999456 0.020604 0.025747 0.105408 -0.024672 -0.050834 0.998402 0.073522 0.021880 -0.998495 -0.050298 1.057436 0.000000 0.000000 0.000000 1.000000
716 0.999608 0.022372 0.016808 0.102037 -0.015424 -0.060672 0.998039 0.072426 0.023348 -0.997907 -0.060303 1.056803 0.000000 0.000000 0.000000 1.000000
717 0.999774 0.016581 0.013321 0.096300 -0.012191 -0.066488 0.997713 0.068515 0.017429 -0.997649 -0.066271 1.054165 0.000000 0.000000 0.000000 1.000000
718 0.999810 0.015929 0.011264 0.090308 -0.010157 -0.067931 0.997638 0.064733 0.016657 -0.997563 -0.067756 1.051107 0.000000 0.000000 0.000000 1.000000
719 0.999837 0.017798 0.003014 0.088553 -0.001745 -0.070915 0.997481 0.062227 0.017967 -0.997324 -0.070872 1.052200 0.000000 0.000000 0.000000 1.000000
720 0.999784 0.020728 -0.001177 0.086375 0.002705 -0.073824 0.997268 0.059120 0.020585 -0.997056 -0.073864 1.050415 0.000000 0.000000 0.000000 1.000000
721 0.999769 0.021142 -0.003943 0.084021 0.005541 -0.076030 0.997090 0.055452 0.020781 -0.996881 -0.076129 1.046178 0.000000 0.000000 0.000000 1.000000
722 0.999819 0.019027 0.000689 0.081307 0.000837 -0.080081 0.996788 0.052139 0.019021 -0.996607 -0.080082 1.041494 0.000000 0.000000 0.000000 1.000000
723 0.999768 0.021524 -0.000079 0.081005 0.001977 -0.088137 0.996106 0.051673 0.021433 -0.995876 -0.088159 1.044723 0.000000 0.000000 0.000000 1.000000
724 0.999606 0.027977 -0.002034 0.079504 0.004491 -0.088039 0.996107 0.051675 0.027690 -0.995724 -0.088130 1.041108 0.000000 0.000000 0.000000 1.000000
725 0.999500 0.031492 -0.002725 0.077337 0.005351 -0.083601 0.996485 0.050059 0.031154 -0.996002 -0.083728 1.037362 0.000000 0.000000 0.000000 1.000000
726 0.999435 0.033484 -0.003019 0.075417 0.005794 -0.083102 0.996524 0.048551 0.033117 -0.995978 -0.083249 1.038131 0.000000 0.000000 0.000000 1.000000
727 0.999388 0.034728 -0.004183 0.076566 0.007081 -0.083752 0.996461 0.047463 0.034254 -0.995881 -0.083946 1.035461 0.000000 0.000000 0.000000 1.000000
728 0.999424 0.033928 -0.001053 0.075940 0.003819 -0.081574 0.996660 0.044987 0.033729 -0.996090 -0.081657 1.031714 0.000000 0.000000 0.000000 1.000000
729 0.999569 0.029266 0.002155 0.074293 0.000116 -0.077374 0.997002 0.042662 0.029345 -0.996572 -0.077344 1.031148 0.000000 0.000000 0.000000 1.000000
730 0.999657 0.025849 0.004209 0.073007 -0.002242 -0.075667 0.997131 0.041071 0.026093 -0.996798 -0.075584 1.028947 0.000000 0.000000 0.000000 1.000000
731 0.999782 0.020242 0.005078 0.074113 -0.003526 -0.076003 0.997101 0.040428 0.020570 -0.996902 -0.075915 1.027590 0.000000 0.000000 0.000000 1.000000
732 0.999826 0.017697 0.005975 0.073978 -0.004584 -0.077641 0.996971 0.038826 0.018107 -0.996824 -0.077546 1.030972 0.000000 0.000000 0.000000 1.000000
733 0.999779 0.017470 0.011676 0.071937 -0.010391 -0.071937 0.997355 0.037180 0.018264 -0.997256 -0.071740 1.029403 0.000000 0.000000 0.000000 1.000000
734 0.999706 0.021594 0.011035 0.073665 -0.009691 -0.061385 0.998067 0.035301 0.022230 -0.997881 -0.061158 1.029638 0.000000 0.000000 0.000000 1.000000
735 0.999745 0.019564 0.011284 0.077009 -0.010243 -0.052525 0.998567 0.033082 0.020129 -0.998428 -0.052311 1.027916 0.000000 0.000000 0.000000 1.000000
736 0.999804 0.013763 0.014228 0.075742 -0.013533 -0.049378 0.998688 0.031093 0.014448 -0.998685 -0.049182 1.028435 0.000000 0.000000 0.000000 1.000000
737 0.999878 0.007615 0.013624 0.080276 -0.013271 -0.044541 0.998919 0.031525 0.008213 -0.998979 -0.044435 1.025115 0.000000 0.000000 0.000000 1.000000
738 0.999918 0.001942 0.012620 0.082314 -0.012530 -0.040803 0.999089 0.031795 0.002455 -0.999165 -0.040775 1.025377 0.000000 0.000000 0.000000 1.000000
739 0.999886 -0.002235 0.014917 0.078836 -0.014993 -0.039359 0.999113 0.028079 -0.001646 -0.999223 -0.039388 1.025158 0.000000 0.000000 0.000000 1.000000
740 0.999909 -0.004339 0.012745 0.081666 -0.012898 -0.037079 0.999229 0.030862 -0.003863 -0.999303 -0.037131 1.025576 0.000000 0.000000 0.000000 1.000000
741 0.999917 -0.006476 0.011163 0.084388 -0.011392 -0.036439 0.999271 0.032191 -0.006064 -0.999315 -0.036510 1.027978 0.000000 0.000000 0.000000 1.000000
742 0.999896 -0.005914 0.013175 0.080717 -0.013375 -0.035100 0.999294 0.027982 -0.005448 -0.999366 -0.035176 1.024660 0.000000 0.000000 0.000000 1.000000
743 0.999892 -0.005975 0.013393 0.081771 -0.013597 -0.035436 0.999279 0.029429 -0.005496 -0.999354 -0.035514 1.026794 0.000000 0.000000 0.000000 1.000000
744 0.999918 -0.005631 0.011491 0.083222 -0.011678 -0.034428 0.999339 0.028955 -0.005232 -0.999391 -0.034491 1.026075 0.000000 0.000000 0.000000 1.000000
745 0.999882 -0.005978 0.014126 0.081047 -0.014335 -0.036371 0.999236 0.030299 -0.005460 -0.999320 -0.036453 1.030223 0.000000 0.000000 0.000000 1.000000
746 0.999909 -0.005069 0.012491 0.082245 -0.012654 -0.033508 0.999358 0.027693 -0.004647 -0.999426 -0.033569 1.025508 0.000000 0.000000 0.000000 1.000000
747 0.999898 -0.006099 0.012889 0.082417 -0.013096 -0.035267 0.999292 0.028362 -0.005640 -0.999359 -0.035344 1.028684 0.000000 0.000000 0.000000 1.000000
748 0.999907 -0.005426 0.012498 0.084130 -0.012684 -0.035732 0.999281 0.028834 -0.004976 -0.999347 -0.035798 1.028693 0.000000 0.000000 0.000000 1.000000
749 0.999905 -0.005097 0.012795 0.083395 -0.012961 -0.034060 0.999336 0.028523 -0.004658 -0.999407 -0.034123 1.026166 0.000000 0.000000 0.000000 1.000000
750 0.999897 -0.005304 0.013305 0.083908 -0.013480 -0.034495 0.999314 0.029411 -0.004842 -0.999391 -0.034563 1.027176 0.000000 0.000000 0.000000 1.000000
751 0.999895 -0.005910 0.013258 0.083833 -0.013448 -0.033346 0.999353 0.029214 -0.005464 -0.999426 -0.033422 1.024900 0.000000 0.000000 0.000000 1.000000
752 0.999926 -0.004332 0.011372 0.085924 -0.011511 -0.033555 0.999371 0.028164 -0.003948 -0.999427 -0.033602 1.025626 0.000000 0.000000 0.000000 1.000000
753 0.999905 -0.005673 0.012530 0.084852 -0.012717 -0.034112 0.999337 0.029457 -0.005242 -0.999402 -0.034181 1.026973 0.000000 0.000000 0.000000 1.000000
754 0.999900 -0.004748 0.013290 0.082510 -0.013445 -0.034195 0.999325 0.028904 -0.004290 -0.999404 -0.034255 1.025868 0.000000 0.000000 0.000000 1.000000
755 0.999906 -0.004845 0.012839 0.084219 -0.013003 -0.035515 0.999285 0.029491 -0.004385 -0.999357 -0.035575 1.028718 0.000000 0.000000 0.000000 1.000000
756 0.999903 -0.005975 0.012611 0.084180 -0.012811 -0.034667 0.999317 0.029695 -0.005534 -0.999381 -0.034740 1.028069 0.000000 0.000000 0.000000 1.000000
757 0.999898 -0.005169 0.013281 0.082977 -0.013454 -0.034852 0.999302 0.029826 -0.004702 -0.999379 -0.034918 1.027796 0.000000 0.000000 0.000000 1.000000
758 0.999892 -0.005260 0.013723 0.081902 -0.013903 -0.036058 0.999253 0.029252 -0.004762 -0.999336 -0.036127 1.029606 0.000000 0.000000 0.000000 1.000000
759 0.999908 -0.005373 0.012446 0.084624 -0.012621 -0.033917 0.999345 0.028738 -0.004948 -0.999410 -0.033981 1.026052 0.000000 0.000000 0.000000 1.000000
760 0.999912 -0.004440 0.012501 0.084027 -0.012650 -0.035246 0.999299 0.029743 -0.003996 -0.999369 -0.035299 1.028175 0.000000 0.000000 0.000000 1.000000
761 0.999903 -0.005019 0.012987 0.083430 -0.013153 -0.034769 0.999309 0.028424 -0.004564 -0.999383 -0.034832 1.027416 0.000000 0.000000 0.000000 1.000000
762 0.999899 -0.005453 0.013100 0.083450 -0.013286 -0.035623 0.999277 0.028976 -0.004982 -0.999350 -0.035692 1.028377 0.000000 0.000000 0.000000 1.000000
763 0.999896 -0.005771 0.013240 0.083607 -0.013438 -0.035752 0.999270 0.029037 -0.005293 -0.999344 -0.035826 1.028641 0.000000 0.000000 0.000000 1.000000
764 0.999902 -0.005298 0.012944 0.083978 -0.013118 -0.034187 0.999329 0.029372 -0.004852 -0.999401 -0.034253 1.026475 0.000000 0.000000 0.000000 1.000000
765 0.999907 -0.005117 0.012679 0.083365 -0.012857 -0.036394 0.999255 0.029709 -0.004652 -0.999324 -0.036456 1.029583 0.000000 0.000000 0.000000 1.000000
766 0.999890 -0.005021 0.013964 0.081349 -0.014136 -0.036031 0.999251 0.030230 -0.004514 -0.999338 -0.036098 1.029297 0.000000 0.000000 0.000000 1.000000
767 0.999899 -0.004743 0.013373 0.083358 -0.013532 -0.035354 0.999283 0.029099 -0.004266 -0.999364 -0.035414 1.027772 0.000000 0.000000 0.000000 1.000000
768 0.999891 -0.005252 0.013826 0.082403 -0.014001 -0.034958 0.999291 0.029037 -0.004765 -0.999375 -0.035028 1.027919 0.000000 0.000000 0.000000 1.000000
769 0.999868 -0.006376 0.014937 0.082721 -0.015154 -0.035421 0.999258 0.028639 -0.005842 -0.999352 -0.035513 1.028117 0.000000 0.000000 0.000000 1.000000
770 0.999902 -0.005085 0.013043 0.083991 -0.013214 -0.035205 0.999293 0.030047 -0.004622 -0.999367 -0.035269 1.028712 0.000000 0.000000 0.000000 1.000000
771 0.999922 -0.003704 0.011901 0.083988 -0.012023 -0.034877 0.999319 0.029863 -0.003286 -0.999385 -0.034919 1.027608 0.000000 0.000000 0.000000 1.000000
772 0.999891 -0.005400 0.013757 0.083166 -0.013944 -0.036312 0.999243 0.030586 -0.004897 -0.999326 -0.036383 1.030101 0.000000 0.000000 0.000000 1.000000
773 0.999904 -0.005060 0.012907 0.084098 -0.013077 -0.034968 0.999303 0.029132 -0.004605 -0.999376 -0.035031 1.027256 0.000000 0.000000 0.000000 1.000000
774 0.999906 -0.004924 0.012773 0.084798 -0.012939 -0.035395 0.999290 0.030563 -0.004468 -0.999361 -0.035455 1.028251 0.000000 0.000000 0.000000 1.000000
775 0.999866 -0.005938 0.015229 0.081596 -0.015429 -0.035202 0.999261 0.028520 -0.005397 -0.999363 -0.035289 1.027474 0.000000 0.000000 0.000000 1.000000
776 0.999913 -0.005083 0.012141 0.085115 -0.012311 -0.034743 0.999320 0.029624 -0.004657 -0.999383 -0.034803 1.027214 0.000000 0.000000 0.000000 1.000000
777 0.999894 -0.004916 0.013688 0.084200 -0.013848 -0.034233 0.999318 0.028648 -0.004444 -0.999402 -0.034298 1.025905 0.000000 0.000000 0.000000 1.000000
778 0.999901 -0.005006 0.013180 0.083804 -0.013336 -0.032617 0.999379 0.027940 -0.004573 -0.999455 -0.032681 1.022890 0.000000 0.000000 0.000000 1.000000
779 0.999894 -0.005473 0.013503 0.083567 -0.013686 -0.034710 0.999304 0.029051 -0.005000 -0.999382 -0.034781 1.026644 0.000000 0.000000 0.000000 1.000000
780 0.999879 -0.005766 0.014461 0.081691 -0.014656 -0.035365 0.999267 0.028562 -0.005250 -0.999358 -0.035445 1.027815 0.000000 0.000000 0.000000 1.000000
781 0.999908 -0.003611 0.013099 0.082688 -0.013219 -0.035397 0.999286 0.029307 -0.003145 -0.999367 -0.035441 1.027731 0.000000 0.000000 0.000000 1.000000
782 0.999892 -0.005665 0.013561 0.083672 -0.013753 -0.035213 0.999285 0.029145 -0.005184 -0.999364 -0.035287 1.027823 0.000000 0.000000 0.000000 1.000000
783 0.999895 -0.004445 0.013824 0.082323 -0.013972 -0.035238 0.999281 0.029307 -0.003955 -0.999369 -0.035297 1.026949 0.000000 0.000000 0.000000 1.000000
784 0.999927 -0.003619 0.011566 0.085261 -0.011685 -0.035003 0.999319 0.029427 -0.003212 -0.999381 -0.035043 1.027647 0.000000 0.000000 0.000000 1.000000
785 0.999884 -0.006146 0.013955 0.083778 -0.014158 -0.034281 0.999312 0.029277 -0.005663 -0.999393 -0.034364 1.026354 0.000000 0.000000 0.000000 1.000000
786 0.999905 -0.003833 0.013270 0.083266 -0.013392 -0.033801 0.999339 0.028940 -0.003382 -0.999421 -0.033849 1.024590 0.000000 0.000000 0.000000 1.000000
787 0.999890 -0.005235 0.013914 0.083158 -0.014092 -0.035671 0.999264 0.030541 -0.004735 -0.999350 -0.035741 1.028634 0.000000 0.000000 0.000000 1.000000
788 0.999900 -0.004155 0.013511 0.083327 -0.013646 -0.034504 0.999311 0.029150 -0.003686 -0.999396 -0.034557 1.026038 0.000000 0.000000 0.000000 1.000000
789 0.999876 -0.006262 0.014473 0.082086 -0.014691 -0.036182 0.999237 0.029410 -0.005733 -0.999326 -0.036269 1.029199 0.000000 0.000000 0.000000 1.000000
790 0.999916 -0.003720 0.012409 0.084584 -0.012532 -0.035310 0.999298 0.029215 -0.003279 -0.999369 -0.035354 1.026852 0.000000 0.000000 0.000000 1.000000
791 0.999879 -0.006035 0.014361 0.082464 -0.014571 -0.036451 0.999229 0.029508 -0.005506 -0.999317 -0.036535 1.029210 0.000000 0.000000 0.000000 1.000000
792 0.999890 -0.004719 0.014052 0.083511 -0.014202 -0.033448 0.999340 0.028669 -0.004246 -0.999429 -0.033511 1.024328 0.000000 0.000000 0.000000 1.000000
793 0.999893 -0.005908 0.013352 0.083794 -0.013554 -0.035561 0.999276 0.028745 -0.005429 -0.999350 -0.035638 1.028092 0.000000 0.000000 0.000000 1.000000
794 0.999900 -0.004760 0.013303 0.083732 -0.013464 -0.035597 0.999276 0.029439 -0.004283 -0.999355 -0.035657 1.027738 0.000000 0.000000 0.000000 1.000000
795 0.999894 -0.004830 0.013757 0.082749 -0.013924 -0.036541 0.999235 0.029815 -0.004323 -0.999320 -0.036604 1.029510 0.000000 0.000000 0.000000 1.000000
796 0.999906 -0.004584 0.012951 0.083173 -0.013108 -0.035975 0.999267 0.029745 -0.004114 -0.999342 -0.036032 1.028298 0.000000 0.000000 0.000000 1.000000
797 0.999900 -0.005365 0.013100 0.084480 -0.013285 -0.035955 0.999265 0.030224 -0.004890 -0.999339 -0.036023 1.028621 0.000000 0.000000 0.000000 1.000000
798 0.999895 -0.004811 0.013645 0.082569 -0.013810 -0.036275 0.999246 0.030064 -0.004312 -0.999330 -0.036338 1.029194 0.000000 0.000000 0.000000 1.000000
799 0.999894 -0.005563 0.013450 0.084933 -0.013637 -0.035111 0.999290 0.028500 -0.005086 -0.999368 -0.035183 1.026524 0.000000 0.000000 0.000000 1.000000
800 0.999902 -0.004062 0.013402 0.083685 -0.013535 -0.034876 0.999300 0.029310 -0.003592 -0.999383 -0.034928 1.026352 0.000000 0.000000 0.000000 1.000000
801 0.999885 -0.004847 0.014342 0.082714 -0.014496 -0.033481 0.999334 0.028800 -0.004364 -0.999428 -0.033548 1.023599 0.000000 0.000000 0.000000 1.000000
802 0.999890 -0.005665 0.013697 0.084008 -0.013896 -0.036637 0.999232 0.030016 -0.005159 -0.999313 -0.036711 1.029481 0.000000 0.000000 0.000000 1.000000
803 0.999897 -0.005721 0.013184 0.084291 -0.013379 -0.035415 0.999283 0.030247 -0.005250 -0.999356 -0.035488 1.027745 0.000000 0.000000 0.000000 1.000000
804 0.999900 -0.004732 0.013305 0.085566 -0.013463 -0.035111 0.999293 0.029794 -0.004261 -0.999372 -0.035171 1.026954 0.000000 0.000000 0.000000 1.000000
805 0.999892 -0.004791 0.013900 0.084307 -0.014061 -0.035482 0.999271 0.029602 -0.004294 -0.999359 -0.035545 1.027608 0.000000 0.000000 0.000000 1.000000
806 0.999888 -0.005432 0.013974 0.084385 -0.014156 -0.035072 0.999285 0.029512 -0.004938 -0.999370 -0.035145 1.026975 0.000000 0.000000 0.000000 1.000000
807 0.999892 -0.004749 0.013936 0.083578 -0.014094 -0.035194 0.999281 0.029872 -0.004255 -0.999369 -0.035257 1.027231 0.000000 0.000000 0.000000 1.000000
