# bag_frame  world_T_cam (4x4, row-major)  -- world: live_cam_pose(camera_height=0.6436, yaw=0, measured tilt) from meta.json
15 0.998601 -0.052878 0.000000 0.000000 0.003626 0.068480 0.997646 0.000000 -0.052754 -0.996250 0.068576 0.643600 0.000000 0.000000 0.000000 1.000000
16 0.998588 -0.053127 -0.000404 0.007639 0.004011 0.067800 0.997691 0.004510 -0.052977 -0.996283 0.067917 0.634113 0.000000 0.000000 0.000000 1.000000
17 0.998565 -0.053545 -0.000702 0.011160 0.004165 0.064578 0.997904 0.006927 -0.053388 -0.996475 0.064708 0.632625 0.000000 0.000000 0.000000 1.000000
18 0.998515 -0.054469 0.001063 0.010661 0.002533 0.065908 0.997822 0.008697 -0.054420 -0.996338 0.065949 0.629974 0.000000 0.000000 0.000000 1.000000
19 0.998485 -0.055028 -0.000358 0.014616 0.003964 0.065436 0.997849 0.009938 -0.054886 -0.996338 0.065555 0.627137 0.000000 0.000000 0.000000 1.000000
20 0.998428 -0.056053 0.000435 0.014173 0.003333 0.067109 0.997740 0.012249 -0.055955 -0.996170 0.067190 0.624104 0.000000 0.000000 0.000000 1.000000
21 0.998563 -0.053587 0.000830 0.014904 0.002751 0.066729 0.997767 0.011641 -0.053523 -0.996331 0.066781 0.622664 0.000000 0.000000 0.000000 1.000000
22 0.998502 -0.054718 0.000684 0.016584 0.002832 0.064153 0.997936 0.012654 -0.054649 -0.996439 0.064211 0.625868 0.000000 0.000000 0.000000 1.000000
23 0.998555 -0.053688 0.002255 0.013725 0.001308 0.066231 0.997803 0.013109 -0.053720 -0.996359 0.066206 0.620223 0.000000 0.000000 0.000000 1.000000
24 0.998477 -0.055170 0.000062 0.019537 0.003498 0.064430 0.997916 0.013860 -0.055059 -0.996396 0.064525 0.622446 0.000000 0.000000 0.000000 1.000000
25 0.998513 -0.054515 0.000832 0.018155 0.002723 0.065116 0.997874 0.014765 -0.054453 -0.996387 0.065168 0.622404 0.000000 0.000000 0.000000 1.000000
26 0.998514 -0.054485 0.000652 0.020798 0.002971 0.066402 0.997789 0.016222 -0.054407 -0.996304 0.066465 0.620058 0.000000 0.000000 0.000000 1.000000
27 0.998473 -0.055236 0.000604 0.021292 0.002996 0.065062 0.997877 0.017102 -0.055158 -0.996351 0.065128 0.621907 0.000000 0.000000 0.000000 1.000000
28 0.998507 -0.054624 0.000513 0.020197 0.002985 0.063934 0.997950 0.015343 -0.054545 -0.996458 0.064001 0.620395 0.000000 0.000000 0.000000 1.000000
29 0.998499 -0.054765 -0.000112 0.021716 0.003687 0.065167 0.997868 0.016833 -0.054641 -0.996370 0.065271 0.618927 0.000000 0.000000 0.000000 1.000000
30 0.998473 -0.055241 0.000507 0.022951 0.003116 0.065469 0.997850 0.017447 -0.055156 -0.996324 0.065541 0.618473 0.000000 0.000000 0.000000 1.000000
31 0.998468 -0.055319 0.000716 0.022053 0.002892 0.065114 0.997874 0.017849 -0.055248 -0.996343 0.065174 0.618876 0.000000 0.000000 0.000000 1.000000
32 0.998406 -0.056424 0.001018 0.021639 0.002608 0.064147 0.997937 0.018131 -0.056373 -0.996344 0.064191 0.619764 0.000000 0.000000 0.000000 1.000000
33 0.998625 -0.052415 0.000712 0.022966 0.002669 0.064415 0.997920 0.016945 -0.052352 -0.996546 0.064466 0.618185 0.000000 0.000000 0.000000 1.000000
34 0.998506 -0.054642 -0.000489 0.024505 0.004127 0.066480 0.997779 0.018957 -0.054488 -0.996290 0.066606 0.615861 0.000000 0.000000 0.000000 1.000000
35 0.998443 -0.055755 0.001739 0.021764 0.001929 0.065663 0.997840 0.019300 -0.055748 -0.996283 0.065669 0.617612 0.000000 0.000000 0.000000 1.000000
36 0.998473 -0.055241 0.000981 0.022863 0.002576 0.064286 0.997928 0.018143 -0.055190 -0.996401 0.064330 0.618798 0.000000 0.000000 0.000000 1.000000
37 0.998431 -0.055997 0.000616 0.024552 0.002893 0.062560 0.998037 0.019646 -0.055926 -0.996469 0.062624 0.619914 0.000000 0.000000 0.000000 1.000000
38 0.998470 -0.055293 -0.000555 0.026322 0.004041 0.062954 0.998008 0.019040 -0.055148 -0.996484 0.063081 0.618936 0.000000 0.000000 0.000000 1.000000
39 0.998377 -0.056951 -0.000055 0.024519 0.003820 0.066003 0.997812 0.019932 -0.056823 -0.996193 0.066114 0.613943 0.000000 0.000000 0.000000 1.000000
40 0.998544 -0.053933 0.000504 0.024985 0.003001 0.064877 0.997889 0.019629 -0.053852 -0.996435 0.064944 0.614687 0.000000 0.000000 0.000000 1.000000
41 0.998464 -0.055378 0.001691 0.023912 0.001847 0.063772 0.997963 0.020328 -0.055373 -0.996427 0.063776 0.618515 0.000000 0.000000 0.000000 1.000000
42 0.998446 -0.055722 -0.000563 0.028738 0.004030 0.062136 0.998060 0.022159 -0.055579 -0.996511 0.062264 0.621972 0.000000 0.000000 0.000000 1.000000
43 0.998456 -0.055469 0.002940 0.023902 0.000452 0.061045 0.998135 0.020484 -0.055545 -0.996593 0.060976 0.620439 0.000000 0.000000 0.000000 1.000000
44 0.998451 -0.055593 0.002116 0.023487 0.001523 0.065334 0.997862 0.020763 -0.055613 -0.996314 0.065318 0.615218 0.000000 0.000000 0.000000 1.000000
45 0.998427 -0.056065 -0.000496 0.027662 0.004252 0.066895 0.997751 0.021800 -0.055906 -0.996184 0.067028 0.613265 0.000000 0.000000 0.000000 1.000000
46 0.998497 -0.054714 0.003236 0.022363 0.000393 0.066182 0.997808 0.020858 -0.054808 -0.996306 0.066104 0.612828 0.000000 0.000000 0.000000 1.000000
47 0.998389 -0.056732 -0.000164 0.027301 0.003843 0.064742 0.997895 0.021692 -0.056602 -0.996288 0.064856 0.614865 0.000000 0.000000 0.000000 1.000000
48 0.998466 -0.055355 0.001096 0.026181 0.002444 0.063842 0.997957 0.021657 -0.055312 -0.996424 0.063880 0.614684 0.000000 0.000000 0.000000 1.000000
49 0.998456 -0.055541 0.000901 0.027044 0.002625 0.063366 0.997987 0.021223 -0.055487 -0.996444 0.063414 0.615125 0.000000 0.000000 0.000000 1.000000
50 0.998561 -0.053608 0.001546 0.026429 0.001843 0.063123 0.998004 0.021374 -0.053599 -0.996565 0.063131 0.615589 0.000000 0.000000 0.000000 1.000000
51 0.998501 -0.054738 0.000651 0.028231 0.002858 0.063990 0.997946 0.022407 -0.054667 -0.996448 0.064051 0.614203 0.000000 0.000000 0.000000 1.000000
52 0.998457 -0.055538 0.000292 0.028745 0.003247 0.063627 0.997968 0.023044 -0.055444 -0.996427 0.063709 0.616096 0.000000 0.000000 0.000000 1.000000
53 0.998499 -0.054758 0.000811 0.027886 0.002655 0.063200 0.997997 0.022973 -0.054699 -0.996498 0.063251 0.614515 0.000000 0.000000 0.000000 1.000000
54 0.998427 -0.056065 -0.000960 0.029877 0.004710 0.066797 0.997755 0.023397 -0.055875 -0.996190 0.066956 0.609637 0.000000 0.000000 0.000000 1.000000
55 0.998470 -0.055280 0.000943 0.027380 0.002830 0.068137 0.997672 0.024188 -0.055216 -0.996143 0.068190 0.609494 0.000000 0.000000 0.000000 1.000000
56 0.998506 -0.054587 0.002631 0.023938 0.000979 0.066016 0.997818 0.022236 -0.054641 -0.996324 0.065971 0.610524 0.000000 0.000000 0.000000 1.000000
57 0.998558 -0.053687 0.000639 0.029164 0.002847 0.064836 0.997892 0.023119 -0.053615 -0.996451 0.064895 0.612835 0.000000 0.000000 0.000000 1.000000
58 0.998444 -0.055740 0.001433 0.027795 0.002152 0.064203 0.997935 0.024234 -0.055717 -0.996379 0.064223 0.612881 0.000000 0.000000 0.000000 1.000000
59 0.998462 -0.055411 0.001736 0.027808 0.001832 0.064275 0.997931 0.024586 -0.055408 -0.996393 0.064278 0.613149 0.000000 0.000000 0.000000 1.000000
60 0.998445 -0.055751 0.000464 0.029391 0.003155 0.064813 0.997892 0.024381 -0.055664 -0.996339 0.064888 0.612896 0.000000 0.000000 0.000000 1.000000
61 0.998425 -0.056075 0.001809 0.027489 0.001798 0.064206 0.997935 0.023658 -0.056075 -0.996360 0.064206 0.612166 0.000000 0.000000 0.000000 1.000000
62 0.998427 -0.056041 0.001937 0.027473 0.001580 0.062645 0.998035 0.023894 -0.056053 -0.996461 0.062635 0.615147 0.000000 0.000000 0.000000 1.000000
63 0.998390 -0.056719 0.000497 0.030274 0.003125 0.063759 0.997960 0.024336 -0.056635 -0.996352 0.063833 0.612810 0.000000 0.000000 0.000000 1.000000
64 0.998384 -0.056786 0.001935 0.027568 0.001731 0.064434 0.997921 0.023852 -0.056793 -0.996305 0.064428 0.610691 0.000000 0.000000 0.000000 1.000000
65 0.998560 -0.053651 0.000340 0.030799 0.003192 0.065732 0.997832 0.023943 -0.053557 -0.996394 0.065809 0.609147 0.000000 0.000000 0.000000 1.000000
66 0.998505 -0.054647 0.001260 0.029930 0.002192 0.063070 0.998007 0.022516 -0.054617 -0.996512 0.063096 0.612172 0.000000 0.000000 0.000000 1.000000
67 0.998404 -0.056462 0.001359 0.029445 0.002142 0.061909 0.998080 0.023611 -0.056438 -0.996484 0.061931 0.614906 0.000000 0.000000 0.000000 1.000000
68 0.998406 -0.056427 0.001256 0.027851 0.002430 0.065217 0.997868 0.023518 -0.056388 -0.996274 0.065250 0.609780 0.000000 0.000000 0.000000 1.000000
69 0.998500 -0.054745 0.000639 0.029528 0.002974 0.065879 0.997823 0.024255 -0.054668 -0.996325 0.065943 0.609448 0.000000 0.000000 0.000000 1.000000
70 0.998542 -0.053937 0.002220 0.029422 0.001240 0.064034 0.997947 0.025500 -0.053968 -0.996489 0.064007 0.612161 0.000000 0.000000 0.000000 1.000000
71 0.998493 -0.054825 0.002487 0.027898 0.001091 0.065141 0.997875 0.024544 -0.054871 -0.996369 0.065103 0.610245 0.000000 0.000000 0.000000 1.000000
72 0.998455 -0.055515 0.002205 0.028212 0.001537 0.067264 0.997734 0.024777 -0.055537 -0.996190 0.067246 0.607334 0.000000 0.000000 0.000000 1.000000
73 0.998492 -0.054900 -0.000255 0.032262 0.003792 0.064344 0.997921 0.025170 -0.054769 -0.996417 0.064455 0.611199 0.000000 0.000000 0.000000 1.000000
74 0.998506 -0.054638 0.001020 0.030982 0.002491 0.064165 0.997936 0.024734 -0.054591 -0.996442 0.064205 0.609715 0.000000 0.000000 0.000000 1.000000
75 0.998410 -0.056358 0.001115 0.030404 0.002579 0.065425 0.997854 0.026031 -0.056310 -0.996265 0.065467 0.609336 0.000000 0.000000 0.000000 1.000000
76 0.998416 -0.056216 0.002425 0.028170 0.001163 0.063706 0.997968 0.024773 -0.056257 -0.996384 0.063671 0.611017 0.000000 0.000000 0.000000 1.000000
77 0.998439 -0.055850 0.000637 0.031182 0.002933 0.063801 0.997958 0.024826 -0.055777 -0.996399 0.063866 0.610486 0.000000 0.000000 0.000000 1.000000
78 0.998375 -0.056967 0.001379 0.030025 0.002196 0.062647 0.998033 0.025706 -0.056942 -0.996409 0.062671 0.612598 0.000000 0.000000 0.000000 1.000000
79 0.998474 -0.055195 0.001470 0.030489 0.002149 0.065438 0.997854 0.025703 -0.055173 -0.996329 0.065456 0.607868 0.000000 0.000000 0.000000 1.000000
80 0.998455 -0.055537 0.001590 0.030363 0.001992 0.064375 0.997924 0.025751 -0.055524 -0.996379 0.064386 0.608634 0.000000 0.000000 0.000000 1.000000
81 0.998486 -0.054987 0.001132 0.029858 0.002452 0.065058 0.997878 0.024573 -0.054943 -0.996365 0.065094 0.607837 0.000000 0.000000 0.000000 1.000000
82 0.998453 -0.055594 0.001194 0.031378 0.002455 0.065520 0.997848 0.023815 -0.055553 -0.996301 0.065555 0.608950 0.000000 0.000000 0.000000 1.000000
83 0.998415 -0.056271 0.001364 0.030933 0.002312 0.065205 0.997869 0.022303 -0.056240 -0.996284 0.065232 0.608186 0.000000 0.000000 0.000000 1.000000
84 0.998495 -0.054830 0.001378 0.031803 0.002296 0.066883 0.997758 0.024961 -0.054799 -0.996253 0.066908 0.607335 0.000000 0.000000 0.000000 1.000000
85 0.998446 -0.055720 0.001347 0.031577 0.002360 0.066400 0.997790 0.024250 -0.055686 -0.996236 0.066429 0.606963 0.000000 0.000000 0.000000 1.000000
86 0.998448 -0.055676 0.001349 0.031666 0.002253 0.064583 0.997910 0.023386 -0.055647 -0.996358 0.064608 0.608486 0.000000 0.000000 0.000000 1.000000
87 0.998499 -0.054760 0.000788 0.033684 0.002855 0.066423 0.997787 0.024412 -0.054691 -0.996288 0.066480 0.605483 0.000000 0.000000 0.000000 1.000000
88 0.998485 -0.055025 0.000823 0.032562 0.002926 0.068015 0.997680 0.023927 -0.054953 -0.996166 0.068073 0.603914 0.000000 0.000000 0.000000 1.000000
89 0.998517 -0.054430 0.001317 0.031233 0.002178 0.064100 0.997941 0.022731 -0.054403 -0.996458 0.064124 0.608892 0.000000 0.000000 0.000000 1.000000
90 0.998470 -0.055270 0.001526 0.030529 0.002175 0.066843 0.997761 0.023129 -0.055249 -0.996231 0.066861 0.605333 0.000000 0.000000 0.000000 1.000000
91 0.998427 -0.055990 0.003112 0.031719 0.000719 0.068271 0.997667 0.025205 -0.056072 -0.996095 0.068203 0.603427 0.000000 0.000000 0.000000 1.000000
92 0.998380 -0.055539 0.012357 0.033625 -0.008977 0.060693 0.998116 0.024948 -0.056185 -0.996610 0.060096 0.606249 0.000000 0.000000 0.000000 1.000000
93 0.998220 -0.054749 0.023671 0.031569 -0.020392 0.059679 0.998009 0.022615 -0.056052 -0.996715 0.058456 0.603962 0.000000 0.000000 0.000000 1.000000
94 0.998058 -0.055128 0.029008 0.033232 -0.025740 0.059099 0.997920 0.024521 -0.056728 -0.996729 0.057565 0.605343 0.000000 0.000000 0.000000 1.000000
95 0.997812 -0.056017 0.035118 0.033211 -0.031547 0.063404 0.997489 0.024610 -0.058103 -0.996415 0.061498 0.599840 0.000000 0.000000 0.000000 1.000000
96 0.997627 -0.055336 0.040958 0.036340 -0.037768 0.057520 0.997630 0.025296 -0.057561 -0.996810 0.055294 0.609263 0.000000 0.000000 0.000000 1.000000
97 0.997354 -0.054702 0.047876 0.034376 -0.044518 0.061036 0.997142 0.024157 -0.057468 -0.996636 0.058439 0.604516 0.000000 0.000000 0.000000 1.000000
98 0.997001 -0.057442 0.051853 0.036710 -0.048553 0.057427 0.997168 0.025503 -0.060257 -0.996696 0.054466 0.607318 0.000000 0.000000 0.000000 1.000000
99 0.997113 -0.053655 0.053738 0.034818 -0.050462 0.060643 0.996883 0.024300 -0.056747 -0.996716 0.057760 0.601514 0.000000 0.000000 0.000000 1.000000
100 0.997099 -0.057417 0.049967 0.032444 -0.046443 0.061142 0.997048 0.024608 -0.060302 -0.996476 0.058298 0.604891 0.000000 0.000000 0.000000 1.000000
101 0.997615 -0.056352 0.039860 0.028546 -0.036207 0.064424 0.997266 0.023344 -0.058766 -0.996330 0.062230 0.599132 0.000000 0.000000 0.000000 1.000000
102 0.998270 -0.054151 0.022900 0.033344 -0.019418 0.063974 0.997763 0.022988 -0.055495 -0.996481 0.062812 0.607520 0.000000 0.000000 0.000000 1.000000
103 0.998576 -0.053112 0.004998 0.033142 -0.001257 0.070238 0.997529 0.023388 -0.053332 -0.996115 0.070072 0.606598 0.000000 0.000000 0.000000 1.000000
104 0.998929 -0.045360 -0.009117 0.028604 0.012983 0.085670 0.996239 0.020945 -0.044408 -0.995290 0.086167 0.604388 0.000000 0.000000 0.000000 1.000000
105 0.999060 -0.040470 -0.015546 0.031491 0.019476 0.098621 0.994934 0.020097 -0.038732 -0.994302 0.099317 0.605046 0.000000 0.000000 0.000000 1.000000
106 0.999214 -0.036511 -0.015416 0.028602 0.019288 0.108187 0.993943 0.019761 -0.034622 -0.993460 0.108806 0.602311 0.000000 0.000000 0.000000 1.000000
107 0.999597 -0.027159 -0.008314 0.029476 0.011382 0.114840 0.993319 0.020193 -0.026023 -0.993013 0.115103 0.601900 0.000000 0.000000 0.000000 1.000000
108 0.999683 -0.024983 0.003050 0.030749 -0.000158 0.114951 0.993371 0.018990 -0.025168 -0.993057 0.114911 0.607814 0.000000 0.000000 0.000000 1.000000
109 0.999865 -0.012701 0.010435 0.025880 -0.008909 0.114822 0.993346 0.021428 -0.013814 -0.993305 0.114693 0.608430 0.000000 0.000000 0.000000 1.000000
110 0.999933 -0.002247 0.011380 0.028971 -0.011082 0.104970 0.994414 0.024826 -0.003429 -0.994473 0.104938 0.608737 0.000000 0.000000 0.000000 1.000000
111 0.999878 -0.002695 0.015412 0.028472 -0.015036 0.106918 0.994154 0.023362 -0.004327 -0.994264 0.106865 0.611603 0.000000 0.000000 0.000000 1.000000
112 0.999934 -0.003043 0.011053 0.033268 -0.010628 0.115430 0.993259 0.025029 -0.004298 -0.993311 0.115390 0.616440 0.000000 0.000000 0.000000 1.000000
113 0.999971 -0.005416 0.005316 0.036123 -0.004711 0.106181 0.994336 0.027120 -0.005949 -0.994332 0.106153 0.616150 0.000000 0.000000 0.000000 1.000000
114 0.999850 -0.017000 0.003461 0.035314 -0.001938 0.088798 0.996048 0.027328 -0.017240 -0.995905 0.088752 0.620095 0.000000 0.000000 0.000000 1.000000
115 0.999239 -0.038881 0.003108 0.041885 -0.000245 0.073427 0.997301 0.031822 -0.039005 -0.996542 0.073362 0.627988 0.000000 0.000000 0.000000 1.000000
116 0.998203 -0.059888 0.002102 0.048828 0.001981 0.068028 0.997681 0.034498 -0.059892 -0.995884 0.068025 0.632272 0.000000 0.000000 0.000000 1.000000
117 0.997457 -0.071198 -0.003083 0.058629 0.006312 0.045179 0.998959 0.037818 -0.070984 -0.996439 0.045513 0.641287 0.000000 0.000000 0.000000 1.000000
118 0.996795 -0.079991 -0.000794 0.064118 0.001239 0.005524 0.999984 0.040838 -0.079985 -0.996780 0.005606 0.651171 0.000000 0.000000 0.000000 1.000000
119 0.996077 -0.088232 0.006827 0.075498 -0.009893 -0.034367 0.999360 0.050453 -0.087941 -0.995507 -0.035105 0.663052 0.000000 0.000000 0.000000 1.000000
120 0.996008 -0.086791 0.020880 0.080807 -0.025169 -0.048625 0.998500 0.056774 -0.085646 -0.995039 -0.050615 0.667886 0.000000 0.000000 0.000000 1.000000
121 0.995616 -0.086674 0.035157 0.086281 -0.038972 -0.042723 0.998327 0.058103 -0.085027 -0.995320 -0.045914 0.673481 0.000000 0.000000 0.000000 1.000000
122 0.994906 -0.093425 0.037871 0.087688 -0.040389 -0.025210 0.998866 0.061579 -0.092364 -0.995307 -0.028855 0.673891 0.000000 0.000000 0.000000 1.000000
123 0.994515 -0.094433 0.044963 0.093002 -0.046529 -0.014450 0.998812 0.064198 -0.093672 -0.995426 -0.018764 0.682866 0.000000 0.000000 0.000000 1.000000
124 0.993911 -0.099001 0.048379 0.094220 -0.049031 -0.004161 0.998789 0.065083 -0.098679 -0.995079 -0.008989 0.691572 0.000000 0.000000 0.000000 1.000000
125 0.994550 -0.094627 0.043766 0.098293 -0.043927 0.000383 0.999035 0.066527 -0.094553 -0.995513 -0.003775 0.701643 0.000000 0.000000 0.000000 1.000000
126 0.994224 -0.097784 0.044238 0.103719 -0.043136 0.013351 0.998980 0.066471 -0.098275 -0.995118 0.009055 0.715674 0.000000 0.000000 0.000000 1.000000
127 0.992572 -0.111745 0.048103 0.107043 -0.044686 0.032885 0.998460 0.068571 -0.113154 -0.993193 0.027647 0.733747 0.000000 0.000000 0.000000 1.000000
128 0.993502 -0.100223 0.053935 0.110468 -0.048767 0.053317 0.997386 0.068087 -0.102837 -0.993535 0.048083 0.757233 0.000000 0.000000 0.000000 1.000000
129 0.994581 -0.087550 0.056073 0.115960 -0.050807 0.061259 0.996828 0.069623 -0.090708 -0.994275 0.056479 0.787491 0.000000 0.000000 0.000000 1.000000
130 0.994491 -0.088432 0.056275 0.124401 -0.051013 0.060682 0.996853 0.072888 -0.091569 -0.994232 0.055837 0.821556 0.000000 0.000000 0.000000 1.000000
131 0.994240 -0.092613 0.053945 0.133007 -0.049387 0.050821 0.997486 0.073896 -0.095121 -0.994404 0.045955 0.852659 0.000000 0.000000 0.000000 1.000000
132 0.993430 -0.099761 0.056070 0.141344 -0.051718 0.045689 0.997616 0.076257 -0.102085 -0.993962 0.040230 0.882793 0.000000 0.000000 0.000000 1.000000
133 0.992978 -0.102401 0.059229 0.149220 -0.055132 0.042391 0.997579 0.075631 -0.104664 -0.993839 0.036448 0.911645 0.000000 0.000000 0.000000 1.000000
134 0.994338 -0.092699 0.051944 0.154679 -0.048351 0.040597 0.998005 0.071340 -0.094623 -0.994866 0.035885 0.933147 0.000000 0.000000 0.000000 1.000000
135 0.995371 -0.084156 0.046405 0.159062 -0.042551 0.047028 0.997987 0.067569 -0.086169 -0.995342 0.043229 0.950343 0.000000 0.000000 0.000000 1.000000
136 0.995929 -0.078554 0.044211 0.167535 -0.040031 0.054019 0.997737 0.063638 -0.080764 -0.995445 0.050654 0.966021 0.000000 0.000000 0.000000 1.000000
137 0.997192 -0.064824 0.037489 0.173825 -0.034850 0.041373 0.998536 0.061982 -0.066280 -0.997039 0.038997 0.981535 0.000000 0.000000 0.000000 1.000000
138 0.997786 -0.053856 0.039019 0.178691 -0.036989 0.038204 0.998585 0.059435 -0.055270 -0.997818 0.036128 0.999029 0.000000 0.000000 0.000000 1.000000
139 0.998025 -0.047839 0.040711 0.186934 -0.038300 0.050265 0.998001 0.057002 -0.049790 -0.997590 0.048333 1.013209 0.000000 0.000000 0.000000 1.000000
140 0.998441 -0.040130 0.038801 0.195002 -0.036470 0.057280 0.997692 0.056172 -0.042260 -0.997551 0.055727 1.026450 0.000000 0.000000 0.000000 1.000000
141 0.998808 -0.034718 0.034296 0.199665 -0.032652 0.046859 0.998368 0.053430 -0.036269 -0.998298 0.045669 1.036899 0.000000 0.000000 0.000000 1.000000
142 0.998952 -0.038009 0.025506 0.203709 -0.024436 0.028338 0.999300 0.052366 -0.038705 -0.998876 0.027379 1.047276 0.000000 0.000000 0.000000 1.000000
143 0.999056 -0.040059 0.016813 0.206039 -0.016108 0.017863 0.999711 0.049306 -0.040348 -0.999038 0.017201 1.050900 0.000000 0.000000 0.000000 1.000000
144 0.999538 -0.028569 0.010413 0.208706 -0.010028 0.013581 0.999858 0.045921 -0.028707 -0.999500 0.013288 1.057466 0.000000 0.000000 0.000000 1.000000
145 0.999861 -0.015251 0.006726 0.210371 -0.006541 0.012130 0.999905 0.042788 -0.015331 -0.999810 0.012029 1.057620 0.000000 0.000000 0.000000 1.000000
146 0.999838 -0.015810 0.008653 0.210962 -0.008675 -0.001322 0.999962 0.042382 -0.015798 -0.999874 -0.001459 1.064773 0.000000 0.000000 0.000000 1.000000
147 0.999830 -0.015142 0.010560 0.216779 -0.010666 -0.006928 0.999919 0.042841 -0.015068 -0.999861 -0.007088 1.066755 0.000000 0.000000 0.000000 1.000000
148 0.999893 -0.005117 0.013721 0.219301 -0.013744 -0.004334 0.999896 0.042191 -0.005057 -0.999978 -0.004403 1.066886 0.000000 0.000000 0.000000 1.000000
149 0.999750 0.005128 0.021758 0.221930 -0.021756 -0.000404 0.999763 0.043135 0.005135 -0.999987 -0.000293 1.070893 0.000000 0.000000 0.000000 1.000000
150 0.999685 0.009255 0.023328 0.223602 -0.023368 0.004202 0.999718 0.045025 0.009155 -0.999948 0.004417 1.075948 0.000000 0.000000 0.000000 1.000000
151 0.999735 0.001799 0.022956 0.227390 -0.022963 0.003699 0.999729 0.047857 0.001713 -0.999992 0.003740 1.076469 0.000000 0.000000 0.000000 1.000000
152 0.999572 -0.008206 0.028087 0.233142 -0.028167 -0.009865 0.999555 0.052959 -0.007925 -0.999918 -0.010092 1.080161 0.000000 0.000000 0.000000 1.000000
153 0.999074 -0.020675 0.037730 0.240733 -0.038286 -0.027148 0.998898 0.058082 -0.019628 -0.999418 -0.027915 1.083808 0.000000 0.000000 0.000000 1.000000
154 0.998249 -0.031095 0.050318 0.247386 -0.051431 -0.036093 0.998024 0.064939 -0.029218 -0.998865 -0.037629 1.087287 0.000000 0.000000 0.000000 1.000000
155 0.997144 -0.035225 0.066812 0.254020 -0.067946 -0.032056 0.997174 0.070490 -0.032984 -0.998865 -0.034358 1.093608 0.000000 0.000000 0.000000 1.000000
156 0.995325 -0.028400 0.092312 0.260826 -0.092658 -0.011138 0.995636 0.075506 -0.027248 -0.999535 -0.013717 1.099813 0.000000 0.000000 0.000000 1.000000
157 0.992574 -0.023946 0.119260 0.267234 -0.119092 0.008314 0.992848 0.085082 -0.024767 -0.999679 0.005401 1.109914 0.000000 0.000000 0.000000 1.000000
158 0.988744 -0.021350 0.148084 0.276547 -0.147253 0.036333 0.988431 0.094368 -0.026483 -0.999112 0.032780 1.117662 0.000000 0.000000 0.000000 1.000000
159 0.983157 -0.025126 0.181026 0.284959 -0.179353 0.057754 0.982088 0.101386 -0.035131 -0.998015 0.052274 1.118622 0.000000 0.000000 0.000000 1.000000
160 0.977398 -0.037458 0.208062 0.298940 -0.205097 0.070650 0.976188 0.114233 -0.051266 -0.996798 0.061371 1.130793 0.000000 0.000000 0.000000 1.000000
161 0.970814 -0.046850 0.235214 0.312267 -0.230324 0.091330 0.968819 0.121507 -0.066871 -0.994718 0.077874 1.136321 0.000000 0.000000 0.000000 1.000000
162 0.963266 -0.054436 0.262974 0.322006 -0.255520 0.115539 0.959875 0.131320 -0.082636 -0.991810 0.097385 1.140441 0.000000 0.000000 0.000000 1.000000
163 0.957177 -0.054868 0.284256 0.339264 -0.274759 0.137175 0.951678 0.138571 -0.091210 -0.989026 0.116225 1.149781 0.000000 0.000000 0.000000 1.000000
164 0.948970 -0.049344 0.311483 0.348067 -0.300101 0.162277 0.940003 0.146625 -0.096930 -0.985511 0.139188 1.154641 0.000000 0.000000 0.000000 1.000000
165 0.940490 -0.037492 0.337746 0.362806 -0.325354 0.187565 0.926803 0.151893 -0.098097 -0.981536 0.164205 1.155491 0.000000 0.000000 0.000000 1.000000
166 0.930449 -0.023620 0.365658 0.371776 -0.353183 0.207994 0.912141 0.159901 -0.097599 -0.977845 0.185185 1.160080 0.000000 0.000000 0.000000 1.000000
167 0.921710 -0.009337 0.387768 0.387286 -0.376437 0.219505 0.900063 0.162998 -0.093521 -0.975567 0.198805 1.167301 0.000000 0.000000 0.000000 1.000000
168 0.909638 0.002513 0.415395 0.391684 -0.405005 0.227704 0.885507 0.169003 -0.092362 -0.973727 0.208145 1.167408 0.000000 0.000000 0.000000 1.000000
169 0.899098 0.008765 0.437659 0.403601 -0.427405 0.233618 0.873354 0.173292 -0.094590 -0.972289 0.213792 1.170221 0.000000 0.000000 0.000000 1.000000
170 0.890957 0.015279 0.453830 0.413542 -0.444461 0.234042 0.864684 0.180345 -0.093004 -0.972106 0.215313 1.171152 0.000000 0.000000 0.000000 1.000000
171 0.886498 0.023874 0.462115 0.421517 -0.454780 0.229298 0.860580 0.186862 -0.085416 -0.973064 0.214130 1.167995 0.000000 0.000000 0.000000 1.000000
172 0.884074 0.032521 0.466215 0.430494 -0.461552 0.217375 0.860069 0.194607 -0.073373 -0.975546 0.207186 1.170697 0.000000 0.000000 0.000000 1.000000
173 0.885584 0.041977 0.462579 0.436674 -0.460902 0.202781 0.863973 0.200860 -0.057535 -0.978324 0.198927 1.170994 0.000000 0.000000 0.000000 1.000000
174 0.890738 0.045542 0.452231 0.443953 -0.451841 0.196556 0.870176 0.207237 -0.049259 -0.979434 0.195657 1.167334 0.000000 0.000000 0.000000 1.000000
175 0.897751 0.041873 0.438509 0.447970 -0.437943 0.192020 0.878257 0.213213 -0.047427 -0.980497 0.190724 1.170731 0.000000 0.000000 0.000000 1.000000
176 0.908804 0.033995 0.415836 0.453860 -0.414545 0.186335 0.890748 0.219920 -0.047204 -0.981898 0.183434 1.172108 0.000000 0.000000 0.000000 1.000000
177 0.922180 0.023088 0.386072 0.457671 -0.383985 0.174072 0.906783 0.227852 -0.046268 -0.984462 0.169391 1.175160 0.000000 0.000000 0.000000 1.000000
178 0.934092 0.007061 0.356962 0.457867 -0.353534 0.157898 0.921999 0.231858 -0.049853 -0.987430 0.149988 1.171699 0.000000 0.000000 0.000000 1.000000
179 0.944851 -0.015154 0.327151 0.455245 -0.322603 0.129059 0.937694 0.235190 -0.056432 -0.991521 0.117053 1.172524 0.000000 0.000000 0.000000 1.000000
180 0.954857 -0.036200 0.294852 0.452322 -0.290495 0.093817 0.952266 0.241944 -0.062134 -0.994931 0.079066 1.167517 0.000000 0.000000 0.000000 1.000000
181 0.961971 -0.060971 0.266262 0.444878 -0.263278 0.052767 0.963276 0.244151 -0.072782 -0.996744 0.034708 1.171032 0.000000 0.000000 0.000000 1.000000
182 0.966877 -0.078954 0.242724 0.440728 -0.241723 0.022148 0.970093 0.248019 -0.081968 -0.996632 0.002329 1.167298 0.000000 0.000000 0.000000 1.000000
183 0.969965 -0.091142 0.225526 0.433301 -0.226623 -0.001738 0.973981 0.249244 -0.088379 -0.995836 -0.022340 1.167163 0.000000 0.000000 0.000000 1.000000
184 0.974176 -0.089481 0.207302 0.426142 -0.210148 -0.023543 0.977386 0.254223 -0.082577 -0.995710 -0.041739 1.157990 0.000000 0.000000 0.000000 1.000000
185 0.977822 -0.084813 0.191495 0.419600 -0.196454 -0.054517 0.978996 0.259016 -0.072591 -0.994904 -0.069970 1.154119 0.000000 0.000000 0.000000 1.000000
186 0.980626 -0.081318 0.178212 0.416656 -0.184678 -0.080441 0.979502 0.262155 -0.065316 -0.993437 -0.093900 1.151565 0.000000 0.000000 0.000000 1.000000
187 0.982555 -0.082121 0.166859 0.415838 -0.175309 -0.109542 0.978400 0.270659 -0.062069 -0.990584 -0.122028 1.152756 0.000000 0.000000 0.000000 1.000000
188 0.984707 -0.081024 0.154231 0.416544 -0.164272 -0.136985 0.976857 0.283418 -0.058021 -0.987254 -0.148200 1.148456 0.000000 0.000000 0.000000 1.000000
189 0.986860 -0.082510 0.138920 0.416728 -0.150938 -0.163944 0.974854 0.297810 -0.057660 -0.983013 -0.174244 1.145098 0.000000 0.000000 0.000000 1.000000
190 0.989672 -0.082370 0.117326 0.417727 -0.130751 -0.183109 0.974359 0.312589 -0.058775 -0.979636 -0.191988 1.146330 0.000000 0.000000 0.000000 1.000000
191 0.992077 -0.081310 0.095774 0.416673 -0.110002 -0.193919 0.974831 0.326106 -0.060692 -0.977642 -0.201327 1.143620 0.000000 0.000000 0.000000 1.000000
192 0.993806 -0.083640 0.073167 0.422582 -0.089464 -0.211637 0.973245 0.339258 -0.065917 -0.973763 -0.217809 1.144902 0.000000 0.000000 0.000000 1.000000
193 0.994939 -0.082696 0.057084 0.421813 -0.074356 -0.223770 0.971802 0.352043 -0.067590 -0.971127 -0.228786 1.144976 0.000000 0.000000 0.000000 1.000000
194 0.995748 -0.079127 0.047160 0.420914 -0.064475 -0.233037 0.970328 0.360538 -0.065790 -0.969243 -0.237148 1.142530 0.000000 0.000000 0.000000 1.000000
195 0.996071 -0.073767 0.048992 0.417364 -0.065863 -0.247324 0.966692 0.372164 -0.059193 -0.966121 -0.251210 1.142362 0.000000 0.000000 0.000000 1.000000
196 0.996210 -0.068893 0.053101 0.409211 -0.069299 -0.259663 0.963210 0.382398 -0.052570 -0.963239 -0.263453 1.135851 0.000000 0.000000 0.000000 1.000000
197 0.996403 -0.065830 0.053354 0.400185 -0.069650 -0.277669 0.958149 0.394171 -0.048260 -0.958419 -0.281255 1.134336 0.000000 0.000000 0.000000 1.000000
198 0.996356 -0.066299 0.053662 0.387777 -0.071041 -0.296859 0.952275 0.408276 -0.047205 -0.952617 -0.300487 1.131421 0.000000 0.000000 0.000000 1.000000
199 0.996298 -0.068023 0.052575 0.374223 -0.071280 -0.311667 0.947514 0.421246 -0.048066 -0.947754 -0.315361 1.125170 0.000000 0.000000 0.000000 1.000000
200 0.995766 -0.073130 0.055704 0.354953 -0.076368 -0.320734 0.944086 0.435837 -0.051175 -0.944342 -0.324961 1.122240 0.000000 0.000000 0.000000 1.000000
201 0.994860 -0.077682 0.064959 0.335354 -0.086888 -0.325412 0.941572 0.451537 -0.052005 -0.942376 -0.330489 1.117155 0.000000 0.000000 0.000000 1.000000
202 0.993453 -0.084838 0.076506 0.315364 -0.100659 -0.333373 0.937406 0.466726 -0.054023 -0.938970 -0.339730 1.116429 0.000000 0.000000 0.000000 1.000000
203 0.991419 -0.092527 0.092337 0.292069 -0.118938 -0.345451 0.930869 0.483472 -0.054233 -0.933864 -0.353492 1.116404 0.000000 0.000000 0.000000 1.000000
204 0.987908 -0.104784 0.114276 0.273782 -0.144497 -0.355041 0.923616 0.499807 -0.056207 -0.928960 -0.365889 1.116340 0.000000 0.000000 0.000000 1.000000
205 0.983861 -0.117242 0.135172 0.256457 -0.169061 -0.361610 0.916873 0.514866 -0.058617 -0.924928 -0.375595 1.116914 0.000000 0.000000 0.000000 1.000000
206 0.981871 -0.119702 0.146975 0.237972 -0.181459 -0.369416 0.911375 0.532742 -0.054799 -0.921522 -0.384440 1.117370 0.000000 0.000000 0.000000 1.000000
207 0.982254 -0.113804 0.149085 0.219601 -0.181348 -0.373425 0.909762 0.548425 -0.047862 -0.920653 -0.387437 1.115313 0.000000 0.000000 0.000000 1.000000
208 0.983197 -0.106246 0.148441 0.200981 -0.177790 -0.372946 0.910660 0.566984 -0.041393 -0.921750 -0.385569 1.113043 0.000000 0.000000 0.000000 1.000000
209 0.985788 -0.093329 0.139684 0.181213 -0.164408 -0.365102 0.916335 0.583910 -0.034522 -0.926278 -0.375257 1.110884 0.000000 0.000000 0.000000 1.000000
210 0.989540 -0.074964 0.123253 0.162170 -0.142013 -0.355971 0.923644 0.601166 -0.025365 -0.931486 -0.362893 1.108992 0.000000 0.000000 0.000000 1.000000
211 0.993173 -0.056787 0.101892 0.142386 -0.115300 -0.345520 0.931301 0.618374 -0.017680 -0.936692 -0.349708 1.105540 0.000000 0.000000 0.000000 1.000000
212 0.996231 -0.040755 0.076567 0.122816 -0.085837 -0.336384 0.937805 0.631522 -0.012464 -0.940843 -0.338615 1.102559 0.000000 0.000000 0.000000 1.000000
213 0.998879 -0.023970 0.040828 0.104721 -0.046522 -0.336869 0.940402 0.644182 -0.008788 -0.941247 -0.337606 1.099067 0.000000 0.000000 0.000000 1.000000
214 0.999964 -0.006836 0.005109 0.083521 -0.007154 -0.345188 0.938506 0.656127 -0.004652 -0.938509 -0.345224 1.097444 0.000000 0.000000 0.000000 1.000000
215 0.999486 0.009943 -0.030467 0.062006 0.032021 -0.349164 0.936515 0.663541 -0.001326 -0.937009 -0.349303 1.095497 0.000000 0.000000 0.000000 1.000000
216 0.997114 0.030273 -0.069624 0.040431 0.075835 -0.353433 0.932381 0.667103 0.003619 -0.934970 -0.354709 1.093514 0.000000 0.000000 0.000000 1.000000
217 0.993111 0.053216 -0.104401 0.017825 0.116623 -0.362021 0.924846 0.670155 0.011421 -0.930650 -0.365733 1.091993 0.000000 0.000000 0.000000 1.000000
218 0.988950 0.070919 -0.130189 -0.006935 0.147342 -0.373030 0.916045 0.671870 0.016400 -0.925105 -0.379357 1.087869 0.000000 0.000000 0.000000 1.000000
219 0.984690 0.085966 -0.151645 -0.030896 0.173288 -0.388334 0.905079 0.673429 0.018917 -0.917500 -0.397285 1.085828 0.000000 0.000000 0.000000 1.000000
220 0.979771 0.099527 -0.173617 -0.054956 0.199208 -0.402281 0.893581 0.674114 0.019093 -0.910090 -0.413970 1.081727 0.000000 0.000000 0.000000 1.000000
221 0.975461 0.111916 -0.189607 -0.081178 0.219296 -0.417105 0.882005 0.673377 0.019624 -0.901941 -0.431413 1.078837 0.000000 0.000000 0.000000 1.000000
222 0.972722 0.116438 -0.200635 -0.109476 0.231380 -0.425137 0.875055 0.669920 0.016592 -0.897608 -0.440481 1.075388 0.000000 0.000000 0.000000 1.000000
223 0.969200 0.117247 -0.216573 -0.135451 0.246108 -0.428864 0.869199 0.666817 0.009031 -0.895728 -0.444510 1.076222 0.000000 0.000000 0.000000 1.000000
224 0.963692 0.119251 -0.238907 -0.164717 0.267016 -0.429219 0.862829 0.660061 0.000349 -0.895294 -0.445477 1.076208 0.000000 0.000000 0.000000 1.000000
225 0.957035 0.125285 -0.261510 -0.194515 0.289914 -0.431553 0.854232 0.654711 -0.005833 -0.893345 -0.449333 1.077877 0.000000 0.000000 0.000000 1.000000
226 0.950723 0.129930 -0.281504 -0.222701 0.309820 -0.432532 0.846716 0.647277 -0.011746 -0.892207 -0.451473 1.079185 0.000000 0.000000 0.000000 1.000000
227 0.941044 0.140365 -0.307788 -0.248623 0.337909 -0.432846 0.835740 0.641118 -0.015917 -0.890473 -0.454758 1.079538 0.000000 0.000000 0.000000 1.000000
228 0.930867 0.153275 -0.331652 -0.273436 0.364881 -0.436353 0.822471 0.635634 -0.018653 -0.886624 -0.462114 1.079265 0.000000 0.000000 0.000000 1.000000
229 0.926466 0.160169 -0.340597 -0.298237 0.375697 -0.447980 0.811274 0.632098 -0.022640 -0.879579 -0.475214 1.079228 0.000000 0.000000 0.000000 1.000000
230 0.923434 0.160843 -0.348424 -0.317590 0.382457 -0.460415 0.801090 0.634791 -0.031570 -0.873011 -0.486678 1.077751 0.000000 0.000000 0.000000 1.000000
231 0.920415 0.158939 -0.357176 -0.337317 0.388634 -0.471141 0.791827 0.637369 -0.042428 -0.867620 -0.495414 1.074242 0.000000 0.000000 0.000000 1.000000
232 0.918919 0.160068 -0.360509 -0.359225 0.391745 -0.477135 0.786688 0.641029 -0.046087 -0.864130 -0.501154 1.070106 0.000000 0.000000 0.000000 1.000000
233 0.918277 0.160398 -0.361994 -0.379519 0.393264 -0.475575 0.786875 0.647030 -0.045942 -0.864928 -0.499789 1.065769 0.000000 0.000000 0.000000 1.000000
234 0.918003 0.164084 -0.361037 -0.400763 0.394518 -0.470448 0.789325 0.654742 -0.040334 -0.867038 -0.496606 1.063906 0.000000 0.000000 0.000000 1.000000
235 0.918673 0.167983 -0.357521 -0.420661 0.393711 -0.462950 0.794147 0.663092 -0.032111 -0.870321 -0.491436 1.062095 0.000000 0.000000 0.000000 1.000000
236 0.919704 0.173377 -0.352258 -0.441748 0.392023 -0.454731 0.799711 0.670724 -0.021531 -0.873590 -0.486186 1.059171 0.000000 0.000000 0.000000 1.000000
237 0.921344 0.171866 -0.348693 -0.458950 0.388394 -0.445209 0.806808 0.680827 -0.016578 -0.878778 -0.476943 1.057347 0.000000 0.000000 0.000000 1.000000
238 0.925163 0.168636 -0.340052 -0.476414 0.379398 -0.437829 0.815084 0.688455 -0.011432 -0.883101 -0.469043 1.054887 0.000000 0.000000 0.000000 1.000000
239 0.931911 0.165955 -0.322493 -0.493439 0.362658 -0.437770 0.822701 0.697288 -0.004646 -0.883638 -0.468147 1.054050 0.000000 0.000000 0.000000 1.000000
240 0.941150 0.157864 -0.298858 -0.509155 0.337990 -0.439438 0.832260 0.708021 0.000054 -0.884293 -0.466933 1.053185 0.000000 0.000000 0.000000 1.000000
241 0.950355 0.146984 -0.274264 -0.523631 0.311156 -0.441403 0.841633 0.718657 0.002645 -0.885189 -0.465224 1.050193 0.000000 0.000000 0.000000 1.000000
242 0.960699 0.135240 -0.242418 -0.541111 0.277514 -0.447406 0.850185 0.727248 0.006520 -0.884046 -0.467354 1.046051 0.000000 0.000000 0.000000 1.000000
243 0.969727 0.123731 -0.210523 -0.556110 0.243961 -0.453490 0.857222 0.735810 0.010595 -0.882631 -0.469947 1.043275 0.000000 0.000000 0.000000 1.000000
244 0.977385 0.117016 -0.176142 -0.572606 0.210507 -0.459086 0.863091 0.742653 0.020131 -0.880652 -0.473337 1.041471 0.000000 0.000000 0.000000 1.000000
245 0.983216 0.115638 -0.141117 -0.589296 0.178952 -0.460635 0.869362 0.747019 0.035528 -0.880024 -0.473598 1.038962 0.000000 0.000000 0.000000 1.000000
246 0.987009 0.117629 -0.109439 -0.604708 0.151813 -0.459838 0.874930 0.748860 0.052593 -0.880178 -0.471721 1.038254 0.000000 0.000000 0.000000 1.000000
247 0.989108 0.121160 -0.083579 -0.617714 0.130467 -0.458789 0.878915 0.748541 0.068144 -0.880246 -0.469599 1.036621 0.000000 0.000000 0.000000 1.000000
248 0.990447 0.123027 -0.062278 -0.631289 0.112586 -0.460744 0.880363 0.746161 0.079614 -0.878965 -0.470193 1.032640 0.000000 0.000000 0.000000 1.000000
249 0.991114 0.122171 -0.052612 -0.641572 0.104257 -0.467841 0.877642 0.742996 0.082609 -0.875328 -0.476420 1.031667 0.000000 0.000000 0.000000 1.000000
250 0.991464 0.120785 -0.049101 -0.651689 0.101310 -0.476611 0.873257 0.740353 0.082075 -0.870777 -0.484779 1.029079 0.000000 0.000000 0.000000 1.000000
251 0.992129 0.115855 -0.047518 -0.660638 0.098362 -0.486191 0.868299 0.735554 0.077494 -0.866138 -0.493760 1.026437 0.000000 0.000000 0.000000 1.000000
252 0.992483 0.111914 -0.049532 -0.668078 0.098860 -0.494534 0.863518 0.728949 0.072144 -0.861923 -0.501880 1.023061 0.000000 0.000000 0.000000 1.000000
253 0.992545 0.109377 -0.053770 -0.675668 0.102083 -0.505036 0.857040 0.723435 0.066584 -0.856140 -0.512437 1.022763 0.000000 0.000000 0.000000 1.000000
254 0.992233 0.109591 -0.058850 -0.683549 0.107391 -0.515939 0.849867 0.717558 0.062775 -0.849586 -0.523701 1.021042 0.000000 0.000000 0.000000 1.000000
255 0.992534 0.105301 -0.061547 -0.688419 0.108287 -0.528558 0.841962 0.713062 0.056128 -0.842341 -0.536014 1.020632 0.000000 0.000000 0.000000 1.000000
256 0.993723 0.094763 -0.059452 -0.695136 0.101406 -0.538642 0.836410 0.708662 0.047237 -0.837188 -0.544871 1.017369 0.000000 0.000000 0.000000 1.000000
257 0.995005 0.080927 -0.058452 -0.698569 0.093361 -0.547005 0.831907 0.706873 0.035350 -0.833208 -0.551828 1.016368 0.000000 0.000000 0.000000 1.000000
258 0.996849 0.061615 -0.049953 -0.702147 0.075797 -0.554335 0.828835 0.707055 0.023378 -0.830010 -0.557259 1.015746 0.000000 0.000000 0.000000 1.000000
259 0.998466 0.040885 -0.037348 -0.702846 0.053868 -0.560801 0.826197 0.711085 0.012834 -0.826941 -0.562143 1.016451 0.000000 0.000000 0.000000 1.000000
260 0.999636 0.017389 -0.020607 -0.702360 0.026821 -0.563028 0.826003 0.715409 0.002761 -0.826255 -0.563290 1.018796 0.000000 0.000000 0.000000 1.000000
261 0.999982 -0.005747 0.001873 -0.702223 -0.004765 -0.558781 0.829302 0.721658 -0.003719 -0.829296 -0.558798 1.020985 0.000000 0.000000 0.000000 1.000000
262 0.999180 -0.028902 0.028365 -0.699691 -0.039581 -0.549046 0.834854 0.731520 -0.008555 -0.835292 -0.549740 1.023057 0.000000 0.000000 0.000000 1.000000
263 0.997011 -0.046507 0.061694 -0.698491 -0.077067 -0.542349 0.836611 0.742957 -0.005449 -0.838865 -0.544312 1.026348 0.000000 0.000000 0.000000 1.000000
264 0.991541 -0.070403 0.109042 -0.696817 -0.129793 -0.532833 0.836207 0.757693 -0.000770 -0.843287 -0.537464 1.028500 0.000000 0.000000 0.000000 1.000000
265 0.982588 -0.097330 0.158265 -0.694449 -0.185793 -0.521134 0.833007 0.773316 0.001401 -0.847907 -0.530144 1.029428 0.000000 0.000000 0.000000 1.000000
266 0.971264 -0.122974 0.203774 -0.686726 -0.237997 -0.509179 0.827100 0.791381 0.002045 -0.851830 -0.523815 1.030870 0.000000 0.000000 0.000000 1.000000
267 0.957507 -0.148114 0.247472 -0.677413 -0.288408 -0.494572 0.819890 0.809798 0.000956 -0.856424 -0.516273 1.031036 0.000000 0.000000 0.000000 1.000000
268 0.941740 -0.166924 0.291997 -0.669545 -0.336289 -0.482735 0.808627 0.829979 0.005978 -0.859711 -0.510746 1.031292 0.000000 0.000000 0.000000 1.000000
269 0.923030 -0.187622 0.335878 -0.657523 -0.384644 -0.468227 0.795495 0.853205 0.008015 -0.863459 -0.504355 1.032363 0.000000 0.000000 0.000000 1.000000
270 0.903197 -0.205667 0.376744 -0.647261 -0.429090 -0.454707 0.780464 0.875423 0.010792 -0.866570 -0.498939 1.032352 0.000000 0.000000 0.000000 1.000000
271 0.883149 -0.219267 0.414693 -0.639603 -0.468866 -0.440102 0.765816 0.899226 0.014589 -0.870765 -0.491483 1.029756 0.000000 0.000000 0.000000 1.000000
272 0.864361 -0.231908 0.446206 -0.625943 -0.502655 -0.424531 0.753068 0.921406 0.014786 -0.875210 -0.483518 1.029094 0.000000 0.000000 0.000000 1.000000
273 0.842494 -0.247102 0.478691 -0.613258 -0.538544 -0.408128 0.737158 0.941597 0.013214 -0.878847 -0.476921 1.028497 0.000000 0.000000 0.000000 1.000000
274 0.821891 -0.259349 0.507182 -0.602313 -0.569476 -0.395747 0.720473 0.960662 0.013861 -0.880978 -0.472954 1.029056 0.000000 0.000000 0.000000 1.000000
275 0.798993 -0.271956 0.536331 -0.593425 -0.601191 -0.381117 0.702366 0.981053 0.013392 -0.883623 -0.468008 1.031092 0.000000 0.000000 0.000000 1.000000
276 0.772011 -0.284932 0.568166 -0.580168 -0.635500 -0.362605 0.681658 0.998755 0.011794 -0.887317 -0.461010 1.032649 0.000000 0.000000 0.000000 1.000000
277 0.741993 -0.298742 0.600166 -0.570433 -0.670307 -0.346143 0.656410 1.014941 0.011647 -0.889347 -0.457085 1.033501 0.000000 0.000000 0.000000 1.000000
278 0.711719 -0.310637 0.630048 -0.556283 -0.702312 -0.333362 0.628990 1.027642 0.014646 -0.890154 -0.455424 1.033409 0.000000 0.000000 0.000000 1.000000
279 0.672884 -0.328236 0.662939 -0.549379 -0.739539 -0.319792 0.592296 1.044798 0.017590 -0.888816 -0.457927 1.035527 0.000000 0.000000 0.000000 1.000000
280 0.634138 -0.344114 0.692427 -0.541861 -0.773011 -0.302990 0.557361 1.061370 0.018003 -0.888697 -0.458141 1.035141 0.000000 0.000000 0.000000 1.000000
281 0.590218 -0.359726 0.722662 -0.541034 -0.807054 -0.282385 0.518577 1.080528 0.017523 -0.889300 -0.456988 1.034004 0.000000 0.000000 0.000000 1.000000
282 0.537734 -0.378760 0.753248 -0.539077 -0.842983 -0.257332 0.472399 1.099978 0.014909 -0.889000 -0.457665 1.034584 0.000000 0.000000 0.000000 1.000000
283 0.472503 -0.399692 0.785486 -0.541796 -0.881277 -0.223983 0.416152 1.121336 0.009602 -0.888863 -0.458072 1.037027 0.000000 0.000000 0.000000 1.000000
284 0.403205 -0.417553 0.814294 -0.544215 -0.915083 -0.190752 0.355298 1.144775 0.006973 -0.888405 -0.459008 1.036370 0.000000 0.000000 0.000000 1.000000
285 0.338594 -0.434563 0.834571 -0.542389 -0.940913 -0.162103 0.297330 1.160616 0.006078 -0.885933 -0.463773 1.036921 0.000000 0.000000 0.000000 1.000000
286 0.283044 -0.452553 0.845625 -0.541402 -0.959095 -0.137947 0.247199 1.176625 0.004780 -0.881003 -0.473086 1.035661 0.000000 0.000000 0.000000 1.000000
287 0.233627 -0.471950 0.850107 -0.539532 -0.972321 -0.116303 0.202647 1.190070 0.003231 -0.873921 -0.486058 1.037275 0.000000 0.000000 0.000000 1.000000
288 0.187647 -0.480122 0.856896 -0.534776 -0.982236 -0.092574 0.163225 1.207835 0.000959 -0.872303 -0.488965 1.037955 0.000000 0.000000 0.000000 1.000000
289 0.152357 -0.480484 0.863668 -0.529652 -0.988324 -0.075413 0.132392 1.218990 0.001519 -0.873755 -0.486364 1.036472 0.000000 0.000000 0.000000 1.000000
290 0.127681 -0.483032 0.866243 -0.519312 -0.991797 -0.067443 0.108580 1.231730 0.005975 -0.873001 -0.487681 1.035819 0.000000 0.000000 0.000000 1.000000
291 0.122764 -0.486366 0.865088 -0.511180 -0.992317 -0.073663 0.099405 1.240761 0.015378 -0.870645 -0.491672 1.033480 0.000000 0.000000 0.000000 1.000000
292 0.119002 -0.487134 0.865182 -0.499126 -0.992631 -0.078414 0.092381 1.262918 0.022840 -0.869800 -0.492876 1.031831 0.000000 0.000000 0.000000 1.000000
293 0.127277 -0.484375 0.865553 -0.494228 -0.991486 -0.086335 0.097481 1.272827 0.027510 -0.870590 -0.491239 1.025701 0.000000 0.000000 0.000000 1.000000
294 0.122842 -0.477322 0.870100 -0.485794 -0.992082 -0.082154 0.094995 1.291824 0.026139 -0.874880 -0.483634 1.022535 0.000000 0.000000 0.000000 1.000000
295 0.103992 -0.470914 0.876028 -0.478014 -0.994332 -0.068809 0.081047 1.312216 0.022112 -0.879492 -0.475401 1.021548 0.000000 0.000000 0.000000 1.000000
296 0.067512 -0.467020 0.881666 -0.469066 -0.997477 -0.051037 0.049346 1.339182 0.021952 -0.882772 -0.469288 1.017477 0.000000 0.000000 0.000000 1.000000
297 0.023575 -0.469769 0.882475 -0.464616 -0.999429 -0.032450 0.009425 1.362563 0.024209 -0.882193 -0.470265 1.016170 0.000000 0.000000 0.000000 1.000000
298 -0.030422 -0.474586 0.879683 -0.452426 -0.999215 -0.007894 -0.038815 1.398720 0.025365 -0.880173 -0.473974 1.016016 0.000000 0.000000 0.000000 1.000000
299 -0.073564 -0.481778 0.873200 -0.445148 -0.996899 0.010985 -0.077924 1.429916 0.027950 -0.876224 -0.481092 1.017043 0.000000 0.000000 0.000000 1.000000
300 -0.114808 -0.482408 0.868390 -0.439283 -0.992962 0.030141 -0.114533 1.457210 0.029078 -0.875428 -0.482473 1.016289 0.000000 0.000000 0.000000 1.000000
301 -0.146036 -0.488938 0.860007 -0.432202 -0.988757 0.043902 -0.142939 1.487685 0.032133 -0.871213 -0.489853 1.015676 0.000000 0.000000 0.000000 1.000000
302 -0.162578 -0.498586 0.851458 -0.422884 -0.986038 0.050588 -0.158652 1.513609 0.036028 -0.865363 -0.499849 1.017477 0.000000 0.000000 0.000000 1.000000
303 -0.168686 -0.498794 0.850147 -0.420984 -0.984859 0.050322 -0.165891 1.533338 0.039965 -0.865258 -0.499731 1.018715 0.000000 0.000000 0.000000 1.000000
304 -0.177315 -0.494382 0.850968 -0.414409 -0.983075 0.048490 -0.176670 1.558091 0.046079 -0.867891 -0.494613 1.016919 0.000000 0.000000 0.000000 1.000000
305 -0.180305 -0.498575 0.847888 -0.410119 -0.982119 0.043792 -0.183099 1.572677 0.054158 -0.865740 -0.497555 1.015055 0.000000 0.000000 0.000000 1.000000
306 -0.184871 -0.503353 0.844072 -0.400125 -0.980791 0.040119 -0.190891 1.590056 0.062222 -0.863149 -0.501101 1.009307 0.000000 0.000000 0.000000 1.000000
307 -0.181518 -0.514421 0.838106 -0.388036 -0.980931 0.034519 -0.191264 1.606892 0.069459 -0.856843 -0.510878 1.008246 0.000000 0.000000 0.000000 1.000000
308 -0.178053 -0.524957 0.832297 -0.373835 -0.981384 0.032860 -0.189222 1.623459 0.071984 -0.850494 -0.521035 1.004585 0.000000 0.000000 0.000000 1.000000
309 -0.189316 -0.528527 0.827538 -0.361735 -0.979328 0.040477 -0.198189 1.638567 0.071252 -0.847951 -0.525264 1.002528 0.000000 0.000000 0.000000 1.000000
310 -0.203166 -0.528377 0.824343 -0.346876 -0.977001 0.053726 -0.206353 1.652265 0.064744 -0.847308 -0.527140 1.001507 0.000000 0.000000 0.000000 1.000000
311 -0.203563 -0.523894 0.827102 -0.333412 -0.977526 0.061460 -0.201655 1.667498 0.054812 -0.849563 -0.524631 1.001093 0.000000 0.000000 0.000000 1.000000
312 -0.202157 -0.513676 0.833829 -0.324082 -0.978203 0.064660 -0.197326 1.677335 0.047446 -0.855545 -0.515551 0.999560 0.000000 0.000000 0.000000 1.000000
313 -0.210969 -0.502548 0.838414 -0.311745 -0.976464 0.069015 -0.204339 1.692724 0.044827 -0.861790 -0.505280 0.996116 0.000000 0.000000 0.000000 1.000000
314 -0.228254 -0.500954 0.834832 -0.296949 -0.972296 0.072895 -0.222097 1.706793 0.050406 -0.862399 -0.503714 0.996438 0.000000 0.000000 0.000000 1.000000
315 -0.254420 -0.499872 0.827888 -0.281761 -0.965313 0.079338 -0.248749 1.722547 0.058660 -0.862458 -0.502718 0.995545 0.000000 0.000000 0.000000 1.000000
316 -0.290024 -0.491298 0.821287 -0.265375 -0.954705 0.088877 -0.283971 1.741807 0.066521 -0.866445 -0.494821 0.991050 0.000000 0.000000 0.000000 1.000000
317 -0.328000 -0.485644 0.810287 -0.250422 -0.941954 0.103045 -0.319538 1.761409 0.071686 -0.868062 -0.491253 0.987627 0.000000 0.000000 0.000000 1.000000
318 -0.366722 -0.483054 0.795094 -0.232798 -0.927223 0.119977 -0.354773 1.785980 0.075982 -0.867332 -0.491897 0.982408 0.000000 0.000000 0.000000 1.000000
319 -0.406454 -0.486598 0.773316 -0.213302 -0.910061 0.140445 -0.389955 1.809955 0.081143 -0.862263 -0.499918 0.981942 0.000000 0.000000 0.000000 1.000000
320 -0.450692 -0.479067 0.753241 -0.200199 -0.889151 0.165970 -0.426455 1.828397 0.079285 -0.861945 -0.500764 0.981010 0.000000 0.000000 0.000000 1.000000
321 -0.492713 -0.465388 0.735288 -0.184588 -0.866931 0.189439 -0.461024 1.851740 0.075263 -0.864597 -0.496798 0.980251 0.000000 0.000000 0.000000 1.000000
322 -0.524037 -0.457568 0.718343 -0.172277 -0.848645 0.209203 -0.485836 1.864391 0.072023 -0.864214 -0.497943 0.981786 0.000000 0.000000 0.000000 1.000000
323 -0.553228 -0.450208 0.700893 -0.163636 -0.829547 0.220888 -0.512894 1.880817 0.076090 -0.865171 -0.495671 0.982348 0.000000 0.000000 0.000000 1.000000
324 -0.581486 -0.440364 0.684072 -0.151935 -0.809619 0.230601 -0.539759 1.892462 0.079943 -0.867700 -0.490618 0.979432 0.000000 0.000000 0.000000 1.000000
325 -0.606243 -0.432256 0.667551 -0.143459 -0.790933 0.240069 -0.562843 1.904725 0.083034 -0.869208 -0.487425 0.976882 0.000000 0.000000 0.000000 1.000000
326 -0.625858 -0.429553 0.650988 -0.134048 -0.775395 0.252736 -0.578694 1.913892 0.084051 -0.866954 -0.491250 0.977852 0.000000 0.000000 0.000000 1.000000
327 -0.645779 -0.428676 0.631827 -0.124377 -0.758833 0.268751 -0.593250 1.921105 0.084507 -0.862560 -0.498848 0.978005 0.000000 0.000000 0.000000 1.000000
328 -0.664512 -0.421882 0.616797 -0.117599 -0.742704 0.281681 -0.607492 1.926922 0.082550 -0.861784 -0.500514 0.971391 0.000000 0.000000 0.000000 1.000000
329 -0.680551 -0.420392 0.600101 -0.108352 -0.728006 0.295402 -0.618664 1.934597 0.082810 -0.857909 -0.507084 0.969872 0.000000 0.000000 0.000000 1.000000
330 -0.692545 -0.416436 0.589036 -0.101793 -0.717332 0.311223 -0.623358 1.935233 0.076267 -0.854237 -0.514259 0.969260 0.000000 0.000000 0.000000 1.000000
331 -0.704315 -0.414782 0.576104 -0.091866 -0.705906 0.323384 -0.630174 1.938217 0.075082 -0.850517 -0.520561 0.969681 0.000000 0.000000 0.000000 1.000000
332 -0.718287 -0.408212 0.563406 -0.082976 -0.692311 0.338978 -0.637024 1.943188 0.069058 -0.847618 -0.526093 0.967678 0.000000 0.000000 0.000000 1.000000
333 -0.729036 -0.402707 0.553474 -0.076117 -0.681865 0.356737 -0.638592 1.940871 0.059721 -0.842951 -0.534665 0.969822 0.000000 0.000000 0.000000 1.000000
334 -0.737288 -0.391883 0.550303 -0.065280 -0.673944 0.370023 -0.639439 1.943334 0.046960 -0.842324 -0.536921 0.970999 0.000000 0.000000 0.000000 1.000000
335 -0.739842 -0.381648 0.554057 -0.058192 -0.671948 0.378209 -0.636744 1.943382 0.033463 -0.843388 -0.536263 0.972335 0.000000 0.000000 0.000000 1.000000
336 -0.735777 -0.377530 0.562231 -0.048675 -0.676871 0.383151 -0.628523 1.940913 0.021867 -0.843010 -0.537453 0.972810 0.000000 0.000000 0.000000 1.000000
337 -0.734643 -0.372068 0.567331 -0.037032 -0.678306 0.385353 -0.625623 1.942270 0.014152 -0.844434 -0.535473 0.971307 0.000000 0.000000 0.000000 1.000000
338 -0.735096 -0.363643 0.572186 -0.024512 -0.677938 0.386976 -0.625020 1.943197 0.005862 -0.847357 -0.530992 0.973601 0.000000 0.000000 0.000000 1.000000
339 -0.734449 -0.346476 0.583557 -0.013844 -0.678663 0.376146 -0.630818 1.950583 -0.000939 -0.859342 -0.511401 0.967693 0.000000 0.000000 0.000000 1.000000
340 -0.737719 -0.332554 0.587519 0.000737 -0.675100 0.367585 -0.639626 1.954069 -0.003253 -0.868498 -0.495682 0.965242 0.000000 0.000000 0.000000 1.000000
341 -0.746697 -0.327301 0.579066 0.016406 -0.665164 0.366411 -0.650615 1.961415 0.000771 -0.870986 -0.491307 0.959414 0.000000 0.000000 0.000000 1.000000
342 -0.765313 -0.330172 0.552524 0.034952 -0.643609 0.381874 -0.663279 1.972666 0.008001 -0.863226 -0.504755 0.956834 0.000000 0.000000 0.000000 1.000000
343 -0.786543 -0.327918 0.523278 0.055182 -0.617455 0.403936 -0.674970 1.985103 0.009964 -0.853994 -0.520188 0.952991 0.000000 0.000000 0.000000 1.000000
344 -0.801876 -0.324596 0.501629 0.071738 -0.597451 0.426030 -0.679375 1.997833 0.006813 -0.844473 -0.535554 0.949670 0.000000 0.000000 0.000000 1.000000
345 -0.812159 -0.317453 0.489511 0.091575 -0.583435 0.440353 -0.682417 2.011351 0.001077 -0.839829 -0.542850 0.948073 0.000000 0.000000 0.000000 1.000000
346 -0.821263 -0.303968 0.482837 0.110037 -0.570460 0.452553 -0.685399 2.025704 -0.010170 -0.838331 -0.545066 0.947751 0.000000 0.000000 0.000000 1.000000
347 -0.830595 -0.286102 0.477763 0.129769 -0.556465 0.459415 -0.692304 2.039652 -0.021422 -0.840883 -0.540793 0.944426 0.000000 0.000000 0.000000 1.000000
348 -0.842553 -0.267098 0.467721 0.148393 -0.537839 0.463761 -0.704028 2.047841 -0.028867 -0.844739 -0.534399 0.943724 0.000000 0.000000 0.000000 1.000000
349 -0.851410 -0.256500 0.457502 0.168701 -0.523574 0.467446 -0.712295 2.055886 -0.031154 -0.845992 -0.532285 0.944806 0.000000 0.000000 0.000000 1.000000
350 -0.859086 -0.248580 0.447413 0.187581 -0.511129 0.462414 -0.724514 2.063248 -0.026790 -0.851106 -0.524310 0.940394 0.000000 0.000000 0.000000 1.000000
351 -0.864626 -0.246920 0.437554 0.205215 -0.502198 0.450436 -0.738176 2.068545 -0.014820 -0.857985 -0.513462 0.937638 0.000000 0.000000 0.000000 1.000000
352 -0.868154 -0.250019 0.428718 0.223073 -0.496294 0.438818 -0.749087 2.071878 -0.000843 -0.863093 -0.505044 0.937834 0.000000 0.000000 0.000000 1.000000
353 -0.869923 -0.251153 0.424447 0.238218 -0.493016 0.420213 -0.761811 2.075282 0.012973 -0.871977 -0.489375 0.935733 0.000000 0.000000 0.000000 1.000000
354 -0.870111 -0.251324 0.423961 0.253426 -0.492292 0.402051 -0.772013 2.079582 0.023571 -0.880450 -0.473554 0.933937 0.000000 0.000000 0.000000 1.000000
355 -0.869869 -0.252279 0.423891 0.264726 -0.492205 0.387120 -0.779661 2.081777 0.032595 -0.886845 -0.460917 0.931629 0.000000 0.000000 0.000000 1.000000
356 -0.871265 -0.247428 0.423882 0.276414 -0.489739 0.381162 -0.784137 2.085326 0.032450 -0.890783 -0.453269 0.929828 0.000000 0.000000 0.000000 1.000000
357 -0.870771 -0.244624 0.426517 0.283993 -0.490815 0.380775 -0.783652 2.087649 0.029293 -0.891723 -0.451633 0.926438 0.000000 0.000000 0.000000 1.000000
358 -0.864350 -0.243661 0.439918 0.291783 -0.502492 0.383631 -0.774809 2.093647 0.020025 -0.890762 -0.454029 0.920896 0.000000 0.000000 0.000000 1.000000
359 -0.852454 -0.244917 0.461885 0.295309 -0.522768 0.389222 -0.758432 2.090362 0.005977 -0.887987 -0.459829 0.918211 0.000000 0.000000 0.000000 1.000000
360 -0.833747 -0.246031 0.494302 0.295692 -0.552059 0.387363 -0.738363 2.093191 -0.009814 -0.888492 -0.458786 0.917849 0.000000 0.000000 0.000000 1.000000
361 -0.811660 -0.246093 0.529761 0.296298 -0.583831 0.370775 -0.722265 2.095017 -0.018678 -0.895525 -0.444620 0.918411 0.000000 0.000000 0.000000 1.000000
362 -0.792076 -0.243432 0.559783 0.295976 -0.610059 0.347326 -0.712174 2.097221 -0.021062 -0.905597 -0.423617 0.920388 0.000000 0.000000 0.000000 1.000000
363 -0.774107 -0.242343 0.584832 0.293091 -0.632751 0.324824 -0.702933 2.098715 -0.019616 -0.914199 -0.404791 0.923993 0.000000 0.000000 0.000000 1.000000
364 -0.756778 -0.245193 0.605943 0.292796 -0.653535 0.302738 -0.693715 2.097028 -0.013348 -0.920994 -0.389348 0.926838 0.000000 0.000000 0.000000 1.000000
365 -0.735206 -0.255263 0.627944 0.292396 -0.677826 0.283540 -0.678348 2.095043 -0.004890 -0.924362 -0.381485 0.928785 0.000000 0.000000 0.000000 1.000000
366 -0.715285 -0.259179 0.648994 0.294149 -0.698822 0.260043 -0.666353 2.096416 0.003939 -0.930163 -0.367125 0.931685 0.000000 0.000000 0.000000 1.000000
367 -0.691850 -0.259592 0.673763 0.292964 -0.721917 0.231353 -0.652159 2.094782 0.013419 -0.937597 -0.347465 0.932197 0.000000 0.000000 0.000000 1.000000
368 -0.668618 -0.260134 0.696621 0.290331 -0.743287 0.206365 -0.636347 2.089924 0.021777 -0.943262 -0.331333 0.937141 0.000000 0.000000 0.000000 1.000000
369 -0.645665 -0.256341 0.719310 0.286473 -0.763092 0.181553 -0.620265 2.089103 0.028407 -0.949383 -0.312834 0.938808 0.000000 0.000000 0.000000 1.000000
370 -0.615628 -0.252954 0.746335 0.281537 -0.787396 0.159269 -0.595517 2.082764 0.031771 -0.954279 -0.297226 0.941670 0.000000 0.000000 0.000000 1.000000
371 -0.593082 -0.249338 0.765562 0.278759 -0.804520 0.146142 -0.575666 2.080643 0.031655 -0.957326 -0.287271 0.945759 0.000000 0.000000 0.000000 1.000000
372 -0.569105 -0.243359 0.785427 0.272308 -0.821788 0.135817 -0.553369 2.073173 0.027993 -0.960380 -0.277284 0.947313 0.000000 0.000000 0.000000 1.000000
373 -0.542914 -0.242997 0.803864 0.265819 -0.839370 0.126798 -0.528565 2.065575 0.026511 -0.961704 -0.272804 0.952963 0.000000 0.000000 0.000000 1.000000
374 -0.513339 -0.234458 0.825538 0.259493 -0.857901 0.115422 -0.500682 2.060001 0.022104 -0.965250 -0.260393 0.955080 0.000000 0.000000 0.000000 1.000000
375 -0.488537 -0.220619 0.844191 0.247238 -0.872409 0.106558 -0.477020 2.045216 0.015285 -0.969522 -0.244528 0.957148 0.000000 0.000000 0.000000 1.000000
376 -0.456142 -0.209741 0.864837 0.236412 -0.889893 0.102065 -0.444604 2.027775 0.004983 -0.972415 -0.233203 0.958484 0.000000 0.000000 0.000000 1.000000
377 -0.425325 -0.204671 0.881594 0.228957 -0.905033 0.100065 -0.413402 2.016266 -0.003605 -0.973703 -0.227794 0.961538 0.000000 0.000000 0.000000 1.000000
378 -0.397333 -0.211147 0.893053 0.222577 -0.917607 0.103209 -0.383856 2.005377 -0.011121 -0.971990 -0.234758 0.965807 0.000000 0.000000 0.000000 1.000000
379 -0.368308 -0.218368 0.903695 0.218095 -0.929552 0.104096 -0.353692 1.994400 -0.016836 -0.970299 -0.241323 0.968690 0.000000 0.000000 0.000000 1.000000
380 -0.335467 -0.220178 0.915961 0.210797 -0.941778 0.101819 -0.320448 1.982681 -0.022707 -0.970131 -0.241515 0.975577 0.000000 0.000000 0.000000 1.000000
381 -0.296573 -0.211432 0.931311 0.202271 -0.954550 0.095897 -0.282203 1.970289 -0.029643 -0.972677 -0.230263 0.982599 0.000000 0.000000 0.000000 1.000000
382 -0.263010 -0.206307 0.942477 0.192737 -0.964285 0.087917 -0.249850 1.957393 -0.031314 -0.974530 -0.222062 0.992136 0.000000 0.000000 0.000000 1.000000
383 -0.237936 -0.203800 0.949659 0.184473 -0.970800 0.080661 -0.225923 1.944034 -0.030558 -0.975684 -0.217042 1.000452 0.000000 0.000000 0.000000 1.000000
384 -0.208980 -0.211679 0.954735 0.173725 -0.977705 0.065706 -0.199440 1.928992 -0.020514 -0.975128 -0.220691 1.010142 0.000000 0.000000 0.000000 1.000000
385 -0.182269 -0.224390 0.957302 0.164093 -0.983229 0.047705 -0.176024 1.916621 -0.006170 -0.973331 -0.229322 1.021226 0.000000 0.000000 0.000000 1.000000
386 -0.146495 -0.237972 0.960161 0.151986 -0.989151 0.024507 -0.144844 1.902397 0.010938 -0.970963 -0.238980 1.028941 0.000000 0.000000 0.000000 1.000000
387 -0.105102 -0.248399 0.962939 0.137422 -0.994083 -0.000477 -0.108624 1.889350 0.027442 -0.968658 -0.246879 1.037349 0.000000 0.000000 0.000000 1.000000
388 -0.056308 -0.251640 0.966182 0.124264 -0.997448 -0.028370 -0.065519 1.878199 0.043898 -0.967405 -0.249400 1.044610 0.000000 0.000000 0.000000 1.000000
389 -0.010193 -0.247198 0.968911 0.105689 -0.998434 -0.050789 -0.023461 1.866438 0.055009 -0.967633 -0.246293 1.047667 0.000000 0.000000 0.000000 1.000000
390 0.034766 -0.245743 0.968711 0.087905 -0.997519 -0.067903 0.018574 1.856360 0.061214 -0.966954 -0.247494 1.053305 0.000000 0.000000 0.000000 1.000000
391 0.078313 -0.243440 0.966749 0.068379 -0.994872 -0.081350 0.060106 1.846767 0.064013 -0.966498 -0.248562 1.056266 0.000000 0.000000 0.000000 1.000000
392 0.122579 -0.241496 0.962629 0.049291 -0.990775 -0.086250 0.104525 1.835846 0.057785 -0.966561 -0.249841 1.059349 0.000000 0.000000 0.000000 1.000000
393 0.151693 -0.247415 0.956961 0.033742 -0.987478 -0.080363 0.135753 1.830242 0.043317 -0.965571 -0.256507 1.059390 0.000000 0.000000 0.000000 1.000000
394 0.178588 -0.262615 0.948230 0.020376 -0.983447 -0.077646 0.163716 1.825723 0.030632 -0.961772 -0.272134 1.055488 0.000000 0.000000 0.000000 1.000000
395 0.203627 -0.287438 0.935904 0.011159 -0.978833 -0.079849 0.188443 1.827794 0.020565 -0.954465 -0.297613 1.055923 0.000000 0.000000 0.000000 1.000000
396 0.229258 -0.303848 0.924725 0.004380 -0.973293 -0.083180 0.213968 1.835880 0.011905 -0.949082 -0.314803 1.055567 0.000000 0.000000 0.000000 1.000000
397 0.261355 -0.311404 0.913631 -0.004409 -0.965233 -0.088630 0.245908 1.842536 0.004399 -0.946136 -0.323741 1.059527 0.000000 0.000000 0.000000 1.000000
398 0.290169 -0.306478 0.906572 -0.010898 -0.956975 -0.091663 0.275314 1.857724 -0.001279 -0.947454 -0.319889 1.064989 0.000000 0.000000 0.000000 1.000000
399 0.325184 -0.288572 0.900545 -0.021065 -0.945637 -0.094115 0.311309 1.871089 -0.005081 -0.952821 -0.303489 1.069347 0.000000 0.000000 0.000000 1.000000
400 0.357006 -0.266313 0.895335 -0.031020 -0.934085 -0.095990 0.343906 1.893309 -0.005643 -0.959095 -0.283028 1.071586 0.000000 0.000000 0.000000 1.000000
401 0.397598 -0.250610 0.882672 -0.044872 -0.917537 -0.101798 0.384400 1.916583 -0.006481 -0.962721 -0.270419 1.075982 0.000000 0.000000 0.000000 1.000000
402 0.445951 -0.237096 0.863083 -0.060862 -0.894993 -0.106531 0.433173 1.938699 -0.010759 -0.965627 -0.259707 1.071790 0.000000 0.000000 0.000000 1.000000
403 0.495856 -0.242777 0.833778 -0.077329 -0.868072 -0.112010 0.483636 1.962745 -0.024024 -0.963594 -0.266289 1.068339 0.000000 0.000000 0.000000 1.000000
404 0.546826 -0.254952 0.797484 -0.096232 -0.836118 -0.116856 0.535958 1.982836 -0.043453 -0.959867 -0.277070 1.059613 0.000000 0.000000 0.000000 1.000000
405 0.595964 -0.269960 0.756273 -0.117902 -0.800266 -0.121857 0.587134 2.002848 -0.066346 -0.955130 -0.288662 1.055354 0.000000 0.000000 0.000000 1.000000
406 0.640740 -0.282168 0.714026 -0.141631 -0.763128 -0.132088 0.632604 2.020847 -0.084186 -0.950229 -0.299964 1.052738 0.000000 0.000000 0.000000 1.000000
407 0.672747 -0.291854 0.679877 -0.162292 -0.733135 -0.139229 0.665679 2.030508 -0.099623 -0.946275 -0.307634 1.052645 0.000000 0.000000 0.000000 1.000000
408 0.692052 -0.295782 0.658466 -0.184500 -0.713409 -0.141181 0.686379 2.036693 -0.110055 -0.944765 -0.308718 1.054537 0.000000 0.000000 0.000000 1.000000
409 0.692490 -0.296566 0.657652 -0.199789 -0.712281 -0.136362 0.688521 2.036733 -0.114513 -0.945227 -0.305667 1.059139 0.000000 0.000000 0.000000 1.000000
410 0.677497 -0.296399 0.673160 -0.214643 -0.726970 -0.130659 0.674123 2.034997 -0.111855 -0.946084 -0.303995 1.066329 0.000000 0.000000 0.000000 1.000000
411 0.650283 -0.289613 0.702322 -0.227983 -0.753171 -0.124910 0.645856 2.029371 -0.099321 -0.948958 -0.299356 1.067559 0.000000 0.000000 0.000000 1.000000
412 0.607360 -0.289047 0.739976 -0.236405 -0.789671 -0.117902 0.602095 2.020925 -0.086789 -0.950027 -0.299861 1.069520 0.000000 0.000000 0.000000 1.000000
413 0.555873 -0.292061 0.778271 -0.239366 -0.828428 -0.117315 0.547672 2.010171 -0.068651 -0.949177 -0.307164 1.068097 0.000000 0.000000 0.000000 1.000000
414 0.499114 -0.293775 0.815218 -0.237484 -0.865189 -0.116508 0.487723 1.995852 -0.048301 -0.948748 -0.312322 1.065987 0.000000 0.000000 0.000000 1.000000
415 0.436861 -0.292316 0.850708 -0.233975 -0.899210 -0.116715 0.421663 1.977784 -0.023968 -0.949173 -0.313842 1.065510 0.000000 0.000000 0.000000 1.000000
416 0.357538 -0.292496 0.886912 -0.232633 -0.933898 -0.110781 0.339945 1.960679 -0.001180 -0.949828 -0.312770 1.065713 0.000000 0.000000 0.000000 1.000000
417 0.267525 -0.294279 0.917513 -0.230980 -0.963216 -0.106790 0.246599 1.932852 0.025412 -0.949735 -0.312023 1.064765 0.000000 0.000000 0.000000 1.000000
418 0.160479 -0.305062 0.938714 -0.226163 -0.985763 -0.097884 0.136712 1.907374 0.050180 -0.947289 -0.316427 1.063941 0.000000 0.000000 0.000000 1.000000
419 0.068645 -0.324004 0.943562 -0.222800 -0.994278 -0.099816 0.038059 1.877873 0.081852 -0.940775 -0.329002 1.063616 0.000000 0.000000 0.000000 1.000000
420 -0.007620 -0.348844 0.937150 -0.221043 -0.993195 -0.106277 -0.047636 1.851178 0.116215 -0.931135 -0.345660 1.060496 0.000000 0.000000 0.000000 1.000000
421 -0.056065 -0.377371 0.924363 -0.224257 -0.988591 -0.108651 -0.104317 1.818333 0.139800 -0.919666 -0.366975 1.060095 0.000000 0.000000 0.000000 1.000000
422 -0.096759 -0.389678 0.915854 -0.226726 -0.984352 -0.098689 -0.145986 1.789138 0.147273 -0.915648 -0.374031 1.056120 0.000000 0.000000 0.000000 1.000000
423 -0.117141 -0.398374 0.909712 -0.229602 -0.983213 -0.082515 -0.162739 1.757546 0.139896 -0.913504 -0.382020 1.056317 0.000000 0.000000 0.000000 1.000000
424 -0.122564 -0.401258 0.907728 -0.236324 -0.984350 -0.067546 -0.162768 1.723461 0.126625 -0.913471 -0.386699 1.053924 0.000000 0.000000 0.000000 1.000000
425 -0.119349 -0.405290 0.906364 -0.243102 -0.986629 -0.053637 -0.153902 1.691441 0.110990 -0.912613 -0.393470 1.053672 0.000000 0.000000 0.000000 1.000000
426 -0.105551 -0.399333 0.910710 -0.253257 -0.989869 -0.045270 -0.134576 1.662729 0.094968 -0.915688 -0.390509 1.053779 0.000000 0.000000 0.000000 1.000000
427 -0.085741 -0.392739 0.915644 -0.263693 -0.993202 -0.038925 -0.109700 1.628919 0.078725 -0.918826 -0.386732 1.057274 0.000000 0.000000 0.000000 1.000000
428 -0.077432 -0.390687 0.917261 -0.269836 -0.995158 -0.025582 -0.094904 1.602025 0.060544 -0.920168 -0.386814 1.058908 0.000000 0.000000 0.000000 1.000000
429 -0.074125 -0.400388 0.913343 -0.274949 -0.996160 -0.013070 -0.086576 1.574407 0.046602 -0.916253 -0.397881 1.059992 0.000000 0.000000 0.000000 1.000000
430 -0.082450 -0.409940 0.908378 -0.276354 -0.995927 0.000518 -0.090163 1.553350 0.036490 -0.912112 -0.408313 1.062702 0.000000 0.000000 0.000000 1.000000
431 -0.099047 -0.409197 0.907054 -0.276768 -0.994649 0.013810 -0.102382 1.534041 0.029368 -0.912341 -0.408376 1.065821 0.000000 0.000000 0.000000 1.000000
432 -0.111472 -0.400783 0.909366 -0.278551 -0.993461 0.022219 -0.111988 1.513748 0.024678 -0.915903 -0.400639 1.065427 0.000000 0.000000 0.000000 1.000000
433 -0.125494 -0.402846 0.906624 -0.278434 -0.991950 0.035376 -0.121587 1.495407 0.016908 -0.914584 -0.404043 1.065770 0.000000 0.000000 0.000000 1.000000
434 -0.129668 -0.411457 0.902158 -0.278138 -0.991526 0.046587 -0.121266 1.471071 0.007867 -0.910238 -0.414012 1.066892 0.000000 0.000000 0.000000 1.000000
435 -0.137297 -0.415806 0.899030 -0.277452 -0.990523 0.060973 -0.123069 1.449621 -0.003644 -0.907407 -0.420237 1.071105 0.000000 0.000000 0.000000 1.000000
436 -0.134737 -0.414775 0.899893 -0.279456 -0.990843 0.064362 -0.118689 1.425599 -0.008690 -0.907645 -0.419649 1.072947 0.000000 0.000000 0.000000 1.000000
437 -0.128052 -0.406749 0.904521 -0.282287 -0.991699 0.063256 -0.111948 1.394948 -0.011682 -0.911347 -0.411472 1.077780 0.000000 0.000000 0.000000 1.000000
438 -0.121267 -0.398384 0.909167 -0.285184 -0.992493 0.063311 -0.104639 1.362031 -0.015874 -0.915031 -0.403071 1.081893 0.000000 0.000000 0.000000 1.000000
439 -0.104493 -0.389419 0.915114 -0.286251 -0.994363 0.057566 -0.089045 1.327941 -0.018004 -0.919260 -0.393239 1.081535 0.000000 0.000000 0.000000 1.000000
440 -0.085902 -0.380629 0.920729 -0.291392 -0.996137 0.049701 -0.072391 1.291197 -0.018207 -0.923391 -0.383428 1.082402 0.000000 0.000000 0.000000 1.000000
441 -0.070973 -0.379055 0.922648 -0.294452 -0.997393 0.039050 -0.060680 1.256351 -0.013028 -0.924550 -0.380838 1.078541 0.000000 0.000000 0.000000 1.000000
442 -0.055196 -0.382386 0.922353 -0.296180 -0.998465 0.025379 -0.049229 1.222851 -0.004584 -0.923654 -0.383200 1.077067 0.000000 0.000000 0.000000 1.000000
443 -0.042285 -0.377071 0.925219 -0.299029 -0.999091 0.010934 -0.041205 1.188373 0.005421 -0.926120 -0.377191 1.079052 0.000000 0.000000 0.000000 1.000000
444 -0.045854 -0.368324 0.928566 -0.299670 -0.998806 0.001244 -0.048829 1.155547 0.016830 -0.929697 -0.367942 1.076975 0.000000 0.000000 0.000000 1.000000
445 -0.061112 -0.371620 0.926372 -0.295771 -0.997835 0.000140 -0.065770 1.129599 0.024312 -0.928385 -0.370823 1.078006 0.000000 0.000000 0.000000 1.000000
446 -0.077310 -0.376548 0.923166 -0.290401 -0.996539 0.000825 -0.083119 1.105041 0.030537 -0.926397 -0.375309 1.074315 0.000000 0.000000 0.000000 1.000000
447 -0.092189 -0.381808 0.919632 -0.281571 -0.995142 0.003297 -0.098390 1.085579 0.034534 -0.924236 -0.380258 1.075519 0.000000 0.000000 0.000000 1.000000
448 -0.111301 -0.377060 0.919477 -0.274130 -0.993254 0.011916 -0.115345 1.062917 0.032535 -0.926112 -0.375843 1.075419 0.000000 0.000000 0.000000 1.000000
449 -0.135819 -0.366573 0.920423 -0.267598 -0.990354 0.024505 -0.136378 1.041764 0.027437 -0.930067 -0.366365 1.074894 0.000000 0.000000 0.000000 1.000000
450 -0.161889 -0.360654 0.918543 -0.256603 -0.986548 0.037740 -0.159057 1.022691 0.022698 -0.931936 -0.361912 1.072521 0.000000 0.000000 0.000000 1.000000
451 -0.180412 -0.366922 0.912590 -0.243303 -0.983369 0.047553 -0.175285 1.001223 0.020919 -0.929035 -0.369399 1.072711 0.000000 0.000000 0.000000 1.000000
452 -0.194226 -0.380661 0.904087 -0.229188 -0.980726 0.055351 -0.187385 0.979391 0.021288 -0.923057 -0.384075 1.074456 0.000000 0.000000 0.000000 1.000000
453 -0.194175 -0.383202 0.903024 -0.215838 -0.980686 0.053796 -0.188046 0.957964 0.023481 -0.922097 -0.386247 1.073893 0.000000 0.000000 0.000000 1.000000
454 -0.187335 -0.371591 0.909300 -0.203277 -0.981967 0.046870 -0.183152 0.937418 0.025439 -0.927213 -0.373671 1.072305 0.000000 0.000000 0.000000 1.000000
455 -0.172598 -0.364779 0.914957 -0.191090 -0.984596 0.037556 -0.170761 0.913270 0.027928 -0.930336 -0.365642 1.072109 0.000000 0.000000 0.000000 1.000000
456 -0.151189 -0.360964 0.920243 -0.177923 -0.988045 0.026784 -0.151823 0.889434 0.030155 -0.932195 -0.360698 1.066778 0.000000 0.000000 0.000000 1.000000
457 -0.131209 -0.367923 0.920553 -0.160219 -0.990833 0.018542 -0.133815 0.868623 0.032164 -0.929672 -0.366983 1.064451 0.000000 0.000000 0.000000 1.000000
458 -0.110239 -0.376023 0.920029 -0.143506 -0.993372 0.011363 -0.114382 0.848535 0.032556 -0.926541 -0.374783 1.061093 0.000000 0.000000 0.000000 1.000000
459 -0.101735 -0.374906 0.921464 -0.125009 -0.994253 0.007276 -0.106811 0.829968 0.033340 -0.927034 -0.373492 1.056981 0.000000 0.000000 0.000000 1.000000
460 -0.099033 -0.373542 0.922312 -0.105972 -0.994467 0.004504 -0.104957 0.815200 0.035052 -0.927602 -0.371921 1.054753 0.000000 0.000000 0.000000 1.000000
461 -0.094350 -0.370422 0.924060 -0.085339 -0.994987 0.004190 -0.099912 0.799700 0.033138 -0.928854 -0.368960 1.053161 0.000000 0.000000 0.000000 1.000000
462 -0.092526 -0.369853 0.924471 -0.060364 -0.995259 0.006394 -0.097053 0.790703 0.029984 -0.929068 -0.368692 1.052276 0.000000 0.000000 0.000000 1.000000
463 -0.093171 -0.368464 0.924961 -0.033831 -0.995373 0.012544 -0.095267 0.780316 0.023500 -0.929557 -0.367928 1.049592 0.000000 0.000000 0.000000 1.000000
464 -0.090398 -0.368814 0.925097 -0.004313 -0.995775 0.018434 -0.089955 0.772154 0.016123 -0.929321 -0.368922 1.050174 0.000000 0.000000 0.000000 1.000000
465 -0.081734 -0.364586 0.927576 0.027331 -0.996618 0.021969 -0.079182 0.765285 0.008491 -0.930911 -0.365149 1.048576 0.000000 0.000000 0.000000 1.000000
466 -0.084308 -0.366058 0.926765 0.059356 -0.996439 0.032111 -0.077963 0.758600 -0.001220 -0.930038 -0.367461 1.047468 0.000000 0.000000 0.000000 1.000000
467 -0.084816 -0.367033 0.926333 0.091260 -0.996346 0.040650 -0.075120 0.752946 -0.010084 -0.929319 -0.369140 1.044884 0.000000 0.000000 0.000000 1.000000
468 -0.081211 -0.379707 0.921536 0.122170 -0.996637 0.041111 -0.070890 0.746288 -0.010967 -0.924193 -0.381768 1.045801 0.000000 0.000000 0.000000 1.000000
469 -0.074390 -0.393666 0.916239 0.152326 -0.997225 0.032053 -0.067193 0.742833 -0.002916 -0.918695 -0.394958 1.045768 0.000000 0.000000 0.000000 1.000000
470 -0.068343 -0.397032 0.915257 0.180891 -0.997646 0.022010 -0.064947 0.738097 0.005641 -0.917541 -0.397602 1.046479 0.000000 0.000000 0.000000 1.000000
471 -0.062840 -0.396589 0.915843 0.208041 -0.997972 0.015624 -0.061709 0.730753 0.010164 -0.917863 -0.396766 1.046863 0.000000 0.000000 0.000000 1.000000
472 -0.052782 -0.397188 0.916218 0.235440 -0.998560 0.012150 -0.052258 0.724512 0.009624 -0.917657 -0.397257 1.046545 0.000000 0.000000 0.000000 1.000000
473 -0.036165 -0.404433 0.913852 0.264643 -0.999334 0.010155 -0.035054 0.718703 0.004897 -0.914511 -0.404531 1.045286 0.000000 0.000000 0.000000 1.000000
474 -0.016168 -0.412129 0.910982 0.292114 -0.999869 0.007081 -0.014542 0.712238 -0.000457 -0.911098 -0.412189 1.042699 0.000000 0.000000 0.000000 1.000000
475 0.000779 -0.420419 0.907330 0.317669 -0.999990 0.003570 0.002513 0.706706 -0.004296 -0.907323 -0.420412 1.039768 0.000000 0.000000 0.000000 1.000000
476 0.018894 -0.431749 0.901796 0.341070 -0.999821 -0.007423 0.017394 0.700334 -0.000816 -0.901963 -0.431812 1.036019 0.000000 0.000000 0.000000 1.000000
477 0.027578 -0.438995 0.898066 0.362806 -0.999601 -0.017581 0.022102 0.699718 0.006086 -0.898318 -0.439305 1.029757 0.000000 0.000000 0.000000 1.000000
478 0.043408 -0.452095 0.890913 0.384900 -0.998940 -0.033302 0.031772 0.700806 0.015306 -0.891348 -0.453061 1.025708 0.000000 0.000000 0.000000 1.000000
479 0.055023 -0.463054 0.884621 0.405204 -0.998301 -0.042514 0.039840 0.700447 0.019161 -0.885310 -0.464606 1.020883 0.000000 0.000000 0.000000 1.000000
480 0.068005 -0.473224 0.878313 0.425422 -0.997534 -0.047575 0.051603 0.705174 0.017365 -0.879657 -0.475292 1.017220 0.000000 0.000000 0.000000 1.000000
481 0.084232 -0.479488 0.873497 0.443198 -0.996430 -0.045520 0.071099 0.706802 0.005671 -0.876367 -0.481610 1.014091 0.000000 0.000000 0.000000 1.000000
482 0.100326 -0.477796 0.872723 0.460980 -0.994921 -0.040963 0.091948 0.711048 -0.008182 -0.877515 -0.479479 1.011354 0.000000 0.000000 0.000000 1.000000
483 0.116889 -0.478695 0.870165 0.478087 -0.992996 -0.041163 0.110745 0.714779 -0.017194 -0.877016 -0.480154 1.011766 0.000000 0.000000 0.000000 1.000000
484 0.127098 -0.476379 0.870005 0.492479 -0.991649 -0.041683 0.122045 0.717569 -0.021875 -0.878252 -0.477698 1.011284 0.000000 0.000000 0.000000 1.000000
485 0.145729 -0.475872 0.867358 0.506047 -0.989045 -0.049222 0.139169 0.717768 -0.023534 -0.878136 -0.477831 1.011605 0.000000 0.000000 0.000000 1.000000
486 0.172935 -0.471962 0.864491 0.518432 -0.984757 -0.066247 0.160827 0.719065 -0.018634 -0.879126 -0.476224 1.014473 0.000000 0.000000 0.000000 1.000000
487 0.202091 -0.463470 0.862760 0.530522 -0.979295 -0.084968 0.183744 0.719471 -0.011852 -0.882030 -0.471045 1.016795 0.000000 0.000000 0.000000 1.000000
488 0.228280 -0.458200 0.859035 0.542378 -0.973546 -0.098532 0.206154 0.717041 -0.009818 -0.883371 -0.468571 1.019407 0.000000 0.000000 0.000000 1.000000
489 0.261412 -0.454424 0.851565 0.553325 -0.965131 -0.110598 0.237256 0.710181 -0.013633 -0.883893 -0.467490 1.021177 0.000000 0.000000 0.000000 1.000000
490 0.300556 -0.448430 0.841770 0.563776 -0.953417 -0.117457 0.277848 0.699788 -0.025724 -0.886067 -0.462844 1.021692 0.000000 0.000000 0.000000 1.000000
491 0.348839 -0.442141 0.826331 0.575502 -0.936463 -0.129896 0.325829 0.690072 -0.036725 -0.887490 -0.459361 1.025518 0.000000 0.000000 0.000000 1.000000
492 0.399814 -0.431922 0.808450 0.586468 -0.915318 -0.141585 0.377022 0.677463 -0.048379 -0.890728 -0.451954 1.026212 0.000000 0.000000 0.000000 1.000000
493 0.436909 -0.428608 0.790826 0.597644 -0.897237 -0.145262 0.416970 0.661342 -0.063839 -0.891737 -0.448029 1.025646 0.000000 0.000000 0.000000 1.000000
494 0.465580 -0.434946 0.770751 0.609738 -0.881459 -0.149997 0.447808 0.645346 -0.079161 -0.887875 -0.453223 1.023916 0.000000 0.000000 0.000000 1.000000
495 0.490035 -0.442447 0.751070 0.621430 -0.867030 -0.158298 0.472441 0.633742 -0.090137 -0.882713 -0.461187 1.021899 0.000000 0.000000 0.000000 1.000000
496 0.506377 -0.446857 0.737496 0.632141 -0.857245 -0.168287 0.486631 0.620507 -0.093344 -0.878634 -0.468283 1.021763 0.000000 0.000000 0.000000 1.000000
497 0.514625 -0.444708 0.733073 0.642581 -0.852639 -0.175309 0.492213 0.612206 -0.090377 -0.878352 -0.469394 1.020498 0.000000 0.000000 0.000000 1.000000
498 0.517049 -0.435719 0.736756 0.651005 -0.851557 -0.174696 0.494299 0.606585 -0.086667 -0.882967 -0.461366 1.017801 0.000000 0.000000 0.000000 1.000000
499 0.522303 -0.424251 0.739737 0.660556 -0.849155 -0.179072 0.496858 0.603175 -0.078327 -0.887662 -0.453785 1.014284 0.000000 0.000000 0.000000 1.000000
500 0.529816 -0.414689 0.739816 0.668961 -0.845364 -0.188046 0.499998 0.599425 -0.068224 -0.890321 -0.450193 1.011280 0.000000 0.000000 0.000000 1.000000
501 0.540783 -0.405304 0.737077 0.676902 -0.839238 -0.200739 0.505355 0.601745 -0.056863 -0.891870 -0.448702 1.009072 0.000000 0.000000 0.000000 1.000000
502 0.551649 -0.400229 0.731779 0.683337 -0.832684 -0.213590 0.510898 0.598132 -0.048175 -0.891177 -0.451091 1.004856 0.000000 0.000000 0.000000 1.000000
503 0.563957 -0.402364 0.721149 0.689970 -0.824592 -0.227072 0.518157 0.594212 -0.044735 -0.886872 -0.459844 1.003665 0.000000 0.000000 0.000000 1.000000
504 0.580527 -0.407384 0.705002 0.700478 -0.812663 -0.235996 0.532809 0.591164 -0.050680 -0.882238 -0.468068 1.002297 0.000000 0.000000 0.000000 1.000000
505 0.600516 -0.411569 0.685559 0.710765 -0.797526 -0.246376 0.550683 0.584515 -0.057739 -0.877445 -0.476189 1.001157 0.000000 0.000000 0.000000 1.000000
506 0.625455 -0.411106 0.663172 0.724765 -0.777539 -0.257468 0.573711 0.580587 -0.065110 -0.874473 -0.480685 0.999387 0.000000 0.000000 0.000000 1.000000
507 0.653604 -0.407491 0.637772 0.739308 -0.753360 -0.269611 0.599799 0.573864 -0.072462 -0.872503 -0.483206 0.999394 0.000000 0.000000 0.000000 1.000000
508 0.678036 -0.401986 0.615365 0.756490 -0.731104 -0.282439 0.621060 0.565448 -0.075855 -0.870997 -0.485397 0.998307 0.000000 0.000000 0.000000 1.000000
509 0.688452 -0.395272 0.608108 0.773476 -0.721534 -0.288127 0.629581 0.560474 -0.073644 -0.872206 -0.483563 0.997810 0.000000 0.000000 0.000000 1.000000
510 0.698369 -0.383895 0.604074 0.789627 -0.712589 -0.293849 0.637079 0.553079 -0.067065 -0.875373 -0.478775 0.996261 0.000000 0.000000 0.000000 1.000000
511 0.709821 -0.367715 0.600782 0.804781 -0.702063 -0.300190 0.645750 0.549847 -0.057103 -0.880154 -0.471241 0.994241 0.000000 0.000000 0.000000 1.000000
512 0.718880 -0.353615 0.598471 0.819193 -0.693611 -0.307938 0.651213 0.546277 -0.045987 -0.883250 -0.466642 0.992873 0.000000 0.000000 0.000000 1.000000
513 0.721389 -0.347911 0.598795 0.831042 -0.691528 -0.315399 0.649856 0.541776 -0.037233 -0.882883 -0.468115 0.992535 0.000000 0.000000 0.000000 1.000000
514 0.726265 -0.345030 0.594554 0.841932 -0.686629 -0.322747 0.651441 0.541103 -0.032876 -0.881356 -0.471307 0.990177 0.000000 0.000000 0.000000 1.000000
515 0.733968 -0.347980 0.583268 0.853496 -0.678321 -0.332284 0.655338 0.541704 -0.034234 -0.876640 -0.479928 0.989640 0.000000 0.000000 0.000000 1.000000
516 0.742204 -0.352625 0.569902 0.862744 -0.669151 -0.342983 0.659241 0.543080 -0.036998 -0.870643 -0.490523 0.990431 0.000000 0.000000 0.000000 1.000000
517 0.747465 -0.353810 0.562240 0.872068 -0.663140 -0.347383 0.663002 0.547371 -0.039264 -0.868415 -0.494282 0.990096 0.000000 0.000000 0.000000 1.000000
518 0.745368 -0.355607 0.563888 0.879070 -0.665447 -0.346013 0.661405 0.548952 -0.040088 -0.868227 -0.494545 0.989978 0.000000 0.000000 0.000000 1.000000
519 0.745758 -0.352816 0.565124 0.887314 -0.665016 -0.343317 0.663241 0.552198 -0.039986 -0.870433 -0.490660 0.988566 0.000000 0.000000 0.000000 1.000000
520 0.747073 -0.346738 0.567145 0.893857 -0.663624 -0.339569 0.666556 0.555189 -0.038536 -0.874337 -0.483787 0.988631 0.000000 0.000000 0.000000 1.000000
521 0.745220 -0.339024 0.574203 0.900959 -0.665756 -0.329700 0.669378 0.557526 -0.037620 -0.881113 -0.471406 0.991036 0.000000 0.000000 0.000000 1.000000
522 0.742202 -0.329231 0.583732 0.906953 -0.669070 -0.313983 0.673618 0.559531 -0.038494 -0.890518 -0.453317 0.992273 0.000000 0.000000 0.000000 1.000000
523 0.737833 -0.323145 0.592604 0.914445 -0.673755 -0.299644 0.675476 0.562844 -0.040707 -0.897659 -0.438807 0.994247 0.000000 0.000000 0.000000 1.000000
524 0.738316 -0.317743 0.594919 0.924587 -0.673293 -0.295467 0.677773 0.568300 -0.039578 -0.900965 -0.432082 0.998132 0.000000 0.000000 0.000000 1.000000
525 0.746541 -0.305529 0.591040 0.934866 -0.664168 -0.289527 0.689242 0.574070 -0.039461 -0.907098 -0.419067 0.999000 0.000000 0.000000 0.000000 1.000000
526 0.761507 -0.288776 0.580272 0.948059 -0.647122 -0.288182 0.705821 0.579542 -0.036601 -0.912995 -0.406326 1.001294 0.000000 0.000000 0.000000 1.000000
527 0.782137 -0.264636 0.564118 0.960453 -0.622518 -0.292514 0.725884 0.587271 -0.027083 -0.918914 -0.393527 1.002965 0.000000 0.000000 0.000000 1.000000
528 0.811532 -0.228548 0.537756 0.971350 -0.584167 -0.297191 0.755265 0.595713 -0.012798 -0.927061 -0.374691 1.003993 0.000000 0.000000 0.000000 1.000000
529 0.835025 -0.194407 0.514722 0.983357 -0.550211 -0.296585 0.780580 0.604455 0.000909 -0.935010 -0.354621 1.005226 0.000000 0.000000 0.000000 1.000000
530 0.846306 -0.172937 0.503843 0.994008 -0.532531 -0.298243 0.792125 0.612623 0.013280 -0.938693 -0.344499 1.006405 0.000000 0.000000 0.000000 1.000000
531 0.859190 -0.152058 0.488540 1.003738 -0.511006 -0.303137 0.804351 0.621906 0.025786 -0.940737 -0.338155 1.006695 0.000000 0.000000 0.000000 1.000000
532 0.873981 -0.127280 0.468995 1.012218 -0.484398 -0.305484 0.819779 0.631378 0.038929 -0.943652 -0.328641 1.010177 0.000000 0.000000 0.000000 1.000000
533 0.881361 -0.109579 0.459559 1.015476 -0.469944 -0.303252 0.828970 0.641213 0.048524 -0.946589 -0.318770 1.012518 0.000000 0.000000 0.000000 1.000000
534 0.890352 -0.095238 0.445201 1.015975 -0.452227 -0.297940 0.840668 0.647408 0.052580 -0.949822 -0.308341 1.016486 0.000000 0.000000 0.000000 1.000000
535 0.899927 -0.086660 0.427341 1.018295 -0.432808 -0.296626 0.851287 0.654376 0.052988 -0.951054 -0.304449 1.023055 0.000000 0.000000 0.000000 1.000000
536 0.903088 -0.087982 0.420346 1.019411 -0.427195 -0.284306 0.858297 0.657786 0.043992 -0.954688 -0.294339 1.031653 0.000000 0.000000 0.000000 1.000000
537 0.904124 -0.084883 0.418754 1.017826 -0.425770 -0.261037 0.866360 0.658310 0.035770 -0.961590 -0.272150 1.040379 0.000000 0.000000 0.000000 1.000000
538 0.905859 -0.071397 0.417520 1.014978 -0.421948 -0.238550 0.874674 0.657542 0.037150 -0.968502 -0.246219 1.052881 0.000000 0.000000 0.000000 1.000000
539 0.905024 -0.051976 0.422173 1.006219 -0.422965 -0.215144 0.880235 0.655368 0.045077 -0.975198 -0.216694 1.063531 0.000000 0.000000 0.000000 1.000000
540 0.905301 -0.025499 0.424005 0.995287 -0.420711 -0.191522 0.886748 0.649637 0.058595 -0.981157 -0.184113 1.076691 0.000000 0.000000 0.000000 1.000000
541 0.905185 0.005602 0.424981 0.981998 -0.418823 -0.158344 0.894156 0.641662 0.072303 -0.987368 -0.140984 1.086974 0.000000 0.000000 0.000000 1.000000
542 0.904111 0.034165 0.425930 0.966543 -0.418994 -0.124679 0.899388 0.630268 0.083832 -0.991609 -0.098409 1.095684 0.000000 0.000000 0.000000 1.000000
543 0.905082 0.058456 0.421199 0.950296 -0.414215 -0.102855 0.904349 0.619704 0.096187 -0.992977 -0.068879 1.104415 0.000000 0.000000 0.000000 1.000000
544 0.909063 0.077950 0.409301 0.934445 -0.403088 -0.084130 0.911286 0.606677 0.105469 -0.993401 -0.045058 1.109895 0.000000 0.000000 0.000000 1.000000
545 0.913109 0.092209 0.397152 0.918153 -0.391751 -0.071488 0.917290 0.594373 0.112974 -0.993170 -0.029154 1.116227 0.000000 0.000000 0.000000 1.000000
546 0.914630 0.101842 0.391254 0.901010 -0.387250 -0.057326 0.920191 0.582892 0.116143 -0.993147 -0.012994 1.119735 0.000000 0.000000 0.000000 1.000000
547 0.915233 0.104023 0.389265 0.882577 -0.387020 -0.041798 0.921123 0.569204 0.112088 -0.993696 0.002004 1.126349 0.000000 0.000000 0.000000 1.000000
548 0.916186 0.107409 0.386091 0.864588 -0.385726 -0.024997 0.922275 0.556786 0.108712 -0.993901 0.018528 1.128074 0.000000 0.000000 0.000000 1.000000
549 0.919900 0.108206 0.376930 0.847030 -0.378106 -0.010225 0.925706 0.545247 0.104021 -0.994076 0.031508 1.131350 0.000000 0.000000 0.000000 1.000000
550 0.926617 0.108184 0.360106 0.832236 -0.363051 0.008195 0.931733 0.533556 0.097847 -0.994097 0.046870 1.137631 0.000000 0.000000 0.000000 1.000000
551 0.932531 0.106498 0.345029 0.817917 -0.349486 0.025895 0.936584 0.523632 0.090809 -0.993976 0.061368 1.146240 0.000000 0.000000 0.000000 1.000000
552 0.936813 0.107334 0.332958 0.804380 -0.338757 0.040756 0.939991 0.512221 0.087323 -0.993387 0.074541 1.158420 0.000000 0.000000 0.000000 1.000000
553 0.940148 0.110503 0.322352 0.792359 -0.329789 0.056880 0.942340 0.502077 0.085795 -0.992247 0.089918 1.174465 0.000000 0.000000 0.000000 1.000000
554 0.942561 0.116470 0.313071 0.776366 -0.322676 0.075152 0.943521 0.488937 0.086364 -0.990347 0.108418 1.189608 0.000000 0.000000 0.000000 1.000000
555 0.946073 0.122930 0.299723 0.759763 -0.312359 0.100851 0.944596 0.476068 0.085892 -0.987278 0.133810 1.199434 0.000000 0.000000 0.000000 1.000000
556 0.950397 0.125835 0.284449 0.744828 -0.299632 0.124991 0.945832 0.462252 0.083465 -0.984146 0.156495 1.213555 0.000000 0.000000 0.000000 1.000000
557 0.956418 0.120995 0.265754 0.729413 -0.281921 0.145554 0.948333 0.450303 0.076062 -0.981924 0.173321 1.226682 0.000000 0.000000 0.000000 1.000000
558 0.963958 0.114196 0.240301 0.713834 -0.256885 0.164416 0.952354 0.437631 0.069246 -0.979759 0.187825 1.236398 0.000000 0.000000 0.000000 1.000000
559 0.971104 0.097978 0.217617 0.700006 -0.232548 0.183489 0.955120 0.423844 0.053650 -0.978127 0.200971 1.246174 0.000000 0.000000 0.000000 1.000000
560 0.976833 0.075511 0.200238 0.690129 -0.211457 0.196692 0.957391 0.412143 0.032908 -0.977553 0.208103 1.258122 0.000000 0.000000 0.000000 1.000000
561 0.981254 0.056800 0.184157 0.679444 -0.191799 0.194667 0.961934 0.401039 0.018788 -0.979223 0.201912 1.265859 0.000000 0.000000 0.000000 1.000000
562 0.984433 0.043112 0.170392 0.668222 -0.175386 0.177627 0.968343 0.394139 0.011481 -0.983153 0.182423 1.277271 0.000000 0.000000 0.000000 1.000000
563 0.986500 0.032824 0.160438 0.652392 -0.163616 0.156211 0.974078 0.387343 0.006911 -0.987178 0.159472 1.287586 0.000000 0.000000 0.000000 1.000000
564 0.988765 0.028003 0.146834 0.644193 -0.149294 0.135951 0.979402 0.379450 0.007464 -0.990320 0.138604 1.297847 0.000000 0.000000 0.000000 1.000000
565 0.990548 0.024583 0.134943 0.633319 -0.136956 0.123109 0.982897 0.372017 0.007550 -0.992089 0.125312 1.306688 0.000000 0.000000 0.000000 1.000000
566 0.992727 0.019355 0.118824 0.623951 -0.120313 0.124221 0.984933 0.364454 0.004302 -0.992066 0.125646 1.313436 0.000000 0.000000 0.000000 1.000000
567 0.994715 0.015434 0.101503 0.617242 -0.102617 0.117764 0.987725 0.357018 0.003291 -0.992922 0.118726 1.327267 0.000000 0.000000 0.000000 1.000000
568 0.995941 0.006733 0.089752 0.605308 -0.089961 0.105585 0.990333 0.351798 -0.002809 -0.994388 0.105762 1.335665 0.000000 0.000000 0.000000 1.000000
569 0.996454 -0.009652 0.083589 0.595703 -0.082146 0.103622 0.991219 0.345421 -0.018229 -0.994570 0.102461 1.341115 0.000000 0.000000 0.000000 1.000000
570 0.995860 -0.036723 0.083157 0.592286 -0.078696 0.109638 0.990851 0.340693 -0.045504 -0.993293 0.106294 1.356313 0.000000 0.000000 0.000000 1.000000
571 0.994439 -0.062466 0.084789 0.588509 -0.076079 0.130609 0.988511 0.333984 -0.072823 -0.989464 0.125130 1.363248 0.000000 0.000000 0.000000 1.000000
572 0.992156 -0.090298 0.086447 0.588021 -0.072033 0.152212 0.985720 0.327976 -0.102166 -0.984214 0.144513 1.377719 0.000000 0.000000 0.000000 1.000000
573 0.989099 -0.115480 0.091370 0.579430 -0.071281 0.167475 0.983296 0.322348 -0.128853 -0.979090 0.157418 1.384818 0.000000 0.000000 0.000000 1.000000
574 0.986271 -0.136261 0.093284 0.572860 -0.068514 0.176331 0.981944 0.318439 -0.150249 -0.974854 0.164574 1.386636 0.000000 0.000000 0.000000 1.000000
575 0.982780 -0.155715 0.099478 0.570355 -0.069208 0.188976 0.979540 0.317125 -0.171328 -0.969557 0.174945 1.394400 0.000000 0.000000 0.000000 1.000000
576 0.978533 -0.169816 0.116770 0.561194 -0.080896 0.204626 0.975492 0.311836 -0.189548 -0.963997 0.186496 1.396056 0.000000 0.000000 0.000000 1.000000
577 0.974012 -0.177776 0.140343 0.556949 -0.100914 0.214107 0.971584 0.310438 -0.202773 -0.960497 0.190602 1.395676 0.000000 0.000000 0.000000 1.000000
578 0.970573 -0.172727 0.167791 0.549938 -0.128137 0.219505 0.967160 0.311147 -0.203886 -0.960199 0.190913 1.397610 0.000000 0.000000 0.000000 1.000000
579 0.966750 -0.162104 0.197782 0.539630 -0.159257 0.223485 0.961609 0.311887 -0.200082 -0.961133 0.190238 1.397842 0.000000 0.000000 0.000000 1.000000
580 0.961453 -0.154280 0.227610 0.535006 -0.189477 0.228142 0.955013 0.314502 -0.199267 -0.961327 0.190116 1.401365 0.000000 0.000000 0.000000 1.000000
581 0.953390 -0.148951 0.262413 0.523976 -0.224190 0.232393 0.946431 0.319734 -0.201955 -0.961149 0.188168 1.403882 0.000000 0.000000 0.000000 1.000000
582 0.944536 -0.142460 0.295899 0.518158 -0.257345 0.238679 0.936379 0.327834 -0.204022 -0.960592 0.188780 1.403757 0.000000 0.000000 0.000000 1.000000
583 0.934337 -0.135976 0.329431 0.512510 -0.291033 0.242414 0.925492 0.336192 -0.205703 -0.960597 0.186923 1.408125 0.000000 0.000000 0.000000 1.000000
584 0.924878 -0.126388 0.358645 0.506900 -0.320266 0.249585 0.913859 0.348771 -0.205013 -0.960070 0.190358 1.408778 0.000000 0.000000 0.000000 1.000000
585 0.917315 -0.114200 0.381434 0.504064 -0.344506 0.252646 0.904149 0.364405 -0.199621 -0.960796 0.192413 1.408171 0.000000 0.000000 0.000000 1.000000
586 0.908684 -0.105993 0.403806 0.496646 -0.368273 0.252083 0.894891 0.383018 -0.196645 -0.961883 0.190029 1.405433 0.000000 0.000000 0.000000 1.000000
587 0.901177 -0.099210 0.421944 0.490964 -0.386829 0.255109 0.886162 0.403317 -0.195558 -0.961809 0.191521 1.402478 0.000000 0.000000 0.000000 1.000000
588 0.895013 -0.096273 0.435527 0.484576 -0.399405 0.261697 0.878630 0.423344 -0.198565 -0.960337 0.195770 1.398478 0.000000 0.000000 0.000000 1.000000
589 0.887973 -0.099360 0.449035 0.472696 -0.411854 0.262674 0.872570 0.445293 -0.204648 -0.959755 0.192325 1.395952 0.000000 0.000000 0.000000 1.000000
590 0.885410 -0.107373 0.452238 0.467515 -0.414464 0.258035 0.872719 0.467319 -0.210400 -0.960151 0.183964 1.396785 0.000000 0.000000 0.000000 1.000000
591 0.885552 -0.115458 0.449963 0.458233 -0.411557 0.254242 0.875204 0.488844 -0.215449 -0.960224 0.177627 1.392102 0.000000 0.000000 0.000000 1.000000
592 0.883504 -0.125642 0.451259 0.445780 -0.411930 0.250245 0.876180 0.503155 -0.223010 -0.959996 0.169337 1.396295 0.000000 0.000000 0.000000 1.000000
593 0.881981 -0.129189 0.453232 0.432977 -0.411305 0.258503 0.874074 0.514158 -0.230082 -0.957333 0.174858 1.391473 0.000000 0.000000 0.000000 1.000000
594 0.882062 -0.128048 0.453399 0.419008 -0.410640 0.262815 0.873100 0.519912 -0.230959 -0.956312 0.179237 1.392814 0.000000 0.000000 0.000000 1.000000
595 0.884629 -0.128913 0.448122 0.403360 -0.406184 0.258949 0.876333 0.525365 -0.229012 -0.957250 0.176711 1.393202 0.000000 0.000000 0.000000 1.000000
596 0.888053 -0.135542 0.439307 0.385333 -0.398599 0.249151 0.882634 0.530097 -0.229088 -0.958933 0.167232 1.399844 0.000000 0.000000 0.000000 1.000000
597 0.889942 -0.143697 0.432845 0.367010 -0.390273 0.251141 0.885785 0.537478 -0.235990 -0.957225 0.167420 1.395923 0.000000 0.000000 0.000000 1.000000
598 0.888970 -0.154877 0.430982 0.348306 -0.386460 0.251248 0.887425 0.543156 -0.245725 -0.955452 0.163498 1.397294 0.000000 0.000000 0.000000 1.000000
599 0.884599 -0.162092 0.437276 0.327750 -0.390409 0.255467 0.884487 0.551910 -0.255078 -0.953133 0.162703 1.394278 0.000000 0.000000 0.000000 1.000000
600 0.878393 -0.160831 0.450066 0.304664 -0.401915 0.261010 0.877689 0.560610 -0.258631 -0.951844 0.164629 1.392986 0.000000 0.000000 0.000000 1.000000
601 0.869893 -0.155111 0.468216 0.277853 -0.419931 0.265048 0.867990 0.572489 -0.258735 -0.951677 0.165428 1.394710 0.000000 0.000000 0.000000 1.000000
602 0.857979 -0.146951 0.492217 0.248411 -0.442796 0.274155 0.853681 0.588487 -0.260393 -0.950392 0.170150 1.390954 0.000000 0.000000 0.000000 1.000000
603 0.838455 -0.146165 0.525003 0.217827 -0.473414 0.281844 0.834532 0.603267 -0.269949 -0.948261 0.167117 1.393824 0.000000 0.000000 0.000000 1.000000
604 0.818919 -0.146789 0.554819 0.185957 -0.502190 0.284677 0.816556 0.619939 -0.277806 -0.947318 0.159411 1.398160 0.000000 0.000000 0.000000 1.000000
605 0.804873 -0.147501 0.574824 0.158375 -0.520233 0.290695 0.803028 0.632666 -0.285546 -0.945378 0.157238 1.400669 0.000000 0.000000 0.000000 1.000000
606 0.795614 -0.148344 0.587360 0.133650 -0.532431 0.291286 0.794777 0.644107 -0.288990 -0.945064 0.152769 1.406097 0.000000 0.000000 0.000000 1.000000
607 0.787857 -0.146721 0.598125 0.115307 -0.541687 0.296989 0.786367 0.652647 -0.293013 -0.943542 0.154508 1.408019 0.000000 0.000000 0.000000 1.000000
608 0.779628 -0.141126 0.610134 0.103397 -0.549783 0.312274 0.774741 0.660075 -0.299865 -0.939451 0.165869 1.409321 0.000000 0.000000 0.000000 1.000000
609 0.774606 -0.130413 0.618852 0.098563 -0.557769 0.320388 0.765667 0.666249 -0.298125 -0.938267 0.175434 1.407387 0.000000 0.000000 0.000000 1.000000
610 0.775050 -0.114683 0.621406 0.093670 -0.564725 0.315516 0.762585 0.672197 -0.283519 -0.941965 0.179777 1.405024 0.000000 0.000000 0.000000 1.000000
611 0.768704 -0.106097 0.630744 0.091254 -0.576434 0.312410 0.755065 0.679490 -0.277161 -0.944004 0.178993 1.402411 0.000000 0.000000 0.000000 1.000000
612 0.761405 -0.092391 0.641659 0.088697 -0.587922 0.318634 0.743518 0.687599 -0.273149 -0.943364 0.188291 1.398451 0.000000 0.000000 0.000000 1.000000
613 0.738389 -0.083262 0.669215 0.084242 -0.613852 0.327900 0.718100 0.698700 -0.279226 -0.941036 0.191007 1.395286 0.000000 0.000000 0.000000 1.000000
614 0.707412 -0.076923 0.702603 0.075656 -0.643845 0.339983 0.685474 0.713252 -0.291602 -0.937280 0.190982 1.395393 0.000000 0.000000 0.000000 1.000000
615 0.664948 -0.068554 0.743736 0.066529 -0.681304 0.352366 0.641609 0.729378 -0.306053 -0.933348 0.187599 1.397593 0.000000 0.000000 0.000000 1.000000
616 0.610969 -0.062952 0.789148 0.056810 -0.722231 0.363889 0.588190 0.745659 -0.324190 -0.929312 0.176859 1.397016 0.000000 0.000000 0.000000 1.000000
617 0.550311 -0.047229 0.833623 0.043738 -0.763078 0.376819 0.525090 0.762331 -0.338924 -0.925082 0.171327 1.395146 0.000000 0.000000 0.000000 1.000000
618 0.497167 -0.033378 0.867012 0.034243 -0.797380 0.376375 0.471728 0.778181 -0.342067 -0.925866 0.160506 1.400974 0.000000 0.000000 0.000000 1.000000
619 0.451962 -0.018011 0.891855 0.026242 -0.825834 0.369528 0.425967 0.793873 -0.337237 -0.929045 0.152139 1.404923 0.000000 0.000000 0.000000 1.000000
620 0.410890 -0.003468 0.911678 0.019695 -0.849607 0.361235 0.384289 0.811877 -0.330663 -0.932468 0.145482 1.405026 0.000000 0.000000 0.000000 1.000000
621 0.375203 0.005468 0.926927 0.016761 -0.868825 0.350586 0.349616 0.826013 -0.323056 -0.936514 0.136292 1.406866 0.000000 0.000000 0.000000 1.000000
622 0.350669 0.019666 0.936293 0.014210 -0.881532 0.344412 0.322926 0.839465 -0.316120 -0.938613 0.138110 1.405011 0.000000 0.000000 0.000000 1.000000
623 0.337463 0.033964 0.940726 0.013064 -0.890086 0.336769 0.307138 0.853708 -0.306376 -0.940974 0.143878 1.404172 0.000000 0.000000 0.000000 1.000000
624 0.333734 0.044600 0.941612 0.012357 -0.894087 0.331502 0.301188 0.867939 -0.298713 -0.942400 0.150509 1.401737 0.000000 0.000000 0.000000 1.000000
625 0.338818 0.047656 0.939644 0.011612 -0.893054 0.330568 0.305253 0.881153 -0.296069 -0.942578 0.154562 1.401273 0.000000 0.000000 0.000000 1.000000
626 0.359169 0.042203 0.932318 0.011424 -0.884586 0.333838 0.325669 0.893120 -0.297499 -0.941685 0.157236 1.397282 0.000000 0.000000 0.000000 1.000000
627 0.382299 0.029293 0.923574 0.010816 -0.876107 0.329220 0.352209 0.904456 -0.293741 -0.943799 0.151525 1.398343 0.000000 0.000000 0.000000 1.000000
628 0.400447 0.017968 0.916144 0.007701 -0.866836 0.331540 0.372392 0.914347 -0.297047 -0.943270 0.148340 1.396426 0.000000 0.000000 0.000000 1.000000
629 0.415245 0.012502 0.909624 0.002183 -0.857849 0.338165 0.386962 0.923672 -0.302765 -0.941004 0.151146 1.394291 0.000000 0.000000 0.000000 1.000000
630 0.428599 0.007090 0.903467 -0.006378 -0.850338 0.341100 0.400718 0.931230 -0.305332 -0.940000 0.152224 1.397468 0.000000 0.000000 0.000000 1.000000
631 0.438104 0.001146 0.898924 -0.015229 -0.843981 0.344773 0.410887 0.942196 -0.309453 -0.938685 0.152014 1.394045 0.000000 0.000000 0.000000 1.000000
632 0.442454 -0.006775 0.896765 -0.028101 -0.840266 0.346269 0.417194 0.952395 -0.313349 -0.938111 0.147515 1.392849 0.000000 0.000000 0.000000 1.000000
633 0.446677 -0.016780 0.894538 -0.040432 -0.836016 0.348299 0.423988 0.963637 -0.318681 -0.937233 0.141549 1.391646 0.000000 0.000000 0.000000 1.000000
634 0.450087 -0.032136 0.892406 -0.054080 -0.833006 0.344966 0.432550 0.974784 -0.321750 -0.938065 0.128495 1.392758 0.000000 0.000000 0.000000 1.000000
635 0.458061 -0.044975 0.887782 -0.067418 -0.828922 0.339087 0.444869 0.984100 -0.321043 -0.939679 0.118041 1.395011 0.000000 0.000000 0.000000 1.000000
636 0.462364 -0.047412 0.885422 -0.081270 -0.825888 0.340376 0.449502 0.993365 -0.322688 -0.939093 0.118221 1.394846 0.000000 0.000000 0.000000 1.000000
637 0.463463 -0.043182 0.885063 -0.094792 -0.825672 0.341529 0.449026 0.999706 -0.321665 -0.938879 0.122632 1.394662 0.000000 0.000000 0.000000 1.000000
638 0.463065 -0.039511 0.885443 -0.108016 -0.827599 0.338316 0.447910 1.005539 -0.317257 -0.940203 0.123963 1.397985 0.000000 0.000000 0.000000 1.000000
639 0.467536 -0.032646 0.883371 -0.118712 -0.826240 0.339088 0.449830 1.009870 -0.314226 -0.940188 0.131562 1.397444 0.000000 0.000000 0.000000 1.000000
640 0.476109 -0.026663 0.878982 -0.127344 -0.822646 0.339722 0.455898 1.013802 -0.310765 -0.940148 0.139810 1.398050 0.000000 0.000000 0.000000 1.000000
641 0.493648 -0.020569 0.869419 -0.134630 -0.815359 0.336785 0.470921 1.015560 -0.302493 -0.941357 0.149482 1.396161 0.000000 0.000000 0.000000 1.000000
642 0.513086 -0.012799 0.858242 -0.140032 -0.807342 0.332315 0.487612 1.016789 -0.291448 -0.943082 0.160173 1.396510 0.000000 0.000000 0.000000 1.000000
643 0.529795 -0.007585 0.848092 -0.143665 -0.797992 0.334243 0.501488 1.015875 -0.287273 -0.942456 0.171028 1.396241 0.000000 0.000000 0.000000 1.000000
644 0.546970 -0.002614 0.837148 -0.147109 -0.789248 0.331811 0.516710 1.016376 -0.279126 -0.943342 0.179428 1.393097 0.000000 0.000000 0.000000 1.000000
645 0.572857 0.000839 0.819655 -0.148197 -0.774750 0.327005 0.541138 1.015691 -0.267578 -0.945022 0.187977 1.389228 0.000000 0.000000 0.000000 1.000000
646 0.604226 0.004188 0.796802 -0.148643 -0.756594 0.316701 0.572071 1.012374 -0.249953 -0.948516 0.194527 1.385895 0.000000 0.000000 0.000000 1.000000
647 0.629403 0.000610 0.777078 -0.145407 -0.738982 0.309738 0.598304 1.010682 -0.240325 -0.950822 0.195401 1.379066 0.000000 0.000000 0.000000 1.000000
648 0.652526 -0.006722 0.757737 -0.141588 -0.720777 0.303099 0.623387 1.005523 -0.233860 -0.952935 0.192935 1.374541 0.000000 0.000000 0.000000 1.000000
649 0.675678 -0.016413 0.737014 -0.135501 -0.701729 0.292051 0.649833 1.001452 -0.225912 -0.956262 0.185815 1.373733 0.000000 0.000000 0.000000 1.000000
650 0.698469 -0.017053 0.715437 -0.132634 -0.682444 0.285075 0.673054 0.998213 -0.215431 -0.958353 0.187478 1.366201 0.000000 0.000000 0.000000 1.000000
651 0.724722 -0.018683 0.688788 -0.124067 -0.658345 0.276270 0.700184 0.991988 -0.203373 -0.960899 0.187919 1.363763 0.000000 0.000000 0.000000 1.000000
652 0.744962 -0.019691 0.666816 -0.118992 -0.637759 0.272194 0.720538 0.988282 -0.195692 -0.962041 0.190216 1.361477 0.000000 0.000000 0.000000 1.000000
653 0.761751 -0.026154 0.647342 -0.107634 -0.617690 0.272092 0.737851 0.982576 -0.195435 -0.961916 0.191111 1.357388 0.000000 0.000000 0.000000 1.000000
654 0.774433 -0.035224 0.631674 -0.098014 -0.601012 0.270858 0.751945 0.976592 -0.197581 -0.961975 0.188592 1.355723 0.000000 0.000000 0.000000 1.000000
655 0.786789 -0.041582 0.615820 -0.086932 -0.584334 0.271156 0.764871 0.971302 -0.198788 -0.961637 0.189045 1.355344 0.000000 0.000000 0.000000 1.000000
656 0.797840 -0.045367 0.601160 -0.077484 -0.568977 0.272972 0.775727 0.966818 -0.199293 -0.960952 0.191975 1.354394 0.000000 0.000000 0.000000 1.000000
657 0.809474 -0.046880 0.585281 -0.068986 -0.553774 0.270361 0.787553 0.961239 -0.195158 -0.961617 0.192889 1.355147 0.000000 0.000000 0.000000 1.000000
658 0.819685 -0.047480 0.570843 -0.058423 -0.540166 0.267567 0.797890 0.956419 -0.190622 -0.962369 0.193673 1.353587 0.000000 0.000000 0.000000 1.000000
659 0.824344 -0.047701 0.564076 -0.050145 -0.533126 0.269646 0.801915 0.950139 -0.190353 -0.961777 0.196850 1.354428 0.000000 0.000000 0.000000 1.000000
660 0.818964 -0.050276 0.571638 -0.040250 -0.537401 0.282144 0.794729 0.942929 -0.201240 -0.958054 0.204047 1.356084 0.000000 0.000000 0.000000 1.000000
661 0.810310 -0.057050 0.583218 -0.032630 -0.545655 0.289449 0.786435 0.938384 -0.213678 -0.955492 0.203414 1.357488 0.000000 0.000000 0.000000 1.000000
662 0.801264 -0.065479 0.594718 -0.023956 -0.553734 0.295329 0.778562 0.932310 -0.226616 -0.953149 0.200378 1.357817 0.000000 0.000000 0.000000 1.000000
663 0.788626 -0.070897 0.610772 -0.018070 -0.566233 0.303474 0.766344 0.925946 -0.239685 -0.950198 0.199183 1.362000 0.000000 0.000000 0.000000 1.000000
664 0.770064 -0.073687 0.633697 -0.010992 -0.586017 0.310913 0.748277 0.921603 -0.252162 -0.947578 0.196241 1.364391 0.000000 0.000000 0.000000 1.000000
665 0.750339 -0.067446 0.657604 -0.003805 -0.610405 0.311190 0.728400 0.917080 -0.253768 -0.947951 0.192329 1.369533 0.000000 0.000000 0.000000 1.000000
666 0.726147 -0.048599 0.685820 -0.000747 -0.640996 0.312919 0.700861 0.914483 -0.248667 -0.948536 0.196073 1.373009 0.000000 0.000000 0.000000 1.000000
667 0.696550 -0.022878 0.717144 -0.002555 -0.676824 0.310830 0.667304 0.911154 -0.238176 -0.950190 0.201024 1.381118 0.000000 0.000000 0.000000 1.000000
668 0.658634 0.001979 0.752461 -0.007664 -0.716253 0.308129 0.626130 0.909416 -0.230616 -0.951342 0.204362 1.390185 0.000000 0.000000 0.000000 1.000000
669 0.616218 0.023510 0.787225 -0.013119 -0.751215 0.317754 0.578540 0.909883 -0.236543 -0.947882 0.213467 1.383634 0.000000 0.000000 0.000000 1.000000
670 0.573363 0.032567 0.818654 -0.018761 -0.780829 0.324318 0.533969 0.910557 -0.248115 -0.945387 0.211381 1.385856 0.000000 0.000000 0.000000 1.000000
671 0.538381 0.034039 0.842014 -0.026501 -0.802860 0.324315 0.500236 0.911901 -0.256050 -0.945337 0.201934 1.388273 0.000000 0.000000 0.000000 1.000000
672 0.510168 0.032239 0.859471 -0.035321 -0.819075 0.323069 0.474071 0.915671 -0.262385 -0.945826 0.191225 1.386954 0.000000 0.000000 0.000000 1.000000
673 0.482990 0.022026 0.875349 -0.045458 -0.832409 0.321733 0.451202 0.921814 -0.271691 -0.946574 0.173729 1.382036 0.000000 0.000000 0.000000 1.000000
674 0.459109 0.007260 0.888350 -0.053000 -0.843346 0.317901 0.433252 0.927659 -0.279262 -0.948096 0.152074 1.379824 0.000000 0.000000 0.000000 1.000000
675 0.434557 -0.001058 0.900644 -0.061063 -0.854443 0.315686 0.412637 0.934412 -0.284756 -0.948863 0.136280 1.379593 0.000000 0.000000 0.000000 1.000000
676 0.406306 -0.002210 0.913734 -0.066608 -0.866543 0.316293 0.386086 0.945814 -0.289861 -0.948659 0.126596 1.378587 0.000000 0.000000 0.000000 1.000000
677 0.379424 -0.000011 0.925223 -0.069934 -0.880388 0.307514 0.361042 0.958284 -0.284523 -0.951544 0.116669 1.375512 0.000000 0.000000 0.000000 1.000000
678 0.363028 0.000183 0.931778 -0.071987 -0.892449 0.287533 0.347649 0.970626 -0.267853 -0.957771 0.104546 1.375782 0.000000 0.000000 0.000000 1.000000
679 0.354384 0.006331 0.935078 -0.074900 -0.901391 0.268386 0.339800 0.985081 -0.248811 -0.963291 0.100819 1.372609 0.000000 0.000000 0.000000 1.000000
680 0.347876 0.020422 0.937318 -0.079287 -0.906233 0.263529 0.330597 0.998539 -0.240259 -0.964435 0.110183 1.365722 0.000000 0.000000 0.000000 1.000000
681 0.345528 0.039324 0.937584 -0.088320 -0.909273 0.261060 0.324145 1.009904 -0.232019 -0.964521 0.125960 1.361627 0.000000 0.000000 0.000000 1.000000
682 0.340958 0.051469 0.938668 -0.101240 -0.911687 0.261645 0.316811 1.018209 -0.229292 -0.963791 0.136134 1.358795 0.000000 0.000000 0.000000 1.000000
683 0.326598 0.058989 0.943321 -0.118149 -0.916221 0.264853 0.300654 1.026362 -0.232106 -0.962483 0.140547 1.350625 0.000000 0.000000 0.000000 1.000000
684 0.307991 0.067285 0.949007 -0.138673 -0.922664 0.264386 0.280697 1.032147 -0.232018 -0.962067 0.143511 1.346020 0.000000 0.000000 0.000000 1.000000
685 0.278848 0.068018 0.957924 -0.162488 -0.932013 0.259630 0.252870 1.040929 -0.231506 -0.963310 0.135791 1.344096 0.000000 0.000000 0.000000 1.000000
686 0.246420 0.066739 0.966862 -0.188636 -0.940726 0.256363 0.222063 1.050522 -0.233048 -0.964274 0.125957 1.336648 0.000000 0.000000 0.000000 1.000000
687 0.203776 0.069831 0.976524 -0.216931 -0.949990 0.255191 0.179990 1.061845 -0.236631 -0.964366 0.118341 1.331720 0.000000 0.000000 0.000000 1.000000
688 0.158216 0.067109 0.985121 -0.246189 -0.957611 0.253663 0.136518 1.071786 -0.240727 -0.964962 0.104398 1.333702 0.000000 0.000000 0.000000 1.000000
689 0.109628 0.064919 0.991850 -0.270894 -0.963996 0.250161 0.090175 1.086125 -0.242268 -0.966025 0.090006 1.333906 0.000000 0.000000 0.000000 1.000000
690 0.068542 0.062671 0.995678 -0.289138 -0.969117 0.241155 0.051534 1.100771 -0.236883 -0.968461 0.077265 1.333020 0.000000 0.000000 0.000000 1.000000
691 0.033549 0.065288 0.997302 -0.300830 -0.973268 0.228984 0.017750 1.112155 -0.227208 -0.971238 0.071225 1.336099 0.000000 0.000000 0.000000 1.000000
692 -0.000977 0.080117 0.996785 -0.307695 -0.975234 0.220384 -0.018669 1.120518 -0.221172 -0.972117 0.077918 1.334209 0.000000 0.000000 0.000000 1.000000
693 -0.040010 0.099019 0.994281 -0.310063 -0.974948 0.214033 -0.060547 1.132622 -0.218804 -0.971795 0.087975 1.335303 0.000000 0.000000 0.000000 1.000000
694 -0.063821 0.113136 0.991528 -0.310052 -0.974588 0.206705 -0.086316 1.144431 -0.214720 -0.971840 0.097069 1.333724 0.000000 0.000000 0.000000 1.000000
695 -0.074293 0.127962 0.988993 -0.308081 -0.973733 0.204736 -0.099636 1.154491 -0.215232 -0.970417 0.109391 1.331323 0.000000 0.000000 0.000000 1.000000
696 -0.086092 0.140053 0.986394 -0.303892 -0.969369 0.216817 -0.115391 1.164958 -0.230028 -0.966114 0.117096 1.338975 0.000000 0.000000 0.000000 1.000000
697 -0.100651 0.147726 0.983894 -0.299787 -0.963184 0.233320 -0.133564 1.174878 -0.249293 -0.961113 0.118803 1.335989 0.000000 0.000000 0.000000 1.000000
698 -0.111044 0.153294 0.981922 -0.295587 -0.958325 0.245166 -0.146650 1.186795 -0.263215 -0.957285 0.119682 1.334348 0.000000 0.000000 0.000000 1.000000
699 -0.117150 0.163921 0.979492 -0.291828 -0.955905 0.248833 -0.155972 1.202830 -0.269297 -0.954574 0.127542 1.335828 0.000000 0.000000 0.000000 1.000000
700 -0.127991 0.171973 0.976752 -0.288380 -0.951401 0.256850 -0.169892 1.220560 -0.280096 -0.951028 0.130741 1.337232 0.000000 0.000000 0.000000 1.000000
701 -0.152362 0.189751 0.969938 -0.282861 -0.942025 0.268977 -0.200598 1.243618 -0.298955 -0.944270 0.137769 1.337235 0.000000 0.000000 0.000000 1.000000
702 -0.182804 0.206279 0.961266 -0.279451 -0.929883 0.281184 -0.237176 1.263342 -0.319217 -0.937222 0.140414 1.337049 0.000000 0.000000 0.000000 1.000000
703 -0.217546 0.222294 0.950399 -0.273508 -0.918510 0.282758 -0.276382 1.289901 -0.330171 -0.933077 0.142667 1.334162 0.000000 0.000000 0.000000 1.000000
704 -0.250258 0.235759 0.939036 -0.268179 -0.910123 0.273523 -0.311225 1.319497 -0.330221 -0.932525 0.146118 1.335296 0.000000 0.000000 0.000000 1.000000
705 -0.279645 0.243385 0.928742 -0.260928 -0.904158 0.258623 -0.340017 1.352065 -0.322949 -0.934814 0.147736 1.338445 0.000000 0.000000 0.000000 1.000000
706 -0.299409 0.249767 0.920853 -0.252794 -0.900733 0.244334 -0.359139 1.383405 -0.314697 -0.936972 0.151818 1.335718 0.000000 0.000000 0.000000 1.000000
707 -0.312184 0.249563 0.916657 -0.242608 -0.900815 0.228744 -0.369065 1.415685 -0.301785 -0.940954 0.153399 1.338358 0.000000 0.000000 0.000000 1.000000
708 -0.321262 0.249880 0.913428 -0.232562 -0.900714 0.217208 -0.376210 1.444505 -0.292411 -0.943600 0.155290 1.335245 0.000000 0.000000 0.000000 1.000000
709 -0.334252 0.255811 0.907104 -0.222146 -0.896902 0.209359 -0.389533 1.471930 -0.289557 -0.943785 0.159458 1.330925 0.000000 0.000000 0.000000 1.000000
710 -0.349870 0.259612 0.900107 -0.214225 -0.891891 0.201610 -0.404826 1.496211 -0.286568 -0.944434 0.161008 1.329503 0.000000 0.000000 0.000000 1.000000
711 -0.357977 0.264876 0.895373 -0.205841 -0.891474 0.188257 -0.412109 1.521641 -0.277718 -0.945727 0.168738 1.324007 0.000000 0.000000 0.000000 1.000000
712 -0.356152 0.262469 0.896809 -0.200072 -0.895955 0.176638 -0.407510 1.538591 -0.265369 -0.948635 0.172250 1.323531 0.000000 0.000000 0.000000 1.000000
713 -0.349773 0.261641 0.899557 -0.193753 -0.900877 0.169536 -0.399597 1.555839 -0.257059 -0.950159 0.176407 1.320125 0.000000 0.000000 0.000000 1.000000
714 -0.337030 0.254481 0.906449 -0.190901 -0.907020 0.170386 -0.385077 1.565815 -0.252441 -0.951950 0.173394 1.319707 0.000000 0.000000 0.000000 1.000000
715 -0.320239 0.247893 0.914328 -0.186223 -0.914670 0.170359 -0.366547 1.577400 -0.246628 -0.953691 0.172185 1.313421 0.000000 0.000000 0.000000 1.000000
716 -0.296272 0.229242 0.927185 -0.183273 -0.925148 0.172339 -0.338231 1.588132 -0.237327 -0.957991 0.161023 1.313116 0.000000 0.000000 0.000000 1.000000
717 -0.269683 0.209196 0.939951 -0.180752 -0.935434 0.174761 -0.307282 1.595437 -0.228548 -0.962131 0.148559 1.310013 0.000000 0.000000 0.000000 1.000000
718 -0.246980 0.188424 0.950525 -0.176842 -0.942668 0.180487 -0.280717 1.604125 -0.224451 -0.965360 0.133045 1.309847 0.000000 0.000000 0.000000 1.000000
719 -0.233613 0.175838 0.956298 -0.172102 -0.945424 0.188686 -0.265651 1.609904 -0.227151 -0.966167 0.122162 1.306297 0.000000 0.000000 0.000000 1.000000
720 -0.228430 0.170127 0.958580 -0.167756 -0.946841 0.190270 -0.259401 1.618317 -0.226520 -0.966879 0.117620 1.301133 0.000000 0.000000 0.000000 1.000000
721 -0.226608 0.164619 0.959974 -0.166808 -0.948676 0.185924 -0.255824 1.623345 -0.220596 -0.968676 0.114038 1.300454 0.000000 0.000000 0.000000 1.000000
722 -0.229508 0.169560 0.958423 -0.164874 -0.947917 0.184508 -0.259635 1.629588 -0.220860 -0.968094 0.118383 1.297470 0.000000 0.000000 0.000000 1.000000
723 -0.237235 0.176900 0.955210 -0.163482 -0.945658 0.183030 -0.268759 1.635298 -0.222375 -0.967061 0.123866 1.297145 0.000000 0.000000 0.000000 1.000000
724 -0.243155 0.188710 0.951454 -0.162415 -0.944335 0.178038 -0.276647 1.641796 -0.221601 -0.965759 0.134915 1.299286 0.000000 0.000000 0.000000 1.000000
725 -0.246274 0.201739 0.947972 -0.161141 -0.944560 0.169186 -0.281392 1.649430 -0.217152 -0.964716 0.148889 1.301252 0.000000 0.000000 0.000000 1.000000
726 -0.248928 0.208341 0.945848 -0.160202 -0.945661 0.158648 -0.283824 1.656548 -0.209189 -0.965103 0.157528 1.306440 0.000000 0.000000 0.000000 1.000000
727 -0.237384 0.214383 0.947464 -0.158917 -0.952400 0.140676 -0.270452 1.661852 -0.191266 -0.966566 0.170784 1.302859 0.000000 0.000000 0.000000 1.000000
728 -0.220557 0.214850 0.951417 -0.159879 -0.960598 0.121295 -0.250076 1.669990 -0.169131 -0.969086 0.179632 1.308047 0.000000 0.000000 0.000000 1.000000
729 -0.203651 0.219382 0.954148 -0.160454 -0.966987 0.107403 -0.231086 1.675720 -0.153174 -0.969709 0.190267 1.309516 0.000000 0.000000 0.000000 1.000000
730 -0.185281 0.224828 0.956621 -0.161412 -0.971897 0.101928 -0.212195 1.679011 -0.145214 -0.969053 0.199625 1.306959 0.000000 0.000000 0.000000 1.000000
731 -0.166699 0.222629 0.960546 -0.165197 -0.975978 0.101339 -0.192865 1.681002 -0.140278 -0.969622 0.200388 1.307813 0.000000 0.000000 0.000000 1.000000
732 -0.153549 0.217145 0.963987 -0.166911 -0.977488 0.109483 -0.180361 1.683053 -0.144705 -0.969980 0.195445 1.310524 0.000000 0.000000 0.000000 1.000000
733 -0.141208 0.216312 0.966059 -0.168442 -0.978523 0.117532 -0.169347 1.685750 -0.150175 -0.969224 0.195070 1.310872 0.000000 0.000000 0.000000 1.000000
734 -0.127209 0.213671 0.968588 -0.169870 -0.979690 0.125534 -0.156360 1.686842 -0.155000 -0.968807 0.193362 1.309436 0.000000 0.000000 0.000000 1.000000
735 -0.114290 0.207953 0.971439 -0.171569 -0.980992 0.130736 -0.143400 1.687702 -0.156822 -0.969363 0.189058 1.310196 0.000000 0.000000 0.000000 1.000000
736 -0.104273 0.200923 0.974042 -0.172203 -0.982104 0.133644 -0.132704 1.689806 -0.156838 -0.970448 0.183392 1.313842 0.000000 0.000000 0.000000 1.000000
737 -0.094669 0.195295 0.976165 -0.172250 -0.983308 0.134704 -0.122312 1.690609 -0.155380 -0.971450 0.179283 1.312895 0.000000 0.000000 0.000000 1.000000
738 -0.089914 0.191491 0.977367 -0.172566 -0.983647 0.136695 -0.117274 1.689119 -0.156059 -0.971929 0.176069 1.312796 0.000000 0.000000 0.000000 1.000000
739 -0.089626 0.189952 0.977694 -0.172017 -0.982755 0.142545 -0.117785 1.689808 -0.161739 -0.971390 0.173901 1.314771 0.000000 0.000000 0.000000 1.000000
740 -0.086365 0.188278 0.978311 -0.173982 -0.981679 0.151330 -0.115785 1.686651 -0.169847 -0.970387 0.171759 1.317310 0.000000 0.000000 0.000000 1.000000
741 -0.080825 0.189284 0.978590 -0.172621 -0.980415 0.161806 -0.112273 1.685529 -0.179593 -0.968499 0.172499 1.317346 0.000000 0.000000 0.000000 1.000000
742 -0.076273 0.188905 0.979029 -0.168634 -0.978779 0.173112 -0.109656 1.685424 -0.190196 -0.966616 0.171693 1.317006 0.000000 0.000000 0.000000 1.000000
743 -0.073487 0.185068 0.979974 -0.167841 -0.977048 0.183643 -0.107949 1.683286 -0.199943 -0.965414 0.167325 1.316482 0.000000 0.000000 0.000000 1.000000
744 -0.074504 0.178615 0.981094 -0.165716 -0.976007 0.188789 -0.108488 1.683818 -0.204597 -0.965637 0.160264 1.317665 0.000000 0.000000 0.000000 1.000000
745 -0.078965 0.172503 0.981839 -0.163635 -0.975655 0.188774 -0.111634 1.685737 -0.204603 -0.966751 0.153396 1.316300 0.000000 0.000000 0.000000 1.000000
746 -0.081469 0.165180 0.982893 -0.161648 -0.976420 0.184581 -0.111952 1.684584 -0.199915 -0.968837 0.146248 1.315853 0.000000 0.000000 0.000000 1.000000
747 -0.074798 0.158662 0.984496 -0.161055 -0.979239 0.174838 -0.102576 1.685240 -0.188402 -0.971729 0.142291 1.317166 0.000000 0.000000 0.000000 1.000000
748 -0.058081 0.151899 0.986688 -0.161651 -0.983283 0.162145 -0.082843 1.686334 -0.172570 -0.975005 0.139942 1.316325 0.000000 0.000000 0.000000 1.000000
749 -0.029204 0.147743 0.988595 -0.162790 -0.987291 0.150302 -0.051628 1.685831 -0.156215 -0.977539 0.141476 1.317907 0.000000 0.000000 0.000000 1.000000
750 -0.004633 0.144233 0.989533 -0.164346 -0.988943 0.146015 -0.025913 1.685135 -0.148225 -0.978712 0.141961 1.318894 0.000000 0.000000 0.000000 1.000000
751 0.013663 0.139277 0.990159 -0.168641 -0.987865 0.155101 -0.008185 1.680601 -0.154714 -0.978032 0.139706 1.315920 0.000000 0.000000 0.000000 1.000000
752 0.023940 0.131359 0.991046 -0.168758 -0.985650 0.168796 0.001437 1.677210 -0.167096 -0.976859 0.133515 1.314959 0.000000 0.000000 0.000000 1.000000
753 0.047165 0.121205 0.991506 -0.172968 -0.984681 0.172453 0.025759 1.671775 -0.167866 -0.977532 0.127482 1.313707 0.000000 0.000000 0.000000 1.000000
754 0.075368 0.116253 0.990356 -0.176446 -0.984606 0.165754 0.055473 1.664890 -0.157706 -0.979291 0.126956 1.306928 0.000000 0.000000 0.000000 1.000000
755 0.108702 0.113692 0.987552 -0.183201 -0.984743 0.148117 0.091341 1.657303 -0.135888 -0.982413 0.128058 1.301394 0.000000 0.000000 0.000000 1.000000
756 0.125101 0.108228 0.986223 -0.189360 -0.983230 0.146471 0.108648 1.646750 -0.132695 -0.983277 0.124737 1.296558 0.000000 0.000000 0.000000 1.000000
757 0.140640 0.095595 0.985435 -0.194351 -0.980956 0.148133 0.125630 1.634441 -0.133965 -0.984336 0.114608 1.296155 0.000000 0.000000 0.000000 1.000000
758 0.159131 0.085450 0.983553 -0.200420 -0.978509 0.145984 0.145632 1.620480 -0.131139 -0.985590 0.106844 1.295403 0.000000 0.000000 0.000000 1.000000
759 0.180207 0.082650 0.980150 -0.208649 -0.975218 0.145046 0.167070 1.602923 -0.128358 -0.985967 0.106740 1.290217 0.000000 0.000000 0.000000 1.000000
760 0.203146 0.082334 0.975681 -0.217877 -0.971344 0.142510 0.190217 1.585230 -0.123383 -0.986363 0.108925 1.290938 0.000000 0.000000 0.000000 1.000000
761 0.222991 0.081207 0.971432 -0.229285 -0.967678 0.138849 0.210523 1.566904 -0.117787 -0.986978 0.109544 1.292427 0.000000 0.000000 0.000000 1.000000
762 0.238235 0.080554 0.967861 -0.240163 -0.965030 0.131854 0.226564 1.547202 -0.109365 -0.987991 0.109149 1.289902 0.000000 0.000000 0.000000 1.000000
763 0.259793 0.080172 0.962331 -0.252225 -0.960837 0.120978 0.249311 1.522514 -0.096433 -0.989412 0.108461 1.289996 0.000000 0.000000 0.000000 1.000000
764 0.287887 0.082735 0.954084 -0.262393 -0.954518 0.105484 0.278871 1.498517 -0.077568 -0.990973 0.109339 1.286769 0.000000 0.000000 0.000000 1.000000
765 0.325877 0.081057 0.941931 -0.275832 -0.943312 0.094247 0.318245 1.468642 -0.062978 -0.992244 0.107175 1.287941 0.000000 0.000000 0.000000 1.000000
766 0.373762 0.076335 0.924378 -0.289295 -0.926067 0.086565 0.367296 1.434737 -0.051982 -0.993317 0.103047 1.282321 0.000000 0.000000 0.000000 1.000000
767 0.425999 0.071627 0.901884 -0.304434 -0.903364 0.088319 0.419683 1.399451 -0.049593 -0.993514 0.102329 1.276762 0.000000 0.000000 0.000000 1.000000
768 0.480050 0.066273 0.874734 -0.320433 -0.875645 0.096323 0.473253 1.360561 -0.052893 -0.993141 0.104272 1.276742 0.000000 0.000000 0.000000 1.000000
769 0.530528 0.057443 0.845719 -0.335005 -0.844928 0.115978 0.522154 1.322337 -0.068091 -0.991589 0.110065 1.274718 0.000000 0.000000 0.000000 1.000000
770 0.584146 0.045590 0.810367 -0.347218 -0.807944 0.127948 0.575201 1.287034 -0.077461 -0.990733 0.111574 1.270916 0.000000 0.000000 0.000000 1.000000
771 0.638480 0.030012 0.769053 -0.360200 -0.765551 0.127613 0.630592 1.257124 -0.079215 -0.991370 0.104454 1.271495 0.000000 0.000000 0.000000 1.000000
772 0.693792 0.022328 0.719829 -0.371373 -0.716969 0.115630 0.687448 1.229452 -0.067885 -0.993041 0.096232 1.273406 0.000000 0.000000 0.000000 1.000000
773 0.741899 0.015843 0.670325 -0.378870 -0.667845 0.106533 0.736637 1.203795 -0.059741 -0.994183 0.089617 1.275809 0.000000 0.000000 0.000000 1.000000
774 0.781513 0.009122 0.623822 -0.391104 -0.621615 0.096679 0.777334 1.185902 -0.053220 -0.995274 0.081227 1.278751 0.000000 0.000000 0.000000 1.000000
775 0.816416 0.003553 0.577454 -0.401722 -0.575737 0.082303 0.813482 1.167458 -0.044636 -0.996601 0.069239 1.278935 0.000000 0.000000 0.000000 1.000000
776 0.840645 -0.008482 0.541520 -0.413303 -0.539463 0.075340 0.838632 1.151138 -0.047911 -0.997122 0.058759 1.276079 0.000000 0.000000 0.000000 1.000000
777 0.859890 -0.018216 0.510154 -0.426389 -0.508015 0.067531 0.858697 1.135644 -0.050093 -0.997551 0.048815 1.274093 0.000000 0.000000 0.000000 1.000000
778 0.875827 -0.025193 0.481968 -0.440921 -0.480084 0.056882 0.875376 1.120284 -0.049469 -0.998063 0.037724 1.272282 0.000000 0.000000 0.000000 1.000000
779 0.889769 -0.028158 0.455542 -0.454410 -0.454286 0.041564 0.889886 1.105113 -0.043992 -0.998739 0.024191 1.272347 0.000000 0.000000 0.000000 1.000000
780 0.902113 -0.026057 0.430712 -0.469668 -0.429906 0.031435 0.902326 1.087574 -0.037051 -0.999166 0.017156 1.269242 0.000000 0.000000 0.000000 1.000000
781 0.911601 -0.024483 0.410346 -0.484489 -0.409640 0.029251 0.911778 1.068553 -0.034326 -0.999272 0.016636 1.267381 0.000000 0.000000 0.000000 1.000000
782 0.914951 -0.030782 0.402390 -0.494137 -0.401285 0.036442 0.915228 1.050635 -0.042837 -0.998862 0.020990 1.266546 0.000000 0.000000 0.000000 1.000000
783 0.915255 -0.041507 0.400732 -0.499941 -0.399188 0.040832 0.915959 1.032777 -0.054381 -0.998304 0.020803 1.268130 0.000000 0.000000 0.000000 1.000000
784 0.911019 -0.049030 0.409440 -0.505899 -0.407665 0.042398 0.912147 1.018566 -0.062082 -0.997897 0.018637 1.270108 0.000000 0.000000 0.000000 1.000000
785 0.905932 -0.047260 0.420777 -0.505587 -0.418838 0.045810 0.906905 1.002005 -0.062136 -0.997832 0.021706 1.269845 0.000000 0.000000 0.000000 1.000000
786 0.898427 -0.044537 0.436858 -0.506662 -0.434960 0.046399 0.899253 0.991183 -0.060320 -0.997930 0.022315 1.275301 0.000000 0.000000 0.000000 1.000000
787 0.894366 -0.037953 0.445723 -0.499134 -0.443629 0.052754 0.894657 0.978401 -0.057469 -0.997886 0.030344 1.271855 0.000000 0.000000 0.000000 1.000000
788 0.891723 -0.036174 0.451134 -0.491185 -0.448682 0.059913 0.891681 0.968168 -0.059284 -0.997548 0.037195 1.274097 0.000000 0.000000 0.000000 1.000000
789 0.897352 -0.033379 0.440051 -0.480111 -0.437556 0.062566 0.897012 0.957840 -0.057474 -0.997483 0.041538 1.272481 0.000000 0.000000 0.000000 1.000000
790 0.911473 -0.029450 0.410305 -0.466831 -0.408036 0.061830 0.910870 0.948164 -0.052194 -0.997652 0.044339 1.272445 0.000000 0.000000 0.000000 1.000000
791 0.927999 -0.030045 0.371369 -0.456069 -0.369542 0.052839 0.927710 0.939037 -0.047496 -0.998151 0.037932 1.269684 0.000000 0.000000 0.000000 1.000000
792 0.943705 -0.038254 0.328569 -0.439469 -0.326824 0.045505 0.943989 0.928171 -0.051063 -0.998231 0.030441 1.261585 0.000000 0.000000 0.000000 1.000000
793 0.954780 -0.051694 0.292786 -0.426963 -0.290927 0.040590 0.955884 0.917761 -0.061297 -0.997838 0.023715 1.255569 0.000000 0.000000 0.000000 1.000000
794 0.964068 -0.063103 0.258051 -0.415108 -0.256762 0.027877 0.966072 0.909268 -0.068155 -0.997618 0.010673 1.245152 0.000000 0.000000 0.000000 1.000000
795 0.969224 -0.073991 0.234796 -0.409099 -0.234677 0.010421 0.972018 0.902109 -0.074367 -0.997204 -0.007264 1.234779 0.000000 0.000000 0.000000 1.000000
796 0.971832 -0.079938 0.221705 -0.405183 -0.222584 -0.002139 0.974911 0.895394 -0.077459 -0.996798 -0.019871 1.228736 0.000000 0.000000 0.000000 1.000000
797 0.972368 -0.080075 0.219291 -0.403937 -0.220648 -0.008409 0.975317 0.887257 -0.076255 -0.996753 -0.025845 1.221863 0.000000 0.000000 0.000000 1.000000
798 0.970579 -0.076027 0.228465 -0.403723 -0.230310 -0.016337 0.972980 0.879159 -0.070241 -0.996972 -0.033366 1.216042 0.000000 0.000000 0.000000 1.000000
799 0.964470 -0.075889 0.253059 -0.404561 -0.254811 -0.014207 0.966887 0.871301 -0.069781 -0.997015 -0.033040 1.211051 0.000000 0.000000 0.000000 1.000000
800 0.954457 -0.080298 0.287341 -0.408798 -0.288878 -0.007977 0.957333 0.869051 -0.074579 -0.996739 -0.030810 1.209093 0.000000 0.000000 0.000000 1.000000
801 0.948498 -0.074307 0.307945 -0.408858 -0.308747 0.000729 0.951144 0.861190 -0.070901 -0.997235 -0.022251 1.203090 0.000000 0.000000 0.000000 1.000000
802 0.946508 -0.058904 0.317258 -0.411806 -0.318145 -0.006096 0.948023 0.856854 -0.053908 -0.998245 -0.024510 1.205745 0.000000 0.000000 0.000000 1.000000
803 0.949158 -0.034481 0.312907 -0.414025 -0.313533 -0.014426 0.949468 0.849619 -0.028225 -0.999301 -0.024503 1.205121 0.000000 0.000000 0.000000 1.000000
804 0.948837 -0.009416 0.315627 -0.415209 -0.315681 -0.004873 0.948853 0.845947 -0.007396 -0.999944 -0.007597 1.203185 0.000000 0.000000 0.000000 1.000000
805 0.948004 0.016933 0.317807 -0.415584 -0.318057 0.014928 0.947954 0.841736 0.011308 -0.999745 0.019538 1.199231 0.000000 0.000000 0.000000 1.000000
806 0.947964 0.044050 0.315316 -0.410344 -0.316825 0.032800 0.947917 0.839085 0.031413 -0.998491 0.045049 1.194947 0.000000 0.000000 0.000000 1.000000
807 0.948184 0.067425 0.310485 -0.407940 -0.314141 0.052655 0.947915 0.837749 0.047564 -0.996334 0.071108 1.194327 0.000000 0.000000 0.000000 1.000000
808 0.950524 0.092927 0.296426 -0.403184 -0.303843 0.079444 0.949404 0.836187 0.064676 -0.992499 0.103749 1.191041 0.000000 0.000000 0.000000 1.000000
809 0.954213 0.115753 0.275824 -0.397318 -0.288642 0.114286 0.950592 0.835596 0.078511 -0.986681 0.142464 1.183358 0.000000 0.000000 0.000000 1.000000
810 0.957247 0.131375 0.257719 -0.390364 -0.276172 0.149982 0.949334 0.832462 0.086066 -0.979921 0.179852 1.185289 0.000000 0.000000 0.000000 1.000000
811 0.959583 0.143560 0.242057 -0.383043 -0.266503 0.187173 0.945485 0.828629 0.090428 -0.971780 0.217867 1.185113 0.000000 0.000000 0.000000 1.000000
812 0.963078 0.161049 0.215741 -0.374055 -0.248968 0.227828 0.941334 0.826209 0.102449 -0.960290 0.259512 1.178873 0.000000 0.000000 0.000000 1.000000
813 0.968875 0.176243 0.173837 -0.364118 -0.216948 0.266312 0.939155 0.820348 0.119225 -0.947637 0.296258 1.180374 0.000000 0.000000 0.000000 1.000000
814 0.975268 0.179742 0.128625 -0.353275 -0.179135 0.301910 0.936355 0.813090 0.129469 -0.936239 0.326641 1.177860 0.000000 0.000000 0.000000 1.000000
815 0.981820 0.167585 0.089132 -0.344831 -0.140561 0.326347 0.934741 0.808453 0.127561 -0.930276 0.343971 1.178773 0.000000 0.000000 0.000000 1.000000
816 0.986903 0.154514 0.046338 -0.337354 -0.097512 0.342596 0.934408 0.804464 0.128504 -0.926689 0.353176 1.177922 0.000000 0.000000 0.000000 1.000000
817 0.989598 0.143765 -0.005170 -0.327093 -0.045567 0.347340 0.936632 0.798482 0.136450 -0.926654 0.350278 1.174598 0.000000 0.000000 0.000000 1.000000
818 0.989437 0.134689 -0.053597 -0.323104 0.003711 0.346082 0.938197 0.796330 0.144914 -0.928486 0.341926 1.170959 0.000000 0.000000 0.000000 1.000000
819 0.987859 0.120156 -0.098473 -0.321590 0.051756 0.343108 0.937869 0.791660 0.146477 -0.931579 0.332723 1.168932 0.000000 0.000000 0.000000 1.000000
820 0.984905 0.103512 -0.138738 -0.321185 0.096026 0.340127 0.935464 0.788288 0.144020 -0.934665 0.325053 1.165505 0.000000 0.000000 0.000000 1.000000
821 0.980313 0.087976 -0.176768 -0.321442 0.137714 0.336917 0.931409 0.785734 0.141497 -0.937415 0.318168 1.163607 0.000000 0.000000 0.000000 1.000000
822 0.974786 0.074643 -0.210286 -0.325058 0.173929 0.336199 0.925591 0.781850 0.139787 -0.938828 0.314740 1.162349 0.000000 0.000000 0.000000 1.000000
823 0.966947 0.067053 -0.246004 -0.328636 0.209416 0.341563 0.916231 0.777759 0.145462 -0.937464 0.316231 1.161136 0.000000 0.000000 0.000000 1.000000
824 0.958836 0.061210 -0.277283 -0.329951 0.239773 0.348605 0.906081 0.769417 0.152124 -0.935269 0.319579 1.161597 0.000000 0.000000 0.000000 1.000000
825 0.952646 0.057991 -0.298500 -0.333311 0.259678 0.355616 0.897833 0.764559 0.158218 -0.932831 0.323718 1.163179 0.000000 0.000000 0.000000 1.000000
826 0.947405 0.055344 -0.315216 -0.337242 0.275071 0.362626 0.890415 0.759898 0.163585 -0.930290 0.328330 1.163397 0.000000 0.000000 0.000000 1.000000
827 0.943951 0.051447 -0.326052 -0.340001 0.285631 0.367778 0.884960 0.757083 0.165444 -0.928489 0.332469 1.161662 0.000000 0.000000 0.000000 1.000000
828 0.945271 0.043816 -0.323330 -0.339459 0.286195 0.364557 0.886110 0.755729 0.156698 -0.930150 0.332065 1.162737 0.000000 0.000000 0.000000 1.000000
829 0.951016 0.037118 -0.306904 -0.340409 0.274190 0.357256 0.892854 0.756355 0.142784 -0.933269 0.329578 1.162206 0.000000 0.000000 0.000000 1.000000
830 0.959203 0.032390 -0.280857 -0.340120 0.252298 0.350203 0.902055 0.757134 0.127575 -0.936114 0.327744 1.164961 0.000000 0.000000 0.000000 1.000000
831 0.968698 0.027610 -0.246703 -0.338847 0.221090 0.355979 0.907964 0.760856 0.112890 -0.934086 0.338732 1.163812 0.000000 0.000000 0.000000 1.000000
832 0.978393 0.033145 -0.204081 -0.337378 0.178884 0.359250 0.915937 0.762694 0.103675 -0.932653 0.345559 1.167803 0.000000 0.000000 0.000000 1.000000
833 0.986018 0.044546 -0.160572 -0.339862 0.133792 0.362790 0.922217 0.764760 0.099335 -0.930806 0.351757 1.173073 0.000000 0.000000 0.000000 1.000000
834 0.990832 0.061468 -0.120303 -0.340469 0.089521 0.368193 0.925430 0.769546 0.101179 -0.927715 0.359315 1.174337 0.000000 0.000000 0.000000 1.000000
835 0.994580 0.074350 -0.072682 -0.345077 0.039788 0.373679 0.926704 0.776350 0.096060 -0.924574 0.368695 1.177886 0.000000 0.000000 0.000000 1.000000
836 0.996135 0.085361 -0.020716 -0.348496 -0.012712 0.373445 0.927565 0.783215 0.086914 -0.923717 0.373087 1.182808 0.000000 0.000000 0.000000 1.000000
837 0.994907 0.094084 0.036158 -0.351774 -0.068639 0.369723 0.926603 0.791940 0.073810 -0.924366 0.374298 1.182770 0.000000 0.000000 0.000000 1.000000
838 0.990380 0.099960 0.095687 -0.354474 -0.125675 0.360372 0.924304 0.802067 0.057910 -0.927437 0.369468 1.184621 0.000000 0.000000 0.000000 1.000000
839 0.982619 0.104965 0.153108 -0.357323 -0.180599 0.349757 0.919268 0.810560 0.042940 -0.930942 0.362634 1.186367 0.000000 0.000000 0.000000 1.000000
840 0.970530 0.112028 0.213359 -0.363346 -0.239151 0.338832 0.909945 0.821354 0.029647 -0.934153 0.355638 1.189029 0.000000 0.000000 0.000000 1.000000
841 0.955411 0.118971 0.270251 -0.364168 -0.294755 0.329740 0.896879 0.832740 0.017590 -0.936546 0.350104 1.189487 0.000000 0.000000 0.000000 1.000000
842 0.937698 0.128550 0.322798 -0.363942 -0.347353 0.324607 0.879759 0.840966 0.008310 -0.937073 0.349035 1.191256 0.000000 0.000000 0.000000 1.000000
843 0.916340 0.138673 0.375621 -0.365292 -0.400402 0.317537 0.859563 0.849528 -0.000076 -0.938051 0.346497 1.195316 0.000000 0.000000 0.000000 1.000000
844 0.892583 0.158251 0.422199 -0.365705 -0.450858 0.322930 0.832132 0.859770 -0.004655 -0.933099 0.359590 1.192701 0.000000 0.000000 0.000000 1.000000
845 0.870139 0.180641 0.458505 -0.364945 -0.492781 0.328352 0.805824 0.867124 -0.004986 -0.927121 0.374728 1.192633 0.000000 0.000000 0.000000 1.000000
846 0.850040 0.191874 0.490527 -0.359495 -0.526687 0.319692 0.787653 0.872639 -0.005687 -0.927891 0.372809 1.190971 0.000000 0.000000 0.000000 1.000000
847 0.829699 0.180804 0.528119 -0.356734 -0.558117 0.286112 0.778875 0.880844 -0.010278 -0.940984 0.338296 1.193825 0.000000 0.000000 0.000000 1.000000
848 0.806906 0.177285 0.563447 -0.349743 -0.590529 0.263712 0.762713 0.890259 -0.013370 -0.948170 0.317483 1.187289 0.000000 0.000000 0.000000 1.000000
849 0.781876 0.191642 0.593248 -0.343918 -0.623398 0.250556 0.740673 0.893783 -0.006698 -0.948944 0.315373 1.190020 0.000000 0.000000 0.000000 1.000000
850 0.757214 0.205661 0.619944 -0.339095 -0.653166 0.239292 0.718410 0.897068 -0.000598 -0.948917 0.315526 1.189275 0.000000 0.000000 0.000000 1.000000
851 0.734199 0.217653 0.643101 -0.331983 -0.678922 0.229568 0.697398 0.899131 0.004155 -0.948644 0.316318 1.186581 0.000000 0.000000 0.000000 1.000000
852 0.714149 0.223319 0.663415 -0.325808 -0.699983 0.222664 0.678560 0.899834 0.003817 -0.948973 0.315334 1.189197 0.000000 0.000000 0.000000 1.000000
853 0.696295 0.223711 0.682002 -0.319141 -0.717753 0.219775 0.660704 0.901639 -0.002081 -0.949554 0.313597 1.188514 0.000000 0.000000 0.000000 1.000000
854 0.682494 0.220138 0.696952 -0.315747 -0.730836 0.217235 0.647060 0.902092 -0.008960 -0.950972 0.309146 1.188358 0.000000 0.000000 0.000000 1.000000
855 0.674431 0.219679 0.704900 -0.309732 -0.738252 0.215225 0.639267 0.902114 -0.011279 -0.951535 0.307332 1.185118 0.000000 0.000000 0.000000 1.000000
856 0.668480 0.216138 0.711631 -0.309120 -0.743593 0.212563 0.633945 0.902721 -0.014247 -0.952944 0.302812 1.187915 0.000000 0.000000 0.000000 1.000000
857 0.662729 0.217079 0.716705 -0.304552 -0.748697 0.211982 0.628106 0.901607 -0.015580 -0.952859 0.303013 1.188298 0.000000 0.000000 0.000000 1.000000
858 0.657137 0.216792 0.721922 -0.302758 -0.753620 0.208135 0.623488 0.899577 -0.015090 -0.953772 0.300152 1.188992 0.000000 0.000000 0.000000 1.000000
859 0.654179 0.214408 0.725313 -0.301328 -0.756174 0.205470 0.621276 0.899614 -0.015823 -0.954888 0.296544 1.187543 0.000000 0.000000 0.000000 1.000000
860 0.654179 0.209934 0.726621 -0.296236 -0.756248 0.196504 0.624079 0.898367 -0.011769 -0.957765 0.287311 1.187648 0.000000 0.000000 0.000000 1.000000
861 0.652710 0.199022 0.730999 -0.290285 -0.757508 0.187134 0.625430 0.896468 -0.012320 -0.961962 0.272905 1.187938 0.000000 0.000000 0.000000 1.000000
862 0.647229 0.183841 0.739795 -0.284146 -0.762095 0.178308 0.622429 0.896679 -0.017484 -0.966648 0.255510 1.184744 0.000000 0.000000 0.000000 1.000000
863 0.642909 0.164305 0.748112 -0.273755 -0.765661 0.164329 0.621899 0.895521 -0.020756 -0.972625 0.231450 1.185788 0.000000 0.000000 0.000000 1.000000
864 0.640787 0.142081 0.754456 -0.263258 -0.767338 0.149477 0.623578 0.893708 -0.024175 -0.978504 0.204808 1.185758 0.000000 0.000000 0.000000 1.000000
865 0.639188 0.118424 0.759878 -0.253178 -0.768553 0.133927 0.625612 0.891998 -0.027681 -0.983890 0.176619 1.188784 0.000000 0.000000 0.000000 1.000000
866 0.642178 0.096161 0.760500 -0.238158 -0.765817 0.124024 0.630985 0.890156 -0.033644 -0.987609 0.153287 1.185795 0.000000 0.000000 0.000000 1.000000
867 0.644417 0.067576 0.761683 -0.222775 -0.763270 0.117194 0.635362 0.889083 -0.046329 -0.990807 0.127101 1.187842 0.000000 0.000000 0.000000 1.000000
868 0.651524 0.035864 0.757780 -0.203927 -0.755954 0.114477 0.644537 0.884034 -0.063633 -0.992778 0.101696 1.188642 0.000000 0.000000 0.000000 1.000000
869 0.655180 0.004879 0.755457 -0.185710 -0.751346 0.108584 0.650914 0.881882 -0.078854 -0.994075 0.074808 1.190046 0.000000 0.000000 0.000000 1.000000
870 0.663076 -0.017965 0.748337 -0.166697 -0.743106 0.104575 0.660952 0.878655 -0.090132 -0.994355 0.055991 1.187461 0.000000 0.000000 0.000000 1.000000
871 0.675819 -0.038385 0.736068 -0.147079 -0.730846 0.094584 0.675957 0.876379 -0.095567 -0.994777 0.035868 1.189025 0.000000 0.000000 0.000000 1.000000
872 0.694866 -0.047751 0.717552 -0.131151 -0.712876 0.085659 0.696039 0.874917 -0.094701 -0.995180 0.025481 1.186261 0.000000 0.000000 0.000000 1.000000
873 0.720127 -0.049810 0.692052 -0.112858 -0.688595 0.071129 0.721649 0.870551 -0.085170 -0.996223 0.016924 1.183718 0.000000 0.000000 0.000000 1.000000
874 0.738810 -0.046229 0.672327 -0.098167 -0.669851 0.059020 0.740147 0.868663 -0.073897 -0.997186 0.012638 1.179195 0.000000 0.000000 0.000000 1.000000
875 0.754043 -0.039102 0.655661 -0.083372 -0.653438 0.056591 0.754862 0.866184 -0.066621 -0.997631 0.017121 1.173606 0.000000 0.000000 0.000000 1.000000
876 0.769741 -0.028616 0.637715 -0.070984 -0.636196 0.047728 0.770050 0.863915 -0.052472 -0.998450 0.018533 1.172912 0.000000 0.000000 0.000000 1.000000
877 0.780711 -0.015388 0.624703 -0.063164 -0.623893 0.037335 0.780618 0.862979 -0.035335 -0.999184 0.019547 1.169241 0.000000 0.000000 0.000000 1.000000
878 0.783006 -0.006476 0.621981 -0.057399 -0.621594 0.028627 0.782816 0.862880 -0.022875 -0.999569 0.018390 1.168001 0.000000 0.000000 0.000000 1.000000
879 0.784418 0.000726 0.620232 -0.053836 -0.620056 0.024775 0.784166 0.862576 -0.014797 -0.999693 0.019884 1.166243 0.000000 0.000000 0.000000 1.000000
880 0.784443 0.001477 0.620199 -0.050080 -0.620018 0.026148 0.784152 0.863976 -0.015058 -0.999657 0.021428 1.168049 0.000000 0.000000 0.000000 1.000000
881 0.779810 -0.007589 0.625970 -0.050014 -0.625565 0.028487 0.779652 0.864632 -0.023749 -0.999565 0.017467 1.166231 0.000000 0.000000 0.000000 1.000000
882 0.776292 -0.019985 0.630057 -0.045315 -0.629194 0.036548 0.776388 0.865129 -0.038543 -0.999132 0.015797 1.166884 0.000000 0.000000 0.000000 1.000000
883 0.779991 -0.021381 0.625425 -0.042628 -0.624432 0.039229 0.780093 0.865314 -0.041214 -0.999001 0.017248 1.169246 0.000000 0.000000 0.000000 1.000000
884 0.792665 -0.018617 0.609374 -0.036789 -0.608516 0.036990 0.792679 0.866787 -0.037298 -0.999142 0.017992 1.167629 0.000000 0.000000 0.000000 1.000000
885 0.803950 -0.019849 0.594366 -0.031640 -0.593579 0.034487 0.804037 0.866543 -0.036457 -0.999208 0.015943 1.169957 0.000000 0.000000 0.000000 1.000000
886 0.817816 -0.017473 0.575214 -0.023681 -0.574410 0.036112 0.817770 0.865578 -0.035061 -0.999195 0.019496 1.171651 0.000000 0.000000 0.000000 1.000000
887 0.839704 -0.013338 0.542880 -0.010546 -0.542161 0.036379 0.839487 0.863423 -0.030946 -0.999249 0.023317 1.168879 0.000000 0.000000 0.000000 1.000000
888 0.863169 -0.009786 0.504820 0.005208 -0.504113 0.039616 0.862728 0.859325 -0.028441 -0.999167 0.029262 1.168409 0.000000 0.000000 0.000000 1.000000
889 0.888265 -0.003266 0.459320 0.021628 -0.458682 0.046841 0.887365 0.852381 -0.024413 -0.998897 0.040109 1.164575 0.000000 0.000000 0.000000 1.000000
890 0.915168 0.001080 0.403072 0.036080 -0.402624 0.049659 0.914017 0.842855 -0.019029 -0.998766 0.045881 1.163987 0.000000 0.000000 0.000000 1.000000
891 0.939925 0.007391 0.341301 0.052992 -0.341226 0.050419 0.938628 0.832164 -0.010271 -0.998701 0.049912 1.156731 0.000000 0.000000 0.000000 1.000000
892 0.960439 0.015040 0.278082 0.068723 -0.278478 0.043029 0.959478 0.820298 0.002465 -0.998961 0.045515 1.157750 0.000000 0.000000 0.000000 1.000000
893 0.974641 0.020902 0.222795 0.079238 -0.223353 0.029860 0.974280 0.808176 0.013712 -0.999336 0.033772 1.154547 0.000000 0.000000 0.000000 1.000000
894 0.984804 0.022086 0.172259 0.088644 -0.172785 0.024642 0.984651 0.795882 0.017502 -0.999452 0.028084 1.151904 0.000000 0.000000 0.000000 1.000000
895 0.992068 0.023522 0.123481 0.093646 -0.123937 0.019022 0.992108 0.783307 0.020988 -0.999542 0.021786 1.148544 0.000000 0.000000 0.000000 1.000000
896 0.995826 0.015418 0.089962 0.096578 -0.090243 0.018631 0.995746 0.770889 0.013676 -0.999708 0.019944 1.148245 0.000000 0.000000 0.000000 1.000000
897 0.998092 0.005228 0.061529 0.099299 -0.061620 0.019625 0.997907 0.760671 0.004010 -0.999794 0.019910 1.142318 0.000000 0.000000 0.000000 1.000000
898 0.999324 -0.006433 0.036191 0.103040 -0.036093 0.014722 0.999240 0.749691 -0.006960 -0.999871 0.014480 1.142011 0.000000 0.000000 0.000000 1.000000
899 0.999828 -0.016244 0.008962 0.108384 -0.008708 0.015632 0.999840 0.735602 -0.016382 -0.999746 0.015488 1.141827 0.000000 0.000000 0.000000 1.000000
900 0.999663 -0.021611 -0.014408 0.116648 0.014836 0.019771 0.999694 0.719826 -0.021319 -0.999571 0.020085 1.139185 0.000000 0.000000 0.000000 1.000000
901 0.998738 -0.024598 -0.043783 0.128777 0.044327 0.022048 0.998774 0.702737 -0.023603 -0.999454 0.023110 1.136792 0.000000 0.000000 0.000000 1.000000
902 0.996228 -0.024307 -0.083304 0.142621 0.083900 0.024597 0.996171 0.685662 -0.022165 -0.999402 0.026543 1.134630 0.000000 0.000000 0.000000 1.000000
903 0.990986 -0.017254 -0.132846 0.155877 0.133261 0.025614 0.990750 0.667551 -0.013691 -0.999523 0.027682 1.130673 0.000000 0.000000 0.000000 1.000000
904 0.982437 -0.009310 -0.186363 0.170545 0.186545 0.025951 0.982104 0.649354 -0.004307 -0.999620 0.027232 1.125979 0.000000 0.000000 0.000000 1.000000
905 0.972318 -0.006318 -0.233577 0.185533 0.233662 0.024943 0.971998 0.630339 -0.000315 -0.999669 0.025729 1.118653 0.000000 0.000000 0.000000 1.000000
906 0.962008 -0.001192 -0.273020 0.193895 0.272985 0.020683 0.961796 0.609735 0.004500 -0.999785 0.020223 1.114343 0.000000 0.000000 0.000000 1.000000
907 0.952677 0.012946 -0.303710 0.203845 0.303504 0.015703 0.952701 0.587714 0.017102 -0.999793 0.011031 1.109191 0.000000 0.000000 0.000000 1.000000
908 0.944804 0.027175 -0.326508 0.211972 0.326351 0.010134 0.945194 0.565468 0.028995 -0.999579 0.000706 1.104587 0.000000 0.000000 0.000000 1.000000
909 0.938518 0.034343 -0.343518 0.218774 0.343404 0.009370 0.939141 0.540924 0.035472 -0.999366 -0.003000 1.098391 0.000000 0.000000 0.000000 1.000000
910 0.931784 0.039790 -0.360825 0.224522 0.360634 0.012127 0.932629 0.516546 0.041485 -0.999134 -0.003050 1.095148 0.000000 0.000000 0.000000 1.000000
911 0.924974 0.041933 -0.377709 0.233396 0.377424 0.014823 0.925922 0.492288 0.044426 -0.999010 -0.002115 1.088597 0.000000 0.000000 0.000000 1.000000
912 0.921279 0.042909 -0.386528 0.237110 0.386802 0.002060 0.922161 0.465618 0.040365 -0.999077 -0.014699 1.087964 0.000000 0.000000 0.000000 1.000000
913 0.916837 0.037766 -0.397471 0.243621 0.398099 -0.010571 0.917282 0.440213 0.030440 -0.999231 -0.024726 1.085340 0.000000 0.000000 0.000000 1.000000
914 0.910811 0.037672 -0.411100 0.250016 0.412055 -0.022249 0.910887 0.413535 0.025168 -0.999042 -0.035788 1.080747 0.000000 0.000000 0.000000 1.000000
915 0.904941 0.036195 -0.423996 0.257439 0.425080 -0.030691 0.904635 0.385886 0.019730 -0.998873 -0.043159 1.074707 0.000000 0.000000 0.000000 1.000000
916 0.902964 0.037766 -0.428054 0.263513 0.429342 -0.037712 0.902354 0.354903 0.017936 -0.998575 -0.050267 1.072236 0.000000 0.000000 0.000000 1.000000
917 0.904024 0.037577 -0.425828 0.271698 0.427168 -0.041232 0.903231 0.325656 0.016383 -0.998443 -0.053326 1.066112 0.000000 0.000000 0.000000 1.000000
918 0.907450 0.035761 -0.418636 0.279771 0.419919 -0.043403 0.906523 0.294451 0.014248 -0.998417 -0.054403 1.061506 0.000000 0.000000 0.000000 1.000000
919 0.914124 0.035747 -0.403856 0.284710 0.405103 -0.040193 0.913387 0.264477 0.016419 -0.998552 -0.051223 1.053708 0.000000 0.000000 0.000000 1.000000
920 0.920873 0.043384 -0.387440 0.286715 0.389206 -0.044684 0.920066 0.235435 0.022604 -0.998059 -0.058034 1.049207 0.000000 0.000000 0.000000 1.000000
921 0.925526 0.050510 -0.375300 0.287668 0.377629 -0.049188 0.924650 0.209415 0.028244 -0.997512 -0.064598 1.047233 0.000000 0.000000 0.000000 1.000000
922 0.930164 0.054972 -0.363007 0.288166 0.365724 -0.051823 0.929279 0.189461 0.032272 -0.997142 -0.068308 1.044423 0.000000 0.000000 0.000000 1.000000
923 0.936149 0.056226 -0.347078 0.283862 0.350089 -0.057559 0.934946 0.171613 0.032591 -0.996758 -0.073569 1.039403 0.000000 0.000000 0.000000 1.000000
924 0.943121 0.052301 -0.328310 0.279401 0.331145 -0.060360 0.941647 0.158181 0.029433 -0.996806 -0.074246 1.030415 0.000000 0.000000 0.000000 1.000000
925 0.949647 0.046555 -0.309843 0.272849 0.312310 -0.061301 0.948000 0.148284 0.025141 -0.997033 -0.072754 1.021041 0.000000 0.000000 0.000000 1.000000
926 0.955684 0.032792 -0.292561 0.266630 0.294058 -0.058929 0.953969 0.137332 0.014042 -0.997723 -0.065961 1.008679 0.000000 0.000000 0.000000 1.000000
927 0.961378 0.017094 -0.274700 0.260007 0.275230 -0.057277 0.959671 0.128137 0.000671 -0.998212 -0.059769 0.992379 0.000000 0.000000 0.000000 1.000000
928 0.964767 0.008167 -0.262979 0.254411 0.262997 -0.058708 0.963009 0.119834 -0.007574 -0.998242 -0.058787 0.976860 0.000000 0.000000 0.000000 1.000000
929 0.968243 0.005104 -0.249959 0.246755 0.249832 -0.057667 0.966571 0.109825 -0.009481 -0.998323 -0.057111 0.959877 0.000000 0.000000 0.000000 1.000000
930 0.972996 0.000195 -0.230822 0.237482 0.230511 -0.052706 0.971641 0.097140 -0.011976 -0.998610 -0.051327 0.942590 0.000000 0.000000 0.000000 1.000000
931 0.977202 0.001041 -0.212308 0.230012 0.212118 -0.047339 0.976097 0.083160 -0.009034 -0.998878 -0.046481 0.926671 0.000000 0.000000 0.000000 1.000000
932 0.982026 -0.008761 -0.188540 0.220389 0.188081 -0.038177 0.981411 0.069290 -0.015796 -0.999233 -0.035843 0.910181 0.000000 0.000000 0.000000 1.000000
933 0.986167 -0.013593 -0.165197 0.210840 0.164786 -0.027201 0.985954 0.051848 -0.017895 -0.999538 -0.024585 0.892893 0.000000 0.000000 0.000000 1.000000
934 0.989092 -0.009472 -0.146995 0.199656 0.146747 -0.023048 0.988906 0.037495 -0.012755 -0.999690 -0.021406 0.876822 0.000000 0.000000 0.000000 1.000000
935 0.991563 0.001125 -0.129621 0.186647 0.129572 -0.037550 0.990859 0.025686 -0.003753 -0.999294 -0.037379 0.863316 0.000000 0.000000 0.000000 1.000000
936 0.993581 0.009299 -0.112736 0.171545 0.113078 -0.054820 0.992073 0.013760 0.003045 -0.998453 -0.055519 0.844968 0.000000 0.000000 0.000000 1.000000
937 0.994497 0.012994 -0.103958 0.160081 0.104595 -0.066284 0.992304 0.002767 0.006003 -0.997716 -0.067279 0.827606 0.000000 0.000000 0.000000 1.000000
938 0.995611 0.005701 -0.093419 0.152180 0.093589 -0.050928 0.994308 -0.004736 0.000911 -0.998686 -0.051238 0.806021 0.000000 0.000000 0.000000 1.000000
939 0.996972 -0.002912 -0.077703 0.141779 0.077643 -0.016742 0.996841 -0.014810 -0.004204 -0.999856 -0.016465 0.789444 0.000000 0.000000 0.000000 1.000000
940 0.997441 -0.002621 -0.071442 0.132341 0.071475 0.015656 0.997320 -0.019037 -0.001495 -0.999874 0.015803 0.766476 0.000000 0.000000 0.000000 1.000000
941 0.997237 -0.002362 -0.074246 0.127029 0.074282 0.027036 0.996871 -0.021708 -0.000347 -0.999632 0.027137 0.751095 0.000000 0.000000 0.000000 1.000000
942 0.996823 -0.000896 -0.079643 0.122442 0.079644 0.021721 0.996587 -0.025973 0.000837 -0.999764 0.021724 0.741470 0.000000 0.000000 0.000000 1.000000
943 0.996977 -0.007758 -0.077308 0.116556 0.077472 0.023586 0.996716 -0.026466 -0.005909 -0.999692 0.024115 0.729291 0.000000 0.000000 0.000000 1.000000
944 0.997157 -0.008607 -0.074862 0.113204 0.075103 0.032313 0.996652 -0.024161 -0.006159 -0.999441 0.032867 0.719701 0.000000 0.000000 0.000000 1.000000
945 0.997651 -0.005222 -0.068300 0.106512 0.068448 0.037260 0.996959 -0.019137 -0.002661 -0.999292 0.037530 0.708570 0.000000 0.000000 0.000000 1.000000
946 0.998406 -0.002924 -0.056366 0.103017 0.056436 0.037262 0.997711 -0.014644 -0.000817 -0.999301 0.037368 0.702424 0.000000 0.000000 0.000000 1.000000
947 0.999164 0.001801 -0.040848 0.096132 0.040742 0.040467 0.998350 -0.009215 0.003451 -0.999179 0.040359 0.690342 0.000000 0.000000 0.000000 1.000000
948 0.999390 0.002241 -0.034862 0.093757 0.034766 0.033855 0.998822 -0.001496 0.003419 -0.999424 0.033757 0.684887 0.000000 0.000000 0.000000 1.000000
949 0.999538 -0.002343 -0.030318 0.092539 0.030367 0.024769 0.999232 0.002033 -0.001591 -0.999690 0.024829 0.679987 0.000000 0.000000 0.000000 1.000000
950 0.999536 -0.006619 -0.029724 0.091460 0.029850 0.019869 0.999357 0.005228 -0.006024 -0.999781 0.020057 0.673995 0.000000 0.000000 0.000000 1.000000
951 0.999244 -0.015690 -0.035580 0.090655 0.035909 0.021178 0.999131 0.003904 -0.014923 -0.999653 0.021725 0.667514 0.000000 0.000000 0.000000 1.000000
952 0.998828 -0.011108 -0.047103 0.087851 0.047326 0.020762 0.998664 0.001669 -0.010115 -0.999723 0.021264 0.660662 0.000000 0.000000 0.000000 1.000000
953 0.998114 0.004069 -0.061256 0.087136 0.061132 0.025658 0.997800 0.001892 0.005632 -0.999662 0.025361 0.652853 0.000000 0.000000 0.000000 1.000000
954 0.997430 0.024848 -0.067201 0.082593 0.066509 0.027698 0.997401 0.001782 0.026645 -0.999307 0.025974 0.642097 0.000000 0.000000 0.000000 1.000000
955 0.997141 0.040956 -0.063498 0.076474 0.062318 0.029484 0.997621 0.002742 0.042731 -0.998726 0.026847 0.632123 0.000000 0.000000 0.000000 1.000000
956 0.996044 0.062182 -0.063475 0.073864 0.061221 0.037500 0.997420 0.002986 0.064402 -0.997360 0.033545 0.625817 0.000000 0.000000 0.000000 1.000000
957 0.994944 0.076267 -0.065341 0.071448 0.061464 0.052112 0.996748 -0.000267 0.079424 -0.995725 0.047161 0.618473 0.000000 0.000000 0.000000 1.000000
958 0.994889 0.076623 -0.065767 0.069364 0.060517 0.068928 0.995784 -0.003538 0.080833 -0.994675 0.063939 0.614372 0.000000 0.000000 0.000000 1.000000
959 0.995648 0.063811 -0.067927 0.072820 0.062579 0.082370 0.994635 -0.001789 0.069063 -0.994557 0.078018 0.611450 0.000000 0.000000 0.000000 1.000000
960 0.995995 0.061393 -0.065001 0.071425 0.059604 0.085990 0.994512 -0.003100 0.066645 -0.994403 0.081986 0.608741 0.000000 0.000000 0.000000 1.000000
961 0.996497 0.057928 -0.060314 0.072272 0.055339 0.083961 0.994931 -0.004379 0.062698 -0.994784 0.080461 0.606394 0.000000 0.000000 0.000000 1.000000
962 0.997160 0.048739 -0.057413 0.070928 0.052863 0.090000 0.994538 -0.004430 0.053640 -0.994749 0.087168 0.603833 0.000000 0.000000 0.000000 1.000000
963 0.997815 0.028526 -0.059595 0.071255 0.056618 0.095750 0.993794 -0.002687 0.034055 -0.994997 0.093926 0.596938 0.000000 0.000000 0.000000 1.000000
964 0.997788 0.020862 -0.063117 0.076585 0.061423 0.073768 0.995382 0.000367 0.025421 -0.997057 0.072324 0.600082 0.000000 0.000000 0.000000 1.000000
965 0.997621 0.018053 -0.066534 0.076885 0.065161 0.068181 0.995543 0.001658 0.022509 -0.997510 0.066843 0.597230 0.000000 0.000000 0.000000 1.000000
966 0.997593 0.015540 -0.067578 0.076372 0.066389 0.067299 0.995522 0.001320 0.020019 -0.997612 0.066106 0.596060 0.000000 0.000000 0.000000 1.000000
967 0.997401 0.013317 -0.070814 0.077739 0.069893 0.060146 0.995740 0.003430 0.017519 -0.998101 0.059059 0.596665 0.000000 0.000000 0.000000 1.000000
968 0.997392 0.010600 -0.071387 0.075917 0.070661 0.057784 0.995825 0.002718 0.014681 -0.998273 0.056885 0.593536 0.000000 0.000000 0.000000 1.000000
969 0.997129 0.007076 -0.075392 0.080678 0.074930 0.051506 0.995858 0.006236 0.010929 -0.998648 0.050828 0.593386 0.000000 0.000000 0.000000 1.000000
970 0.997303 0.003489 -0.073312 0.078053 0.073099 0.042318 0.996426 0.004320 0.006579 -0.999098 0.041949 0.597451 0.000000 0.000000 0.000000 1.000000
971 0.997246 -0.001114 -0.074150 0.078653 0.074139 0.038189 0.996516 0.005615 0.001721 -0.999270 0.038167 0.596833 0.000000 0.000000 0.000000 1.000000
972 0.997234 -0.001259 -0.074309 0.079155 0.074303 0.038259 0.996502 0.005783 0.001588 -0.999267 0.038246 0.596474 0.000000 0.000000 0.000000 1.000000
973 0.997296 0.000627 -0.073493 0.079046 0.073411 0.039394 0.996523 0.006298 0.003520 -0.999224 0.039242 0.594415 0.000000 0.000000 0.000000 1.000000
974 0.997302 -0.001292 -0.073396 0.079264 0.073394 0.036597 0.996631 0.005256 0.001399 -0.999329 0.036594 0.597541 0.000000 0.000000 0.000000 1.000000
975 0.997333 0.000159 -0.072979 0.078500 0.072914 0.040057 0.996533 0.005322 0.003082 -0.999197 0.039939 0.595613 0.000000 0.000000 0.000000 1.000000
976 0.997422 -0.000920 -0.071757 0.077494 0.071739 0.038404 0.996684 0.007146 0.001838 -0.999262 0.038371 0.597010 0.000000 0.000000 0.000000 1.000000
977 0.997330 -0.001428 -0.073018 0.078870 0.073018 0.039188 0.996560 0.006802 0.001439 -0.999231 0.039188 0.595901 0.000000 0.000000 0.000000 1.000000
978 0.997252 -0.002138 -0.074053 0.079746 0.074079 0.040654 0.996423 0.005974 0.000880 -0.999171 0.040701 0.593967 0.000000 0.000000 0.000000 1.000000
979 0.997486 -0.001505 -0.070850 0.076666 0.070856 0.037456 0.996783 0.005829 0.001154 -0.999297 0.037469 0.596564 0.000000 0.000000 0.000000 1.000000
980 0.997337 -0.000737 -0.072923 0.080072 0.072899 0.037213 0.996645 0.006976 0.001980 -0.999307 0.037168 0.597815 0.000000 0.000000 0.000000 1.000000
981 0.997502 -0.000685 -0.070629 0.079300 0.070603 0.038397 0.996765 0.006841 0.002029 -0.999262 0.038349 0.596401 0.000000 0.000000 0.000000 1.000000
982 0.997651 -0.001382 -0.068491 0.079050 0.068492 0.039353 0.996875 0.005973 0.001318 -0.999224 0.039355 0.595135 0.000000 0.000000 0.000000 1.000000
983 0.997848 -0.000833 -0.065561 0.079539 0.065545 0.038291 0.997115 0.006738 0.001680 -0.999266 0.038263 0.594408 0.000000 0.000000 0.000000 1.000000
984 0.997959 -0.003338 -0.063767 0.080350 0.063849 0.039357 0.997183 0.006377 -0.000819 -0.999220 0.039490 0.592697 0.000000 0.000000 0.000000 1.000000
985 0.998162 -0.002940 -0.060537 0.080309 0.060601 0.032659 0.997628 0.005239 -0.000955 -0.999462 0.032777 0.597077 0.000000 0.000000 0.000000 1.000000
986 0.998156 -0.003542 -0.060590 0.078157 0.060678 0.035523 0.997525 0.006439 -0.001381 -0.999363 0.035672 0.593321 0.000000 0.000000 0.000000 1.000000
987 0.997912 -0.004560 -0.064430 0.080436 0.064553 0.036020 0.997264 0.006457 -0.002227 -0.999341 0.036239 0.591523 0.000000 0.000000 0.000000 1.000000
988 0.997677 -0.005445 -0.067903 0.081399 0.068051 0.034619 0.997081 0.007295 -0.003078 -0.999386 0.034909 0.595599 0.000000 0.000000 0.000000 1.000000
989 0.997770 -0.004798 -0.066575 0.079635 0.066700 0.034352 0.997182 0.006647 -0.002497 -0.999398 0.034595 0.594819 0.000000 0.000000 0.000000 1.000000
990 0.997776 -0.004990 -0.066470 0.079750 0.066603 0.034442 0.997185 0.007428 -0.002686 -0.999394 0.034697 0.594410 0.000000 0.000000 0.000000 1.000000
991 0.997708 -0.005869 -0.067416 0.082185 0.067572 0.032423 0.997187 0.007075 -0.003667 -0.999457 0.032745 0.596152 0.000000 0.000000 0.000000 1.000000
992 0.997924 -0.005738 -0.064150 0.079667 0.064300 0.031509 0.997433 0.007178 -0.003702 -0.999487 0.031813 0.597126 0.000000 0.000000 0.000000 1.000000
993 0.998009 -0.003791 -0.062956 0.080360 0.063046 0.032677 0.997476 0.005797 -0.001724 -0.999459 0.032851 0.593217 0.000000 0.000000 0.000000 1.000000
994 0.998161 -0.002984 -0.060538 0.080573 0.060604 0.033508 0.997599 0.006857 -0.000948 -0.999434 0.033627 0.594283 0.000000 0.000000 0.000000 1.000000
995 0.998410 -0.003626 -0.056256 0.078228 0.056341 0.030820 0.997936 0.006028 -0.001885 -0.999518 0.030975 0.596106 0.000000 0.000000 0.000000 1.000000
996 0.998343 -0.004855 -0.057334 0.081126 0.057462 0.032771 0.997810 0.006064 -0.002965 -0.999451 0.032996 0.594515 0.000000 0.000000 0.000000 1.000000
997 0.998432 -0.005255 -0.055732 0.079358 0.055879 0.033901 0.997862 0.007010 -0.003355 -0.999411 0.034141 0.593464 0.000000 0.000000 0.000000 1.000000
998 0.998349 -0.004704 -0.057250 0.081762 0.057379 0.034582 0.997753 0.007178 -0.002714 -0.999391 0.034795 0.592546 0.000000 0.000000 0.000000 1.000000
999 0.998406 -0.004245 -0.056277 0.080952 0.056386 0.032572 0.997878 0.006056 -0.002403 -0.999460 0.032760 0.595173 0.000000 0.000000 0.000000 1.000000
1000 0.998528 -0.005678 -0.053946 0.077837 0.054105 0.033247 0.997982 0.007399 -0.003873 -0.999431 0.033505 0.595053 0.000000 0.000000 0.000000 1.000000
1001 0.998429 -0.004535 -0.055840 0.079388 0.055958 0.032372 0.997908 0.005502 -0.002718 -0.999466 0.032575 0.594308 0.000000 0.000000 0.000000 1.000000
1002 0.998396 -0.005904 -0.056312 0.080244 0.056481 0.034132 0.997820 0.007044 -0.003969 -0.999400 0.034411 0.593864 0.000000 0.000000 0.000000 1.000000
1003 0.998329 -0.004422 -0.057615 0.081916 0.057728 0.032326 0.997809 0.007127 -0.002550 -0.999468 0.032527 0.595938 0.000000 0.000000 0.000000 1.000000
1004 0.998416 -0.004003 -0.056119 0.079025 0.056224 0.034361 0.997827 0.006917 -0.002066 -0.999401 0.034532 0.593896 0.000000 0.000000 0.000000 1.000000
1005 0.998446 -0.002942 -0.055650 0.079914 0.055718 0.034189 0.997861 0.007189 -0.001033 -0.999411 0.034300 0.593818 0.000000 0.000000 0.000000 1.000000
1006 0.998363 -0.003259 -0.057111 0.081501 0.057186 0.031812 0.997857 0.006772 -0.001436 -0.999489 0.031946 0.596036 0.000000 0.000000 0.000000 1.000000
1007 0.998368 -0.004704 -0.056905 0.081228 0.057029 0.032495 0.997844 0.007429 -0.002844 -0.999461 0.032710 0.596496 0.000000 0.000000 0.000000 1.000000
1008 0.998400 -0.001834 -0.056522 0.082388 0.056552 0.034680 0.997797 0.007225 0.000131 -0.999397 0.034728 0.594107 0.000000 0.000000 0.000000 1.000000
1009 0.998324 -0.002320 -0.057827 0.082217 0.057873 0.036115 0.997671 0.006741 -0.000226 -0.999345 0.036189 0.591417 0.000000 0.000000 0.000000 1.000000
1010 0.998418 -0.003239 -0.056138 0.080302 0.056218 0.035528 0.997786 0.006796 -0.001237 -0.999363 0.035654 0.592349 0.000000 0.000000 0.000000 1.000000
1011 0.998422 -0.003338 -0.056061 0.079915 0.056142 0.033323 0.997867 0.006972 -0.001463 -0.999439 0.033458 0.594832 0.000000 0.000000 0.000000 1.000000
1012 0.998297 -0.005172 -0.058103 0.081759 0.058252 0.036081 0.997650 0.008016 -0.003063 -0.999336 0.036320 0.592948 0.000000 0.000000 0.000000 1.000000
1013 0.998220 -0.005153 -0.059415 0.082928 0.059554 0.033144 0.997675 0.007206 -0.003172 -0.999437 0.033392 0.595962 0.000000 0.000000 0.000000 1.000000
1014 0.998350 -0.001727 -0.057401 0.078750 0.057426 0.032314 0.997827 0.007334 0.000131 -0.999476 0.032360 0.595896 0.000000 0.000000 0.000000 1.000000
1015 0.998158 -0.003044 -0.060591 0.083994 0.060659 0.032956 0.997614 0.008942 -0.001040 -0.999452 0.033080 0.597264 0.000000 0.000000 0.000000 1.000000
1016 0.998214 -0.004159 -0.059601 0.081423 0.059709 0.034148 0.997632 0.008253 -0.002114 -0.999408 0.034335 0.595120 0.000000 0.000000 0.000000 1.000000
1017 0.998177 -0.002255 -0.060320 0.080805 0.060362 0.040074 0.997372 0.007146 0.000168 -0.999194 0.040137 0.589866 0.000000 0.000000 0.000000 1.000000
1018 0.998219 -0.003292 -0.059563 0.079921 0.059644 0.036944 0.997536 0.007530 -0.001083 -0.999312 0.037075 0.593692 0.000000 0.000000 0.000000 1.000000
1019 0.998255 -0.002641 -0.058989 0.079874 0.059047 0.038413 0.997516 0.007152 -0.000368 -0.999258 0.038502 0.591181 0.000000 0.000000 0.000000 1.000000
1020 0.998178 -0.001601 -0.060316 0.081542 0.060334 0.037353 0.997479 0.007271 0.000656 -0.999301 0.037382 0.592317 0.000000 0.000000 0.000000 1.000000
1021 0.998213 -0.002745 -0.059692 0.079367 0.059752 0.035597 0.997578 0.006200 -0.000614 -0.999362 0.035698 0.593674 0.000000 0.000000 0.000000 1.000000
1022 0.998109 -0.002244 -0.061433 0.080618 0.061474 0.037388 0.997408 0.006179 0.000059 -0.999298 0.037455 0.590379 0.000000 0.000000 0.000000 1.000000
1023 0.998034 -0.002406 -0.062622 0.080120 0.062668 0.036595 0.997363 0.006838 -0.000108 -0.999327 0.036674 0.592597 0.000000 0.000000 0.000000 1.000000
1024 0.997990 -0.002675 -0.063323 0.079873 0.063379 0.037985 0.997266 0.007360 -0.000262 -0.999275 0.038078 0.591378 0.000000 0.000000 0.000000 1.000000
1025 0.997997 -0.003098 -0.063191 0.079854 0.063262 0.036376 0.997334 0.007872 -0.000791 -0.999333 0.036499 0.594362 0.000000 0.000000 0.000000 1.000000
1026 0.997859 -0.003252 -0.065317 0.081785 0.065395 0.040689 0.997030 0.008872 -0.000584 -0.999167 0.040815 0.590639 0.000000 0.000000 0.000000 1.000000
1027 0.997921 -0.002329 -0.064412 0.081445 0.064454 0.037688 0.997209 0.008009 0.000106 -0.999287 0.037760 0.593175 0.000000 0.000000 0.000000 1.000000
1028 0.997938 -0.001700 -0.064162 0.080825 0.064180 0.038317 0.997202 0.007552 0.000763 -0.999264 0.038347 0.591794 0.000000 0.000000 0.000000 1.000000
1029 0.997975 -0.003595 -0.063512 0.080036 0.063601 0.036393 0.997312 0.008122 -0.001274 -0.999331 0.036548 0.594126 0.000000 0.000000 0.000000 1.000000
1030 0.998050 -0.003253 -0.062335 0.078565 0.062412 0.036531 0.997382 0.007028 -0.000967 -0.999327 0.036663 0.593179 0.000000 0.000000 0.000000 1.000000
1031 0.997899 -0.002118 -0.064762 0.082296 0.064796 0.035720 0.997259 0.008058 0.000201 -0.999360 0.035782 0.595487 0.000000 0.000000 0.000000 1.000000
1032 0.997948 -0.002319 -0.063991 0.081314 0.064033 0.035680 0.997310 0.007638 -0.000030 -0.999361 0.035755 0.594619 0.000000 0.000000 0.000000 1.000000
1033 0.997913 -0.002836 -0.064509 0.080640 0.064570 0.038620 0.997166 0.007977 -0.000337 -0.999250 0.038722 0.590626 0.000000 0.000000 0.000000 1.000000
1034 0.997882 -0.002965 -0.064982 0.082346 0.065047 0.036163 0.997227 0.007368 -0.000607 -0.999342 0.036279 0.593586 0.000000 0.000000 0.000000 1.000000
1035 0.997961 -0.001690 -0.063800 0.080716 0.063818 0.037930 0.997240 0.007818 0.000734 -0.999279 0.037961 0.591823 0.000000 0.000000 0.000000 1.000000
1036 0.997901 -0.003214 -0.064676 0.081514 0.064749 0.035518 0.997269 0.007944 -0.000908 -0.999364 0.035651 0.594485 0.000000 0.000000 0.000000 1.000000
1037 0.997821 -0.002286 -0.065933 0.082432 0.065972 0.038750 0.997069 0.007746 0.000276 -0.999246 0.038817 0.591601 0.000000 0.000000 0.000000 1.000000
1038 0.997952 -0.001674 -0.063950 0.079644 0.063969 0.036803 0.997273 0.008594 0.000685 -0.999321 0.036835 0.593013 0.000000 0.000000 0.000000 1.000000
1039 0.997791 -0.001500 -0.066410 0.081121 0.066419 0.037911 0.997071 0.008515 0.001022 -0.999280 0.037926 0.591356 0.000000 0.000000 0.000000 1.000000
1040 0.997866 -0.003422 -0.065206 0.078185 0.065288 0.037015 0.997180 0.007982 -0.000999 -0.999309 0.037159 0.592498 0.000000 0.000000 0.000000 1.000000
1041 0.997711 -0.002337 -0.067579 0.080254 0.067620 0.035273 0.997087 0.007887 0.000053 -0.999375 0.035350 0.595492 0.000000 0.000000 0.000000 1.000000
1042 0.997509 -0.002926 -0.070475 0.083105 0.070535 0.037548 0.996802 0.009468 -0.000271 -0.999291 0.037661 0.592985 0.000000 0.000000 0.000000 1.000000
1043 0.997621 -0.001142 -0.068930 0.079751 0.068919 0.041125 0.996774 0.008192 0.001697 -0.999153 0.041106 0.586149 0.000000 0.000000 0.000000 1.000000
1044 0.997603 -0.002072 -0.069164 0.080569 0.069194 0.035671 0.996965 0.007741 0.000402 -0.999361 0.035729 0.594765 0.000000 0.000000 0.000000 1.000000
1045 0.997671 -0.003652 -0.068110 0.079876 0.068196 0.034683 0.997069 0.008031 -0.001279 -0.999392 0.034852 0.596534 0.000000 0.000000 0.000000 1.000000
1046 0.997549 -0.001305 -0.069957 0.082083 0.069958 0.037022 0.996863 0.008391 0.001290 -0.999314 0.037023 0.592835 0.000000 0.000000 0.000000 1.000000
1047 0.997604 -0.002194 -0.069152 0.080173 0.069185 0.039019 0.996840 0.007845 0.000511 -0.999236 0.039077 0.589480 0.000000 0.000000 0.000000 1.000000
1048 0.997580 -0.002616 -0.069485 0.080642 0.069534 0.037014 0.996893 0.008255 -0.000036 -0.999311 0.037106 0.593679 0.000000 0.000000 0.000000 1.000000
1049 0.997599 -0.002630 -0.069199 0.080513 0.069249 0.038504 0.996856 0.009086 0.000042 -0.999255 0.038593 0.590759 0.000000 0.000000 0.000000 1.000000
1050 0.997592 -0.001223 -0.069338 0.080957 0.069337 0.035872 0.996948 0.008304 0.001268 -0.999356 0.035870 0.593518 0.000000 0.000000 0.000000 1.000000
1051 0.997519 -0.003237 -0.070320 0.082294 0.070391 0.036678 0.996845 0.008926 -0.000647 -0.999322 0.036815 0.594116 0.000000 0.000000 0.000000 1.000000
1052 0.997583 -0.002186 -0.069455 0.080976 0.069488 0.037181 0.996890 0.007518 0.000403 -0.999306 0.037243 0.591291 0.000000 0.000000 0.000000 1.000000
1053 0.997560 -0.001204 -0.069804 0.081463 0.069798 0.038798 0.996806 0.008221 0.001508 -0.999246 0.038787 0.589964 0.000000 0.000000 0.000000 1.000000
1054 0.997593 -0.003395 -0.069255 0.080442 0.069334 0.036823 0.996914 0.008475 -0.000835 -0.999316 0.036970 0.592703 0.000000 0.000000 0.000000 1.000000
1055 0.997534 -0.003382 -0.070105 0.081678 0.070183 0.038361 0.996796 0.009054 -0.000682 -0.999258 0.038504 0.589785 0.000000 0.000000 0.000000 1.000000
1056 0.997519 -0.003430 -0.070313 0.081737 0.070392 0.037163 0.996827 0.008429 -0.000806 -0.999303 0.037312 0.591709 0.000000 0.000000 0.000000 1.000000
1057 0.997446 -0.002356 -0.071386 0.082849 0.071424 0.037465 0.996742 0.008611 0.000327 -0.999295 0.037538 0.591104 0.000000 0.000000 0.000000 1.000000
1058 0.997477 -0.003989 -0.070883 0.082978 0.070984 0.037831 0.996760 0.009624 -0.001294 -0.999276 0.038018 0.592112 0.000000 0.000000 0.000000 1.000000
1059 0.997496 -0.002764 -0.070666 0.082113 0.070720 0.037655 0.996785 0.009286 -0.000094 -0.999287 0.037756 0.591387 0.000000 0.000000 0.000000 1.000000
1060 0.997598 -0.002464 -0.069231 0.080294 0.069274 0.036316 0.996936 0.008510 0.000058 -0.999337 0.036400 0.593312 0.000000 0.000000 0.000000 1.000000
1061 0.997592 -0.001483 -0.069336 0.080957 0.069346 0.034372 0.997000 0.007886 0.000905 -0.999408 0.034392 0.595333 0.000000 0.000000 0.000000 1.000000
1062 0.997605 -0.002321 -0.069129 0.079842 0.069167 0.038501 0.996862 0.008508 0.000347 -0.999256 0.038569 0.589070 0.000000 0.000000 0.000000 1.000000
1063 0.997564 -0.002321 -0.069719 0.081067 0.069757 0.036583 0.996893 0.007875 0.000236 -0.999328 0.036656 0.592442 0.000000 0.000000 0.000000 1.000000
1064 0.997587 -0.001266 -0.069410 0.080239 0.069406 0.039207 0.996818 0.007713 0.001459 -0.999230 0.039200 0.588818 0.000000 0.000000 0.000000 1.000000
