dataset,scene,frame,free_mean,ssc,n,occ,sc,prec,rec
NYU,,0001,2.197,58.36,5535,76.39,91.04,94.24,96.4
NYU,,0002,3.356,29.11,2927,94.26,90.18,98.03,91.84
NYU,,0009,3.061,40.93,25233,17.6,61.06,86.84,67.29
NYU,,0014,2.221,51.14,3599,58.04,87.93,90.41,96.98
NYU,,0015,2.172,51.41,22439,17.08,60.21,63.64,91.78
NYU,,0016,2.758,40.96,16355,46.02,62.68,75.69,78.47
NYU,,0017,2.086,47.1,43332,10.4,52.52,61.35,78.48
NYU,,0018,2.349,53.69,40076,12.16,67.78,77.37,84.54
NYU,,0021,2.557,38.02,37772,9.39,65.35,81.17,77.03
NYU,,0028,1.113,24.68,35784,31.44,60.49,85.04,67.69
NYU,,0029,2.12,53.91,47337,11.92,77.67,88.89,86.02
NYU,,0030,1.345,48.94,37715,16.86,65.62,81.13,77.44
NYU,,0031,2.329,60.99,14541,20.68,62.61,69.41,86.46
NYU,,0032,2.602,43.02,41433,10.68,63.92,80.43,75.69
NYU,,0033,3.513,52.98,563,98.58,96.44,98.72,97.66
NYU,,0034,2.473,63.71,12245,37.21,90.96,92.82,97.85
NYU,,0035,0.787,30.55,18949,47.83,69.84,94.2,72.98
NYU,,0036,0.765,39.77,25962,35.82,83.03,91.04,90.42
NYU,,0037,2.161,76.44,9920,47.89,78.92,87.72,88.72
NYU,,0038,2.997,37.16,25413,14.08,78.38,94.38,82.22
NYU,,0039,1.953,53.77,8386,49.82,82.76,94.63,86.84
NYU,,0040,2.391,48.57,3357,57.79,81.85,90.3,89.74
NYU,,0041,2.59,42.75,2376,69.28,77.03,85.87,88.21
NYU,,0042,3.213,28.31,781,99.36,93.21,99.32,93.81
NYU,,0043,2.62,55.32,3003,83.48,92.71,95.59,96.85
NYU,,0046,3.249,66.89,5133,15.86,88.61,89.1,99.39
NYU,,0047,3.094,62.67,25709,8.99,88.88,99.04,89.65
NYU,,0056,2.391,62.05,4476,94.79,94.08,94.78,99.22
NYU,,0057,3.238,41.05,2033,74.72,77.43,85.02,89.66
NYU,,0059,2.553,49.37,6891,24.58,88.04,90.21,97.34
NYU,,0060,2.009,53.76,7254,71.44,82.37,87.05,93.88
NYU,,0061,2.351,44.2,4490,66.84,75.26,91.55,80.87
NYU,,0062,2.833,67.38,1759,90.45,88.88,95.89,92.39
NYU,,0063,2.814,43.68,2513,91.01,88.8,95.62,92.57
NYU,,0076,2.233,63.65,7183,60.23,87.0,93.92,92.19
NYU,,0077,2.265,53.56,3903,67.49,79.26,86.55,90.39
NYU,,0078,3.113,53.21,1865,86.54,84.8,86.43,97.83
NYU,,0079,2.264,58.95,4348,81.28,86.44,87.31,98.87
NYU,,0084,1.254,49.88,26591,47.17,49.76,59.81,74.75
NYU,,0085,2.162,51.44,11807,48.48,57.23,76.37,69.55
NYU,,0086,2.395,51.04,24231,43.25,49.04,87.59,52.7
NYU,,0087,2.592,51.42,34526,30.37,33.31,84.92,35.41
NYU,,0088,3.524,53.52,47923,9.87,62.98,92.83,66.2
NYU,,0089,1.765,53.83,35769,18.79,66.07,78.66,80.51
NYU,,0090,2.145,43.39,37857,9.88,57.2,72.95,72.6
NYU,,0091,1.81,48.19,39943,28.29,50.31,88.57,53.81
NYU,,0117,1.416,53.04,12334,42.39,64.96,97.79,65.93
NYU,,0118,1.068,45.35,15806,41.37,78.59,94.38,82.44
NYU,,0119,0.856,53.43,12458,39.65,70.75,92.32,75.18
NYU,,0125,3.289,45.91,8566,57.88,58.99,92.58,61.92
NYU,,0126,3.315,37.51,5719,81.54,71.04,93.96,74.44
NYU,,0127,3.591,61.82,2387,100.0,99.87,100.0,99.87
NYU,,0128,3.988,80.42,238,100.0,100.0,100.0,100.0
NYU,,0129,4.005,34.8,1060,79.81,83.39,96.42,86.05
NYU,,0131,3.303,61.12,3100,99.94,98.26,99.93,98.32
NYU,,0132,3.878,55.34,874,100.0,90.27,100.0,90.27
NYU,,0133,3.823,48.77,598,100.0,94.98,100.0,94.98
NYU,,0134,3.31,57.4,9148,38.43,47.05,70.5,58.59
NYU,,0137,3.347,50.88,3325,83.73,92.43,96.96,95.19
NYU,,0153,2.147,49.27,5387,41.06,51.18,52.8,94.35
NYU,,0154,1.961,66.62,8041,18.08,94.94,96.68,98.14
NYU,,0155,2.466,44.58,3502,66.19,78.62,83.21,93.44
NYU,,0167,2.693,54.76,7769,27.92,71.5,80.65,86.31
NYU,,0168,3.423,63.41,260,100.0,100.0,100.0,100.0
NYU,,0169,2.878,62.76,2225,93.3,88.3,95.69,91.96
NYU,,0171,1.964,43.2,15501,44.24,70.27,88.68,77.19
NYU,,0172,1.538,31.54,20838,67.89,62.56,93.39,65.46
NYU,,0173,1.731,44.88,19247,43.41,71.26,85.35,81.2
NYU,,0174,1.462,61.81,17298,52.85,77.06,81.2,93.79
NYU,,0175,2.694,56.23,3831,49.54,79.66,87.81,89.57
NYU,,0176,2.916,61.87,2396,87.73,91.87,95.85,95.67
NYU,,0180,2.215,59.2,6055,80.13,78.44,87.43,88.42
NYU,,0181,2.376,44.86,3515,73.97,83.37,84.87,97.92
NYU,,0182,2.46,52.12,4043,85.7,91.35,94.97,95.99
NYU,,0183,2.914,75.85,3501,79.38,82.61,83.8,98.31
NYU,,0184,3.202,36.48,662,77.19,85.74,87.54,97.65
NYU,,0185,2.801,60.57,9269,19.83,71.67,85.6,81.5
NYU,,0186,2.542,53.22,40518,8.46,89.75,93.23,96.0
NYU,,0187,2.802,43.91,1235,89.23,87.76,89.14,98.28
NYU,,0188,3.059,63.98,2335,97.52,97.0,97.5,99.47
NYU,,0189,3.293,34.25,2184,78.89,76.03,96.16,78.41
NYU,,0190,2.282,55.64,3362,88.73,90.89,92.62,97.99
NYU,,0191,3.368,32.57,4033,46.24,71.44,96.94,73.08
NYU,,0192,3.234,59.57,1942,81.36,87.63,91.0,95.95
NYU,,0193,3.11,61.45,11015,21.89,81.42,91.62,87.97
NYU,,0194,3.511,63.15,1793,87.51,94.03,99.66,94.33
NYU,,0195,3.45,54.17,4589,14.06,90.71,99.83,90.85
NYU,,0196,3.474,45.63,18904,14.7,76.74,86.53,87.15
NYU,,0197,3.965,32.81,658,100.0,67.78,100.0,67.78
NYU,,0198,3.012,32.65,2108,89.18,57.09,94.39,59.1
NYU,,0199,3.159,43.4,7235,59.88,69.72,83.06,81.28
NYU,,0200,2.634,47.15,15046,19.38,76.22,90.09,83.2
NYU,,0201,1.638,43.8,28200,18.07,83.08,96.3,85.82
NYU,,0202,2.014,53.02,11093,46.52,74.03,95.22,76.88
NYU,,0207,2.683,59.46,16094,34.76,54.14,90.6,57.37
NYU,,0208,2.164,40.3,32211,19.42,53.39,93.17,55.57
NYU,,0209,2.308,66.45,3550,82.2,86.43,87.29,98.87
NYU,,0210,1.665,59.4,26374,25.56,77.87,89.5,85.7
NYU,,0211,2.11,59.92,24726,21.57,80.72,96.29,83.31
NYU,,0212,2.035,39.29,16520,25.62,71.42,93.4,75.21
NYU,,0220,2.505,41.99,7155,73.43,86.48,90.88,94.69
NYU,,0221,1.561,50.76,22689,43.29,79.06,89.4,87.24
NYU,,0222,2.27,37.32,11155,46.96,73.87,91.26,79.5
NYU,,0250,3.755,34.49,1861,99.84,93.93,99.83,94.08
NYU,,0264,2.409,55.3,4479,68.99,77.89,84.22,91.2
NYU,,0271,1.886,59.62,17652,29.27,82.33,93.96,86.94
NYU,,0272,0.675,57.65,12247,32.82,78.13,92.88,83.11
NYU,,0273,1.031,41.6,11007,33.48,62.82,92.83,66.02
NYU,,0279,1.289,50.74,27425,22.55,75.94,92.51,80.92
NYU,,0280,1.715,48.5,6180,73.85,85.99,89.62,95.51
NYU,,0281,1.167,38.99,7151,75.96,79.74,87.84,89.64
NYU,,0282,1.539,38.96,3260,93.56,92.87,97.83,94.82
NYU,,0283,2.256,36.76,2585,92.92,95.36,96.77,98.5
NYU,,0284,1.0,55.74,13082,46.97,68.02,90.9,72.99
NYU,,0285,1.384,39.66,8297,67.51,72.65,89.83,79.16
NYU,,0296,0.957,60.16,17610,37.12,86.8,94.08,91.82
NYU,,0297,1.52,52.53,10030,46.61,77.13,93.5,81.5
NYU,,0298,1.263,48.26,13161,59.74,84.36,90.48,92.57
NYU,,0299,1.164,54.93,13471,39.98,73.26,90.46,79.39
NYU,,0300,1.079,57.19,16048,37.35,83.34,91.34,90.49
NYU,,0301,0.88,54.98,10584,51.65,78.16,94.82,81.65
NYU,,0302,1.183,48.74,19883,51.53,70.63,88.85,77.49
NYU,,0310,0.882,56.13,18703,52.52,69.15,89.47,75.27
NYU,,0311,1.144,44.69,10205,45.96,80.33,96.75,82.56
NYU,,0312,1.189,67.93,11465,58.43,92.57,97.11,95.19
NYU,,0315,0.857,47.6,12342,57.49,81.48,85.86,94.11
NYU,,0316,0.504,45.95,6985,46.69,84.81,90.76,92.82
NYU,,0317,0.547,49.88,8710,47.94,83.61,95.7,86.88
NYU,,0325,1.3,37.23,5374,48.7,64.18,66.31,95.22
NYU,,0326,1.072,33.58,8540,72.53,63.59,98.01,64.42
NYU,,0327,0.494,38.29,11817,63.11,82.56,92.02,88.92
NYU,,0328,1.323,44.07,6699,65.2,87.48,89.29,97.73
NYU,,0329,0.51,50.36,6501,53.76,92.02,97.07,94.65
NYU,,0330,0.639,45.84,6773,61.3,84.26,97.65,86.01
NYU,,0331,0.444,53.48,6801,53.95,90.52,98.45,91.82
NYU,,0332,0.851,42.68,18664,54.27,70.57,86.32,79.46
NYU,,0333,1.625,65.53,25263,14.09,83.61,88.66,93.62
NYU,,0334,0.63,48.48,11616,76.29,68.03,99.3,68.36
NYU,,0335,0.616,47.52,15368,68.5,70.83,97.56,72.11
NYU,,0351,1.027,70.93,31745,16.03,85.23,99.21,85.82
NYU,,0352,0.851,41.58,10547,75.36,84.45,97.44,86.36
NYU,,0355,0.762,65.49,14457,40.02,75.23,84.52,87.26
NYU,,0356,1.372,56.4,12915,61.71,75.83,83.82,88.83
NYU,,0357,1.31,52.5,12202,75.84,81.56,89.51,90.18
NYU,,0358,1.282,52.02,18099,46.41,74.19,78.61,92.95
NYU,,0359,1.751,62.77,2693,93.39,95.3,97.61,97.57
NYU,,0360,1.952,50.84,3314,60.17,78.42,81.04,96.04
NYU,,0361,2.877,46.02,1657,86.96,87.9,92.36,94.8
NYU,,0362,2.696,51.42,13741,11.37,72.62,76.21,93.92
NYU,,0363,0.761,58.5,17646,63.58,77.05,89.58,84.63
NYU,,0364,1.758,53.42,8983,73.98,80.91,88.87,90.02
NYU,,0384,2.038,48.8,7212,48.88,69.3,74.28,91.18
NYU,,0385,2.187,78.06,1629,39.47,82.03,86.22,94.4
NYU,,0386,2.085,72.28,4640,59.46,71.37,75.14,93.44
NYU,,0387,1.709,38.94,26073,35.39,68.41,94.98,70.97
NYU,,0388,1.837,53.94,10852,64.34,75.44,92.77,80.15
NYU,,0389,2.326,51.62,4084,57.15,62.19,70.11,84.62
NYU,,0390,2.191,45.44,10070,39.96,59.78,68.6,82.31
NYU,,0395,2.326,54.23,6412,48.03,69.47,78.21,86.14
NYU,,0396,1.803,64.74,9426,39.9,76.12,81.15,92.48
NYU,,0397,1.86,52.02,7991,42.96,69.56,86.03,78.42
NYU,,0411,1.281,58.96,33126,29.95,67.72,94.72,70.38
NYU,,0412,1.77,66.9,9971,71.27,79.11,91.61,85.29
NYU,,0413,2.214,57.2,4564,86.9,97.23,97.25,99.97
NYU,,0414,1.417,56.85,29739,15.59,80.0,96.37,82.48
NYU,,0430,0.696,62.1,12512,50.08,83.05,86.0,96.04
NYU,,0431,0.999,55.09,13282,53.36,89.53,90.0,99.42
NYU,,0432,1.252,38.56,21067,49.9,56.56,83.95,63.42
NYU,,0433,0.859,65.25,13887,66.47,84.0,95.08,87.81
NYU,,0434,0.853,43.68,7212,36.19,88.71,93.55,94.48
NYU,,0435,1.572,55.14,11207,50.02,66.41,96.48,68.05
NYU,,0441,2.197,29.77,16833,32.41,66.31,91.06,70.93
NYU,,0442,1.625,47.13,45492,15.01,80.75,97.11,82.74
NYU,,0443,1.43,46.29,23707,16.99,90.68,93.69,96.57
NYU,,0444,1.141,42.47,10153,68.76,50.51,90.25,53.43
NYU,,0445,0.833,70.54,19195,35.02,92.56,95.16,97.13
NYU,,0446,1.238,34.8,5806,72.3,68.6,97.47,69.84
NYU,,0447,0.907,77.52,4728,57.38,91.27,93.81,97.12
NYU,,0448,2.244,68.05,2727,94.76,89.21,96.21,92.45
NYU,,0462,1.255,56.77,4788,79.57,87.95,94.51,92.68
NYU,,0463,1.299,45.05,5303,93.06,94.57,95.95,98.5
NYU,,0464,0.892,52.06,5683,87.91,91.56,92.83,98.52
NYU,,0465,0.623,62.39,8937,53.12,87.13,94.26,92.02
NYU,,0466,0.609,50.36,8056,79.12,92.27,97.22,94.78
NYU,,0469,1.96,36.15,23461,24.53,58.34,86.02,64.45
NYU,,0470,1.924,50.15,15853,38.78,68.18,90.7,73.31
NYU,,0471,2.891,54.42,8160,54.95,57.39,92.22,60.3
NYU,,0472,2.594,57.7,2371,85.36,85.54,87.84,97.04
NYU,,0473,1.816,64.01,19292,18.43,64.58,76.3,80.79
NYU,,0474,1.389,44.48,8435,43.92,62.48,80.08,73.98
NYU,,0475,1.952,41.12,11897,44.14,57.46,66.05,81.55
NYU,,0476,2.475,40.41,7659,36.22,65.17,76.51,81.47
NYU,,0477,2.556,53.18,7868,69.28,69.53,89.77,75.51
NYU,,0508,1.787,55.61,4556,84.06,96.62,99.49,97.1
NYU,,0509,2.086,59.13,6813,78.22,82.32,96.52,84.84
NYU,,0510,2.191,68.2,5597,35.11,93.15,94.09,98.93
NYU,,0511,2.161,67.56,3744,74.33,82.78,87.28,94.14
NYU,,0512,2.068,79.86,2443,97.79,95.56,98.18,97.28
NYU,,0513,3.126,54.95,994,100.0,100.0,100.0,100.0
NYU,,0515,2.335,49.59,43573,9.39,72.11,75.46,94.21
NYU,,0516,1.886,56.22,8597,62.44,63.7,70.05,87.54
NYU,,0517,2.253,50.88,6822,73.69,65.34,84.68,74.1
NYU,,0518,1.545,54.97,2950,84.47,89.77,91.55,97.87
NYU,,0519,1.78,47.93,6417,64.47,70.82,76.87,89.99
NYU,,0520,1.886,60.67,6866,55.88,77.84,86.47,88.64
NYU,,0521,1.887,50.2,6440,36.65,62.38,65.37,93.18
NYU,,0522,1.893,56.5,14208,25.95,81.23,83.11,97.29
NYU,,0523,1.733,59.58,41946,8.5,86.23,89.7,95.71
NYU,,0524,2.125,49.55,5437,90.45,65.31,92.26,69.09
NYU,,0525,2.399,43.85,2012,90.51,89.15,92.49,96.1
NYU,,0526,1.631,61.26,4408,96.73,97.23,97.46,99.77
NYU,,0531,2.296,46.69,4806,47.07,78.44,84.86,91.2
NYU,,0532,1.355,39.66,5243,45.81,80.88,80.99,99.83
NYU,,0533,2.124,67.13,4661,51.9,86.4,90.9,94.58
NYU,,0537,1.895,85.42,4984,92.54,97.46,97.63,99.83
NYU,,0538,1.385,79.08,7342,91.01,95.85,96.85,98.94
NYU,,0539,1.761,80.61,3303,35.0,80.26,98.53,81.23
NYU,,0549,2.132,81.28,49185,7.34,96.12,99.26,96.81
NYU,,0550,1.573,59.84,7459,57.33,67.09,89.99,72.5
NYU,,0551,1.461,52.09,7035,51.19,71.1,92.96,75.15
NYU,,0555,2.159,64.64,4664,64.67,75.23,94.54,78.65
NYU,,0556,2.157,53.42,3186,58.1,79.28,90.36,86.6
NYU,,0557,1.946,57.2,2791,51.99,73.36,87.9,81.6
NYU,,0558,1.8,58.0,2252,38.72,67.87,71.66,92.78
NYU,,0559,3.01,68.08,6153,73.15,82.85,82.99,99.8
NYU,,0560,3.171,48.74,3674,76.59,75.12,83.23,88.52
NYU,,0561,3.153,62.3,3251,67.52,89.63,95.41,93.67
NYU,,0562,2.41,33.97,18323,30.98,53.43,67.57,71.86
NYU,,0563,2.839,51.62,15665,25.13,66.03,88.72,72.09
NYU,,0564,1.539,74.0,15311,24.94,93.19,98.39,94.63
NYU,,0565,2.213,63.5,7786,51.37,70.84,89.99,76.9
NYU,,0566,1.778,59.0,7202,88.5,81.04,95.26,84.45
NYU,,0567,2.012,54.57,10308,78.15,80.04,84.71,93.56
NYU,,0568,1.759,64.83,19261,47.16,84.37,92.04,91.01
NYU,,0569,2.368,45.26,8842,78.5,84.19,90.2,92.67
NYU,,0570,2.654,52.68,7266,79.11,90.23,94.63,95.09
NYU,,0571,2.384,51.55,4436,100.0,97.52,100.0,97.52
NYU,,0579,1.227,62.86,28334,26.42,76.65,88.57,85.07
NYU,,0580,1.655,46.21,11144,37.73,64.03,64.75,98.31
NYU,,0581,1.426,46.3,8293,37.54,57.7,57.97,99.2
NYU,,0582,1.123,58.32,15907,42.31,75.12,86.79,84.82
NYU,,0583,1.5,49.9,15597,50.43,68.5,78.49,84.34
NYU,,0591,2.058,53.09,6499,61.92,69.64,75.63,89.79
NYU,,0592,1.686,54.59,2540,91.06,94.13,94.91,99.14
NYU,,0593,1.941,52.85,6330,69.29,82.32,93.1,87.67
NYU,,0594,1.54,47.7,23987,21.74,76.66,88.48,85.16
NYU,,0603,1.822,38.2,7982,49.51,90.6,97.07,93.14
NYU,,0604,1.521,24.98,22437,27.72,49.87,73.63,60.72
NYU,,0605,1.269,53.03,26175,17.77,89.94,93.18,96.28
NYU,,0606,1.399,48.26,22140,23.99,84.44,85.33,98.78
NYU,,0607,1.683,44.9,10838,57.1,78.26,86.45,89.2
NYU,,0612,1.506,60.14,7937,75.52,77.14,96.8,79.16
NYU,,0613,1.761,63.29,6982,66.81,80.95,94.02,85.34
NYU,,0617,1.768,56.0,7990,49.69,70.07,81.72,83.1
NYU,,0618,1.372,64.6,17364,25.37,83.83,86.15,96.89
NYU,,0619,1.805,68.31,6824,34.23,89.96,91.17,98.54
NYU,,0620,1.724,49.16,5868,52.32,81.64,86.24,93.88
NYU,,0621,2.595,64.97,2872,81.44,57.99,95.23,59.73
NYU,,0633,1.548,43.87,42804,19.46,76.47,98.0,77.68
NYU,,0634,1.301,42.85,6662,49.11,54.82,66.57,75.64
NYU,,0635,1.146,34.68,29893,28.91,59.37,93.17,62.07
NYU,,0636,2.166,61.21,46607,6.67,75.88,82.23,90.77
NYU,,0637,2.139,62.67,3284,45.28,77.33,81.13,94.28
NYU,,0638,2.301,51.34,4172,88.81,85.01,96.52,87.69
NYU,,0644,2.291,65.91,5870,62.25,82.2,85.59,95.4
NYU,,0645,1.658,49.59,5184,66.94,67.25,88.7,73.54
NYU,,0650,3.245,51.93,28121,14.23,76.4,96.47,78.59
NYU,,0651,3.112,30.44,4583,28.34,77.3,90.48,84.14
NYU,,0656,2.753,37.58,10066,23.31,62.58,86.83,69.14
NYU,,0657,2.671,44.6,7279,23.56,86.92,95.01,91.08
NYU,,0658,3.812,33.92,340,82.65,80.0,82.18,96.8
NYU,,0663,2.293,48.89,21408,7.74,87.41,88.94,98.07
NYU,,0664,2.652,63.36,2189,28.14,75.46,75.55,99.84
NYU,,0668,1.249,63.22,30959,21.91,88.35,94.68,92.97
NYU,,0669,1.418,77.22,20034,17.76,76.85,80.86,93.93
NYU,,0670,1.894,40.74,26735,15.13,52.51,52.51,100.0
NYU,,0671,1.884,76.68,32787,14.46,92.97,94.67,98.1
NYU,,0672,1.582,63.61,18204,26.86,82.32,83.45,98.38
NYU,,0673,1.609,69.88,3717,65.91,83.03,87.61,94.08
NYU,,0676,2.547,46.99,5232,24.29,79.22,99.12,79.78
NYU,,0677,1.789,62.42,1754,96.18,96.67,96.95,99.7
NYU,,0678,2.534,54.91,2279,60.99,81.58,89.22,90.5
NYU,,0679,2.882,74.03,15313,9.76,96.51,96.51,100.0
NYU,,0680,1.548,49.92,2529,66.11,90.31,91.93,98.09
NYU,,0681,2.041,58.02,853,84.17,94.46,94.71,99.72
NYU,,0686,1.759,52.12,8148,63.61,77.96,92.11,83.54
NYU,,0687,2.229,42.14,35718,22.34,46.61,71.14,57.47
NYU,,0688,2.444,60.8,14116,18.25,87.82,90.16,97.13
NYU,,0689,2.474,48.55,1738,88.38,76.18,98.91,76.82
NYU,,0690,3.395,37.75,3945,46.49,58.97,91.18,62.54
NYU,,0693,1.917,44.15,6832,44.64,80.72,80.87,99.77
NYU,,0694,2.666,64.04,887,93.57,90.87,93.4,97.11
NYU,,0697,2.427,64.85,31253,12.9,80.8,92.96,86.06
NYU,,0698,2.283,48.16,7020,78.77,61.02,88.92,66.04
NYU,,0699,1.847,64.11,10516,40.31,66.43,72.76,88.42
NYU,,0706,2.582,42.8,5291,35.57,75.8,81.63,91.39
NYU,,0707,2.396,47.68,3546,60.38,76.54,97.33,78.19
NYU,,0708,2.991,34.79,8721,32.7,59.82,93.82,62.27
NYU,,0709,2.027,66.7,3851,79.12,89.85,91.11,98.49
NYU,,0710,2.637,81.23,6907,20.91,84.1,86.88,96.33
NYU,,0711,2.693,66.95,10197,23.0,60.42,93.04,63.28
NYU,,0712,1.632,63.9,4573,53.14,96.27,98.39,97.82
NYU,,0713,2.462,47.91,752,82.31,99.2,99.2,100.0
NYU,,0717,2.6,76.17,5202,32.95,87.16,89.86,96.67
NYU,,0718,2.304,58.11,1564,90.22,90.02,95.53,93.98
NYU,,0724,2.433,49.31,27101,17.53,58.53,68.57,80.0
NYU,,0725,2.34,63.8,10472,25.95,87.91,88.48,99.26
NYU,,0726,2.084,80.3,2005,93.32,86.37,97.41,88.4
NYU,,0727,2.564,67.28,25739,12.44,87.32,87.93,99.22
NYU,,0728,2.077,66.33,1581,94.24,95.26,95.44,99.8
NYU,,0731,2.493,61.48,20511,12.92,88.97,91.41,97.1
NYU,,0732,2.721,70.62,741,92.58,93.33,93.33,100.0
NYU,,0733,3.211,60.54,2736,58.92,71.6,80.36,86.79
NYU,,0734,3.115,64.76,3452,20.94,56.26,56.44,99.45
NYU,,0743,2.438,68.02,14328,21.99,86.07,88.2,97.27
NYU,,0744,2.426,69.09,2195,76.54,87.81,87.86,99.94
NYU,,0759,2.383,49.34,6310,75.09,58.84,99.15,59.14
NYU,,0760,1.184,42.2,20036,32.49,75.07,87.47,84.11
NYU,,0761,1.269,64.22,5727,48.04,61.58,91.98,65.07
NYU,,0762,1.83,45.72,15658,67.42,73.77,96.84,75.59
NYU,,0763,2.442,63.21,9954,91.78,83.48,98.3,84.71
NYU,,0764,1.718,35.5,19443,74.94,55.36,94.01,57.39
NYU,,0765,2.616,57.15,3330,77.6,98.06,98.32,99.73
NYU,,0766,1.897,70.88,14763,75.04,84.05,98.67,85.02
NYU,,0767,1.625,39.81,15587,62.89,78.82,97.07,80.74
NYU,,0768,1.317,51.55,26589,65.88,80.6,88.43,90.11
NYU,,0769,1.96,40.59,11318,82.18,88.62,94.35,93.58
NYU,,0770,2.755,54.64,4277,93.15,94.65,99.14,95.43
NYU,,0771,3.5,68.52,45251,9.78,93.45,98.18,95.09
NYU,,0772,1.393,35.39,22567,44.96,81.36,98.83,82.15
NYU,,0773,1.295,54.75,21370,44.89,78.3,83.63,92.48
NYU,,0774,1.834,59.04,24815,22.79,81.68,90.85,89.0
NYU,,0775,2.232,65.45,5075,88.67,92.13,97.65,94.22
NYU,,0776,2.285,57.34,4167,97.48,94.82,99.72,95.08
NYU,,0777,2.367,41.08,46068,15.5,81.76,98.37,82.89
NYU,,0778,1.677,47.0,11611,35.79,70.9,71.28,99.25
NYU,,0779,1.713,68.17,12380,49.46,88.35,90.03,97.93
NYU,,0780,1.211,46.96,14785,66.3,78.9,78.92,99.97
NYU,,0781,0.65,36.7,9065,39.25,84.18,96.82,86.57
NYU,,0782,1.007,56.0,25210,23.89,88.49,96.11,91.78
NYU,,0783,1.267,30.95,22245,57.29,51.13,94.03,52.85
NYU,,0784,1.702,43.4,41081,56.5,74.98,89.34,82.35
NYU,,0785,2.52,24.37,38956,28.03,66.08,94.41,68.78
NYU,,0786,1.694,58.75,29503,55.31,79.92,94.53,83.8
NYU,,0787,1.936,57.15,36371,52.59,68.69,85.56,77.69
NYU,,0800,3.598,67.99,4491,79.14,92.38,96.61,95.47
NYU,,0801,1.498,51.16,12991,45.04,82.32,95.8,85.4
NYU,,0802,0.672,67.7,15970,69.91,77.01,85.33,88.76
NYU,,0803,1.633,45.47,30305,51.58,79.68,97.9,81.07
NYU,,0804,1.906,43.76,31969,42.95,53.75,64.82,75.9
NYU,,0810,1.73,44.1,27507,48.97,56.12,96.96,57.12
NYU,,0811,1.038,61.84,21802,55.13,72.96,87.86,81.14
NYU,,0812,1.567,58.34,30774,51.39,57.37,81.16,66.18
NYU,,0813,1.626,46.93,33270,57.97,60.23,76.03,74.34
NYU,,0814,1.976,45.77,21277,62.77,63.29,99.0,63.7
NYU,,0821,1.925,40.29,26861,53.77,71.26,79.19,87.68
NYU,,0822,1.614,39.44,30694,21.46,57.98,65.69,83.16
NYU,,0823,1.627,74.21,9653,46.44,79.08,84.36,92.66
NYU,,0833,2.07,32.1,41742,21.03,70.57,88.24,77.89
NYU,,0834,2.232,36.97,22582,82.69,58.12,98.93,58.49
NYU,,0835,1.799,41.16,29910,58.67,58.4,89.64,62.63
NYU,,0836,1.672,26.03,32210,33.21,54.47,76.71,65.26
NYU,,0837,1.507,36.04,22909,59.44,88.98,97.44,91.11
NYU,,0838,2.236,68.58,5386,91.57,98.69,99.41,99.27
NYU,,0839,1.771,48.75,27600,50.7,77.16,89.44,84.9
NYU,,0840,1.441,29.5,20230,68.35,58.64,99.17,58.93
NYU,,0841,1.902,35.28,18413,36.65,81.45,97.82,82.96
NYU,,0842,0.535,50.94,10253,60.3,78.55,96.18,81.08
NYU,,0843,1.948,69.74,6209,90.77,84.08,97.72,85.77
NYU,,0844,2.31,59.17,9797,76.17,95.46,98.36,97.01
NYU,,0845,2.412,54.65,13664,36.35,76.32,77.17,98.59
NYU,,0846,3.479,39.89,1964,99.95,99.08,99.95,99.13
NYU,,0850,1.146,56.14,32153,51.07,83.03,98.33,84.22
NYU,,0851,1.585,43.33,21990,54.62,56.64,65.38,80.9
NYU,,0852,1.712,40.49,33169,44.23,62.59,93.14,65.61
NYU,,0857,2.065,66.83,8866,59.89,87.92,98.89,88.79
NYU,,0858,1.48,37.24,23566,49.06,69.23,98.23,70.11
NYU,,0859,1.22,33.66,20078,37.84,73.49,85.76,83.7
NYU,,0860,1.5,46.93,33784,24.6,56.61,60.75,89.25
NYU,,0861,1.542,45.54,21539,21.9,90.21,92.96,96.82
NYU,,0862,1.781,67.92,35567,20.14,80.79,93.71,85.43
NYU,,0869,1.874,53.59,7906,47.1,69.4,82.08,81.79
NYU,,0870,1.097,54.08,13098,76.21,90.19,90.32,99.84
NYU,,0871,2.49,29.42,7559,98.43,89.64,98.29,91.06
NYU,,0906,1.348,53.27,25218,66.68,76.3,94.02,80.18
NYU,,0907,1.637,33.56,11426,86.81,85.09,93.01,90.91
NYU,,0908,1.89,37.04,21803,41.63,59.27,67.59,82.81
NYU,,0917,1.288,59.54,12693,73.37,81.87,91.21,88.89
NYU,,0918,1.136,58.96,27279,56.45,60.11,88.41,65.26
NYU,,0919,1.528,64.32,28551,17.04,84.34,90.59,92.44
NYU,,0926,1.673,55.12,8254,79.92,70.97,84.82,81.29
NYU,,0927,1.335,59.27,30594,18.68,85.03,89.61,94.33
NYU,,0928,1.344,59.83,2794,84.57,85.65,93.14,91.41
NYU,,0932,1.894,40.24,10266,76.19,71.21,95.45,73.72
NYU,,0933,1.458,57.7,6279,76.92,85.12,86.76,97.83
NYU,,0934,1.709,65.63,3429,87.98,93.61,94.5,99.01
NYU,,0935,1.71,49.76,3748,85.89,77.01,88.42,85.65
NYU,,0945,1.59,53.85,8676,66.63,70.32,73.97,93.44
NYU,,0946,1.522,60.1,5038,58.93,75.34,76.29,98.38
NYU,,0947,0.997,52.27,13538,46.79,72.65,74.35,96.95
NYU,,0959,1.703,56.91,12538,75.96,88.74,92.69,95.42
NYU,,0960,1.917,49.33,13698,50.03,77.4,85.67,88.91
NYU,,0961,1.696,45.24,4863,87.27,95.13,96.51,98.52
NYU,,0962,1.778,54.05,3505,96.69,97.07,97.21,99.85
NYU,,0965,1.271,56.49,7423,83.54,89.4,93.9,94.9
NYU,,0966,1.605,45.51,2494,72.37,87.66,90.24,96.84
NYU,,0967,1.454,38.08,3591,80.73,82.64,89.73,91.27
NYU,,0970,1.063,47.58,5069,87.73,84.78,95.04,88.71
NYU,,0971,1.436,34.14,12280,56.58,69.38,93.72,72.77
NYU,,0972,1.605,62.12,17192,71.9,86.61,95.17,90.59
NYU,,0973,2.328,48.52,6120,54.74,79.11,85.71,91.13
NYU,,0974,2.088,55.68,7168,72.13,85.05,92.53,91.32
NYU,,0975,1.999,64.86,4508,85.36,80.76,96.31,83.34
NYU,,0976,1.389,60.44,11669,75.2,90.11,92.45,97.26
NYU,,0977,1.571,68.09,13692,90.19,86.33,96.27,89.32
NYU,,0991,2.102,59.42,58272,16.42,72.79,85.95,82.63
NYU,,0992,1.629,60.06,11695,64.74,90.42,94.53,95.42
NYU,,0993,1.748,44.3,41842,21.99,74.52,91.8,79.84
NYU,,0994,1.972,62.31,6566,82.56,92.87,98.25,94.43
NYU,,0995,2.395,55.76,5443,62.81,94.78,99.12,95.58
NYU,,1001,2.037,53.28,4634,58.2,81.93,87.51,92.77
NYU,,1002,1.717,57.78,40487,18.26,90.94,94.79,95.73
NYU,,1003,2.42,72.4,18613,8.66,89.24,90.2,98.82
NYU,,1004,1.848,85.99,48383,12.28,91.45,93.73,97.41
NYU,,1010,1.987,59.72,35193,12.21,74.85,96.53,76.92
NYU,,1011,1.504,43.86,23332,17.94,76.09,93.64,80.24
NYU,,1012,1.716,41.43,12302,20.67,88.3,96.31,91.39
NYU,,1021,2.432,39.92,26102,38.16,63.8,77.25,78.56
NYU,,1022,1.62,47.3,28832,31.53,61.62,76.61,75.9
NYU,,1023,1.688,52.03,11067,36.69,60.77,79.28,72.25
NYU,,1032,1.478,50.79,28245,18.44,83.47,88.52,93.6
NYU,,1033,1.574,52.26,3717,72.75,77.22,77.72,99.19
NYU,,1034,1.2,53.11,5409,25.24,82.21,89.08,91.43
NYU,,1038,1.759,51.2,6207,75.24,88.2,93.0,94.48
NYU,,1039,1.283,63.1,7658,93.48,83.74,98.21,85.04
NYU,,1048,1.842,57.51,7449,67.81,71.63,89.07,78.54
NYU,,1049,0.809,47.92,11928,78.03,85.9,96.13,88.98
NYU,,1052,1.572,61.75,8400,68.77,81.17,86.41,93.04
NYU,,1053,1.979,52.96,3044,48.29,63.14,79.4,75.51
NYU,,1057,1.086,55.5,6714,77.21,91.49,95.06,96.06
NYU,,1058,1.355,41.55,5303,51.97,77.29,81.42,93.83
NYU,,1075,1.626,56.36,8991,63.92,79.39,83.77,93.82
NYU,,1076,1.35,74.2,12815,76.71,94.69,97.25,97.29
NYU,,1077,1.882,21.97,19543,54.58,67.02,87.31,74.26
NYU,,1078,2.206,35.96,11729,78.8,71.66,83.08,83.9
NYU,,1079,1.159,28.14,15731,42.96,73.21,93.4,77.21
NYU,,1080,1.473,48.56,20634,26.72,78.02,83.53,92.2
NYU,,1081,1.566,45.04,21743,48.65,65.94,82.6,76.58
NYU,,1082,1.323,30.86,18432,53.22,60.14,81.71,69.5
NYU,,1083,1.738,46.79,4550,71.91,76.46,77.95,97.56
NYU,,1084,2.161,32.55,12244,65.36,66.27,88.63,72.44
NYU,,1088,2.091,64.99,5545,76.63,86.56,87.45,98.85
NYU,,1089,1.33,30.8,7797,67.08,82.17,91.16,89.29
NYU,,1090,1.301,36.69,3837,78.99,92.52,94.03,98.28
NYU,,1091,2.154,48.83,7465,65.13,73.62,81.65,88.21
NYU,,1092,1.855,52.39,6819,68.85,72.85,79.89,89.2
NYU,,1093,1.743,52.58,4460,65.43,83.34,90.61,91.23
NYU,,1094,2.002,62.42,19757,31.06,77.08,77.62,99.1
NYU,,1095,2.08,69.91,14538,34.92,85.5,89.52,95.02
NYU,,1096,1.859,81.67,5133,82.58,83.39,84.45,98.51
NYU,,1098,1.356,46.3,10281,77.27,92.89,95.93,96.7
NYU,,1099,1.387,55.42,11275,85.12,90.8,96.72,93.69
NYU,,1100,1.76,49.26,7329,74.31,77.49,81.63,93.85
NYU,,1101,1.373,39.88,9514,72.95,60.9,76.98,74.45
NYU,,1102,1.458,53.75,4172,84.42,74.58,89.42,81.8
NYU,,1103,2.176,35.68,16220,34.49,75.72,90.34,82.39
NYU,,1104,1.615,60.76,10359,72.65,85.25,92.44,91.64
NYU,,1106,2.208,75.13,9797,36.36,88.35,89.85,98.15
NYU,,1107,1.294,46.63,17397,57.0,77.0,83.63,90.66
NYU,,1108,0.976,53.53,13306,57.73,81.72,90.18,89.7
NYU,,1109,2.319,51.87,9869,63.57,79.61,84.82,92.83
NYU,,1117,1.886,51.64,13103,74.55,81.6,86.37,93.66
NYU,,1118,2.271,51.53,4254,84.49,78.69,84.52,91.93
NYU,,1119,1.961,41.93,3337,41.11,82.41,88.59,92.2
NYU,,1123,2.543,69.62,4826,73.58,82.54,83.29,98.93
NYU,,1124,1.308,57.15,5196,67.84,82.42,86.06,95.12
NYU,,1125,1.545,50.56,5056,56.94,82.29,85.96,95.07
NYU,,1126,2.139,55.84,3023,67.88,67.93,68.02,99.81
NYU,,1127,1.323,48.75,9669,58.61,61.05,62.6,96.1
NYU,,1128,1.787,38.69,5470,55.27,70.43,71.16,98.58
NYU,,1129,1.63,57.37,8569,62.8,72.9,76.27,94.29
NYU,,1130,1.502,44.17,15954,20.17,57.25,66.06,81.11
NYU,,1131,1.867,60.37,6027,88.53,89.27,89.29,99.98
NYU,,1135,1.202,46.47,3973,87.24,90.05,94.49,95.04
NYU,,1136,1.282,63.74,3668,63.58,90.24,91.61,98.37
NYU,,1144,1.814,42.27,6697,71.85,73.78,75.57,96.88
NYU,,1145,1.064,22.56,25222,36.47,44.74,73.12,53.55
NYU,,1146,1.157,45.23,19583,41.2,80.87,92.08,86.91
NYU,,1147,1.421,70.82,8770,76.59,79.58,83.74,94.13
NYU,,1148,1.559,61.76,7148,79.39,77.83,94.14,81.8
NYU,,1149,2.401,44.64,2933,65.02,81.44,95.24,84.9
NYU,,1150,0.844,51.69,15968,70.94,77.74,89.44,85.59
NYU,,1151,0.945,55.18,12129,62.74,81.4,82.79,97.98
NYU,,1152,1.687,53.97,3276,78.51,82.81,84.13,98.13
NYU,,1153,2.425,48.83,4358,91.35,92.34,95.16,96.89
NYU,,1154,1.363,55.96,2177,67.98,83.77,87.75,94.86
NYU,,1155,1.708,49.94,3767,57.34,86.3,95.98,89.54
NYU,,1156,2.085,40.3,5592,55.97,83.59,91.3,90.83
NYU,,1157,1.695,36.52,6536,76.06,71.89,88.83,79.04
NYU,,1158,1.743,70.9,3095,76.16,76.35,77.51,98.09
NYU,,1162,2.238,76.91,3452,86.3,91.74,97.86,93.62
NYU,,1163,1.714,68.59,6166,71.93,76.68,80.94,93.57
NYU,,1164,1.705,70.49,1450,85.45,85.66,88.45,96.45
NYU,,1165,1.416,60.41,12415,60.46,80.23,92.1,86.16
NYU,,1166,1.457,57.24,14003,67.59,80.68,86.9,91.85
NYU,,1167,2.301,73.34,5956,78.44,83.62,88.75,93.54
NYU,,1170,1.858,61.76,7243,66.3,80.24,90.25,87.86
NYU,,1171,2.146,50.59,5325,96.92,88.9,97.59,90.89
NYU,,1174,1.546,53.69,5159,76.78,82.11,82.9,98.86
NYU,,1175,1.996,58.22,7677,81.46,91.33,96.8,94.18
NYU,,1176,1.787,32.8,3098,82.21,74.07,83.47,86.81
NYU,,1179,1.723,53.33,14608,56.67,78.22,86.14,89.48
NYU,,1180,1.611,40.46,15059,27.17,70.99,80.94,85.24
NYU,,1181,1.284,60.42,17170,49.88,90.4,92.32,97.75
NYU,,1182,1.046,62.83,19399,24.8,80.34,83.59,95.38
NYU,,1183,1.753,49.71,6008,88.76,78.11,96.47,80.41
NYU,,1184,1.457,64.19,3309,83.38,80.42,86.73,91.7
NYU,,1192,1.426,55.44,10877,75.9,70.62,80.87,84.79
NYU,,1193,1.293,63.59,8732,64.95,75.53,77.35,96.97
NYU,,1194,0.933,51.81,16749,24.41,76.87,84.94,88.99
NYU,,1195,1.596,60.9,11249,76.49,74.87,82.96,88.47
NYU,,1196,1.973,42.88,5358,63.76,68.66,80.39,82.46
NYU,,1201,2.213,36.1,5018,45.78,64.34,73.71,83.5
NYU,,1202,1.619,67.37,4954,81.61,87.81,93.45,93.57
NYU,,1203,1.946,35.46,3721,71.75,77.64,83.09,92.21
NYU,,1204,1.051,40.96,17948,55.09,82.34,88.58,92.12
NYU,,1205,0.784,42.78,19778,56.4,79.89,92.62,85.32
NYU,,1206,0.434,44.85,13015,68.11,63.58,77.12,78.35
NYU,,1207,0.835,63.59,19515,38.27,87.88,92.97,94.14
NYU,,1208,1.737,31.65,27493,68.77,57.05,95.57,58.6
NYU,,1209,1.347,60.71,5864,85.49,96.65,98.07,98.52
NYU,,1210,0.815,59.63,14547,41.11,83.42,94.62,87.58
NYU,,1211,0.707,66.71,15887,40.78,87.06,93.78,92.39
NYU,,1212,0.514,39.76,9613,87.91,94.05,98.05,95.85
NYU,,1216,1.631,45.29,7769,75.12,74.75,82.68,88.64
NYU,,1217,1.271,36.75,7221,73.38,80.04,88.97,88.87
NYU,,1218,1.322,41.51,6115,68.75,82.2,85.01,96.15
NYU,,1219,0.758,42.0,20315,54.91,74.88,94.55,78.26
NYU,,1220,1.163,49.31,29960,31.8,59.85,92.35,62.98
NYU,,1226,1.224,56.11,12117,45.32,77.5,88.72,85.96
NYU,,1227,0.665,37.3,12818,55.25,80.53,93.6,85.23
NYU,,1228,1.001,58.92,13919,37.88,66.2,75.57,84.24
NYU,,1229,0.919,43.93,18651,42.13,62.93,92.54,66.3
NYU,,1230,0.511,49.58,6703,80.83,90.0,97.46,92.16
NYU,,1233,1.638,46.9,10045,51.95,62.46,84.16,70.77
NYU,,1234,1.458,41.66,17263,34.18,71.02,92.69,75.24
NYU,,1235,1.486,33.23,27945,16.67,65.06,76.39,81.43
NYU,,1247,1.796,42.76,18415,49.58,61.31,82.34,70.59
NYU,,1248,1.481,59.19,12336,60.35,90.4,93.01,96.99
NYU,,1249,1.546,60.37,7636,56.52,80.17,95.66,83.2
NYU,,1250,0.637,66.9,8808,77.61,79.82,87.14,90.48
NYU,,1254,1.553,36.57,16988,72.04,67.15,91.9,71.38
NYU,,1255,1.276,60.55,33584,22.78,84.44,91.71,91.41
NYU,,1256,1.352,63.78,23681,23.13,50.99,88.22,54.71
NYU,,1257,1.084,57.9,27865,27.13,65.98,83.94,75.52
NYU,,1258,1.163,42.86,25097,62.38,66.98,84.62,76.26
NYU,,1259,0.864,44.69,17478,58.08,75.41,90.67,81.76
NYU,,1260,0.732,53.49,24494,90.97,80.02,96.83,82.17
NYU,,1261,1.125,28.35,24445,61.33,74.2,81.77,88.9
NYU,,1262,1.516,46.48,17893,36.57,60.02,66.09,86.72
NYU,,1263,0.917,37.36,20686,59.88,71.04,88.54,78.23
NYU,,1264,2.216,53.08,5093,68.39,80.29,90.32,87.86
NYU,,1265,0.782,60.8,21644,30.58,78.97,89.9,86.66
NYU,,1275,1.074,30.98,26344,28.81,71.66,88.71,78.86
NYU,,1276,1.057,50.09,18966,56.27,73.25,90.03,79.71
NYU,,1277,0.594,42.61,13777,68.34,82.78,90.38,90.78
NYU,,1278,1.056,43.05,14758,55.69,78.06,91.27,84.35
NYU,,1279,1.144,49.33,18339,72.04,83.54,94.88,87.49
NYU,,1280,0.343,46.64,8219,94.8,87.91,97.74,89.73
NYU,,1285,2.358,59.98,9092,67.75,75.59,79.1,94.45
NYU,,1286,0.948,69.7,14268,53.86,86.12,91.14,93.99
NYU,,1287,1.107,46.54,17124,47.44,68.34,76.41,86.62
NYU,,1288,1.223,49.36,16422,64.35,73.52,81.26,88.53
NYU,,1289,0.792,43.8,18764,53.0,74.64,86.34,84.63
NYU,,1290,0.941,58.92,18216,52.27,78.98,93.08,83.91
NYU,,1291,1.215,52.14,17482,62.64,72.5,94.33,75.81
NYU,,1292,0.705,44.28,12166,25.23,64.31,66.19,95.76
NYU,,1293,1.802,56.62,42030,21.4,66.96,79.57,80.86
NYU,,1294,2.278,49.06,3853,68.62,57.18,92.89,59.8
NYU,,1295,1.646,51.36,43409,45.9,58.68,96.66,59.89
NYU,,1297,1.601,55.43,3040,83.26,90.88,92.19,98.46
NYU,,1298,1.135,37.49,18305,50.3,73.55,80.59,89.38
NYU,,1299,0.507,43.82,11284,56.12,83.46,89.98,92.01
NYU,,1302,0.826,41.69,16753,53.86,75.59,79.59,93.77
NYU,,1303,1.389,50.56,15185,74.92,74.41,85.46,85.2
NYU,,1304,0.508,47.15,12757,85.91,83.98,95.14,87.74
NYU,,1305,1.042,46.08,21237,42.52,80.37,85.8,92.7
NYU,,1306,1.91,47.93,19973,34.41,62.02,96.84,63.31
NYU,,1307,1.394,59.65,31859,12.63,93.38,98.98,94.29
NYU,,1308,0.52,34.84,14163,87.79,74.51,97.99,75.67
NYU,,1314,1.835,70.02,7014,64.57,87.81,92.28,94.77
NYU,,1315,1.135,40.69,22509,25.32,71.39,95.36,73.96
NYU,,1329,1.06,34.48,17037,45.27,81.44,92.02,87.63
NYU,,1330,1.733,54.78,37428,12.0,95.18,97.96,97.11
NYU,,1331,0.491,32.79,18088,67.13,75.39,94.2,79.06
NYU,,1332,1.455,44.65,18164,39.45,81.56,96.31,84.19
NYU,,1335,0.748,44.18,16905,41.76,78.57,90.91,85.27
NYU,,1336,0.998,39.34,21565,32.43,56.06,64.01,81.86
NYU,,1337,0.835,57.21,17467,41.16,83.21,93.74,88.11
NYU,,1338,0.548,36.36,12267,76.13,78.24,96.27,80.68
NYU,,1339,1.143,50.43,31024,43.92,63.49,88.55,69.17
NYU,,1340,1.028,50.43,15581,47.15,78.27,84.63,91.25
NYU,,1347,1.462,57.14,11250,50.25,70.79,86.56,79.53
NYU,,1348,1.849,41.65,2661,83.05,84.68,96.27,87.56
NYU,,1349,1.836,67.71,8178,50.97,83.92,93.59,89.04
NYU,,1353,1.667,48.16,24298,26.61,60.09,92.7,63.08
NYU,,1354,1.6,52.14,31722,19.53,76.55,86.92,86.52
NYU,,1355,0.967,39.56,4962,77.13,88.1,97.73,89.94
NYU,,1356,1.428,66.53,5986,78.7,92.83,95.24,97.35
NYU,,1364,1.436,50.51,31806,40.14,73.84,94.78,76.97
NYU,,1365,2.245,43.22,38867,18.79,71.7,90.52,77.52
NYU,,1368,0.609,57.2,16844,52.28,79.62,91.45,86.02
NYU,,1369,1.124,47.23,32463,32.99,72.36,98.21,73.32
NYU,,1384,1.316,49.98,16875,22.52,80.48,89.08,89.29
NYU,,1385,1.053,55.75,15834,28.02,71.17,89.91,77.34
NYU,,1386,1.302,64.15,20173,23.69,72.62,91.58,77.81
NYU,,1387,2.29,47.66,13785,56.61,82.97,93.71,87.86
NYU,,1388,1.895,35.65,9365,34.65,51.98,83.89,57.75
NYU,,1389,2.14,51.3,41690,20.02,82.63,95.05,86.34
NYU,,1390,1.57,40.65,20264,27.81,60.13,80.78,70.17
NYU,,1391,1.69,69.4,4389,59.67,91.71,94.69,96.68
NYU,,1394,1.504,52.13,26914,29.31,77.05,90.32,83.99
NYU,,1395,1.322,69.38,21153,27.16,80.93,90.34,88.6
NYU,,1396,0.729,52.52,10784,53.39,75.55,78.87,94.72
NYU,,1397,1.009,59.51,28681,31.9,77.05,89.2,84.98
NYU,,1398,2.402,61.55,7308,65.59,84.81,95.53,88.32
NYU,,1399,2.592,37.06,22849,23.22,47.57,69.33,60.25
NYU,,1400,1.794,48.85,23871,34.41,71.11,95.57,73.53
NYU,,1401,1.582,63.26,29083,18.62,74.47,93.67,78.42
NYU,,1407,0.523,42.66,14487,44.99,78.67,89.6,86.58
NYU,,1408,0.9,57.05,15143,38.34,68.49,80.02,82.62
NYU,,1409,1.103,44.52,18236,37.01,71.54,93.54,75.26
NYU,,1410,0.545,33.08,6509,59.33,79.89,99.3,80.35
NYU,,1411,1.884,59.12,3917,78.45,84.72,92.55,90.92
NYU,,1412,1.771,54.62,21557,42.2,73.49,96.2,75.68
NYU,,1413,2.167,51.49,3175,70.8,86.26,92.01,93.24
NYU,,1414,2.569,27.0,3741,56.11,74.29,74.94,98.86
NYU,,1421,1.019,61.61,27309,23.56,76.52,90.39,83.3
NYU,,1422,2.524,74.34,4145,72.09,88.92,89.19,99.67
NYU,,1423,2.266,80.99,4093,83.46,86.59,92.6,93.03
NYU,,1424,1.26,56.87,12477,31.44,76.58,88.45,85.09
NYU,,1430,1.652,59.12,19697,21.85,85.9,93.13,91.71
NYU,,1431,1.663,64.34,14963,29.07,79.54,88.73,88.48
NYU,,1432,1.804,51.36,36461,20.9,72.2,97.15,73.76
NYU,,1433,1.247,54.44,21594,25.01,60.22,80.94,70.17
NYU,,1441,1.492,57.13,32461,27.49,73.0,79.91,89.41
NYU,,1442,1.714,61.0,5591,56.16,70.2,71.72,97.07
NYU,,1443,1.318,36.09,30980,25.39,63.18,73.54,81.76
NYU,,1444,1.025,29.79,6295,75.06,85.86,89.14,95.89
NYU,,1445,1.289,55.1,18083,24.42,68.83,79.37,83.83
NYU,,1446,1.003,51.12,13890,34.66,57.77,80.66,67.05
NYU,,1447,1.543,49.74,31314,32.54,62.11,94.45,64.46
NYU,,1448,1.048,54.86,15112,33.85,74.95,92.05,80.14
NYU,,1449,1.307,58.06,14821,35.1,67.49,88.67,73.86
ScanNet,scene0062_00,00063,1.965,13.14,1263,30.01,83.22,83.59,99.47
ScanNet,scene0111_00,00004,2.94,11.96,14110,22.91,40.96,44.48,83.82
ScanNet,scene0101_02,00074,1.222,8.9,6201,39.78,23.92,57.5,29.06
ScanNet,scene0437_01,00095,1.152,14.62,5577,35.16,44.79,54.58,71.39
ScanNet,scene0201_00,00082,3.133,24.46,6064,40.58,59.02,69.41,79.76
ScanNet,scene0362_03,00094,1.356,27.21,6643,18.91,62.37,68.97,86.7
ScanNet,scene0296_00,00035,2.024,12.21,10712,43.56,67.9,68.08,99.61
ScanNet,scene0255_02,00061,3.207,25.24,1308,61.62,71.56,72.27,98.64
ScanNet,scene0032_01,00082,1.761,7.92,5339,48.45,39.28,78.11,44.14
ScanNet,scene0686_02,00072,0.776,29.15,1266,47.79,64.36,92.76,67.77
ScanNet,scene0181_03,00074,2.304,16.06,12452,27.71,48.84,69.86,61.88
ScanNet,scene0513_00,00005,1.115,18.07,12123,22.16,42.84,57.71,62.43
ScanNet,scene0474_02,00048,3.086,5.93,8240,10.06,55.31,75.78,67.19
ScanNet,scene0601_01,00076,3.057,15.96,8040,8.76,58.91,60.11,96.73
ScanNet,scene0449_02,00005,2.14,9.17,1612,24.26,59.71,61.27,95.91
ScanNet,scene0642_03,00084,2.623,18.76,7977,23.54,50.45,53.43,90.04
ScanNet,scene0531_00,00068,1.601,5.33,1753,65.77,56.31,91.92,59.24
ScanNet,scene0593_00,00097,2.576,7.59,5681,25.65,23.81,32.79,46.53
ScanNet,scene0312_02,00063,0.788,7.16,4211,43.84,40.21,50.95,65.6
ScanNet,scene0034_02,00004,1.176,23.73,5140,41.36,53.03,59.8,82.41
ScanNet,scene0029_01,00020,1.661,40.07,188,100.0,100.0,100.0,100.0
ScanNet,scene0441_00,00033,2.522,16.15,8488,23.99,71.35,82.67,83.89
ScanNet,scene0557_02,00060,0.929,11.39,7432,20.9,35.8,41.84,71.28
ScanNet,scene0380_00,00059,1.9,19.94,13527,30.34,47.7,73.66,57.5
ScanNet,scene0459_01,00098,2.007,12.31,12073,16.43,31.11,47.01,47.91
ScanNet,scene0505_03,00005,2.724,16.58,4481,38.38,60.58,67.07,86.22
ScanNet,scene0620_01,00050,0.865,15.99,3850,47.61,40.97,79.6,45.77
ScanNet,scene0193_01,00050,2.094,8.06,3652,38.47,49.88,78.19,57.94
ScanNet,scene0662_00,00070,2.712,25.34,217,90.78,91.63,91.63,100.0
ScanNet,scene0205_02,00005,2.301,18.48,1223,43.09,56.44,60.33,89.75
ScanNet,scene0282_00,00020,1.754,16.25,295,58.64,48.03,55.83,77.46
ScanNet,scene0276_00,00005,1.832,15.48,10103,45.39,32.47,64.11,39.69
ScanNet,scene0026_00,00033,3.701,13.39,6379,18.62,65.42,94.82,67.85
ScanNet,scene0205_00,00043,1.596,18.07,2125,43.76,47.79,74.75,56.99
ScanNet,scene0393_01,00080,1.447,36.7,3269,19.61,67.6,68.4,98.28
ScanNet,scene0203_01,00079,1.52,8.28,8576,23.44,44.38,47.08,88.56
ScanNet,scene0158_02,00087,1.214,13.61,815,87.48,82.4,92.13,88.64
ScanNet,scene0602_00,00094,2.231,6.26,2508,41.63,39.45,79.65,43.87
ScanNet,scene0602_00,00097,1.125,16.21,1646,48.54,67.62,73.88,88.86
ScanNet,scene0436_00,00059,2.078,16.07,3448,29.9,44.89,69.7,55.77
ScanNet,scene0605_00,00082,3.783,20.55,944,29.24,83.49,87.09,95.29
ScanNet,scene0661_00,00084,1.564,0.63,6890,12.09,41.84,44.44,87.76
ScanNet,scene0211_01,00094,1.727,24.02,4404,65.8,60.34,86.06,66.87
ScanNet,scene0532_00,00077,2.349,15.29,2424,32.96,64.66,75.37,81.98
ScanNet,scene0500_00,00035,1.355,8.67,13824,47.51,51.1,69.79,65.62
ScanNet,scene0620_00,00068,2.719,9.61,8738,38.96,40.0,57.78,56.52
ScanNet,scene0441_00,00056,1.177,17.68,5415,34.11,70.7,82.2,83.49
ScanNet,scene0700_01,00005,1.495,10.57,4034,35.7,44.56,69.89,55.14
ScanNet,scene0429_00,00050,4.234,8.06,1362,4.77,68.18,97.83,69.23
ScanNet,scene0439_01,00084,1.729,13.4,12718,39.99,59.01,70.37,78.51
ScanNet,scene0532_00,00087,3.57,14.38,1107,25.29,48.5,48.93,98.21
ScanNet,scene0191_02,00079,2.312,21.28,3557,15.83,52.01,58.42,82.59
ScanNet,scene0477_01,00079,1.774,10.58,3608,31.51,59.13,70.96,78.01
ScanNet,scene0555_00,00074,2.961,8.55,17822,17.54,34.4,59.91,44.69
ScanNet,scene0627_00,00082,0.977,16.26,16296,58.44,55.55,83.05,62.66
ScanNet,scene0295_00,00053,1.192,14.3,1824,43.75,71.29,81.59,84.96
ScanNet,scene0585_00,00079,0.911,5.5,3030,28.81,25.11,42.37,38.14
ScanNet,scene0332_02,00060,1.789,24.89,2928,33.09,64.75,80.52,76.78
ScanNet,scene0590_01,00072,2.882,31.79,5938,20.48,56.74,70.19,74.75
ScanNet,scene0592_01,00074,1.023,13.6,12781,38.2,62.67,76.67,77.43
ScanNet,scene0607_01,00072,0.802,12.78,2727,50.46,60.38,61.52,97.02
ScanNet,scene0429_00,00061,2.012,6.32,3357,11.53,54.56,57.59,91.21
ScanNet,scene0543_02,00048,1.973,13.4,3796,36.7,52.1,59.37,80.98
ScanNet,scene0555_00,00041,2.368,1.38,27764,17.89,28.72,44.13,45.13
ScanNet,scene0425_01,00012,2.612,13.89,7465,36.44,45.04,71.39,54.96
ScanNet,scene0667_01,00004,1.506,7.64,16674,23.55,32.22,48.8,48.66
ScanNet,scene0656_03,00048,1.131,34.45,4503,37.26,51.14,68.63,66.75
ScanNet,scene0545_02,00054,0.877,31.22,4634,15.06,61.15,62.16,97.42
ScanNet,scene0582_01,00005,2.207,21.49,13048,15.96,59.23,71.18,77.92
ScanNet,scene0266_00,00035,1.284,10.54,10662,35.88,45.39,57.26,68.65
ScanNet,scene0393_01,00041,1.822,15.98,12817,19.86,44.97,61.04,63.08
ScanNet,scene0197_01,00050,2.17,28.9,3434,48.51,65.22,69.23,91.84
ScanNet,scene0312_02,00059,1.243,11.87,3076,28.77,36.02,45.37,63.62
ScanNet,scene0574_01,00065,1.122,17.61,462,92.86,90.87,93.1,97.44
ScanNet,scene0367_01,00065,1.444,13.91,11279,21.65,27.78,39.05,49.06
ScanNet,scene0360_00,00073,0.709,16.84,757,34.35,72.07,72.47,99.23
ScanNet,scene0596_01,00059,1.549,10.2,9638,15.15,56.42,66.06,79.45
ScanNet,scene0662_02,00068,0.969,21.56,46,80.43,80.43,80.43,100.0
ScanNet,scene0610_01,00047,3.471,38.75,864,86.92,68.68,97.76,69.77
ScanNet,scene0600_02,00084,0.627,19.81,1374,69.8,73.61,80.26,89.89
ScanNet,scene0693_00,00097,2.052,13.83,1067,78.44,50.89,88.54,54.48
ScanNet,scene0487_01,00053,2.391,16.32,3079,28.78,85.34,89.12,95.26
ScanNet,scene0370_01,00033,1.552,14.14,10331,24.39,48.82,64.7,66.55
ScanNet,scene0251_00,00078,1.269,10.75,23823,15.66,23.64,24.87,82.77
ScanNet,scene0583_02,00063,4.091,13.84,3219,5.81,83.26,84.4,98.4
ScanNet,scene0604_00,00080,2.011,25.0,25678,22.55,49.07,67.26,64.46
ScanNet,scene0445_00,00093,2.091,6.68,8076,30.49,42.16,66.37,53.61
ScanNet,scene0088_01,00012,1.825,18.78,22451,21.82,36.99,63.03,47.23
ScanNet,scene0415_00,00072,2.264,18.03,2071,13.86,66.28,66.59,99.3
ScanNet,scene0013_01,00035,0.572,8.22,2619,45.9,51.72,54.93,89.85
ScanNet,scene0221_00,00056,1.211,20.21,15271,37.24,57.51,66.05,81.64
ScanNet,scene0123_00,00063,1.197,28.25,8426,12.31,49.83,55.35,83.32
ScanNet,scene0062_02,00096,0.777,19.52,1700,30.53,64.83,66.01,97.3
ScanNet,scene0675_00,00072,1.316,11.97,2961,45.59,48.13,80.91,54.3
ScanNet,scene0056_01,00033,2.11,32.67,7898,15.41,49.97,60.87,73.62
ScanNet,scene0320_02,00094,1.522,5.63,18235,22.19,42.85,47.12,82.53
ScanNet,scene0698_01,00012,1.606,17.26,10103,49.01,57.81,62.24,89.03
ScanNet,scene0271_01,00059,1.989,19.58,6992,22.5,56.2,71.33,72.6
ScanNet,scene0123_00,00074,0.839,14.25,6255,22.24,50.74,61.46,74.41
ScanNet,scene0616_01,00050,2.948,14.54,10894,4.9,52.87,52.87,100.0
ScanNet,scene0158_02,00073,2.715,39.41,2734,36.61,75.27,77.84,95.8
ScanNet,scene0310_01,00095,2.302,23.1,1925,75.27,72.57,78.93,89.99
ScanNet,scene0288_02,00074,2.184,46.37,2144,49.44,78.64,84.99,91.32
ScanNet,scene0254_01,00072,1.624,13.58,6060,10.33,33.24,33.41,98.56
ScanNet,scene0065_02,00005,0.868,13.93,2875,30.71,51.64,66.85,69.42
ScanNet,scene0505_02,00048,1.983,6.99,7271,21.13,38.05,39.6,90.69
ScanNet,scene0031_00,00018,1.59,14.54,4153,66.87,80.77,83.2,96.51
ScanNet,scene0062_00,00082,1.77,17.0,1497,29.59,84.38,84.38,100.0
ScanNet,scene0440_01,00050,2.148,9.41,11130,36.12,48.86,57.02,77.34
ScanNet,scene0437_01,00004,0.743,7.15,4415,47.61,47.93,59.85,70.65
ScanNet,scene0202_00,00087,0.542,7.03,6388,56.42,62.39,66.79,90.46
ScanNet,scene0294_02,00095,1.811,27.74,7685,28.21,57.27,59.06,94.97
ScanNet,scene0025_02,00079,2.875,13.0,8973,21.64,22.1,40.24,32.9
ScanNet,scene0100_00,00061,0.975,20.66,1125,30.13,72.59,72.59,100.0
ScanNet,scene0132_01,00084,1.312,6.53,7418,17.24,40.34,47.34,73.18
ScanNet,scene0078_02,00020,2.242,6.19,12252,24.67,31.62,58.44,40.79
ScanNet,scene0027_01,00084,1.195,10.35,5304,24.25,53.9,56.58,91.91
ScanNet,scene0040_00,00056,2.169,15.93,8195,20.21,45.54,59.21,66.36
ScanNet,scene0025_00,00035,2.841,17.38,10874,12.55,77.64,79.95,96.41
ScanNet,scene0451_05,00033,2.404,19.63,11043,25.08,56.08,69.94,73.9
ScanNet,scene0297_02,00076,1.719,12.82,2135,44.12,82.63,88.21,92.89
ScanNet,scene0153_00,00061,1.209,23.88,1028,16.54,38.99,38.99,100.0
ScanNet,scene0181_02,00048,1.579,6.6,3155,28.43,49.55,72.08,61.32
ScanNet,scene0212_02,00097,2.082,3.66,35889,3.96,38.04,40.83,84.74
ScanNet,scene0617_00,00020,0.788,5.99,3697,74.2,25.29,55.29,31.79
ScanNet,scene0002_01,00018,1.544,6.44,8028,12.89,47.67,50.63,89.08
ScanNet,scene0468_01,00073,1.266,28.85,2797,53.74,63.23,82.38,73.12
ScanNet,scene0694_01,00073,1.683,10.25,14587,35.26,50.92,80.4,58.14
ScanNet,scene0042_02,00094,2.03,22.3,1311,32.19,63.94,70.71,86.97
ScanNet,scene0292_01,00097,0.474,15.1,7491,45.48,37.57,73.06,43.62
ScanNet,scene0173_02,00004,2.028,28.34,7566,16.77,31.95,43.11,55.24
ScanNet,scene0034_02,00055,1.437,15.02,2037,36.57,66.7,74.8,86.04
ScanNet,scene0003_01,00071,3.411,20.07,788,53.17,94.15,98.05,95.94
ScanNet,scene0420_01,00072,1.144,21.99,3179,61.28,62.26,81.85,72.23
ScanNet,scene0129_00,00063,0.736,22.68,4397,30.27,54.95,65.04,77.99
ScanNet,scene0338_02,00018,2.441,27.01,2239,72.22,84.73,85.87,98.45
ScanNet,scene0402_00,00095,1.88,22.39,6427,25.81,27.19,45.98,39.96
ScanNet,scene0583_02,00053,1.576,19.48,4576,29.52,44.02,61.8,60.47
ScanNet,scene0030_01,00095,1.667,19.14,20208,6.96,45.98,51.74,80.51
ScanNet,scene0364_01,00034,2.274,7.8,2387,18.01,66.05,66.05,100.0
ScanNet,scene0537_00,00046,0.694,17.78,5536,59.74,58.34,77.59,70.15
ScanNet,scene0651_01,00094,1.855,11.87,5827,39.06,32.49,72.06,37.17
ScanNet,scene0052_02,00079,1.74,12.13,8280,29.67,69.43,80.16,83.84
ScanNet,scene0308_00,00084,0.958,6.23,3949,36.54,36.79,46.93,62.99
ScanNet,scene0479_00,00094,3.388,39.99,1101,48.96,58.82,58.95,99.63
ScanNet,scene0177_00,00041,2.093,29.45,4824,43.43,75.73,86.9,85.49
ScanNet,scene0569_01,00064,2.126,8.18,10020,37.58,46.4,78.37,53.21
ScanNet,scene0271_00,00044,1.416,11.43,7203,14.52,39.62,43.83,80.5
ScanNet,scene0114_00,00020,1.398,12.1,13220,35.08,49.58,63.55,69.27
ScanNet,scene0378_00,00012,1.449,16.14,7220,38.17,48.51,71.42,60.2
ScanNet,scene0120_01,00004,2.015,20.91,8772,13.71,47.36,48.69,94.51
ScanNet,scene0026_00,00070,3.839,14.39,2185,12.49,69.65,84.5,79.85
ScanNet,scene0536_02,00053,1.002,16.95,8511,40.31,49.1,60.95,71.64
ScanNet,scene0153_00,00041,3.478,52.72,1223,5.64,64.89,70.93,88.41
ScanNet,scene0610_01,00097,0.619,22.64,424,46.46,76.36,76.36,100.0
ScanNet,scene0690_01,00076,1.132,9.53,5637,34.5,60.45,69.73,81.95
ScanNet,scene0474_00,00074,1.284,23.1,5895,42.83,67.01,74.2,87.37
ScanNet,scene0582_01,00053,1.742,15.84,8897,18.53,59.59,63.34,90.96
ScanNet,scene0605_01,00097,1.465,7.5,11660,18.44,34.17,39.48,71.77
ScanNet,scene0395_00,00084,3.751,8.38,9182,17.6,48.59,98.02,49.07
ScanNet,scene0164_03,00076,3.926,14.45,3328,33.29,50.33,73.41,61.55
ScanNet,scene0415_00,00033,0.512,9.57,1032,28.1,32.95,35.91,80.0
ScanNet,scene0301_01,00070,1.452,14.2,9438,37.71,52.38,58.14,84.1
ScanNet,scene0304_00,00063,1.565,4.95,8209,21.51,67.77,76.48,85.62
ScanNet,scene0502_00,00083,1.55,10.42,9019,11.25,57.17,61.44,89.16
ScanNet,scene0022_00,00082,1.442,14.41,3272,19.59,33.9,33.92,99.84
ScanNet,scene0656_03,00076,2.33,23.5,4379,57.34,63.49,67.48,91.48
ScanNet,scene0163_00,00020,1.295,19.29,9777,36.87,47.09,70.63,58.56
ScanNet,scene0062_00,00080,1.864,22.55,1660,27.83,83.7,85.28,97.84
ScanNet,scene0296_01,00079,1.425,22.66,13646,21.58,59.98,71.21,79.19
ScanNet,scene0031_02,00005,2.504,17.91,7544,29.93,65.48,75.63,82.99
ScanNet,scene0155_01,00082,1.321,29.7,6188,30.53,66.69,71.3,91.16
ScanNet,scene0201_02,00070,3.335,22.5,5307,29.79,52.38,53.52,96.08
ScanNet,scene0115_01,00018,1.578,6.76,15696,21.76,50.16,57.56,79.59
ScanNet,scene0541_02,00087,1.402,7.5,5626,25.08,66.46,75.76,84.41
ScanNet,scene0277_02,00033,1.713,14.01,1042,73.8,79.51,88.36,88.82
ScanNet,scene0601_00,00082,3.004,13.7,22511,5.8,38.63,48.74,65.06
ScanNet,scene0030_02,00070,1.629,28.77,18001,24.42,37.53,53.62,55.57
ScanNet,scene0291_02,00080,1.584,13.98,10829,24.17,27.89,49.68,38.86
ScanNet,scene0278_01,00012,3.634,19.91,2387,30.88,36.21,38.72,84.8
ScanNet,scene0531_00,00057,1.781,7.65,1728,58.45,55.57,85.62,61.29
ScanNet,scene0086_02,00018,1.238,7.4,13623,19.73,28.4,54.71,37.13
ScanNet,scene0295_01,00050,0.897,2.02,4774,39.13,48.9,52.46,87.79
ScanNet,scene0092_01,00082,1.532,13.54,5170,48.03,36.37,66.83,44.38
ScanNet,scene0696_02,00070,2.707,12.6,7205,8.23,61.9,61.9,100.0
ScanNet,scene0273_01,00020,1.129,20.27,4158,67.32,65.53,72.22,87.6
ScanNet,scene0436_00,00070,0.615,16.93,3928,56.62,57.5,80.09,67.09
ScanNet,scene0298_00,00087,2.188,13.61,8507,34.85,62.19,79.58,74.0
ScanNet,scene0505_02,00056,2.362,6.1,24352,20.17,16.65,42.18,21.58
ScanNet,scene0332_02,00012,2.154,8.91,8213,38.35,51.46,63.18,73.49
ScanNet,scene0620_01,00084,1.138,4.94,5921,45.84,27.17,71.7,30.43
ScanNet,scene0003_02,00048,2.71,12.47,2357,79.42,74.59,92.15,79.65
ScanNet,scene0173_01,00074,2.266,14.53,4675,16.39,43.24,48.14,80.94
ScanNet,scene0032_01,00063,2.05,17.97,3667,21.38,73.73,78.52,92.35
ScanNet,scene0468_00,00076,1.616,10.88,10502,48.61,45.17,72.29,54.63
ScanNet,scene0488_01,00073,2.928,12.01,3747,41.05,43.36,47.3,83.88
ScanNet,scene0191_01,00076,1.042,23.98,12279,25.98,42.45,60.42,58.81
ScanNet,scene0127_01,00012,3.12,12.42,8645,24.44,38.53,68.34,46.9
ScanNet,scene0604_00,00097,1.764,18.39,16054,23.34,53.61,60.64,82.23
ScanNet,scene0106_01,00087,1.256,10.64,13826,39.11,39.92,55.62,58.57
ScanNet,scene0286_02,00044,1.389,19.57,5382,40.3,71.49,79.24,87.97
ScanNet,scene0120_00,00087,1.276,20.04,2733,48.12,66.45,69.32,94.14
ScanNet,scene0118_01,00063,2.939,13.12,13533,3.8,49.61,49.61,100.0
ScanNet,scene0024_00,00079,1.311,14.62,11703,54.97,55.7,89.77,59.47
ScanNet,scene0211_01,00082,3.076,8.03,3609,53.89,44.29,87.61,47.25
ScanNet,scene0277_02,00005,0.952,17.85,1724,42.34,66.21,80.17,79.18
ScanNet,scene0122_00,00060,3.213,15.25,1234,32.66,81.91,81.91,100.0
ScanNet,scene0261_02,00050,1.783,21.52,3727,73.3,66.66,88.54,72.95
ScanNet,scene0026_00,00083,0.844,15.51,2028,18.69,48.1,58.28,73.35
ScanNet,scene0612_01,00070,1.793,21.22,1765,16.09,65.1,68.67,92.61
ScanNet,scene0557_01,00095,2.425,11.73,14495,30.27,39.27,55.09,57.76
ScanNet,scene0543_00,00056,2.616,9.29,1380,24.57,77.22,77.22,100.0
ScanNet,scene0367_01,00076,2.038,9.81,10606,22.3,31.46,51.23,44.9
ScanNet,scene0633_01,00050,3.454,15.66,1714,16.74,91.37,91.67,99.65
ScanNet,scene0459_01,00097,1.343,15.83,8307,20.03,33.83,52.04,49.16
ScanNet,scene0255_02,00080,1.637,14.85,2527,29.32,62.64,80.86,73.55
ScanNet,scene0254_01,00041,2.279,12.26,3393,19.25,41.43,41.64,98.77
ScanNet,scene0517_02,00053,2.624,5.54,9252,34.01,21.75,97.73,21.86
ScanNet,scene0507_00,00051,2.104,2.28,9409,43.62,40.36,61.14,54.29
ScanNet,scene0604_00,00050,1.405,13.38,20572,13.64,59.04,70.3,78.66
ScanNet,scene0025_00,00056,3.077,15.04,18992,7.71,65.42,70.62,89.9
ScanNet,scene0686_02,00060,0.482,28.69,2033,21.64,52.34,56.02,88.86
ScanNet,scene0696_02,00076,1.968,12.03,21574,17.56,36.91,41.65,76.46
ScanNet,scene0057_01,00076,2.302,22.8,6425,6.38,41.62,43.3,91.46
ScanNet,scene0501_01,00095,1.82,24.02,1829,29.96,78.76,79.1,99.45
ScanNet,scene0620_00,00041,2.171,4.23,11429,36.18,33.16,54.88,45.59
ScanNet,scene0686_02,00080,1.874,32.78,115,100.0,100.0,100.0,100.0
ScanNet,scene0211_01,00041,1.545,28.87,3804,44.61,57.68,76.2,70.36
ScanNet,scene0114_00,00061,1.463,9.09,6130,24.81,64.17,69.25,89.74
ScanNet,scene0574_01,00074,1.126,13.79,387,97.67,89.3,98.56,90.48
ScanNet,scene0445_00,00060,1.893,5.69,3563,26.05,49.59,57.88,77.59
ScanNet,scene0024_00,00056,0.965,26.55,15370,40.74,48.34,78.77,55.58
ScanNet,scene0611_01,00094,1.267,22.14,7501,32.56,56.21,69.12,75.06
ScanNet,scene0141_02,00079,1.267,17.58,3334,60.44,49.74,80.25,56.67
ScanNet,scene0445_00,00079,2.831,4.03,4128,17.71,67.91,75.47,87.14
ScanNet,scene0343_00,00098,2.208,13.78,12625,27.56,42.26,49.9,73.39
ScanNet,scene0449_02,00041,4.17,48.15,523,53.15,92.67,92.67,100.0
ScanNet,scene0364_01,00005,1.622,11.89,5320,58.44,46.16,82.4,51.21
ScanNet,scene0022_01,00095,2.257,7.04,6877,47.78,64.77,82.63,74.98
ScanNet,scene0493_01,00063,1.504,12.2,12417,36.94,21.73,49.46,27.93
ScanNet,scene0120_00,00005,1.964,17.86,7799,28.2,54.05,62.81,79.49
ScanNet,scene0122_00,00044,1.765,19.44,2569,51.93,61.78,80.43,72.71
ScanNet,scene0362_01,00060,1.838,19.52,8352,35.82,46.15,73.18,55.55
ScanNet,scene0234_00,00020,1.041,8.54,6960,27.46,39.11,54.58,57.98
ScanNet,scene0020_00,00044,3.438,34.18,5501,27.58,78.77,95.68,81.67
ScanNet,scene0540_01,00079,2.67,24.09,7570,46.47,71.72,86.12,81.1
ScanNet,scene0064_01,00072,1.073,12.23,15753,33.03,39.32,49.24,66.12
ScanNet,scene0492_00,00082,1.661,4.97,7326,17.04,63.75,70.4,87.1
ScanNet,scene0582_00,00035,1.776,16.26,10792,29.8,56.91,73.3,71.8
ScanNet,scene0557_00,00080,2.437,11.62,18423,44.94,57.2,72.28,73.27
ScanNet,scene0253_00,00033,1.952,7.39,5726,36.87,47.64,51.48,86.45
ScanNet,scene0693_02,00084,0.161,29.25,288,84.38,92.05,92.05,100.0
ScanNet,scene0086_02,00050,1.96,20.35,2521,23.56,81.37,82.88,97.81
ScanNet,scene0003_02,00084,2.991,19.92,2129,10.57,71.61,72.31,98.67
ScanNet,scene0337_02,00041,2.325,2.99,11156,19.11,32.28,39.93,62.76
ScanNet,scene0026_00,00061,1.569,6.91,1964,27.39,27.27,52.42,36.25
ScanNet,scene0449_02,00097,0.713,12.45,944,51.38,59.85,60.0,99.59
ScanNet,scene0362_01,00053,2.139,20.08,11778,27.43,73.11,80.14,89.29
ScanNet,scene0089_00,00053,1.563,46.37,6071,41.21,58.54,81.69,67.39
ScanNet,scene0262_00,00049,1.214,11.09,6443,34.24,37.43,51.2,58.2
ScanNet,scene0586_01,00054,3.663,37.37,207,95.17,95.15,95.61,99.49
ScanNet,scene0222_00,00061,0.615,10.63,2549,57.71,47.99,69.52,60.77
ScanNet,scene0138_00,00059,2.222,15.77,14623,15.16,47.86,61.58,68.25
ScanNet,scene0673_02,00035,1.563,20.9,7333,27.72,49.92,60.1,74.67
ScanNet,scene0451_05,00061,1.542,15.24,28025,23.33,44.02,58.84,63.6
ScanNet,scene0472_02,00053,1.076,6.86,6682,38.43,42.5,46.91,81.89
ScanNet,scene0557_00,00073,1.267,7.44,6961,50.45,39.53,61.3,52.68
ScanNet,scene0161_01,00063,0.592,25.02,2669,43.84,65.54,84.35,74.62
ScanNet,scene0420_02,00056,1.275,23.4,12585,26.87,68.58,82.3,80.45
ScanNet,scene0474_04,00097,3.542,8.3,4557,17.34,68.06,79.75,82.28
ScanNet,scene0146_02,00020,1.997,22.08,889,55.34,86.02,86.94,98.78
ScanNet,scene0297_01,00005,1.52,16.53,2491,56.28,77.6,86.56,88.23
ScanNet,scene0146_02,00035,1.854,45.39,1132,36.84,84.03,87.15,95.92
ScanNet,scene0148_00,00063,1.127,15.2,16426,18.8,58.54,68.23,80.47
ScanNet,scene0092_01,00094,1.067,8.51,4215,6.07,28.02,29.23,87.11
ScanNet,scene0398_01,00097,1.249,8.96,4208,40.11,62.32,71.44,83.0
ScanNet,scene0472_01,00073,1.482,22.28,7306,45.55,59.78,76.57,73.17
ScanNet,scene0255_02,00048,2.287,29.58,3322,62.13,71.47,78.14,89.34
ScanNet,scene0122_00,00078,1.607,18.68,2330,43.48,72.07,80.45,87.36
ScanNet,scene0027_01,00018,1.393,16.12,6415,25.6,77.23,82.04,92.94
ScanNet,scene0564_00,00093,2.115,12.3,2489,36.84,46.53,74.2,55.51
ScanNet,scene0590_01,00060,0.993,3.83,6848,32.01,25.42,43.03,38.32
ScanNet,scene0345_01,00074,1.738,23.57,18063,32.12,36.77,62.39,47.24
ScanNet,scene0434_02,00020,1.675,19.09,1024,36.43,76.54,76.7,99.73
ScanNet,scene0545_02,00095,0.66,27.33,2109,79.75,61.49,93.82,64.09
ScanNet,scene0163_01,00018,1.725,19.81,4053,37.7,69.12,74.52,90.51
ScanNet,scene0454_00,00033,3.933,5.76,8322,7.69,35.89,61.84,46.09
ScanNet,scene0313_00,00050,0.692,5.91,5162,40.02,52.92,63.57,75.94
ScanNet,scene0581_01,00056,2.481,23.62,4092,14.57,55.04,65.26,77.85
ScanNet,scene0620_01,00095,1.593,17.43,6821,69.51,44.72,87.71,47.71
ScanNet,scene0572_02,00020,1.412,22.54,11289,18.82,47.33,58.44,71.34
ScanNet,scene0501_02,00097,2.609,13.8,2957,34.43,40.19,79.96,44.7
ScanNet,scene0587_01,00018,0.375,11.74,7393,53.62,52.74,73.73,64.93
ScanNet,scene0350_00,00053,2.265,13.22,6504,7.76,39.17,46.51,71.29
ScanNet,scene0474_04,00063,3.203,16.07,9544,15.51,72.63,81.99,86.42
ScanNet,scene0277_02,00020,1.818,7.65,2101,22.08,66.32,68.69,95.04
ScanNet,scene0181_01,00059,2.35,16.29,9630,19.27,54.45,68.32,72.84
ScanNet,scene0583_02,00056,1.618,16.52,4001,28.12,56.95,71.9,73.24
ScanNet,scene0701_01,00053,0.562,24.56,3664,57.72,71.96,83.55,83.83
ScanNet,scene0301_01,00094,0.595,27.07,4396,55.46,61.18,77.49,74.41
ScanNet,scene0647_00,00073,1.402,13.74,8775,14.55,47.29,62.87,65.62
ScanNet,scene0510_01,00074,2.79,6.79,8765,24.84,28.24,67.98,32.57
ScanNet,scene0101_02,00005,1.352,8.57,11242,35.82,23.6,53.17,29.8
ScanNet,scene0691_00,00079,1.354,13.48,2646,31.18,50.84,62.28,73.45
ScanNet,scene0682_00,00010,0.552,7.13,10233,42.65,77.5,81.23,94.41
ScanNet,scene0115_01,00035,1.575,6.95,7851,27.22,36.98,37.73,94.85
ScanNet,scene0085_00,00060,1.626,27.91,4378,55.09,76.65,79.77,95.15
ScanNet,scene0432_01,00062,1.338,20.23,4086,63.17,67.33,79.31,81.67
ScanNet,scene0204_02,00061,2.359,23.71,3256,23.16,69.35,78.56,85.54
ScanNet,scene0645_00,00005,2.221,21.29,24186,13.09,43.46,45.15,92.07
ScanNet,scene0169_00,00072,1.625,19.37,10372,39.33,57.24,81.59,65.73
ScanNet,scene0501_00,00070,3.831,15.74,1569,54.81,40.13,83.0,43.72
ScanNet,scene0078_00,00053,1.631,18.64,4713,19.82,50.83,66.02,68.84
ScanNet,scene0105_01,00005,0.795,9.97,455,74.95,75.11,75.11,100.0
ScanNet,scene0035_01,00083,1.204,5.51,2474,51.7,67.46,70.86,93.35
ScanNet,scene0153_01,00048,3.667,39.25,1893,21.39,63.12,64.47,96.79
ScanNet,scene0349_01,00095,1.711,15.88,478,80.54,78.52,98.08,79.74
ScanNet,scene0472_01,00012,1.588,18.14,5066,39.54,58.21,60.92,92.91
ScanNet,scene0277_02,00041,1.953,8.03,3000,60.43,77.98,81.09,95.31
ScanNet,scene0395_02,00059,2.814,4.08,9379,21.55,64.39,75.8,81.05
ScanNet,scene0525_01,00033,1.523,10.68,11727,15.36,49.0,61.46,70.74
ScanNet,scene0203_00,00070,0.71,9.66,2032,53.3,57.63,70.46,75.99
ScanNet,scene0619_00,00020,0.801,13.05,3940,34.16,46.03,66.1,60.25
ScanNet,scene0340_01,00033,2.131,8.37,14456,14.91,36.9,51.57,56.47
ScanNet,scene0128_00,00032,3.891,11.83,313,74.44,48.05,84.25,52.79
ScanNet,scene0181_01,00005,1.483,14.41,4867,13.54,46.65,48.94,90.9
ScanNet,scene0642_00,00041,2.209,6.87,28117,23.09,23.29,38.36,37.22
ScanNet,scene0505_03,00033,2.513,7.51,3915,22.61,70.7,71.22,98.98
ScanNet,scene0115_01,00056,1.595,12.02,18809,24.96,25.99,48.61,35.83
ScanNet,scene0395_01,00082,2.054,10.47,7960,44.76,34.25,81.94,37.05
ScanNet,scene0608_00,00082,1.399,25.24,7586,58.01,58.98,67.37,82.57
ScanNet,scene0293_01,00083,3.389,8.06,25007,15.04,18.0,39.62,24.8
ScanNet,scene0605_01,00044,1.265,5.77,8182,19.53,35.84,39.68,78.72
ScanNet,scene0299_00,00064,1.122,18.19,5512,11.74,64.67,66.1,96.75
ScanNet,scene0201_01,00050,0.482,14.77,2865,61.43,52.6,67.33,70.62
ScanNet,scene0181_02,00084,0.943,14.07,9272,41.64,35.69,63.24,45.04
ScanNet,scene0555_00,00033,2.751,4.14,15397,14.52,30.78,32.34,86.44
ScanNet,scene0280_01,00041,2.116,19.58,6173,17.9,64.09,78.05,78.19
ScanNet,scene0484_00,00059,1.542,11.8,10471,32.41,49.36,56.45,79.73
ScanNet,scene0435_01,00035,1.89,10.8,2867,58.14,78.93,85.03,91.66
ScanNet,scene0674_01,00073,1.284,12.84,9543,54.78,67.35,78.71,82.36
ScanNet,scene0168_01,00076,1.574,3.57,8370,33.56,16.96,39.14,23.03
ScanNet,scene0558_01,00056,1.072,6.97,5863,41.7,31.77,55.81,42.45
ScanNet,scene0527_00,00060,1.669,14.53,2157,35.14,73.6,82.87,86.81
ScanNet,scene0030_00,00053,1.991,24.08,6134,25.61,60.12,77.51,72.82
ScanNet,scene0700_02,00087,1.738,16.43,1480,34.32,34.6,40.15,71.46
ScanNet,scene0466_00,00054,0.609,7.58,4594,31.45,55.37,63.24,81.66
ScanNet,scene0207_02,00053,3.249,11.89,6283,23.6,36.54,47.59,61.16
ScanNet,scene0474_00,00070,1.291,15.28,8890,51.96,73.74,76.28,95.67
ScanNet,scene0059_00,00044,1.105,17.53,17477,34.11,41.59,58.0,59.51
ScanNet,scene0579_00,00061,0.773,21.68,4588,32.63,72.25,78.22,90.45
ScanNet,scene0324_00,00084,1.371,13.28,3150,37.4,34.08,62.42,42.87
ScanNet,scene0484_01,00044,0.774,6.36,3432,29.72,37.78,38.95,92.65
ScanNet,scene0297_00,00063,0.955,30.03,7459,58.31,59.98,87.79,65.44
ScanNet,scene0493_01,00059,1.559,11.17,13536,35.82,23.83,52.61,30.34
ScanNet,scene0569_01,00035,1.996,13.11,8356,38.99,40.66,70.71,48.9
ScanNet,scene0436_00,00087,1.052,13.36,3608,17.29,36.53,42.38,72.6
ScanNet,scene0645_02,00070,1.234,8.49,10406,34.66,65.04,68.0,93.73
ScanNet,scene0396_00,00087,3.106,49.42,510,97.45,85.6,99.3,86.12
ScanNet,scene0093_00,00087,1.949,29.44,7760,34.27,49.81,76.04,59.08
ScanNet,scene0268_02,00074,0.908,31.11,1327,11.23,30.85,30.85,100.0
ScanNet,scene0628_02,00056,1.855,18.57,2727,24.72,67.42,68.84,97.03
ScanNet,scene0216_00,00070,1.116,13.25,3352,49.43,60.01,74.76,75.26
ScanNet,scene0479_02,00087,3.558,13.07,829,46.44,62.2,62.2,100.0
ScanNet,scene0465_00,00079,1.401,6.97,11854,46.87,30.42,55.69,40.14
ScanNet,scene0016_00,00080,1.282,3.45,1542,36.77,45.56,49.54,85.01
ScanNet,scene0371_01,00053,1.137,45.69,574,86.41,83.46,93.6,88.51
ScanNet,scene0557_02,00018,1.955,15.95,20023,44.77,58.78,72.44,75.71
ScanNet,scene0617_00,00074,2.093,12.28,2013,13.46,44.07,44.59,97.42
ScanNet,scene0558_01,00004,1.078,8.14,5234,42.63,39.29,57.37,55.49
ScanNet,scene0205_00,00097,3.468,27.2,1997,25.14,39.19,39.19,100.0
ScanNet,scene0114_02,00035,1.498,9.78,6437,20.58,59.5,67.01,84.15
ScanNet,scene0021_00,00084,1.511,9.01,8872,25.48,27.24,51.46,36.67
ScanNet,scene0480_00,00012,1.323,25.83,11400,37.56,59.66,65.32,87.32
ScanNet,scene0260_01,00059,1.683,0.0,1219,3.45,13.86,13.86,100.0
ScanNet,scene0671_00,00076,0.92,12.82,5222,49.85,46.5,78.34,53.36
ScanNet,scene0468_01,00083,0.751,20.32,2393,31.63,62.01,68.14,87.32
ScanNet,scene0259_01,00048,2.235,20.05,6993,9.88,51.9,57.16,84.95
ScanNet,scene0118_02,00044,0.677,17.3,3500,33.71,75.83,76.63,98.64
ScanNet,scene0472_00,00059,1.206,22.59,9500,40.75,64.39,68.83,90.88
ScanNet,scene0656_03,00060,1.94,15.82,4388,55.77,50.07,71.26,62.73
ScanNet,scene0240_00,00056,0.631,18.34,2449,39.57,34.27,43.58,61.61
ScanNet,scene0324_01,00050,1.066,15.18,2557,54.05,79.82,87.71,89.87
ScanNet,scene0692_03,00018,1.815,18.21,2531,65.71,57.51,74.3,71.8
ScanNet,scene0686_01,00063,0.98,19.13,1057,47.3,88.03,88.03,100.0
ScanNet,scene0221_00,00061,1.798,13.91,4110,30.46,67.96,71.13,93.85
ScanNet,scene0585_00,00061,1.354,7.01,6256,7.08,12.54,14.24,51.24
ScanNet,scene0160_01,00020,0.661,13.71,7372,43.41,46.84,55.18,75.62
ScanNet,scene0013_01,00048,0.718,10.94,3030,46.5,56.03,56.82,97.59
ScanNet,scene0519_00,00018,0.68,16.31,427,67.68,92.64,96.52,95.85
ScanNet,scene0579_00,00012,1.161,27.72,5039,14.98,57.02,60.26,91.39
ScanNet,scene0297_00,00061,0.803,23.75,7075,34.01,58.87,76.5,71.86
ScanNet,scene0605_00,00060,1.995,8.07,4710,29.28,46.56,47.54,95.79
ScanNet,scene0666_01,00041,3.303,5.74,32204,12.99,41.62,81.99,45.8
ScanNet,scene0203_01,00077,1.063,9.08,4451,40.51,42.91,43.49,96.95
ScanNet,scene0558_01,00087,1.62,24.04,2265,66.67,71.44,71.67,99.54
ScanNet,scene0247_01,00053,3.189,22.82,4159,43.09,68.16,72.76,91.52
ScanNet,scene0086_01,00048,1.886,2.68,4471,10.56,54.88,54.88,100.0
ScanNet,scene0424_02,00061,2.279,12.42,10148,36.99,63.93,75.72,80.42
ScanNet,scene0003_00,00048,1.8,7.07,2815,77.55,32.23,79.56,35.14
ScanNet,scene0581_02,00079,1.901,25.62,3046,22.09,41.38,41.46,99.55
ScanNet,scene0628_02,00079,2.009,18.22,2932,29.4,73.15,73.21,99.88
ScanNet,scene0072_02,00082,1.282,11.82,2460,33.78,56.4,71.11,73.16
ScanNet,scene0696_02,00095,1.818,19.25,23258,26.24,37.46,50.19,59.63
ScanNet,scene0581_02,00044,2.094,9.9,3585,16.21,51.5,54.0,91.74
ScanNet,scene0400_00,00057,2.879,18.41,7544,4.97,74.74,76.47,97.07
ScanNet,scene0551_00,00053,1.96,17.05,2798,43.25,44.69,65.95,58.1
ScanNet,scene0312_01,00020,1.501,5.14,8408,10.03,32.19,32.29,99.05
ScanNet,scene0593_01,00094,3.146,4.81,13618,25.91,20.58,53.21,25.13
ScanNet,scene0553_01,00061,2.043,28.67,1097,36.92,85.84,89.2,95.8
ScanNet,scene0029_01,00050,0.72,21.77,540,47.04,79.1,81.19,96.85
ScanNet,scene0092_01,00020,2.32,21.21,3921,33.46,60.11,62.89,93.14
ScanNet,scene0423_00,00066,0.553,12.96,3016,60.05,70.1,91.16,75.21
ScanNet,scene0203_01,00083,0.478,14.97,2678,52.32,51.15,59.98,77.66
ScanNet,scene0484_00,00082,1.286,13.05,12669,30.29,58.77,68.02,81.21
ScanNet,scene0297_02,00044,1.412,28.55,9460,40.15,58.34,68.08,80.31
ScanNet,scene0158_00,00087,1.787,20.64,951,94.43,88.25,96.47,91.2
ScanNet,scene0059_00,00087,1.297,35.53,14834,39.44,56.35,73.33,70.88
ScanNet,scene0192_01,00053,0.808,16.9,3539,73.72,63.31,73.57,81.95
ScanNet,scene0591_02,00033,1.355,26.31,2309,24.25,44.46,45.13,96.79
ScanNet,scene0463_01,00080,1.96,25.75,8605,28.93,42.18,65.85,54.0
ScanNet,scene0557_02,00035,2.491,13.27,3049,60.68,61.88,74.72,78.27
ScanNet,scene0347_02,00033,2.922,27.84,2769,28.57,55.67,59.33,90.01
ScanNet,scene0181_00,00087,0.962,18.64,16288,45.85,35.75,61.55,46.04
ScanNet,scene0014_00,00059,0.614,7.68,1631,79.4,82.86,92.87,88.49
ScanNet,scene0335_01,00053,1.312,17.49,4270,44.1,50.02,70.85,62.98
ScanNet,scene0656_03,00020,1.313,16.9,1135,73.39,80.83,83.89,95.68
ScanNet,scene0558_02,00041,1.726,15.31,4228,42.41,61.0,61.64,98.33
ScanNet,scene0002_00,00097,2.647,6.35,10486,20.55,61.37,73.56,78.75
ScanNet,scene0031_02,00063,0.712,16.09,10207,55.34,51.15,67.03,68.35
ScanNet,scene0640_01,00018,2.881,24.35,2945,38.34,78.88,85.28,91.32
ScanNet,scene0465_00,00061,1.462,2.68,10922,58.92,27.31,65.22,31.97
ScanNet,scene0665_01,00005,1.619,15.8,15098,15.63,32.08,32.64,94.92
ScanNet,scene0528_01,00035,0.654,8.44,2028,43.98,63.97,71.42,85.99
ScanNet,scene0245_00,00078,1.823,10.07,17001,19.59,23.83,26.25,72.1
ScanNet,scene0364_01,00036,1.371,9.33,2980,22.45,68.38,70.73,95.37
ScanNet,scene0590_01,00084,1.989,13.66,6840,16.99,45.27,48.87,85.97
ScanNet,scene0157_01,00041,1.214,17.53,2546,38.26,75.93,84.62,88.09
ScanNet,scene0579_02,00095,1.956,9.31,1480,45.07,66.25,73.03,87.71
ScanNet,scene0640_01,00077,3.688,15.09,18228,14.82,35.12,98.96,35.25
ScanNet,scene0359_01,00097,2.466,18.97,1647,57.32,63.3,67.13,91.74
ScanNet,scene0089_00,00063,1.708,15.36,1443,76.65,84.33,95.21,88.07
ScanNet,scene0299_01,00050,1.624,18.34,10978,26.83,81.25,85.2,94.6
ScanNet,scene0371_01,00061,0.92,24.84,2063,50.07,69.8,84.93,79.67
ScanNet,scene0361_00,00070,1.767,12.07,6598,24.61,64.3,69.15,90.15
ScanNet,scene0398_01,00018,2.042,17.33,4030,38.86,66.97,76.52,84.29
ScanNet,scene0370_01,00063,1.325,8.01,10519,28.54,28.35,51.39,38.74
ScanNet,scene0610_01,00079,0.576,23.24,868,94.12,84.91,93.53,90.21
ScanNet,scene0111_01,00063,1.073,12.92,5389,39.77,56.22,75.25,68.97
ScanNet,scene0601_01,00005,3.029,25.22,11342,10.65,53.88,70.44,69.62
ScanNet,scene0254_01,00080,2.126,18.42,5379,16.25,50.21,51.72,94.51
ScanNet,scene0472_01,00074,1.397,20.5,7330,45.47,59.63,77.35,72.25
ScanNet,scene0701_01,00004,0.574,16.98,2878,83.5,67.61,86.3,75.74
ScanNet,scene0627_00,00087,1.055,18.71,11579,47.01,47.61,59.27,70.75
ScanNet,scene0172_01,00097,2.247,8.9,1689,38.9,56.33,57.61,96.19
ScanNet,scene0596_01,00094,1.83,16.38,4382,33.84,76.82,80.88,93.86
ScanNet,scene0107_00,00048,2.917,23.24,4231,51.83,70.62,88.99,77.38
ScanNet,scene0362_03,00084,1.711,17.44,6912,13.43,52.98,54.28,95.69
ScanNet,scene0040_00,00061,3.011,22.46,4624,14.34,43.48,63.03,58.37
ScanNet,scene0278_01,00070,2.269,11.09,7097,28.24,39.4,68.84,47.95
ScanNet,scene0547_00,00059,0.657,12.15,2767,60.17,46.46,61.87,65.11
ScanNet,scene0662_01,00069,0.294,10.47,244,97.95,97.95,97.95,100.0
ScanNet,scene0277_02,00074,1.859,14.79,2089,43.08,61.64,84.57,69.44
ScanNet,scene0616_01,00073,1.054,19.28,10902,33.0,46.07,56.31,71.71
ScanNet,scene0330_00,00077,2.251,2.41,9151,35.61,36.22,53.58,52.78
ScanNet,scene0067_01,00004,2.687,26.97,417,44.12,85.51,85.92,99.46
ScanNet,scene0127_01,00095,0.781,10.53,2270,64.58,64.82,87.01,71.76
ScanNet,scene0127_01,00097,1.749,20.07,2437,57.37,67.1,88.47,73.53
ScanNet,scene0459_01,00018,2.338,6.85,16580,10.33,28.7,41.03,48.86
ScanNet,scene0441_00,00082,1.947,18.98,5368,13.25,57.55,62.79,87.34
ScanNet,scene0258_00,00048,1.368,13.95,3674,64.62,77.4,81.92,93.34
ScanNet,scene0380_00,00053,1.746,17.99,12676,35.18,54.79,77.39,65.24
ScanNet,scene0432_01,00063,1.311,19.49,4295,56.44,56.48,77.0,67.95
ScanNet,scene0089_01,00044,2.946,30.14,2907,32.09,70.41,85.37,80.06
ScanNet,scene0400_00,00036,1.849,7.62,7364,50.64,43.35,84.96,46.96
ScanNet,scene0547_00,00044,1.79,4.71,9798,52.19,27.79,73.0,30.97
ScanNet,scene0440_01,00076,1.55,17.1,4154,33.22,54.71,70.37,71.09
ScanNet,scene0197_01,00082,2.445,4.85,2891,32.76,63.49,65.03,96.41
ScanNet,scene0590_01,00012,1.397,19.46,7435,24.73,51.9,66.81,69.93
ScanNet,scene0528_00,00050,1.158,30.22,4722,64.32,68.38,95.79,70.5
ScanNet,scene0346_01,00004,2.038,16.82,1819,57.83,71.65,82.21,84.79
ScanNet,scene0555_00,00048,2.527,13.09,18628,31.07,41.82,60.39,57.63
ScanNet,scene0157_01,00080,1.888,19.35,3646,43.47,60.26,69.39,82.08
ScanNet,scene0259_01,00080,2.15,9.68,5348,43.14,79.31,84.72,92.54
ScanNet,scene0320_02,00084,0.537,20.3,2423,56.79,64.42,88.78,70.13
ScanNet,scene0393_02,00095,2.023,21.14,19257,9.09,75.27,78.79,94.4
ScanNet,scene0187_01,00050,0.635,8.01,9095,33.28,59.57,69.79,80.28
ScanNet,scene0118_01,00048,1.51,17.51,6516,16.96,71.88,72.16,99.46
ScanNet,scene0283_00,00004,0.772,29.53,4278,42.45,65.88,78.7,80.18
ScanNet,scene0559_02,00094,1.398,6.93,19646,25.32,21.61,41.86,30.87
ScanNet,scene0219_00,00053,1.207,10.8,6344,63.15,61.1,76.93,74.81
ScanNet,scene0451_05,00095,1.498,7.13,11253,13.35,43.62,49.6,78.36
ScanNet,scene0214_01,00079,3.259,19.73,3528,25.28,67.43,82.24,78.92
ScanNet,scene0161_02,00083,0.702,21.5,3426,48.54,68.49,86.45,76.73
ScanNet,scene0158_01,00059,2.007,8.59,3088,64.73,38.83,83.67,42.02
ScanNet,scene0278_01,00084,2.777,7.1,5110,33.27,36.58,40.61,78.65
ScanNet,scene0313_00,00004,0.936,5.85,6085,25.9,38.85,47.88,67.32
ScanNet,scene0651_00,00095,3.788,22.84,8251,11.62,51.89,84.72,57.25
ScanNet,scene0457_01,00080,1.183,17.54,3190,60.47,65.14,72.31,86.78
ScanNet,scene0478_01,00033,2.339,26.21,3644,70.64,81.73,83.99,96.81
ScanNet,scene0416_01,00060,0.486,7.03,2837,49.24,57.76,63.42,86.61
ScanNet,scene0334_01,00044,0.694,5.45,7983,43.23,46.72,54.04,77.51
ScanNet,scene0700_02,00082,0.374,8.59,1044,61.02,65.76,83.39,75.67
ScanNet,scene0593_01,00070,1.91,3.69,10789,18.83,40.88,52.16,65.4
ScanNet,scene0686_02,00041,3.36,14.57,2220,52.07,42.53,81.56,47.06
ScanNet,scene0382_00,00048,0.459,12.33,4050,30.81,60.12,66.56,86.14
ScanNet,scene0477_01,00044,1.544,16.86,12715,42.23,48.3,63.57,66.8
ScanNet,scene0346_00,00075,2.057,21.11,2104,59.08,78.42,84.33,91.79
ScanNet,scene0628_01,00056,1.441,12.32,1792,40.96,73.16,77.29,93.19
ScanNet,scene0086_01,00020,1.835,6.11,8593,19.66,35.69,57.89,48.19
ScanNet,scene0445_01,00095,2.411,4.31,9817,10.98,60.5,61.87,96.47
ScanNet,scene0364_01,00054,0.496,12.5,326,86.81,92.48,92.48,100.0
ScanNet,scene0474_05,00055,2.808,10.71,2893,44.73,72.65,80.75,87.87
ScanNet,scene0581_01,00033,2.088,14.41,5774,7.2,45.35,45.44,99.52
ScanNet,scene0204_00,00005,1.448,20.82,4235,41.77,48.25,70.01,60.83
ScanNet,scene0299_01,00044,0.801,23.68,6182,44.81,78.77,85.1,91.37
ScanNet,scene0429_00,00070,1.583,25.24,3903,14.76,59.69,61.57,95.14
ScanNet,scene0526_01,00097,1.547,16.12,1708,59.72,62.86,86.5,69.71
ScanNet,scene0572_01,00020,0.955,19.57,7916,34.15,55.98,69.31,74.44
ScanNet,scene0106_01,00079,0.888,10.58,14471,53.89,43.97,61.51,60.67
ScanNet,scene0215_00,00004,0.667,6.72,2474,47.37,66.03,76.85,82.42
ScanNet,scene0376_00,00061,1.98,10.58,2422,39.43,49.74,50.16,98.32
ScanNet,scene0457_02,00087,3.016,14.3,9179,9.62,59.7,65.5,87.09
ScanNet,scene0152_01,00076,2.062,12.65,27909,10.03,18.69,23.5,47.71
ScanNet,scene0029_01,00088,2.344,16.26,620,28.06,53.71,69.1,70.69
ScanNet,scene0121_02,00059,3.294,21.07,455,60.66,94.16,94.81,99.28
ScanNet,scene0197_02,00060,1.893,6.32,3175,32.54,43.88,69.25,54.5
ScanNet,scene0435_01,00087,1.85,15.25,3076,24.02,52.99,53.87,97.02
ScanNet,scene0089_00,00094,1.355,21.65,3826,40.67,62.85,71.92,83.29
ScanNet,scene0520_01,00060,1.729,11.66,14974,26.11,39.49,45.96,73.7
ScanNet,scene0013_01,00033,0.553,8.59,2398,45.25,50.62,53.39,90.69
ScanNet,scene0642_02,00035,1.56,11.04,11027,28.39,41.06,43.06,89.81
ScanNet,scene0382_00,00041,1.388,12.24,2185,17.99,58.48,61.56,92.11
ScanNet,scene0282_00,00084,1.035,17.35,3222,42.02,53.47,62.27,79.1
ScanNet,scene0700_02,00048,0.615,4.63,838,12.05,33.33,33.8,96.04
ScanNet,scene0472_00,00050,1.09,17.87,11122,36.36,44.62,61.65,61.77
ScanNet,scene0642_00,00063,1.798,14.64,8363,18.24,48.84,57.82,75.87
ScanNet,scene0337_02,00077,2.203,8.49,11805,28.23,49.53,57.43,78.28
ScanNet,scene0173_01,00018,1.379,8.63,6348,30.32,39.93,45.58,76.31
ScanNet,scene0378_00,00020,1.646,22.89,5090,25.07,52.77,66.05,72.41
ScanNet,scene0241_02,00041,0.672,20.43,1688,44.49,84.59,85.57,98.67
ScanNet,scene0591_01,00005,1.729,15.3,10430,18.68,47.58,61.25,68.07
ScanNet,scene0114_02,00087,1.561,5.4,17111,49.37,43.63,74.62,51.23
ScanNet,scene0163_01,00094,1.691,15.75,10650,32.17,30.93,54.64,41.62
ScanNet,scene0245_00,00073,2.333,4.07,7795,18.08,44.2,48.06,84.6
ScanNet,scene0396_01,00063,1.456,32.14,301,98.34,98.34,98.34,100.0
ScanNet,scene0295_01,00070,1.368,34.6,1918,44.53,60.66,80.24,71.31
ScanNet,scene0163_01,00004,1.312,21.27,8118,36.23,45.51,62.95,62.16
ScanNet,scene0503_00,00063,1.094,19.41,8570,38.42,44.15,69.97,54.48
ScanNet,scene0437_01,00035,0.441,10.2,2133,62.68,71.5,78.19,89.3
ScanNet,scene0295_00,00074,1.904,15.93,8354,26.48,48.68,73.23,59.22
ScanNet,scene0416_01,00097,1.967,17.72,10978,38.58,41.89,48.75,74.85
ScanNet,scene0216_00,00033,2.498,18.7,8968,26.4,58.85,78.41,70.23
ScanNet,scene0291_02,00060,1.128,10.44,16588,46.62,34.19,63.75,42.44
ScanNet,scene0286_01,00060,1.631,18.54,4242,37.55,73.88,75.96,96.42
ScanNet,scene0055_01,00097,1.012,28.16,1723,72.2,78.65,93.1,83.52
ScanNet,scene0402_00,00020,1.392,15.23,8905,43.49,50.2,68.1,65.63
ScanNet,scene0449_02,00084,0.958,21.96,683,27.09,44.42,44.63,98.92
ScanNet,scene0067_01,00088,2.253,23.09,600,35.5,81.18,83.13,97.18
ScanNet,scene0164_03,00094,1.212,15.07,4612,28.97,55.14,73.62,68.71
ScanNet,scene0205_02,00012,1.825,33.85,568,66.02,86.59,88.04,98.13
ScanNet,scene0070_00,00038,1.489,22.11,2501,72.45,67.62,83.01,78.48
ScanNet,scene0511_01,00098,0.514,32.21,1688,38.27,60.55,75.78,75.08
ScanNet,scene0529_00,00018,1.292,28.67,10791,20.12,45.2,55.88,70.29
ScanNet,scene0318_00,00073,1.424,15.33,8072,19.09,48.36,61.04,69.95
ScanNet,scene0155_02,00097,1.732,6.78,11069,35.39,50.07,60.38,74.57
ScanNet,scene0387_00,00035,0.755,12.88,7641,47.4,47.81,75.84,56.41
ScanNet,scene0617_00,00005,2.011,18.96,7997,27.6,50.24,59.06,77.07
ScanNet,scene0683_00,00083,3.654,51.57,14,78.57,91.67,91.67,100.0
ScanNet,scene0139_00,00020,2.864,11.85,3932,45.65,29.26,77.18,32.03
ScanNet,scene0403_01,00084,0.939,21.85,9965,26.74,68.65,75.74,87.99
ScanNet,scene0474_04,00059,3.189,8.3,15151,10.26,71.26,81.97,84.5
ScanNet,scene0272_01,00076,1.879,13.04,4198,71.37,79.56,88.38,88.85
ScanNet,scene0059_00,00095,0.929,16.58,7445,27.97,62.25,66.0,91.64
ScanNet,scene0472_02,00095,2.145,6.85,32537,18.91,44.99,81.02,50.29
ScanNet,scene0570_00,00073,1.189,13.03,2808,36.43,54.09,72.62,67.94
ScanNet,scene0585_00,00070,0.916,5.29,2817,14.48,24.25,30.07,55.64
ScanNet,scene0378_00,00074,3.168,18.12,8611,20.98,64.96,75.1,82.79
ScanNet,scene0643_00,00050,1.36,23.85,6131,38.92,43.8,51.95,73.64
ScanNet,scene0702_00,00064,2.922,7.16,4205,5.56,27.69,34.9,57.26
ScanNet,scene0109_01,00087,1.43,11.23,3246,5.85,18.79,19.34,86.84
ScanNet,scene0693_02,00005,3.378,20.14,416,42.79,75.42,75.42,100.0
ScanNet,scene0603_01,00033,3.041,12.02,13684,31.66,38.34,73.72,44.41
ScanNet,scene0640_01,00080,2.106,17.19,10952,29.44,52.08,72.39,64.98
ScanNet,scene0588_03,00005,1.339,8.62,25910,27.74,30.09,39.32,56.16
ScanNet,scene0479_00,00048,2.838,21.5,1217,59.65,54.52,57.77,90.63
ScanNet,scene0543_02,00033,1.465,19.45,6333,35.5,62.56,73.36,80.96
ScanNet,scene0201_01,00020,1.658,15.56,13427,32.75,58.58,77.4,70.66
ScanNet,scene0493_01,00005,1.139,22.21,9462,49.84,39.09,71.75,46.2
ScanNet,scene0468_02,00014,2.213,25.95,4421,32.48,59.82,80.46,69.99
ScanNet,scene0619_00,00097,1.78,21.69,13529,18.89,55.64,69.57,73.54
ScanNet,scene0541_02,00012,1.832,9.76,10418,23.25,45.48,45.84,98.31
ScanNet,scene0055_01,00034,3.25,6.44,867,80.51,80.52,100.0,80.52
ScanNet,scene0123_02,00084,1.149,28.26,9813,20.06,64.96,70.39,89.38
ScanNet,scene0540_01,00073,2.602,22.1,13990,40.39,53.58,74.73,65.43
ScanNet,scene0153_00,00097,3.431,41.63,461,97.83,89.96,98.33,91.35
ScanNet,scene0141_02,00072,0.974,14.82,1947,59.84,43.46,72.21,52.19
ScanNet,scene0591_02,00079,1.548,14.29,11424,34.61,40.75,69.16,49.8
ScanNet,scene0204_00,00053,1.117,20.72,9528,47.08,40.29,72.38,47.61
ScanNet,scene0089_01,00041,2.306,27.9,2078,49.66,68.93,83.55,79.75
ScanNet,scene0474_00,00048,3.598,20.71,2688,26.23,83.81,84.42,99.15
ScanNet,scene0362_01,00050,2.175,23.67,11990,27.22,71.35,78.82,88.27
ScanNet,scene0547_00,00072,1.783,11.96,5608,28.33,44.19,62.81,59.85
ScanNet,scene0013_01,00074,0.825,11.49,4691,38.16,52.01,53.65,94.47
ScanNet,scene0296_01,00076,1.301,20.5,10593,23.19,61.57,71.59,81.47
ScanNet,scene0123_00,00050,0.852,10.46,4870,18.71,50.35,54.87,85.95
ScanNet,scene0424_02,00095,2.56,24.41,8026,37.24,82.71,93.76,87.52
ScanNet,scene0263_01,00087,0.831,8.95,4311,33.43,67.2,78.54,82.3
ScanNet,scene0203_01,00035,1.772,11.96,11464,15.56,49.62,54.46,84.81
ScanNet,scene0027_01,00056,2.611,17.11,9961,21.03,68.39,70.27,96.23
ScanNet,scene0169_01,00004,1.244,9.08,13781,36.03,41.11,65.81,52.27
ScanNet,scene0510_01,00044,3.391,15.03,8110,7.42,63.65,66.67,93.36
ScanNet,scene0111_00,00058,2.952,19.63,18528,20.02,58.3,76.97,70.62
ScanNet,scene0400_01,00074,0.979,18.49,4012,33.72,67.26,75.57,85.96
ScanNet,scene0558_00,00012,1.108,15.24,1902,61.99,60.11,74.52,75.66
ScanNet,scene0057_00,00018,2.134,22.77,11177,31.04,59.48,79.58,70.19
ScanNet,scene0570_02,00028,0.938,17.11,1897,44.44,50.19,52.28,92.65
ScanNet,scene0286_03,00005,1.235,23.24,8873,51.59,67.57,70.83,93.62
ScanNet,scene0072_00,00094,1.433,13.78,1391,21.42,68.19,68.19,100.0
ScanNet,scene0577_00,00056,3.417,22.71,798,74.31,74.78,75.65,98.48
ScanNet,scene0160_02,00095,0.792,20.06,8032,43.25,60.63,68.84,83.56
ScanNet,scene0659_00,00072,0.653,22.71,276,58.7,82.23,82.23,100.0
ScanNet,scene0030_01,00060,1.017,18.45,16090,35.89,56.72,76.11,69.0
ScanNet,scene0160_01,00097,1.088,18.61,8675,35.61,57.67,67.95,79.22
ScanNet,scene0593_01,00012,2.109,15.32,2546,37.94,45.59,49.37,85.61
ScanNet,scene0642_01,00073,2.462,4.82,11278,20.54,16.72,46.16,20.77
ScanNet,scene0064_01,00097,1.584,15.87,12407,42.18,43.49,61.51,59.76
ScanNet,scene0056_00,00070,1.792,11.57,10149,34.6,72.39,84.43,83.54
ScanNet,scene0240_00,00060,1.142,25.92,1345,41.86,79.07,86.15,90.59
ScanNet,scene0645_01,00004,1.842,22.31,14584,26.78,49.65,51.05,94.78
ScanNet,scene0005_01,00084,2.168,7.92,3385,61.15,58.89,72.8,75.51
ScanNet,scene0616_01,00094,1.39,14.64,21225,21.55,69.14,77.42,86.6
ScanNet,scene0403_01,00053,1.328,6.96,15545,29.39,45.99,62.74,63.27
ScanNet,scene0626_01,00063,1.541,11.29,4784,50.17,67.72,72.93,90.46
ScanNet,scene0283_00,00076,2.407,33.35,9524,12.25,43.41,50.49,75.58
ScanNet,scene0161_02,00050,0.571,27.01,2837,55.83,77.77,85.22,89.9
ScanNet,scene0449_01,00064,0.931,26.05,876,33.11,40.12,41.35,93.1
ScanNet,scene0002_00,00073,2.264,4.43,8873,34.7,45.05,51.86,77.43
ScanNet,scene0155_01,00087,1.336,25.1,9844,29.05,49.86,62.83,70.73
ScanNet,scene0641_00,00059,0.804,18.96,12177,45.38,53.14,70.54,68.3
ScanNet,scene0139_00,00038,1.308,6.16,3447,48.3,36.23,74.41,41.38
ScanNet,scene0291_02,00076,1.304,18.38,10771,29.68,44.39,61.88,61.09
ScanNet,scene0123_02,00082,1.095,30.91,9334,21.05,64.69,70.99,87.94
ScanNet,scene0558_01,00012,1.738,21.79,1695,65.66,69.37,69.81,99.1
ScanNet,scene0255_02,00005,2.166,40.19,1759,67.54,77.75,82.84,92.68
ScanNet,scene0058_01,00082,2.316,13.4,8837,35.62,45.83,76.7,53.24
ScanNet,scene0259_01,00004,2.081,34.07,1758,54.61,75.18,75.18,100.0
ScanNet,scene0459_01,00004,1.898,19.22,10356,17.87,33.26,52.41,47.65
ScanNet,scene0402_00,00059,0.837,12.67,2578,50.08,46.71,74.61,55.54
ScanNet,scene0474_02,00073,2.531,19.17,3650,23.21,68.68,82.37,80.52
ScanNet,scene0619_00,00074,1.665,32.82,2754,49.2,65.47,71.42,88.71
ScanNet,scene0600_02,00063,0.627,13.63,2178,62.44,69.95,76.43,89.19
ScanNet,scene0192_01,00087,1.855,14.95,3001,73.64,69.57,84.72,79.55
ScanNet,scene0603_01,00079,3.412,10.3,1563,26.68,45.25,62.99,61.63
ScanNet,scene0122_00,00081,1.775,26.38,1900,64.58,54.54,77.75,64.63
ScanNet,scene0173_01,00097,1.377,20.86,6414,31.1,47.3,61.11,67.67
ScanNet,scene0254_01,00059,2.076,12.16,4529,16.18,47.01,47.32,98.64
ScanNet,scene0203_01,00073,2.522,8.39,4107,33.87,44.58,47.98,86.27
ScanNet,scene0457_01,00004,2.13,14.05,1880,69.41,86.15,86.79,99.16
ScanNet,scene0241_01,00097,0.905,30.3,2530,48.66,72.84,80.68,88.22
ScanNet,scene0351_00,00012,2.496,4.41,17447,21.58,26.81,47.49,38.11
ScanNet,scene0410_01,00081,2.399,0.85,54,100.0,100.0,100.0,100.0
ScanNet,scene0513_00,00041,1.16,15.59,15727,45.71,48.09,79.93,54.69
ScanNet,scene0164_03,00070,1.773,22.12,4479,49.7,62.08,72.56,81.13
ScanNet,scene0510_01,00079,1.376,11.29,4283,30.56,47.7,70.73,59.43
ScanNet,scene0155_00,00053,1.259,10.96,12841,44.32,27.97,57.11,35.41
ScanNet,scene0475_02,00087,0.758,7.0,6404,30.04,44.99,56.17,69.33
ScanNet,scene0375_00,00033,1.178,37.48,251,75.3,90.43,90.43,100.0
ScanNet,scene0352_02,00020,3.262,22.4,4083,12.47,81.74,86.15,94.11
ScanNet,scene0118_01,00005,1.372,19.18,4056,27.44,61.94,62.99,97.39
ScanNet,scene0662_02,00089,4.282,44.33,63,85.71,100.0,100.0,100.0
ScanNet,scene0118_01,00079,1.348,16.14,3769,21.38,79.5,79.74,99.63
ScanNet,scene0320_02,00020,0.86,17.09,3381,34.04,72.35,85.7,82.28
ScanNet,scene0337_02,00060,2.328,7.02,14763,30.89,43.32,61.08,59.82
ScanNet,scene0625_01,00024,3.153,52.83,206,100.0,100.0,100.0,100.0
ScanNet,scene0334_00,00045,1.621,1.71,22006,23.0,25.25,31.76,55.17
ScanNet,scene0274_01,00056,2.227,13.65,5341,42.28,55.26,62.17,83.26
ScanNet,scene0503_00,00084,0.82,22.9,3617,68.54,64.8,73.48,84.59
ScanNet,scene0160_00,00087,1.193,29.18,6123,33.1,52.44,60.01,80.61
ScanNet,scene0645_01,00097,2.306,13.12,15362,27.67,41.53,53.34,65.22
ScanNet,scene0121_02,00020,3.761,38.17,1999,8.3,40.57,41.53,94.58
ScanNet,scene0030_01,00079,1.861,27.62,14314,21.22,46.95,60.72,67.43
ScanNet,scene0705_00,00085,0.919,27.55,1874,60.41,70.45,74.21,93.29
ScanNet,scene0651_02,00020,2.061,9.58,5022,19.83,34.64,34.74,99.2
ScanNet,scene0241_02,00018,1.087,25.69,3543,34.6,70.6,76.4,90.29
ScanNet,scene0255_02,00073,3.009,17.09,4022,6.02,23.42,24.36,85.95
ScanNet,scene0229_00,00073,1.096,19.84,5106,14.14,46.03,51.93,80.19
ScanNet,scene0472_02,00005,1.701,23.45,15263,30.9,48.92,63.19,68.41
ScanNet,scene0686_01,00012,2.636,25.39,10105,21.37,39.07,74.96,44.93
ScanNet,scene0038_01,00070,1.178,15.26,9230,26.12,56.78,69.68,75.4
ScanNet,scene0160_01,00056,0.625,8.31,3231,46.64,49.48,60.85,72.59
ScanNet,scene0025_02,00082,2.737,10.38,7495,20.16,18.67,29.77,33.36
ScanNet,scene0305_01,00044,3.566,8.65,2462,55.73,56.01,93.99,58.09
ScanNet,scene0570_02,00068,3.722,48.89,184,95.11,95.63,95.63,100.0
ScanNet,scene0640_02,00095,1.675,21.53,3392,69.19,51.43,77.64,60.37
ScanNet,scene0055_02,00097,1.91,13.43,2997,74.57,76.47,92.8,81.3
ScanNet,scene0268_02,00033,1.03,16.19,465,67.1,66.03,81.27,77.88
ScanNet,scene0168_01,00053,3.036,11.28,5939,16.16,48.7,56.39,78.12
ScanNet,scene0702_01,00018,1.044,11.32,554,75.63,84.6,87.94,95.7
ScanNet,scene0370_01,00095,1.021,11.73,8306,34.96,42.96,65.32,55.65
ScanNet,scene0036_01,00060,1.218,7.22,5893,33.12,54.21,69.43,71.21
ScanNet,scene0231_01,00048,1.425,15.49,18607,27.56,47.27,63.32,65.1
ScanNet,scene0123_02,00095,1.599,26.34,8885,19.92,45.67,61.35,64.12
ScanNet,scene0161_02,00097,0.545,17.12,2579,53.43,74.29,89.28,81.57
ScanNet,scene0642_03,00097,1.473,20.89,8498,35.8,62.72,67.0,90.76
ScanNet,scene0215_00,00005,0.669,6.0,2463,46.85,66.28,76.16,83.62
ScanNet,scene0111_00,00083,2.994,10.54,15007,22.85,49.64,54.18,85.56
ScanNet,scene0557_01,00053,0.952,8.17,5930,21.65,39.97,47.34,71.96
ScanNet,scene0346_00,00084,2.353,13.71,3847,19.44,50.28,51.67,94.92
ScanNet,scene0253_00,00087,3.122,9.64,4153,64.51,50.68,91.91,53.04
ScanNet,scene0181_02,00087,1.3,9.77,12766,36.02,32.69,67.12,38.93
ScanNet,scene0392_01,00087,3.057,18.78,3123,20.4,71.58,73.28,96.86
ScanNet,scene0330_00,00064,0.667,5.75,8573,36.82,31.4,42.47,54.64
ScanNet,scene0611_01,00004,1.439,18.01,9765,31.84,44.34,69.48,55.07
ScanNet,scene0671_00,00050,1.24,12.4,3736,41.97,42.38,67.81,53.06
ScanNet,scene0078_02,00035,1.439,9.44,6389,31.87,41.42,71.32,49.71
ScanNet,scene0494_00,00004,1.087,24.65,2886,57.9,55.32,88.1,59.78
ScanNet,scene0500_01,00022,1.166,13.89,8621,22.83,63.15,67.75,90.29
ScanNet,scene0031_02,00035,1.025,9.56,14958,39.54,36.88,55.29,52.54
ScanNet,scene0545_01,00005,2.549,14.14,3616,37.25,43.19,79.23,48.7
ScanNet,scene0146_02,00060,3.553,46.53,467,63.81,87.39,87.39,100.0
ScanNet,scene0318_00,00097,1.253,7.52,11256,38.24,49.32,70.74,61.97
ScanNet,scene0020_00,00048,1.303,27.76,4523,13.51,39.77,46.83,72.5
ScanNet,scene0259_00,00018,1.476,11.07,20810,11.26,36.84,48.27,60.88
ScanNet,scene0501_02,00070,1.051,22.78,622,91.8,92.8,95.52,97.02
ScanNet,scene0398_00,00070,1.65,11.09,1781,71.42,57.84,82.71,65.8
ScanNet,scene0304_00,00033,2.236,12.4,12733,10.08,48.11,55.98,77.4
ScanNet,scene0474_00,00012,2.717,15.12,9622,9.96,55.12,61.74,83.72
ScanNet,scene0700_01,00012,1.453,10.04,2728,50.29,52.4,81.23,59.62
ScanNet,scene0620_01,00005,1.49,14.33,4028,65.69,71.01,91.93,75.74
ScanNet,scene0241_01,00033,3.482,17.79,814,53.56,93.32,96.99,96.1
ScanNet,scene0511_01,00097,0.47,21.12,1448,45.1,63.68,77.22,78.41
ScanNet,scene0153_01,00063,2.392,21.38,1190,10.0,37.59,40.49,84.03
ScanNet,scene0201_02,00076,1.159,1.85,6849,41.7,27.08,61.77,32.53
ScanNet,scene0536_02,00035,1.333,19.94,9569,37.77,49.21,62.75,69.51
ScanNet,scene0543_02,00018,1.35,20.09,4223,40.3,75.03,89.51,82.26
ScanNet,scene0421_00,00056,3.666,21.44,978,29.24,60.49,66.67,86.71
ScanNet,scene0466_00,00010,1.073,3.94,19415,31.24,32.18,43.89,54.67
ScanNet,scene0570_00,00005,0.666,22.4,3177,42.81,61.39,71.07,81.84
ScanNet,scene0297_01,00061,0.937,24.46,4705,60.98,76.36,86.72,86.48
ScanNet,scene0220_00,00082,0.615,9.49,2998,58.31,47.97,64.64,65.05
ScanNet,scene0686_02,00035,2.047,22.76,1895,49.92,55.13,83.36,61.95
ScanNet,scene0571_00,00063,2.354,29.74,502,26.69,77.46,77.46,100.0
ScanNet,scene0531_00,00075,1.185,4.87,1723,62.57,52.74,89.26,56.31
ScanNet,scene0222_00,00036,3.982,27.2,217,99.08,99.54,99.54,100.0
ScanNet,scene0560_00,00056,1.708,20.0,1126,63.94,68.18,78.95,83.33
ScanNet,scene0674_01,00051,1.561,15.24,3332,64.11,67.95,76.44,85.96
ScanNet,scene0403_01,00063,1.197,9.5,10527,32.43,49.63,63.07,69.95
ScanNet,scene0367_01,00054,2.037,17.59,8595,18.81,37.13,46.25,65.31
ScanNet,scene0085_00,00005,1.647,25.62,11204,57.55,66.53,75.28,85.13
ScanNet,scene0201_02,00044,2.274,27.97,7093,51.22,65.45,72.16,87.56
ScanNet,scene0448_01,00018,1.238,4.0,2687,40.6,38.37,70.64,45.65
ScanNet,scene0568_00,00095,2.231,8.22,12215,25.24,29.2,29.98,91.76
ScanNet,scene0266_00,00074,1.458,11.76,9423,29.71,35.66,44.01,65.25
ScanNet,scene0683_00,00095,1.304,29.07,872,89.91,84.97,92.17,91.58
ScanNet,scene0153_00,00086,2.513,22.15,559,99.82,76.39,99.77,76.52
ScanNet,scene0362_03,00063,2.131,25.35,2254,74.98,74.34,83.87,86.75
ScanNet,scene0251_00,00035,2.56,6.65,10349,13.74,28.76,30.79,81.36
ScanNet,scene0633_01,00012,1.785,10.68,3245,47.15,45.17,79.84,50.98
ScanNet,scene0352_02,00004,2.459,15.13,7751,8.64,53.45,55.86,92.54
ScanNet,scene0117_00,00076,1.682,20.71,4004,26.85,48.17,65.2,64.84
ScanNet,scene0016_01,00087,0.972,9.44,4224,38.12,35.7,57.76,48.32
ScanNet,scene0030_00,00004,1.902,20.66,8709,32.84,45.34,67.49,58.01
ScanNet,scene0232_02,00073,2.685,44.44,4020,66.07,84.12,88.09,94.92
ScanNet,scene0371_01,00063,0.865,19.54,3740,34.49,61.77,79.3,73.64
ScanNet,scene0062_02,00079,1.358,24.69,1732,21.88,64.26,64.82,98.68
ScanNet,scene0380_00,00095,1.46,23.87,7656,29.17,59.27,73.73,75.15
ScanNet,scene0628_02,00097,1.477,25.79,5320,48.44,59.18,81.92,68.06
ScanNet,scene0297_02,00095,2.455,10.37,3606,25.32,68.94,70.83,96.28
ScanNet,scene0416_03,00020,1.478,2.47,2487,48.21,63.59,67.36,91.91
ScanNet,scene0526_01,00084,2.295,37.68,1663,40.23,63.55,78.3,77.13
ScanNet,scene0086_00,00056,1.47,15.27,6827,27.41,36.48,75.91,41.26
ScanNet,scene0502_00,00053,3.205,12.45,11429,3.6,50.85,52.43,94.4
ScanNet,scene0568_00,00033,1.623,18.33,10163,5.73,11.38,11.45,94.67
ScanNet,scene0022_01,00012,2.135,11.9,9165,32.09,58.78,71.05,77.29
ScanNet,scene0335_01,00050,2.183,7.93,2989,33.96,59.58,70.79,79.01
ScanNet,scene0675_00,00056,0.993,8.58,8360,57.01,41.79,76.68,47.88
ScanNet,scene0155_01,00097,1.378,11.71,8145,32.15,44.35,50.8,77.74
ScanNet,scene0255_02,00063,2.755,28.26,1499,68.78,79.7,80.59,98.64
ScanNet,scene0173_01,00005,1.646,22.33,6440,32.93,44.9,60.72,63.27
ScanNet,scene0192_00,00095,0.436,7.47,2870,78.01,70.81,83.48,82.36
ScanNet,scene0455_00,00004,1.165,14.28,4912,31.37,56.56,62.38,85.85
ScanNet,scene0072_02,00033,2.581,14.77,1537,22.58,59.02,61.6,93.37
ScanNet,scene0693_02,00041,1.22,16.05,1061,28.46,42.75,43.0,98.68
ScanNet,scene0536_00,00076,0.676,7.11,8307,52.74,52.84,61.55,78.89
ScanNet,scene0332_02,00070,2.046,16.37,2146,62.4,63.01,85.04,70.87
ScanNet,scene0095_00,00082,1.975,19.71,12109,29.25,35.35,61.72,45.29
ScanNet,scene0588_01,00084,0.901,9.12,11870,48.96,53.3,68.72,70.37
ScanNet,scene0573_00,00063,1.735,37.84,7228,29.79,71.08,72.59,97.17
ScanNet,scene0282_02,00076,2.12,37.03,2551,50.57,65.39,67.39,95.66
ScanNet,scene0173_01,00084,1.641,31.23,6001,29.93,52.59,64.9,73.5
ScanNet,scene0665_01,00095,1.59,13.71,22851,19.2,39.41,41.72,87.67
ScanNet,scene0272_01,00004,2.449,32.47,5966,49.38,60.41,76.55,74.13
ScanNet,scene0242_01,00018,1.741,6.63,2317,35.95,61.79,69.6,84.63
ScanNet,scene0400_00,00060,1.697,20.24,5125,10.83,54.27,57.14,91.53
ScanNet,scene0696_02,00074,2.812,10.62,15299,16.84,42.43,45.38,86.73
ScanNet,scene0472_02,00061,1.627,27.44,5138,32.13,53.23,72.95,66.32
ScanNet,scene0619_00,00018,0.788,12.72,3866,35.26,44.34,65.19,58.11
ScanNet,scene0487_01,00060,2.581,14.6,8777,14.57,64.04,71.65,85.77
ScanNet,scene0280_01,00061,2.474,10.57,6131,19.65,36.21,50.87,55.68
ScanNet,scene0257_00,00062,1.88,13.78,10826,20.18,29.02,36.99,57.39
ScanNet,scene0662_01,00062,0.992,10.04,296,60.47,86.89,86.89,100.0
ScanNet,scene0068_01,00018,3.639,30.38,831,26.11,32.93,32.93,100.0
ScanNet,scene0294_02,00084,1.445,14.23,16696,37.64,49.38,63.78,68.62
ScanNet,scene0160_01,00074,0.714,11.5,4767,37.55,57.11,63.46,85.08
ScanNet,scene0472_01,00082,1.167,15.97,14283,43.35,56.4,67.4,77.56
ScanNet,scene0520_01,00020,1.423,7.34,19228,17.81,27.3,32.96,61.4
ScanNet,scene0142_00,00073,2.007,12.35,9323,18.88,52.44,58.19,84.15
ScanNet,scene0545_01,00066,1.838,9.94,3575,34.52,47.98,68.37,61.67
ScanNet,scene0472_02,00056,1.306,17.45,14844,40.35,41.76,70.95,50.38
ScanNet,scene0474_04,00095,3.353,9.12,6515,16.35,63.01,76.88,77.75
ScanNet,scene0570_02,00013,1.096,25.09,1992,57.98,47.58,69.0,60.52
ScanNet,scene0459_01,00094,0.634,18.72,3022,14.99,51.88,52.56,97.57
ScanNet,scene0337_02,00086,1.733,3.35,22655,32.74,42.98,57.42,63.09
ScanNet,scene0259_00,00087,2.318,26.46,3844,31.22,62.56,64.01,96.5
ScanNet,scene0286_02,00005,1.369,24.82,7051,46.92,66.57,74.61,86.06
ScanNet,scene0268_01,00074,3.875,31.52,2982,9.69,83.18,89.3,92.39
ScanNet,scene0059_02,00080,2.039,3.55,3454,28.81,36.69,40.27,80.5
ScanNet,scene0628_02,00020,1.387,25.8,5499,42.23,62.04,83.55,70.67
ScanNet,scene0620_00,00012,1.979,5.68,13303,39.39,22.32,68.71,24.85
ScanNet,scene0109_01,00082,1.701,11.02,2385,12.54,39.76,44.59,78.6
ScanNet,scene0706_00,00087,1.414,8.92,2131,35.05,49.96,51.82,93.31
ScanNet,scene0642_03,00020,2.013,12.78,8389,27.7,57.39,63.11,86.36
ScanNet,scene0003_00,00095,2.348,17.45,3450,29.51,60.17,75.32,74.95
ScanNet,scene0059_00,00063,0.921,11.54,9699,21.39,51.08,54.24,89.78
ScanNet,scene0469_01,00059,2.836,29.67,1580,32.72,64.57,72.65,85.3
ScanNet,scene0512_00,00099,1.554,10.36,9952,35.85,39.82,67.66,49.19
ScanNet,scene0479_00,00070,3.506,19.32,80,76.25,76.25,76.25,100.0
ScanNet,scene0276_00,00097,1.478,23.15,3981,52.27,78.65,83.23,93.46
ScanNet,scene0605_01,00083,1.851,5.06,8648,7.63,21.31,25.68,55.61
ScanNet,scene0320_02,00070,1.513,7.72,4174,37.93,51.25,56.14,85.47
ScanNet,scene0118_02,00084,1.178,5.94,6950,19.15,71.84,73.48,96.99
ScanNet,scene0441_00,00073,1.187,13.29,4390,17.22,49.69,60.15,74.07
ScanNet,scene0603_01,00005,2.323,1.67,16221,3.13,10.46,10.46,99.8
ScanNet,scene0439_01,00018,3.032,8.79,19964,26.34,41.9,70.16,50.98
ScanNet,scene0612_00,00074,2.454,8.18,1001,31.27,51.9,58.2,82.75
ScanNet,scene0587_01,00082,0.294,22.93,4346,54.3,57.33,75.12,70.76
ScanNet,scene0686_02,00044,3.369,9.17,1353,54.62,39.88,79.28,44.52
ScanNet,scene0083_00,00068,0.79,24.05,428,41.12,73.53,73.84,99.43
ScanNet,scene0553_01,00051,3.104,36.15,943,35.74,100.0,100.0,100.0
ScanNet,scene0264_00,00060,1.914,25.05,6672,27.61,47.32,68.64,60.37
ScanNet,scene0334_00,00013,1.864,1.2,32160,18.34,22.65,26.49,60.98
ScanNet,scene0027_01,00035,1.116,10.65,12211,24.88,75.83,87.24,85.29
ScanNet,scene0573_00,00035,1.515,23.88,5957,25.82,57.39,73.43,72.43
ScanNet,scene0041_00,00055,0.966,8.49,17239,17.31,38.13,45.36,70.51
ScanNet,scene0154_00,00033,2.281,15.64,5758,18.57,30.66,31.18,94.86
ScanNet,scene0163_01,00059,1.316,32.91,2981,31.83,74.56,75.96,97.58
ScanNet,scene0248_01,00045,1.328,10.91,12983,48.16,25.92,57.41,32.1
ScanNet,scene0387_00,00097,0.544,6.2,1932,68.53,85.5,90.9,93.5
ScanNet,scene0286_02,00077,3.045,17.15,4011,26.2,79.29,85.32,91.82
ScanNet,scene0640_00,00079,1.405,9.35,13519,21.1,46.65,54.8,75.81
ScanNet,scene0056_00,00082,1.348,17.79,19868,20.7,37.08,47.32,63.16
ScanNet,scene0168_01,00082,0.96,9.47,7464,45.77,32.15,58.82,41.48
ScanNet,scene0347_02,00076,3.614,28.7,10647,12.46,59.37,93.11,62.09
ScanNet,scene0120_01,00012,2.403,31.81,8093,21.73,54.32,55.2,97.16
ScanNet,scene0656_03,00079,1.831,14.52,7623,49.46,50.83,55.28,86.31
ScanNet,scene0105_01,00063,2.614,31.14,188,68.62,79.35,82.55,95.35
ScanNet,scene0158_02,00063,2.676,4.0,2953,86.39,33.83,87.95,35.48
ScanNet,scene0524_00,00070,1.664,12.14,2776,21.29,34.51,46.09,57.87
ScanNet,scene0161_02,00077,0.685,33.46,3308,48.58,69.1,85.41,78.34
ScanNet,scene0031_02,00056,1.678,18.98,7723,35.31,62.06,65.32,92.56
ScanNet,scene0369_00,00079,3.123,24.07,5366,13.57,73.52,75.08,97.25
ScanNet,scene0604_00,00048,0.824,16.46,11758,23.15,62.67,73.14,81.41
ScanNet,scene0312_02,00072,0.92,4.68,10858,49.76,42.0,63.45,55.4
ScanNet,scene0570_00,00004,0.665,19.59,3156,43.22,61.61,71.06,82.26
ScanNet,scene0055_02,00020,2.296,6.7,6769,51.29,33.19,47.16,52.85
ScanNet,scene0655_02,00074,1.251,18.53,6874,28.03,39.91,54.86,59.42
ScanNet,scene0430_01,00087,1.616,27.48,3688,50.11,70.06,76.78,88.91
ScanNet,scene0410_01,00012,1.07,11.22,242,89.26,85.47,91.74,92.59
ScanNet,scene0116_00,00092,1.74,9.6,785,26.11,24.75,25.85,85.37
ScanNet,scene0436_00,00048,3.704,10.71,2206,79.87,37.41,83.2,40.47
ScanNet,scene0123_01,00061,0.696,31.84,5275,31.09,74.51,77.31,95.37
ScanNet,scene0423_02,00004,0.81,17.8,4922,54.29,55.43,75.17,67.85
ScanNet,scene0440_02,00061,1.58,23.83,4469,23.09,69.3,76.76,87.69
ScanNet,scene0327_00,00070,1.459,8.35,5187,6.96,32.84,34.59,86.7
ScanNet,scene0572_02,00082,1.236,10.88,5050,25.72,58.2,70.66,76.75
ScanNet,scene0335_01,00079,1.042,14.09,3289,30.83,38.65,60.0,52.07
ScanNet,scene0601_01,00097,2.132,5.78,4896,32.66,58.66,60.76,94.43
ScanNet,scene0704_00,00094,1.348,9.75,644,85.25,62.03,98.85,62.48
ScanNet,scene0173_00,00041,1.354,23.77,13119,15.0,46.3,55.45,73.73
ScanNet,scene0028_00,00018,1.222,19.86,14229,30.9,51.16,67.97,67.41
ScanNet,scene0052_01,00033,1.637,19.79,4553,27.72,54.97,55.85,97.23
ScanNet,scene0410_01,00056,3.031,43.71,315,63.17,80.19,92.9,85.43
ScanNet,scene0517_02,00079,2.379,12.05,7999,31.17,58.76,65.37,85.32
ScanNet,scene0013_01,00004,1.101,3.18,3746,34.12,53.23,65.4,74.1
ScanNet,scene0424_00,00073,1.898,14.05,3651,38.7,44.83,62.76,61.08
ScanNet,scene0631_02,00035,0.756,19.21,7942,32.93,66.96,78.16,82.37
ScanNet,scene0057_01,00020,3.124,20.88,9716,9.81,56.12,59.48,90.87
ScanNet,scene0089_00,00070,1.271,11.61,854,84.66,88.8,92.74,95.44
ScanNet,scene0641_00,00073,0.554,9.76,3984,62.88,59.02,71.82,76.81
ScanNet,scene0600_02,00004,0.985,13.9,4323,61.53,63.74,67.77,91.47
ScanNet,scene0520_00,00058,1.03,16.4,8804,51.51,55.74,72.93,70.28
ScanNet,scene0510_02,00076,0.92,16.56,1037,58.92,73.44,91.62,78.72
ScanNet,scene0502_00,00062,0.672,12.32,7073,21.5,48.29,54.52,80.87
ScanNet,scene0286_01,00041,1.123,46.51,1397,67.5,83.52,86.81,95.65
ScanNet,scene0211_01,00095,1.776,26.12,4569,59.71,58.82,85.66,65.25
ScanNet,scene0052_01,00094,2.37,19.11,5905,33.73,59.26,59.4,99.6
ScanNet,scene0020_00,00059,3.227,13.64,1189,27.0,87.95,87.95,100.0
ScanNet,scene0700_00,00070,0.599,7.41,1646,41.74,49.1,61.07,71.47
ScanNet,scene0427_00,00070,1.566,18.9,2485,35.45,51.22,71.21,64.59
ScanNet,scene0211_01,00059,2.159,12.79,4023,46.01,47.19,76.06,55.43
ScanNet,scene0347_02,00018,1.865,9.04,4758,47.9,39.2,77.8,44.14
ScanNet,scene0024_00,00084,1.315,18.74,9782,51.07,58.56,84.02,65.89
ScanNet,scene0039_01,00012,2.195,10.06,5443,30.04,58.72,61.78,92.23
ScanNet,scene0291_02,00073,1.206,20.02,13743,34.4,47.41,69.4,59.93
ScanNet,scene0666_01,00012,1.351,28.27,4710,43.61,67.42,81.61,79.5
ScanNet,scene0262_00,00082,1.862,9.31,4111,22.09,43.41,58.17,63.11
ScanNet,scene0480_00,00004,1.845,23.53,13548,33.44,58.11,65.74,83.36
ScanNet,scene0070_00,00064,2.767,17.63,3066,54.17,43.1,83.23,47.2
ScanNet,scene0436_00,00095,1.284,7.24,1126,37.92,71.74,76.01,92.74
ScanNet,scene0127_00,00076,2.42,4.25,9701,34.12,26.97,71.35,30.24
ScanNet,scene0701_01,00082,0.625,9.98,2539,70.03,64.87,73.91,84.14
ScanNet,scene0078_02,00048,1.925,12.98,5024,22.07,58.6,75.64,72.23
ScanNet,scene0288_00,00045,0.333,13.56,2201,38.03,67.3,70.92,92.95
ScanNet,scene0279_02,00005,0.834,5.1,7285,49.92,64.65,77.97,79.1
ScanNet,scene0651_00,00059,2.115,19.41,2499,23.21,49.54,67.38,65.17
ScanNet,scene0219_00,00079,1.508,10.99,7587,70.08,60.17,81.45,69.72
ScanNet,scene0121_01,00004,2.272,1.63,1795,2.06,13.45,13.45,100.0
ScanNet,scene0005_01,00087,2.223,14.27,4693,61.11,40.07,67.83,49.48
ScanNet,scene0484_01,00076,1.742,8.96,8778,38.28,56.74,61.02,88.99
ScanNet,scene0092_01,00050,0.734,14.58,3610,50.17,54.44,73.55,67.7
ScanNet,scene0591_02,00095,1.921,20.66,13905,37.45,40.76,74.32,47.45
ScanNet,scene0334_01,00070,1.49,1.27,4674,50.62,71.98,75.42,94.04
ScanNet,scene0687_00,00061,1.535,16.62,2628,43.15,74.45,78.66,93.3
ScanNet,scene0264_00,00070,3.38,13.75,5654,15.67,64.59,71.02,87.7
ScanNet,scene0058_01,00004,1.818,17.23,6930,44.31,57.66,80.98,66.69
ScanNet,scene0620_01,00020,3.233,7.48,2324,59.47,68.89,94.48,71.78
ScanNet,scene0609_00,00084,0.955,13.81,5971,46.96,63.92,81.44,74.82
ScanNet,scene0625_01,00065,0.843,7.81,306,94.44,71.77,97.69,73.01
ScanNet,scene0480_00,00050,0.874,30.07,4624,53.74,67.67,73.89,88.93
ScanNet,scene0510_01,00005,1.684,15.03,1435,37.21,73.65,73.96,99.44
ScanNet,scene0152_01,00041,1.833,5.6,18666,21.63,39.1,48.63,66.61
ScanNet,scene0179_00,00076,1.613,18.68,5903,53.57,43.06,70.94,52.28
ScanNet,scene0509_02,00084,3.843,23.06,360,61.11,93.59,93.99,99.55
ScanNet,scene0154_00,00061,2.22,7.31,11359,13.13,28.62,28.78,98.12
ScanNet,scene0551_00,00094,1.498,33.14,4997,37.56,59.9,76.79,73.15
ScanNet,scene0449_02,00087,1.565,18.14,983,18.31,58.92,59.93,97.22
ScanNet,scene0058_01,00059,2.125,7.23,6761,27.07,63.23,77.62,77.32
ScanNet,scene0673_02,00063,0.562,9.45,3244,29.35,41.33,48.84,72.9
ScanNet,scene0211_02,00084,0.601,17.16,2278,19.14,60.39,60.39,100.0
ScanNet,scene0608_00,00076,0.549,17.09,2782,67.04,39.17,63.73,50.4
ScanNet,scene0526_00,00059,1.378,6.57,6299,20.96,28.04,36.52,54.7
ScanNet,scene0524_00,00073,1.901,9.65,2486,25.5,50.25,57.16,80.6
ScanNet,scene0702_02,00079,0.985,20.44,115,48.7,48.7,48.7,100.0
ScanNet,scene0535_00,00024,1.536,0.85,4249,28.08,34.84,53.6,49.87
ScanNet,scene0192_01,00012,0.678,12.39,4701,73.6,67.01,75.25,85.95
ScanNet,scene0588_01,00094,1.548,16.59,6164,37.61,51.44,65.42,70.66
ScanNet,scene0700_02,00033,1.039,15.5,4175,38.75,42.61,73.32,50.43
ScanNet,scene0153_00,00063,1.444,20.08,1089,18.37,26.85,26.85,100.0
ScanNet,scene0425_01,00044,2.234,10.34,5039,16.07,55.86,62.74,83.58
ScanNet,scene0168_02,00074,1.008,9.3,9183,33.78,45.33,59.21,65.93
ScanNet,scene0025_02,00044,1.416,24.07,4957,35.93,63.1,69.19,87.76
ScanNet,scene0295_01,00095,3.069,9.61,6262,17.68,51.82,78.43,60.43
ScanNet,scene0215_00,00079,2.177,25.66,10595,18.41,48.21,55.79,78.01
ScanNet,scene0173_01,00061,1.973,10.79,5512,20.65,33.42,35.2,86.91
ScanNet,scene0493_01,00060,1.407,11.23,12141,37.68,23.4,51.64,29.97
ScanNet,scene0673_00,00044,0.739,10.38,12410,49.43,47.86,69.91,60.27
ScanNet,scene0295_00,00095,1.324,10.7,3263,40.3,54.11,55.62,95.21
ScanNet,scene0528_00,00079,1.451,30.9,6150,42.07,45.59,67.39,58.48
ScanNet,scene0564_00,00056,0.622,11.15,1695,27.37,63.14,64.69,96.34
ScanNet,scene0557_01,00097,2.113,11.93,13413,33.69,35.67,57.95,48.13
ScanNet,scene0216_00,00084,1.196,18.44,3527,31.56,46.78,66.31,61.37
ScanNet,scene0505_02,00053,2.14,6.11,30124,23.24,17.0,45.8,21.28
ScanNet,scene0520_00,00040,1.063,20.32,5879,27.93,45.86,52.44,78.5
ScanNet,scene0313_00,00095,1.128,10.67,5542,33.2,45.19,48.46,87.01
ScanNet,scene0262_00,00064,0.934,13.97,2587,34.13,45.36,57.96,67.61
ScanNet,scene0427_00,00079,1.449,33.11,3750,32.37,41.57,66.42,52.64
ScanNet,scene0030_02,00072,1.487,29.64,17007,27.68,43.44,57.81,63.59
ScanNet,scene0029_01,00082,3.922,29.36,313,33.87,76.0,83.33,89.62
ScanNet,scene0509_02,00059,1.861,28.02,1026,19.59,52.48,52.48,100.0
ScanNet,scene0359_01,00070,2.106,5.99,4092,39.17,40.51,77.84,45.79
ScanNet,scene0026_00,00060,1.564,4.82,1621,28.44,26.9,52.92,35.36
ScanNet,scene0645_02,00084,1.127,9.36,8090,26.59,58.86,61.28,93.72
ScanNet,scene0572_01,00084,0.614,24.0,4531,41.58,58.21,70.18,77.34
ScanNet,scene0304_00,00053,2.243,4.96,14666,11.86,29.34,42.32,48.91
ScanNet,scene0316_00,00020,0.857,13.22,1334,59.15,82.14,88.92,91.51
ScanNet,scene0292_01,00034,0.355,13.89,6520,34.42,43.93,69.15,54.63
ScanNet,scene0558_01,00005,1.249,7.15,5391,43.98,34.25,62.88,42.94
ScanNet,scene0545_02,00094,0.709,32.29,2194,71.7,59.74,88.96,64.53
ScanNet,scene0443_00,00044,1.679,18.88,8323,17.64,47.13,48.48,94.41
ScanNet,scene0613_01,00094,1.928,18.52,5698,60.83,71.27,83.36,83.09
ScanNet,scene0556_01,00004,1.912,10.44,2929,18.91,62.9,64.83,95.49
ScanNet,scene0291_02,00035,1.019,10.54,11306,39.72,57.54,77.06,69.43
ScanNet,scene0655_02,00061,1.823,11.34,13915,15.48,29.08,43.17,47.12
ScanNet,scene0631_02,00056,0.622,12.4,2190,52.37,67.14,71.57,91.54
ScanNet,scene0187_01,00095,0.173,11.11,1611,89.76,82.77,91.83,89.35
ScanNet,scene0555_00,00012,2.489,10.54,17318,23.05,33.85,52.16,49.1
ScanNet,scene0341_00,00053,2.648,28.7,5688,29.06,54.34,66.4,74.95
ScanNet,scene0439_01,00070,2.178,4.75,19890,36.22,29.87,73.27,33.52
ScanNet,scene0502_00,00094,1.01,11.67,5765,27.09,45.44,49.26,85.4
ScanNet,scene0126_00,00059,1.439,18.51,9174,38.75,55.05,71.91,70.13
ScanNet,scene0596_02,00074,0.964,5.83,9201,20.28,48.9,57.62,76.37
ScanNet,scene0291_01,00072,1.089,11.57,13557,43.65,61.29,74.59,77.45
ScanNet,scene0468_02,00097,1.092,18.91,3428,42.79,53.82,79.7,62.37
ScanNet,scene0140_01,00035,1.184,12.2,16028,40.92,40.96,66.91,51.36
ScanNet,scene0515_00,00035,3.142,6.9,54926,16.74,19.96,60.01,23.02
ScanNet,scene0702_01,00004,1.51,19.36,932,70.71,80.69,83.22,96.36
ScanNet,scene0555_00,00079,3.133,6.95,22394,16.32,32.99,59.51,42.54
ScanNet,scene0613_01,00033,1.146,30.17,4795,73.56,75.34,81.94,90.33
ScanNet,scene0543_02,00035,1.474,19.27,6190,38.64,64.45,76.66,80.18
ScanNet,scene0109_01,00059,3.619,13.91,3290,28.18,66.31,69.56,93.42
ScanNet,scene0472_01,00005,1.67,15.66,4999,40.77,60.9,72.91,78.7
ScanNet,scene0540_02,00097,2.742,16.4,14738,28.29,39.94,52.52,62.51
ScanNet,scene0440_01,00080,1.513,6.21,2622,53.85,60.12,73.49,76.77
ScanNet,scene0656_02,00076,2.134,15.43,3528,31.83,53.52,65.57,74.44
ScanNet,scene0423_02,00094,0.963,12.91,6652,46.35,47.29,69.76,59.49
ScanNet,scene0195_00,00082,1.325,15.8,1861,10.1,17.76,18.08,90.96
ScanNet,scene0169_01,00005,1.476,9.84,16299,39.45,35.12,60.32,45.66
ScanNet,scene0279_02,00018,2.959,8.77,10050,9.15,37.51,37.62,99.24
ScanNet,scene0203_02,00012,1.615,13.23,4793,40.18,60.6,65.23,89.51
ScanNet,scene0488_01,00053,2.801,25.31,4270,34.47,40.3,40.3,100.0
ScanNet,scene0540_01,00059,1.438,23.45,5790,21.16,61.01,73.09,78.69
ScanNet,scene0591_01,00060,1.537,8.45,6644,40.92,41.83,73.95,49.06
ScanNet,scene0203_00,00076,0.897,14.77,6668,27.86,49.91,57.75,78.63
ScanNet,scene0487_01,00079,1.782,17.88,4787,22.25,86.17,97.21,88.36
ScanNet,scene0308_00,00087,0.988,0.55,3276,35.44,25.81,44.03,38.42
ScanNet,scene0371_01,00004,1.293,26.75,601,85.19,89.77,91.74,97.66
ScanNet,scene0673_00,00087,2.676,6.83,7663,21.11,57.97,62.91,88.07
ScanNet,scene0309_01,00061,1.86,13.39,9935,20.76,32.39,45.18,53.37
ScanNet,scene0375_00,00005,1.852,7.38,138,99.28,99.28,99.28,100.0
ScanNet,scene0016_00,00074,1.484,2.72,9231,32.63,33.32,61.35,42.16
ScanNet,scene0478_01,00082,2.383,21.62,1441,27.13,77.73,77.73,100.0
ScanNet,scene0698_01,00080,2.543,28.09,9603,18.31,59.83,75.45,74.29
ScanNet,scene0039_01,00018,1.27,14.37,6003,43.49,57.01,63.69,84.45
ScanNet,scene0248_00,00086,1.187,23.57,12092,33.01,43.68,65.72,56.58
ScanNet,scene0543_02,00050,2.001,9.68,2541,38.53,47.97,52.64,84.37
ScanNet,scene0120_00,00041,1.99,16.84,10581,29.73,46.61,75.49,54.93
ScanNet,scene0131_02,00086,1.799,19.44,9249,30.75,62.01,71.17,82.81
ScanNet,scene0014_00,00082,3.416,10.84,4429,11.83,89.77,93.81,95.42
ScanNet,scene0440_01,00059,2.512,9.6,13382,30.0,15.75,48.16,18.96
ScanNet,scene0387_02,00094,0.614,26.68,6682,28.21,71.57,78.88,88.54
ScanNet,scene0378_00,00073,3.184,19.34,8675,20.85,68.19,76.78,85.9
ScanNet,scene0485_00,00082,1.304,17.83,3313,20.92,44.02,44.27,98.7
ScanNet,scene0206_00,00056,1.65,13.93,8732,19.31,51.6,61.85,75.68
ScanNet,scene0393_02,00048,1.342,16.52,11438,22.7,55.86,74.27,69.26
ScanNet,scene0092_01,00084,1.751,15.62,7180,45.31,30.31,58.84,38.46
ScanNet,scene0623_00,00070,1.228,25.94,5371,32.75,63.26,71.79,84.2
ScanNet,scene0704_00,00059,0.275,13.42,5881,49.62,42.35,66.03,54.15
ScanNet,scene0574_02,00005,2.014,10.53,32,96.88,96.88,96.88,100.0
ScanNet,scene0479_02,00059,3.169,13.01,1593,39.3,46.17,47.03,96.17
ScanNet,scene0281_00,00041,1.061,17.37,5611,42.17,50.74,78.16,59.13
ScanNet,scene0022_01,00044,1.406,15.57,7493,40.42,45.66,69.89,56.85
ScanNet,scene0420_02,00004,1.053,16.19,5977,24.81,75.87,77.89,96.7
ScanNet,scene0360_00,00045,3.139,23.33,833,44.78,92.52,92.98,99.46
ScanNet,scene0587_02,00070,0.045,12.79,6232,48.36,54.99,66.7,75.81
ScanNet,scene0161_02,00051,0.587,27.49,2929,53.81,77.61,84.57,90.42
ScanNet,scene0057_01,00079,2.128,7.23,4753,7.78,37.26,41.68,77.84
ScanNet,scene0013_02,00050,0.734,7.89,8566,56.08,56.21,70.71,73.27
ScanNet,scene0395_02,00087,3.662,14.01,6899,19.51,54.45,94.28,56.32
ScanNet,scene0485_00,00060,1.315,21.23,2736,18.24,31.42,31.76,96.79
ScanNet,scene0573_00,00012,2.533,5.31,2053,42.33,27.67,44.01,42.69
ScanNet,scene0003_02,00060,2.874,10.69,3283,63.54,49.68,63.2,69.89
ScanNet,scene0579_00,00033,0.902,19.29,3324,26.84,73.01,73.8,98.54
ScanNet,scene0679_00,00050,1.519,6.79,1335,67.72,48.13,81.36,54.09
ScanNet,scene0242_01,00082,2.772,12.26,1939,25.17,73.9,78.37,92.83
ScanNet,scene0268_00,00059,4.035,75.46,516,65.7,92.12,92.12,100.0
ScanNet,scene0395_00,00059,1.587,21.5,10955,27.38,32.27,51.6,46.28
ScanNet,scene0197_01,00035,2.894,40.66,3030,48.94,70.21,82.05,82.94
ScanNet,scene0398_01,00056,2.099,3.08,9265,22.44,41.02,68.58,50.51
ScanNet,scene0360_00,00062,2.765,11.82,2001,25.44,77.76,78.0,99.61
ScanNet,scene0472_01,00094,2.425,22.17,1650,52.91,52.16,55.45,89.81
ScanNet,scene0667_01,00060,1.804,13.56,17442,27.41,41.23,52.95,65.06
ScanNet,scene0702_01,00012,0.767,18.81,700,76.86,81.61,86.05,94.05
ScanNet,scene0582_00,00018,2.304,21.71,5987,16.62,72.84,74.65,96.78
ScanNet,scene0558_00,00004,2.232,14.91,5804,34.22,57.49,74.36,71.7
ScanNet,scene0332_02,00080,1.634,16.55,6214,38.67,54.44,67.32,73.99
ScanNet,scene0103_01,00080,1.175,20.76,1569,37.73,69.85,76.56,88.85
ScanNet,scene0594_00,00088,0.427,11.08,5377,56.2,61.1,77.96,73.86
ScanNet,scene0258_00,00018,1.596,9.34,4966,43.64,53.76,56.87,90.77
ScanNet,scene0674_00,00097,1.71,3.65,10205,22.96,24.62,26.62,76.61
ScanNet,scene0445_01,00058,3.164,20.21,1452,83.4,80.75,95.66,83.82
ScanNet,scene0286_03,00044,3.416,11.23,3041,19.99,94.41,94.41,100.0
ScanNet,scene0439_01,00072,2.087,10.34,15872,40.28,38.8,75.5,44.39
ScanNet,scene0449_01,00081,0.957,15.51,420,34.29,72.0,72.0,100.0
ScanNet,scene0211_01,00035,1.109,40.17,1936,44.27,73.48,82.29,87.28
ScanNet,scene0286_03,00079,1.555,20.22,8593,48.4,66.94,75.22,85.89
ScanNet,scene0640_02,00048,0.968,26.6,8088,29.71,61.25,67.29,87.22
ScanNet,scene0268_02,00073,0.946,29.75,1597,7.01,22.54,22.54,100.0
ScanNet,scene0254_00,00070,2.152,12.28,5411,13.36,50.74,52.21,94.74
ScanNet,scene0691_00,00082,1.618,16.88,8317,16.41,46.17,53.6,76.92
ScanNet,scene0559_02,00056,1.279,13.72,6156,35.4,38.22,58.93,52.09
ScanNet,scene0283_00,00050,1.332,23.08,3040,29.21,66.32,70.11,92.45
ScanNet,scene0475_02,00073,0.873,12.12,13903,24.42,37.94,55.41,54.61
ScanNet,scene0310_01,00087,1.705,25.06,1679,67.12,74.17,85.51,84.83
ScanNet,scene0693_00,00059,0.761,20.67,592,27.2,37.88,37.88,100.0
ScanNet,scene0242_01,00080,2.824,17.18,1888,22.67,71.46,80.88,85.98
ScanNet,scene0603_01,00072,2.938,19.36,9562,21.4,61.03,75.74,75.86
ScanNet,scene0192_00,00041,0.619,15.75,4375,69.97,73.5,82.75,86.8
ScanNet,scene0002_00,00076,2.471,9.54,4796,25.77,45.49,70.94,55.91
ScanNet,scene0485_00,00057,1.357,21.56,2770,18.01,33.68,33.89,98.2
ScanNet,scene0569_01,00077,1.813,14.78,6207,40.5,41.33,63.76,54.02
ScanNet,scene0439_01,00076,2.007,13.54,16879,20.85,38.0,39.47,91.08
ScanNet,scene0206_01,00080,1.593,8.78,5616,21.37,33.08,35.14,85.0
ScanNet,scene0232_02,00094,1.574,11.79,2199,28.38,56.22,72.98,70.99
ScanNet,scene0211_02,00048,2.244,21.51,5312,46.93,48.41,79.09,55.52
ScanNet,scene0581_01,00076,2.091,16.94,5382,12.65,44.75,45.93,94.57
ScanNet,scene0006_02,00044,2.272,14.14,6444,53.45,65.23,75.01,83.33
ScanNet,scene0157_01,00063,1.561,14.09,1989,31.83,64.73,76.42,80.88
ScanNet,scene0254_01,00012,2.429,1.89,11132,11.09,24.3,33.55,46.84
ScanNet,scene0261_02,00044,3.087,19.33,1939,66.22,82.51,88.34,92.6
ScanNet,scene0002_00,00070,1.37,4.38,3849,22.47,46.91,58.03,70.98
ScanNet,scene0100_02,00072,3.326,19.51,1590,23.08,42.27,54.84,64.85
ScanNet,scene0545_02,00045,0.712,12.92,3358,35.94,57.03,78.15,67.85
ScanNet,scene0232_01,00072,2.063,24.2,2193,18.19,60.67,84.26,68.42
ScanNet,scene0214_01,00041,2.679,14.34,16355,5.2,48.28,48.91,97.41
ScanNet,scene0320_02,00080,1.792,17.13,6254,54.19,50.29,87.9,54.03
ScanNet,scene0474_05,00090,1.53,26.96,5308,44.37,71.63,78.42,89.21
ScanNet,scene0025_00,00087,2.195,16.55,13614,9.11,44.48,53.37,72.74
ScanNet,scene0138_00,00061,1.462,18.22,13929,21.32,59.23,67.45,82.92
ScanNet,scene0361_02,00048,0.386,6.27,1196,72.41,43.23,69.91,53.12
ScanNet,scene0032_01,00077,2.064,2.43,8256,33.2,28.32,63.79,33.75
ScanNet,scene0673_01,00073,1.281,11.97,4659,25.89,47.9,48.76,96.43
ScanNet,scene0569_01,00050,1.434,11.24,9025,42.88,50.89,74.83,61.4
ScanNet,scene0462_00,00059,2.301,26.6,13719,17.66,52.67,58.86,83.37
ScanNet,scene0146_02,00018,1.734,23.66,828,61.59,90.05,90.54,99.41
ScanNet,scene0088_01,00094,1.865,20.31,13103,33.52,38.92,65.02,49.23
ScanNet,scene0557_00,00020,2.005,10.13,11990,20.81,21.05,27.58,47.05
ScanNet,scene0204_02,00041,0.996,22.97,5984,52.91,44.82,74.38,53.0
ScanNet,scene0164_02,00074,3.702,28.2,11897,13.34,57.61,79.05,67.99
ScanNet,scene0543_00,00060,2.695,11.35,891,28.84,89.79,90.43,99.22
ScanNet,scene0069_00,00039,1.985,44.58,140,27.86,92.86,92.86,100.0
ScanNet,scene0312_01,00018,1.306,5.83,7341,10.57,36.56,36.81,98.2
ScanNet,scene0170_02,00005,1.105,29.46,1219,88.93,86.78,94.47,91.42
ScanNet,scene0579_02,00094,2.152,13.48,1271,43.82,69.91,73.02,94.25
ScanNet,scene0640_00,00080,1.321,10.4,12612,19.97,41.0,61.55,55.12
ScanNet,scene0088_00,00053,1.162,20.58,13994,33.66,54.9,76.0,66.41
ScanNet,scene0623_00,00041,2.59,0.96,10794,6.13,37.99,43.18,75.98
ScanNet,scene0346_01,00056,2.551,25.04,2406,24.85,65.8,78.34,80.43
ScanNet,scene0338_02,00072,2.285,22.31,2029,59.78,75.66,79.1,94.56
ScanNet,scene0029_00,00087,2.548,12.61,541,33.27,56.95,74.71,70.56
ScanNet,scene0645_01,00087,0.925,7.25,7759,59.9,45.55,84.27,49.78
ScanNet,scene0662_00,00057,3.265,26.26,3,100.0,100.0,100.0,100.0
ScanNet,scene0253_00,00050,2.504,21.25,2883,48.8,54.42,69.63,71.36
ScanNet,scene0089_01,00079,1.771,17.91,5528,51.28,58.74,78.25,70.19
ScanNet,scene0501_00,00084,0.897,18.86,1514,49.14,80.27,82.47,96.77
ScanNet,scene0150_02,00033,1.035,16.74,3886,38.01,68.73,80.95,81.99
ScanNet,scene0214_02,00092,0.963,18.11,4053,12.48,43.68,44.73,94.86
ScanNet,scene0692_03,00080,1.895,8.18,5008,62.0,33.51,89.08,34.94
ScanNet,scene0557_01,00059,1.465,12.58,23093,32.27,40.72,54.03,62.31
ScanNet,scene0232_02,00082,1.121,13.49,2092,56.07,63.53,88.82,69.05
ScanNet,scene0038_01,00072,1.443,38.81,8073,23.97,52.85,66.27,72.3
ScanNet,scene0403_01,00060,1.211,8.45,11910,33.86,46.59,59.57,68.14
ScanNet,scene0551_00,00050,2.154,22.2,2483,44.02,44.82,58.17,66.15
ScanNet,scene0068_01,00076,3.055,7.43,3459,71.52,42.49,76.9,48.71
ScanNet,scene0177_00,00082,3.685,13.02,2943,43.46,80.48,96.12,83.19
ScanNet,scene0273_01,00048,0.902,9.24,3487,56.78,58.27,65.77,83.64
ScanNet,scene0425_01,00041,2.55,19.9,5825,21.68,50.82,68.72,66.11
ScanNet,scene0362_02,00048,2.344,17.77,4594,37.61,56.9,65.58,81.13
ScanNet,scene0123_02,00074,0.561,22.73,4901,33.34,71.95,78.37,89.78
ScanNet,scene0220_00,00050,2.816,6.35,8544,35.93,20.38,38.17,30.42
ScanNet,scene0181_00,00051,1.836,28.07,4475,21.43,57.42,57.52,99.69
ScanNet,scene0266_00,00080,1.509,18.7,7638,37.59,47.3,50.52,88.12
ScanNet,scene0029_02,00084,3.628,54.58,209,21.53,52.17,60.0,80.0
ScanNet,scene0390_00,00073,3.242,11.76,1964,49.03,65.94,88.12,72.38
ScanNet,scene0142_00,00033,1.856,15.41,20047,17.65,40.53,58.36,57.01
ScanNet,scene0320_02,00061,1.79,3.67,2799,39.34,46.57,48.43,92.37
ScanNet,scene0121_01,00079,2.908,12.47,629,49.6,55.88,56.72,97.44
ScanNet,scene0451_05,00012,1.773,7.71,20681,10.34,41.26,49.23,71.81
ScanNet,scene0086_00,00004,3.107,20.29,8178,7.35,61.2,63.83,93.68
ScanNet,scene0596_01,00084,1.565,14.64,9779,21.4,65.92,76.62,82.51
ScanNet,scene0158_01,00079,2.813,28.73,3795,23.69,69.21,72.41,93.99
ScanNet,scene0425_01,00074,1.818,21.07,3316,53.89,48.6,76.1,57.36
ScanNet,scene0155_01,00044,1.454,16.85,7289,24.57,60.76,65.3,89.73
ScanNet,scene0505_03,00020,1.78,12.8,8738,25.42,52.67,60.28,80.68
ScanNet,scene0231_01,00059,0.919,8.75,7520,63.39,38.48,64.04,49.09
ScanNet,scene0369_00,00056,2.292,30.7,11739,13.62,61.5,70.14,83.3
ScanNet,scene0652_00,00075,2.376,19.41,8486,36.59,48.41,60.59,70.66
ScanNet,scene0024_02,00050,1.481,25.94,11125,40.57,54.05,73.93,66.78
ScanNet,scene0022_00,00035,2.187,14.72,14166,10.91,42.2,46.18,83.04
ScanNet,scene0410_01,00061,1.432,22.37,498,52.01,60.39,62.22,95.37
ScanNet,scene0173_00,00005,1.905,23.9,23444,11.79,34.67,46.09,58.34
ScanNet,scene0086_02,00033,1.938,8.89,3103,32.0,73.95,80.54,90.03
ScanNet,scene0642_03,00094,2.18,15.37,10689,31.51,55.87,58.64,92.22
ScanNet,scene0056_00,00004,1.35,10.31,20030,36.15,34.48,56.11,47.21
ScanNet,scene0160_00,00012,1.103,24.49,6464,30.38,55.64,63.49,81.82
ScanNet,scene0587_02,00050,0.539,1.05,8313,31.47,26.05,33.47,54.01
ScanNet,scene0501_01,00005,1.047,16.37,803,69.24,83.03,84.05,98.56
ScanNet,scene0434_02,00073,2.776,14.1,272,31.99,77.06,79.25,96.55
ScanNet,scene0574_02,00061,1.069,4.33,2438,26.42,17.76,33.21,27.64
ScanNet,scene0347_02,00048,2.312,24.02,3188,54.74,70.14,85.25,79.83
ScanNet,scene0350_00,00076,1.972,16.57,4840,13.1,48.1,55.69,77.92
ScanNet,scene0070_00,00095,3.21,13.29,5904,47.76,65.25,83.09,75.25
ScanNet,scene0173_01,00004,1.739,17.91,3614,28.28,43.17,52.02,71.72
ScanNet,scene0132_01,00060,1.464,5.06,6165,9.15,35.67,37.25,89.36
ScanNet,scene0006_02,00070,2.538,15.43,33076,14.65,55.66,62.14,84.24
ScanNet,scene0109_01,00041,1.777,15.77,5767,30.1,63.84,70.4,87.27
ScanNet,scene0164_02,00060,1.942,8.05,5687,38.0,39.96,67.7,49.38
ScanNet,scene0426_01,00074,2.714,12.73,4495,58.42,58.76,66.44,83.55
ScanNet,scene0181_00,00082,0.88,12.18,7325,37.12,51.94,55.26,89.63
ScanNet,scene0353_02,00072,2.979,17.04,10392,13.52,61.22,71.83,80.57
ScanNet,scene0666_01,00073,4.175,6.12,8760,5.55,29.69,31.81,81.69
ScanNet,scene0633_01,00070,2.847,8.47,4967,18.42,76.9,78.45,97.49
ScanNet,scene0153_01,00094,2.517,26.52,752,32.71,58.71,58.71,100.0
ScanNet,scene0107_00,00061,2.133,22.24,7280,75.26,78.4,82.78,93.68
ScanNet,scene0273_01,00097,0.982,11.51,5649,61.37,54.84,68.71,73.09
ScanNet,scene0673_02,00044,1.483,24.22,15602,27.15,36.31,46.93,61.59
ScanNet,scene0274_02,00018,2.608,17.05,2218,45.85,68.84,79.17,84.07
ScanNet,scene0400_00,00049,3.158,14.85,8298,39.01,60.44,82.03,69.66
ScanNet,scene0109_01,00060,3.577,19.74,3617,26.4,67.94,70.47,94.97
ScanNet,scene0215_00,00050,1.295,13.39,6305,23.95,58.43,68.38,80.07
ScanNet,scene0524_00,00035,2.535,16.01,2512,62.14,32.31,80.23,35.11
ScanNet,scene0254_01,00018,2.627,7.36,8112,12.48,32.04,45.9,51.48
ScanNet,scene0493_00,00041,1.232,9.44,2842,28.78,43.71,59.72,61.98
ScanNet,scene0035_01,00074,0.972,13.03,1856,39.92,69.57,79.17,85.16
ScanNet,scene0398_01,00074,1.956,17.61,4584,42.78,56.33,85.61,62.21
ScanNet,scene0511_01,00050,2.476,13.8,3590,24.71,33.7,33.82,98.99
ScanNet,scene0589_01,00094,2.901,42.79,4176,57.52,78.36,90.92,85.01
ScanNet,scene0662_00,00051,3.791,8.75,27,100.0,100.0,100.0,100.0
ScanNet,scene0420_02,00048,1.501,34.07,8658,38.52,55.14,73.55,68.79
ScanNet,scene0214_01,00018,1.611,18.93,2830,51.31,61.15,71.66,80.65
ScanNet,scene0623_00,00079,1.551,11.54,16496,16.71,54.52,60.88,83.93
ScanNet,scene0140_01,00074,1.376,8.99,21570,46.34,37.26,67.87,45.24
ScanNet,scene0042_02,00074,1.972,31.27,539,67.35,86.58,91.44,94.21
ScanNet,scene0150_01,00073,1.347,7.87,7850,36.68,40.92,75.64,47.13
ScanNet,scene0457_01,00079,1.227,20.74,3611,60.79,64.98,69.97,90.11
ScanNet,scene0168_01,00084,0.847,7.9,4388,46.47,48.68,69.08,62.24
ScanNet,scene0504_00,00044,3.065,13.98,3705,50.12,70.28,90.12,76.14
ScanNet,scene0268_00,00073,1.252,12.96,1063,51.08,66.89,71.53,91.16
ScanNet,scene0641_00,00070,0.798,17.34,11173,44.95,60.68,69.53,82.66
ScanNet,scene0149_00,00064,3.886,12.51,3273,47.57,35.81,96.91,36.22
ScanNet,scene0105_01,00004,0.928,18.75,473,75.69,79.02,79.73,98.88
ScanNet,scene0605_01,00066,2.168,19.98,7617,18.6,50.49,50.78,98.87
ScanNet,scene0673_00,00097,1.525,20.34,10765,29.98,50.63,59.05,78.03
ScanNet,scene0205_00,00087,2.092,27.02,2409,40.51,84.29,86.76,96.72
ScanNet,scene0234_00,00063,0.684,4.38,5321,54.41,53.81,64.61,76.3
ScanNet,scene0086_00,00079,1.087,8.2,1316,30.93,73.87,73.87,100.0
ScanNet,scene0640_00,00020,1.118,6.98,7525,71.03,62.97,89.24,68.14
ScanNet,scene0593_01,00063,3.558,7.04,21943,21.97,16.01,55.05,18.42
ScanNet,scene0282_02,00053,2.676,20.7,282,32.98,34.96,34.96,100.0
ScanNet,scene0282_02,00094,1.097,9.93,2100,51.1,55.31,80.09,64.12
ScanNet,scene0545_01,00004,2.15,11.02,3853,38.41,45.35,77.06,52.43
ScanNet,scene0485_00,00084,1.241,17.66,3154,21.62,41.74,41.93,98.97
ScanNet,scene0545_01,00079,1.376,20.2,4640,57.2,60.25,69.55,81.84
ScanNet,scene0123_01,00018,1.103,19.23,5517,47.73,75.84,85.27,87.28
ScanNet,scene0375_00,00020,1.57,22.62,649,46.38,50.9,52.5,94.35
ScanNet,scene0277_02,00073,1.606,20.0,1843,58.17,61.39,89.52,66.14
ScanNet,scene0055_02,00094,1.359,9.67,990,60.4,89.25,89.25,100.0
ScanNet,scene0420_01,00082,1.479,17.18,6160,47.92,50.4,77.15,59.25
ScanNet,scene0123_01,00059,0.691,24.67,4281,39.41,82.61,83.82,98.28
ScanNet,scene0474_02,00059,3.214,16.82,11276,1.92,69.11,69.11,100.0
ScanNet,scene0022_01,00005,1.557,13.71,27362,11.8,24.8,28.21,67.18
ScanNet,scene0663_01,00093,0.794,13.05,1323,36.96,98.59,98.79,99.8
ScanNet,scene0140_01,00018,1.551,21.55,14388,39.83,48.61,70.63,60.93
ScanNet,scene0301_01,00063,1.372,12.89,5843,46.74,65.1,73.62,84.91
ScanNet,scene0427_00,00076,1.293,13.63,2404,19.76,53.6,61.04,81.47
ScanNet,scene0655_00,00060,2.963,13.98,4686,14.21,77.15,88.04,86.19
ScanNet,scene0286_02,00004,1.567,27.24,7410,44.12,68.77,73.56,91.34
ScanNet,scene0403_01,00072,1.241,11.83,15061,30.99,40.68,58.31,57.36
ScanNet,scene0505_02,00060,2.03,3.37,25554,37.11,26.6,67.93,30.43
ScanNet,scene0271_01,00061,2.161,15.69,14807,26.42,44.3,44.88,97.16
ScanNet,scene0046_01,00041,3.277,5.79,2357,33.69,59.69,84.34,67.13
ScanNet,scene0161_01,00072,0.673,21.35,3184,34.52,60.56,77.96,73.07
ScanNet,scene0197_02,00079,3.534,15.78,3045,28.21,81.31,81.46,99.77
ScanNet,scene0155_00,00080,1.307,21.14,19335,48.24,34.79,66.72,42.1
ScanNet,scene0202_00,00061,1.292,7.92,7757,21.99,68.27,69.23,98.01
ScanNet,scene0472_02,00060,1.642,28.06,6915,37.18,49.1,75.41,58.46
ScanNet,scene0173_01,00070,2.39,19.57,6331,16.17,45.26,53.3,75.0
ScanNet,scene0121_02,00061,3.254,10.48,779,70.86,71.09,80.03,86.41
ScanNet,scene0353_02,00056,3.199,20.23,5786,14.28,80.5,85.3,93.46
ScanNet,scene0509_02,00020,2.294,21.09,582,31.79,44.69,44.69,100.0
ScanNet,scene0557_00,00097,2.892,13.27,9424,36.84,46.95,71.38,57.83
ScanNet,scene0010_00,00018,2.535,20.85,10728,30.44,42.8,51.66,71.4
ScanNet,scene0127_00,00049,0.92,9.36,1868,80.14,67.59,92.79,71.34
ScanNet,scene0505_01,00059,1.792,16.03,14685,17.09,41.06,57.29,59.16
ScanNet,scene0002_00,00072,1.289,3.23,3449,22.44,45.78,55.57,72.22
ScanNet,scene0115_01,00041,2.135,4.82,4689,28.13,53.57,59.89,83.55
ScanNet,scene0031_01,00044,1.009,3.2,13063,42.89,36.77,58.27,49.92
ScanNet,scene0219_00,00076,1.337,12.01,6816,74.68,63.04,83.19,72.24
ScanNet,scene0517_02,00063,2.049,25.88,7534,30.1,54.57,66.29,75.53
ScanNet,scene0222_00,00087,2.495,7.32,11461,56.31,48.84,65.94,65.32
ScanNet,scene0462_00,00020,1.772,19.49,4570,51.03,44.84,75.82,52.32
ScanNet,scene0375_00,00035,1.372,35.02,258,74.81,91.9,91.9,100.0
ScanNet,scene0179_00,00063,1.882,24.72,8573,45.13,60.76,79.36,72.16
ScanNet,scene0203_02,00073,1.612,12.0,10879,29.8,32.37,49.82,48.03
ScanNet,scene0312_02,00081,0.668,4.84,9613,59.22,54.22,70.39,70.24
ScanNet,scene0311_00,00053,3.094,14.33,3558,11.5,34.49,38.82,75.55
ScanNet,scene0299_00,00022,1.782,13.8,27249,15.93,45.88,62.45,63.36
ScanNet,scene0673_00,00005,1.212,10.48,17935,21.64,29.28,42.12,49.0
ScanNet,scene0278_01,00059,2.504,19.16,1813,59.74,34.57,70.71,40.35
ScanNet,scene0609_00,00087,0.931,15.16,5680,52.59,67.7,83.48,78.17
ScanNet,scene0367_01,00047,1.621,25.35,7057,20.52,47.28,52.68,82.18
ScanNet,scene0364_01,00084,1.682,9.02,1161,48.23,84.45,85.23,98.93
ScanNet,scene0663_01,00070,1.307,15.87,2935,28.28,87.35,90.2,96.51
ScanNet,scene0501_00,00018,4.131,16.83,408,55.39,96.57,96.98,99.56
ScanNet,scene0579_02,00076,1.266,21.16,1203,74.4,92.48,93.45,98.88
ScanNet,scene0468_02,00061,1.839,7.0,9223,41.72,42.58,76.88,48.83
ScanNet,scene0347_01,00094,2.699,16.48,2369,39.34,78.5,81.75,95.17
ScanNet,scene0203_01,00047,0.712,15.33,7780,41.67,37.35,53.94,54.84
ScanNet,scene0503_00,00072,0.966,11.97,4462,44.53,43.8,74.38,51.59
ScanNet,scene0347_01,00095,2.731,14.13,2448,42.28,72.25,88.18,80.0
ScanNet,scene0683_00,00058,4.056,29.37,493,49.9,91.15,94.42,96.34
ScanNet,scene0555_00,00004,2.519,13.32,11957,31.75,41.31,68.88,50.79
ScanNet,scene0623_00,00086,1.134,12.28,4730,17.08,39.08,45.82,72.65
ScanNet,scene0505_04,00048,1.032,6.61,12683,54.06,45.07,76.66,52.23
ScanNet,scene0675_00,00095,0.907,21.47,5271,51.91,67.31,87.98,74.12
ScanNet,scene0387_02,00033,0.853,16.12,8732,44.95,53.45,95.6,54.8
ScanNet,scene0640_02,00059,1.914,13.94,7516,60.8,55.18,81.93,62.82
ScanNet,scene0663_01,00094,0.636,16.75,1030,42.23,95.59,95.81,99.77
ScanNet,scene0010_00,00073,2.865,16.78,8962,31.71,38.66,67.28,47.61
ScanNet,scene0297_02,00059,1.666,28.82,4982,46.93,62.92,68.81,88.02
ScanNet,scene0493_01,00084,1.452,10.38,3688,33.65,48.47,61.92,69.06
ScanNet,scene0687_00,00070,2.356,15.86,1694,26.21,38.35,38.56,98.65
ScanNet,scene0553_01,00034,3.261,57.15,113,98.23,98.23,98.23,100.0
ScanNet,scene0109_01,00005,2.406,17.26,4560,11.16,28.12,28.33,97.45
ScanNet,scene0593_00,00070,1.497,13.49,2522,58.56,60.35,65.99,87.61
ScanNet,scene0642_00,00059,1.702,9.34,5406,25.71,45.83,57.36,69.5
ScanNet,scene0564_00,00082,2.086,22.72,3610,21.69,63.16,92.08,66.79
ScanNet,scene0617_00,00095,1.322,14.77,6567,37.73,35.99,52.13,53.75
ScanNet,scene0332_01,00076,2.003,11.21,2749,35.61,75.64,85.36,86.93
ScanNet,scene0181_02,00091,1.062,20.91,17310,50.95,27.65,70.95,31.18
ScanNet,scene0261_03,00073,1.496,12.84,2726,55.91,53.93,69.04,71.13
ScanNet,scene0448_01,00080,0.521,17.29,510,27.25,51.88,52.08,99.28
ScanNet,scene0123_00,00060,1.084,13.64,11421,11.65,45.56,50.6,82.04
ScanNet,scene0266_00,00050,1.861,17.97,7621,27.95,51.76,63.87,73.19
ScanNet,scene0255_01,00041,1.117,17.02,2671,36.43,71.19,78.95,87.87
ScanNet,scene0515_00,00097,1.78,13.58,20952,15.77,51.09,68.77,66.53
ScanNet,scene0150_02,00063,1.483,27.24,4861,38.72,67.27,76.02,85.39
ScanNet,scene0603_01,00050,2.585,9.49,28740,14.14,26.27,36.98,47.56
ScanNet,scene0221_00,00005,2.539,10.52,9166,7.32,53.5,54.49,96.72
ScanNet,scene0601_00,00018,1.445,23.85,13824,23.19,46.71,69.09,59.05
ScanNet,scene0472_00,00053,1.751,23.9,12592,16.99,44.89,54.75,71.36
ScanNet,scene0083_00,00071,0.802,38.84,433,47.34,77.36,77.36,100.0
ScanNet,scene0362_03,00074,1.764,22.55,3967,37.41,63.3,77.29,77.76
ScanNet,scene0545_01,00064,1.466,14.74,4294,44.04,56.61,69.97,74.78
ScanNet,scene0163_01,00005,1.486,21.72,10144,34.08,43.63,62.44,59.16
ScanNet,scene0607_01,00073,0.841,16.68,3559,46.31,63.78,66.8,93.39
ScanNet,scene0111_00,00097,2.281,19.82,14082,13.6,76.7,84.7,89.03
ScanNet,scene0451_05,00079,1.984,4.68,32891,7.61,28.08,39.06,49.96
ScanNet,scene0214_02,00061,1.223,12.43,3928,21.18,51.68,55.27,88.82
ScanNet,scene0263_01,00048,3.642,33.51,513,93.37,98.96,100.0,98.96
ScanNet,scene0652_00,00059,2.226,28.31,3240,22.28,64.98,85.55,72.99
ScanNet,scene0042_02,00044,1.249,32.31,2607,38.4,75.0,83.44,88.11
ScanNet,scene0520_00,00088,0.437,10.34,4792,51.06,62.25,70.6,84.02
ScanNet,scene0662_02,00058,3.504,38.6,40,100.0,100.0,100.0,100.0
ScanNet,scene0030_02,00061,2.282,27.78,20461,6.97,33.22,44.16,57.29
ScanNet,scene0472_02,00018,1.13,14.36,9491,35.19,58.29,73.7,73.59
ScanNet,scene0645_01,00044,0.625,16.01,3464,20.29,51.52,54.02,91.75
ScanNet,scene0359_01,00089,2.993,15.3,2796,36.12,61.01,83.45,69.41
ScanNet,scene0278_01,00063,2.315,15.8,1646,69.62,21.22,72.01,23.12
ScanNet,scene0192_00,00005,0.593,9.78,4361,57.65,52.34,69.84,67.62
ScanNet,scene0476_01,00044,2.207,26.54,9830,25.69,33.76,62.65,42.26
ScanNet,scene0264_00,00094,3.562,15.19,3779,10.85,85.36,85.71,99.51
ScanNet,scene0241_00,00060,1.126,9.89,3368,35.6,69.26,73.76,91.91
ScanNet,scene0675_00,00035,2.063,8.41,10751,41.95,50.04,71.4,62.59
ScanNet,scene0274_01,00033,3.159,18.73,4406,12.53,86.94,88.8,97.64
ScanNet,scene0593_00,00082,3.408,3.67,31456,21.02,21.29,64.3,24.14
ScanNet,scene0297_02,00004,1.395,27.81,9875,41.35,69.22,74.72,90.4
ScanNet,scene0651_01,00076,1.075,28.55,5822,24.18,69.92,73.33,93.75
ScanNet,scene0332_01,00060,3.464,15.75,1363,65.0,72.14,95.26,74.83
ScanNet,scene0304_00,00061,1.674,8.2,10622,16.25,65.02,72.45,86.38
ScanNet,scene0181_03,00063,1.232,24.24,10718,21.9,41.56,59.68,57.78
ScanNet,scene0028_00,00012,1.294,25.23,11153,29.48,39.85,61.53,53.07
ScanNet,scene0478_01,00035,2.307,21.73,3103,77.02,82.06,83.89,97.41
ScanNet,scene0604_00,00095,1.736,5.86,7168,80.5,56.36,89.58,60.31
ScanNet,scene0057_01,00070,2.982,26.21,7296,12.06,70.97,75.3,92.5
ScanNet,scene0061_00,00082,1.314,9.31,12881,49.66,45.44,72.34,54.99
ScanNet,scene0586_01,00070,1.796,19.38,2978,32.84,65.1,78.58,79.14
ScanNet,scene0229_01,00048,1.66,38.61,2802,22.41,63.48,74.27,81.37
ScanNet,scene0655_00,00021,1.322,16.23,4171,47.28,65.86,78.63,80.22
ScanNet,scene0392_01,00055,2.335,9.43,8513,31.34,55.17,56.59,95.65
ScanNet,scene0346_01,00073,2.399,18.13,1039,64.1,63.65,82.14,73.87
ScanNet,scene0055_01,00057,0.506,17.08,612,58.82,86.12,86.12,100.0
ScanNet,scene0558_02,00048,1.214,19.33,2679,55.69,59.04,65.16,86.26
ScanNet,scene0400_00,00098,1.596,15.71,4083,32.33,59.07,68.8,80.68
ScanNet,scene0214_00,00063,3.463,21.48,1523,28.96,81.46,82.39,98.64
ScanNet,scene0536_00,00050,0.952,13.71,11012,33.58,42.34,51.74,69.98
ScanNet,scene0055_02,00082,1.712,20.48,459,63.18,87.09,87.09,100.0
ScanNet,scene0251_00,00074,1.715,8.32,26323,13.71,24.05,30.88,52.09
ScanNet,scene0445_01,00094,2.384,3.76,9459,10.32,59.93,60.53,98.36
ScanNet,scene0299_00,00094,1.265,12.72,16564,18.52,40.28,53.33,62.21
ScanNet,scene0531_00,00004,0.71,13.64,913,51.15,51.59,80.65,58.89
ScanNet,scene0309_01,00035,1.432,5.31,16079,14.71,31.65,39.44,61.56
ScanNet,scene0593_01,00056,2.112,11.43,4733,16.4,23.4,24.11,88.79
ScanNet,scene0055_02,00076,2.015,18.02,469,82.94,94.68,98.42,96.14
ScanNet,scene0387_00,00020,0.771,19.75,6340,34.32,40.79,58.4,57.49
ScanNet,scene0016_00,00053,1.772,17.96,3405,23.29,47.26,56.73,73.9
ScanNet,scene0501_01,00082,3.991,32.33,2493,31.09,63.38,88.98,68.77
ScanNet,scene0271_00,00095,2.311,13.37,14529,14.21,40.08,54.54,60.19
ScanNet,scene0212_02,00074,1.216,18.37,11734,25.58,38.68,63.86,49.52
ScanNet,scene0466_00,00035,0.845,4.82,13269,40.83,37.76,61.13,49.69
ScanNet,scene0574_02,00076,1.836,14.75,1657,49.97,75.25,81.25,91.06
ScanNet,scene0158_00,00073,2.151,9.63,5410,28.61,45.96,76.96,53.29
ScanNet,scene0505_01,00044,2.153,11.85,9592,25.34,42.42,62.82,56.64
ScanNet,scene0350_00,00035,2.631,22.1,1113,26.95,72.63,77.53,92.0
ScanNet,scene0086_02,00061,1.709,20.36,5275,8.0,51.16,51.35,99.29
ScanNet,scene0203_01,00082,1.05,13.38,11769,25.86,32.37,41.92,58.71
ScanNet,scene0059_02,00050,1.338,16.48,10298,27.85,43.82,63.17,58.86
ScanNet,scene0502_00,00041,1.916,14.11,11035,14.91,50.19,57.08,80.61
ScanNet,scene0073_02,00080,1.546,36.83,687,74.53,80.2,84.41,94.14
ScanNet,scene0628_01,00018,1.66,20.02,5363,44.64,51.57,80.17,59.11
ScanNet,scene0686_02,00074,0.705,42.93,762,56.69,68.9,95.36,71.3
ScanNet,scene0174_01,00080,3.622,23.74,9164,5.18,85.35,86.78,98.11
ScanNet,scene0025_00,00050,1.259,16.44,7868,18.52,54.21,58.72,87.58
ScanNet,scene0445_00,00053,2.577,8.23,4408,28.45,56.83,70.15,74.96
ScanNet,scene0258_00,00063,1.222,15.74,10542,35.25,55.78,69.28,74.11
ScanNet,scene0666_01,00033,2.834,7.02,31378,15.46,41.22,84.04,44.72
ScanNet,scene0640_01,00087,1.456,6.63,8167,35.3,25.0,59.85,30.04
ScanNet,scene0571_00,00075,2.228,1.89,1133,6.88,43.97,49.6,79.49
ScanNet,scene0694_01,00094,1.272,12.06,11305,54.04,56.31,63.36,83.52
ScanNet,scene0121_01,00033,1.801,22.53,2106,14.25,40.71,40.71,100.0
ScanNet,scene0010_00,00004,2.362,19.55,6123,38.17,37.79,71.02,44.67
ScanNet,scene0089_00,00084,2.102,20.21,1663,57.43,63.78,73.67,82.62
ScanNet,scene0247_01,00084,1.352,14.55,6852,48.48,56.93,64.93,82.21
ScanNet,scene0025_02,00059,2.143,19.56,9402,13.01,64.13,67.32,93.13
ScanNet,scene0627_00,00018,1.803,13.64,28393,20.85,24.75,44.88,35.56
ScanNet,scene0623_00,00081,1.746,12.47,17169,18.28,53.5,63.63,77.06
ScanNet,scene0030_01,00070,1.761,23.16,31438,16.32,47.33,59.71,69.55
ScanNet,scene0179_00,00084,1.711,26.29,6854,45.61,59.68,77.15,72.49
ScanNet,scene0029_02,00068,0.883,23.76,344,40.41,57.44,57.44,100.0
ScanNet,scene0144_01,00035,0.386,13.85,4292,61.35,67.8,70.7,94.3
ScanNet,scene0022_00,00087,1.409,23.55,8107,21.46,48.68,60.66,71.15
ScanNet,scene0691_00,00084,1.642,19.75,8316,14.95,43.26,48.31,80.53
ScanNet,scene0024_00,00080,1.337,16.1,12071,54.39,55.3,90.18,58.85
ScanNet,scene0424_02,00020,2.482,9.45,8570,41.87,70.59,75.91,90.97
ScanNet,scene0327_00,00050,3.022,10.9,9711,18.94,47.9,71.09,59.49
ScanNet,scene0123_00,00076,0.973,11.24,6612,24.21,51.2,61.94,74.7
ScanNet,scene0469_01,00044,1.498,24.62,5844,35.51,65.52,75.33,83.42
ScanNet,scene0216_00,00004,2.15,22.57,8414,32.99,56.44,75.8,68.84
ScanNet,scene0493_00,00082,1.608,13.82,2522,16.61,42.39,42.69,98.33
ScanNet,scene0013_01,00080,0.798,5.64,4314,45.06,47.95,52.95,83.54
ScanNet,scene0282_00,00060,3.674,27.08,1721,65.19,80.09,84.46,93.94
ScanNet,scene0261_02,00081,1.946,16.91,3137,32.87,61.99,68.32,87.0
ScanNet,scene0192_01,00088,2.279,16.62,2751,76.41,75.41,90.75,81.68
ScanNet,scene0520_00,00084,0.604,6.52,5462,53.83,61.26,71.5,81.05
ScanNet,scene0642_03,00050,1.625,18.74,14623,16.81,39.87,42.45,86.74
ScanNet,scene0031_01,00053,1.099,2.69,10567,41.77,42.31,58.49,60.47
ScanNet,scene0679_00,00018,0.805,15.4,5461,74.13,72.75,80.5,88.32
ScanNet,scene0329_01,00080,1.197,12.79,27562,15.04,55.38,57.42,93.97
ScanNet,scene0120_01,00020,1.883,36.75,6666,46.43,73.37,74.79,97.48
ScanNet,scene0286_00,00095,4.051,8.37,14276,4.31,60.08,61.25,96.91
ScanNet,scene0691_00,00056,3.1,21.55,10704,19.24,47.25,70.48,58.91
ScanNet,scene0288_00,00052,0.448,21.61,2479,60.95,77.81,88.5,86.57
ScanNet,scene0055_02,00044,1.98,16.13,842,35.39,80.11,80.11,100.0
ScanNet,scene0259_01,00087,1.218,21.97,3619,77.18,82.79,86.66,94.88
ScanNet,scene0204_02,00050,3.156,13.57,2655,29.08,73.0,75.54,95.6
ScanNet,scene0000_00,00072,1.244,13.28,8881,30.37,40.21,72.13,47.61
ScanNet,scene0201_02,00060,2.06,32.36,5929,38.88,58.93,61.34,93.75
ScanNet,scene0148_00,00095,0.791,17.81,11311,50.78,59.93,67.5,84.23
ScanNet,scene0688_00,00072,3.499,20.9,3263,16.89,86.94,88.65,97.82
ScanNet,scene0241_00,00004,1.135,14.58,3765,35.75,63.44,72.31,83.8
ScanNet,scene0286_03,00050,2.099,19.13,2365,26.17,75.46,75.55,99.84
ScanNet,scene0334_02,00018,2.294,0.55,35166,20.77,24.72,34.49,46.61
ScanNet,scene0396_00,00041,2.938,20.23,338,35.5,55.39,57.36,94.17
ScanNet,scene0100_02,00020,1.794,14.57,1600,65.88,43.98,80.47,49.24
ScanNet,scene0247_01,00076,1.974,13.52,7868,44.59,46.58,68.0,59.66
ScanNet,scene0155_01,00094,1.15,14.08,14586,36.5,34.36,60.86,44.1
ScanNet,scene0673_00,00070,1.413,6.57,28448,20.51,23.8,45.9,33.08
ScanNet,scene0294_02,00076,1.26,8.74,15652,44.98,47.98,63.36,66.41
ScanNet,scene0122_00,00094,2.288,31.13,1489,59.44,69.25,88.87,75.82
ScanNet,scene0436_00,00063,1.311,2.41,3963,54.33,29.55,68.92,34.09
ScanNet,scene0587_00,00087,0.41,7.49,5838,31.18,42.95,53.75,68.13
ScanNet,scene0215_00,00056,1.189,10.45,9379,31.61,38.8,61.87,50.99
ScanNet,scene0254_01,00033,2.603,24.19,4366,17.73,57.46,57.81,98.97
ScanNet,scene0258_00,00004,1.669,9.5,4891,42.73,52.95,55.42,92.25
ScanNet,scene0469_01,00012,2.348,18.54,3598,34.55,53.25,70.56,68.46
ScanNet,scene0336_00,00061,2.245,46.16,9452,17.62,82.47,89.8,90.99
ScanNet,scene0101_02,00044,2.834,16.46,4921,52.33,61.51,67.43,87.5
ScanNet,scene0273_01,00098,1.134,18.21,6171,62.32,56.24,69.29,74.91
ScanNet,scene0666_00,00059,1.571,9.99,10311,34.28,57.97,58.7,97.88
ScanNet,scene0362_01,00061,1.901,12.53,8138,35.22,45.25,70.71,55.69
ScanNet,scene0449_01,00065,0.838,13.99,1137,36.32,44.97,46.02,95.16
ScanNet,scene0346_01,00005,2.07,17.33,1819,56.13,67.62,80.37,81.0
ScanNet,scene0642_01,00033,1.842,6.63,28016,25.86,24.77,38.64,40.83
ScanNet,scene0370_01,00080,0.878,11.87,5193,48.3,66.53,83.65,76.48
ScanNet,scene0042_02,00020,2.197,12.29,3651,31.66,38.63,64.22,49.22
ScanNet,scene0369_00,00076,2.888,16.65,5094,14.88,81.09,82.16,98.42
ScanNet,scene0107_00,00079,0.94,9.51,5988,63.71,66.6,81.51,78.45
ScanNet,scene0570_02,00026,0.96,17.5,1827,46.58,49.48,52.6,89.31
ScanNet,scene0592_01,00085,0.688,7.96,12177,47.25,46.93,70.05,58.71
ScanNet,scene0161_02,00075,0.708,31.82,3320,50.33,68.55,86.1,77.08
ScanNet,scene0666_01,00076,4.208,7.74,7024,5.01,26.6,27.54,88.64
ScanNet,scene0430_01,00020,1.264,10.41,5972,33.61,39.28,59.63,53.51
ScanNet,scene0340_01,00041,1.86,11.76,13732,17.19,51.53,66.86,69.21
ScanNet,scene0505_01,00072,0.609,23.66,4996,5.2,67.91,72.7,91.15
ScanNet,scene0700_02,00095,1.115,10.69,4038,56.04,49.7,77.06,58.33
ScanNet,scene0507_00,00048,2.094,3.41,10342,40.22,39.67,55.48,58.2
ScanNet,scene0118_00,00094,0.829,26.13,4113,51.86,75.03,81.04,91.0
ScanNet,scene0633_01,00073,3.098,12.37,3640,35.44,63.25,68.71,88.84
ScanNet,scene0215_00,00020,1.045,15.3,11732,59.73,49.79,80.98,56.39
ScanNet,scene0155_02,00053,1.024,9.57,6065,46.86,41.29,67.31,51.65
ScanNet,scene0072_00,00080,3.306,22.42,4126,21.98,82.8,95.71,86.0
ScanNet,scene0093_00,00070,1.46,22.34,7498,35.82,56.34,75.1,69.29
ScanNet,scene0164_02,00095,3.544,21.25,5211,8.89,37.91,40.55,85.31
ScanNet,scene0030_00,00070,2.201,21.1,13942,18.53,41.43,67.39,51.82
ScanNet,scene0454_00,00097,3.27,2.72,4615,40.09,70.39,75.94,90.59
ScanNet,scene0220_00,00018,2.589,18.39,22127,14.27,56.63,66.12,79.79
ScanNet,scene0574_01,00043,1.07,21.8,275,82.91,84.64,85.28,99.12
ScanNet,scene0454_00,00035,3.732,6.34,7563,6.85,33.94,54.83,47.1
ScanNet,scene0616_01,00080,0.23,12.58,727,88.86,88.36,98.8,89.32
ScanNet,scene0158_01,00041,3.892,25.53,2471,49.78,73.92,81.4,88.94
ScanNet,scene0515_00,00070,1.971,14.04,15197,29.84,28.12,76.61,30.76
ScanNet,scene0241_00,00082,3.484,23.82,1450,26.34,96.71,96.71,100.0
ScanNet,scene0403_01,00079,0.774,18.25,11987,30.47,70.36,80.91,84.36
ScanNet,scene0364_01,00051,0.456,15.88,377,53.58,83.82,83.82,100.0
ScanNet,scene0524_00,00044,0.869,13.92,2036,48.28,74.06,80.43,90.34
ScanNet,scene0292_01,00051,0.348,27.32,2680,56.34,48.3,78.71,55.56
ScanNet,scene0694_01,00033,0.887,8.58,11089,53.97,57.56,63.68,85.7
ScanNet,scene0301_01,00044,2.815,18.09,3451,11.65,61.69,61.79,99.75
ScanNet,scene0568_00,00070,2.205,6.93,22882,8.91,19.9,20.24,92.2
ScanNet,scene0393_02,00033,1.829,17.94,13697,19.62,43.71,58.65,63.17
room07,,live_000000,nan,nan,4412,97.55,87.15,99.42,87.59
room07,,live_000160,0.111,54.5,845,99.41,99.05,99.64,99.4
room07,,live_000170,0.13,52.6,989,100.0,99.19,100.0,99.19
room07,,live_000330,0.549,25.0,3463,96.59,71.68,99.92,71.72
room07,,live_000320,0.546,20.2,3422,96.43,53.24,100.0,53.24
room08,,live_000000,nan,nan,5707,81.72,58.62,98.12,59.28
room08,,live_000580,0.421,29.1,2409,35.62,60.31,82.89,68.88
room08,,live_000180,0.288,36.6,2171,56.79,81.87,96.22,84.59
room08,,live_000235,0.252,27.1,1188,95.29,40.9,100.0,40.9
room08,,live_000240,0.24,35.8,1152,97.92,53.45,97.3,54.26
