scene,frame,cam_z,tilt_deg,depth_med,near_pct,floor_pct,free_mean,floor_voxels,floor_tilt_deg,sc_voxels,occ_pct,sc_iou,ssc_miou,nyu_like
scene0062_00,00063,1.3405,26.4,1.592,30.4,13.4,1.965,93,6.98,1830,51.69,83.22,13.14,0
scene0111_00,00004,1.6041,4.61,2.328,0.0,0.0,2.94,0,,15652,30.5,40.96,11.96,0
scene0101_02,00074,1.2423,37.72,1.191,89.6,22.6,1.222,1061,2.5,6588,43.32,23.92,8.9,0
scene0437_01,00095,1.3435,34.67,1.623,43.2,2.7,1.152,369,2.56,6566,44.93,44.79,14.62,0
scene0201_00,00082,1.6611,0.61,2.166,0.0,0.0,3.133,0,,7433,51.53,59.02,24.46,0
scene0362_03,00094,1.2822,27.39,1.9,3.4,37.6,1.356,677,3.56,8082,33.35,62.37,27.21,0
scene0296_00,00035,1.4867,15.92,2.384,4.1,3.1,2.024,125,5.12,12888,53.09,67.9,12.21,1
scene0255_02,00061,1.4547,15.27,1.409,66.1,0.0,3.207,0,,1818,72.39,71.56,25.24,1
scene0032_01,00082,1.3247,35.58,0.757,78.5,13.7,1.761,408,2.96,5725,51.93,39.28,7.92,0
scene0686_02,00072,1.2963,39.31,1.628,40.6,45.0,0.776,662,0.08,2075,68.14,64.36,29.15,0
scene0181_03,00074,1.4339,24.01,1.513,47.0,0.4,2.304,5,,13175,31.67,48.84,16.06,0
scene0513_00,00005,1.3449,31.47,1.842,13.8,25.0,1.115,1412,3.5,13608,30.65,42.84,18.07,0
scene0474_02,00048,1.5379,4.19,2.139,2.3,0.0,3.086,0,,8950,17.2,55.31,5.93,0
scene0601_01,00076,1.4812,12.37,1.919,16.3,0.0,3.057,0,,8940,17.94,58.91,15.96,1
scene0449_02,00005,1.3118,30.37,0.987,98.1,0.9,2.14,4,,1940,37.06,59.71,9.17,0
scene0642_03,00084,1.4315,16.38,1.962,30.6,0.0,2.623,34,,9199,33.7,50.45,18.76,1
scene0531_00,00068,1.138,34.47,0.875,97.1,5.4,1.601,102,1.61,2084,71.21,56.31,5.33,0
scene0593_00,00097,1.5264,18.42,1.9,14.7,0.2,2.576,220,4.29,6411,34.11,23.81,7.59,0
scene0312_02,00063,1.4983,36.62,1.735,24.8,0.0,0.788,1571,4.45,5094,53.57,40.21,7.16,0
scene0034_02,00004,1.4424,34.72,1.831,5.0,34.9,1.176,499,0.66,6005,49.81,53.03,23.73,0
scene0029_01,00020,1.2317,34.05,1.079,98.8,8.6,1.661,35,,471,100.0,100.0,40.07,0
scene0441_00,00033,1.5774,14.76,2.213,33.9,10.0,2.522,523,2.4,10155,36.46,71.35,16.15,0
scene0557_02,00060,1.248,29.32,1.95,4.6,44.7,0.929,1206,3.99,8738,32.72,35.8,11.39,0
scene0380_00,00059,1.4144,19.68,1.959,34.5,7.9,1.9,1519,1.58,14637,35.62,47.7,19.94,1
scene0459_01,00098,1.4264,27.55,1.358,59.6,9.0,2.007,447,2.93,12864,21.56,31.11,12.31,0
scene0505_03,00005,1.3626,12.19,1.853,13.0,0.0,2.724,330,6.2,5719,51.72,60.58,16.58,1
scene0620_01,00050,1.3562,39.1,1.681,39.5,46.1,0.865,960,1.19,4726,57.32,40.97,15.99,0
scene0193_01,00050,1.3938,31.38,1.119,80.0,1.6,2.094,203,1.03,4084,44.98,49.88,8.06,0
scene0662_00,00070,1.4726,27.64,0.98,99.2,0.0,2.712,0,,419,95.23,91.63,25.34,0
scene0205_02,00005,1.3247,24.0,1.516,48.6,11.8,2.301,184,1.03,1681,58.6,56.44,18.48,0
scene0282_00,00020,1.3097,31.94,1.305,67.6,14.8,1.754,124,5.24,406,69.95,48.03,16.25,0
scene0276_00,00005,1.6378,28.08,2.145,19.7,0.0,1.832,618,0.75,11467,51.89,32.47,15.48,0
scene0026_00,00033,1.6033,7.45,1.538,41.5,0.0,3.701,0,,7186,27.76,65.42,13.39,0
scene0205_00,00043,1.3205,33.26,1.464,53.0,13.5,1.596,382,1.15,2650,54.91,47.79,18.07,0
scene0393_01,00080,1.5176,26.39,2.512,4.6,32.6,1.447,932,1.82,4661,43.62,67.6,36.7,0
scene0203_01,00079,1.593,29.17,1.766,31.6,0.0,1.52,292,7.33,9280,29.25,44.38,8.28,0
scene0158_02,00087,1.305,40.67,1.103,97.4,10.9,1.214,55,10.5,1201,91.51,82.4,13.61,0
scene0602_00,00094,1.3852,29.8,1.068,93.2,1.7,2.231,20,,2879,49.15,39.45,6.26,0
scene0602_00,00097,1.3722,37.96,1.571,36.3,27.5,1.125,253,2.71,2409,64.84,67.62,16.21,0
scene0436_00,00059,1.3058,30.61,1.159,97.9,1.4,2.078,13,,3904,38.09,44.89,16.07,0
scene0605_00,00082,1.8938,19.36,1.251,93.6,0.0,3.783,0,,1259,46.94,83.49,20.55,0
scene0661_00,00084,1.6473,26.11,2.002,14.6,0.2,1.564,1691,4.75,7818,22.52,41.84,0.63,0
scene0211_01,00094,1.4275,27.59,1.675,36.6,18.8,1.727,468,1.24,5380,72.01,60.34,24.02,0
scene0532_00,00077,1.4764,34.82,0.708,100.0,0.0,2.349,0,,2568,36.72,64.66,15.29,0
scene0500_00,00035,1.6743,28.67,2.103,14.8,0.0,1.355,2537,1.71,16555,56.17,51.1,8.67,0
scene0620_00,00068,1.5136,18.0,2.012,39.8,2.3,2.719,174,8.69,9749,45.29,40.0,9.61,0
scene0441_00,00056,1.5059,29.63,2.304,8.8,42.2,1.177,1097,0.18,7168,50.22,70.7,17.68,0
scene0700_01,00005,1.5608,40.45,1.352,67.2,6.9,1.495,241,4.87,4626,43.93,44.56,10.57,0
scene0429_00,00050,1.4965,10.17,0.815,95.4,0.0,4.234,0,,1399,7.29,68.18,8.06,1
scene0439_01,00084,1.4678,22.09,2.236,0.0,26.2,1.729,546,1.08,14384,46.94,59.01,13.4,1
scene0532_00,00087,1.6386,13.71,1.244,78.9,0.0,3.57,0,,1472,43.82,48.5,14.38,0
scene0191_02,00079,1.4336,24.07,1.58,42.6,0.0,2.312,306,6.95,4138,27.65,52.01,21.28,0
scene0477_01,00079,1.3301,29.35,1.756,31.5,20.3,1.774,332,2.86,4342,43.09,59.13,10.58,0
scene0555_00,00074,2.0804,17.3,1.842,29.6,0.0,2.961,1069,5.11,18834,21.97,34.4,8.55,0
scene0627_00,00082,1.4096,23.72,2.16,17.6,16.3,0.977,3575,1.36,18697,63.77,55.55,16.26,0
scene0295_00,00053,1.3447,36.38,1.491,51.9,16.6,1.192,191,5.16,2431,57.8,71.29,14.3,0
scene0585_00,00079,1.3447,47.9,0.942,89.7,15.1,0.911,235,1.36,3254,33.71,25.11,5.5,0
scene0332_02,00060,1.3608,25.22,1.847,2.4,21.8,1.789,301,1.53,3903,49.81,64.75,24.89,0
scene0590_01,00072,1.4097,17.21,1.572,37.9,0.0,2.882,32,,6457,26.87,56.74,31.79,1
scene0592_01,00074,1.5392,26.56,2.297,0.8,30.6,1.023,1816,0.41,15029,47.44,62.67,13.6,0
scene0607_01,00072,1.3403,24.77,2.275,10.1,51.7,0.802,1530,1.84,4299,68.57,60.38,12.78,0
scene0429_00,00061,1.3125,31.51,1.053,98.1,1.2,2.012,53,21.5,3756,20.93,54.56,6.32,0
scene0543_02,00048,1.3955,23.41,1.787,22.2,0.0,1.973,663,4.97,4849,50.44,52.1,13.4,0
scene0555_00,00041,2.2741,26.49,2.145,4.1,0.0,2.368,2559,5.27,28810,20.87,28.72,1.38,0
scene0425_01,00012,1.476,18.57,1.804,26.6,1.1,2.612,86,4.98,8229,42.34,45.04,13.89,1
scene0667_01,00004,1.4351,31.22,1.677,27.1,0.0,1.506,2227,3.41,18047,29.37,32.22,7.64,0
scene0656_03,00048,1.2454,32.95,1.696,42.2,29.5,1.131,975,2.28,5473,48.38,51.14,34.45,0
scene0545_02,00054,1.3922,34.75,1.994,8.2,48.9,0.877,999,0.46,6113,35.61,61.15,31.22,0
scene0582_01,00005,1.6051,12.77,2.791,3.7,4.7,2.207,241,11.23,14806,25.94,59.23,21.49,0
scene0266_00,00035,1.3053,22.5,2.224,0.4,3.0,1.284,1774,7.19,12472,45.18,45.39,10.54,1
scene0393_01,00041,1.5311,27.62,1.8,36.0,1.3,1.822,649,2.38,14077,27.04,44.97,15.98,0
scene0197_01,00050,1.3758,25.92,1.396,63.9,0.0,2.17,99,5.87,4040,56.24,65.22,28.9,0
scene0312_02,00059,1.5244,33.03,1.988,13.8,0.0,1.243,820,6.8,3886,43.62,36.02,11.87,0
scene0574_01,00065,1.3568,39.21,1.422,64.5,22.5,1.122,204,2.01,866,96.19,90.87,17.61,0
scene0367_01,00065,1.6034,36.94,1.627,39.4,0.0,1.444,965,7.18,12298,28.14,27.78,13.91,0
scene0360_00,00073,1.4259,61.05,1.038,98.0,17.6,0.709,101,0.75,1188,58.16,72.07,16.84,0
scene0596_01,00059,1.3433,22.48,2.261,0.0,31.8,1.549,836,4.19,10604,22.88,56.42,10.2,1
scene0662_02,00068,1.2747,48.52,0.98,100.0,5.2,0.969,0,,148,93.92,80.43,21.56,0
scene0610_01,00047,1.5072,7.53,1.9,30.1,0.0,3.471,0,,1396,91.91,68.68,38.75,1
scene0600_02,00084,1.02,38.41,1.572,43.3,57.0,0.627,1077,3.73,2430,82.92,73.61,19.81,0
scene0693_00,00097,1.2519,29.04,1.124,97.8,2.3,2.052,19,,1468,84.33,50.89,13.83,0
scene0487_01,00053,1.5321,2.28,2.682,0.0,0.0,2.391,30,,4467,50.91,85.34,16.32,0
scene0370_01,00033,1.5405,17.96,2.747,16.3,4.4,1.552,1757,1.04,11903,34.38,48.82,14.14,0
scene0251_00,00078,1.6267,23.59,2.583,6.1,0.0,1.269,3860,6.63,27057,25.74,23.64,10.75,0
scene0583_02,00063,1.7738,5.29,1.145,96.3,0.0,4.091,0,,3440,11.86,83.26,13.84,0
scene0604_00,00080,1.6001,15.96,2.743,7.4,4.6,2.011,460,1.43,27852,28.6,49.07,25.0,0
scene0445_00,00093,1.8133,33.5,1.777,37.8,0.1,2.091,416,8.5,9092,38.25,42.16,6.68,0
scene0088_01,00012,1.422,16.05,2.422,12.5,12.1,1.825,1516,2.53,24502,28.37,36.99,18.78,1
scene0415_00,00072,1.3183,27.8,1.163,96.5,1.1,2.264,12,,2432,26.64,66.28,18.03,0
scene0013_01,00035,1.2916,38.8,1.842,30.0,41.3,0.572,536,2.65,3580,60.42,51.72,8.22,0
scene0221_00,00056,1.5331,26.72,2.365,25.3,2.2,1.211,1598,2.32,16988,43.58,57.51,20.21,0
scene0123_00,00063,1.5423,23.72,2.959,15.9,0.7,1.197,1165,0.09,9568,22.77,49.83,28.25,0
scene0062_02,00096,1.2397,39.79,1.455,59.3,39.9,0.777,250,0.36,2380,50.38,64.83,19.52,0
scene0675_00,00072,1.3769,39.5,1.23,77.8,11.9,1.316,218,0.91,3596,55.2,48.13,11.97,0
scene0056_01,00033,1.6005,16.43,2.653,5.8,8.5,2.11,504,4.09,9017,25.91,49.97,32.67,0
scene0320_02,00094,1.3727,20.54,2.224,3.0,0.0,1.522,1852,7.05,20177,29.68,42.85,5.63,1
scene0698_01,00012,1.4971,27.98,1.714,18.4,1.4,1.606,300,0.19,11555,55.41,57.81,17.26,0
scene0271_01,00059,1.5028,22.94,2.115,8.0,11.1,1.989,507,2.45,8366,35.23,56.2,19.58,1
scene0123_00,00074,1.5253,26.38,2.239,6.9,0.6,0.839,1559,0.08,7923,38.61,50.74,14.25,0
scene0616_01,00050,1.5708,13.21,1.859,0.0,0.0,2.948,0,,11678,11.29,52.87,14.54,0
scene0158_02,00073,1.3474,16.69,1.798,39.5,5.9,2.715,186,2.1,3770,54.03,75.27,39.41,1
scene0310_01,00095,1.5369,18.62,2.316,11.0,9.6,2.302,175,3.88,3043,84.36,72.57,23.1,0
scene0288_02,00074,1.3613,23.36,1.68,31.1,6.6,2.184,260,4.7,3052,64.48,78.64,46.37,1
scene0254_01,00072,1.3317,28.6,1.623,33.4,0.5,1.624,515,3.41,6942,21.72,33.24,13.58,0
scene0065_02,00005,1.3056,42.86,1.327,67.2,26.8,0.868,288,6.12,3437,42.04,51.64,13.93,0
scene0505_02,00048,1.4703,20.0,2.115,0.3,0.0,1.983,799,8.4,8831,35.06,38.05,6.99,1
scene0031_00,00018,1.5772,18.24,2.762,0.0,10.6,1.59,463,3.15,5840,76.44,80.77,14.54,0
scene0062_00,00082,1.3424,26.05,1.769,7.6,21.2,1.77,190,2.09,2189,51.85,84.38,17.0,0
scene0440_01,00050,1.4282,20.98,1.88,22.9,11.0,2.148,391,2.64,12717,44.09,48.86,9.41,1
scene0437_01,00004,1.3205,42.16,1.572,46.0,9.0,0.743,964,3.25,5402,57.18,47.93,7.15,0
scene0202_00,00087,1.5337,34.05,2.231,0.0,36.5,0.542,1928,1.53,8199,66.04,62.39,7.03,0
scene0294_02,00095,1.5209,28.78,1.975,27.5,0.0,1.811,426,3.67,8709,36.65,57.27,27.74,0
scene0025_02,00079,1.4373,17.12,1.454,53.6,0.0,2.875,188,2.54,9584,26.64,22.1,13.0,1
scene0100_00,00061,1.2606,38.65,1.416,59.7,31.1,0.975,267,1.08,1733,54.65,72.59,20.66,0
scene0132_01,00084,1.4214,35.02,1.457,51.9,0.0,1.312,822,6.06,8413,27.03,40.34,6.53,0
scene0078_02,00020,1.4332,30.14,1.063,86.6,2.7,2.242,482,0.22,12864,28.26,31.62,6.19,0
scene0027_01,00084,1.4386,42.65,1.223,82.6,0.8,1.195,125,1.21,5841,31.21,53.9,10.35,0
scene0040_00,00056,1.2806,24.49,1.464,53.4,0.8,2.169,187,2.79,9183,28.79,45.54,15.93,0
scene0025_00,00035,1.6624,6.28,2.458,2.9,0.0,2.841,0,,12547,24.21,77.64,17.38,0
scene0451_05,00033,1.611,19.11,2.055,0.0,0.0,2.404,82,7.04,12475,33.68,56.08,19.63,0
scene0297_02,00076,1.5775,16.75,2.944,0.2,18.5,1.719,641,0.89,3077,61.23,82.63,12.82,0
scene0153_00,00061,1.2683,33.91,1.547,38.8,25.1,1.209,183,1.06,1328,35.39,38.99,23.88,0
scene0181_02,00048,1.3764,17.17,2.519,0.0,12.5,1.579,907,0.93,3987,43.37,49.55,6.6,1
scene0212_02,00097,1.5395,8.14,2.889,0.0,0.0,2.082,861,2.56,37743,8.68,38.04,3.66,0
scene0617_00,00020,1.3386,49.71,1.141,94.7,0.0,0.788,474,1.24,4054,76.47,25.29,5.99,0
scene0002_01,00018,1.918,46.96,1.323,69.2,0.0,1.544,938,0.74,8693,19.56,47.67,6.44,0
scene0468_01,00073,1.2868,31.14,1.69,15.7,35.4,1.266,412,0.36,3875,66.61,63.23,28.85,0
scene0694_01,00073,1.6522,12.16,2.994,4.7,0.3,1.683,1774,0.36,18078,47.76,50.92,10.25,0
scene0042_02,00094,1.4255,26.77,1.508,48.7,11.4,2.03,102,4.36,1739,48.88,63.94,22.3,0
scene0292_01,00097,1.3914,32.02,1.597,41.5,39.6,0.474,1394,1.73,8377,51.25,37.57,15.1,0
scene0173_02,00004,1.4516,17.82,2.422,33.4,0.0,2.028,613,4.71,8237,23.55,31.95,28.34,1
scene0034_02,00055,1.3317,38.94,1.2,94.2,0.0,1.437,60,8.26,2421,46.63,66.7,15.02,0
scene0003_01,00071,1.468,15.84,1.305,93.5,0.0,3.411,0,,1134,67.46,94.15,20.07,1
scene0420_01,00072,1.457,24.04,2.571,0.3,43.8,1.144,1808,1.36,4962,75.19,62.26,21.99,0
scene0129_00,00063,1.3463,40.6,1.62,26.7,45.8,0.736,523,2.78,5194,40.97,54.95,22.68,0
scene0338_02,00018,1.432,18.54,1.809,23.8,0.2,2.441,54,0.87,3005,79.3,84.73,27.01,1
scene0402_00,00095,1.3501,24.43,1.614,45.8,0.0,1.88,536,2.23,7147,33.29,27.19,22.39,0
scene0583_02,00053,1.6031,41.99,1.064,78.8,0.0,1.576,398,2.55,5120,37.01,44.02,19.48,0
scene0030_01,00095,1.4897,22.51,2.452,3.5,28.1,1.667,829,1.38,21661,13.2,45.98,19.14,1
scene0364_01,00034,1.5372,20.52,2.047,7.5,6.3,2.274,287,5.25,3109,37.05,66.05,7.8,0
scene0537_00,00046,1.4195,31.56,1.929,6.9,3.0,0.694,1540,0.16,6645,66.46,58.34,17.78,0
scene0651_01,00094,1.3785,27.71,1.579,39.9,4.3,1.855,140,4.33,6485,45.24,32.49,11.87,0
scene0052_02,00079,1.5814,13.86,2.774,0.0,1.1,1.74,853,0.89,10628,45.21,69.43,12.13,0
scene0308_00,00084,1.2141,45.02,0.929,93.9,21.2,0.958,146,3.77,4317,41.95,36.79,6.23,0
scene0479_00,00094,1.6529,11.74,1.737,13.3,0.0,3.388,0,,1756,68.0,58.82,39.99,0
scene0177_00,00041,1.5286,22.02,2.034,0.1,5.2,2.093,99,10.8,5803,52.97,75.73,29.45,0
scene0569_01,00064,1.3293,27.19,0.787,68.3,0.7,2.126,1688,0.25,10514,40.52,46.4,8.18,0
scene0271_00,00044,1.4651,30.0,2.043,5.4,0.0,1.416,828,6.64,8398,26.68,39.62,11.43,0
scene0114_00,00020,1.5335,26.65,2.155,33.1,18.2,1.398,1380,1.84,15420,44.34,49.58,12.1,0
scene0378_00,00012,1.3931,34.33,1.501,49.9,17.6,1.449,462,1.54,8062,44.63,48.51,16.14,0
scene0120_01,00004,1.5777,13.96,2.782,2.2,3.3,2.015,328,0.68,9989,24.23,47.36,20.91,0
scene0026_00,00070,1.6178,6.46,1.196,61.9,0.0,3.839,0,,2359,18.95,69.65,14.39,0
scene0536_02,00053,1.5653,39.17,2.029,28.9,0.3,1.002,789,0.18,9677,47.5,49.1,16.95,0
scene0153_00,00041,1.4623,13.08,1.256,73.7,0.0,3.478,0,,1403,17.75,64.89,52.72,1
scene0610_01,00097,1.2939,55.63,1.137,100.0,22.0,0.619,113,0.55,679,66.57,76.36,22.64,0
scene0690_01,00076,1.2679,27.07,1.623,31.4,19.6,1.132,421,3.13,6501,43.21,60.45,9.53,0
scene0474_00,00074,1.3643,30.01,1.92,11.9,29.1,1.284,569,3.36,7136,52.77,67.01,23.1,0
scene0582_01,00053,1.49,20.53,2.47,2.7,19.8,1.742,629,1.42,10346,29.94,59.59,15.84,1
scene0605_01,00097,1.6165,25.98,1.915,32.8,10.5,1.465,1563,0.83,12835,25.91,34.17,7.5,0
scene0395_00,00084,1.6435,1.98,1.524,41.9,0.0,3.751,0,,9878,23.41,48.59,8.38,0
scene0164_03,00076,1.4659,7.93,1.21,83.1,0.0,3.926,0,,3745,40.72,50.33,14.45,1
scene0415_00,00033,1.1706,51.39,1.163,86.5,27.1,0.512,115,2.85,1191,37.7,32.95,9.57,0
scene0301_01,00070,1.2478,27.59,1.853,17.6,13.7,1.452,254,3.62,10637,44.73,52.38,14.2,0
scene0304_00,00063,1.5175,19.56,2.442,22.5,2.7,1.565,1419,0.1,11044,41.66,67.77,4.95,0
scene0502_00,00083,1.5816,24.79,2.176,6.5,12.1,1.55,519,0.86,9972,19.74,57.17,10.42,0
scene0022_00,00082,1.4185,21.87,2.482,0.0,24.1,1.442,777,2.09,4157,36.71,33.9,14.41,1
scene0656_03,00076,1.3153,19.46,1.715,40.1,0.0,2.33,250,3.62,5552,66.35,63.49,23.5,1
scene0163_00,00020,1.3025,26.83,1.9,28.9,19.3,1.295,1693,2.12,11158,44.69,47.09,19.29,0
scene0062_00,00080,1.3492,25.3,1.758,10.1,18.5,1.864,155,2.48,2370,49.45,83.7,22.55,0
scene0296_01,00079,1.3717,24.67,2.031,0.0,29.8,1.425,664,0.59,14999,28.66,59.98,22.66,0
scene0031_02,00005,1.6823,8.55,2.556,0.0,0.0,2.504,27,,9439,44.0,65.48,17.91,0
scene0155_01,00082,1.2817,26.14,1.975,16.7,19.1,1.321,757,1.76,7565,43.17,66.69,29.7,0
scene0201_02,00070,1.7263,7.86,1.977,3.9,0.0,3.335,0,,6410,41.87,52.38,22.5,0
scene0115_01,00018,1.5276,19.38,2.471,11.0,2.1,1.578,1644,0.05,17904,31.41,50.16,6.76,0
scene0541_02,00087,1.5086,30.37,2.024,9.4,35.8,1.402,795,1.88,6862,38.57,66.46,7.5,0
scene0277_02,00033,1.3266,33.62,1.263,86.6,10.6,1.713,57,9.66,1449,81.16,79.51,14.01,0
scene0601_00,00082,1.4703,11.25,1.846,4.1,0.0,3.004,0,,23585,10.09,38.63,13.7,1
scene0030_02,00070,1.4667,20.66,2.27,25.0,10.4,1.629,1406,1.23,19862,31.5,37.53,28.77,1
scene0291_02,00080,1.4096,28.61,1.82,25.7,1.2,1.584,1308,0.93,12018,31.67,27.89,13.98,0
scene0278_01,00012,1.5007,1.12,1.177,72.9,0.0,3.634,0,,2859,42.29,36.21,19.91,0
scene0531_00,00057,1.481,38.35,1.091,96.1,0.3,1.781,37,,2118,66.1,55.57,7.65,0
scene0086_02,00018,1.3867,30.13,1.919,4.7,49.9,1.238,2209,2.15,14512,24.65,28.4,7.4,0
scene0295_01,00050,1.4232,41.87,1.708,25.0,39.5,0.897,655,2.8,5589,48.01,48.9,2.02,0
scene0092_01,00082,1.2759,32.91,1.25,64.1,11.7,1.532,630,1.17,5932,54.7,36.37,13.54,0
scene0696_02,00070,1.5927,14.39,2.138,11.8,0.8,2.707,10,,8332,20.64,61.9,12.6,0
scene0273_01,00020,1.3539,29.45,2.308,21.7,8.0,1.129,997,0.29,5763,76.42,65.53,20.27,0
scene0436_00,00070,1.3145,35.24,1.912,12.4,38.9,0.615,1278,0.83,5372,68.28,57.5,16.93,0
scene0298_00,00087,1.5392,14.92,2.38,0.8,10.3,2.188,328,1.81,10115,45.21,62.19,13.61,0
scene0505_02,00056,1.5429,22.06,1.865,26.0,0.0,2.362,1222,5.47,25180,22.8,16.65,6.1,0
scene0332_02,00012,1.4761,25.53,1.693,40.1,17.4,2.154,284,2.32,9298,45.55,51.46,8.91,0
scene0620_01,00084,1.412,41.07,1.182,61.9,36.2,1.138,756,1.67,6552,51.05,27.17,4.94,0
scene0003_02,00048,1.6253,13.53,1.787,18.8,0.0,2.71,0,,3088,84.29,74.59,12.47,0
scene0173_01,00074,1.6932,18.57,2.545,16.9,0.0,2.266,275,5.08,5269,25.81,43.24,14.53,0
scene0032_01,00063,1.3799,21.77,1.9,2.0,14.8,2.05,229,4.0,4506,36.02,73.73,17.97,1
scene0468_00,00076,1.3591,23.05,2.07,0.7,28.9,1.616,832,3.92,12182,55.7,45.17,10.88,1
scene0488_01,00073,1.4632,19.44,1.43,61.4,0.0,2.928,0,,4320,48.87,43.36,12.01,1
scene0191_01,00076,1.3667,29.66,1.831,13.9,33.1,1.042,2132,0.85,13924,34.72,42.45,23.98,0
scene0127_01,00012,1.5731,17.86,1.237,63.9,0.0,3.12,186,1.75,9259,29.45,38.53,12.42,0
scene0604_00,00097,1.5668,18.3,2.648,0.0,19.6,1.764,753,1.82,18353,32.94,53.61,18.39,0
scene0106_01,00087,1.5076,34.71,1.692,33.5,0.1,1.256,1790,0.07,14967,43.75,39.92,10.64,0
scene0286_02,00044,1.497,31.85,1.887,11.0,22.4,1.389,468,4.35,6309,49.07,71.49,19.57,0
scene0120_00,00087,1.348,22.68,2.176,6.4,22.6,1.276,622,2.17,3972,64.3,66.45,20.04,1
scene0118_01,00063,1.5904,12.49,1.926,0.0,0.0,2.939,0,,14400,9.59,49.61,13.12,0
scene0024_00,00079,1.33,29.54,1.659,40.0,23.7,1.311,2398,0.15,12716,58.56,55.7,14.62,0
scene0211_01,00082,1.3757,20.93,1.226,95.0,0.0,3.076,0,,3970,58.09,44.29,8.03,1
scene0277_02,00005,1.3656,43.27,1.501,49.8,34.6,0.952,346,5.82,2269,56.19,66.21,17.85,0
scene0122_00,00060,1.4163,9.86,1.677,33.3,0.0,3.213,0,,1838,54.79,81.91,15.25,1
scene0261_02,00050,1.337,32.46,1.288,81.4,8.2,1.783,68,1.34,4349,77.12,66.66,21.52,0
scene0026_00,00083,1.3656,41.98,1.604,42.3,38.6,0.844,302,2.24,2438,32.36,48.1,15.51,0
scene0612_01,00070,1.3478,32.08,1.24,73.9,12.4,1.793,74,1.86,2206,32.86,65.1,21.22,0
scene0557_01,00095,1.3478,15.22,1.988,40.0,0.0,2.425,631,4.03,15479,34.7,39.27,11.73,1
scene0543_00,00056,1.3382,20.83,1.457,58.5,0.5,2.616,49,,1859,44.0,77.22,9.29,1
scene0367_01,00076,1.6162,29.66,1.541,43.1,0.0,2.038,670,7.18,11589,28.89,31.46,9.81,0
scene0633_01,00050,1.5307,3.82,1.745,21.3,0.0,3.454,0,,2316,38.39,91.37,15.66,0
scene0459_01,00097,1.4096,32.47,1.563,46.8,27.9,1.343,770,4.1,9130,27.24,33.83,15.83,0
scene0255_02,00080,1.3439,31.25,1.686,39.7,24.1,1.637,474,1.71,3199,44.17,62.64,14.85,0
scene0254_01,00041,1.4066,17.71,1.975,5.2,0.0,2.279,479,6.06,4456,38.51,41.43,12.26,1
scene0517_02,00053,1.6119,15.68,1.471,54.4,0.0,2.624,0,,9808,37.75,21.75,5.54,0
scene0507_00,00051,1.4959,29.76,0.898,75.6,0.2,2.104,517,4.33,9863,46.21,40.36,2.28,0
scene0604_00,00050,1.6149,15.15,3.343,0.0,23.8,1.405,1466,0.27,23255,23.61,59.04,13.38,0
scene0025_00,00056,1.6804,7.54,2.168,4.0,0.0,3.077,0,,20580,14.83,65.42,15.04,0
scene0686_02,00060,1.2321,48.65,1.334,73.8,56.8,0.482,469,1.11,2530,37.04,52.34,28.69,0
scene0696_02,00076,1.4869,22.17,1.781,26.4,9.0,1.968,670,2.14,23241,23.48,36.91,12.03,1
scene0057_01,00076,1.5529,21.5,1.869,8.2,7.0,2.302,184,8.27,6892,12.72,41.62,22.8,0
scene0501_01,00095,1.4685,32.11,1.58,35.4,0.2,1.82,130,4.0,2366,45.86,78.76,24.02,0
scene0620_00,00041,1.4419,26.62,1.37,60.9,10.7,2.171,943,1.72,12726,42.68,33.16,4.23,0
scene0686_02,00080,1.3305,26.3,1.688,18.3,22.1,1.874,192,3.8,748,100.0,100.0,32.78,0
scene0211_01,00041,1.3217,28.3,1.727,30.9,18.1,1.545,377,1.29,4894,56.95,57.68,28.87,0
scene0114_00,00061,1.4814,30.02,1.925,12.8,25.2,1.463,530,2.34,7256,36.48,64.17,9.09,0
scene0574_01,00074,0.9821,31.35,1.305,82.1,36.5,1.126,241,1.14,783,98.85,89.3,13.79,0
scene0445_00,00060,1.6722,36.41,1.483,57.1,0.0,1.893,191,3.99,4233,37.75,49.59,5.69,0
scene0024_00,00056,1.2309,27.5,1.933,2.9,59.4,0.965,2505,0.18,17275,47.27,48.34,26.55,0
scene0611_01,00094,1.307,29.86,1.623,39.8,23.9,1.267,1110,1.08,9035,44.01,56.21,22.14,0
scene0141_02,00079,1.4051,36.22,1.588,42.3,10.8,1.267,645,2.49,4331,69.55,49.74,17.58,0
scene0445_00,00079,1.7645,18.92,1.935,3.5,0.0,2.831,187,6.55,4799,29.21,67.91,4.03,0
scene0343_00,00098,1.526,10.23,2.861,21.3,0.0,2.208,1409,5.56,14940,38.79,42.26,13.78,0
scene0449_02,00041,1.5336,2.65,1.137,84.8,0.0,4.17,0,,873,71.94,92.67,48.15,0
scene0364_01,00005,1.305,30.63,1.519,46.4,23.3,1.622,569,1.64,6193,64.3,46.16,11.89,0
scene0022_01,00095,1.5751,25.68,1.766,18.6,0.0,2.257,287,12.13,7550,52.44,64.77,7.04,0
scene0493_01,00063,1.4603,23.6,1.776,36.4,1.5,1.504,2581,1.06,13350,41.35,21.73,12.2,0
scene0120_00,00005,1.4226,12.97,2.706,0.0,7.7,1.964,640,0.07,9846,43.12,54.05,17.86,1
scene0122_00,00044,1.3855,29.6,1.745,33.8,2.1,1.765,428,2.11,3477,64.48,61.78,19.44,0
scene0362_01,00060,1.2772,19.14,2.015,0.0,6.8,1.838,686,3.53,9810,45.36,46.15,19.52,1
scene0234_00,00020,1.4579,38.52,1.59,40.4,1.2,1.041,318,0.98,7719,34.59,39.11,8.54,0
scene0020_00,00044,1.6062,4.26,1.547,47.4,0.1,3.438,0,,6353,37.29,78.77,34.18,0
scene0540_01,00079,1.517,20.53,1.707,31.3,0.2,2.67,4,,8494,52.3,71.72,24.09,0
scene0064_01,00072,1.3014,27.74,1.82,11.6,8.2,1.073,2187,4.78,17842,40.87,39.32,12.23,0
scene0492_00,00082,1.3213,22.33,1.962,12.4,18.6,1.661,1090,1.73,8472,28.26,63.75,4.97,1
scene0582_00,00035,1.5237,25.32,1.937,13.6,17.3,1.776,719,1.35,12355,38.68,56.91,16.26,0
scene0557_00,00080,1.4107,18.41,1.524,48.9,0.0,2.437,351,3.21,19932,49.11,57.2,11.62,1
scene0253_00,00033,1.6909,23.62,2.115,24.1,0.0,1.952,699,4.49,7163,49.53,47.64,7.39,0
scene0693_02,00084,1.0931,54.96,1.277,85.8,79.0,0.161,393,0.33,667,93.25,92.05,29.25,0
scene0086_02,00050,1.4017,20.49,2.275,27.7,22.7,1.96,549,2.83,3127,38.38,81.37,20.35,1
scene0003_02,00084,1.3483,22.85,1.163,100.0,0.0,2.991,0,,2367,19.56,71.61,19.92,1
scene0337_02,00041,1.4986,14.49,2.043,1.7,0.0,2.325,1405,15.76,12691,28.89,32.28,2.99,1
scene0026_00,00061,1.4068,44.04,0.681,99.8,0.0,1.569,0,,2045,30.27,27.27,6.91,0
scene0449_02,00097,1.2234,48.9,1.092,89.3,13.5,0.713,96,0.67,1258,63.51,59.85,12.45,0
scene0362_01,00053,1.3437,14.42,2.275,0.0,4.5,2.139,359,0.2,13175,35.13,73.11,20.08,1
scene0089_00,00053,1.3932,29.16,1.869,23.1,24.0,1.563,662,0.18,7012,49.1,58.54,46.37,0
scene0262_00,00049,1.5287,40.62,1.303,64.0,0.0,1.214,1327,1.59,7121,40.5,37.43,11.09,0
scene0586_01,00054,1.6319,15.54,1.21,100.0,0.0,3.663,0,,452,97.79,95.15,37.37,0
scene0222_00,00061,1.3664,50.06,1.334,70.2,33.3,0.615,580,0.9,3180,66.1,47.99,10.63,0
scene0138_00,00059,1.4647,19.84,2.087,25.1,6.1,2.222,593,3.29,15845,21.7,47.86,15.77,1
scene0673_02,00035,1.3045,28.87,1.668,39.2,0.0,1.563,671,6.8,8404,36.93,49.92,20.9,0
scene0451_05,00061,1.7555,3.95,3.526,0.1,0.0,1.542,1057,0.57,30791,30.22,44.02,15.24,0
scene0472_02,00053,1.3928,41.86,1.302,78.3,9.1,1.076,298,2.55,7294,43.6,42.5,6.86,0
scene0557_00,00073,1.2723,35.7,1.37,60.6,0.0,1.267,588,6.66,7945,56.59,39.53,7.44,0
scene0161_01,00063,1.5795,42.67,1.811,20.0,48.8,0.592,1084,0.53,3895,61.51,65.54,25.02,0
scene0420_02,00056,1.6102,11.73,3.798,0.0,2.5,1.275,2125,1.26,14736,37.54,68.58,23.4,0
scene0474_04,00097,1.7269,11.44,1.686,20.4,0.0,3.542,0,,5218,27.81,68.06,8.3,0
scene0146_02,00020,1.261,25.72,1.508,47.7,13.7,1.997,112,3.92,1412,71.88,86.02,22.08,0
scene0297_01,00005,1.5087,25.75,2.387,0.0,32.8,1.52,688,1.2,3741,70.89,77.6,16.53,0
scene0146_02,00035,1.3456,26.79,1.547,46.8,17.2,1.854,200,1.22,1806,60.41,84.03,45.39,0
scene0148_00,00063,1.405,23.4,2.589,9.5,19.1,1.127,1937,2.74,18359,27.35,58.54,15.2,1
scene0092_01,00094,1.2477,35.07,1.572,34.0,9.0,1.067,392,3.5,4551,13.01,28.02,8.51,0
scene0398_01,00097,1.4272,33.45,1.785,5.4,8.8,1.249,399,1.33,5251,52.01,62.32,8.96,0
scene0472_01,00073,1.5015,31.63,1.817,34.2,17.9,1.482,803,1.38,8566,53.56,59.78,22.28,0
scene0255_02,00048,1.3411,22.98,1.486,51.0,4.3,2.287,38,,3959,68.22,71.47,29.58,1
scene0122_00,00078,1.3329,28.96,1.745,23.6,3.4,1.607,459,0.21,3232,59.25,72.07,18.68,0
scene0027_01,00018,1.4934,24.17,2.329,0.0,17.4,1.393,893,1.14,7712,38.11,77.23,16.12,0
scene0564_00,00093,1.4732,38.2,0.524,96.7,2.6,2.115,287,2.24,2589,39.28,46.53,12.3,0
scene0590_01,00060,1.4542,41.84,1.457,56.2,0.0,0.993,1030,1.45,7862,40.78,25.42,3.83,0
scene0345_01,00074,1.5369,16.96,2.741,16.6,0.9,1.738,1695,0.45,19742,37.89,36.77,23.57,0
scene0434_02,00020,1.3001,34.62,1.141,94.5,6.7,1.675,48,,1368,52.41,76.54,19.09,0
scene0545_02,00095,1.3636,45.84,1.405,67.6,44.6,0.66,519,0.56,2900,85.28,61.49,27.33,0
scene0163_01,00018,1.3032,19.89,2.208,0.1,5.5,1.725,864,5.22,5595,54.87,69.12,19.81,1
scene0454_00,00033,1.5265,12.45,0.852,89.3,0.0,3.933,96,9.85,8616,10.84,35.89,5.76,0
scene0313_00,00050,1.3646,38.39,1.649,30.6,0.2,0.692,916,3.05,6221,50.23,52.92,5.91,0
scene0581_01,00056,1.4462,27.86,1.245,81.1,0.0,2.481,13,,4556,23.27,55.04,23.62,0
scene0620_01,00095,1.4967,23.66,2.143,21.0,24.4,1.593,956,0.59,8399,75.24,44.72,17.43,0
scene0572_02,00020,1.6039,26.42,2.591,1.8,0.0,1.412,1359,2.02,12896,28.94,47.33,22.54,0
scene0501_02,00097,1.5748,25.73,1.201,76.4,3.2,2.609,87,6.79,3422,43.34,40.19,13.8,0
scene0587_01,00018,1.335,36.91,1.457,52.7,53.0,0.375,2247,2.55,8294,58.66,52.74,11.74,0
scene0350_00,00053,1.3845,21.67,1.677,38.0,15.2,2.265,517,0.47,6996,14.25,39.17,13.22,1
scene0474_04,00063,1.8106,10.49,1.501,49.7,0.1,3.203,147,15.62,10800,25.33,72.63,16.07,0
scene0277_02,00020,1.4883,21.76,2.332,1.3,22.3,1.818,523,0.94,3090,47.02,66.32,7.65,1
scene0181_01,00059,1.656,12.35,2.732,0.0,0.0,2.35,292,5.85,11629,33.15,54.45,16.29,0
scene0583_02,00056,1.6047,32.69,1.588,45.7,1.4,1.618,825,0.9,4916,41.5,56.95,16.52,0
scene0701_01,00053,1.2386,40.06,1.563,38.9,52.7,0.562,791,1.61,4483,65.45,71.96,24.56,0
scene0301_01,00094,1.3359,32.24,2.292,22.8,42.9,0.595,2409,2.1,6275,68.8,61.18,27.07,0
scene0647_00,00073,1.5668,18.11,2.731,2.8,4.3,1.402,1062,1.98,10064,25.5,47.29,13.74,0
scene0510_01,00074,1.4766,16.95,1.873,35.7,4.7,2.79,409,1.99,9178,28.22,28.24,6.79,1
scene0101_02,00005,1.3879,32.21,1.725,32.6,0.1,1.352,1097,2.73,12237,41.04,23.6,8.57,0
scene0691_00,00079,1.2815,26.96,1.842,33.6,7.5,1.354,709,3.12,3174,42.63,50.84,13.48,0
scene0682_00,00010,1.5045,23.97,2.015,4.5,58.7,0.552,599,1.0,11793,50.23,77.5,7.13,0
scene0115_01,00035,1.4625,28.62,1.787,35.8,0.6,1.575,832,0.28,8963,36.25,36.98,6.95,0
scene0085_00,00060,1.3765,18.25,2.085,0.0,16.5,1.626,746,4.02,6141,67.99,76.65,27.91,1
scene0432_01,00062,1.3736,26.12,2.403,18.0,17.5,1.338,496,2.72,5516,72.72,67.33,20.23,0
scene0204_02,00061,1.4739,23.03,1.649,33.8,8.1,2.359,162,3.06,4013,37.65,69.35,23.71,1
scene0645_00,00005,1.4733,13.85,2.54,7.1,0.1,2.221,168,3.3,26207,19.8,43.46,21.29,1
scene0169_00,00072,1.4563,21.54,2.448,14.9,14.1,1.625,749,0.6,12535,49.8,57.24,19.37,1
scene0501_00,00070,1.694,14.62,1.315,87.5,0.0,3.831,0,,1805,60.72,40.13,15.74,0
scene0078_00,00053,1.3875,30.5,1.666,29.6,19.3,1.631,613,1.33,5503,31.33,50.83,18.64,0
scene0105_01,00005,1.2969,43.53,1.364,75.3,26.9,0.795,182,0.16,767,85.14,75.11,9.97,0
scene0035_01,00083,1.4018,39.48,1.401,65.6,2.5,1.204,58,2.87,3041,60.7,67.46,5.51,0
scene0153_01,00048,1.4503,6.33,1.58,26.8,0.0,3.667,0,,2350,36.68,63.12,39.25,0
scene0349_01,00095,1.7039,40.16,0.777,100.0,0.0,1.711,0,,555,83.24,78.52,15.88,0
scene0472_01,00012,1.4339,30.5,1.796,14.1,15.8,1.588,238,2.57,6108,49.85,58.21,18.14,0
scene0277_02,00041,1.3629,21.08,1.854,18.7,11.9,1.953,204,0.69,4137,71.31,77.98,8.03,1
scene0395_02,00059,1.7083,5.35,2.542,8.9,0.0,2.814,0,,10807,31.91,64.39,4.08,0
scene0525_01,00033,1.4295,26.04,2.077,17.3,26.5,1.523,0,,12841,22.7,49.0,10.68,0
scene0203_00,00070,1.5105,39.08,2.057,21.2,17.9,0.71,1040,2.75,3041,68.79,57.63,9.66,0
scene0619_00,00020,1.3891,46.19,1.328,71.0,40.9,0.801,758,0.3,4530,42.74,46.03,13.05,0
scene0340_01,00033,1.447,14.24,2.328,16.6,0.0,2.131,921,6.09,15628,21.29,36.9,8.37,1
scene0128_00,00032,1.477,13.11,0.955,100.0,0.0,3.891,0,,465,82.8,48.05,11.83,1
scene0181_01,00005,1.4126,29.9,1.926,12.6,0.0,1.483,429,0.65,5711,26.32,46.65,14.41,0
scene0642_00,00041,1.4263,13.09,2.462,14.9,0.0,2.209,1143,3.16,29681,27.14,23.29,6.87,1
scene0505_03,00033,1.4837,12.16,2.422,0.0,0.0,2.513,339,7.05,5479,44.7,70.7,7.51,1
scene0115_01,00056,1.3328,24.57,1.723,35.1,5.0,1.595,2325,0.74,19816,28.77,25.99,12.02,0
scene0395_01,00082,1.1091,22.88,1.363,67.7,21.8,2.054,932,2.03,8646,49.14,34.25,10.47,1
scene0608_00,00082,1.3106,25.85,2.13,15.7,1.4,1.399,913,5.8,9271,65.65,58.98,25.24,0
scene0293_01,00083,2.9096,29.99,0.856,65.0,0.3,3.389,907,15.95,25632,17.12,18.0,8.06,0
scene0605_01,00044,1.5966,25.8,2.203,25.2,6.3,1.265,1421,0.97,9037,27.14,35.84,5.77,0
scene0299_00,00064,1.3268,25.67,1.876,2.8,33.8,1.122,779,0.79,6186,21.35,64.67,18.19,0
scene0201_01,00050,1.3007,47.69,1.449,63.9,54.2,0.482,472,3.81,3453,68.0,52.6,14.77,0
scene0181_02,00084,1.4021,29.96,2.415,13.1,4.8,0.943,1915,2.28,11149,51.47,35.69,14.07,0
scene0555_00,00033,2.3401,16.31,2.208,12.1,0.0,2.751,1424,7.73,16586,20.64,30.78,4.14,0
scene0280_01,00041,1.5395,11.76,2.567,0.0,0.0,2.116,0,,7378,31.31,64.09,19.58,0
scene0484_00,00059,1.3179,30.82,1.623,41.8,2.4,1.542,944,2.29,11604,39.01,49.36,11.8,0
scene0435_01,00035,1.3516,24.12,1.745,2.6,14.0,1.89,233,2.21,3784,68.29,78.93,10.8,0
scene0674_01,00073,1.4151,23.44,2.503,16.9,3.7,1.284,1331,1.1,11358,62.01,67.35,12.84,0
scene0168_01,00076,1.5057,39.68,1.052,96.1,1.7,1.574,805,0.75,8635,35.6,16.96,3.57,0
scene0558_01,00056,1.2852,37.61,1.479,52.3,21.9,1.072,694,0.9,6573,48.0,31.77,6.97,0
scene0527_00,00060,1.3354,28.31,1.766,32.1,15.4,1.669,354,4.35,3038,53.95,73.6,14.53,0
scene0030_00,00053,1.4827,21.76,2.346,9.4,18.5,1.991,727,1.85,7560,39.64,60.12,24.08,1
scene0700_02,00087,1.4034,38.3,0.997,100.0,0.0,1.738,95,4.94,1710,43.16,34.6,16.43,0
scene0466_00,00054,1.8096,25.15,3.231,5.2,7.9,0.609,1349,2.06,5628,44.05,55.37,7.58,0
scene0207_02,00053,1.5977,8.74,2.159,6.5,0.0,3.249,0,,7533,36.28,36.54,11.89,0
scene0474_00,00070,1.442,22.5,2.675,4.1,31.2,1.291,882,3.55,11263,62.08,73.74,15.28,1
scene0059_00,00044,1.5336,22.86,3.035,13.1,23.0,1.105,1551,1.25,20021,42.49,41.59,17.53,0
scene0579_00,00061,1.4229,28.49,2.281,0.0,58.0,0.773,1636,2.54,6324,51.12,72.25,21.68,0
scene0324_00,00084,1.6664,49.01,1.049,91.8,3.0,1.371,332,0.21,3486,43.43,34.08,13.28,0
scene0484_01,00044,1.2526,44.27,1.079,80.4,21.4,0.774,1070,1.05,4069,40.72,37.78,6.36,0
scene0297_00,00063,1.4981,34.9,1.793,30.2,27.2,0.955,2595,0.7,8780,64.58,59.98,30.03,0
scene0493_01,00059,1.4911,19.23,1.975,26.6,0.5,1.559,2512,1.01,14497,40.08,23.83,11.17,1
scene0569_01,00035,1.4808,28.29,1.186,73.8,0.4,1.996,1198,0.21,8829,42.26,40.66,13.11,0
scene0436_00,00087,1.3231,43.28,1.322,76.4,9.7,1.052,271,0.32,4125,27.66,36.53,13.36,0
scene0645_02,00070,1.367,20.61,2.669,1.2,26.9,1.234,900,1.24,12253,44.51,65.04,8.49,1
scene0396_00,00087,1.5144,12.49,1.526,46.0,0.0,3.106,0,,879,98.52,85.6,49.42,0
scene0093_00,00087,1.4866,24.29,1.765,38.9,0.0,1.949,899,0.67,8368,39.04,49.81,29.44,0
scene0268_02,00074,1.3415,45.37,1.261,76.0,2.7,0.908,22,,1565,24.73,30.85,31.11,0
scene0628_02,00056,1.4337,21.53,2.235,0.0,25.6,1.855,433,1.22,3673,44.11,67.42,18.57,1
scene0216_00,00070,1.3544,38.79,1.521,48.1,29.3,1.116,999,1.74,4117,58.83,60.01,13.25,0
scene0479_02,00087,1.6385,8.46,1.835,7.5,0.0,3.558,0,,1471,69.82,62.2,13.07,0
scene0465_00,00079,1.4914,38.89,1.225,68.6,2.3,1.401,3181,2.12,12667,50.28,30.42,6.97,0
scene0016_00,00080,1.2386,29.94,1.696,31.3,18.6,1.282,552,2.24,2071,52.92,45.56,3.45,0
scene0371_01,00053,1.2724,41.12,1.172,95.5,18.4,1.137,119,4.43,937,91.68,83.46,45.69,0
scene0557_02,00018,1.3619,20.04,1.842,27.3,2.7,1.955,395,2.18,21846,49.38,58.78,15.95,1
scene0617_00,00074,1.3105,29.55,1.168,95.3,0.0,2.093,27,,2404,27.54,44.07,12.28,0
scene0558_01,00004,1.297,39.68,1.422,58.2,7.6,1.078,533,0.68,5821,48.41,39.29,8.14,0
scene0205_00,00097,1.6384,2.41,1.756,5.3,0.0,3.468,0,,2491,39.98,39.19,27.2,0
scene0114_02,00035,1.4001,29.51,1.838,19.3,20.6,1.498,359,3.33,7603,32.76,59.5,9.78,0
scene0021_00,00084,1.3256,29.19,1.288,70.4,9.5,1.511,1770,2.24,9507,30.46,27.24,9.01,0
scene0480_00,00012,1.2673,23.15,2.275,13.0,21.7,1.323,960,3.07,13181,46.0,59.66,25.83,1
scene0260_01,00059,1.2767,31.73,1.389,61.8,6.1,1.683,0,,1273,7.54,13.86,0.0,0
scene0671_00,00076,1.2848,33.84,1.409,56.4,32.3,0.92,1735,2.73,5926,55.8,46.5,12.82,0
scene0468_01,00083,1.2616,37.65,1.647,24.8,47.1,0.751,587,0.45,3470,52.85,62.01,20.32,0
scene0259_01,00048,1.465,25.34,1.704,10.3,0.0,2.235,187,0.28,7755,18.74,51.9,20.05,0
scene0118_02,00044,1.4353,21.96,2.678,0.0,39.1,0.677,1717,2.17,5364,56.75,75.83,17.3,1
scene0472_00,00059,1.5005,24.9,2.462,9.2,20.9,1.206,1207,3.7,12046,53.27,64.39,22.59,0
scene0656_03,00060,1.2612,25.05,1.572,41.2,4.1,1.94,395,3.67,5125,62.13,50.07,15.82,0
scene0240_00,00056,1.3756,22.16,1.58,44.8,45.2,0.631,431,4.48,2929,49.47,34.27,18.34,1
scene0324_01,00050,1.5678,39.82,1.756,15.4,23.8,1.066,676,0.71,3465,66.09,79.82,15.18,0
scene0692_03,00018,1.3852,30.43,1.422,57.1,0.0,1.815,238,4.65,3292,73.63,57.51,18.21,0
scene0686_01,00063,1.3466,34.29,1.843,9.2,41.4,0.98,578,3.51,1898,70.65,88.03,19.13,0
scene0221_00,00061,1.5725,27.2,2.015,2.9,1.4,1.798,342,4.86,5424,47.31,67.96,13.91,0
scene0585_00,00061,1.5197,40.96,1.358,65.5,0.0,1.354,209,1.91,6551,11.27,12.54,7.01,0
scene0160_01,00020,1.3052,37.33,1.715,23.6,49.5,0.661,2259,1.97,8897,53.11,46.84,13.71,0
scene0013_01,00048,1.3339,35.78,1.925,32.9,36.6,0.718,563,2.78,4138,60.83,56.03,10.94,0
scene0519_00,00018,1.2099,46.33,1.225,88.2,37.0,0.68,221,1.29,668,79.34,92.64,16.31,0
scene0579_00,00012,1.3842,33.82,1.817,16.1,37.8,1.161,540,3.57,5935,27.82,57.02,27.72,0
scene0297_00,00061,1.5016,35.87,2.07,12.9,47.5,0.803,2124,1.48,8225,43.23,58.87,23.75,0
scene0605_00,00060,1.9294,23.75,2.423,4.2,0.5,1.995,941,6.21,6139,45.74,46.56,8.07,0
scene0666_01,00041,1.597,4.9,1.58,42.6,0.0,3.303,0,,33548,16.47,41.62,5.74,0
scene0203_01,00077,1.5766,35.87,1.9,25.0,0.0,1.063,707,6.21,5411,51.06,42.91,9.08,0
scene0558_01,00087,1.3312,25.95,1.975,0.0,5.9,1.62,382,2.07,3485,78.34,71.44,24.04,0
scene0247_01,00053,1.8297,16.3,1.686,36.7,0.0,3.189,164,3.47,5140,53.95,68.16,22.82,0
scene0086_01,00048,1.5158,24.04,2.053,1.8,14.6,1.886,388,1.83,4979,19.68,54.88,2.68,0
scene0424_02,00061,1.8029,26.26,1.922,9.8,0.0,2.279,55,18.69,11571,44.74,63.93,12.42,0
scene0003_00,00048,1.1986,28.18,1.389,73.0,3.7,1.8,198,1.28,3355,81.16,32.23,7.07,0
scene0581_02,00079,1.3555,25.93,1.787,19.5,1.7,1.901,287,1.35,3876,38.78,41.38,25.62,0
scene0628_02,00079,1.4664,18.15,2.325,0.0,16.7,2.009,316,1.33,4292,51.77,73.15,18.22,1
scene0072_02,00082,1.3642,40.47,1.204,84.6,9.1,1.282,56,2.75,2962,45.0,56.4,11.82,0
scene0696_02,00095,1.6096,17.66,2.74,17.2,0.0,1.818,920,0.74,25924,33.83,37.46,19.25,0
scene0581_02,00044,1.3536,20.73,1.547,44.9,0.0,2.094,362,7.5,4087,26.5,51.5,9.9,1
scene0400_00,00057,1.5855,5.97,2.419,0.0,0.0,2.879,0,,8225,12.84,74.74,18.41,0
scene0551_00,00053,1.3096,30.72,1.524,49.3,5.9,1.96,430,2.15,3326,52.25,44.69,17.05,0
scene0312_01,00020,1.5757,22.53,2.545,0.0,0.6,1.501,1013,6.37,9904,23.62,32.19,5.14,0
scene0593_01,00094,1.5374,14.38,1.572,40.0,0.0,3.146,416,0.93,14341,29.65,20.58,4.81,0
scene0553_01,00061,1.3131,24.3,1.547,43.4,10.7,2.043,130,7.31,1633,57.62,85.84,28.67,0
scene0029_01,00050,1.2087,44.88,1.225,83.7,24.0,0.72,58,1.11,771,62.91,79.1,21.77,0
scene0092_01,00020,1.3126,21.24,1.658,26.3,0.9,2.32,154,1.9,4749,45.06,60.11,21.21,1
scene0423_00,00066,1.3033,33.14,2.002,26.6,57.2,0.553,1530,2.27,4021,70.03,70.1,12.96,0
scene0203_01,00083,1.3804,49.79,1.486,52.2,30.4,0.478,666,3.72,3445,62.93,51.15,14.97,0
scene0484_00,00082,1.3287,29.14,1.842,26.5,18.8,1.286,1537,2.25,13792,35.96,58.77,13.05,0
scene0297_02,00044,1.52,22.15,3.323,19.7,8.4,1.412,1347,1.01,11520,50.85,58.34,28.55,0
scene0158_00,00087,1.309,27.82,1.64,40.3,14.8,1.787,292,0.45,1575,96.63,88.25,20.64,0
scene0059_00,00087,1.5427,22.28,2.895,24.8,6.7,1.297,2233,0.77,16894,46.83,56.35,35.53,0
scene0192_01,00053,1.5187,41.85,1.58,40.3,0.1,0.808,1794,1.42,4846,80.81,63.31,16.9,0
scene0591_02,00033,1.3981,31.74,1.794,1.9,27.0,1.355,383,1.77,3136,44.23,44.46,26.31,0
scene0463_01,00080,1.4701,22.5,2.155,33.0,0.1,1.96,960,0.81,9527,35.8,42.18,25.75,1
scene0557_02,00035,1.3856,21.38,1.735,39.0,0.4,2.491,97,2.49,4038,70.31,61.88,13.27,1
scene0347_02,00033,1.4164,22.68,1.062,98.5,0.0,2.922,0,,3091,36.01,55.67,27.84,1
scene0181_00,00087,1.4277,28.44,2.178,0.0,0.0,0.962,2430,0.09,17914,50.76,35.75,18.64,0
scene0014_00,00059,1.3092,59.86,1.032,99.5,23.6,0.614,180,2.85,1932,82.61,82.86,7.68,0
scene0335_01,00053,1.3673,27.82,1.91,34.2,0.0,1.312,1117,1.3,5362,55.48,50.02,17.49,0
scene0656_03,00020,1.262,29.56,1.756,9.6,37.3,1.313,504,4.37,2211,86.34,80.83,16.9,0
scene0558_02,00041,1.4156,24.6,2.071,11.7,0.4,1.726,413,1.38,5791,57.95,61.0,15.31,0
scene0002_00,00097,1.9217,27.31,1.726,39.6,0.0,2.647,595,7.27,11562,27.94,61.37,6.35,0
scene0031_02,00063,1.3954,30.44,2.299,18.4,0.2,0.712,3125,0.22,12663,64.01,51.15,16.09,0
scene0640_01,00018,1.5963,10.72,2.122,8.5,0.3,2.881,41,,4286,57.63,78.88,24.35,0
scene0465_00,00061,1.4202,32.45,1.563,43.2,3.4,1.462,1326,6.24,11675,61.57,27.31,2.68,0
scene0665_01,00005,1.8365,31.73,2.074,22.0,0.0,1.619,1121,3.26,16558,23.07,32.08,15.8,0
scene0528_01,00035,1.299,48.59,1.277,63.2,28.2,0.654,960,2.02,2625,56.72,63.97,8.44,0
scene0245_00,00078,1.5252,23.21,2.1,22.1,0.0,1.823,938,9.85,18583,26.43,23.83,10.07,0
scene0364_01,00036,1.429,30.78,1.894,12.5,21.1,1.371,713,1.84,3675,37.12,68.38,9.33,0
scene0590_01,00084,1.5141,26.53,1.766,19.6,0.0,1.989,642,4.23,8041,29.39,45.27,13.66,0
scene0157_01,00041,1.3765,36.3,1.594,29.9,28.9,1.214,235,1.1,3321,52.66,75.93,17.53,0
scene0579_02,00095,1.4836,25.16,1.812,12.9,0.9,1.956,277,2.78,2035,60.05,66.25,9.31,0
scene0640_01,00077,1.6044,0.29,1.613,35.9,0.0,3.688,0,,18878,17.75,35.12,15.09,0
scene0359_01,00097,1.4351,23.47,1.325,63.0,3.7,2.466,102,4.65,2241,68.63,63.3,18.97,0
scene0089_00,00063,1.3817,27.53,1.944,18.3,20.9,1.708,277,0.81,2469,86.35,84.33,15.36,0
scene0299_01,00050,1.5232,27.71,2.192,8.5,20.3,1.624,558,5.14,12172,34.0,81.25,18.34,0
scene0371_01,00061,1.3429,35.2,1.623,33.7,44.5,0.92,886,0.96,3078,66.54,69.8,24.84,0
scene0361_00,00070,1.3064,23.39,2.13,9.5,2.3,1.767,409,1.24,8024,38.01,64.3,12.07,1
scene0398_01,00018,1.5059,23.39,1.923,2.6,0.7,2.042,125,2.24,5177,52.4,66.97,17.33,1
scene0370_01,00063,1.4336,31.76,1.829,35.2,30.2,1.325,1677,0.58,11533,34.82,28.35,8.01,0
scene0610_01,00079,1.4008,55.3,1.305,79.8,33.3,0.576,277,0.54,1406,96.37,84.91,23.24,0
scene0111_01,00063,1.3596,26.83,2.029,2.3,30.7,1.073,999,2.4,6795,52.23,56.22,12.92,0
scene0601_01,00005,1.5257,9.74,2.231,6.4,0.0,3.029,0,,12578,19.43,53.88,25.22,0
scene0254_01,00080,1.4603,19.13,2.057,20.5,8.8,2.126,426,0.91,6527,30.98,50.21,18.42,1
scene0472_01,00074,1.4929,32.93,1.774,35.2,18.3,1.397,826,1.28,8511,53.04,59.63,20.5,0
scene0701_01,00004,1.2093,45.39,1.288,76.7,41.4,0.574,466,1.51,3540,86.58,67.61,16.98,0
scene0627_00,00087,1.4195,21.14,2.545,9.0,0.0,1.055,1915,4.39,13551,54.72,47.61,18.71,1
scene0172_01,00097,1.4175,20.71,1.865,24.2,11.3,2.247,263,2.65,2422,57.39,56.33,8.9,1
scene0596_01,00094,1.3537,22.26,2.078,0.0,22.1,1.83,540,1.83,5292,45.22,76.82,16.38,1
scene0107_00,00048,1.351,10.77,1.696,33.7,0.3,2.917,253,1.77,5378,62.1,70.62,23.24,1
scene0362_03,00084,1.2944,21.02,2.043,7.8,21.3,1.711,877,4.93,8083,25.97,52.98,17.44,1
scene0040_00,00061,1.3495,18.25,1.095,89.2,0.0,3.011,1,,5029,21.24,43.48,22.46,1
scene0278_01,00070,1.4059,21.79,1.555,47.7,9.9,2.269,403,0.18,8154,37.54,39.4,11.09,1
scene0547_00,00059,1.1912,44.72,1.261,86.2,31.5,0.657,305,3.91,3257,66.17,46.46,12.15,0
scene0662_01,00069,0.7952,64.12,0.752,100.0,52.9,0.294,172,2.91,362,98.62,97.95,10.47,0
scene0277_02,00074,1.4817,28.16,2.101,26.4,17.2,1.859,664,2.29,2785,57.31,61.64,14.79,0
scene0616_01,00073,1.4072,31.87,2.076,22.6,37.1,1.054,1943,2.11,12941,43.56,46.07,19.28,0
scene0330_00,00077,1.641,24.54,1.756,24.3,0.0,2.251,769,8.57,10082,41.56,36.22,2.41,0
scene0067_01,00004,1.4918,24.56,1.23,86.2,0.1,2.687,0,,744,68.68,85.51,26.97,0
scene0127_01,00095,1.3561,41.37,1.523,46.1,43.1,0.781,400,2.38,3028,73.45,64.82,10.53,0
scene0127_01,00097,1.4773,31.6,1.639,29.8,13.1,1.749,173,1.73,3341,68.9,67.1,20.07,0
scene0459_01,00018,1.3986,26.5,1.191,79.3,1.6,2.338,111,9.56,17213,13.63,28.7,6.85,0
scene0441_00,00082,1.5325,26.87,1.791,20.7,15.9,1.947,267,2.77,6186,24.72,57.55,18.98,0
scene0258_00,00048,1.505,25.58,2.384,0.0,9.7,1.368,1011,3.43,5459,76.19,77.4,13.95,0
scene0380_00,00053,1.4289,18.14,2.027,32.3,11.1,1.746,1510,1.74,13944,41.07,54.79,17.99,1
scene0432_01,00063,1.3522,26.61,2.328,19.5,18.0,1.311,504,2.34,5674,67.03,56.48,19.49,0
scene0089_01,00044,1.5845,7.47,2.264,0.7,0.0,2.946,2,,3902,49.41,70.41,30.14,0
scene0400_00,00036,1.3497,24.66,1.918,22.0,28.1,1.849,373,1.32,8662,58.04,43.35,7.62,0
scene0547_00,00044,1.3815,30.07,1.389,55.2,14.7,1.79,505,1.63,10660,56.06,27.79,4.71,0
scene0440_01,00076,1.4799,31.29,1.769,21.8,3.4,1.55,380,1.05,5131,45.94,54.71,17.1,0
scene0197_01,00082,1.4194,18.16,1.766,10.9,0.0,2.445,144,4.21,3605,46.07,63.49,4.85,1
scene0590_01,00012,1.3775,30.98,1.756,11.2,3.3,1.397,379,0.67,8496,34.13,51.9,19.46,0
scene0528_00,00050,1.3596,34.37,1.501,49.6,32.4,1.158,2105,1.46,5948,71.67,68.38,30.22,0
scene0346_01,00004,1.3697,29.54,1.33,81.8,6.0,2.038,47,,2269,66.2,71.65,16.82,0
scene0555_00,00048,2.2789,19.9,2.422,25.1,0.0,2.527,1527,4.63,20302,36.75,41.82,13.09,0
scene0157_01,00080,1.3861,27.86,1.495,50.2,1.2,1.888,83,2.65,4629,55.48,60.26,19.35,0
scene0259_01,00080,1.432,25.37,1.342,54.3,7.8,2.15,152,0.2,6232,51.2,79.31,9.68,0
scene0320_02,00084,1.1973,40.41,1.539,46.1,64.8,0.537,1283,1.66,3389,69.11,64.42,20.3,0
scene0393_02,00095,1.6822,5.77,2.811,0.0,4.2,2.023,170,9.32,21079,16.95,75.27,21.14,0
scene0187_01,00050,1.2353,26.42,2.071,0.9,61.0,0.635,2486,3.26,10874,44.2,59.57,8.01,0
scene0118_01,00048,1.5083,17.29,2.566,0.0,20.8,1.51,1031,2.61,8216,34.14,71.88,17.51,1
scene0283_00,00004,1.4043,23.52,2.861,12.9,45.8,0.772,2029,1.77,5743,57.13,65.88,29.53,1
scene0559_02,00094,1.2448,25.83,1.725,19.0,26.1,1.398,1815,2.49,20774,29.38,21.61,6.93,0
scene0219_00,00053,1.3835,36.62,1.305,61.8,21.4,1.207,697,3.58,6989,66.55,61.1,10.8,0
scene0451_05,00095,1.7033,30.48,2.015,2.0,0.0,1.498,1132,0.42,12426,21.53,43.62,7.13,0
scene0214_01,00079,1.6338,8.31,1.686,28.3,0.0,3.259,0,,4218,37.51,67.43,19.73,0
scene0161_02,00083,1.6093,39.28,1.864,16.5,46.5,0.702,1437,1.34,4408,60.0,68.49,21.5,0
scene0158_01,00059,1.3313,31.88,1.068,98.3,1.4,2.007,7,,3471,68.63,38.83,8.59,0
scene0278_01,00084,1.6107,15.73,1.706,30.6,3.1,2.777,207,3.6,5897,42.17,36.58,7.1,0
scene0313_00,00004,1.3264,36.78,1.588,37.6,0.1,0.936,977,3.31,6942,35.05,38.85,5.85,0
scene0651_00,00095,1.6626,1.33,1.445,56.9,0.0,3.788,0,,8784,16.99,51.89,22.84,0
scene0457_01,00080,1.2956,37.84,1.416,62.6,14.5,1.183,239,1.5,3705,65.96,65.14,17.54,0
scene0478_01,00033,1.3893,18.29,1.853,0.0,4.2,2.339,55,20.98,4397,75.67,81.73,26.21,1
scene0416_01,00060,1.2761,38.58,1.776,32.3,42.3,0.486,1644,0.53,4094,64.83,57.76,7.03,0
scene0334_01,00044,1.5185,21.25,2.614,10.4,21.3,0.694,3795,0.44,9951,54.46,46.72,5.45,0
scene0700_02,00082,1.3758,69.16,1.256,88.9,45.8,0.374,531,0.49,1478,72.46,65.76,8.59,0
scene0593_01,00070,1.4455,18.69,2.145,5.4,3.1,1.91,959,2.97,12177,28.09,40.88,3.69,1
scene0686_02,00041,1.4329,14.33,1.225,53.5,1.4,3.36,84,11.29,2461,56.77,42.53,14.57,1
scene0382_00,00048,1.3164,38.79,1.827,23.8,67.3,0.459,1798,0.93,5534,49.37,60.12,12.33,0
scene0477_01,00044,1.3144,28.39,1.457,51.8,10.8,1.544,1219,2.16,13908,47.19,48.3,16.86,0
scene0346_00,00075,1.2998,29.76,1.162,77.9,4.9,2.057,55,5.78,2550,66.24,78.42,21.11,0
scene0628_01,00056,1.3732,28.6,1.974,0.0,35.7,1.441,502,0.74,2717,61.06,73.16,12.32,0
scene0086_01,00020,1.41,29.26,1.601,47.1,25.7,1.835,1021,1.79,8935,22.73,35.69,6.11,0
scene0445_01,00095,1.6971,22.2,1.936,0.1,3.0,2.411,132,9.59,11066,21.03,60.5,4.31,0
scene0364_01,00054,1.262,41.94,1.545,39.8,54.2,0.496,347,0.67,725,94.07,92.48,12.5,0
scene0474_05,00055,1.4481,20.81,1.436,61.6,0.0,2.808,31,,3491,54.2,72.65,10.71,1
scene0581_01,00033,1.3768,23.64,1.623,32.4,2.2,2.088,329,4.05,6405,16.35,45.35,14.41,0
scene0204_00,00005,1.4802,35.33,1.547,42.4,0.5,1.448,696,9.46,5095,51.6,48.25,20.82,0
scene0299_01,00044,1.4381,36.3,1.975,13.5,45.1,0.801,938,4.23,7465,54.29,78.77,23.68,0
scene0429_00,00070,1.3192,29.06,1.215,60.4,26.4,1.583,539,4.17,4681,28.93,59.69,25.24,0
scene0526_01,00097,1.2605,32.8,1.409,62.7,17.8,1.547,316,2.73,2231,69.16,62.86,16.12,0
scene0572_01,00020,1.4415,32.34,2.022,14.1,8.7,0.955,1628,1.82,9409,44.6,55.98,19.57,0
scene0106_01,00079,1.5965,28.23,2.403,3.9,0.8,0.888,3120,0.1,16202,58.81,43.97,10.58,0
scene0215_00,00004,1.2853,45.01,1.288,68.2,39.5,0.667,698,0.47,3137,58.5,66.03,6.72,0
scene0376_00,00061,1.674,30.28,1.807,29.8,0.0,1.98,247,2.76,3162,53.61,49.74,10.58,0
scene0457_02,00087,1.5208,12.82,1.882,0.1,0.0,3.016,0,,9924,16.4,59.7,14.3,0
scene0152_01,00076,2.1264,35.51,1.795,15.1,0.0,2.062,1311,5.53,29157,13.88,18.69,12.65,0
scene0029_01,00088,1.3159,26.89,1.111,86.6,2.6,2.344,4,,801,44.32,53.71,16.26,0
scene0121_02,00059,1.4251,7.67,1.888,0.0,0.0,3.294,0,,1032,82.66,94.16,21.07,1
scene0197_02,00060,1.3669,30.9,1.266,73.5,9.1,1.893,108,4.55,3821,43.94,43.88,6.32,0
scene0435_01,00087,1.4188,24.97,1.9,24.9,0.0,1.85,499,3.47,4251,45.02,52.99,15.25,0
scene0089_00,00094,1.4084,29.92,1.994,18.0,30.7,1.355,863,0.06,4973,54.35,62.85,21.65,0
scene0520_01,00060,1.6227,32.46,1.693,34.6,0.0,1.729,459,2.02,16286,32.06,39.49,11.66,0
scene0013_01,00033,1.286,38.94,1.82,26.9,42.9,0.553,510,2.74,3283,60.01,50.62,8.59,0
scene0642_02,00035,1.3557,21.22,2.043,9.4,9.5,1.56,357,2.48,12808,38.35,41.06,11.04,1
scene0382_00,00041,1.1812,31.62,1.409,63.9,22.7,1.388,230,0.94,2767,35.24,58.48,12.24,0
scene0282_00,00084,1.2996,37.78,1.402,58.1,22.1,1.035,289,0.27,3860,51.61,53.47,17.35,0
scene0700_02,00048,0.7753,36.0,0.997,99.0,34.7,0.615,216,0.54,968,23.86,33.33,4.63,0
scene0472_00,00050,1.3914,36.51,1.618,44.1,29.8,1.09,1344,2.08,12145,41.72,44.62,17.87,0
scene0642_00,00063,1.3837,21.92,2.015,4.8,0.0,1.798,792,3.5,9601,28.78,48.84,14.64,1
scene0337_02,00077,2.1486,21.3,3.005,19.0,0.0,2.203,760,14.87,14272,40.64,49.53,8.49,0
scene0173_01,00018,1.4326,15.61,2.861,0.0,0.1,1.379,1102,6.64,7556,41.46,39.93,8.63,1
scene0378_00,00020,1.3912,28.72,1.797,13.9,23.7,1.646,401,0.71,5843,34.73,52.77,22.89,0
scene0241_02,00041,1.2802,35.6,2.021,9.5,58.7,0.672,720,0.21,2608,64.07,84.59,20.43,0
scene0591_01,00005,1.4777,26.06,1.882,7.6,12.3,1.729,470,2.56,11819,28.23,47.58,15.3,0
scene0114_02,00087,0.9244,18.68,1.4,57.8,34.4,1.561,2158,0.57,18396,52.91,43.63,5.4,0
scene0163_01,00094,1.314,28.27,1.334,58.1,2.9,1.691,1005,2.14,11396,36.61,30.93,15.75,0
scene0245_00,00073,1.4907,14.57,2.258,17.1,0.0,2.333,557,10.88,8971,28.82,44.2,4.07,1
scene0396_01,00063,1.347,32.06,1.576,39.1,25.6,1.456,229,0.73,826,99.39,98.34,32.14,0
scene0295_01,00070,1.4766,36.46,1.587,37.6,15.2,1.368,222,1.15,2620,59.39,60.66,34.6,0
scene0163_01,00004,1.2929,27.86,1.95,29.7,25.1,1.312,1387,2.38,9639,46.29,45.51,21.27,0
scene0503_00,00063,1.3369,30.74,1.501,49.8,26.4,1.094,2220,3.46,9604,45.05,44.15,19.41,0
scene0437_01,00035,1.2647,47.15,1.383,63.3,61.5,0.441,1287,1.69,2940,72.93,71.5,10.2,0
scene0295_00,00074,1.5352,26.3,1.901,11.8,0.2,1.904,452,1.24,9483,35.23,48.68,15.93,0
scene0416_01,00097,1.433,14.93,2.346,3.7,0.0,1.967,428,4.87,12861,47.57,41.89,17.72,1
scene0216_00,00033,1.5244,12.23,2.67,16.4,0.5,2.498,392,2.76,10614,37.82,58.85,18.7,0
scene0291_02,00060,1.4331,29.44,1.925,13.3,7.4,1.128,3289,0.44,18586,52.36,34.19,10.44,0
scene0286_01,00060,1.4026,21.17,2.39,6.9,19.8,1.631,538,2.66,6042,56.16,73.88,18.54,1
scene0055_01,00097,1.3464,32.62,1.798,10.6,40.5,1.012,525,2.22,2622,81.73,78.65,28.16,0
scene0402_00,00020,1.38,26.0,1.888,30.1,3.8,1.392,1460,1.82,10283,51.06,50.2,15.23,0
scene0449_02,00084,1.2552,39.33,1.425,61.3,5.6,0.958,5,,906,45.03,44.42,21.96,0
scene0067_01,00088,1.3753,31.71,0.974,94.5,0.0,2.253,10,,865,55.26,81.18,23.09,0
scene0164_03,00094,1.2896,32.04,1.614,37.1,35.5,1.212,679,2.36,5544,40.91,55.14,15.07,0
scene0205_02,00012,1.318,26.83,1.677,13.2,27.0,1.825,297,1.68,1035,81.35,86.59,33.85,0
scene0070_00,00038,1.3644,30.96,1.776,28.8,15.4,1.489,435,3.86,3382,79.63,67.62,22.11,0
scene0511_01,00098,1.2972,40.7,1.58,41.8,63.8,0.514,809,0.65,2716,61.63,60.55,32.21,0
scene0529_00,00018,1.4584,32.05,1.829,8.5,0.6,1.292,1176,0.12,12382,30.38,45.2,28.67,0
scene0318_00,00073,1.2434,34.29,1.508,49.6,14.0,1.424,368,2.08,8682,24.78,48.36,15.33,0
scene0155_02,00097,1.3321,20.06,2.192,23.3,1.0,1.732,1157,7.44,12876,44.45,50.07,6.78,1
scene0387_00,00035,1.4965,27.24,2.131,6.1,1.0,0.755,3637,1.03,9880,59.32,47.81,12.88,0
scene0617_00,00005,1.3779,15.68,2.176,15.8,0.0,2.011,819,5.98,9055,36.06,50.24,18.96,1
scene0683_00,00083,1.5082,16.93,0.968,100.0,0.0,3.654,0,,170,98.24,91.67,51.57,1
scene0139_00,00020,1.4963,26.05,0.867,85.1,0.0,2.864,0,,4350,50.87,29.26,11.85,0
scene0403_01,00084,1.4831,28.88,2.668,3.2,5.2,0.939,1833,0.85,12148,39.91,68.65,21.85,0
scene0474_04,00059,1.78,8.44,1.58,30.0,0.0,3.189,58,27.92,16269,16.43,71.26,8.3,0
scene0272_01,00076,1.3884,20.53,2.1,17.7,9.1,1.879,601,1.61,5592,78.51,79.56,13.04,1
scene0059_00,00095,1.5309,29.37,2.403,3.3,48.6,0.929,1398,0.63,9265,42.12,62.25,16.58,0
scene0472_02,00095,1.7134,3.23,2.049,5.0,4.0,2.145,780,1.95,34139,22.71,44.99,6.85,0
scene0570_00,00073,1.3759,46.69,1.132,88.5,9.7,1.189,128,0.3,3199,44.2,54.09,13.03,0
scene0585_00,00070,1.3342,48.09,1.105,99.9,13.0,0.916,102,1.76,3023,20.31,24.25,5.29,0
scene0378_00,00074,1.5534,7.88,2.131,4.1,0.0,3.168,0,,10167,33.08,64.96,18.12,0
scene0643_00,00050,1.4893,28.23,2.001,24.5,27.1,1.36,656,3.68,7453,49.75,43.8,23.85,0
scene0702_00,00064,1.461,29.71,0.633,99.7,0.3,2.922,107,4.1,4338,8.46,27.69,7.16,0
scene0109_01,00087,1.3741,37.57,1.266,90.5,3.3,1.43,55,13.78,3474,12.03,18.79,11.23,0
scene0693_02,00005,1.4335,16.3,1.091,97.2,0.0,3.378,0,,694,65.71,75.42,20.14,1
scene0603_01,00033,2.386,26.08,1.605,39.6,0.0,3.041,211,6.32,14745,36.58,38.34,12.02,0
scene0640_01,00080,1.3646,26.54,1.471,55.0,10.9,2.106,389,0.08,11511,32.86,52.08,17.19,0
scene0588_03,00005,1.5297,17.46,2.663,4.9,0.0,1.339,3145,4.44,28460,34.21,30.09,8.62,0
scene0479_00,00048,1.6281,26.37,1.237,88.6,0.0,2.838,0,,1610,69.5,54.52,21.5,0
scene0543_02,00033,1.3156,26.44,1.853,7.6,7.4,1.465,1085,3.01,7864,48.05,62.56,19.45,0
scene0201_01,00020,1.486,25.68,2.016,0.0,25.9,1.658,520,7.27,14861,39.24,58.58,15.56,0
scene0493_01,00005,1.4123,21.0,2.706,6.3,17.9,1.139,2632,0.67,11968,60.34,39.09,22.21,1
scene0468_02,00014,1.3493,21.2,1.848,8.1,10.0,2.213,181,6.52,5607,46.76,59.82,25.95,1
scene0619_00,00097,1.6845,33.04,1.824,11.3,10.7,1.78,846,0.56,14720,25.45,55.64,21.69,0
scene0541_02,00012,1.5559,27.32,2.006,22.1,5.2,1.832,128,6.17,11907,32.85,45.48,9.76,0
scene0055_01,00034,1.5945,5.16,2.108,13.6,0.0,3.25,0,,1736,90.26,80.52,6.44,0
scene0123_02,00084,1.4678,27.36,2.392,1.3,42.1,1.149,1322,1.67,11567,32.18,64.96,28.26,0
scene0540_01,00073,1.4143,18.66,1.466,52.9,5.1,2.602,284,3.07,15168,45.02,53.58,22.1,1
scene0153_00,00097,1.3941,12.23,1.282,87.2,0.0,3.431,0,,848,98.82,89.96,41.63,1
scene0141_02,00072,1.4266,46.63,1.352,72.2,9.4,0.974,356,9.6,2465,68.28,43.46,14.82,0
scene0591_02,00079,1.3815,26.64,1.848,24.5,23.3,1.548,1134,1.0,12750,41.41,40.75,14.29,0
scene0204_00,00053,1.5099,37.17,1.631,45.1,17.6,1.117,2572,0.07,10998,54.16,40.29,20.72,0
scene0089_01,00041,1.3552,18.86,1.965,12.6,9.9,2.306,362,1.29,2784,62.43,68.93,27.9,1
scene0474_00,00048,1.6294,2.96,1.6,29.2,0.0,3.598,0,,3360,40.98,83.81,20.71,0
scene0362_01,00050,1.376,12.88,2.365,0.0,2.1,2.175,339,0.74,13428,35.02,71.35,23.67,1
scene0547_00,00072,1.2821,26.59,1.658,32.8,14.4,1.783,346,1.37,6530,38.45,44.19,11.96,0
scene0013_01,00074,1.3121,36.88,1.555,43.4,26.8,0.825,744,5.69,5767,49.7,52.01,11.49,0
scene0296_01,00076,1.3388,24.49,1.848,5.0,27.0,1.301,446,0.38,11284,27.89,61.57,20.5,0
scene0123_00,00050,1.5244,24.8,2.384,4.4,1.0,0.852,1512,0.2,6319,37.35,50.35,10.46,0
scene0424_02,00095,2.0945,3.08,2.578,6.1,0.0,2.56,0,,10529,52.16,82.71,24.41,0
scene0263_01,00087,1.5466,29.71,2.376,4.5,13.0,0.831,1588,0.98,5443,47.27,67.2,8.95,0
scene0203_01,00035,1.4807,18.94,2.482,4.5,0.4,1.772,1160,6.7,12845,24.64,49.62,11.96,1
scene0027_01,00056,1.8015,12.47,2.748,3.2,0.0,2.611,0,,11933,34.08,68.39,17.11,0
scene0169_01,00004,1.5797,27.26,2.037,26.5,10.6,1.244,2671,1.34,15144,41.79,41.11,9.08,0
scene0510_01,00044,1.4639,12.01,1.385,60.7,0.4,3.391,13,,8724,13.94,63.65,15.03,1
scene0111_00,00058,1.6125,3.21,2.731,29.4,0.0,2.952,1,,19674,24.68,58.3,19.63,0
scene0400_01,00074,1.3153,34.03,1.754,10.0,43.1,0.979,592,2.69,5091,47.77,67.26,18.49,0
scene0558_00,00012,1.2632,38.32,1.322,84.8,0.0,1.108,181,1.78,2436,70.32,60.11,15.24,0
scene0057_00,00018,1.5905,17.17,2.458,2.9,6.3,2.134,189,4.26,13171,41.48,59.48,22.77,0
scene0570_02,00028,1.4212,42.35,1.444,54.6,22.3,0.938,290,0.33,2393,55.95,50.19,17.11,0
scene0286_03,00005,1.3739,29.93,2.016,20.9,18.2,1.235,414,1.4,10421,58.79,67.57,23.24,0
scene0072_00,00094,1.4651,38.22,1.404,61.6,13.4,1.433,96,2.41,1809,39.58,68.19,13.78,0
scene0577_00,00056,1.5117,14.34,1.416,75.2,0.0,3.417,0,,1244,83.52,74.78,22.71,1
scene0160_02,00095,1.3332,35.13,1.725,30.7,31.5,0.792,1440,1.82,9354,51.27,60.63,20.06,0
scene0659_00,00072,1.2942,66.15,0.867,100.0,9.9,0.653,62,3.44,527,78.37,82.23,22.71,0
scene0030_01,00060,1.4021,29.17,2.09,19.3,44.5,1.017,2796,1.78,18280,43.57,56.72,18.45,0
scene0160_01,00097,1.3587,27.05,2.071,12.7,17.5,1.088,1243,1.95,10564,47.12,57.67,18.61,0
scene0593_01,00012,1.4484,28.14,1.429,55.6,0.3,2.109,152,5.27,3220,50.93,45.59,15.32,0
scene0642_01,00073,1.4192,23.37,1.017,60.5,8.5,2.462,1082,0.41,11694,23.36,16.72,4.82,1
scene0064_01,00097,1.6117,31.31,2.1,25.5,0.0,1.584,960,4.63,14117,49.18,43.49,15.87,0
scene0056_00,00070,1.8669,10.51,2.971,0.0,1.1,1.792,1362,1.46,12347,46.25,72.39,11.57,0
scene0240_00,00060,1.5256,1.94,1.745,20.7,22.5,1.142,0,,2085,62.49,79.07,25.92,0
scene0645_01,00004,1.3878,19.98,2.414,13.6,11.7,1.842,302,2.25,16595,35.66,49.65,22.31,1
scene0005_01,00084,1.2117,23.03,1.272,63.2,6.1,2.168,183,0.89,4121,68.09,58.89,7.92,1
scene0616_01,00094,1.5035,15.2,3.192,3.3,17.5,1.39,1440,0.9,24488,32.0,69.14,14.64,1
scene0403_01,00053,1.5399,32.54,1.948,15.3,0.0,1.328,2621,3.48,17254,36.39,45.99,6.96,0
scene0626_01,00063,1.4509,33.28,1.714,31.7,5.7,1.541,47,,5673,57.98,67.72,11.29,0
scene0283_00,00076,1.4661,15.09,2.384,27.8,0.0,2.407,283,5.58,10465,20.14,43.41,33.35,1
scene0161_02,00050,1.4729,45.0,1.64,33.4,52.1,0.571,1399,1.63,4206,70.21,77.77,27.01,0
scene0449_01,00064,1.2784,38.56,1.44,60.5,18.4,0.931,159,1.01,1219,51.93,40.12,26.05,0
scene0002_00,00073,2.0382,38.97,1.118,63.2,0.0,2.264,1040,7.53,9507,39.06,45.05,4.43,0
scene0155_01,00087,1.3027,21.81,2.241,17.6,13.0,1.336,1340,4.4,11651,40.06,49.86,25.1,1
scene0641_00,00059,1.4951,34.17,2.077,2.9,10.0,0.804,1564,0.18,14211,53.2,53.14,18.96,0
scene0139_00,00038,1.2633,40.79,0.86,95.7,13.2,1.308,115,3.54,3838,53.57,36.23,6.16,0
scene0291_02,00076,1.3919,26.04,2.224,12.9,0.6,1.304,1770,1.92,12863,41.12,44.39,18.38,0
scene0123_02,00082,1.473,28.45,2.306,0.8,41.1,1.095,1385,1.56,11111,33.68,64.69,30.91,0
scene0558_01,00012,1.335,30.47,1.479,56.1,0.0,1.738,80,6.37,2389,75.64,69.37,21.79,0
scene0255_02,00005,1.3219,25.09,1.416,58.9,6.1,2.166,200,0.57,2272,74.87,77.75,40.19,0
scene0058_01,00082,1.4082,25.88,1.174,73.5,5.2,2.316,764,2.54,9195,38.13,45.83,13.4,0
scene0259_01,00004,1.422,18.72,2.082,0.0,10.1,2.081,151,1.78,2941,72.87,75.18,34.07,1
scene0459_01,00004,1.4102,24.57,1.539,48.5,10.9,1.898,567,3.53,11142,23.67,33.26,19.22,0
scene0402_00,00059,1.2556,34.46,1.471,53.5,45.2,0.837,767,3.9,3161,59.29,46.71,12.67,0
scene0474_02,00073,1.3123,19.64,1.784,6.5,9.4,2.531,123,3.32,4332,35.3,68.68,19.17,1
scene0619_00,00074,1.655,37.62,1.548,42.1,1.2,1.665,24,,3679,61.97,65.47,32.82,0
scene0600_02,00063,1.3648,38.11,1.853,19.8,35.2,0.627,1068,2.56,3372,75.74,69.95,13.63,0
scene0192_01,00087,1.6358,22.37,2.706,1.1,0.0,1.855,1029,2.91,4774,83.43,69.57,14.95,0
scene0603_01,00079,2.3436,34.15,0.98,98.6,0.0,3.412,28,,1840,37.72,45.25,10.3,0
scene0122_00,00081,1.3518,31.36,1.524,46.9,3.8,1.775,326,0.96,2513,73.22,54.54,26.38,0
scene0173_01,00097,1.4692,23.15,2.422,11.2,8.9,1.377,1008,2.51,7642,42.17,47.3,20.86,1
scene0254_01,00059,1.3929,22.73,1.776,21.9,0.0,2.076,534,5.16,5446,30.3,47.01,12.16,1
scene0203_01,00073,1.6369,20.3,1.649,39.5,0.0,2.522,86,3.49,4881,44.36,44.58,8.39,0
scene0457_01,00004,1.3503,21.79,1.801,11.8,8.8,2.13,133,3.84,2647,78.28,86.15,14.05,1
scene0241_01,00097,1.2867,35.25,1.749,19.4,32.3,0.905,500,0.29,3519,63.09,72.84,30.3,0
scene0351_00,00012,1.5186,24.65,1.068,78.4,0.0,2.496,569,3.43,17936,23.72,26.81,4.41,0
scene0410_01,00081,1.4907,32.86,0.843,99.7,0.0,2.399,0,,59,100.0,100.0,0.85,0
scene0513_00,00041,1.3721,28.71,1.756,26.9,32.6,1.16,3313,1.34,17249,50.5,48.09,15.59,0
scene0164_03,00070,1.3213,30.04,1.436,59.1,13.1,1.773,126,3.46,5210,56.76,62.08,22.12,0
scene0510_01,00079,1.3286,32.88,1.551,45.0,28.1,1.376,679,0.68,5102,41.71,47.7,11.29,0
scene0155_00,00053,1.3887,37.07,1.457,54.6,20.1,1.259,2423,2.14,13993,48.9,27.97,10.96,0
scene0475_02,00087,1.5337,39.43,1.84,7.8,5.1,0.758,1630,0.48,7578,40.88,44.99,7.0,0
scene0375_00,00033,1.4245,45.13,1.072,97.2,14.3,1.178,41,,528,88.26,90.43,37.48,0
scene0352_02,00020,1.7898,5.19,1.735,20.1,0.0,3.262,0,,4725,24.36,81.74,22.4,0
scene0118_01,00005,1.4305,30.09,2.027,0.8,22.2,1.372,442,1.19,5289,44.36,61.94,19.18,0
scene0662_02,00089,1.5253,8.42,0.968,100.0,0.0,4.282,0,,150,94.0,100.0,44.33,0
scene0118_01,00079,1.4991,20.16,2.489,0.0,11.9,1.348,1060,0.25,4993,40.66,79.5,16.14,1
scene0320_02,00020,1.2865,32.91,1.82,17.9,49.5,0.86,1353,2.92,4484,50.27,72.35,17.09,0
scene0337_02,00060,2.1734,32.16,1.831,47.8,0.1,2.328,1431,13.82,16352,37.6,43.32,7.02,0
scene0625_01,00024,1.5415,17.62,1.508,46.5,0.0,3.153,0,,629,100.0,100.0,52.83,0
scene0334_00,00045,2.2984,26.17,2.335,11.9,0.0,1.621,3473,6.26,23545,28.03,25.25,1.71,0
scene0274_01,00056,1.3325,15.63,1.988,11.7,0.6,2.227,578,2.16,6912,55.4,55.26,13.65,1
scene0503_00,00084,1.3153,32.68,1.865,21.6,38.8,0.82,1884,2.72,5064,77.53,64.8,22.9,0
scene0160_00,00087,1.332,31.45,1.756,21.5,8.8,1.193,694,3.27,6863,40.32,52.44,29.18,0
scene0645_01,00097,1.4893,11.17,2.617,7.5,2.4,2.306,331,1.26,17299,35.77,41.53,13.12,1
scene0121_02,00020,1.5048,4.78,1.422,58.1,0.0,3.761,0,,2249,18.5,40.57,38.17,1
scene0030_01,00079,1.4613,23.93,1.978,35.5,9.3,1.861,1076,2.49,16035,29.67,46.95,27.62,0
scene0705_00,00085,1.5012,26.84,1.696,44.2,49.6,0.919,656,1.3,2694,72.46,70.45,27.55,0
scene0651_02,00020,1.3496,25.59,1.57,40.6,0.3,2.061,103,6.77,5764,30.15,34.64,9.58,0
scene0241_02,00018,1.2995,33.16,1.845,16.0,27.6,1.087,481,1.16,4527,48.82,70.6,25.69,0
scene0255_02,00073,1.4096,22.53,1.064,98.3,0.0,3.009,0,,4215,10.32,23.42,17.09,1
scene0229_00,00073,1.3729,36.88,1.605,14.7,20.9,1.096,221,3.51,5900,25.69,46.03,19.84,0
scene0472_02,00005,1.5842,25.36,2.463,18.8,4.2,1.701,486,2.07,16657,36.69,48.92,23.45,0
scene0686_01,00012,1.5346,15.01,2.007,23.3,8.4,2.636,717,2.49,11315,29.77,39.07,25.39,0
scene0038_01,00070,1.4652,33.24,1.798,22.2,39.2,1.178,978,2.3,10381,34.31,56.78,15.26,0
scene0160_01,00056,1.2586,40.15,1.471,53.0,32.8,0.625,1036,3.15,4093,57.88,49.48,8.31,0
scene0025_02,00082,1.4889,21.8,1.316,61.4,0.0,2.737,161,3.22,7993,25.13,18.67,10.38,1
scene0305_01,00044,1.6892,2.42,1.614,15.7,0.0,3.566,0,,3111,64.96,56.01,8.65,0
scene0570_02,00068,1.7638,5.97,1.569,38.2,0.0,3.722,0,,588,98.47,95.63,48.89,0
scene0640_02,00095,1.3477,30.05,1.517,47.3,2.9,1.675,151,0.88,4124,74.66,51.43,21.53,0
scene0055_02,00097,1.4032,25.72,1.754,14.0,7.1,1.91,0,,3919,80.56,76.47,13.43,0
scene0268_02,00033,1.3481,52.07,0.798,100.0,10.7,1.03,91,9.85,665,76.99,66.03,16.19,0
scene0168_01,00053,1.6132,12.67,2.199,37.8,0.0,3.036,47,,7123,30.1,48.7,11.28,0
scene0702_01,00018,1.3014,45.97,0.974,99.8,6.3,1.044,63,3.71,880,84.66,84.6,11.32,0
scene0370_01,00095,1.4157,35.13,1.659,33.9,5.7,1.021,2083,0.53,9546,43.41,42.96,11.73,0
scene0036_01,00060,1.4179,33.41,1.786,6.7,0.1,1.218,406,1.68,7052,44.12,54.21,7.22,0
scene0231_01,00048,1.69,19.43,2.635,4.6,1.1,1.425,964,0.8,21883,38.41,47.27,15.49,0
scene0123_02,00095,1.4854,28.57,1.968,23.5,20.8,1.599,869,1.15,10009,28.91,45.67,26.34,0
scene0161_02,00097,1.5971,40.85,1.85,11.4,57.6,0.545,1552,1.43,3721,67.72,74.29,17.12,0
scene0642_03,00097,1.3764,18.74,2.635,14.0,12.4,1.473,1084,4.1,9930,45.06,62.72,20.89,1
scene0215_00,00005,1.2895,44.99,1.299,67.4,39.4,0.669,731,0.26,3143,58.35,66.28,6.0,0
scene0111_00,00083,1.5704,5.44,2.258,4.5,0.0,2.994,0,,16579,30.16,49.64,10.54,0
scene0557_01,00053,1.2555,29.69,1.888,6.1,45.0,0.952,1142,3.88,7142,34.95,39.97,8.17,0
scene0346_00,00084,1.3529,20.43,1.643,27.7,1.8,2.353,9,,4530,31.59,50.28,13.71,1
scene0253_00,00087,1.9068,5.29,1.988,32.3,0.0,3.122,1,,5182,71.56,50.68,9.64,0
scene0181_02,00087,1.4259,24.01,2.418,7.8,13.0,1.3,1787,2.81,14625,44.15,32.69,9.77,0
scene0392_01,00087,1.4743,10.83,1.831,0.0,0.0,3.057,12,,4009,37.99,71.58,18.78,1
scene0330_00,00064,1.3403,24.81,2.545,2.8,36.1,0.667,2742,9.45,9866,45.1,31.4,5.75,0
scene0611_01,00004,1.3141,23.52,2.115,16.3,22.0,1.439,1397,1.61,11439,41.81,44.34,18.01,0
scene0671_00,00050,1.3131,31.89,1.588,46.9,2.0,1.24,1041,2.27,4317,49.78,42.38,12.4,0
scene0078_02,00035,1.3919,32.85,1.58,45.9,24.2,1.439,777,0.01,7256,40.01,41.42,9.44,0
scene0494_00,00004,1.2656,39.16,1.352,70.5,25.6,1.087,518,0.48,3463,64.91,55.32,24.65,0
scene0500_01,00022,1.6099,27.67,2.238,5.8,13.0,1.166,1468,1.9,10588,37.16,63.15,13.89,0
scene0031_02,00035,1.4436,27.49,2.209,13.8,0.0,1.025,2796,0.09,16530,45.29,36.88,9.56,0
scene0545_01,00005,1.5567,28.78,1.162,82.0,0.0,2.549,47,,4102,44.69,43.19,14.14,0
scene0146_02,00060,1.4294,5.75,1.605,37.8,0.0,3.553,0,,951,82.23,87.39,46.53,1
scene0318_00,00097,1.3047,30.61,1.95,22.4,31.9,1.253,1684,4.22,12534,44.53,49.32,7.52,0
scene0020_00,00048,1.3114,35.99,1.383,73.5,0.1,1.303,199,1.18,5093,23.19,39.77,27.76,0
scene0259_00,00018,1.4595,27.74,2.114,8.5,0.1,1.476,1137,0.54,22432,17.68,36.84,11.07,0
scene0501_02,00070,1.4174,45.62,1.173,91.8,11.1,1.051,121,6.83,1113,95.42,92.8,22.78,0
scene0398_00,00070,1.4145,31.05,1.685,23.6,12.5,1.65,227,1.62,2669,80.93,57.84,11.09,0
scene0304_00,00033,1.475,19.89,1.888,26.2,1.2,2.236,1004,3.65,13955,17.95,48.11,12.4,1
scene0474_00,00012,1.4971,19.55,1.658,25.5,4.5,2.717,120,2.95,10470,17.25,55.12,15.12,1
scene0700_01,00012,1.5424,38.35,1.491,50.8,18.5,1.453,212,0.96,3269,58.52,52.4,10.04,0
scene0620_01,00005,1.4255,32.82,1.782,17.6,26.2,1.49,324,2.58,5116,72.99,71.01,14.33,0
scene0241_01,00033,1.5638,1.2,1.953,3.1,0.0,3.482,0,,1562,75.8,93.32,17.79,0
scene0511_01,00097,1.29,42.33,1.563,43.6,61.3,0.47,805,0.55,2487,68.03,63.68,21.12,0
scene0153_01,00063,1.3422,23.26,1.358,68.7,2.8,2.392,24,,1296,17.36,37.59,21.38,1
scene0201_02,00076,1.4414,39.16,1.498,50.3,27.7,1.159,269,1.49,7487,46.67,27.08,1.85,0
scene0536_02,00035,1.6995,37.57,1.745,34.9,0.0,1.333,828,0.2,10965,45.69,49.21,19.94,0
scene0543_02,00018,1.1245,30.64,1.58,36.6,49.9,1.35,718,3.79,5085,50.42,75.03,20.09,0
scene0421_00,00056,1.604,6.94,1.531,47.1,0.0,3.666,0,,1408,50.85,60.49,21.44,0
scene0466_00,00010,2.1802,27.69,3.054,2.9,0.1,1.073,3814,5.72,21381,37.56,32.18,3.94,0
scene0570_00,00005,1.4567,47.52,1.492,51.2,44.7,0.666,487,0.31,3972,54.25,61.39,22.4,0
scene0297_01,00061,1.4885,30.49,2.603,8.8,47.4,0.937,1497,0.26,6358,71.12,76.36,24.46,0
scene0220_00,00082,1.5067,49.53,1.555,43.5,0.1,0.615,1120,3.81,3856,67.58,47.97,9.49,0
scene0686_02,00035,1.3376,28.21,1.18,66.9,14.5,2.047,377,1.02,2389,60.28,55.13,22.76,0
scene0571_00,00063,1.3896,29.69,1.014,100.0,0.0,2.354,0,,716,48.6,77.46,29.74,0
scene0531_00,00075,0.8681,32.68,0.946,100.0,25.0,1.185,220,1.95,2015,67.99,52.74,4.87,0
scene0222_00,00036,1.5374,5.69,1.261,95.4,0.0,3.982,0,,523,99.62,99.54,27.2,0
scene0560_00,00056,1.2708,26.81,1.725,17.0,0.3,1.708,423,1.98,1895,78.58,68.18,20.0,0
scene0674_01,00051,1.4554,19.45,2.545,3.5,12.6,1.561,1026,0.22,5254,77.24,67.95,15.24,1
scene0403_01,00063,1.5503,32.36,1.953,14.6,0.0,1.197,2217,3.47,12121,41.32,49.63,9.5,0
scene0367_01,00054,1.6995,29.73,1.669,37.2,0.0,2.037,690,5.21,9672,27.85,37.13,17.59,0
scene0085_00,00005,1.3077,25.76,1.668,22.5,8.8,1.647,439,5.7,12637,62.36,66.53,25.62,0
scene0201_02,00044,1.5698,21.74,2.013,10.1,5.4,2.274,52,15.21,8239,58.0,65.45,27.97,0
scene0448_01,00018,1.3623,46.23,0.917,100.0,1.0,1.238,21,,2992,46.66,38.37,4.0,0
scene0568_00,00095,2.2348,27.77,2.264,0.0,0.0,2.231,650,1.99,13697,33.33,29.2,8.22,0
scene0266_00,00074,1.3171,28.58,1.776,22.7,1.3,1.458,1423,7.28,10768,38.49,35.66,11.76,0
scene0683_00,00095,1.4096,41.56,1.225,90.0,5.7,1.304,32,,1379,93.62,84.97,29.07,0
scene0153_00,00086,1.3234,22.33,1.389,71.5,2.7,2.513,3,,948,99.89,76.39,22.15,1
scene0362_03,00063,1.2495,20.92,1.853,18.2,7.5,2.131,270,1.51,3210,82.43,74.34,25.35,1
scene0251_00,00035,2.251,35.23,1.553,43.4,0.0,2.56,453,6.95,11309,21.06,28.76,6.65,0
scene0633_01,00012,1.3472,31.81,1.377,69.9,13.0,1.785,67,3.2,3798,54.84,45.17,10.68,0
scene0352_02,00004,1.5449,22.5,1.64,22.6,0.0,2.459,49,,8576,17.43,53.45,15.13,0
scene0117_00,00076,1.2473,29.8,1.422,59.9,21.5,1.682,307,1.33,4562,35.8,48.17,20.71,0
scene0016_01,00087,1.3558,33.23,1.725,25.4,44.7,0.972,1242,1.13,5093,48.67,35.7,9.44,0
scene0030_00,00004,1.4454,20.51,2.273,19.4,8.8,1.902,891,0.99,9725,39.86,45.34,20.66,1
scene0232_02,00073,1.4044,19.22,1.691,10.1,0.1,2.685,0,,4959,72.49,84.12,44.44,1
scene0371_01,00063,1.3029,35.75,1.605,36.3,41.3,0.865,946,0.68,4619,46.96,61.77,19.54,0
scene0062_02,00079,1.2868,33.01,1.557,38.6,26.3,1.358,191,1.56,2381,43.18,64.26,24.69,0
scene0380_00,00095,1.5008,29.48,1.9,26.9,21.6,1.46,1093,2.28,8999,39.74,59.27,23.87,0
scene0628_02,00097,1.3937,25.6,1.984,2.2,31.4,1.477,738,0.25,6799,59.66,59.18,25.79,0
scene0297_02,00095,1.5273,6.91,2.7,0.0,0.4,2.455,8,,4900,45.04,68.94,10.37,0
scene0416_03,00020,1.2914,30.9,1.677,28.3,0.0,1.478,329,1.0,3497,63.17,63.59,2.47,0
scene0526_01,00084,1.3633,25.77,1.471,55.2,2.0,2.295,133,2.15,2201,54.84,63.55,37.68,0
scene0086_00,00056,1.3648,31.13,1.67,33.6,35.6,1.47,1504,0.72,7461,33.57,36.48,15.27,0
scene0502_00,00053,1.6396,16.38,1.614,27.3,0.0,3.205,0,,12150,9.32,50.85,12.45,0
scene0568_00,00033,2.0587,36.25,2.186,7.9,0.0,1.623,926,2.03,11642,17.7,11.38,18.33,0
scene0022_01,00012,1.4882,15.69,2.015,10.0,0.0,2.135,337,11.54,10186,38.9,58.78,11.9,1
scene0335_01,00050,1.4913,22.51,2.004,17.8,0.1,2.183,248,1.63,4071,51.51,59.58,7.93,1
scene0675_00,00056,1.4534,27.55,2.315,0.0,50.7,0.993,1775,0.52,11091,67.6,41.79,8.58,0
scene0155_01,00097,1.3676,15.23,2.567,12.3,14.2,1.378,1563,1.9,9282,40.47,44.35,11.71,1
scene0255_02,00063,1.3893,21.13,1.346,77.2,0.0,2.755,0,,1946,75.95,79.7,28.26,1
scene0173_01,00005,1.4645,22.89,2.612,23.5,8.5,1.646,762,1.38,7473,42.21,44.9,22.33,1
scene0192_00,00095,1.5473,49.25,1.614,32.9,7.7,0.436,1678,1.47,3931,83.95,70.81,7.47,0
scene0455_00,00004,1.3361,25.63,2.115,13.5,37.1,1.165,1592,3.2,7001,51.85,56.56,14.28,0
scene0072_02,00033,1.536,27.96,1.14,99.4,0.0,2.581,0,,1917,37.92,59.02,14.77,0
scene0693_02,00041,1.231,34.72,1.409,63.8,14.7,1.22,130,7.5,1396,45.63,42.75,16.05,0
scene0536_00,00076,1.4923,36.13,2.015,10.4,1.2,0.676,2592,2.7,10260,61.73,52.84,7.11,0
scene0332_02,00070,1.3845,26.99,1.599,46.4,16.1,2.046,243,0.79,2947,72.62,63.01,16.37,0
scene0095_00,00082,1.5426,26.38,1.282,57.5,0.0,1.975,1597,2.43,12782,32.98,35.35,19.71,0
scene0588_01,00084,1.3949,28.77,2.143,26.6,3.5,0.901,2761,0.11,13263,54.32,53.3,9.12,0
scene0573_00,00063,1.4294,26.12,1.885,36.2,20.8,1.735,645,1.99,8468,40.07,71.08,37.84,0
scene0282_02,00076,1.3774,28.63,1.358,71.6,0.0,2.12,18,,3112,59.48,65.39,37.03,0
scene0173_01,00084,1.4426,22.47,2.503,5.2,16.8,1.641,769,1.27,7389,43.09,52.59,31.23,1
scene0665_01,00095,1.8511,30.33,2.017,16.8,0.0,1.59,1623,3.67,24707,25.27,39.41,13.71,0
scene0272_01,00004,1.4818,9.49,2.635,1.4,0.0,2.449,580,0.15,7282,58.53,60.41,32.47,1
scene0242_01,00018,1.3513,26.56,1.9,23.5,9.0,1.741,419,0.42,3232,54.08,61.79,6.63,0
scene0400_00,00060,1.3994,22.49,2.262,0.0,30.0,1.697,689,3.37,6034,24.26,54.27,20.24,1
scene0696_02,00074,1.5752,16.18,1.669,19.2,1.8,2.812,43,,16794,24.25,42.43,10.62,0
scene0472_02,00061,1.4355,33.38,1.579,35.6,6.8,1.627,248,2.92,5783,39.7,53.23,27.44,0
scene0619_00,00018,1.3908,46.53,1.33,70.9,41.0,0.788,741,0.41,4455,43.82,44.34,12.72,0
scene0487_01,00060,1.4467,6.0,2.462,0.0,0.0,2.581,154,4.74,9810,23.57,64.04,14.6,1
scene0280_01,00061,1.4567,25.31,1.436,59.5,0.0,2.474,19,,6823,27.8,36.21,10.57,1
scene0257_00,00062,1.5098,21.3,2.31,24.9,0.0,1.88,1157,5.7,12503,30.89,29.02,13.78,1
scene0662_01,00062,0.6098,33.16,0.58,100.0,11.3,0.992,79,4.77,371,68.46,86.89,10.04,0
scene0068_01,00018,1.6571,11.4,1.543,41.7,0.0,3.639,0,,1318,53.41,32.93,30.38,0
scene0294_02,00084,1.4746,22.55,2.242,22.6,0.0,1.445,1998,1.5,19108,45.51,49.38,14.23,1
scene0160_01,00074,1.3133,32.31,1.756,30.6,42.0,0.714,1501,2.29,5804,48.71,57.11,11.5,0
scene0472_01,00082,1.4757,20.31,2.727,4.9,23.6,1.167,2231,1.03,16822,51.9,56.4,15.97,1
scene0520_01,00020,1.8013,29.95,2.121,3.0,0.0,1.423,3117,0.52,21270,25.7,27.3,7.34,0
scene0142_00,00073,1.2966,22.39,1.776,13.2,0.2,2.007,378,5.43,10547,28.29,52.44,12.35,1
scene0545_01,00066,1.4251,33.4,1.238,76.3,7.4,1.838,170,5.23,4081,42.64,47.98,9.94,0
scene0472_02,00056,1.4548,28.56,2.246,12.1,22.0,1.306,1216,0.12,16447,46.16,41.76,17.45,0
scene0474_04,00095,1.6971,11.87,1.842,6.7,0.0,3.353,0,,7329,25.64,63.01,9.12,0
scene0570_02,00013,1.4867,41.06,1.434,53.8,29.9,1.096,351,0.29,2668,68.63,47.58,25.09,0
scene0459_01,00094,1.3619,39.3,1.745,28.5,55.1,0.634,781,1.98,3996,35.71,51.88,18.72,0
scene0337_02,00086,2.0956,18.36,3.495,12.8,0.0,1.733,2199,14.53,24241,37.14,42.98,3.35,0
scene0259_00,00087,1.5435,16.52,2.291,0.1,0.0,2.318,149,4.38,5373,50.79,62.56,26.46,0
scene0286_02,00005,1.3421,30.74,1.812,22.2,18.8,1.369,203,1.05,8252,54.64,66.57,24.82,0
scene0268_01,00074,1.4801,11.99,1.137,99.4,0.0,3.875,0,,3294,18.25,83.18,31.52,1
scene0059_02,00080,1.7206,12.8,2.931,0.0,1.7,2.039,30,,3832,35.83,36.69,3.55,0
scene0628_02,00020,1.375,28.39,1.969,27.0,30.0,1.387,787,0.18,6767,53.05,62.04,25.8,0
scene0620_00,00012,1.4266,25.55,1.689,35.7,25.1,1.979,899,2.3,14653,44.97,22.32,5.68,0
scene0109_01,00082,1.4174,34.3,1.322,76.7,0.0,1.701,167,6.67,2724,23.42,39.76,11.02,0
scene0706_00,00087,1.4299,31.26,1.912,4.0,0.0,1.414,571,5.26,2989,53.7,49.96,8.92,0
scene0642_03,00020,1.4223,20.85,2.043,1.2,10.5,2.013,367,3.43,9868,38.54,57.39,12.78,1
scene0003_00,00095,1.3605,26.35,1.364,75.4,2.5,2.348,28,,3933,38.16,60.17,17.45,0
scene0059_00,00063,1.4599,33.71,2.192,7.1,44.5,0.921,926,0.52,11260,32.29,51.08,11.54,0
scene0469_01,00059,1.3724,17.9,1.528,45.6,0.4,2.836,0,,2064,48.5,64.57,29.67,1
scene0512_00,00099,1.2864,18.09,1.756,43.6,12.0,1.554,1316,1.04,10631,39.95,39.82,10.36,1
scene0479_00,00070,1.6517,13.97,1.473,59.0,0.0,3.506,0,,370,94.86,76.25,19.32,0
scene0276_00,00097,1.55,33.14,1.783,9.3,8.2,1.478,280,3.16,4898,61.21,78.65,23.15,0
scene0605_01,00083,1.5941,33.86,1.272,62.7,0.1,1.851,566,0.83,8885,10.1,21.31,5.06,0
scene0320_02,00070,1.3606,27.23,1.776,16.2,0.0,1.513,741,4.15,5469,52.62,51.25,7.72,0
scene0118_02,00084,1.482,17.28,2.672,0.0,11.5,1.178,1855,0.17,9063,38.0,71.84,5.94,1
scene0441_00,00073,1.4729,38.81,1.66,28.1,34.2,1.187,508,2.46,4966,26.82,49.69,13.29,0
scene0603_01,00005,2.3641,36.76,1.725,21.0,0.0,2.323,540,5.32,16900,7.02,10.46,1.67,0
scene0439_01,00018,1.6021,5.7,2.094,0.0,0.0,3.032,0,,21331,31.06,41.9,8.79,0
scene0612_00,00074,1.5111,26.78,1.421,64.4,2.7,2.454,38,,1383,50.25,51.9,8.18,0
scene0587_01,00082,1.2267,37.71,1.547,45.8,68.9,0.294,1529,3.25,5257,62.22,57.33,22.93,0
scene0686_02,00044,1.438,13.36,1.147,59.7,0.9,3.369,45,,1644,62.65,39.88,9.17,1
scene0083_00,00068,1.3287,53.08,1.098,99.8,23.2,0.79,79,0.78,601,58.07,73.53,24.05,0
scene0553_01,00051,1.4062,8.9,1.9,7.7,0.0,3.104,0,,1286,52.88,100.0,36.15,1
scene0264_00,00060,1.3035,29.18,1.25,69.6,6.1,1.914,479,3.66,7277,33.63,47.32,25.05,0
scene0334_00,00013,2.0631,28.3,2.236,17.5,0.0,1.864,2519,5.35,34736,24.39,22.65,1.2,0
scene0027_01,00035,1.5288,17.86,3.629,0.0,0.1,1.116,2075,0.05,14965,38.7,75.83,10.65,0
scene0573_00,00035,1.4315,26.95,1.832,19.6,25.8,1.515,758,0.71,7415,40.4,57.39,23.88,0
scene0041_00,00055,1.3929,22.07,2.782,0.4,13.7,0.966,2319,5.26,19306,26.16,38.13,8.49,1
scene0154_00,00033,1.4469,28.09,1.328,70.7,0.0,2.281,124,0.62,6223,24.65,30.66,15.64,0
scene0163_01,00059,1.2822,30.05,1.865,15.6,23.4,1.316,748,4.93,4128,50.78,74.56,32.91,0
scene0248_01,00045,1.339,30.08,1.272,62.2,1.6,1.328,3345,1.49,14179,52.54,25.92,10.91,0
scene0387_00,00097,1.4732,27.46,2.749,3.4,49.0,0.544,2039,0.47,3088,80.31,85.5,6.2,0
scene0286_02,00077,1.4779,9.23,2.069,0.0,0.0,3.045,0,,5227,43.37,79.29,17.15,1
scene0640_00,00079,1.3718,27.36,1.911,3.3,37.3,1.405,790,0.71,15159,29.64,46.65,9.35,0
scene0056_00,00082,1.7174,14.83,3.302,4.3,0.0,1.348,1147,1.99,21741,27.53,37.08,17.79,0
scene0168_01,00082,1.5416,41.14,1.582,41.2,12.0,0.96,1634,0.34,8289,51.16,32.15,9.47,0
scene0347_02,00076,1.5599,1.64,1.365,54.7,0.0,3.614,0,,11531,19.17,59.37,28.7,0
scene0120_01,00012,1.5968,8.99,2.731,4.1,0.1,2.403,29,,9213,31.25,54.32,31.81,0
scene0656_03,00079,1.2548,24.69,1.623,46.4,0.6,1.831,488,2.65,8828,56.35,50.83,14.52,0
scene0105_01,00063,1.5438,26.31,1.266,85.1,0.0,2.614,0,,478,87.66,79.35,31.14,0
scene0158_02,00063,1.3656,23.93,1.115,99.4,0.0,2.676,0,,3271,87.71,33.83,4.0,0
scene0524_00,00070,1.3095,27.43,1.745,25.2,10.0,1.664,576,1.83,3164,30.94,34.51,12.14,0
scene0161_02,00077,1.6117,38.88,1.91,16.4,44.7,0.685,1295,1.4,4413,61.45,69.1,33.46,0
scene0031_02,00056,1.4496,17.63,2.789,0.0,1.8,1.678,609,2.54,9924,49.66,62.06,18.98,1
scene0369_00,00079,1.6349,9.97,2.14,22.9,0.1,3.123,14,,6552,29.21,73.52,24.07,0
scene0604_00,00048,1.5323,26.24,2.799,0.0,54.1,0.824,2126,0.22,14229,36.5,62.67,16.46,0
scene0312_02,00072,1.593,33.18,2.1,17.9,0.8,0.92,3141,1.67,12817,57.44,42.0,4.68,0
scene0570_00,00004,1.4595,47.4,1.498,50.2,44.9,0.665,485,0.23,3955,54.69,61.61,19.59,0
scene0055_02,00020,1.4502,23.37,1.443,54.6,7.0,2.296,0,,7698,57.17,33.19,6.7,1
scene0655_02,00074,1.3546,28.62,1.958,20.3,34.7,1.251,1119,1.57,8173,39.47,39.91,18.53,0
scene0430_01,00087,1.5589,17.41,2.31,22.8,0.2,1.616,889,5.51,4730,61.1,70.06,27.48,0
scene0410_01,00012,0.9326,38.09,0.783,100.0,5.3,1.07,27,,305,91.48,85.47,11.22,0
scene0116_00,00092,1.3309,40.1,0.737,100.0,0.0,1.74,38,,831,30.2,24.75,9.6,0
scene0436_00,00048,1.3875,10.81,1.2,83.9,0.0,3.704,0,,2660,83.31,37.41,10.71,1
scene0123_01,00061,1.4662,26.54,2.586,0.2,29.7,0.696,2063,0.95,6862,47.03,74.51,31.84,0
scene0423_02,00004,1.3626,27.08,2.029,11.0,27.8,0.81,1877,2.41,5898,61.85,55.43,17.8,0
scene0440_02,00061,1.4166,27.61,2.016,33.1,29.9,1.58,653,2.23,5783,40.57,69.3,23.83,0
scene0327_00,00070,1.3838,40.18,1.068,90.6,2.3,1.459,143,1.19,5570,13.36,32.84,8.35,0
scene0572_02,00082,1.546,27.69,2.098,1.6,0.1,1.236,889,0.44,6218,39.68,58.2,10.88,0
scene0335_01,00079,1.3124,36.24,1.496,50.8,0.0,1.042,512,0.11,3976,42.78,38.65,14.09,0
scene0601_01,00097,1.4554,13.93,2.441,3.1,2.3,2.132,130,7.01,6365,48.2,58.66,5.78,1
scene0704_00,00094,1.4328,16.44,1.191,97.7,19.9,1.348,0,,945,89.95,62.03,9.75,1
scene0173_00,00041,1.3958,23.71,2.403,8.3,3.6,1.354,1345,2.91,15272,26.98,46.3,23.77,0
scene0028_00,00018,1.4393,29.09,2.266,27.7,18.2,1.222,1432,0.4,16146,39.11,51.16,19.86,0
scene0052_01,00033,1.5,19.11,2.488,0.0,16.5,1.637,777,2.18,6321,47.94,54.97,19.79,1
scene0410_01,00056,1.5714,19.6,1.493,50.3,0.0,3.031,0,,818,85.82,80.19,43.71,0
scene0517_02,00079,1.4027,20.15,1.809,15.0,0.0,2.379,178,5.54,9040,39.09,58.76,12.05,1
scene0013_01,00004,1.3295,32.67,1.479,50.4,13.4,1.101,302,2.85,4280,42.34,53.23,3.18,0
scene0424_00,00073,1.6781,31.21,1.85,23.6,0.0,1.898,322,3.8,4532,50.62,44.83,14.05,0
scene0631_02,00035,1.4669,13.67,2.002,2.9,51.6,0.756,0,,9343,42.98,66.96,19.21,1
scene0057_01,00020,1.6941,10.68,2.055,11.9,0.0,3.124,0,,10765,18.6,56.12,20.88,0
scene0089_00,00070,1.3255,35.56,1.489,51.6,19.0,1.271,183,1.48,1480,91.15,88.8,11.61,0
scene0641_00,00073,1.4272,44.45,1.744,33.6,0.4,0.554,1316,0.3,4956,70.16,59.02,9.76,0
scene0600_02,00004,1.3989,34.82,1.658,38.5,10.1,0.985,713,4.98,5329,68.79,63.74,13.9,0
scene0520_00,00058,1.5256,17.15,3.466,4.6,1.6,1.03,1923,0.05,11838,63.94,55.74,16.4,0
scene0510_02,00076,1.2919,40.2,1.361,69.2,32.1,0.92,563,0.71,1586,73.14,73.44,16.56,0
scene0502_00,00062,1.557,36.84,2.115,0.0,33.3,0.672,1647,0.12,8613,35.54,48.29,12.32,0
scene0286_01,00041,1.3607,32.56,1.884,2.7,42.2,1.123,523,3.42,2335,80.56,83.52,46.51,0
scene0211_01,00095,1.4207,26.32,1.746,31.0,19.3,1.776,477,0.91,5508,66.58,58.82,26.12,0
scene0052_01,00094,1.5118,14.0,2.332,0.0,6.4,2.37,208,11.85,7493,47.78,59.26,19.11,1
scene0020_00,00059,1.61,13.25,1.364,78.3,0.0,3.227,0,,1613,46.19,87.95,13.64,0
scene0700_00,00070,1.0614,48.03,1.034,96.7,33.5,0.599,253,4.27,2024,52.62,49.1,7.41,0
scene0427_00,00070,1.311,35.18,1.277,76.0,13.4,1.566,233,6.38,2993,46.41,51.22,18.9,0
scene0211_01,00059,1.4216,24.08,1.734,27.4,6.5,2.159,162,1.89,4980,56.39,47.19,12.79,0
scene0347_02,00018,1.3681,31.22,1.286,83.0,4.9,1.865,44,,5365,53.79,39.2,9.04,0
scene0024_00,00084,1.3733,28.26,1.688,22.4,24.4,1.315,1879,0.15,11127,56.99,58.56,18.74,0
scene0039_01,00012,1.4786,23.96,1.743,24.7,0.2,2.195,5,,6344,39.97,58.72,10.06,0
scene0291_02,00073,1.477,21.49,2.731,1.2,2.6,1.206,2341,1.88,16751,46.18,47.41,20.02,1
scene0666_01,00012,1.297,31.38,1.725,31.7,18.6,1.351,502,0.54,5656,53.04,67.42,28.27,0
scene0262_00,00082,1.029,28.74,0.863,100.0,0.0,1.862,19,,4388,27.01,43.41,9.31,0
scene0480_00,00004,1.3071,16.03,2.241,15.7,12.2,1.845,643,3.68,15239,40.82,58.11,23.53,1
scene0070_00,00064,1.297,19.88,1.154,77.7,1.4,2.767,11,,3603,61.0,43.1,17.63,1
scene0436_00,00095,0.8685,29.22,1.083,99.5,4.7,1.284,124,4.26,1483,52.87,71.74,7.24,0
scene0127_00,00076,1.4897,25.62,1.454,54.2,8.1,2.42,185,1.16,10431,38.73,26.97,4.25,0
scene0701_01,00082,1.1831,46.81,1.181,70.4,15.4,0.625,430,1.75,2972,74.39,64.87,9.98,0
scene0078_02,00048,1.4332,26.63,1.692,30.7,10.8,1.925,543,0.22,5739,31.78,58.6,12.98,0
scene0288_00,00045,1.2667,40.44,1.89,20.6,76.2,0.333,1241,0.39,3338,59.14,67.3,13.56,0
scene0279_02,00005,1.5826,39.12,1.768,29.2,7.8,0.834,1389,0.99,8784,58.47,64.65,5.1,0
scene0651_00,00059,1.3834,28.99,1.281,86.7,0.9,2.115,19,,3003,36.1,49.54,19.41,0
scene0219_00,00079,1.3937,34.39,0.984,67.9,8.0,1.508,908,2.08,8226,72.4,60.17,10.99,0
scene0121_01,00004,1.3711,25.14,1.416,61.4,4.7,2.272,107,2.41,1865,5.74,13.45,1.63,0
scene0005_01,00087,1.2813,24.08,1.288,56.1,0.0,2.223,356,1.02,5437,66.43,40.07,14.27,0
scene0484_01,00076,1.3899,25.42,1.787,30.8,0.0,1.742,614,7.86,9904,45.29,56.74,8.96,0
scene0092_01,00050,1.2195,36.87,1.457,56.2,31.9,0.734,1017,3.01,4518,60.18,54.44,14.58,0
scene0591_02,00095,1.4256,20.91,1.394,51.7,6.6,1.921,1563,0.43,15417,43.59,40.76,20.66,1
scene0334_01,00070,1.4938,11.13,3.141,0.0,10.7,1.49,1598,2.84,7022,67.13,71.98,1.27,1
scene0687_00,00061,1.4608,31.01,1.677,18.2,19.3,1.535,238,1.98,3434,56.49,74.45,16.62,0
scene0264_00,00070,1.4877,10.58,1.555,42.5,0.0,3.38,13,,6228,23.44,64.59,13.75,1
scene0058_01,00004,1.5829,24.53,1.541,46.5,8.0,1.818,681,3.17,7586,49.13,57.66,17.23,0
scene0620_01,00020,1.4987,13.78,1.694,30.0,0.0,3.233,0,,3104,69.65,68.89,7.48,1
scene0609_00,00084,1.3538,26.54,2.16,0.0,47.5,0.955,1523,3.47,7809,59.44,63.92,13.81,0
scene0625_01,00065,1.359,59.65,0.833,100.0,11.7,0.843,47,,466,96.35,71.77,7.81,0
scene0480_00,00050,1.2354,31.96,1.831,28.3,31.1,0.874,918,2.49,5926,63.9,67.67,30.07,0
scene0510_01,00005,1.3478,31.02,1.445,55.5,18.3,1.684,242,0.58,2078,56.64,73.65,15.03,0
scene0152_01,00041,1.0534,21.21,1.374,56.9,0.0,1.833,2059,9.19,20392,28.26,39.1,5.6,0
scene0179_00,00076,1.5527,28.97,2.209,33.1,14.9,1.613,1044,0.32,6970,60.67,43.06,18.68,0
scene0509_02,00084,1.3921,9.93,1.23,100.0,0.0,3.843,0,,610,77.05,93.59,23.06,1
scene0154_00,00061,1.4318,12.9,2.422,6.6,0.0,2.22,1047,6.2,13210,25.3,28.62,7.31,1
scene0551_00,00094,1.3261,33.25,1.798,32.3,14.7,1.498,857,2.0,6104,48.89,59.9,33.14,0
scene0449_02,00087,1.3239,33.48,1.45,58.8,7.3,1.565,0,,1204,33.31,58.92,18.14,0
scene0058_01,00059,1.7024,12.31,2.938,7.1,6.7,2.125,652,3.07,7846,37.15,63.23,7.23,0
scene0673_02,00063,1.219,38.56,1.696,33.0,1.5,0.562,1067,2.78,4246,46.02,41.33,9.45,0
scene0211_02,00084,1.6742,39.72,1.375,58.7,0.0,0.601,0,,2998,38.56,60.39,17.16,0
scene0608_00,00076,1.1958,38.89,1.45,54.6,30.5,0.549,717,3.07,3492,73.74,39.17,17.09,0
scene0526_00,00059,1.6611,43.37,1.266,74.7,0.0,1.378,817,2.56,6677,25.43,28.04,6.57,0
scene0524_00,00073,1.3762,23.11,1.975,11.6,8.0,1.901,500,1.35,3141,41.04,50.25,9.65,1
scene0702_02,00079,1.3877,42.41,1.396,67.9,0.8,0.985,1,,294,79.93,48.7,20.44,0
scene0535_00,00024,1.4486,41.69,1.033,93.4,0.0,1.536,338,10.77,4689,34.83,34.84,0.85,0
scene0192_01,00012,1.5334,41.72,1.776,25.9,0.1,0.678,2301,0.73,6203,79.99,67.01,12.39,0
scene0588_01,00094,1.5219,14.58,2.945,0.0,1.0,1.548,1193,0.37,7343,47.62,51.44,16.59,0
scene0700_02,00033,1.4154,43.92,1.208,75.2,29.4,1.039,884,2.29,4735,46.0,42.61,15.5,0
scene0153_00,00063,1.2799,31.39,1.555,37.0,19.2,1.444,131,0.54,1343,33.8,26.85,20.08,0
scene0425_01,00044,1.3538,21.67,1.835,13.3,3.7,2.234,248,4.96,5813,27.25,55.86,10.34,1
scene0168_02,00074,1.4178,35.31,1.77,31.2,0.0,1.008,1604,0.23,10238,40.6,45.33,9.3,0
scene0025_02,00044,1.4174,29.53,1.968,24.7,20.6,1.416,469,0.77,6316,49.72,63.1,24.07,0
scene0295_01,00095,1.5531,16.76,1.57,46.8,1.7,3.069,67,8.64,6963,25.97,51.82,9.61,0
scene0215_00,00079,1.4282,21.1,1.756,40.5,0.0,2.177,950,4.09,11917,27.46,48.21,25.66,1
scene0173_01,00061,1.4606,19.27,2.015,24.7,0.0,1.973,616,7.14,6244,29.95,33.42,10.79,1
scene0493_01,00060,1.4641,24.46,1.82,30.6,1.1,1.407,2610,0.95,13169,42.55,23.4,11.23,0
scene0673_00,00044,1.5186,25.41,2.731,1.4,4.9,0.739,3462,2.94,15202,58.72,47.86,10.38,0
scene0295_00,00095,1.3745,32.77,1.682,28.4,10.7,1.324,114,2.01,4174,53.33,54.11,10.7,0
scene0528_00,00079,1.3327,34.66,1.288,58.9,8.9,1.451,696,2.28,7147,50.15,45.59,30.9,0
scene0564_00,00056,1.2877,43.79,1.558,38.5,46.3,0.622,354,1.38,2393,48.56,63.14,11.15,0
scene0557_01,00097,1.3069,21.78,1.464,51.2,3.4,2.113,846,3.65,14325,37.91,35.67,11.93,1
scene0216_00,00084,1.3531,44.58,0.842,73.4,3.8,1.196,752,1.55,3855,37.38,46.78,18.44,0
scene0505_02,00053,1.5542,23.03,1.888,14.5,0.2,2.14,1852,3.52,31196,25.88,17.0,6.11,0
scene0520_00,00040,1.4359,24.27,2.519,3.8,31.8,1.063,1508,2.1,7597,44.23,45.86,20.32,0
scene0313_00,00095,1.3954,36.41,1.588,44.3,2.2,1.128,759,1.97,6312,41.35,45.19,10.67,0
scene0262_00,00064,1.4531,48.79,1.301,85.0,0.0,0.934,427,3.99,3076,44.6,45.36,13.97,0
scene0427_00,00079,1.3413,35.3,1.429,58.1,17.6,1.449,399,3.82,4466,43.22,41.57,33.11,0
scene0030_02,00072,1.4513,21.46,2.314,20.2,17.5,1.487,1535,1.4,18929,35.03,43.44,29.64,1
scene0029_01,00082,1.5829,4.61,1.128,89.9,0.0,3.922,0,,524,60.5,76.0,29.36,0
scene0509_02,00059,1.2963,30.45,1.422,58.8,0.1,1.861,0,,1342,38.52,52.48,28.02,0
scene0359_01,00070,1.3918,32.21,0.904,76.9,18.0,2.106,395,0.27,4580,45.66,40.51,5.99,0
scene0026_00,00060,1.4045,44.3,0.66,99.5,0.0,1.564,0,,1695,31.56,26.9,4.82,0
scene0645_02,00084,1.3266,27.22,2.048,0.0,38.7,1.127,903,0.68,9518,37.6,58.86,9.36,0
scene0572_01,00084,1.4622,40.44,1.845,17.5,2.9,0.614,1603,1.64,5857,54.81,58.21,24.0,0
scene0304_00,00053,1.5027,23.22,1.809,28.9,0.0,2.243,882,0.94,15948,18.95,29.34,4.96,1
scene0316_00,00020,1.3774,32.46,1.986,0.2,54.5,0.857,1042,2.58,2821,80.68,82.14,13.22,0
scene0292_01,00034,1.3369,35.15,1.756,23.2,61.4,0.355,1349,2.27,7742,44.77,43.93,13.89,0
scene0558_01,00005,1.3352,37.05,1.501,49.2,7.8,1.249,364,0.37,6036,49.97,34.25,7.15,0
scene0545_02,00094,1.3376,45.28,1.373,74.1,40.0,0.709,439,0.43,2867,78.34,59.74,32.29,0
scene0443_00,00044,1.6718,27.91,2.37,2.0,0.0,1.679,487,3.32,9865,30.51,47.13,18.88,0
scene0613_01,00094,1.5404,26.93,1.649,35.9,4.7,1.928,604,3.3,7026,68.23,71.27,18.52,0
scene0556_01,00004,1.6094,28.53,1.79,21.8,8.2,1.912,111,17.3,3561,33.31,62.9,10.44,0
scene0291_02,00035,1.3941,24.04,2.292,4.9,12.1,1.019,2683,1.44,13929,51.07,57.54,10.54,0
scene0655_02,00061,1.3978,20.45,1.994,33.8,2.9,1.823,620,0.76,14807,20.57,29.08,11.34,1
scene0631_02,00056,1.4213,25.13,1.876,9.2,54.8,0.622,0,,3108,66.44,67.14,12.4,0
scene0187_01,00095,1.1707,39.9,1.787,28.6,90.7,0.173,2257,1.91,3041,94.57,82.77,11.11,0
scene0555_00,00012,2.0575,19.77,2.16,3.7,0.0,2.489,1180,4.49,18691,28.7,33.85,10.54,0
scene0341_00,00053,1.5166,12.47,2.145,6.8,0.1,2.648,174,1.75,6854,41.13,54.34,28.7,0
scene0439_01,00070,1.4738,19.61,2.078,0.0,15.7,2.178,291,3.41,21093,39.86,29.87,4.75,1
scene0502_00,00094,1.4765,34.52,2.002,11.1,0.1,1.01,1124,6.41,7092,40.74,45.44,11.67,0
scene0126_00,00059,1.1472,23.93,1.666,30.4,35.8,1.439,1552,0.97,10527,46.62,55.05,18.51,0
scene0596_02,00074,1.2256,29.08,1.896,10.1,27.0,0.964,1475,0.56,10847,32.38,48.9,5.83,0
scene0291_01,00072,1.3193,24.22,2.192,6.6,3.0,1.089,3965,3.42,15970,52.16,61.29,11.57,0
scene0468_02,00097,1.2644,35.71,1.57,42.1,33.0,1.092,443,1.88,4314,54.54,53.82,18.91,0
scene0140_01,00035,1.4849,33.2,1.865,16.5,0.5,1.184,3215,2.0,17829,46.89,40.96,12.2,0
scene0515_00,00035,1.6239,14.36,1.46,57.2,0.7,3.142,1265,1.18,55837,18.1,19.96,6.9,0
scene0702_01,00004,1.1043,28.49,1.493,50.9,20.5,1.51,207,5.52,1578,82.7,80.69,19.36,0
scene0555_00,00079,2.0725,22.26,1.486,50.5,0.0,3.133,1963,5.58,22941,18.32,32.99,6.95,0
scene0613_01,00033,1.855,54.64,1.115,60.8,6.8,1.146,417,2.34,5577,77.26,75.34,30.17,0
scene0543_02,00035,1.3204,26.66,1.831,11.2,7.8,1.474,1137,3.34,7681,50.55,64.45,19.27,0
scene0109_01,00059,1.514,6.61,1.493,50.4,0.0,3.619,0,,4025,41.29,66.31,13.91,0
scene0472_01,00005,1.3945,27.21,1.97,21.3,20.5,1.67,535,2.83,6141,51.78,60.9,15.66,0
scene0540_02,00097,1.588,16.26,1.992,31.0,0.1,2.742,89,7.48,16096,34.34,39.94,16.4,0
scene0440_01,00080,1.4071,38.14,1.175,81.4,8.4,1.513,140,3.66,3113,61.13,60.12,6.21,0
scene0656_02,00076,1.3458,24.79,1.422,53.7,0.0,2.134,471,4.85,4374,45.02,53.52,15.43,0
scene0423_02,00094,1.3446,28.16,1.937,26.0,16.5,0.963,2175,3.02,7692,53.6,47.29,12.91,0
scene0195_00,00082,1.2933,35.67,1.434,75.3,0.0,1.325,19,,2015,16.97,17.76,15.8,0
scene0169_01,00005,1.6,24.8,1.766,38.8,3.7,1.476,3102,0.83,17762,44.44,35.12,9.84,0
scene0279_02,00018,1.7124,9.7,2.249,0.0,0.0,2.959,0,,11493,20.56,37.51,8.77,0
scene0203_02,00012,1.5857,20.61,2.422,1.8,0.0,1.615,1340,5.74,6924,58.59,60.6,13.23,0
scene0488_01,00053,1.469,18.82,1.511,48.3,0.0,2.801,0,,5009,44.14,40.3,25.31,1
scene0540_01,00059,1.3743,33.21,1.596,36.5,27.3,1.438,594,1.74,6608,30.92,61.01,23.45,0
scene0591_01,00060,1.4449,30.86,1.711,48.5,23.9,1.537,755,2.97,7832,49.89,41.83,8.45,0
scene0203_00,00076,1.4557,35.92,2.015,0.2,19.7,0.897,1051,4.51,8085,40.51,49.91,14.77,0
scene0487_01,00079,1.5045,13.24,2.682,0.0,0.0,1.782,0,,5417,31.29,86.17,17.88,0
scene0308_00,00087,1.1987,48.54,0.739,100.0,14.5,0.988,79,2.55,3513,39.8,25.81,0.55,0
scene0371_01,00004,1.3212,32.09,1.798,11.4,33.9,1.293,397,3.55,1494,94.04,89.77,26.75,0
scene0673_00,00087,1.46,15.29,1.725,26.3,0.0,2.676,280,10.41,8792,31.24,57.97,6.83,1
scene0309_01,00061,1.6388,29.57,1.789,38.8,0.0,1.86,130,1.91,10824,27.27,32.39,13.39,0
scene0375_00,00005,1.4945,35.96,1.168,86.8,4.0,1.852,0,,379,99.74,99.28,7.38,0
scene0016_00,00074,1.4214,28.89,1.64,42.2,14.7,1.484,589,1.14,9916,37.28,33.32,2.72,0
scene0478_01,00082,1.3552,21.69,1.572,35.3,5.1,2.383,75,12.84,1999,47.47,77.73,21.62,1
scene0698_01,00080,1.5231,17.9,1.874,5.5,2.4,2.543,208,2.91,10618,26.12,59.83,28.09,0
scene0039_01,00018,1.3765,31.81,1.809,33.7,6.5,1.27,245,0.76,7104,52.25,57.01,14.37,0
scene0248_00,00086,1.4489,25.33,2.365,16.6,9.0,1.187,2202,1.55,13842,41.48,43.68,23.57,0
scene0543_02,00050,1.4017,24.12,1.696,28.5,0.0,2.001,490,4.44,3329,53.08,47.97,9.68,0
scene0120_00,00041,1.3806,23.01,1.563,46.3,21.2,1.99,675,2.51,11771,36.84,46.61,16.84,1
scene0131_02,00086,1.5001,18.9,2.524,0.0,4.0,1.799,686,1.03,11518,44.39,62.01,19.44,1
scene0014_00,00082,1.5821,2.6,2.176,26.2,0.0,3.416,0,,5370,27.28,89.77,10.84,0
scene0440_01,00059,1.4076,23.17,1.096,75.9,0.0,2.512,512,4.53,14035,33.25,15.75,9.6,1
scene0387_02,00094,1.4399,26.38,2.869,6.2,54.4,0.614,2487,1.52,9839,51.25,71.57,26.68,0
scene0378_00,00073,1.5616,7.52,2.133,3.9,0.0,3.184,0,,10219,32.81,68.19,19.34,0
scene0485_00,00082,1.3681,32.31,1.772,6.9,21.9,1.304,200,0.95,4108,36.22,44.02,17.83,0
scene0206_00,00056,1.3217,30.33,1.597,34.0,6.4,1.65,195,4.29,9616,26.73,51.6,13.93,0
scene0393_02,00048,1.5213,27.02,2.235,28.4,32.2,1.342,1871,0.41,13330,33.67,55.86,16.52,0
scene0092_01,00084,1.2855,30.9,1.177,76.0,6.1,1.751,487,0.92,7983,50.81,30.31,15.62,0
scene0623_00,00070,1.3331,32.47,1.735,18.9,24.3,1.228,572,1.71,6424,43.77,63.26,25.94,0
scene0704_00,00059,1.4517,41.91,1.658,34.0,73.0,0.275,2296,0.29,6947,57.35,42.35,13.42,0
scene0574_02,00005,1.4549,32.99,1.172,90.6,0.0,2.014,14,,111,99.1,96.88,10.53,0
scene0479_02,00059,1.5966,15.36,1.548,46.0,0.0,3.169,0,,2274,57.48,46.17,13.01,0
scene0281_00,00041,1.5331,25.21,2.907,0.0,1.5,1.061,1884,0.37,7703,57.87,50.74,17.37,0
scene0022_01,00044,1.3496,32.66,1.539,43.7,1.4,1.406,1477,4.82,8596,48.07,45.66,15.57,0
scene0420_02,00004,1.4075,29.76,2.124,0.0,31.9,1.053,1270,0.47,7824,42.56,75.87,16.19,0
scene0360_00,00045,1.7375,9.59,1.575,37.1,0.0,3.139,0,,1526,69.86,92.52,23.33,0
scene0587_02,00070,1.4574,35.46,2.176,7.5,91.0,0.045,2884,3.95,7751,58.48,54.99,12.79,0
scene0161_02,00051,1.4762,44.67,1.647,32.4,51.3,0.587,1390,1.71,4305,68.57,77.61,27.49,0
scene0057_01,00079,1.5385,27.58,1.644,24.4,5.2,2.128,221,5.17,5010,12.51,37.26,7.23,0
scene0013_02,00050,1.3183,30.06,1.853,25.8,33.7,0.734,3145,2.89,10226,63.21,56.21,7.89,0
scene0395_02,00087,1.5391,6.23,1.511,43.5,0.0,3.662,0,,7483,25.79,54.45,14.01,0
scene0485_00,00060,1.4547,35.21,1.759,21.9,19.7,1.315,204,0.56,3313,32.48,31.42,21.23,0
scene0573_00,00012,1.4113,31.08,0.913,100.0,0.0,2.533,0,,2203,46.26,27.67,5.31,0
scene0003_02,00060,1.4042,17.59,1.555,40.3,0.0,2.874,10,,3865,69.03,49.68,10.69,1
scene0579_00,00033,1.4414,28.77,2.292,1.0,55.8,0.902,1301,1.66,4813,49.47,73.01,19.29,0
scene0679_00,00050,1.4069,41.25,0.89,96.1,0.8,1.519,79,2.53,1694,74.56,48.13,6.79,0
scene0242_01,00082,1.3729,24.51,1.095,98.3,0.0,2.772,0,,2310,37.19,73.9,12.26,0
scene0268_00,00059,1.6381,8.49,1.334,99.3,0.0,4.035,0,,918,80.72,92.12,75.46,0
scene0395_00,00059,1.8263,43.54,1.243,57.3,1.1,1.587,747,2.16,11457,30.56,32.27,21.5,0
scene0197_01,00035,1.3861,22.46,1.024,93.7,0.0,2.894,0,,3387,54.33,70.21,40.66,1
scene0398_01,00056,1.5851,29.16,1.329,56.7,7.8,2.099,416,3.13,10117,28.97,41.02,3.08,0
scene0360_00,00062,1.6088,21.14,1.642,27.9,0.0,2.765,0,,2779,46.31,77.76,11.82,0
scene0472_01,00094,1.4947,28.09,1.288,82.7,0.0,2.425,0,,1932,59.78,52.16,22.17,0
scene0667_01,00060,1.639,11.27,2.808,0.0,0.0,1.804,1864,10.46,19594,35.38,41.23,13.56,0
scene0702_01,00012,1.2616,46.39,1.25,89.5,22.1,0.767,182,6.18,1165,86.09,81.61,18.81,0
scene0582_00,00018,1.5573,17.91,2.161,0.0,5.6,2.304,180,14.45,6947,28.14,72.84,21.71,0
scene0558_00,00004,1.3884,24.04,1.516,48.0,0.0,2.232,46,,6589,42.05,57.49,14.91,0
scene0332_02,00080,1.4185,28.07,1.875,26.9,31.1,1.634,416,1.89,7544,49.48,54.44,16.55,0
scene0103_01,00080,1.2724,36.42,1.429,58.0,20.1,1.175,341,0.63,2171,55.0,69.85,20.76,0
scene0594_00,00088,1.425,30.41,2.297,0.5,76.8,0.427,2582,0.48,6933,66.03,61.1,11.08,0
scene0258_00,00018,1.5812,22.37,2.545,0.0,0.1,1.596,1039,8.28,6925,59.58,53.76,9.34,0
scene0674_00,00097,1.6938,30.97,1.831,30.8,0.0,1.71,1288,6.59,11579,32.1,24.62,3.65,0
scene0445_01,00058,1.7526,13.5,1.839,5.3,0.0,3.164,3,,2316,89.59,80.75,20.21,0
scene0286_03,00044,1.558,4.86,1.887,0.5,0.0,3.416,0,,3946,38.34,94.41,11.23,0
scene0439_01,00072,1.4846,19.31,2.225,1.5,15.9,2.087,403,1.77,17491,45.81,38.8,10.34,1
scene0449_01,00081,1.2447,41.26,1.33,82.2,9.8,0.957,0,,564,51.06,72.0,15.51,0
scene0211_01,00035,1.3115,35.49,1.674,23.5,34.5,1.109,428,0.4,2714,60.24,73.48,40.17,0
scene0286_03,00079,1.4169,27.42,1.908,30.1,3.9,1.555,316,2.71,9981,55.58,66.94,20.22,0
scene0640_02,00048,1.339,28.97,2.092,9.6,42.1,0.968,1410,0.2,10185,44.18,61.25,26.6,0
scene0268_02,00073,1.3508,43.94,1.299,73.2,4.5,0.946,31,,1857,20.03,22.54,29.75,0
scene0254_00,00070,1.427,17.72,2.071,17.3,0.9,2.152,422,1.65,6476,27.61,50.74,12.28,1
scene0691_00,00082,1.3767,19.4,2.462,26.2,2.5,1.618,403,2.63,9314,25.36,46.17,16.88,1
scene0559_02,00056,1.4472,39.66,0.977,77.8,14.8,1.279,1280,0.84,6751,41.09,38.22,13.72,0
scene0283_00,00050,1.2887,25.42,2.13,15.7,41.0,1.332,892,3.96,4008,46.31,66.32,23.08,0
scene0475_02,00073,1.5206,34.43,2.129,0.0,10.3,0.873,1942,0.14,15578,32.55,37.94,12.12,0
scene0310_01,00087,1.4519,27.81,1.774,42.4,22.2,1.705,447,2.04,2611,78.86,74.17,25.06,0
scene0693_00,00059,1.2179,41.59,1.37,82.9,28.9,0.761,184,1.02,882,51.13,37.88,20.67,0
scene0242_01,00080,1.3672,22.54,1.137,84.9,0.0,2.824,4,,2283,36.05,71.46,17.18,1
scene0603_01,00072,2.5178,30.19,1.614,40.5,0.0,2.938,348,2.97,10760,30.15,61.03,19.36,0
scene0192_00,00041,1.5176,42.54,1.735,28.0,11.9,0.619,1802,1.75,5536,76.26,73.5,15.75,0
scene0002_00,00076,1.9171,39.02,1.124,91.5,0.0,2.471,285,7.49,5258,32.29,45.49,9.54,0
scene0485_00,00057,1.4674,34.97,1.756,22.5,18.4,1.357,187,0.91,3305,31.29,33.68,21.56,0
scene0569_01,00077,1.4593,26.15,1.25,63.7,0.1,1.813,1345,0.47,6652,44.48,41.33,14.78,0
scene0439_01,00076,1.5595,14.19,2.638,0.0,11.3,2.007,387,2.7,18874,29.22,38.0,13.54,0
scene0206_01,00080,1.3355,31.46,1.299,66.8,0.0,1.593,460,7.2,6218,28.98,33.08,8.78,0
scene0232_02,00094,1.246,36.31,0.977,99.7,3.2,1.574,21,,2573,38.79,56.22,11.79,0
scene0211_02,00048,1.4334,20.43,1.927,5.1,10.4,2.244,260,0.78,6714,58.01,48.41,21.51,1
scene0581_01,00076,1.3189,25.58,1.471,50.9,15.9,2.091,220,2.59,6229,24.53,44.75,16.94,0
scene0006_02,00044,1.4368,15.33,2.328,21.4,0.0,2.272,485,1.83,7955,62.29,65.23,14.14,1
scene0157_01,00063,1.3774,34.07,1.574,42.1,15.5,1.561,223,1.4,2723,50.2,64.73,14.09,0
scene0254_01,00012,1.3336,19.09,1.555,44.5,0.0,2.429,795,5.46,11595,14.64,24.3,1.89,1
scene0261_02,00044,1.3797,18.02,1.181,78.1,0.0,3.087,0,,2365,72.3,82.51,19.33,1
scene0002_00,00070,1.7892,49.19,1.178,94.4,0.0,1.37,169,8.39,4250,29.79,46.91,4.38,0
scene0100_02,00072,1.4399,12.12,1.516,49.0,0.0,3.326,0,,1943,37.06,42.27,19.51,1
scene0545_02,00045,1.3877,38.18,1.85,25.5,57.1,0.712,1373,0.36,4732,54.54,57.03,12.92,0
scene0232_01,00072,1.6849,23.77,1.402,64.5,0.0,2.063,0,,2583,30.55,60.67,24.2,0
scene0214_01,00041,1.5325,18.57,1.45,55.3,5.5,2.679,274,4.51,17159,9.64,48.28,14.34,0
scene0320_02,00080,1.3619,22.24,1.776,34.1,17.6,1.792,740,3.32,7215,60.29,50.29,17.13,1
scene0474_05,00090,1.388,26.9,1.925,10.7,16.3,1.53,204,1.82,6477,54.41,71.63,26.96,0
scene0025_00,00087,1.513,23.36,1.84,9.8,8.8,2.195,232,0.76,14646,15.51,44.48,16.55,1
scene0138_00,00061,1.4983,20.76,2.633,4.4,14.2,1.462,974,1.51,16293,32.73,59.23,18.22,1
scene0361_02,00048,1.166,54.38,1.168,91.9,37.3,0.386,472,2.73,1619,79.62,43.23,6.27,0
scene0032_01,00077,1.3604,33.05,0.858,88.6,10.9,2.064,490,2.12,8593,35.82,28.32,2.43,0
scene0673_01,00073,1.3106,28.02,2.002,5.1,0.0,1.281,747,3.86,5895,41.42,47.9,11.97,0
scene0569_01,00050,1.5921,19.35,3.339,14.3,0.1,1.434,1921,1.73,10216,49.54,50.89,11.24,0
scene0462_00,00059,1.3655,22.21,1.588,42.3,8.1,2.301,109,1.13,14932,24.35,52.67,26.6,1
scene0146_02,00018,1.2143,28.51,1.464,57.9,19.0,1.734,144,3.85,1301,75.56,90.05,23.66,0
scene0088_01,00094,1.3493,20.18,1.766,42.5,0.3,1.865,1446,2.79,14579,40.25,38.92,20.31,1
scene0557_00,00020,1.3176,26.6,1.352,65.3,4.2,2.005,358,6.3,12847,26.09,21.05,10.13,0
scene0204_02,00041,1.4711,34.48,1.962,15.2,7.1,0.996,1855,0.27,7448,62.16,44.82,22.97,0
scene0164_02,00074,1.527,5.59,1.464,59.4,0.0,3.702,0,,12583,18.06,57.61,28.2,0
scene0543_00,00060,1.3449,20.91,1.277,77.3,0.4,2.695,93,2.77,1285,50.66,89.79,11.35,1
scene0069_00,00039,2.8697,2.34,1.889,16.7,0.0,1.985,0,,218,53.67,92.86,44.58,0
scene0312_01,00018,1.5577,25.98,2.482,0.0,1.0,1.306,1095,6.3,8782,25.24,36.56,5.83,0
scene0170_02,00005,1.2279,42.63,1.029,98.5,8.3,1.105,50,7.84,1588,91.5,86.78,29.46,0
scene0579_02,00094,1.5096,21.57,1.915,5.0,0.4,2.152,222,2.86,1877,61.96,69.91,13.48,1
scene0640_00,00080,1.3991,27.96,1.8,15.7,39.9,1.321,1112,0.85,13924,27.51,41.0,10.4,0
scene0088_00,00053,1.5958,27.46,2.462,13.1,25.2,1.162,2470,1.03,16454,43.58,54.9,20.58,0
scene0623_00,00041,1.4915,28.2,1.163,93.8,0.0,2.59,61,9.7,11202,9.55,37.99,0.96,0
scene0346_01,00056,1.4059,22.41,1.41,68.5,1.0,2.551,2,,2826,36.02,65.8,25.04,1
scene0338_02,00072,1.4899,22.05,1.756,7.1,2.2,2.285,78,12.68,2981,72.63,75.66,22.31,1
scene0029_00,00087,1.3572,25.98,1.053,91.9,1.0,2.548,1,,632,42.88,56.95,12.61,0
scene0645_01,00087,1.2841,38.01,1.382,66.4,42.5,0.925,3193,0.41,8610,63.87,45.55,7.25,0
scene0662_00,00057,1.5269,17.17,1.34,86.3,0.0,3.265,0,,33,100.0,100.0,26.26,0
scene0253_00,00050,1.6291,25.0,1.531,47.0,0.0,2.504,247,0.87,3607,59.08,54.42,21.25,0
scene0089_01,00079,1.4608,24.51,2.081,28.7,13.8,1.771,750,0.38,6606,59.23,58.74,17.91,0
scene0501_00,00084,1.3921,43.15,1.459,59.4,27.1,0.897,242,6.72,2130,63.85,80.27,18.86,0
scene0150_02,00033,1.2893,32.61,1.737,32.3,49.9,1.035,980,1.73,5001,51.83,68.73,16.74,0
scene0214_02,00092,1.4055,37.47,1.623,32.6,25.7,0.963,567,4.27,4715,24.77,43.68,18.11,0
scene0692_03,00080,1.4428,13.02,2.384,28.5,2.2,1.895,354,1.78,5685,66.53,33.51,8.18,1
scene0557_01,00059,1.3237,22.21,2.145,10.7,24.5,1.465,1072,2.05,25033,37.52,40.72,12.58,1
scene0232_02,00082,1.2794,38.77,1.244,78.5,19.8,1.121,125,1.62,2655,65.39,63.53,13.49,0
scene0038_01,00072,1.4974,31.79,1.694,38.3,18.2,1.443,487,2.46,8976,31.62,52.85,38.81,0
scene0403_01,00060,1.5819,32.07,2.049,14.4,0.0,1.211,2591,3.06,13703,42.52,46.59,8.45,0
scene0551_00,00050,1.2979,29.88,1.377,56.7,2.2,2.154,376,2.01,3018,53.94,44.82,22.2,0
scene0068_01,00076,1.5428,17.01,1.577,28.5,0.0,3.055,0,,4024,75.52,42.49,7.43,0
scene0177_00,00082,1.6084,6.38,1.684,8.3,0.0,3.685,0,,3901,57.34,80.48,13.02,0
scene0273_01,00048,1.4491,26.42,2.339,0.0,15.6,0.902,1384,0.16,4690,67.87,58.27,9.24,0
scene0425_01,00041,1.4502,17.72,1.883,19.9,1.1,2.55,105,6.2,6746,32.37,50.82,19.9,1
scene0362_02,00048,1.366,16.43,2.1,7.5,0.0,2.344,615,6.3,5948,51.82,56.9,17.77,1
scene0123_02,00074,1.491,24.94,2.585,4.7,32.0,0.561,1598,0.13,6116,46.58,71.95,22.73,0
scene0220_00,00050,1.6363,16.2,2.029,14.6,0.0,2.816,106,3.49,9510,42.44,20.38,6.35,0
scene0181_00,00051,1.5851,25.67,2.156,6.2,0.0,1.836,487,1.5,5793,39.31,57.42,28.07,0
scene0266_00,00080,1.3138,24.28,1.962,5.5,0.0,1.509,1153,7.84,8982,46.93,47.3,18.7,0
scene0029_02,00084,1.4428,15.72,0.98,100.0,0.0,3.628,0,,343,52.19,52.17,54.58,1
scene0390_00,00073,1.4377,16.21,1.34,62.2,0.0,3.242,7,,2580,61.2,65.94,11.76,1
scene0142_00,00033,1.5001,19.09,2.145,1.3,0.0,1.856,1117,5.81,21557,23.42,40.53,15.41,1
scene0320_02,00061,1.3491,31.19,1.409,63.5,0.0,1.79,300,3.19,3441,50.65,46.57,3.67,0
scene0121_01,00079,1.3488,20.77,1.12,98.0,0.0,2.908,0,,686,53.79,55.88,12.47,1
scene0451_05,00012,1.7219,20.08,2.684,0.0,0.0,1.773,1421,0.34,22511,17.63,41.26,7.71,0
scene0086_00,00004,1.5933,14.19,1.738,9.3,0.0,3.107,0,,8779,13.69,61.2,20.29,0
scene0596_01,00084,1.4387,17.21,2.485,1.1,23.9,1.565,1052,1.95,11183,31.27,65.92,14.64,1
scene0158_01,00079,1.3705,15.21,1.809,39.6,7.4,2.813,176,2.93,4796,39.62,69.21,28.73,1
scene0425_01,00074,1.3064,32.5,1.114,72.7,0.0,1.818,102,1.88,3801,59.77,48.6,21.07,0
scene0155_01,00044,1.3294,23.87,2.1,15.3,10.2,1.454,619,2.25,8570,35.85,60.76,16.85,0
scene0505_03,00020,1.3865,22.71,2.328,0.7,0.0,1.78,1148,6.26,10447,37.62,52.67,12.8,1
scene0231_01,00059,1.4536,42.62,1.486,51.8,0.0,0.919,1928,1.27,8448,67.41,38.48,8.75,0
scene0369_00,00056,1.6729,6.87,2.969,0.1,1.0,2.292,292,4.75,13512,24.96,61.5,30.7,0
scene0652_00,00075,1.5926,17.67,1.831,32.5,0.0,2.376,649,5.54,9371,42.58,48.41,19.41,0
scene0024_02,00050,1.4456,23.09,2.281,18.1,21.6,1.481,1384,0.06,12434,46.82,54.05,25.94,1
scene0022_00,00035,1.5697,20.8,2.015,5.9,0.0,2.187,1244,11.53,15628,19.24,42.2,14.72,0
scene0410_01,00061,1.4613,36.05,1.539,43.9,6.8,1.432,15,,902,73.5,60.39,22.37,0
scene0173_00,00005,1.4436,23.46,1.912,22.5,0.0,1.905,1110,2.69,24915,17.0,34.67,23.9,1
scene0086_02,00033,1.443,19.22,2.555,20.9,20.5,1.938,790,2.64,3920,46.17,73.95,8.89,1
scene0642_03,00094,1.3954,16.54,2.241,25.7,1.1,2.18,499,4.88,12094,39.47,55.87,15.37,1
scene0056_00,00004,1.53,17.15,2.597,0.0,0.0,1.35,2220,2.09,22090,42.1,34.48,10.31,0
scene0160_00,00012,1.3058,33.04,1.547,45.4,13.2,1.103,670,2.94,7260,38.02,55.64,24.49,0
scene0587_02,00050,1.8759,44.6,1.471,51.8,17.1,0.539,2046,8.22,9135,37.64,26.05,1.05,0
scene0501_01,00005,1.4577,49.01,1.075,96.1,2.4,1.047,46,,1202,79.45,83.03,16.37,0
scene0434_02,00073,1.3007,26.46,0.737,100.0,0.0,2.776,0,,404,54.21,77.06,14.1,0
scene0574_02,00061,1.4701,65.99,0.688,100.0,0.0,1.069,265,1.87,2561,29.95,17.76,4.33,0
scene0347_02,00048,1.4053,26.54,1.307,76.3,3.6,2.312,22,,3661,60.58,70.14,24.02,0
scene0350_00,00076,1.383,26.22,1.631,48.5,0.0,1.972,420,0.91,5621,25.17,48.1,16.57,0
scene0070_00,00095,1.4405,6.06,1.809,16.5,0.0,3.21,3,,7341,57.99,65.25,13.29,1
scene0173_01,00004,1.5442,12.55,3.066,9.4,0.2,1.739,430,3.7,4085,36.55,43.17,17.91,0
scene0132_01,00060,1.507,44.91,0.955,91.6,5.5,1.464,58,24.17,6525,14.16,35.67,5.06,0
scene0006_02,00070,1.4697,7.35,2.635,4.0,0.0,2.538,47,,35037,19.43,55.66,15.43,1
scene0109_01,00041,1.3816,32.72,1.45,53.3,18.2,1.777,198,1.25,6514,38.12,63.84,15.77,0
scene0164_02,00060,1.304,27.97,1.299,80.7,7.7,1.942,91,11.81,6351,44.48,39.96,8.05,0
scene0426_01,00074,1.5401,19.39,1.725,33.8,0.0,2.714,18,,5235,64.3,58.76,12.73,0
scene0181_00,00082,1.4339,36.29,1.778,27.0,0.0,0.88,1219,1.42,8708,47.11,51.94,12.18,0
scene0353_02,00072,1.4818,12.84,1.756,7.1,0.0,2.979,0,,11261,20.19,61.22,17.04,1
scene0666_01,00073,1.6191,9.24,1.049,97.8,0.0,4.175,90,5.18,9154,9.61,29.69,6.12,0
scene0633_01,00070,1.5257,2.47,2.403,3.1,0.0,2.847,0,,6413,36.82,76.9,8.47,0
scene0153_01,00094,1.3096,24.59,1.154,99.9,0.0,2.517,0,,1053,51.95,58.71,26.52,0
scene0107_00,00061,1.3905,18.8,2.002,31.5,0.4,2.133,297,2.21,8736,79.38,78.4,22.24,1
scene0273_01,00097,1.3058,34.4,1.544,47.4,9.2,0.982,1230,0.05,7220,69.78,54.84,11.51,0
scene0673_02,00044,1.4632,29.12,1.988,20.6,3.1,1.483,1235,6.48,17093,33.5,36.31,24.22,0
scene0274_02,00018,1.4228,15.91,1.988,10.4,0.9,2.608,222,4.32,3224,62.75,68.84,17.05,1
scene0400_00,00049,1.5367,6.56,2.131,10.5,0.0,3.158,0,,9401,46.17,60.44,14.85,0
scene0109_01,00060,1.5107,5.45,1.572,45.4,0.0,3.577,0,,4380,39.22,67.94,19.74,1
scene0215_00,00050,1.3536,29.49,2.192,23.5,9.6,1.295,1044,0.06,7727,37.94,58.43,13.39,0
scene0524_00,00035,1.3909,25.3,1.396,58.3,0.1,2.535,72,8.32,2940,67.65,32.31,16.01,0
scene0254_01,00018,1.3678,19.83,1.322,68.2,0.0,2.627,624,5.29,8558,17.04,32.04,7.36,1
scene0493_00,00041,1.4008,27.86,1.809,22.6,0.0,1.232,0,,3346,39.51,43.71,9.44,0
scene0035_01,00074,1.3249,39.81,1.426,61.6,26.0,0.972,212,0.61,2595,57.03,69.57,13.03,0
scene0398_01,00074,1.4452,24.44,1.942,3.0,15.8,1.956,229,4.17,5873,55.34,56.33,17.61,0
scene0511_01,00050,1.437,17.63,1.745,22.1,0.0,2.476,289,4.17,4362,38.03,33.7,13.8,1
scene0589_01,00094,1.7122,5.44,2.155,0.0,0.0,2.901,0,,5584,68.23,78.36,42.79,0
scene0662_00,00051,1.5806,9.46,1.328,78.9,0.0,3.791,0,,40,100.0,100.0,8.75,0
scene0420_02,00048,1.4803,23.5,2.569,19.0,6.0,1.501,1219,0.78,10640,49.97,55.14,34.07,1
scene0214_01,00018,1.3876,32.88,1.471,54.9,19.2,1.611,204,1.4,3393,59.39,61.15,18.93,0
scene0623_00,00079,1.3735,17.52,2.589,0.0,3.7,1.551,1133,4.14,18413,25.38,54.52,11.54,1
scene0140_01,00074,1.4179,28.55,1.725,34.4,13.5,1.376,4196,1.28,23691,51.15,37.26,8.99,0
scene0042_02,00074,1.3898,27.87,1.551,45.6,13.8,1.972,75,10.79,1060,83.4,86.58,31.27,0
scene0150_01,00073,1.6112,35.26,1.719,44.4,27.4,1.347,1667,0.95,8718,42.98,40.92,7.87,0
scene0457_01,00079,1.3043,37.01,1.439,58.9,12.9,1.227,250,0.66,4148,65.86,64.98,20.74,0
scene0168_01,00084,1.5197,44.06,1.501,49.8,17.0,0.847,1219,0.23,5166,54.53,48.68,7.9,0
scene0504_00,00044,1.4919,5.14,2.224,14.3,0.0,3.065,0,,4972,62.83,70.28,13.98,0
scene0268_00,00073,1.3786,42.35,1.083,95.0,8.1,1.252,106,3.13,1445,64.01,66.89,12.96,0
scene0641_00,00070,1.4674,35.28,1.989,5.8,0.7,0.798,1649,0.08,12947,52.49,60.68,17.34,0
scene0149_00,00064,1.583,6.7,1.322,79.9,0.0,3.886,0,,3837,55.28,35.81,12.51,0
scene0105_01,00004,1.322,40.33,1.45,60.7,25.9,0.928,186,1.21,868,86.75,79.02,18.75,0
scene0605_01,00066,1.714,7.57,3.062,7.9,0.0,2.168,166,20.21,8635,28.2,50.49,19.98,0
scene0673_00,00097,1.3878,30.87,1.649,33.3,0.0,1.525,749,5.97,12034,37.36,50.63,20.34,0
scene0205_00,00087,1.5196,13.38,2.292,0.0,7.7,2.092,263,0.91,3055,53.09,84.29,27.02,0
scene0234_00,00063,1.3634,39.59,1.606,40.1,0.5,0.684,1738,0.16,6448,62.38,53.81,4.38,0
scene0086_00,00079,1.3725,31.17,2.084,0.0,48.3,1.087,840,0.59,2193,58.55,73.87,8.2,0
scene0640_00,00020,1.3379,33.41,1.532,47.1,13.2,1.118,1092,1.09,8521,74.42,62.97,6.98,0
scene0593_01,00063,1.5642,9.04,1.516,47.0,0.0,3.558,328,0.91,22933,25.33,16.01,7.04,0
scene0282_02,00053,1.3913,21.55,1.464,53.6,0.0,2.676,39,,633,70.14,34.96,20.7,1
scene0282_02,00094,0.9867,29.65,1.429,56.8,46.5,1.097,518,3.9,2966,65.37,55.31,9.93,0
scene0545_01,00004,1.5172,33.15,1.165,82.9,0.0,2.15,82,4.19,4376,45.77,45.35,11.02,0
scene0485_00,00084,1.3594,32.99,1.759,6.9,24.0,1.241,223,1.1,3938,37.23,41.74,17.66,0
scene0545_01,00079,1.4988,35.15,1.695,33.3,34.7,1.376,711,1.21,5646,64.82,60.25,20.2,0
scene0123_01,00018,1.5281,22.31,3.094,0.0,26.1,1.103,2051,1.54,7673,62.41,75.84,19.23,0
scene0375_00,00020,1.4341,41.54,0.955,97.1,7.2,1.57,114,0.87,886,60.72,50.9,22.62,0
scene0277_02,00073,1.4574,33.63,1.833,33.2,24.1,1.606,572,3.12,2582,70.14,61.39,20.0,0
scene0055_02,00094,1.434,29.85,1.97,15.2,30.3,1.359,0,,2025,80.64,89.25,9.67,0
scene0420_01,00082,1.4165,25.14,2.059,12.2,26.0,1.479,1378,1.18,7609,57.84,50.4,17.18,0
scene0123_01,00059,1.4707,25.81,2.728,0.0,30.9,0.691,2258,1.09,6019,56.9,82.61,24.67,0
scene0474_02,00059,1.5772,5.53,1.839,0.0,0.0,3.214,0,,11614,4.78,69.11,16.82,0
scene0022_01,00005,1.4068,19.12,2.365,0.3,0.0,1.557,2782,9.74,29629,18.55,24.8,13.71,1
scene0663_01,00093,1.6766,29.16,2.057,7.8,0.0,0.794,0,,1811,53.95,98.59,13.05,0
scene0140_01,00018,1.4765,27.69,1.912,23.9,0.0,1.551,2164,2.67,16630,47.94,48.61,21.55,0
scene0301_01,00063,1.2625,21.6,1.937,1.1,19.5,1.372,461,4.67,6664,53.3,65.1,12.89,1
scene0427_00,00076,1.3444,38.01,1.422,64.3,23.3,1.293,233,3.24,2988,35.44,53.6,13.63,0
scene0655_00,00060,1.6552,8.96,2.335,0.0,0.0,2.963,0,,5484,26.7,77.15,13.98,0
scene0286_02,00004,1.3724,28.12,1.942,18.5,14.2,1.567,165,2.02,8681,52.3,68.77,27.24,0
scene0403_01,00072,1.5965,33.7,1.907,21.0,0.3,1.241,3547,1.25,16913,38.54,40.68,11.83,0
scene0505_02,00060,1.5524,26.84,1.493,51.2,3.0,2.03,3632,0.15,26165,38.57,26.6,3.37,0
scene0271_01,00061,1.5286,17.03,2.422,14.7,2.5,2.161,141,5.09,16885,35.48,44.3,15.69,0
scene0046_01,00041,1.5123,12.72,1.732,27.4,0.0,3.277,0,,2743,43.02,59.69,5.79,1
scene0161_01,00072,1.5991,40.64,1.817,18.0,47.4,0.673,1072,0.43,4342,51.98,60.56,21.35,0
scene0197_02,00079,1.6291,4.6,1.555,45.2,0.0,3.534,0,,3847,43.18,81.31,15.78,0
scene0155_00,00080,1.5613,32.07,1.809,16.2,1.2,1.307,3930,2.42,21252,52.91,34.79,21.14,0
scene0202_00,00061,1.5502,31.32,2.189,0.0,26.2,1.292,627,5.21,8965,32.5,68.27,7.92,0
scene0472_02,00060,1.4359,31.99,1.688,35.9,11.2,1.642,442,2.79,7686,43.48,49.1,28.06,0
scene0173_01,00070,1.6596,14.54,2.682,19.0,0.0,2.39,268,3.68,7134,25.61,45.26,19.57,0
scene0121_02,00061,1.461,9.1,1.82,6.8,0.0,3.254,0,,1359,83.3,71.09,10.48,1
scene0353_02,00056,1.5257,7.12,1.888,2.0,0.0,3.199,0,,6902,28.14,80.5,20.23,0
scene0509_02,00020,1.3132,30.36,1.103,92.0,8.0,2.294,90,12.28,893,55.54,44.69,21.09,0
scene0557_00,00097,1.438,17.29,1.416,55.0,0.0,2.892,109,3.71,10242,41.89,46.95,13.27,1
scene0010_00,00018,1.4645,12.64,2.346,14.7,0.0,2.535,166,5.16,12634,40.94,42.8,20.85,1
scene0127_00,00049,1.3951,38.29,1.66,21.4,41.9,0.92,452,0.81,2699,86.25,67.59,9.36,0
scene0505_01,00059,1.3911,26.6,1.912,18.0,2.2,1.792,857,6.14,15912,23.49,41.06,16.03,0
scene0002_00,00072,1.8489,60.78,1.071,95.6,0.0,1.289,195,9.2,3776,29.16,45.78,3.23,0
scene0115_01,00041,1.6241,12.77,2.697,0.0,1.5,2.135,511,5.12,5434,37.98,53.57,4.82,0
scene0031_01,00044,1.425,27.89,1.966,15.0,0.1,1.009,2544,0.17,14567,48.79,36.77,3.2,0
scene0219_00,00076,1.3827,36.5,0.968,64.1,15.0,1.337,888,2.28,7418,76.73,63.04,12.01,0
scene0517_02,00063,1.2971,25.82,1.605,42.0,0.1,2.049,135,3.14,8482,37.92,54.57,25.88,0
scene0222_00,00087,1.6093,11.02,2.176,33.2,6.2,2.495,810,2.33,13141,61.9,48.84,7.32,0
scene0462_00,00020,1.3681,31.34,1.443,55.4,0.1,1.772,192,0.86,5247,57.35,44.84,19.49,0
scene0375_00,00035,1.4395,42.9,1.035,97.8,7.9,1.372,26,,552,88.22,91.9,35.02,0
scene0179_00,00063,1.5145,26.01,1.826,38.1,1.2,1.882,956,0.23,9623,51.12,60.76,24.72,0
scene0203_02,00073,1.7571,20.9,3.231,0.0,0.0,1.612,1768,6.23,11952,36.1,32.37,12.0,0
scene0312_02,00081,1.615,33.34,2.176,2.6,4.8,0.668,4441,1.09,11915,67.1,54.22,4.84,0
scene0311_00,00053,1.4582,20.2,1.362,78.9,0.0,3.094,0,,3843,18.06,34.49,14.33,1
scene0299_00,00022,1.5747,22.45,2.545,9.9,0.1,1.782,1254,5.38,29187,21.52,45.88,13.8,0
scene0673_00,00005,1.4878,33.85,1.831,18.9,7.4,1.212,1689,2.13,18964,25.9,29.28,10.48,0
scene0278_01,00059,1.3913,26.96,1.095,100.0,0.0,2.504,0,,2149,66.03,34.57,19.16,0
scene0609_00,00087,1.3476,26.0,2.224,0.0,49.6,0.931,1585,3.51,7488,64.04,67.7,15.16,0
scene0367_01,00047,1.6589,35.31,1.692,26.1,0.0,1.621,605,5.6,8141,31.1,47.28,25.35,0
scene0364_01,00084,1.4372,22.83,2.158,10.9,25.7,1.682,478,0.58,1963,69.38,84.45,9.02,1
scene0663_01,00070,1.7844,19.04,2.482,1.5,0.0,1.307,0,,3874,45.66,87.35,15.87,0
scene0501_00,00018,1.6941,9.19,1.167,100.0,0.0,4.131,0,,719,74.69,96.57,16.83,0
scene0579_02,00076,1.5001,28.92,2.251,8.7,31.7,1.266,779,4.43,2307,86.65,92.48,21.16,0
scene0468_02,00061,1.3435,24.37,1.83,34.3,24.6,1.839,570,4.11,10573,49.16,42.58,7.0,0
scene0347_01,00094,1.4048,24.31,1.175,100.0,0.0,2.699,0,,2759,47.92,78.5,16.48,0
scene0203_01,00047,1.4131,38.83,1.925,16.7,32.0,0.712,1441,3.99,9332,51.37,37.35,15.33,0
scene0503_00,00072,1.2585,38.02,1.245,65.0,31.2,0.966,1428,2.33,5175,52.17,43.8,11.97,0
scene0347_01,00095,1.41,23.76,1.196,99.9,0.0,2.731,0,,2816,49.82,72.25,14.13,0
scene0683_00,00058,1.5176,1.46,1.696,45.2,0.0,4.056,0,,998,75.25,91.15,29.37,0
scene0555_00,00004,2.0746,5.95,2.365,0.0,0.0,2.519,386,3.81,13229,38.31,41.31,13.32,0
scene0623_00,00086,1.3102,43.91,1.049,99.7,0.0,1.134,52,2.34,5063,22.54,39.08,12.28,0
scene0505_04,00048,1.5455,33.65,1.831,20.9,11.8,1.032,3856,0.56,14226,59.04,45.07,6.61,0
scene0675_00,00095,1.4453,28.79,2.453,0.0,51.0,0.907,1388,0.29,7578,66.55,67.31,21.47,0
scene0387_02,00033,1.4121,30.09,1.86,13.1,53.2,0.853,3348,1.02,9984,51.85,53.45,16.12,0
scene0640_02,00059,1.4446,32.02,1.409,59.5,5.5,1.914,452,0.46,8118,63.71,55.18,13.94,0
scene0663_01,00094,1.6641,31.43,2.043,9.6,0.0,0.636,0,,1453,59.05,95.59,16.75,0
scene0010_00,00073,1.4346,14.55,1.649,42.3,0.0,2.865,72,5.39,10104,39.43,38.66,16.78,1
scene0297_02,00059,1.5186,23.39,2.558,5.8,9.4,1.666,559,2.17,6653,60.26,62.92,28.82,0
scene0493_01,00084,1.4257,25.62,1.831,24.9,0.6,1.452,1110,2.78,4557,46.3,48.47,10.38,0
scene0687_00,00070,1.5109,27.54,1.299,78.5,1.2,2.356,16,,2211,43.46,38.35,15.86,0
scene0553_01,00034,1.3823,11.76,1.631,41.1,0.0,3.261,0,,415,99.52,98.23,57.15,1
scene0109_01,00005,1.3866,17.93,1.9,3.6,0.0,2.406,286,3.72,5401,25.0,28.12,17.26,1
scene0593_00,00070,1.3182,37.83,1.042,90.7,2.9,1.497,189,3.52,2885,63.78,60.35,13.49,0
scene0642_00,00059,1.338,23.73,1.888,30.7,5.7,1.702,1009,1.57,6368,36.93,45.83,9.34,0
scene0564_00,00082,1.6135,17.83,2.212,22.9,0.0,2.086,0,,4335,34.79,63.16,22.72,0
scene0617_00,00095,1.3572,31.69,1.756,34.1,0.0,1.322,1187,5.39,7527,45.68,35.99,14.77,0
scene0332_01,00076,1.4379,20.06,2.171,2.0,16.0,2.003,416,1.73,3844,53.95,75.64,11.21,1
scene0181_02,00091,1.4008,27.86,1.969,1.2,7.6,1.062,2985,1.31,19433,56.31,27.65,20.91,0
scene0261_03,00073,1.2897,34.74,1.266,86.8,16.7,1.496,141,3.19,3171,62.09,53.93,12.84,0
scene0448_01,00080,1.4406,59.33,1.322,84.8,30.7,0.521,55,3.7,683,45.68,51.88,17.29,0
scene0123_00,00060,1.499,29.77,2.047,7.5,0.1,1.084,1351,0.11,12931,21.97,45.56,13.64,0
scene0266_00,00050,1.4043,21.19,2.292,14.2,0.0,1.861,1021,5.63,9356,41.31,51.76,17.97,1
scene0255_01,00041,1.2812,31.22,1.745,26.7,38.8,1.117,649,1.13,3555,52.24,71.19,17.02,0
scene0515_00,00097,1.4552,22.22,2.094,8.2,23.3,1.78,925,0.21,22692,22.23,51.09,13.58,1
scene0150_02,00063,1.5007,27.41,2.052,15.2,34.2,1.483,895,0.82,6340,53.01,67.27,27.24,0
scene0603_01,00050,2.4259,28.8,1.766,23.8,0.0,2.585,1317,3.89,30426,18.9,26.27,9.49,0
scene0221_00,00005,1.6894,15.2,2.365,23.8,0.0,2.539,291,0.67,10281,17.37,53.5,10.52,0
scene0601_00,00018,1.3328,28.11,2.012,16.6,37.6,1.445,918,0.68,15159,29.96,46.71,23.85,0
scene0472_00,00053,1.4091,32.4,1.332,72.1,1.2,1.751,239,2.49,13242,21.07,44.89,23.9,0
scene0083_00,00071,1.3414,49.95,1.114,94.2,25.2,0.802,135,1.11,779,70.73,77.36,38.84,0
scene0362_03,00074,1.2535,21.99,2.115,8.3,20.2,1.764,791,3.86,5171,51.98,63.3,22.55,1
scene0545_01,00064,1.3992,35.98,1.5,49.9,20.4,1.466,424,5.11,4910,51.06,56.61,14.74,0
scene0163_01,00005,1.3763,21.89,2.258,18.3,17.2,1.486,1161,2.65,11411,41.4,43.63,21.72,1
scene0607_01,00073,1.3107,26.33,2.015,14.6,59.5,0.841,1914,1.66,5173,63.06,63.78,16.68,0
scene0111_00,00097,1.6391,3.13,2.945,0.0,0.0,2.281,0,,15956,23.75,76.7,19.82,0
scene0451_05,00079,1.7091,14.38,3.068,7.5,0.0,1.984,1342,0.39,34610,12.2,28.08,4.68,0
scene0214_02,00061,1.429,42.55,1.191,91.3,2.6,1.223,58,5.69,4437,30.22,51.68,12.43,0
scene0263_01,00048,1.6632,12.6,1.285,69.8,0.0,3.642,0,,999,96.6,98.96,33.51,0
scene0652_00,00059,1.4294,15.26,2.16,47.7,15.8,2.226,358,2.1,3575,29.57,64.98,28.31,1
scene0042_02,00044,1.3399,31.73,1.805,24.5,39.9,1.249,706,3.06,3532,54.53,75.0,32.31,0
scene0520_00,00088,1.575,17.22,4.328,5.8,0.1,0.437,2786,0.14,6834,65.69,62.25,10.34,0
scene0662_02,00058,1.5088,17.24,1.163,99.8,0.0,3.504,0,,136,100.0,100.0,38.6,1
scene0030_02,00061,1.4841,17.98,2.24,20.9,3.5,2.282,408,1.44,21125,9.89,33.22,27.78,1
scene0472_02,00018,1.4637,34.52,1.802,5.3,34.2,1.13,690,1.64,10691,42.47,58.29,14.36,0
scene0645_01,00044,1.2988,43.08,1.479,53.9,45.3,0.625,468,1.69,4306,35.88,51.52,16.01,0
scene0359_01,00089,1.4771,17.62,1.584,41.1,0.5,2.993,26,,3396,47.41,61.01,15.3,1
scene0278_01,00063,1.3971,30.41,0.997,100.0,0.0,2.315,0,,1945,74.29,21.22,15.8,0
scene0192_00,00005,1.5202,45.97,1.597,33.8,2.5,0.593,1875,3.74,5314,65.24,52.34,9.78,0
scene0476_01,00044,1.5812,18.27,2.315,20.9,0.4,2.207,674,1.86,10750,32.05,33.76,26.54,0
scene0264_00,00094,1.5888,8.77,1.605,28.8,0.0,3.562,0,,4395,23.34,85.36,15.19,0
scene0241_00,00060,1.3096,33.07,1.768,25.2,24.8,1.126,488,3.49,4484,51.63,69.26,9.89,0
scene0675_00,00035,1.5734,17.09,2.415,0.0,13.9,2.063,571,1.21,12990,51.96,50.04,8.41,0
scene0274_01,00033,1.4756,6.52,2.071,0.8,0.0,3.159,0,,5354,28.02,86.94,18.73,1
scene0593_00,00082,1.4958,5.49,1.614,41.9,0.0,3.408,656,4.86,32633,23.87,21.29,3.67,1
scene0297_02,00004,1.6153,19.79,3.109,0.7,6.9,1.395,1090,1.44,12857,54.95,69.22,27.81,0
scene0651_01,00076,1.3676,33.3,1.776,26.2,21.1,1.075,785,1.76,7002,36.96,69.92,28.55,0
scene0332_01,00060,1.5701,19.54,1.15,97.6,0.0,3.464,0,,1748,72.71,72.14,15.75,0
scene0304_00,00061,1.5223,21.1,2.115,27.0,1.2,1.674,1316,0.09,13070,31.94,65.02,8.2,0
scene0181_03,00063,1.3502,32.31,1.704,16.2,37.9,1.232,1156,0.97,12083,30.72,41.56,24.24,0
scene0028_00,00012,1.4932,25.32,2.357,10.6,17.5,1.294,1822,0.66,12126,35.14,39.85,25.23,0
scene0478_01,00035,1.366,18.39,1.842,0.0,6.2,2.307,57,22.65,3789,81.18,82.06,21.73,1
scene0604_00,00095,1.4089,34.72,0.948,73.0,26.3,1.736,2025,1.54,7611,81.63,56.36,5.86,0
scene0057_01,00070,1.6698,5.57,2.238,0.0,0.0,2.982,0,,8405,23.66,70.97,26.21,0
scene0061_00,00082,1.2951,29.7,1.798,23.4,22.2,1.314,1265,4.42,14084,53.96,45.44,9.31,0
scene0586_01,00070,1.4339,32.28,1.409,58.8,12.7,1.796,231,3.28,3549,43.65,65.1,19.38,0
scene0229_01,00048,1.4214,23.61,2.015,15.8,19.1,1.66,518,4.75,3604,39.68,63.48,38.61,0
scene0655_00,00021,1.504,33.99,1.668,32.4,3.7,1.322,736,0.62,5360,58.97,65.86,16.23,0
scene0392_01,00055,1.4745,8.76,2.808,2.7,0.0,2.335,454,5.68,10220,42.81,55.17,9.43,1
scene0346_01,00073,1.3404,29.71,0.984,99.7,0.1,2.399,1,,1248,70.11,63.65,18.13,0
scene0055_01,00057,1.3026,41.53,1.716,26.5,56.8,0.506,549,1.46,1284,80.37,86.12,17.08,0
scene0558_02,00048,1.3497,33.68,1.631,32.2,1.2,1.214,465,1.1,3681,67.75,59.04,19.33,0
scene0400_00,00098,1.3477,28.27,1.777,8.4,23.1,1.596,342,2.49,5103,45.86,59.07,15.71,0
scene0214_00,00063,1.5598,13.54,1.479,52.9,0.0,3.463,0,,2231,51.5,81.46,21.48,0
scene0536_00,00050,1.4547,33.8,1.962,24.1,0.0,0.952,2026,4.57,12653,42.2,42.34,13.71,0
scene0055_02,00082,1.3558,32.81,1.372,71.3,0.1,1.712,0,,885,80.9,87.09,20.48,0
scene0251_00,00074,1.6921,31.08,1.773,15.7,0.0,1.715,2379,5.97,27976,18.81,24.05,8.32,0
scene0445_01,00094,1.696,22.59,1.935,0.0,2.8,2.384,107,8.17,10659,20.41,59.93,3.76,0
scene0299_00,00094,1.4221,26.8,2.1,11.8,0.0,1.265,1677,6.05,18448,26.84,40.28,12.72,0
scene0531_00,00004,1.1183,49.08,0.974,99.7,31.4,0.71,86,1.49,1198,62.77,51.59,13.64,0
scene0309_01,00035,1.7107,17.6,2.968,6.2,0.0,1.432,988,2.63,17550,21.86,31.65,5.31,0
scene0593_01,00056,1.381,22.7,1.725,31.8,0.1,2.112,289,2.61,5308,25.45,23.4,11.43,1
scene0055_02,00076,1.3516,27.32,1.464,54.0,3.0,2.015,0,,955,91.62,94.68,18.02,0
scene0387_00,00020,1.4866,27.96,2.183,10.6,1.1,0.771,1809,0.3,8039,48.2,40.79,19.75,0
scene0016_00,00053,1.3172,30.6,1.277,70.9,2.2,1.772,225,0.34,4004,34.77,47.26,17.96,0
scene0501_01,00082,1.7889,5.84,1.166,64.2,0.0,3.991,0,,2942,41.6,63.38,32.33,0
scene0271_00,00095,1.574,14.52,2.524,7.3,0.0,2.311,800,8.42,15737,20.8,40.08,13.37,0
scene0212_02,00074,1.5082,27.21,2.275,23.3,26.0,1.216,2188,1.53,13157,33.62,38.68,18.37,0
scene0466_00,00035,1.9877,31.05,2.748,0.1,4.1,0.845,4098,2.76,14785,46.9,37.76,4.82,0
scene0574_02,00076,1.5156,33.61,1.396,54.9,0.0,1.836,253,0.21,2285,63.72,75.25,14.75,0
scene0158_00,00073,1.3225,24.83,1.464,51.9,17.5,2.151,341,1.13,5900,34.54,45.96,9.63,0
scene0505_01,00044,1.3365,21.93,1.686,41.4,0.1,2.153,574,4.98,10670,32.89,42.42,11.85,1
scene0350_00,00035,1.3362,22.5,1.186,87.4,0.0,2.631,19,,1418,42.67,72.63,22.1,1
scene0086_02,00061,1.3558,29.58,1.601,36.5,23.0,1.709,302,3.94,6049,19.77,51.16,20.36,0
scene0203_01,00082,1.4901,38.42,1.776,16.8,3.9,1.05,1053,4.68,12829,31.99,32.37,13.38,0
scene0059_02,00050,1.6253,27.7,2.439,25.1,2.2,1.338,1212,0.27,11640,36.17,43.82,16.48,0
scene0502_00,00041,1.5463,22.05,2.241,13.1,0.0,1.916,980,4.7,12318,23.77,50.19,14.11,0
scene0073_02,00080,1.3254,30.41,1.614,26.2,5.6,1.546,311,0.62,1390,87.41,80.2,36.83,0
scene0628_01,00018,1.3947,26.88,1.859,34.8,18.3,1.66,680,0.35,6490,54.25,51.57,20.02,0
scene0686_02,00074,1.2851,38.45,1.716,30.5,48.8,0.705,682,0.14,1632,79.78,68.9,42.93,0
scene0174_01,00080,1.741,4.98,1.784,1.1,0.0,3.622,0,,9791,11.26,85.35,23.74,0
scene0025_00,00050,1.4725,34.08,1.901,1.7,20.5,1.259,243,1.05,8898,27.95,54.21,16.44,0
scene0445_00,00053,1.8257,27.28,1.662,28.1,0.0,2.577,114,4.32,5304,40.54,56.83,8.23,0
scene0258_00,00063,1.4109,22.89,2.384,17.1,24.1,1.222,1541,0.99,12229,44.18,55.78,15.74,1
scene0666_01,00033,1.5664,5.55,2.015,3.9,0.0,2.834,0,,33128,19.93,41.22,7.02,0
scene0640_01,00087,1.3681,32.16,1.493,50.7,29.9,1.456,708,0.28,8763,39.7,25.0,6.63,0
scene0571_00,00075,1.4035,32.17,0.852,93.0,0.0,2.228,1,,1218,13.38,43.97,1.89,0
scene0694_01,00094,1.5277,24.24,2.541,22.8,0.0,1.272,1710,3.08,13615,61.84,56.31,12.06,0
scene0121_01,00033,1.294,26.45,1.597,33.6,20.1,1.801,286,2.94,2623,31.15,40.71,22.53,0
scene0010_00,00004,1.3634,21.69,1.649,36.6,0.0,2.362,274,3.66,6861,44.82,37.79,19.55,1
scene0089_00,00084,1.4033,22.17,1.858,17.8,12.3,2.102,303,0.68,2486,71.52,63.78,20.21,1
scene0247_01,00084,1.463,28.28,1.937,30.3,0.0,1.352,979,4.83,8046,56.13,56.93,14.55,0
scene0025_02,00059,1.5369,23.19,1.808,13.5,6.2,2.143,245,4.28,10550,22.47,64.13,19.56,0
scene0627_00,00018,1.36,25.45,1.457,51.7,0.0,1.803,1844,4.31,29691,24.31,24.75,13.64,0
scene0623_00,00081,1.3986,17.54,2.384,0.0,3.2,1.746,961,3.86,18958,25.99,53.5,12.47,1
scene0030_01,00070,1.4635,19.28,2.316,11.3,19.7,1.761,1478,1.37,33685,21.9,47.33,23.16,1
scene0179_00,00084,1.4988,26.06,1.974,26.0,13.4,1.711,878,0.44,8143,54.22,59.68,26.29,0
scene0029_02,00068,1.2194,40.48,1.377,64.5,14.3,0.883,5,,608,66.28,57.44,23.76,0
scene0144_01,00035,1.3696,30.57,1.261,64.8,19.1,0.386,27,,5016,66.93,67.8,13.85,0
scene0022_00,00087,1.3981,29.85,1.842,16.2,5.0,1.409,1145,5.88,9320,31.68,48.68,23.55,0
scene0691_00,00084,1.3898,16.8,3.13,21.1,1.5,1.642,411,3.29,9398,24.74,43.26,19.75,1
scene0024_00,00080,1.3377,29.45,1.658,39.8,21.9,1.337,2401,0.18,13030,57.75,55.3,16.1,0
scene0424_02,00020,1.8491,25.81,1.864,17.2,0.0,2.482,6,,9719,48.74,70.59,9.45,0
scene0327_00,00050,1.4984,11.0,2.208,42.2,2.2,3.022,297,0.95,10985,28.34,47.9,10.9,1
scene0123_00,00076,1.488,28.85,2.034,13.7,1.0,0.973,1504,0.12,8039,37.67,51.2,11.24,0
scene0469_01,00044,1.3875,25.13,1.893,20.5,35.9,1.498,745,0.48,7173,47.46,65.52,24.62,0
scene0216_00,00004,1.5653,14.9,2.616,5.2,8.4,2.15,778,0.95,10203,44.74,56.44,22.57,0
scene0493_00,00082,1.3821,27.85,1.871,16.3,0.0,1.608,0,,3280,35.88,42.39,13.82,0
scene0013_01,00080,1.3352,32.83,1.798,25.8,33.2,0.798,718,2.73,5604,57.71,47.95,5.64,0
scene0282_00,00060,1.4914,12.62,1.282,80.4,0.0,3.674,0,,2252,73.4,80.09,27.08,1
scene0261_02,00081,1.379,25.97,1.745,7.5,4.6,1.946,294,2.64,3822,44.9,61.99,16.91,0
scene0192_01,00088,1.669,14.64,2.808,0.0,0.0,2.279,700,4.13,4616,85.94,75.41,16.62,0
scene0520_00,00084,1.5701,20.52,3.438,7.0,0.2,0.604,2541,0.28,7850,67.87,61.26,6.52,0
scene0642_03,00050,1.3435,24.8,2.085,18.0,17.8,1.625,278,4.03,16294,25.34,39.87,18.74,0
scene0031_01,00053,1.3652,31.17,2.142,41.9,0.1,1.099,2080,0.2,11653,47.2,42.31,2.69,0
scene0679_00,00018,1.32,40.54,1.436,55.1,34.8,0.805,1425,1.43,6650,78.75,72.75,15.4,0
scene0329_01,00080,1.6576,23.14,2.917,2.3,0.0,1.197,2104,3.84,30432,23.05,55.38,12.79,0
scene0120_01,00020,1.4934,24.22,1.865,37.1,7.3,1.883,292,0.21,7617,53.12,73.37,36.75,0
scene0286_00,00095,1.4952,9.59,0.957,88.1,0.0,4.051,0,,14344,4.76,60.08,8.37,1
scene0691_00,00056,1.2659,11.94,1.457,58.4,0.0,3.1,1,,11291,23.43,47.25,21.55,1
scene0288_00,00052,1.2583,41.9,1.543,42.7,65.1,0.448,941,0.68,3501,72.35,77.81,21.61,0
scene0055_02,00044,1.3937,29.88,1.409,65.6,8.7,1.98,0,,1296,58.02,80.11,16.13,0
scene0259_01,00087,1.4433,28.24,2.222,15.3,16.7,1.218,272,0.69,4749,82.61,82.79,21.97,0
scene0204_02,00050,1.5708,13.8,1.486,50.4,0.1,3.156,162,4.82,3589,47.53,73.0,13.57,0
scene0000_00,00072,1.3459,29.91,1.902,23.2,38.6,1.244,1416,0.84,10266,39.76,40.21,13.28,0
scene0201_02,00060,1.5732,25.91,1.796,20.0,4.9,2.06,63,9.28,6682,45.76,58.93,32.36,0
scene0148_00,00095,1.3789,29.53,2.328,25.4,5.5,0.791,2707,3.68,13413,58.5,59.93,17.81,0
scene0688_00,00072,1.5604,2.9,1.809,20.3,0.0,3.499,0,,4000,32.2,86.94,20.9,0
scene0241_00,00004,1.3072,33.7,1.696,27.9,18.3,1.135,526,3.75,4781,49.4,63.44,14.58,0
scene0286_03,00050,1.4041,21.8,1.889,6.1,13.2,2.099,151,2.34,3252,46.31,75.46,19.13,1
scene0334_02,00018,2.3511,26.11,2.103,26.3,0.0,2.294,3098,6.73,36907,24.51,24.72,0.55,0
scene0396_00,00041,1.4891,15.42,1.606,34.7,0.0,2.938,0,,717,69.6,55.39,20.23,1
scene0100_02,00020,1.2505,33.42,1.027,99.9,1.5,1.794,6,,1906,71.35,43.98,14.57,0
scene0247_01,00076,1.6115,31.37,1.261,56.8,0.0,1.974,707,5.84,8643,49.55,46.58,13.52,0
scene0155_01,00094,1.2837,27.7,1.962,11.2,35.1,1.15,2543,4.09,16627,44.3,34.36,14.08,0
scene0673_00,00070,1.3166,24.12,2.13,0.0,11.3,1.413,1388,2.81,29847,24.23,23.8,6.57,0
scene0294_02,00076,1.4942,33.29,1.687,34.2,0.0,1.26,2699,1.34,17200,49.94,47.98,8.74,0
scene0122_00,00094,1.3257,28.97,1.056,83.7,0.0,2.288,152,2.67,1978,69.46,69.25,31.13,0
scene0436_00,00063,1.3087,39.91,0.968,85.1,5.9,1.311,293,2.82,4488,59.67,29.55,2.41,0
scene0587_00,00087,1.3205,35.01,1.572,42.8,52.5,0.41,936,2.59,6088,34.0,42.95,7.49,0
scene0215_00,00056,1.3256,30.99,1.95,27.0,3.3,1.189,1683,2.43,10856,40.92,38.8,10.45,0
scene0254_01,00033,1.4219,6.54,2.524,0.7,0.0,2.603,418,2.33,5825,38.33,57.46,24.19,1
scene0258_00,00004,1.592,19.72,2.658,0.0,0.1,1.669,995,8.46,6750,58.5,52.95,9.5,0
scene0469_01,00012,1.5842,24.61,1.752,39.8,2.1,2.348,131,2.21,4326,45.56,53.25,18.54,0
scene0336_00,00061,1.5329,4.64,2.782,0.0,0.0,2.245,0,,11379,31.57,82.47,46.16,0
scene0101_02,00044,1.4423,11.39,1.937,16.5,1.6,2.834,131,1.26,6212,62.23,61.51,16.46,1
scene0273_01,00098,1.3445,29.2,1.899,33.4,8.4,1.134,1270,0.11,8051,71.12,56.24,18.21,0
scene0666_00,00059,1.3094,21.45,1.937,26.3,5.8,1.571,1166,3.11,12078,43.9,57.97,9.99,1
scene0362_01,00061,1.2822,18.3,2.029,1.1,4.3,1.901,661,3.82,9650,45.37,45.25,12.53,1
scene0449_01,00065,1.2775,39.7,1.449,59.7,20.8,0.838,193,0.59,1488,51.34,44.97,13.99,0
scene0346_01,00005,1.3718,29.08,1.336,81.0,5.7,2.07,41,,2271,64.86,67.62,17.33,0
scene0642_01,00033,1.4074,16.76,2.524,15.4,1.3,1.842,1248,1.12,29664,29.98,24.77,6.63,1
scene0370_01,00080,1.4324,29.92,2.137,1.4,39.7,0.878,1559,1.3,6666,59.72,66.53,11.87,0
scene0042_02,00020,1.3816,28.1,1.126,62.6,15.9,2.197,447,1.98,4115,39.37,38.63,12.29,0
scene0369_00,00076,1.6563,7.11,2.33,12.5,3.1,2.888,14,,6261,30.75,81.09,16.65,0
scene0107_00,00079,1.3713,29.75,1.912,22.6,48.1,0.94,1856,2.61,7813,72.19,66.6,9.51,0
scene0570_02,00026,1.4242,41.99,1.448,54.2,22.0,0.96,295,0.19,2347,58.41,49.48,17.5,0
scene0592_01,00085,1.5242,25.16,2.592,1.2,12.0,0.688,4033,0.33,15015,57.22,46.93,7.96,0
scene0161_02,00075,1.6076,39.05,1.896,18.3,42.2,0.708,1308,1.29,4415,62.65,68.55,31.82,0
scene0666_01,00076,1.5453,12.82,0.955,98.9,0.0,4.208,0,,7180,7.08,26.6,7.74,0
scene0430_01,00020,1.3691,20.25,1.888,33.0,6.2,1.264,796,3.76,6724,41.03,39.28,10.41,1
scene0340_01,00041,1.3987,20.82,2.115,2.0,16.4,1.86,330,2.17,15068,24.54,51.53,11.76,1
scene0505_01,00072,1.7677,31.34,2.346,14.4,0.0,0.609,0,,5324,11.04,67.91,23.66,0
scene0700_02,00095,1.4946,43.43,1.438,57.0,20.5,1.115,490,1.4,4796,62.99,49.7,10.69,0
scene0507_00,00048,1.4827,30.95,0.971,76.9,0.0,2.094,414,4.5,10918,43.38,39.67,3.41,0
scene0118_00,00094,1.4109,27.04,2.348,0.0,51.4,0.829,1687,1.33,5941,66.67,75.03,26.13,0
scene0633_01,00073,1.4915,8.97,1.831,21.8,0.0,3.098,2,,4650,49.46,63.25,12.37,1
scene0215_00,00020,1.373,27.51,1.842,31.9,24.4,1.045,2538,0.59,13786,65.73,49.79,15.3,0
scene0155_02,00053,1.3345,26.97,1.962,22.8,26.4,1.024,1959,1.85,7281,55.73,41.29,9.57,0
scene0072_00,00080,1.7187,3.65,1.55,49.6,0.0,3.306,0,,5046,36.21,82.8,22.42,0
scene0093_00,00070,1.4428,29.89,1.529,47.0,12.5,1.46,609,0.31,8283,41.91,56.34,22.34,0
scene0164_02,00095,1.5506,6.34,1.486,51.8,0.0,3.544,0,,5724,17.05,37.91,21.25,0
scene0030_00,00070,1.5467,9.19,2.812,8.1,0.0,2.201,708,2.84,14778,23.14,41.43,21.1,0
scene0454_00,00097,1.6693,5.53,2.482,27.5,0.0,3.27,0,,5783,52.19,70.39,2.72,0
scene0220_00,00018,1.6331,8.46,2.462,4.9,0.1,2.589,527,4.19,24237,21.73,56.63,18.39,0
scene0574_01,00043,1.3294,44.83,1.056,100.0,14.9,1.07,62,9.33,573,91.8,84.64,21.8,0
scene0454_00,00035,1.5153,15.17,0.833,89.5,0.0,3.732,103,10.17,7780,9.45,33.94,6.34,0
scene0616_01,00080,1.3469,64.66,1.354,63.7,74.8,0.23,767,2.12,1260,93.57,88.36,12.58,0
scene0158_01,00041,1.5069,5.56,1.294,81.4,0.0,3.892,0,,3052,59.34,73.92,25.53,1
scene0515_00,00070,1.4829,25.38,1.765,17.4,11.8,1.971,1023,0.74,16032,33.5,28.12,14.04,0
scene0241_00,00082,1.5856,2.4,1.979,0.0,0.0,3.484,0,,2207,51.61,96.71,23.82,0
scene0403_01,00079,1.5525,27.5,3.009,4.2,8.9,0.774,2483,1.53,14603,42.92,70.36,18.25,0
scene0364_01,00051,1.24,49.07,1.318,83.8,49.4,0.456,247,0.45,700,75.0,83.82,15.88,0
scene0524_00,00044,1.3599,37.17,1.925,14.3,27.9,0.869,602,0.33,2950,64.31,74.06,13.92,0
scene0292_01,00051,1.2994,44.48,1.471,52.1,57.4,0.348,1056,1.97,3377,65.35,48.3,27.32,0
scene0694_01,00033,1.4867,31.71,2.024,20.4,1.2,0.887,1854,0.65,13594,62.45,57.56,8.58,0
scene0301_01,00044,1.426,8.57,2.545,24.7,0.0,2.815,286,3.65,3851,20.83,61.69,18.09,1
scene0568_00,00070,2.1117,24.02,2.212,0.0,0.0,2.205,1138,2.48,24588,15.23,19.9,6.93,0
scene0393_02,00033,1.5215,27.42,1.888,31.0,5.9,1.829,752,1.24,15092,27.05,43.71,17.94,0
