ply
format ascii 1.0
element vertex 12850
property float x
property float y
property float z
property uchar red
property uchar green
property uchar blue
end_header
13 0 0 158 216 229
13 0 1 158 216 229
13 1 0 158 216 229
13 1 1 158 216 229
13 1 2 158 216 229
13 2 0 158 216 229
13 2 1 158 216 229
13 2 2 158 216 229
13 3 0 158 216 229
13 3 1 158 216 229
13 3 2 158 216 229
13 4 0 158 216 229
13 4 1 158 216 229
13 4 2 158 216 229
13 5 0 158 216 229
13 5 1 158 216 229
13 5 2 158 216 229
13 6 0 158 216 229
13 6 1 158 216 229
13 6 2 158 216 229
13 7 0 158 216 229
13 7 1 158 216 229
13 7 2 158 216 229
13 8 0 158 216 229
13 8 1 158 216 229
13 8 2 158 216 229
13 9 0 158 216 229
13 9 1 158 216 229
13 9 2 158 216 229
13 10 0 158 216 229
13 10 1 158 216 229
13 10 2 158 216 229
13 11 0 158 216 229
13 11 1 158 216 229
13 11 2 158 216 229
13 12 0 158 216 229
13 12 1 158 216 229
13 12 2 158 216 229
13 13 0 158 216 229
13 13 1 158 216 229
13 13 2 158 216 229
13 14 0 158 216 229
13 14 1 158 216 229
13 14 2 158 216 229
13 15 0 158 216 229
13 15 1 158 216 229
13 15 2 158 216 229
13 16 0 158 216 229
13 16 1 158 216 229
13 16 2 158 216 229
13 17 0 158 216 229
13 17 1 158 216 229
13 17 2 158 216 229
13 18 0 158 216 229
13 18 1 158 216 229
13 18 2 158 216 229
13 19 0 158 216 229
13 19 1 158 216 229
13 19 2 158 216 229
13 20 0 158 216 229
13 20 1 158 216 229
13 20 2 158 216 229
13 21 0 158 216 229
13 21 1 158 216 229
13 21 2 158 216 229
13 22 0 158 216 229
13 22 1 158 216 229
13 22 2 158 216 229
13 23 0 158 216 229
13 23 1 158 216 229
13 23 2 158 216 229
13 24 0 158 216 229
13 24 1 158 216 229
13 24 2 158 216 229
13 25 0 158 216 229
13 25 1 158 216 229
13 25 2 158 216 229
13 26 0 158 216 229
13 26 1 158 216 229
13 26 2 158 216 229
13 27 0 158 216 229
13 27 1 158 216 229
13 27 2 158 216 229
13 28 0 158 216 229
13 28 1 158 216 229
13 28 2 158 216 229
13 29 0 158 216 229
13 29 1 158 216 229
13 29 2 158 216 229
13 30 0 158 216 229
13 30 1 158 216 229
13 30 2 158 216 229
13 31 0 158 216 229
13 31 1 158 216 229
13 31 2 158 216 229
13 32 0 158 216 229
13 32 1 158 216 229
13 32 2 158 216 229
14 0 0 43 160 4
14 0 1 43 160 4
14 0 2 43 160 4
14 0 3 43 160 4
14 0 4 43 160 4
14 0 5 158 216 229
14 1 0 158 216 229
14 1 1 158 216 229
14 1 2 158 216 229
14 1 3 158 216 229
14 1 4 158 216 229
14 1 5 158 216 229
14 1 6 158 216 229
14 2 0 158 216 229
14 2 1 158 216 229
14 2 2 158 216 229
14 2 3 158 216 229
14 2 4 158 216 229
14 2 5 158 216 229
14 2 6 158 216 229
14 3 0 158 216 229
14 3 1 158 216 229
14 3 2 158 216 229
14 3 3 158 216 229
14 3 4 158 216 229
14 3 5 158 216 229
14 3 6 158 216 229
14 4 0 158 216 229
14 4 1 158 216 229
14 4 2 158 216 229
14 4 3 158 216 229
14 4 4 158 216 229
14 4 5 158 216 229
14 4 6 158 216 229
14 5 0 158 216 229
14 5 1 158 216 229
14 5 2 158 216 229
14 5 3 158 216 229
14 5 4 158 216 229
14 5 5 158 216 229
14 5 6 158 216 229
14 6 0 158 216 229
14 6 1 158 216 229
14 6 2 158 216 229
14 6 3 158 216 229
14 6 4 158 216 229
14 6 5 158 216 229
14 6 6 158 216 229
14 7 0 158 216 229
14 7 1 158 216 229
14 7 2 158 216 229
14 7 3 158 216 229
14 7 4 158 216 229
14 7 5 158 216 229
14 7 6 158 216 229
14 8 0 158 216 229
14 8 1 158 216 229
14 8 2 158 216 229
14 8 3 158 216 229
14 8 4 158 216 229
14 8 5 158 216 229
14 8 6 158 216 229
14 9 0 158 216 229
14 9 1 158 216 229
14 9 2 158 216 229
14 9 3 158 216 229
14 9 4 158 216 229
14 9 5 158 216 229
14 9 6 158 216 229
14 10 0 158 216 229
14 10 1 158 216 229
14 10 2 158 216 229
14 10 3 158 216 229
14 10 4 158 216 229
14 10 5 158 216 229
14 10 6 158 216 229
14 11 0 158 216 229
14 11 1 158 216 229
14 11 2 158 216 229
14 11 3 158 216 229
14 11 4 158 216 229
14 11 5 158 216 229
14 11 6 158 216 229
14 12 0 158 216 229
14 12 1 158 216 229
14 12 2 158 216 229
14 12 3 158 216 229
14 12 4 158 216 229
14 12 5 158 216 229
14 12 6 158 216 229
14 13 0 158 216 229
14 13 1 158 216 229
14 13 2 158 216 229
14 13 3 158 216 229
14 13 4 158 216 229
14 13 5 158 216 229
14 13 6 158 216 229
14 14 0 158 216 229
14 14 1 158 216 229
14 14 2 158 216 229
14 14 3 158 216 229
14 14 4 158 216 229
14 14 5 158 216 229
14 14 6 158 216 229
14 15 0 158 216 229
14 15 1 158 216 229
14 15 2 158 216 229
14 15 3 158 216 229
14 15 4 158 216 229
14 15 5 158 216 229
14 15 6 158 216 229
14 16 0 158 216 229
14 16 1 158 216 229
14 16 2 158 216 229
14 16 3 158 216 229
14 16 4 158 216 229
14 16 5 158 216 229
14 16 6 158 216 229
14 17 0 158 216 229
14 17 1 158 216 229
14 17 2 158 216 229
14 17 3 158 216 229
14 17 4 158 216 229
14 17 5 158 216 229
14 17 6 158 216 229
14 18 0 158 216 229
14 18 1 158 216 229
14 18 2 158 216 229
14 18 3 158 216 229
14 18 4 158 216 229
14 18 5 158 216 229
14 18 6 158 216 229
14 19 0 158 216 229
14 19 1 158 216 229
14 19 2 158 216 229
14 19 3 158 216 229
14 19 4 158 216 229
14 19 5 158 216 229
14 19 6 158 216 229
14 20 0 158 216 229
14 20 1 158 216 229
14 20 2 158 216 229
14 20 3 158 216 229
14 20 4 158 216 229
14 20 5 158 216 229
14 20 6 158 216 229
14 21 0 158 216 229
14 21 1 158 216 229
14 21 2 158 216 229
14 21 3 158 216 229
14 21 4 158 216 229
14 21 5 158 216 229
14 21 6 158 216 229
14 22 0 158 216 229
14 22 1 158 216 229
14 22 2 158 216 229
14 22 3 158 216 229
14 22 4 158 216 229
14 22 5 158 216 229
14 22 6 158 216 229
14 23 0 158 216 229
14 23 1 158 216 229
14 23 2 158 216 229
14 23 3 158 216 229
14 23 4 158 216 229
14 23 5 158 216 229
14 23 6 158 216 229
14 24 0 158 216 229
14 24 1 158 216 229
14 24 2 158 216 229
14 24 3 158 216 229
14 24 4 158 216 229
14 24 5 158 216 229
14 24 6 158 216 229
14 25 0 158 216 229
14 25 1 158 216 229
14 25 2 158 216 229
14 25 3 158 216 229
14 25 4 158 216 229
14 25 5 158 216 229
14 25 6 158 216 229
14 26 0 158 216 229
14 26 1 158 216 229
14 26 2 158 216 229
14 26 3 158 216 229
14 26 4 158 216 229
14 26 5 158 216 229
14 26 6 158 216 229
14 27 0 158 216 229
14 27 1 158 216 229
14 27 2 158 216 229
14 27 3 158 216 229
14 27 4 158 216 229
14 27 5 158 216 229
14 27 6 158 216 229
14 28 0 158 216 229
14 28 1 158 216 229
14 28 2 158 216 229
14 28 3 158 216 229
14 28 4 158 216 229
14 28 5 158 216 229
14 28 6 158 216 229
14 29 0 158 216 229
14 29 1 158 216 229
14 29 2 158 216 229
14 29 3 158 216 229
14 29 4 158 216 229
14 29 5 158 216 229
14 29 6 158 216 229
14 30 0 158 216 229
14 30 1 158 216 229
14 30 2 158 216 229
14 30 3 158 216 229
14 30 4 158 216 229
14 30 5 158 216 229
14 30 6 158 216 229
14 31 0 158 216 229
14 31 1 158 216 229
14 31 2 158 216 229
14 31 3 158 216 229
14 31 4 158 216 229
14 31 5 158 216 229
14 31 6 158 216 229
14 32 0 214 38 40
14 32 1 214 38 40
14 32 2 214 38 40
14 32 3 214 38 40
14 32 4 158 216 229
14 32 5 158 216 229
14 32 6 158 216 229
15 0 0 43 160 4
15 0 1 43 160 4
15 0 2 43 160 4
15 0 3 43 160 4
15 0 4 43 160 4
15 0 5 43 160 4
15 0 6 43 160 4
15 0 7 43 160 4
15 0 8 158 216 229
15 0 9 158 216 229
15 1 0 158 216 229
15 1 5 158 216 229
15 1 6 158 216 229
15 1 7 158 216 229
15 1 8 158 216 229
15 1 9 158 216 229
15 1 10 158 216 229
15 2 0 158 216 229
15 2 5 158 216 229
15 2 6 158 216 229
15 2 7 158 216 229
15 2 8 158 216 229
15 2 9 158 216 229
15 2 10 158 216 229
15 3 0 158 216 229
15 3 5 158 216 229
15 3 6 158 216 229
15 3 7 158 216 229
15 3 8 158 216 229
15 3 9 158 216 229
15 3 10 158 216 229
15 4 0 158 216 229
15 4 5 158 216 229
15 4 6 158 216 229
15 4 7 158 216 229
15 4 8 158 216 229
15 4 9 158 216 229
15 4 10 158 216 229
15 5 0 158 216 229
15 5 5 158 216 229
15 5 6 158 216 229
15 5 7 158 216 229
15 5 8 158 216 229
15 5 9 158 216 229
15 5 10 158 216 229
15 6 0 158 216 229
15 6 5 158 216 229
15 6 6 158 216 229
15 6 7 158 216 229
15 6 8 158 216 229
15 6 9 158 216 229
15 6 10 158 216 229
15 7 0 158 216 229
15 7 5 158 216 229
15 7 6 158 216 229
15 7 7 158 216 229
15 7 8 158 216 229
15 7 9 158 216 229
15 7 10 158 216 229
15 8 0 158 216 229
15 8 5 158 216 229
15 8 6 158 216 229
15 8 7 158 216 229
15 8 8 158 216 229
15 8 9 158 216 229
15 8 10 158 216 229
15 9 0 158 216 229
15 9 5 158 216 229
15 9 6 158 216 229
15 9 7 158 216 229
15 9 8 158 216 229
15 9 9 158 216 229
15 9 10 158 216 229
15 10 0 158 216 229
15 10 5 158 216 229
15 10 6 158 216 229
15 10 7 158 216 229
15 10 8 158 216 229
15 10 9 158 216 229
15 10 10 158 216 229
15 11 0 158 216 229
15 11 5 158 216 229
15 11 6 158 216 229
15 11 7 158 216 229
15 11 8 158 216 229
15 11 9 158 216 229
15 11 10 158 216 229
15 12 0 158 216 229
15 12 5 158 216 229
15 12 6 158 216 229
15 12 7 158 216 229
15 12 8 158 216 229
15 12 9 158 216 229
15 12 10 158 216 229
15 13 0 158 216 229
15 13 5 158 216 229
15 13 6 158 216 229
15 13 7 158 216 229
15 13 8 158 216 229
15 13 9 158 216 229
15 13 10 158 216 229
15 14 0 158 216 229
15 14 5 158 216 229
15 14 6 158 216 229
15 14 7 158 216 229
15 14 8 158 216 229
15 14 9 158 216 229
15 14 10 158 216 229
15 15 0 158 216 229
15 15 5 158 216 229
15 15 6 158 216 229
15 15 7 158 216 229
15 15 8 158 216 229
15 15 9 158 216 229
15 15 10 158 216 229
15 16 0 158 216 229
15 16 5 158 216 229
15 16 6 158 216 229
15 16 7 158 216 229
15 16 8 158 216 229
15 16 9 158 216 229
15 16 10 158 216 229
15 17 0 158 216 229
15 17 5 158 216 229
15 17 6 158 216 229
15 17 7 158 216 229
15 17 8 158 216 229
15 17 9 158 216 229
15 17 10 158 216 229
15 18 0 158 216 229
15 18 5 158 216 229
15 18 6 158 216 229
15 18 7 158 216 229
15 18 8 158 216 229
15 18 9 158 216 229
15 18 10 158 216 229
15 19 0 158 216 229
15 19 5 158 216 229
15 19 6 158 216 229
15 19 7 158 216 229
15 19 8 158 216 229
15 19 9 158 216 229
15 19 10 158 216 229
15 20 0 158 216 229
15 20 5 158 216 229
15 20 6 158 216 229
15 20 7 158 216 229
15 20 8 158 216 229
15 20 9 158 216 229
15 20 10 158 216 229
15 21 0 158 216 229
15 21 5 158 216 229
15 21 6 158 216 229
15 21 7 158 216 229
15 21 8 158 216 229
15 21 9 158 216 229
15 21 10 158 216 229
15 22 0 158 216 229
15 22 5 158 216 229
15 22 6 158 216 229
15 22 7 158 216 229
15 22 8 158 216 229
15 22 9 158 216 229
15 22 10 158 216 229
15 23 0 158 216 229
15 23 5 158 216 229
15 23 6 158 216 229
15 23 7 158 216 229
15 23 8 158 216 229
15 23 9 158 216 229
15 23 10 158 216 229
15 24 0 158 216 229
15 24 5 158 216 229
15 24 6 158 216 229
15 24 7 158 216 229
15 24 8 158 216 229
15 24 9 158 216 229
15 24 10 158 216 229
15 25 0 158 216 229
15 25 5 158 216 229
15 25 6 158 216 229
15 25 7 158 216 229
15 25 8 158 216 229
15 25 9 158 216 229
15 25 10 158 216 229
15 26 0 158 216 229
15 26 5 158 216 229
15 26 6 158 216 229
15 26 7 158 216 229
15 26 8 158 216 229
15 26 9 158 216 229
15 26 10 158 216 229
15 27 0 158 216 229
15 27 5 158 216 229
15 27 6 158 216 229
15 27 7 158 216 229
15 27 8 158 216 229
15 27 9 158 216 229
15 27 10 158 216 229
15 28 0 158 216 229
15 28 5 158 216 229
15 28 6 158 216 229
15 28 7 158 216 229
15 28 8 158 216 229
15 28 9 158 216 229
15 28 10 158 216 229
15 29 0 158 216 229
15 29 5 158 216 229
15 29 6 158 216 229
15 29 7 158 216 229
15 29 8 158 216 229
15 29 9 158 216 229
15 29 10 158 216 229
15 30 0 158 216 229
15 30 5 158 216 229
15 30 6 158 216 229
15 30 7 158 216 229
15 30 8 158 216 229
15 30 9 158 216 229
15 30 10 158 216 229
15 31 0 158 216 229
15 31 5 158 216 229
15 31 6 158 216 229
15 31 7 158 216 229
15 31 8 158 216 229
15 31 9 158 216 229
15 31 10 158 216 229
15 32 0 214 38 40
15 32 1 214 38 40
15 32 2 214 38 40
15 32 3 214 38 40
15 32 4 214 38 40
15 32 5 214 38 40
15 32 6 214 38 40
15 32 7 158 216 229
15 32 8 158 216 229
15 32 9 158 216 229
16 0 0 43 160 4
16 0 1 43 160 4
16 0 2 43 160 4
16 0 3 43 160 4
16 0 4 43 160 4
16 0 5 43 160 4
16 0 6 43 160 4
16 0 7 43 160 4
16 0 8 43 160 4
16 0 9 43 160 4
16 0 10 43 160 4
16 0 11 43 160 4
16 0 12 158 216 229
16 0 13 158 216 229
16 1 9 158 216 229
16 1 10 158 216 229
16 1 11 158 216 229
16 1 12 158 216 229
16 1 13 158 216 229
16 1 14 158 216 229
16 2 9 158 216 229
16 2 10 158 216 229
16 2 11 158 216 229
16 2 12 158 216 229
16 2 13 158 216 229
16 2 14 158 216 229
16 3 9 158 216 229
16 3 10 158 216 229
16 3 11 158 216 229
16 3 12 158 216 229
16 3 13 158 216 229
16 3 14 158 216 229
16 4 9 158 216 229
16 4 10 158 216 229
16 4 11 158 216 229
16 4 12 158 216 229
16 4 13 158 216 229
16 4 14 158 216 229
16 5 9 158 216 229
16 5 10 158 216 229
16 5 11 158 216 229
16 5 12 158 216 229
16 5 13 158 216 229
16 5 14 158 216 229
16 6 9 158 216 229
16 6 10 158 216 229
16 6 11 158 216 229
16 6 12 158 216 229
16 6 13 158 216 229
16 6 14 158 216 229
16 7 9 158 216 229
16 7 10 158 216 229
16 7 11 158 216 229
16 7 12 158 216 229
16 7 13 158 216 229
16 7 14 158 216 229
16 8 9 158 216 229
16 8 10 158 216 229
16 8 11 158 216 229
16 8 12 158 216 229
16 8 13 158 216 229
16 8 14 158 216 229
16 9 9 158 216 229
16 9 10 158 216 229
16 9 11 158 216 229
16 9 12 158 216 229
16 9 13 158 216 229
16 9 14 158 216 229
16 10 9 158 216 229
16 10 10 158 216 229
16 10 11 158 216 229
16 10 12 158 216 229
16 10 13 158 216 229
16 10 14 158 216 229
16 11 9 158 216 229
16 11 10 158 216 229
16 11 11 158 216 229
16 11 12 158 216 229
16 11 13 158 216 229
16 11 14 158 216 229
16 12 9 158 216 229
16 12 10 158 216 229
16 12 11 158 216 229
16 12 12 158 216 229
16 12 13 158 216 229
16 12 14 158 216 229
16 13 9 158 216 229
16 13 10 158 216 229
16 13 11 158 216 229
16 13 12 158 216 229
16 13 13 158 216 229
16 13 14 158 216 229
16 14 9 158 216 229
16 14 10 158 216 229
16 14 11 158 216 229
16 14 12 158 216 229
16 14 13 158 216 229
16 14 14 158 216 229
16 15 9 158 216 229
16 15 10 158 216 229
16 15 11 158 216 229
16 15 12 158 216 229
16 15 13 158 216 229
16 15 14 158 216 229
16 16 9 158 216 229
16 16 10 158 216 229
16 16 11 158 216 229
16 16 12 158 216 229
16 16 13 158 216 229
16 16 14 158 216 229
16 17 9 158 216 229
16 17 10 158 216 229
16 17 11 158 216 229
16 17 12 158 216 229
16 17 13 158 216 229
16 17 14 158 216 229
16 18 9 158 216 229
16 18 10 158 216 229
16 18 11 158 216 229
16 18 12 158 216 229
16 18 13 158 216 229
16 18 14 158 216 229
16 19 9 158 216 229
16 19 10 158 216 229
16 19 11 158 216 229
16 19 12 158 216 229
16 19 13 158 216 229
16 19 14 158 216 229
16 20 9 158 216 229
16 20 10 158 216 229
16 20 11 158 216 229
16 20 12 158 216 229
16 20 13 158 216 229
16 20 14 158 216 229
16 21 9 158 216 229
16 21 10 158 216 229
16 21 11 158 216 229
16 21 12 158 216 229
16 21 13 158 216 229
16 21 14 158 216 229
16 22 9 158 216 229
16 22 10 158 216 229
16 22 11 158 216 229
16 22 12 158 216 229
16 22 13 158 216 229
16 22 14 158 216 229
16 23 9 158 216 229
16 23 10 158 216 229
16 23 11 158 216 229
16 23 12 158 216 229
16 23 13 158 216 229
16 23 14 158 216 229
16 24 9 158 216 229
16 24 10 158 216 229
16 24 11 158 216 229
16 24 12 158 216 229
16 24 13 158 216 229
16 24 14 158 216 229
16 25 9 158 216 229
16 25 10 158 216 229
16 25 11 158 216 229
16 25 12 158 216 229
16 25 13 158 216 229
16 25 14 158 216 229
16 26 9 158 216 229
16 26 10 158 216 229
16 26 11 158 216 229
16 26 12 158 216 229
16 26 13 158 216 229
16 26 14 158 216 229
16 27 9 158 216 229
16 27 10 158 216 229
16 27 11 158 216 229
16 27 12 158 216 229
16 27 13 158 216 229
16 27 14 158 216 229
16 28 9 158 216 229
16 28 10 158 216 229
16 28 11 158 216 229
16 28 12 158 216 229
16 28 13 158 216 229
16 28 14 158 216 229
16 29 9 158 216 229
16 29 10 158 216 229
16 29 11 158 216 229
16 29 12 158 216 229
16 29 13 158 216 229
16 29 14 158 216 229
16 30 9 158 216 229
16 30 10 158 216 229
16 30 11 158 216 229
16 30 12 158 216 229
16 30 13 158 216 229
16 30 14 158 216 229
16 31 9 158 216 229
16 31 10 158 216 229
16 31 11 158 216 229
16 31 12 158 216 229
16 31 13 158 216 229
16 31 14 158 216 229
16 32 0 214 38 40
16 32 1 214 38 40
16 32 2 214 38 40
16 32 3 214 38 40
16 32 4 214 38 40
16 32 5 214 38 40
16 32 6 214 38 40
16 32 7 214 38 40
16 32 8 214 38 40
16 32 9 214 38 40
16 32 10 214 38 40
16 32 11 158 216 229
16 32 12 158 216 229
16 32 13 158 216 229
17 0 0 43 160 4
17 0 1 43 160 4
17 0 2 43 160 4
17 0 3 43 160 4
17 0 4 43 160 4
17 0 5 43 160 4
17 0 6 43 160 4
17 0 7 43 160 4
17 0 8 43 160 4
17 0 9 43 160 4
17 0 10 43 160 4
17 0 11 43 160 4
17 0 12 43 160 4
17 0 13 43 160 4
17 0 14 43 160 4
17 0 15 43 160 4
17 0 16 158 216 229
17 0 17 158 216 229
17 0 19 114 158 206
17 1 13 158 216 229
17 1 14 158 216 229
17 1 15 158 216 229
17 1 16 158 216 229
17 1 17 158 216 229
17 1 19 114 158 206
17 2 13 158 216 229
17 2 14 158 216 229
17 2 15 158 216 229
17 2 16 158 216 229
17 2 17 158 216 229
17 2 19 114 158 206
17 3 13 158 216 229
17 3 14 158 216 229
17 3 15 158 216 229
17 3 16 158 216 229
17 3 17 158 216 229
17 3 19 114 158 206
17 4 13 158 216 229
17 4 14 158 216 229
17 4 15 158 216 229
17 4 16 158 216 229
17 4 17 158 216 229
17 4 19 114 158 206
17 5 13 158 216 229
17 5 14 158 216 229
17 5 15 158 216 229
17 5 16 158 216 229
17 5 17 158 216 229
17 5 19 114 158 206
17 6 13 158 216 229
17 6 14 158 216 229
17 6 15 158 216 229
17 6 16 158 216 229
17 6 17 158 216 229
17 6 19 114 158 206
17 7 13 158 216 229
17 7 14 158 216 229
17 7 15 158 216 229
17 7 16 158 216 229
17 7 17 158 216 229
17 7 19 114 158 206
17 8 13 158 216 229
17 8 14 158 216 229
17 8 15 158 216 229
17 8 16 158 216 229
17 8 17 158 216 229
17 8 19 114 158 206
17 9 13 158 216 229
17 9 14 158 216 229
17 9 15 158 216 229
17 9 16 158 216 229
17 9 17 158 216 229
17 9 19 114 158 206
17 10 13 158 216 229
17 10 14 158 216 229
17 10 15 158 216 229
17 10 16 158 216 229
17 10 17 158 216 229
17 10 19 114 158 206
17 11 13 158 216 229
17 11 14 158 216 229
17 11 15 158 216 229
17 11 16 158 216 229
17 11 17 158 216 229
17 11 19 114 158 206
17 12 13 158 216 229
17 12 14 158 216 229
17 12 15 158 216 229
17 12 16 158 216 229
17 12 17 158 216 229
17 12 19 114 158 206
17 13 13 158 216 229
17 13 14 158 216 229
17 13 15 158 216 229
17 13 16 158 216 229
17 13 17 158 216 229
17 13 19 114 158 206
17 14 13 158 216 229
17 14 14 158 216 229
17 14 15 158 216 229
17 14 16 158 216 229
17 14 17 158 216 229
17 14 19 114 158 206
17 15 13 158 216 229
17 15 14 158 216 229
17 15 15 158 216 229
17 15 16 158 216 229
17 15 17 158 216 229
17 15 19 114 158 206
17 16 13 158 216 229
17 16 14 158 216 229
17 16 15 158 216 229
17 16 16 158 216 229
17 16 17 158 216 229
17 16 19 114 158 206
17 17 13 158 216 229
17 17 14 158 216 229
17 17 15 158 216 229
17 17 16 158 216 229
17 17 17 158 216 229
17 17 19 114 158 206
17 18 13 158 216 229
17 18 14 158 216 229
17 18 15 158 216 229
17 18 16 158 216 229
17 18 17 158 216 229
17 18 19 114 158 206
17 19 13 158 216 229
17 19 14 158 216 229
17 19 15 158 216 229
17 19 16 158 216 229
17 19 17 158 216 229
17 19 19 114 158 206
17 20 13 158 216 229
17 20 14 158 216 229
17 20 15 158 216 229
17 20 16 158 216 229
17 20 17 158 216 229
17 20 19 114 158 206
17 21 13 158 216 229
17 21 14 158 216 229
17 21 15 158 216 229
17 21 16 158 216 229
17 21 17 158 216 229
17 21 19 114 158 206
17 22 13 158 216 229
17 22 14 158 216 229
17 22 15 158 216 229
17 22 16 158 216 229
17 22 17 158 216 229
17 22 19 114 158 206
17 23 13 158 216 229
17 23 14 158 216 229
17 23 15 158 216 229
17 23 16 158 216 229
17 23 17 158 216 229
17 23 19 114 158 206
17 24 13 158 216 229
17 24 14 158 216 229
17 24 15 158 216 229
17 24 16 158 216 229
17 24 17 158 216 229
17 24 19 114 158 206
17 25 13 158 216 229
17 25 14 158 216 229
17 25 15 158 216 229
17 25 16 158 216 229
17 25 17 158 216 229
17 25 19 114 158 206
17 26 13 158 216 229
17 26 14 158 216 229
17 26 15 158 216 229
17 26 16 158 216 229
17 26 17 158 216 229
17 26 19 114 158 206
17 27 13 158 216 229
17 27 14 158 216 229
17 27 15 158 216 229
17 27 16 158 216 229
17 27 17 158 216 229
17 27 19 114 158 206
17 28 13 158 216 229
17 28 14 158 216 229
17 28 15 158 216 229
17 28 16 158 216 229
17 28 17 158 216 229
17 28 19 114 158 206
17 29 13 158 216 229
17 29 14 158 216 229
17 29 15 158 216 229
17 29 16 158 216 229
17 29 17 158 216 229
17 29 19 114 158 206
17 30 13 158 216 229
17 30 14 158 216 229
17 30 15 158 216 229
17 30 16 158 216 229
17 30 17 158 216 229
17 30 19 114 158 206
17 31 13 158 216 229
17 31 14 158 216 229
17 31 15 158 216 229
17 31 16 158 216 229
17 31 17 158 216 229
17 31 19 114 158 206
17 32 0 214 38 40
17 32 1 214 38 40
17 32 2 214 38 40
17 32 3 214 38 40
17 32 4 214 38 40
17 32 5 214 38 40
17 32 6 214 38 40
17 32 7 214 38 40
17 32 8 214 38 40
17 32 9 214 38 40
17 32 10 214 38 40
17 32 11 214 38 40
17 32 12 214 38 40
17 32 13 214 38 40
17 32 14 214 38 40
17 32 15 158 216 229
17 32 16 158 216 229
17 32 17 158 216 229
18 0 0 43 160 4
18 0 1 43 160 4
18 0 2 43 160 4
18 0 3 43 160 4
18 0 4 43 160 4
18 0 5 43 160 4
18 0 6 43 160 4
18 0 7 43 160 4
18 0 8 43 160 4
18 0 9 43 160 4
18 0 10 43 160 4
18 0 11 43 160 4
18 0 12 43 160 4
18 0 13 43 160 4
18 0 14 43 160 4
18 0 15 43 160 4
18 0 16 43 160 4
18 0 17 43 160 4
18 0 18 43 160 4
18 0 19 114 158 206
18 0 20 114 158 206
18 0 21 114 158 206
18 0 22 114 158 206
18 0 23 114 158 206
18 1 17 158 216 229
18 1 18 158 216 229
18 1 19 114 158 206
18 1 20 114 158 206
18 1 21 114 158 206
18 1 22 114 158 206
18 1 23 114 158 206
18 2 17 158 216 229
18 2 18 158 216 229
18 2 19 114 158 206
18 2 20 114 158 206
18 2 21 114 158 206
18 2 22 114 158 206
18 2 23 114 158 206
18 3 17 158 216 229
18 3 18 158 216 229
18 3 19 114 158 206
18 3 20 114 158 206
18 3 21 114 158 206
18 3 22 114 158 206
18 3 23 114 158 206
18 4 17 158 216 229
18 4 18 158 216 229
18 4 19 114 158 206
18 4 20 114 158 206
18 4 21 114 158 206
18 4 22 114 158 206
18 4 23 114 158 206
18 5 17 158 216 229
18 5 18 158 216 229
18 5 19 114 158 206
18 5 20 114 158 206
18 5 21 114 158 206
18 5 22 114 158 206
18 5 23 114 158 206
18 6 17 158 216 229
18 6 18 158 216 229
18 6 19 114 158 206
18 6 20 114 158 206
18 6 21 114 158 206
18 6 22 114 158 206
18 6 23 114 158 206
18 7 17 158 216 229
18 7 18 158 216 229
18 7 19 114 158 206
18 7 20 114 158 206
18 7 21 114 158 206
18 7 22 114 158 206
18 7 23 114 158 206
18 8 17 158 216 229
18 8 18 158 216 229
18 8 19 114 158 206
18 8 20 114 158 206
18 8 21 114 158 206
18 8 22 114 158 206
18 8 23 114 158 206
18 9 17 158 216 229
18 9 18 158 216 229
18 9 19 114 158 206
18 9 20 114 158 206
18 9 21 114 158 206
18 9 22 114 158 206
18 9 23 114 158 206
18 10 17 158 216 229
18 10 18 158 216 229
18 10 19 114 158 206
18 10 20 114 158 206
18 10 21 114 158 206
18 10 22 114 158 206
18 10 23 114 158 206
18 11 17 158 216 229
18 11 18 158 216 229
18 11 19 114 158 206
18 11 20 114 158 206
18 11 21 114 158 206
18 11 22 114 158 206
18 11 23 114 158 206
18 12 17 158 216 229
18 12 18 158 216 229
18 12 19 114 158 206
18 12 20 114 158 206
18 12 21 114 158 206
18 12 22 114 158 206
18 12 23 114 158 206
18 13 17 158 216 229
18 13 18 158 216 229
18 13 19 114 158 206
18 13 20 114 158 206
18 13 21 114 158 206
18 13 22 114 158 206
18 13 23 114 158 206
18 14 17 158 216 229
18 14 18 158 216 229
18 14 19 114 158 206
18 14 20 114 158 206
18 14 21 114 158 206
18 14 22 114 158 206
18 14 23 114 158 206
18 15 17 158 216 229
18 15 18 158 216 229
18 15 19 114 158 206
18 15 20 114 158 206
18 15 21 114 158 206
18 15 22 114 158 206
18 15 23 114 158 206
18 16 17 158 216 229
18 16 18 158 216 229
18 16 19 114 158 206
18 16 20 114 158 206
18 16 21 114 158 206
18 16 22 114 158 206
18 16 23 114 158 206
18 17 17 158 216 229
18 17 18 158 216 229
18 17 19 114 158 206
18 17 20 114 158 206
18 17 21 114 158 206
18 17 22 114 158 206
18 17 23 114 158 206
18 18 17 158 216 229
18 18 18 158 216 229
18 18 19 114 158 206
18 18 20 114 158 206
18 18 21 114 158 206
18 18 22 114 158 206
18 18 23 114 158 206
18 19 17 158 216 229
18 19 18 158 216 229
18 19 19 114 158 206
18 19 20 114 158 206
18 19 21 114 158 206
18 19 22 114 158 206
18 19 23 114 158 206
18 20 17 158 216 229
18 20 18 158 216 229
18 20 19 114 158 206
18 20 20 114 158 206
18 20 21 114 158 206
18 20 22 114 158 206
18 20 23 114 158 206
18 21 17 158 216 229
18 21 18 158 216 229
18 21 19 114 158 206
18 21 20 114 158 206
18 21 21 114 158 206
18 21 22 114 158 206
18 21 23 114 158 206
18 22 17 158 216 229
18 22 18 158 216 229
18 22 19 114 158 206
18 22 20 114 158 206
18 22 21 114 158 206
18 22 22 114 158 206
18 22 23 114 158 206
18 23 17 158 216 229
18 23 18 158 216 229
18 23 19 114 158 206
18 23 20 114 158 206
18 23 21 114 158 206
18 23 22 114 158 206
18 23 23 114 158 206
18 24 17 158 216 229
18 24 18 158 216 229
18 24 19 114 158 206
18 24 20 114 158 206
18 24 21 114 158 206
18 24 22 114 158 206
18 24 23 114 158 206
18 25 17 158 216 229
18 25 18 158 216 229
18 25 19 114 158 206
18 25 20 114 158 206
18 25 21 114 158 206
18 25 22 114 158 206
18 25 23 114 158 206
18 26 17 158 216 229
18 26 18 158 216 229
18 26 19 114 158 206
18 26 20 114 158 206
18 26 21 114 158 206
18 26 22 114 158 206
18 26 23 114 158 206
18 27 17 158 216 229
18 27 18 158 216 229
18 27 19 114 158 206
18 27 20 114 158 206
18 27 21 114 158 206
18 27 22 114 158 206
18 27 23 114 158 206
18 28 17 158 216 229
18 28 18 158 216 229
18 28 19 114 158 206
18 28 20 114 158 206
18 28 21 114 158 206
18 28 22 114 158 206
18 28 23 114 158 206
18 29 17 158 216 229
18 29 18 158 216 229
18 29 19 114 158 206
18 29 20 114 158 206
18 29 21 114 158 206
18 29 22 114 158 206
18 29 23 114 158 206
18 30 17 158 216 229
18 30 18 158 216 229
18 30 19 114 158 206
18 30 20 114 158 206
18 30 21 114 158 206
18 30 22 114 158 206
18 30 23 114 158 206
18 31 17 158 216 229
18 31 18 158 216 229
18 31 19 114 158 206
18 31 20 114 158 206
18 31 21 114 158 206
18 31 22 114 158 206
18 31 23 114 158 206
18 32 0 214 38 40
18 32 1 214 38 40
18 32 2 214 38 40
18 32 3 214 38 40
18 32 4 214 38 40
18 32 5 214 38 40
18 32 6 214 38 40
18 32 7 214 38 40
18 32 8 214 38 40
18 32 9 214 38 40
18 32 10 214 38 40
18 32 11 214 38 40
18 32 12 214 38 40
18 32 13 214 38 40
18 32 14 214 38 40
18 32 15 214 38 40
18 32 16 214 38 40
18 32 17 214 38 40
18 32 18 214 38 40
18 32 19 158 216 229
18 32 20 158 216 229
18 32 21 158 216 229
19 0 0 43 160 4
19 0 1 43 160 4
19 0 2 43 160 4
19 0 3 43 160 4
19 0 4 43 160 4
19 0 5 43 160 4
19 0 6 43 160 4
19 0 7 43 160 4
19 0 8 43 160 4
19 0 9 43 160 4
19 0 10 43 160 4
19 0 11 43 160 4
19 0 12 43 160 4
19 0 13 43 160 4
19 0 14 43 160 4
19 0 15 43 160 4
19 0 16 43 160 4
19 0 17 43 160 4
19 0 18 43 160 4
19 0 19 43 160 4
19 0 20 114 158 206
19 0 21 114 158 206
19 0 22 114 158 206
19 0 23 114 158 206
19 0 24 114 158 206
19 0 25 114 158 206
19 0 26 114 158 206
19 0 27 114 158 206
19 1 19 114 158 206
19 1 20 114 158 206
19 1 21 114 158 206
19 1 22 114 158 206
19 1 23 114 158 206
19 1 24 114 158 206
19 1 25 114 158 206
19 1 26 114 158 206
19 1 27 114 158 206
19 2 19 114 158 206
19 2 20 114 158 206
19 2 21 114 158 206
19 2 22 114 158 206
19 2 23 114 158 206
19 2 24 114 158 206
19 2 25 114 158 206
19 2 26 114 158 206
19 2 27 114 158 206
19 3 19 114 158 206
19 3 20 114 158 206
19 3 21 114 158 206
19 3 22 114 158 206
19 3 23 114 158 206
19 3 24 114 158 206
19 3 25 114 158 206
19 3 26 114 158 206
19 3 27 114 158 206
19 4 19 114 158 206
19 4 20 114 158 206
19 4 21 114 158 206
19 4 22 114 158 206
19 4 23 114 158 206
19 4 24 114 158 206
19 4 25 114 158 206
19 4 26 114 158 206
19 4 27 114 158 206
19 5 19 114 158 206
19 5 20 114 158 206
19 5 21 114 158 206
19 5 22 114 158 206
19 5 23 114 158 206
19 5 24 114 158 206
19 5 25 114 158 206
19 5 26 114 158 206
19 5 27 114 158 206
19 6 19 114 158 206
19 6 20 114 158 206
19 6 21 114 158 206
19 6 22 114 158 206
19 6 23 114 158 206
19 6 24 114 158 206
19 6 25 114 158 206
19 6 26 114 158 206
19 6 27 114 158 206
19 7 19 114 158 206
19 7 20 114 158 206
19 7 21 114 158 206
19 7 22 114 158 206
19 7 23 114 158 206
19 7 24 114 158 206
19 7 25 114 158 206
19 7 26 114 158 206
19 7 27 114 158 206
19 8 19 114 158 206
19 8 20 114 158 206
19 8 21 114 158 206
19 8 22 114 158 206
19 8 23 114 158 206
19 8 24 114 158 206
19 8 25 114 158 206
19 8 26 114 158 206
19 8 27 114 158 206
19 9 19 114 158 206
19 9 20 114 158 206
19 9 21 114 158 206
19 9 22 114 158 206
19 9 23 114 158 206
19 9 24 114 158 206
19 9 25 114 158 206
19 9 26 114 158 206
19 9 27 114 158 206
19 10 19 114 158 206
19 10 20 114 158 206
19 10 21 114 158 206
19 10 22 114 158 206
19 10 23 114 158 206
19 10 24 114 158 206
19 10 25 114 158 206
19 10 26 114 158 206
19 10 27 114 158 206
19 11 19 114 158 206
19 11 20 114 158 206
19 11 21 114 158 206
19 11 22 114 158 206
19 11 23 114 158 206
19 11 24 114 158 206
19 11 25 114 158 206
19 11 26 114 158 206
19 11 27 114 158 206
19 12 19 114 158 206
19 12 20 114 158 206
19 12 21 114 158 206
19 12 22 114 158 206
19 12 23 114 158 206
19 12 24 114 158 206
19 12 25 114 158 206
19 12 26 114 158 206
19 12 27 114 158 206
19 13 19 114 158 206
19 13 20 114 158 206
19 13 21 114 158 206
19 13 22 114 158 206
19 13 23 114 158 206
19 13 24 114 158 206
19 13 25 114 158 206
19 13 26 114 158 206
19 13 27 114 158 206
19 14 19 114 158 206
19 14 20 114 158 206
19 14 21 114 158 206
19 14 22 114 158 206
19 14 23 114 158 206
19 14 24 114 158 206
19 14 25 114 158 206
19 14 26 114 158 206
19 14 27 114 158 206
19 15 19 114 158 206
19 15 20 114 158 206
19 15 21 114 158 206
19 15 22 114 158 206
19 15 23 114 158 206
19 15 24 114 158 206
19 15 25 114 158 206
19 15 26 114 158 206
19 15 27 114 158 206
19 16 19 114 158 206
19 16 20 114 158 206
19 16 21 114 158 206
19 16 22 114 158 206
19 16 23 114 158 206
19 16 24 114 158 206
19 16 25 114 158 206
19 16 26 114 158 206
19 16 27 114 158 206
19 17 19 114 158 206
19 17 20 114 158 206
19 17 21 114 158 206
19 17 22 114 158 206
19 17 23 114 158 206
19 17 24 114 158 206
19 17 25 114 158 206
19 17 26 114 158 206
19 17 27 114 158 206
19 18 19 114 158 206
19 18 20 114 158 206
19 18 21 114 158 206
19 18 22 114 158 206
19 18 23 114 158 206
19 18 24 114 158 206
19 18 25 114 158 206
19 18 26 114 158 206
19 18 27 114 158 206
19 19 19 114 158 206
19 19 20 114 158 206
19 19 21 114 158 206
19 19 22 114 158 206
19 19 23 114 158 206
19 19 24 114 158 206
19 19 25 114 158 206
19 19 26 114 158 206
19 19 27 114 158 206
19 20 19 114 158 206
19 20 20 114 158 206
19 20 21 114 158 206
19 20 22 114 158 206
19 20 23 114 158 206
19 20 24 114 158 206
19 20 25 114 158 206
19 20 26 114 158 206
19 20 27 114 158 206
19 21 19 114 158 206
19 21 20 114 158 206
19 21 21 114 158 206
19 21 22 114 158 206
19 21 23 114 158 206
19 21 24 114 158 206
19 21 25 114 158 206
19 21 26 114 158 206
19 21 27 114 158 206
19 22 19 114 158 206
19 22 20 114 158 206
19 22 21 114 158 206
19 22 22 114 158 206
19 22 23 114 158 206
19 22 24 114 158 206
19 22 25 114 158 206
19 22 26 114 158 206
19 22 27 114 158 206
19 23 19 114 158 206
19 23 20 114 158 206
19 23 21 114 158 206
19 23 22 114 158 206
19 23 23 114 158 206
19 23 24 114 158 206
19 23 25 114 158 206
19 23 26 114 158 206
19 23 27 114 158 206
19 24 19 114 158 206
19 24 20 114 158 206
19 24 21 114 158 206
19 24 22 114 158 206
19 24 23 114 158 206
19 24 24 114 158 206
19 24 25 114 158 206
19 24 26 114 158 206
19 24 27 114 158 206
19 25 19 114 158 206
19 25 20 114 158 206
19 25 21 114 158 206
19 25 22 114 158 206
19 25 23 114 158 206
19 25 24 114 158 206
19 25 25 114 158 206
19 25 26 114 158 206
19 25 27 114 158 206
19 26 19 114 158 206
19 26 20 114 158 206
19 26 21 114 158 206
19 26 22 114 158 206
19 26 23 114 158 206
19 26 24 114 158 206
19 26 25 114 158 206
19 26 26 114 158 206
19 26 27 114 158 206
19 27 19 114 158 206
19 27 20 114 158 206
19 27 21 114 158 206
19 27 22 114 158 206
19 27 23 114 158 206
19 27 24 114 158 206
19 27 25 114 158 206
19 27 26 114 158 206
19 27 27 114 158 206
19 28 19 114 158 206
19 28 20 114 158 206
19 28 21 114 158 206
19 28 22 114 158 206
19 28 23 114 158 206
19 28 24 114 158 206
19 28 25 114 158 206
19 28 26 114 158 206
19 28 27 114 158 206
19 29 19 114 158 206
19 29 20 114 158 206
19 29 21 114 158 206
19 29 22 114 158 206
19 29 23 114 158 206
19 29 24 114 158 206
19 29 25 114 158 206
19 29 26 114 158 206
19 29 27 114 158 206
19 30 19 114 158 206
19 30 20 114 158 206
19 30 21 114 158 206
19 30 22 114 158 206
19 30 23 114 158 206
19 30 24 114 158 206
19 30 25 114 158 206
19 30 26 114 158 206
19 30 27 114 158 206
19 31 19 114 158 206
19 31 20 114 158 206
19 31 21 114 158 206
19 31 22 114 158 206
19 31 23 114 158 206
19 31 24 114 158 206
19 31 25 114 158 206
19 31 26 114 158 206
19 31 27 114 158 206
19 32 0 214 38 40
19 32 1 214 38 40
19 32 2 214 38 40
19 32 3 214 38 40
19 32 4 214 38 40
19 32 5 214 38 40
19 32 6 214 38 40
19 32 7 214 38 40
19 32 8 214 38 40
19 32 9 214 38 40
19 32 10 214 38 40
19 32 11 214 38 40
19 32 12 214 38 40
19 32 13 214 38 40
19 32 14 214 38 40
19 32 15 214 38 40
19 32 16 214 38 40
19 32 17 214 38 40
19 32 18 214 38 40
19 32 19 214 38 40
19 32 20 214 38 40
19 32 21 214 38 40
19 32 22 214 38 40
19 32 23 158 216 229
19 32 24 158 216 229
19 32 25 158 216 229
20 0 0 43 160 4
20 0 1 43 160 4
20 0 2 43 160 4
20 0 3 43 160 4
20 0 4 43 160 4
20 0 5 43 160 4
20 0 6 43 160 4
20 0 7 43 160 4
20 0 8 43 160 4
20 0 9 43 160 4
20 0 10 43 160 4
20 0 11 43 160 4
20 0 12 43 160 4
20 0 13 43 160 4
20 0 14 43 160 4
20 0 15 43 160 4
20 0 16 43 160 4
20 0 17 43 160 4
20 0 18 43 160 4
20 0 19 43 160 4
20 0 20 43 160 4
20 0 21 43 160 4
20 0 22 43 160 4
20 0 23 43 160 4
20 0 24 114 158 206
20 0 25 114 158 206
20 0 26 114 158 206
20 0 27 114 158 206
20 0 28 114 158 206
20 0 29 114 158 206
20 0 30 114 158 206
20 0 31 114 158 206
20 1 22 114 158 206
20 1 23 114 158 206
20 1 24 114 158 206
20 1 25 114 158 206
20 1 26 114 158 206
20 1 27 114 158 206
20 1 28 114 158 206
20 1 29 114 158 206
20 1 30 114 158 206
20 1 31 114 158 206
20 2 22 114 158 206
20 2 23 114 158 206
20 2 24 114 158 206
20 2 25 114 158 206
20 2 26 114 158 206
20 2 27 114 158 206
20 2 28 114 158 206
20 2 29 114 158 206
20 2 30 114 158 206
20 2 31 114 158 206
20 3 22 114 158 206
20 3 23 114 158 206
20 3 24 114 158 206
20 3 25 114 158 206
20 3 26 114 158 206
20 3 27 114 158 206
20 3 28 114 158 206
20 3 29 114 158 206
20 3 30 114 158 206
20 3 31 114 158 206
20 4 22 114 158 206
20 4 23 114 158 206
20 4 24 114 158 206
20 4 25 114 158 206
20 4 26 114 158 206
20 4 27 114 158 206
20 4 28 114 158 206
20 4 29 114 158 206
20 4 30 114 158 206
20 4 31 114 158 206
20 5 22 114 158 206
20 5 23 114 158 206
20 5 24 114 158 206
20 5 25 114 158 206
20 5 26 114 158 206
20 5 27 114 158 206
20 5 28 114 158 206
20 5 29 114 158 206
20 5 30 114 158 206
20 5 31 114 158 206
20 6 22 114 158 206
20 6 23 114 158 206
20 6 24 114 158 206
20 6 25 114 158 206
20 6 26 114 158 206
20 6 27 114 158 206
20 6 28 114 158 206
20 6 29 114 158 206
20 6 30 114 158 206
20 6 31 114 158 206
20 7 22 114 158 206
20 7 23 114 158 206
20 7 24 114 158 206
20 7 25 114 158 206
20 7 26 114 158 206
20 7 27 114 158 206
20 7 28 114 158 206
20 7 29 114 158 206
20 7 30 114 158 206
20 7 31 114 158 206
20 8 22 114 158 206
20 8 23 114 158 206
20 8 24 114 158 206
20 8 25 114 158 206
20 8 26 114 158 206
20 8 27 114 158 206
20 8 28 114 158 206
20 8 29 114 158 206
20 8 30 114 158 206
20 8 31 114 158 206
20 9 22 114 158 206
20 9 23 114 158 206
20 9 24 114 158 206
20 9 25 114 158 206
20 9 26 114 158 206
20 9 27 114 158 206
20 9 28 114 158 206
20 9 29 114 158 206
20 9 30 114 158 206
20 9 31 114 158 206
20 10 22 114 158 206
20 10 23 114 158 206
20 10 24 114 158 206
20 10 25 114 158 206
20 10 26 114 158 206
20 10 27 114 158 206
20 10 28 114 158 206
20 10 29 114 158 206
20 10 30 114 158 206
20 10 31 114 158 206
20 11 22 114 158 206
20 11 23 114 158 206
20 11 24 114 158 206
20 11 25 114 158 206
20 11 26 114 158 206
20 11 27 114 158 206
20 11 28 114 158 206
20 11 29 114 158 206
20 11 30 114 158 206
20 11 31 114 158 206
20 12 22 114 158 206
20 12 23 114 158 206
20 12 24 114 158 206
20 12 25 114 158 206
20 12 26 114 158 206
20 12 27 114 158 206
20 12 28 114 158 206
20 12 29 114 158 206
20 12 30 114 158 206
20 12 31 114 158 206
20 13 22 114 158 206
20 13 23 114 158 206
20 13 24 114 158 206
20 13 25 114 158 206
20 13 26 114 158 206
20 13 27 114 158 206
20 13 28 114 158 206
20 13 29 114 158 206
20 13 30 114 158 206
20 13 31 114 158 206
20 14 22 114 158 206
20 14 23 114 158 206
20 14 24 114 158 206
20 14 25 114 158 206
20 14 26 114 158 206
20 14 27 114 158 206
20 14 28 114 158 206
20 14 29 114 158 206
20 14 30 114 158 206
20 14 31 114 158 206
20 15 22 114 158 206
20 15 23 114 158 206
20 15 24 114 158 206
20 15 25 114 158 206
20 15 26 114 158 206
20 15 27 114 158 206
20 15 28 114 158 206
20 15 29 114 158 206
20 15 30 114 158 206
20 15 31 114 158 206
20 16 22 114 158 206
20 16 23 114 158 206
20 16 24 114 158 206
20 16 25 114 158 206
20 16 26 114 158 206
20 16 27 114 158 206
20 16 28 114 158 206
20 16 29 114 158 206
20 16 30 114 158 206
20 16 31 114 158 206
20 17 22 114 158 206
20 17 23 114 158 206
20 17 24 114 158 206
20 17 25 114 158 206
20 17 26 114 158 206
20 17 27 114 158 206
20 17 28 114 158 206
20 17 29 114 158 206
20 17 30 114 158 206
20 17 31 114 158 206
20 18 22 114 158 206
20 18 23 114 158 206
20 18 24 114 158 206
20 18 25 114 158 206
20 18 26 114 158 206
20 18 27 114 158 206
20 18 28 114 158 206
20 18 29 114 158 206
20 18 30 114 158 206
20 18 31 114 158 206
20 19 22 114 158 206
20 19 23 114 158 206
20 19 24 114 158 206
20 19 25 114 158 206
20 19 26 114 158 206
20 19 27 114 158 206
20 19 28 114 158 206
20 19 29 114 158 206
20 19 30 114 158 206
20 19 31 114 158 206
20 20 22 114 158 206
20 20 23 114 158 206
20 20 24 114 158 206
20 20 25 114 158 206
20 20 26 114 158 206
20 20 27 114 158 206
20 20 28 114 158 206
20 20 29 114 158 206
20 20 30 114 158 206
20 20 31 114 158 206
20 21 22 114 158 206
20 21 23 114 158 206
20 21 24 114 158 206
20 21 25 114 158 206
20 21 26 114 158 206
20 21 27 114 158 206
20 21 28 114 158 206
20 21 29 114 158 206
20 21 30 114 158 206
20 21 31 114 158 206
20 22 22 114 158 206
20 22 23 114 158 206
20 22 24 114 158 206
20 22 25 114 158 206
20 22 26 114 158 206
20 22 27 114 158 206
20 22 28 114 158 206
20 22 29 114 158 206
20 22 30 114 158 206
20 22 31 114 158 206
20 23 22 114 158 206
20 23 23 114 158 206
20 23 24 114 158 206
20 23 25 114 158 206
20 23 26 114 158 206
20 23 27 114 158 206
20 23 28 114 158 206
20 23 29 114 158 206
20 23 30 114 158 206
20 23 31 114 158 206
20 24 22 114 158 206
20 24 23 114 158 206
20 24 24 114 158 206
20 24 25 114 158 206
20 24 26 114 158 206
20 24 27 114 158 206
20 24 28 114 158 206
20 24 29 114 158 206
20 24 30 114 158 206
20 24 31 114 158 206
20 25 22 114 158 206
20 25 23 114 158 206
20 25 24 114 158 206
20 25 25 114 158 206
20 25 26 114 158 206
20 25 27 114 158 206
20 25 28 114 158 206
20 25 29 114 158 206
20 25 30 114 158 206
20 25 31 114 158 206
20 26 22 114 158 206
20 26 23 114 158 206
20 26 24 114 158 206
20 26 25 114 158 206
20 26 26 114 158 206
20 26 27 114 158 206
20 26 28 114 158 206
20 26 29 114 158 206
20 26 30 114 158 206
20 26 31 114 158 206
20 27 22 114 158 206
20 27 23 114 158 206
20 27 24 114 158 206
20 27 25 114 158 206
20 27 26 114 158 206
20 27 27 114 158 206
20 27 28 114 158 206
20 27 29 114 158 206
20 27 30 114 158 206
20 27 31 114 158 206
20 28 22 114 158 206
20 28 23 114 158 206
20 28 24 114 158 206
20 28 25 114 158 206
20 28 26 114 158 206
20 28 27 114 158 206
20 28 28 114 158 206
20 28 29 114 158 206
20 28 30 114 158 206
20 28 31 114 158 206
20 29 22 114 158 206
20 29 23 114 158 206
20 29 24 114 158 206
20 29 25 114 158 206
20 29 26 114 158 206
20 29 27 114 158 206
20 29 28 114 158 206
20 29 29 114 158 206
20 29 30 114 158 206
20 29 31 114 158 206
20 30 22 114 158 206
20 30 23 114 158 206
20 30 24 114 158 206
20 30 25 114 158 206
20 30 26 114 158 206
20 30 27 114 158 206
20 30 28 114 158 206
20 30 29 114 158 206
20 30 30 114 158 206
20 30 31 114 158 206
20 31 22 114 158 206
20 31 23 114 158 206
20 31 24 114 158 206
20 31 25 114 158 206
20 31 26 114 158 206
20 31 27 114 158 206
20 31 28 114 158 206
20 31 29 114 158 206
20 31 30 114 158 206
20 31 31 114 158 206
20 32 0 214 38 40
20 32 1 214 38 40
20 32 2 214 38 40
20 32 3 214 38 40
20 32 4 214 38 40
20 32 5 214 38 40
20 32 6 214 38 40
20 32 7 214 38 40
20 32 8 214 38 40
20 32 9 214 38 40
20 32 10 214 38 40
20 32 11 214 38 40
20 32 12 214 38 40
20 32 13 214 38 40
20 32 14 214 38 40
20 32 15 214 38 40
20 32 16 214 38 40
20 32 17 214 38 40
20 32 18 214 38 40
20 32 19 214 38 40
20 32 20 214 38 40
20 32 21 214 38 40
20 32 22 214 38 40
20 32 23 214 38 40
20 32 24 214 38 40
20 32 25 214 38 40
20 32 26 214 38 40
20 32 27 158 216 229
20 32 28 158 216 229
20 32 29 158 216 229
21 0 0 43 160 4
21 0 1 43 160 4
21 0 2 43 160 4
21 0 3 43 160 4
21 0 4 43 160 4
21 0 5 43 160 4
21 0 6 43 160 4
21 0 7 43 160 4
21 0 8 43 160 4
21 0 9 43 160 4
21 0 10 43 160 4
21 0 11 43 160 4
21 0 12 43 160 4
21 0 13 43 160 4
21 0 14 43 160 4
21 0 15 43 160 4
21 0 16 43 160 4
21 0 17 43 160 4
21 0 18 43 160 4
21 0 19 43 160 4
21 0 20 43 160 4
21 0 21 43 160 4
21 0 22 43 160 4
21 0 23 43 160 4
21 0 24 43 160 4
21 0 25 43 160 4
21 0 26 43 160 4
21 0 27 43 160 4
21 0 28 114 158 206
21 0 29 114 158 206
21 0 30 114 158 206
21 0 31 114 158 206
21 0 32 114 158 206
21 0 33 114 158 206
21 1 26 114 158 206
21 1 27 114 158 206
21 1 28 114 158 206
21 1 29 114 158 206
21 1 30 114 158 206
21 1 31 114 158 206
21 1 32 114 158 206
21 1 33 114 158 206
21 2 26 114 158 206
21 2 27 114 158 206
21 2 28 114 158 206
21 2 29 114 158 206
21 2 30 114 158 206
21 2 31 114 158 206
21 2 32 114 158 206
21 2 33 114 158 206
21 3 26 114 158 206
21 3 27 114 158 206
21 3 28 114 158 206
21 3 29 114 158 206
21 3 30 114 158 206
21 3 31 114 158 206
21 3 32 114 158 206
21 3 33 114 158 206
21 4 26 114 158 206
21 4 27 114 158 206
21 4 28 114 158 206
21 4 29 114 158 206
21 4 30 114 158 206
21 4 31 114 158 206
21 4 32 114 158 206
21 4 33 114 158 206
21 5 26 114 158 206
21 5 27 114 158 206
21 5 28 114 158 206
21 5 29 114 158 206
21 5 30 114 158 206
21 5 31 114 158 206
21 5 32 114 158 206
21 5 33 114 158 206
21 6 26 114 158 206
21 6 27 114 158 206
21 6 28 114 158 206
21 6 29 114 158 206
21 6 30 114 158 206
21 6 31 114 158 206
21 6 32 114 158 206
21 6 33 114 158 206
21 7 26 114 158 206
21 7 27 114 158 206
21 7 28 114 158 206
21 7 29 114 158 206
21 7 30 114 158 206
21 7 31 114 158 206
21 7 32 114 158 206
21 7 33 114 158 206
21 8 26 114 158 206
21 8 27 114 158 206
21 8 28 114 158 206
21 8 29 114 158 206
21 8 30 114 158 206
21 8 31 114 158 206
21 8 32 114 158 206
21 8 33 114 158 206
21 9 26 114 158 206
21 9 27 114 158 206
21 9 28 114 158 206
21 9 29 114 158 206
21 9 30 114 158 206
21 9 31 114 158 206
21 9 32 114 158 206
21 9 33 114 158 206
21 10 26 114 158 206
21 10 27 114 158 206
21 10 28 114 158 206
21 10 29 114 158 206
21 10 30 114 158 206
21 10 31 114 158 206
21 10 32 114 158 206
21 10 33 114 158 206
21 11 26 114 158 206
21 11 27 114 158 206
21 11 28 114 158 206
21 11 29 114 158 206
21 11 30 114 158 206
21 11 31 114 158 206
21 11 32 114 158 206
21 11 33 114 158 206
21 12 26 114 158 206
21 12 27 114 158 206
21 12 28 114 158 206
21 12 29 114 158 206
21 12 30 114 158 206
21 12 31 114 158 206
21 12 32 114 158 206
21 12 33 114 158 206
21 13 26 114 158 206
21 13 27 114 158 206
21 13 28 114 158 206
21 13 29 114 158 206
21 13 30 114 158 206
21 13 31 114 158 206
21 13 32 114 158 206
21 13 33 114 158 206
21 14 26 114 158 206
21 14 27 114 158 206
21 14 28 114 158 206
21 14 29 114 158 206
21 14 30 114 158 206
21 14 31 114 158 206
21 14 32 114 158 206
21 14 33 114 158 206
21 15 26 114 158 206
21 15 27 114 158 206
21 15 28 114 158 206
21 15 29 114 158 206
21 15 30 114 158 206
21 15 31 114 158 206
21 15 32 114 158 206
21 15 33 114 158 206
21 16 26 114 158 206
21 16 27 114 158 206
21 16 28 114 158 206
21 16 29 114 158 206
21 16 30 114 158 206
21 16 31 114 158 206
21 16 32 114 158 206
21 16 33 114 158 206
21 17 26 114 158 206
21 17 27 114 158 206
21 17 28 114 158 206
21 17 29 114 158 206
21 17 30 114 158 206
21 17 31 114 158 206
21 17 32 114 158 206
21 17 33 114 158 206
21 18 26 114 158 206
21 18 27 114 158 206
21 18 28 114 158 206
21 18 29 114 158 206
21 18 30 114 158 206
21 18 31 114 158 206
21 18 32 114 158 206
21 18 33 114 158 206
21 19 26 114 158 206
21 19 27 114 158 206
21 19 28 114 158 206
21 19 29 114 158 206
21 19 30 114 158 206
21 19 31 114 158 206
21 19 32 114 158 206
21 19 33 114 158 206
21 20 26 114 158 206
21 20 27 114 158 206
21 20 28 114 158 206
21 20 29 114 158 206
21 20 30 114 158 206
21 20 31 114 158 206
21 20 32 114 158 206
21 20 33 114 158 206
21 21 26 114 158 206
21 21 27 114 158 206
21 21 28 114 158 206
21 21 29 114 158 206
21 21 30 114 158 206
21 21 31 114 158 206
21 21 32 114 158 206
21 21 33 114 158 206
21 22 26 114 158 206
21 22 27 114 158 206
21 22 28 114 158 206
21 22 29 114 158 206
21 22 30 114 158 206
21 22 31 114 158 206
21 22 32 114 158 206
21 22 33 114 158 206
21 23 26 114 158 206
21 23 27 114 158 206
21 23 28 114 158 206
21 23 29 114 158 206
21 23 30 114 158 206
21 23 31 114 158 206
21 23 32 114 158 206
21 23 33 114 158 206
21 24 26 114 158 206
21 24 27 114 158 206
21 24 28 114 158 206
21 24 29 114 158 206
21 24 30 114 158 206
21 24 31 114 158 206
21 24 32 114 158 206
21 24 33 114 158 206
21 25 26 114 158 206
21 25 27 114 158 206
21 25 28 114 158 206
21 25 29 114 158 206
21 25 30 114 158 206
21 25 31 114 158 206
21 25 32 114 158 206
21 25 33 114 158 206
21 26 26 114 158 206
21 26 27 114 158 206
21 26 28 114 158 206
21 26 29 114 158 206
21 26 30 114 158 206
21 26 31 114 158 206
21 26 32 114 158 206
21 26 33 114 158 206
21 27 26 114 158 206
21 27 27 114 158 206
21 27 28 114 158 206
21 27 29 114 158 206
21 27 30 114 158 206
21 27 31 114 158 206
21 27 32 114 158 206
21 27 33 114 158 206
21 28 26 114 158 206
21 28 27 114 158 206
21 28 28 114 158 206
21 28 29 114 158 206
21 28 30 114 158 206
21 28 31 114 158 206
21 28 32 114 158 206
21 28 33 114 158 206
21 29 26 114 158 206
21 29 27 114 158 206
21 29 28 114 158 206
21 29 29 114 158 206
21 29 30 114 158 206
21 29 31 114 158 206
21 29 32 114 158 206
21 29 33 114 158 206
21 30 26 114 158 206
21 30 27 114 158 206
21 30 28 114 158 206
21 30 29 114 158 206
21 30 30 114 158 206
21 30 31 114 158 206
21 30 32 114 158 206
21 30 33 114 158 206
21 31 26 114 158 206
21 31 27 114 158 206
21 31 28 114 158 206
21 31 29 114 158 206
21 31 30 114 158 206
21 31 31 114 158 206
21 31 32 114 158 206
21 31 33 114 158 206
21 32 0 214 38 40
21 32 1 214 38 40
21 32 2 214 38 40
21 32 3 214 38 40
21 32 4 214 38 40
21 32 5 214 38 40
21 32 6 214 38 40
21 32 7 214 38 40
21 32 8 214 38 40
21 32 9 214 38 40
21 32 10 214 38 40
21 32 11 214 38 40
21 32 12 214 38 40
21 32 13 214 38 40
21 32 14 214 38 40
21 32 15 214 38 40
21 32 16 214 38 40
21 32 17 214 38 40
21 32 18 214 38 40
21 32 19 214 38 40
21 32 20 214 38 40
21 32 21 214 38 40
21 32 22 214 38 40
21 32 23 214 38 40
21 32 24 214 38 40
21 32 25 214 38 40
21 32 26 214 38 40
21 32 27 214 38 40
21 32 28 214 38 40
21 32 29 214 38 40
21 32 30 214 38 40
21 32 31 158 216 229
21 32 32 158 216 229
21 32 33 158 216 229
22 0 0 43 160 4
22 0 1 43 160 4
22 0 2 43 160 4
22 0 3 43 160 4
22 0 4 43 160 4
22 0 5 43 160 4
22 0 6 43 160 4
22 0 7 43 160 4
22 0 8 43 160 4
22 0 9 43 160 4
22 0 10 43 160 4
22 0 11 43 160 4
22 0 12 43 160 4
22 0 13 43 160 4
22 0 14 43 160 4
22 0 15 43 160 4
22 0 16 43 160 4
22 0 17 43 160 4
22 0 18 43 160 4
22 0 19 43 160 4
22 0 20 43 160 4
22 0 21 43 160 4
22 0 22 43 160 4
22 0 23 43 160 4
22 0 24 43 160 4
22 0 25 43 160 4
22 0 26 43 160 4
22 0 27 43 160 4
22 0 28 43 160 4
22 0 29 43 160 4
22 0 30 43 160 4
22 0 31 43 160 4
22 0 32 114 158 206
22 0 33 255 127 12
22 0 34 43 160 4
22 0 35 43 160 4
22 0 36 158 216 229
22 1 30 114 158 206
22 1 31 114 158 206
22 1 32 114 158 206
22 1 33 255 127 12
22 1 34 158 216 229
22 1 35 158 216 229
22 1 36 158 216 229
22 1 37 158 216 229
22 2 30 114 158 206
22 2 31 114 158 206
22 2 32 114 158 206
22 2 33 255 127 12
22 2 34 158 216 229
22 2 35 158 216 229
22 2 36 158 216 229
22 2 37 158 216 229
22 3 30 114 158 206
22 3 31 114 158 206
22 3 32 114 158 206
22 3 33 255 127 12
22 3 34 158 216 229
22 3 35 158 216 229
22 3 36 158 216 229
22 3 37 158 216 229
22 4 30 114 158 206
22 4 31 114 158 206
22 4 32 114 158 206
22 4 33 255 127 12
22 4 34 158 216 229
22 4 35 158 216 229
22 4 36 158 216 229
22 4 37 158 216 229
22 5 30 114 158 206
22 5 31 114 158 206
22 5 32 114 158 206
22 5 33 255 127 12
22 5 34 158 216 229
22 5 35 158 216 229
22 5 36 158 216 229
22 5 37 158 216 229
22 6 30 114 158 206
22 6 31 114 158 206
22 6 32 114 158 206
22 6 33 255 127 12
22 6 34 158 216 229
22 6 35 158 216 229
22 6 36 158 216 229
22 6 37 158 216 229
22 7 30 114 158 206
22 7 31 114 158 206
22 7 32 114 158 206
22 7 33 158 216 229
22 7 34 158 216 229
22 7 35 158 216 229
22 7 36 158 216 229
22 7 37 158 216 229
22 8 30 114 158 206
22 8 31 114 158 206
22 8 32 114 158 206
22 8 33 158 216 229
22 8 34 158 216 229
22 8 35 158 216 229
22 8 36 158 216 229
22 8 37 158 216 229
22 9 30 114 158 206
22 9 31 114 158 206
22 9 32 114 158 206
22 9 33 158 216 229
22 9 34 158 216 229
22 9 35 158 216 229
22 9 36 158 216 229
22 9 37 158 216 229
22 10 30 114 158 206
22 10 31 114 158 206
22 10 32 114 158 206
22 10 33 158 216 229
22 10 34 158 216 229
22 10 35 158 216 229
22 10 36 158 216 229
22 10 37 158 216 229
22 11 30 114 158 206
22 11 31 114 158 206
22 11 32 114 158 206
22 11 33 158 216 229
22 11 34 158 216 229
22 11 35 158 216 229
22 11 36 158 216 229
22 11 37 158 216 229
22 12 30 114 158 206
22 12 31 114 158 206
22 12 32 114 158 206
22 12 33 158 216 229
22 12 34 158 216 229
22 12 35 158 216 229
22 12 36 158 216 229
22 12 37 158 216 229
22 13 30 114 158 206
22 13 31 114 158 206
22 13 32 114 158 206
22 13 33 158 216 229
22 13 34 158 216 229
22 13 35 158 216 229
22 13 36 158 216 229
22 13 37 158 216 229
22 14 30 114 158 206
22 14 31 114 158 206
22 14 32 114 158 206
22 14 33 158 216 229
22 14 34 158 216 229
22 14 35 158 216 229
22 14 36 158 216 229
22 14 37 158 216 229
22 15 30 114 158 206
22 15 31 114 158 206
22 15 32 114 158 206
22 15 33 158 216 229
22 15 34 158 216 229
22 15 35 158 216 229
22 15 36 158 216 229
22 15 37 158 216 229
22 16 30 114 158 206
22 16 31 114 158 206
22 16 32 114 158 206
22 16 33 158 216 229
22 16 34 158 216 229
22 16 35 158 216 229
22 16 36 158 216 229
22 16 37 158 216 229
22 17 30 114 158 206
22 17 31 114 158 206
22 17 32 114 158 206
22 17 33 158 216 229
22 17 34 158 216 229
22 17 35 158 216 229
22 17 36 158 216 229
22 17 37 158 216 229
22 18 30 114 158 206
22 18 31 114 158 206
22 18 32 114 158 206
22 18 33 158 216 229
22 18 34 158 216 229
22 18 35 158 216 229
22 18 36 158 216 229
22 18 37 158 216 229
22 19 30 114 158 206
22 19 31 114 158 206
22 19 32 114 158 206
22 19 33 158 216 229
22 19 34 158 216 229
22 19 35 158 216 229
22 19 36 158 216 229
22 19 37 158 216 229
22 20 30 114 158 206
22 20 31 114 158 206
22 20 32 114 158 206
22 20 33 158 216 229
22 20 34 158 216 229
22 20 35 158 216 229
22 20 36 158 216 229
22 20 37 158 216 229
22 21 30 114 158 206
22 21 31 114 158 206
22 21 32 114 158 206
22 21 33 158 216 229
22 21 34 158 216 229
22 21 35 158 216 229
22 21 36 158 216 229
22 21 37 158 216 229
22 22 30 114 158 206
22 22 31 114 158 206
22 22 32 114 158 206
22 22 33 158 216 229
22 22 34 158 216 229
22 22 35 158 216 229
22 22 36 158 216 229
22 22 37 158 216 229
22 23 30 114 158 206
22 23 31 114 158 206
22 23 32 114 158 206
22 23 33 158 216 229
22 23 34 158 216 229
22 23 35 158 216 229
22 23 36 158 216 229
22 23 37 158 216 229
22 24 30 114 158 206
22 24 31 114 158 206
22 24 32 114 158 206
22 24 33 158 216 229
22 24 34 158 216 229
22 24 35 158 216 229
22 24 36 158 216 229
22 24 37 158 216 229
22 25 30 114 158 206
22 25 31 114 158 206
22 25 32 114 158 206
22 25 33 158 216 229
22 25 34 158 216 229
22 25 35 158 216 229
22 25 36 158 216 229
22 25 37 158 216 229
22 26 30 114 158 206
22 26 31 114 158 206
22 26 32 114 158 206
22 26 33 158 216 229
22 26 34 158 216 229
22 26 35 158 216 229
22 26 36 158 216 229
22 26 37 158 216 229
22 27 30 114 158 206
22 27 31 114 158 206
22 27 32 114 158 206
22 27 33 158 216 229
22 27 34 158 216 229
22 27 35 158 216 229
22 27 36 158 216 229
22 27 37 158 216 229
22 28 30 114 158 206
22 28 31 114 158 206
22 28 32 114 158 206
22 28 33 158 216 229
22 28 34 158 216 229
22 28 35 158 216 229
22 28 36 158 216 229
22 28 37 158 216 229
22 29 30 114 158 206
22 29 31 114 158 206
22 29 32 114 158 206
22 29 33 158 216 229
22 29 34 158 216 229
22 29 35 158 216 229
22 29 36 158 216 229
22 29 37 158 216 229
22 30 30 114 158 206
22 30 31 114 158 206
22 30 32 114 158 206
22 30 33 158 216 229
22 30 34 158 216 229
22 30 35 158 216 229
22 30 36 158 216 229
22 30 37 158 216 229
22 31 30 114 158 206
22 31 31 114 158 206
22 31 32 114 158 206
22 31 33 158 216 229
22 31 34 158 216 229
22 31 35 158 216 229
22 31 36 158 216 229
22 31 37 158 216 229
22 32 0 214 38 40
22 32 1 214 38 40
22 32 2 214 38 40
22 32 3 214 38 40
22 32 4 214 38 40
22 32 5 214 38 40
22 32 6 214 38 40
22 32 7 214 38 40
22 32 8 214 38 40
22 32 9 214 38 40
22 32 10 214 38 40
22 32 11 214 38 40
22 32 12 214 38 40
22 32 13 214 38 40
22 32 14 214 38 40
22 32 15 214 38 40
22 32 16 214 38 40
22 32 17 214 38 40
22 32 18 214 38 40
22 32 19 214 38 40
22 32 20 214 38 40
22 32 21 214 38 40
22 32 22 214 38 40
22 32 23 214 38 40
22 32 24 214 38 40
22 32 25 214 38 40
22 32 26 214 38 40
22 32 27 214 38 40
22 32 28 214 38 40
22 32 29 214 38 40
22 32 30 214 38 40
22 32 31 214 38 40
22 32 32 214 38 40
22 32 33 214 38 40
22 32 34 214 38 40
22 32 35 158 216 229
22 32 36 158 216 229
22 32 37 158 216 229
23 0 0 43 160 4
23 0 1 43 160 4
23 0 2 43 160 4
23 0 3 43 160 4
23 0 4 43 160 4
23 0 5 43 160 4
23 0 6 43 160 4
23 0 7 43 160 4
23 0 8 43 160 4
23 0 9 43 160 4
23 0 10 43 160 4
23 0 11 255 186 119
23 0 12 255 186 119
23 0 13 43 160 4
23 0 14 43 160 4
23 0 15 43 160 4
23 0 16 43 160 4
23 0 17 43 160 4
23 0 18 43 160 4
23 0 19 43 160 4
23 0 20 43 160 4
23 0 21 43 160 4
23 0 22 43 160 4
23 0 23 43 160 4
23 0 24 43 160 4
23 0 25 43 160 4
23 0 26 43 160 4
23 0 27 43 160 4
23 0 28 43 160 4
23 0 29 43 160 4
23 0 30 43 160 4
23 0 31 43 160 4
23 0 32 43 160 4
23 0 33 255 127 12
23 0 34 255 127 12
23 0 35 255 127 12
23 0 36 255 127 12
23 0 37 43 160 4
23 0 38 158 216 229
23 1 10 255 186 119
23 1 11 255 186 119
23 1 12 255 186 119
23 1 13 255 186 119
23 1 14 255 186 119
23 1 32 255 127 12
23 1 33 255 127 12
23 1 34 255 127 12
23 1 35 255 127 12
23 1 36 255 127 12
23 1 37 158 216 229
23 1 38 158 216 229
23 2 10 255 186 119
23 2 11 255 186 119
23 2 12 255 186 119
23 2 13 255 186 119
23 2 14 255 186 119
23 2 32 255 127 12
23 2 33 255 127 12
23 2 34 255 127 12
23 2 35 255 127 12
23 2 36 255 127 12
23 2 37 158 216 229
23 2 38 158 216 229
23 3 10 255 186 119
23 3 11 255 186 119
23 3 12 255 186 119
23 3 13 255 186 119
23 3 14 255 186 119
23 3 32 255 127 12
23 3 33 255 127 12
23 3 34 255 127 12
23 3 35 255 127 12
23 3 36 255 127 12
23 3 37 158 216 229
23 3 38 158 216 229
23 4 10 255 186 119
23 4 11 255 186 119
23 4 12 255 186 119
23 4 13 255 186 119
23 4 14 255 186 119
23 4 32 255 127 12
23 4 33 255 127 12
23 4 34 255 127 12
23 4 35 255 127 12
23 4 36 255 127 12
23 4 37 158 216 229
23 4 38 158 216 229
23 5 10 255 186 119
23 5 11 255 186 119
23 5 12 255 186 119
23 5 13 255 186 119
23 5 14 255 186 119
23 5 32 255 127 12
23 5 33 255 127 12
23 5 34 255 127 12
23 5 35 255 127 12
23 5 36 255 127 12
23 5 37 158 216 229
23 5 38 158 216 229
23 6 10 255 186 119
23 6 11 255 186 119
23 6 12 255 186 119
23 6 13 255 186 119
23 6 14 255 186 119
23 6 32 255 127 12
23 6 33 255 127 12
23 6 34 255 127 12
23 6 35 255 127 12
23 6 36 255 127 12
23 6 37 158 216 229
23 6 38 158 216 229
23 7 10 255 186 119
23 7 11 255 186 119
23 7 12 255 186 119
23 7 13 255 186 119
23 7 14 255 186 119
23 7 35 196 175 214
23 7 36 196 175 214
23 7 37 196 175 214
23 7 38 158 216 229
23 8 35 196 175 214
23 8 36 196 175 214
23 8 37 196 175 214
23 8 38 158 216 229
23 9 35 196 175 214
23 9 36 196 175 214
23 9 37 196 175 214
23 9 38 158 216 229
23 10 35 196 175 214
23 10 36 196 175 214
23 10 37 196 175 214
23 10 38 158 216 229
23 11 35 196 175 214
23 11 36 196 175 214
23 11 37 158 216 229
23 11 38 158 216 229
23 12 36 158 216 229
23 12 37 158 216 229
23 12 38 158 216 229
23 13 36 158 216 229
23 13 37 158 216 229
23 13 38 158 216 229
23 14 36 158 216 229
23 14 37 158 216 229
23 14 38 158 216 229
23 15 36 158 216 229
23 15 37 158 216 229
23 15 38 158 216 229
23 16 36 158 216 229
23 16 37 158 216 229
23 16 38 158 216 229
23 17 36 158 216 229
23 17 37 158 216 229
23 17 38 158 216 229
23 18 36 158 216 229
23 18 37 158 216 229
23 18 38 158 216 229
23 19 36 158 216 229
23 19 37 158 216 229
23 19 38 158 216 229
23 20 36 158 216 229
23 20 37 158 216 229
23 20 38 158 216 229
23 21 36 158 216 229
23 21 37 158 216 229
23 21 38 158 216 229
23 22 36 158 216 229
23 22 37 158 216 229
23 22 38 158 216 229
23 23 36 158 216 229
23 23 37 158 216 229
23 23 38 158 216 229
23 24 36 158 216 229
23 24 37 158 216 229
23 24 38 158 216 229
23 25 36 158 216 229
23 25 37 158 216 229
23 25 38 158 216 229
23 26 36 158 216 229
23 26 37 158 216 229
23 26 38 158 216 229
23 27 35 196 175 214
23 27 36 158 216 229
23 27 37 158 216 229
23 27 38 158 216 229
23 28 35 196 175 214
23 28 36 196 175 214
23 28 37 158 216 229
23 28 38 158 216 229
23 29 35 196 175 214
23 29 36 196 175 214
23 29 37 158 216 229
23 29 38 158 216 229
23 30 35 196 175 214
23 30 36 196 175 214
23 30 37 158 216 229
23 30 38 158 216 229
23 31 36 158 216 229
23 31 37 158 216 229
23 31 38 158 216 229
23 32 0 214 38 40
23 32 1 214 38 40
23 32 2 214 38 40
23 32 3 214 38 40
23 32 4 214 38 40
23 32 5 214 38 40
23 32 6 214 38 40
23 32 7 214 38 40
23 32 8 214 38 40
23 32 9 214 38 40
23 32 10 214 38 40
23 32 11 214 38 40
23 32 12 214 38 40
23 32 13 214 38 40
23 32 14 214 38 40
23 32 15 214 38 40
23 32 16 214 38 40
23 32 17 214 38 40
23 32 18 214 38 40
23 32 19 214 38 40
23 32 20 214 38 40
23 32 21 214 38 40
23 32 22 214 38 40
23 32 23 214 38 40
23 32 24 214 38 40
23 32 25 214 38 40
23 32 26 214 38 40
23 32 27 214 38 40
23 32 28 214 38 40
23 32 29 214 38 40
23 32 30 214 38 40
23 32 31 214 38 40
23 32 32 214 38 40
23 32 33 214 38 40
23 32 34 214 38 40
23 32 35 214 38 40
23 32 36 214 38 40
23 32 37 214 38 40
23 32 38 158 216 229
24 0 0 43 160 4
24 0 1 43 160 4
24 0 2 43 160 4
24 0 3 43 160 4
24 0 4 43 160 4
24 0 5 43 160 4
24 0 6 43 160 4
24 0 7 43 160 4
24 0 8 43 160 4
24 0 9 43 160 4
24 0 10 255 186 119
24 0 11 255 186 119
24 0 12 255 186 119
24 0 13 255 186 119
24 0 14 255 186 119
24 0 15 255 186 119
24 0 16 255 186 119
24 0 17 43 160 4
24 0 18 43 160 4
24 0 19 43 160 4
24 0 20 43 160 4
24 0 21 43 160 4
24 0 22 43 160 4
24 0 23 43 160 4
24 0 24 43 160 4
24 0 25 43 160 4
24 0 26 43 160 4
24 0 27 43 160 4
24 0 28 43 160 4
24 0 29 43 160 4
24 0 30 43 160 4
24 0 31 43 160 4
24 0 32 43 160 4
24 0 33 255 127 12
24 0 34 255 127 12
24 0 35 255 127 12
24 0 36 255 127 12
24 0 37 255 127 12
24 1 10 255 186 119
24 1 11 255 186 119
24 1 12 255 186 119
24 1 13 255 186 119
24 1 14 255 186 119
24 1 15 255 186 119
24 1 16 255 186 119
24 1 17 255 186 119
24 1 18 255 186 119
24 1 32 255 127 12
24 1 33 255 127 12
24 1 34 255 127 12
24 1 35 255 127 12
24 1 36 255 127 12
24 1 37 255 127 12
24 1 38 158 216 229
24 2 10 255 186 119
24 2 11 255 186 119
24 2 12 255 186 119
24 2 13 255 186 119
24 2 14 255 186 119
24 2 15 255 186 119
24 2 16 255 186 119
24 2 17 255 186 119
24 2 18 255 186 119
24 2 32 255 127 12
24 2 33 255 127 12
24 2 34 255 127 12
24 2 35 255 127 12
24 2 36 255 127 12
24 2 37 255 127 12
24 2 38 158 216 229
24 3 10 255 186 119
24 3 11 255 186 119
24 3 12 255 186 119
24 3 13 255 186 119
24 3 14 255 186 119
24 3 15 255 186 119
24 3 16 255 186 119
24 3 17 255 186 119
24 3 18 255 186 119
24 3 32 255 127 12
24 3 33 255 127 12
24 3 34 255 127 12
24 3 35 255 127 12
24 3 36 255 127 12
24 3 37 255 127 12
24 3 38 158 216 229
24 4 10 255 186 119
24 4 11 255 186 119
24 4 12 255 186 119
24 4 13 255 186 119
24 4 14 255 186 119
24 4 15 255 186 119
24 4 16 255 186 119
24 4 17 255 186 119
24 4 18 255 186 119
24 4 32 255 127 12
24 4 33 255 127 12
24 4 34 255 127 12
24 4 35 255 127 12
24 4 36 255 127 12
24 4 37 255 127 12
24 4 38 158 216 229
24 5 10 255 186 119
24 5 11 255 186 119
24 5 12 255 186 119
24 5 13 255 186 119
24 5 14 255 186 119
24 5 15 255 186 119
24 5 16 255 186 119
24 5 17 255 186 119
24 5 18 255 186 119
24 5 32 255 127 12
24 5 33 255 127 12
24 5 34 255 127 12
24 5 35 255 127 12
24 5 36 255 127 12
24 5 37 255 127 12
24 5 38 158 216 229
24 6 10 255 186 119
24 6 11 255 186 119
24 6 12 255 186 119
24 6 13 255 186 119
24 6 14 255 186 119
24 6 15 255 186 119
24 6 16 255 186 119
24 6 17 255 186 119
24 6 18 255 186 119
24 6 32 255 127 12
24 6 33 255 127 12
24 6 34 255 127 12
24 6 35 255 127 12
24 6 36 255 127 12
24 6 37 255 127 12
24 6 38 158 216 229
24 7 10 255 186 119
24 7 11 255 186 119
24 7 12 255 186 119
24 7 13 255 186 119
24 7 14 255 186 119
24 7 15 255 186 119
24 7 16 255 186 119
24 7 17 255 186 119
24 7 34 196 175 214
24 7 35 196 175 214
24 7 36 196 175 214
24 7 37 196 175 214
24 7 38 158 216 229
24 8 34 196 175 214
24 8 35 196 175 214
24 8 36 196 175 214
24 8 37 196 175 214
24 8 38 158 216 229
24 9 34 196 175 214
24 9 35 196 175 214
24 9 36 196 175 214
24 9 37 196 175 214
24 9 38 158 216 229
24 10 34 196 175 214
24 10 35 196 175 214
24 10 36 196 175 214
24 10 37 196 175 214
24 10 38 158 216 229
24 11 35 196 175 214
24 11 36 196 175 214
24 11 37 158 216 229
24 11 38 158 216 229
24 12 37 158 216 229
24 12 38 158 216 229
24 13 37 158 216 229
24 13 38 158 216 229
24 14 37 158 216 229
24 14 38 158 216 229
24 15 37 158 216 229
24 15 38 158 216 229
24 16 37 158 216 229
24 16 38 158 216 229
24 17 37 158 216 229
24 17 38 158 216 229
24 18 37 158 216 229
24 18 38 158 216 229
24 19 37 158 216 229
24 19 38 158 216 229
24 20 37 158 216 229
24 20 38 158 216 229
24 21 37 158 216 229
24 21 38 158 216 229
24 22 37 158 216 229
24 22 38 158 216 229
24 23 37 158 216 229
24 23 38 158 216 229
24 24 37 158 216 229
24 24 38 158 216 229
24 25 37 158 216 229
24 25 38 158 216 229
24 26 37 158 216 229
24 26 38 158 216 229
24 27 35 196 175 214
24 27 36 196 175 214
24 27 37 158 216 229
24 27 38 158 216 229
24 28 35 196 175 214
24 28 36 196 175 214
24 28 37 196 175 214
24 28 38 158 216 229
24 29 35 196 175 214
24 29 36 196 175 214
24 29 37 196 175 214
24 29 38 158 216 229
24 30 35 196 175 214
24 30 36 196 175 214
24 30 37 196 175 214
24 30 38 158 216 229
24 31 35 196 175 214
24 31 36 196 175 214
24 31 37 158 216 229
24 31 38 158 216 229
24 32 0 214 38 40
24 32 1 214 38 40
24 32 2 214 38 40
24 32 3 214 38 40
24 32 4 214 38 40
24 32 5 214 38 40
24 32 6 214 38 40
24 32 7 214 38 40
24 32 8 214 38 40
24 32 9 214 38 40
24 32 10 214 38 40
24 32 11 214 38 40
24 32 12 214 38 40
24 32 13 214 38 40
24 32 14 214 38 40
24 32 15 214 38 40
24 32 16 214 38 40
24 32 17 214 38 40
24 32 18 214 38 40
24 32 19 214 38 40
24 32 20 214 38 40
24 32 21 214 38 40
24 32 22 214 38 40
24 32 23 214 38 40
24 32 24 214 38 40
24 32 25 214 38 40
24 32 26 214 38 40
24 32 27 214 38 40
24 32 28 214 38 40
24 32 29 214 38 40
24 32 30 214 38 40
24 32 31 214 38 40
24 32 32 214 38 40
24 32 33 214 38 40
24 32 34 214 38 40
24 32 35 214 38 40
24 32 36 214 38 40
24 32 37 214 38 40
24 32 38 158 216 229
25 0 0 43 160 4
25 0 1 43 160 4
25 0 2 43 160 4
25 0 3 43 160 4
25 0 4 43 160 4
25 0 5 43 160 4
25 0 6 43 160 4
25 0 7 43 160 4
25 0 8 43 160 4
25 0 9 43 160 4
25 0 10 255 186 119
25 0 11 255 186 119
25 0 12 255 186 119
25 0 13 255 186 119
25 0 14 255 186 119
25 0 15 255 186 119
25 0 16 255 186 119
25 0 17 255 186 119
25 0 18 255 186 119
25 0 19 255 186 119
25 0 20 43 160 4
25 0 21 43 160 4
25 0 22 43 160 4
25 0 23 43 160 4
25 0 24 43 160 4
25 0 25 43 160 4
25 0 26 43 160 4
25 0 27 43 160 4
25 0 28 43 160 4
25 0 29 43 160 4
25 0 30 43 160 4
25 0 31 43 160 4
25 0 32 255 127 12
25 0 33 255 127 12
25 0 34 255 127 12
25 0 35 255 127 12
25 0 36 255 127 12
25 0 37 43 160 4
25 1 10 255 186 119
25 1 11 255 186 119
25 1 12 255 186 119
25 1 13 255 186 119
25 1 14 255 186 119
25 1 15 255 186 119
25 1 16 255 186 119
25 1 17 255 186 119
25 1 18 255 186 119
25 1 19 255 186 119
25 1 20 255 186 119
25 1 21 255 186 119
25 1 32 255 127 12
25 1 33 255 127 12
25 1 34 255 127 12
25 1 35 255 127 12
25 1 36 255 127 12
25 1 37 158 216 229
25 2 10 255 186 119
25 2 11 255 186 119
25 2 12 255 186 119
25 2 13 255 186 119
25 2 14 255 186 119
25 2 15 255 186 119
25 2 16 255 186 119
25 2 17 255 186 119
25 2 18 255 186 119
25 2 19 255 186 119
25 2 20 255 186 119
25 2 21 255 186 119
25 2 32 255 127 12
25 2 33 255 127 12
25 2 34 255 127 12
25 2 35 255 127 12
25 2 36 255 127 12
25 2 37 158 216 229
25 3 10 255 186 119
25 3 11 255 186 119
25 3 12 255 186 119
25 3 13 255 186 119
25 3 14 255 186 119
25 3 15 255 186 119
25 3 16 255 186 119
25 3 17 255 186 119
25 3 18 255 186 119
25 3 19 255 186 119
25 3 20 255 186 119
25 3 21 255 186 119
25 3 32 255 127 12
25 3 33 255 127 12
25 3 34 255 127 12
25 3 35 255 127 12
25 3 36 255 127 12
25 3 37 158 216 229
25 4 10 255 186 119
25 4 11 255 186 119
25 4 12 255 186 119
25 4 13 255 186 119
25 4 14 255 186 119
25 4 15 255 186 119
25 4 16 255 186 119
25 4 17 255 186 119
25 4 18 255 186 119
25 4 19 255 186 119
25 4 20 255 186 119
25 4 21 255 186 119
25 4 32 255 127 12
25 4 33 255 127 12
25 4 34 255 127 12
25 4 35 255 127 12
25 4 36 255 127 12
25 4 37 158 216 229
25 5 10 255 186 119
25 5 11 255 186 119
25 5 12 255 186 119
25 5 13 255 186 119
25 5 14 255 186 119
25 5 15 255 186 119
25 5 16 255 186 119
25 5 17 255 186 119
25 5 18 255 186 119
25 5 19 255 186 119
25 5 20 255 186 119
25 5 21 255 186 119
25 5 32 255 127 12
25 5 33 255 127 12
25 5 34 255 127 12
25 5 35 255 127 12
25 5 36 255 127 12
25 5 37 158 216 229
25 6 10 255 186 119
25 6 11 255 186 119
25 6 12 255 186 119
25 6 13 255 186 119
25 6 14 255 186 119
25 6 15 255 186 119
25 6 16 255 186 119
25 6 17 255 186 119
25 6 18 255 186 119
25 6 19 255 186 119
25 6 20 255 186 119
25 6 21 255 186 119
25 6 32 255 127 12
25 6 33 255 127 12
25 6 34 255 127 12
25 6 35 255 127 12
25 6 36 255 127 12
25 6 37 158 216 229
25 7 10 255 186 119
25 7 11 255 186 119
25 7 12 255 186 119
25 7 13 255 186 119
25 7 14 255 186 119
25 7 15 255 186 119
25 7 16 255 186 119
25 7 17 255 186 119
25 7 18 255 186 119
25 7 19 255 186 119
25 7 20 255 186 119
25 7 21 255 186 119
25 7 34 196 175 214
25 7 35 196 175 214
25 7 36 196 175 214
25 7 37 158 216 229
25 8 34 196 175 214
25 8 35 196 175 214
25 8 36 196 175 214
25 8 37 158 216 229
25 9 34 196 175 214
25 9 35 196 175 214
25 9 36 196 175 214
25 9 37 158 216 229
25 10 34 196 175 214
25 10 35 196 175 214
25 10 36 196 175 214
25 10 37 158 216 229
25 11 34 196 175 214
25 11 35 196 175 214
25 11 36 196 175 214
25 11 37 158 216 229
25 12 37 158 216 229
25 13 37 158 216 229
25 14 37 158 216 229
25 15 37 158 216 229
25 16 37 158 216 229
25 17 37 158 216 229
25 18 37 158 216 229
25 19 37 158 216 229
25 20 37 158 216 229
25 21 37 158 216 229
25 22 37 158 216 229
25 23 37 158 216 229
25 24 37 158 216 229
25 25 37 158 216 229
25 26 37 158 216 229
25 27 35 196 175 214
25 27 36 196 175 214
25 27 37 158 216 229
25 28 35 196 175 214
25 28 36 196 175 214
25 28 37 158 216 229
25 29 35 196 175 214
25 29 36 196 175 214
25 29 37 158 216 229
25 30 35 196 175 214
25 30 36 196 175 214
25 30 37 158 216 229
25 31 35 196 175 214
25 31 36 196 175 214
25 31 37 158 216 229
25 32 0 214 38 40
25 32 1 214 38 40
25 32 2 214 38 40
25 32 3 214 38 40
25 32 4 214 38 40
25 32 5 214 38 40
25 32 6 214 38 40
25 32 7 214 38 40
25 32 8 214 38 40
25 32 9 214 38 40
25 32 10 214 38 40
25 32 11 214 38 40
25 32 12 214 38 40
25 32 13 214 38 40
25 32 14 214 38 40
25 32 15 214 38 40
25 32 16 214 38 40
25 32 17 214 38 40
25 32 18 214 38 40
25 32 19 214 38 40
25 32 20 214 38 40
25 32 21 214 38 40
25 32 22 214 38 40
25 32 23 214 38 40
25 32 24 214 38 40
25 32 25 214 38 40
25 32 26 214 38 40
25 32 27 214 38 40
25 32 28 214 38 40
25 32 29 214 38 40
25 32 30 214 38 40
25 32 31 214 38 40
25 32 32 214 38 40
25 32 33 214 38 40
25 32 34 214 38 40
25 32 35 214 38 40
25 32 36 214 38 40
25 32 37 214 38 40
26 0 0 43 160 4
26 0 1 43 160 4
26 0 2 43 160 4
26 0 3 43 160 4
26 0 4 43 160 4
26 0 5 43 160 4
26 0 6 43 160 4
26 0 7 43 160 4
26 0 8 43 160 4
26 0 9 43 160 4
26 0 10 255 186 119
26 0 11 255 186 119
26 0 12 255 186 119
26 0 13 255 186 119
26 0 14 255 186 119
26 0 15 255 186 119
26 0 16 255 186 119
26 0 17 255 186 119
26 0 18 255 186 119
26 0 19 255 186 119
26 0 20 255 186 119
26 0 21 255 186 119
26 0 22 255 186 119
26 0 23 255 186 119
26 0 24 43 160 4
26 0 25 43 160 4
26 0 26 43 160 4
26 0 27 43 160 4
26 0 28 43 160 4
26 0 29 43 160 4
26 0 30 43 160 4
26 0 31 43 160 4
26 0 32 255 127 12
26 0 33 255 127 12
26 0 34 255 127 12
26 0 35 255 127 12
26 0 36 255 127 12
26 0 37 43 160 4
26 1 9 255 186 119
26 1 10 255 186 119
26 1 11 255 186 119
26 1 12 255 186 119
26 1 13 255 186 119
26 1 14 255 186 119
26 1 15 255 186 119
26 1 16 255 186 119
26 1 17 255 186 119
26 1 18 255 186 119
26 1 19 255 186 119
26 1 20 255 186 119
26 1 21 255 186 119
26 1 22 255 186 119
26 1 23 255 186 119
26 1 24 255 186 119
26 1 25 255 186 119
26 1 32 255 127 12
26 1 33 255 127 12
26 1 34 255 127 12
26 1 35 255 127 12
26 1 36 255 127 12
26 1 37 158 216 229
26 2 9 255 186 119
26 2 10 255 186 119
26 2 11 255 186 119
26 2 12 255 186 119
26 2 13 255 186 119
26 2 14 255 186 119
26 2 15 255 186 119
26 2 16 255 186 119
26 2 17 255 186 119
26 2 18 255 186 119
26 2 19 255 186 119
26 2 20 255 186 119
26 2 21 255 186 119
26 2 22 255 186 119
26 2 23 255 186 119
26 2 24 255 186 119
26 2 25 255 186 119
26 2 32 255 127 12
26 2 33 255 127 12
26 2 34 255 127 12
26 2 35 255 127 12
26 2 36 255 127 12
26 2 37 158 216 229
26 3 9 255 186 119
26 3 10 255 186 119
26 3 11 255 186 119
26 3 12 255 186 119
26 3 13 255 186 119
26 3 14 255 186 119
26 3 15 255 186 119
26 3 16 255 186 119
26 3 17 255 186 119
26 3 18 255 186 119
26 3 19 255 186 119
26 3 20 255 186 119
26 3 21 255 186 119
26 3 22 255 186 119
26 3 23 255 186 119
26 3 24 255 186 119
26 3 25 255 186 119
26 3 32 255 127 12
26 3 33 255 127 12
26 3 34 255 127 12
26 3 35 255 127 12
26 3 36 255 127 12
26 3 37 158 216 229
26 4 9 255 186 119
26 4 10 255 186 119
26 4 11 255 186 119
26 4 12 255 186 119
26 4 13 255 186 119
26 4 14 255 186 119
26 4 15 255 186 119
26 4 16 255 186 119
26 4 17 255 186 119
26 4 18 255 186 119
26 4 19 255 186 119
26 4 20 255 186 119
26 4 21 255 186 119
26 4 22 255 186 119
26 4 23 255 186 119
26 4 24 255 186 119
26 4 25 255 186 119
26 4 32 255 127 12
26 4 33 255 127 12
26 4 34 255 127 12
26 4 35 255 127 12
26 4 36 255 127 12
26 4 37 158 216 229
26 5 9 255 186 119
26 5 10 255 186 119
26 5 11 255 186 119
26 5 12 255 186 119
26 5 13 255 186 119
26 5 14 255 186 119
26 5 15 255 186 119
26 5 16 255 186 119
26 5 17 255 186 119
26 5 18 255 186 119
26 5 19 255 186 119
26 5 20 255 186 119
26 5 21 255 186 119
26 5 22 255 186 119
26 5 23 255 186 119
26 5 24 255 186 119
26 5 25 255 186 119
26 5 32 255 127 12
26 5 33 255 127 12
26 5 34 255 127 12
26 5 35 255 127 12
26 5 36 255 127 12
26 5 37 158 216 229
26 6 9 255 186 119
26 6 10 255 186 119
26 6 11 255 186 119
26 6 12 255 186 119
26 6 13 255 186 119
26 6 14 255 186 119
26 6 15 255 186 119
26 6 16 255 186 119
26 6 17 255 186 119
26 6 18 255 186 119
26 6 19 255 186 119
26 6 20 255 186 119
26 6 21 255 186 119
26 6 22 255 186 119
26 6 23 255 186 119
26 6 24 255 186 119
26 6 25 255 186 119
26 6 32 255 127 12
26 6 33 255 127 12
26 6 34 255 127 12
26 6 35 255 127 12
26 6 36 255 127 12
26 6 37 158 216 229
26 7 9 255 186 119
26 7 10 255 186 119
26 7 11 255 186 119
26 7 12 255 186 119
26 7 13 255 186 119
26 7 14 255 186 119
26 7 15 255 186 119
26 7 16 255 186 119
26 7 17 255 186 119
26 7 18 255 186 119
26 7 19 255 186 119
26 7 20 255 186 119
26 7 21 255 186 119
26 7 22 255 186 119
26 7 23 255 186 119
26 7 24 255 186 119
26 7 25 255 186 119
26 7 34 196 175 214
26 7 35 196 175 214
26 7 36 196 175 214
26 7 37 158 216 229
26 8 34 196 175 214
26 8 35 196 175 214
26 8 36 196 175 214
26 8 37 158 216 229
26 9 34 196 175 214
26 9 35 196 175 214
26 9 36 196 175 214
26 9 37 158 216 229
26 10 34 196 175 214
26 10 35 196 175 214
26 10 36 196 175 214
26 10 37 158 216 229
26 11 35 196 175 214
26 11 36 196 175 214
26 11 37 158 216 229
26 12 37 158 216 229
26 13 37 158 216 229
26 14 37 158 216 229
26 15 37 158 216 229
26 16 37 158 216 229
26 17 37 158 216 229
26 18 37 158 216 229
26 19 37 158 216 229
26 20 37 158 216 229
26 21 37 158 216 229
26 22 37 158 216 229
26 23 37 158 216 229
26 24 37 158 216 229
26 25 37 158 216 229
26 26 37 158 216 229
26 27 35 196 175 214
26 27 36 196 175 214
26 27 37 158 216 229
26 28 34 196 175 214
26 28 35 196 175 214
26 28 36 196 175 214
26 28 37 158 216 229
26 29 34 196 175 214
26 29 35 196 175 214
26 29 36 196 175 214
26 29 37 158 216 229
26 30 34 196 175 214
26 30 35 196 175 214
26 30 36 196 175 214
26 30 37 158 216 229
26 31 35 196 175 214
26 31 36 196 175 214
26 31 37 158 216 229
26 32 0 214 38 40
26 32 1 214 38 40
26 32 2 214 38 40
26 32 3 214 38 40
26 32 4 214 38 40
26 32 5 214 38 40
26 32 6 214 38 40
26 32 7 214 38 40
26 32 8 214 38 40
26 32 9 214 38 40
26 32 10 214 38 40
26 32 11 214 38 40
26 32 12 214 38 40
26 32 13 214 38 40
26 32 14 214 38 40
26 32 15 214 38 40
26 32 16 214 38 40
26 32 17 214 38 40
26 32 18 214 38 40
26 32 19 214 38 40
26 32 20 214 38 40
26 32 21 214 38 40
26 32 22 214 38 40
26 32 23 214 38 40
26 32 24 214 38 40
26 32 25 214 38 40
26 32 26 214 38 40
26 32 27 214 38 40
26 32 28 214 38 40
26 32 29 214 38 40
26 32 30 214 38 40
26 32 31 214 38 40
26 32 32 214 38 40
26 32 33 214 38 40
26 32 34 214 38 40
26 32 35 214 38 40
26 32 36 214 38 40
26 32 37 158 216 229
27 0 0 43 160 4
27 0 1 43 160 4
27 0 2 43 160 4
27 0 3 43 160 4
27 0 4 43 160 4
27 0 5 43 160 4
27 0 6 43 160 4
27 0 7 43 160 4
27 0 8 43 160 4
27 0 9 43 160 4
27 0 10 255 186 119
27 0 11 255 186 119
27 0 12 255 186 119
27 0 13 255 186 119
27 0 14 255 186 119
27 0 15 255 186 119
27 0 16 255 186 119
27 0 17 255 186 119
27 0 18 255 186 119
27 0 19 255 186 119
27 0 20 255 186 119
27 0 21 255 186 119
27 0 22 255 186 119
27 0 23 255 186 119
27 0 24 255 186 119
27 0 25 255 186 119
27 0 26 255 186 119
27 0 27 255 186 119
27 0 28 43 160 4
27 0 29 43 160 4
27 0 30 43 160 4
27 0 31 43 160 4
27 0 32 255 127 12
27 0 33 255 127 12
27 0 34 255 127 12
27 0 35 255 127 12
27 0 36 255 127 12
27 0 37 158 216 229
27 1 9 255 186 119
27 1 10 255 186 119
27 1 11 255 186 119
27 1 12 255 186 119
27 1 13 255 186 119
27 1 14 255 186 119
27 1 15 255 186 119
27 1 16 255 186 119
27 1 17 255 186 119
27 1 18 255 186 119
27 1 19 255 186 119
27 1 20 255 186 119
27 1 21 255 186 119
27 1 22 255 186 119
27 1 23 255 186 119
27 1 24 255 186 119
27 1 25 255 186 119
27 1 26 255 186 119
27 1 27 255 186 119
27 1 28 255 186 119
27 1 29 255 186 119
27 1 31 255 127 12
27 1 32 255 127 12
27 1 33 255 127 12
27 1 34 255 127 12
27 1 35 255 127 12
27 1 36 255 127 12
27 1 37 158 216 229
27 2 9 255 186 119
27 2 10 255 186 119
27 2 11 255 186 119
27 2 12 255 186 119
27 2 13 255 186 119
27 2 14 255 186 119
27 2 15 255 186 119
27 2 16 255 186 119
27 2 17 255 186 119
27 2 18 255 186 119
27 2 19 255 186 119
27 2 20 255 186 119
27 2 21 255 186 119
27 2 22 255 186 119
27 2 23 255 186 119
27 2 24 255 186 119
27 2 25 255 186 119
27 2 26 255 186 119
27 2 27 255 186 119
27 2 28 255 186 119
27 2 29 255 186 119
27 2 31 255 127 12
27 2 32 255 127 12
27 2 33 255 127 12
27 2 34 255 127 12
27 2 35 255 127 12
27 2 36 255 127 12
27 2 37 158 216 229
27 3 9 255 186 119
27 3 10 255 186 119
27 3 11 255 186 119
27 3 12 255 186 119
27 3 13 255 186 119
27 3 14 255 186 119
27 3 15 255 186 119
27 3 16 255 186 119
27 3 17 255 186 119
27 3 18 255 186 119
27 3 19 255 186 119
27 3 20 255 186 119
27 3 21 255 186 119
27 3 22 255 186 119
27 3 23 255 186 119
27 3 24 255 186 119
27 3 25 255 186 119
27 3 26 255 186 119
27 3 27 255 186 119
27 3 28 255 186 119
27 3 29 255 186 119
27 3 31 255 127 12
27 3 32 255 127 12
27 3 33 255 127 12
27 3 34 255 127 12
27 3 35 255 127 12
27 3 36 255 127 12
27 3 37 158 216 229
27 4 9 255 186 119
27 4 10 255 186 119
27 4 11 255 186 119
27 4 12 255 186 119
27 4 13 255 186 119
27 4 14 255 186 119
27 4 15 255 186 119
27 4 16 255 186 119
27 4 17 255 186 119
27 4 18 255 186 119
27 4 19 255 186 119
27 4 20 255 186 119
27 4 21 255 186 119
27 4 22 255 186 119
27 4 23 255 186 119
27 4 24 255 186 119
27 4 25 255 186 119
27 4 26 255 186 119
27 4 27 255 186 119
27 4 28 255 186 119
27 4 29 255 186 119
27 4 31 255 127 12
27 4 32 255 127 12
27 4 33 255 127 12
27 4 34 255 127 12
27 4 35 255 127 12
27 4 36 255 127 12
27 4 37 158 216 229
27 5 9 255 186 119
27 5 10 255 186 119
27 5 11 255 186 119
27 5 12 255 186 119
27 5 13 255 186 119
27 5 14 255 186 119
27 5 15 255 186 119
27 5 16 255 186 119
27 5 17 255 186 119
27 5 18 255 186 119
27 5 19 255 186 119
27 5 20 255 186 119
27 5 21 255 186 119
27 5 22 255 186 119
27 5 23 255 186 119
27 5 24 255 186 119
27 5 25 255 186 119
27 5 26 255 186 119
27 5 27 255 186 119
27 5 28 255 186 119
27 5 29 255 186 119
27 5 31 255 127 12
27 5 32 255 127 12
27 5 33 255 127 12
27 5 34 255 127 12
27 5 35 255 127 12
27 5 36 255 127 12
27 5 37 158 216 229
27 6 9 255 186 119
27 6 10 255 186 119
27 6 11 255 186 119
27 6 12 255 186 119
27 6 13 255 186 119
27 6 14 255 186 119
27 6 15 255 186 119
27 6 16 255 186 119
27 6 17 255 186 119
27 6 18 255 186 119
27 6 19 255 186 119
27 6 20 255 186 119
27 6 21 255 186 119
27 6 22 255 186 119
27 6 23 255 186 119
27 6 24 255 186 119
27 6 25 255 186 119
27 6 26 255 186 119
27 6 27 255 186 119
27 6 28 255 186 119
27 6 29 255 186 119
27 6 31 255 127 12
27 6 32 255 127 12
27 6 33 255 127 12
27 6 34 255 127 12
27 6 35 255 127 12
27 6 36 255 127 12
27 6 37 158 216 229
27 7 9 255 186 119
27 7 10 255 186 119
27 7 11 255 186 119
27 7 12 255 186 119
27 7 13 255 186 119
27 7 14 255 186 119
27 7 15 255 186 119
27 7 16 255 186 119
27 7 17 255 186 119
27 7 18 255 186 119
27 7 19 255 186 119
27 7 20 255 186 119
27 7 21 255 186 119
27 7 22 255 186 119
27 7 23 255 186 119
27 7 24 255 186 119
27 7 25 255 186 119
27 7 26 255 186 119
27 7 27 255 186 119
27 7 28 255 186 119
27 7 34 196 175 214
27 7 35 196 175 214
27 7 36 196 175 214
27 7 37 158 216 229
27 8 34 196 175 214
27 8 35 196 175 214
27 8 36 196 175 214
27 8 37 158 216 229
27 9 36 158 216 229
27 9 37 158 216 229
27 10 36 158 216 229
27 10 37 158 216 229
27 11 36 158 216 229
27 11 37 158 216 229
27 12 36 158 216 229
27 12 37 158 216 229
27 13 36 158 216 229
27 13 37 158 216 229
27 14 36 158 216 229
27 14 37 158 216 229
27 15 36 158 216 229
27 15 37 158 216 229
27 16 36 158 216 229
27 16 37 158 216 229
27 17 36 158 216 229
27 17 37 158 216 229
27 18 36 158 216 229
27 18 37 158 216 229
27 19 36 158 216 229
27 19 37 158 216 229
27 20 36 158 216 229
27 20 37 158 216 229
27 21 36 158 216 229
27 21 37 158 216 229
27 22 36 158 216 229
27 22 37 158 216 229
27 23 36 158 216 229
27 23 37 158 216 229
27 24 36 158 216 229
27 24 37 158 216 229
27 25 36 158 216 229
27 25 37 158 216 229
27 26 36 158 216 229
27 26 37 158 216 229
27 27 34 196 175 214
27 27 35 196 175 214
27 27 36 196 175 214
27 27 37 158 216 229
27 28 34 196 175 214
27 28 35 196 175 214
27 28 36 196 175 214
27 28 37 158 216 229
27 29 34 196 175 214
27 29 35 196 175 214
27 29 36 196 175 214
27 29 37 158 216 229
27 30 34 196 175 214
27 30 35 196 175 214
27 30 36 196 175 214
27 30 37 158 216 229
27 31 34 196 175 214
27 31 35 196 175 214
27 31 36 196 175 214
27 31 37 158 216 229
27 32 0 214 38 40
27 32 1 214 38 40
27 32 2 214 38 40
27 32 3 214 38 40
27 32 4 214 38 40
27 32 5 214 38 40
27 32 6 214 38 40
27 32 7 214 38 40
27 32 8 214 38 40
27 32 9 214 38 40
27 32 10 214 38 40
27 32 11 214 38 40
27 32 12 214 38 40
27 32 13 214 38 40
27 32 14 214 38 40
27 32 15 214 38 40
27 32 16 214 38 40
27 32 17 214 38 40
27 32 18 214 38 40
27 32 19 214 38 40
27 32 20 214 38 40
27 32 21 214 38 40
27 32 22 214 38 40
27 32 23 214 38 40
27 32 24 214 38 40
27 32 25 214 38 40
27 32 26 214 38 40
27 32 27 214 38 40
27 32 28 214 38 40
27 32 29 214 38 40
27 32 30 214 38 40
27 32 31 214 38 40
27 32 32 214 38 40
27 32 33 214 38 40
27 32 34 214 38 40
27 32 35 214 38 40
27 32 36 214 38 40
27 32 37 158 216 229
28 0 0 43 160 4
28 0 1 43 160 4
28 0 2 43 160 4
28 0 3 43 160 4
28 0 4 43 160 4
28 0 5 43 160 4
28 0 6 43 160 4
28 0 7 43 160 4
28 0 8 43 160 4
28 0 9 255 186 119
28 0 10 255 186 119
28 0 11 255 186 119
28 0 12 255 186 119
28 0 13 255 186 119
28 0 14 255 186 119
28 0 15 255 186 119
28 0 16 255 186 119
28 0 17 255 186 119
28 0 18 255 186 119
28 0 19 255 186 119
28 0 20 255 186 119
28 0 21 255 186 119
28 0 22 255 186 119
28 0 23 255 186 119
28 0 24 255 186 119
28 0 25 255 186 119
28 0 26 255 186 119
28 0 27 255 186 119
28 0 28 255 186 119
28 0 29 255 186 119
28 0 30 255 186 119
28 0 31 255 186 119
28 0 32 255 127 12
28 0 33 255 127 12
28 0 34 255 127 12
28 0 35 255 127 12
28 0 36 43 160 4
28 1 9 255 186 119
28 1 10 255 186 119
28 1 11 255 186 119
28 1 12 255 186 119
28 1 13 255 186 119
28 1 14 255 186 119
28 1 15 255 186 119
28 1 16 255 186 119
28 1 17 255 186 119
28 1 18 255 186 119
28 1 19 255 186 119
28 1 20 255 186 119
28 1 21 255 186 119
28 1 22 255 186 119
28 1 23 255 186 119
28 1 24 255 186 119
28 1 25 255 186 119
28 1 26 255 186 119
28 1 27 255 186 119
28 1 28 255 186 119
28 1 29 255 186 119
28 1 30 255 186 119
28 1 31 255 186 119
28 1 32 255 127 12
28 1 33 255 127 12
28 1 34 255 127 12
28 1 35 255 127 12
28 1 36 158 216 229
28 1 37 158 216 229
28 2 9 255 186 119
28 2 10 255 186 119
28 2 11 255 186 119
28 2 12 255 186 119
28 2 13 255 186 119
28 2 14 255 186 119
28 2 15 255 186 119
28 2 16 255 186 119
28 2 17 255 186 119
28 2 18 255 186 119
28 2 19 255 186 119
28 2 20 255 186 119
28 2 21 255 186 119
28 2 22 255 186 119
28 2 23 255 186 119
28 2 24 255 186 119
28 2 25 255 186 119
28 2 26 255 186 119
28 2 27 255 186 119
28 2 28 255 186 119
28 2 29 255 186 119
28 2 30 255 186 119
28 2 31 255 186 119
28 2 32 255 127 12
28 2 33 255 127 12
28 2 34 255 127 12
28 2 35 255 127 12
28 2 36 158 216 229
28 2 37 158 216 229
28 3 9 255 186 119
28 3 10 255 186 119
28 3 11 255 186 119
28 3 12 255 186 119
28 3 13 255 186 119
28 3 14 255 186 119
28 3 15 255 186 119
28 3 16 255 186 119
28 3 17 255 186 119
28 3 18 255 186 119
28 3 19 255 186 119
28 3 20 255 186 119
28 3 21 255 186 119
28 3 22 255 186 119
28 3 23 255 186 119
28 3 24 255 186 119
28 3 25 255 186 119
28 3 26 255 186 119
28 3 27 255 186 119
28 3 28 255 186 119
28 3 29 255 186 119
28 3 30 255 186 119
28 3 31 255 186 119
28 3 32 255 127 12
28 3 33 255 127 12
28 3 34 255 127 12
28 3 35 255 127 12
28 3 36 158 216 229
28 3 37 158 216 229
28 4 9 255 186 119
28 4 10 255 186 119
28 4 11 255 186 119
28 4 12 255 186 119
28 4 13 255 186 119
28 4 14 255 186 119
28 4 15 255 186 119
28 4 16 255 186 119
28 4 17 255 186 119
28 4 18 255 186 119
28 4 19 255 186 119
28 4 20 255 186 119
28 4 21 255 186 119
28 4 22 255 186 119
28 4 23 255 186 119
28 4 24 255 186 119
28 4 25 255 186 119
28 4 26 255 186 119
28 4 27 255 186 119
28 4 28 255 186 119
28 4 29 255 186 119
28 4 30 255 186 119
28 4 31 255 186 119
28 4 32 255 127 12
28 4 33 255 127 12
28 4 34 255 127 12
28 4 35 255 127 12
28 4 36 158 216 229
28 4 37 158 216 229
28 5 9 255 186 119
28 5 10 255 186 119
28 5 11 255 186 119
28 5 12 255 186 119
28 5 13 255 186 119
28 5 14 255 186 119
28 5 15 255 186 119
28 5 16 255 186 119
28 5 17 255 186 119
28 5 18 255 186 119
28 5 19 255 186 119
28 5 20 255 186 119
28 5 21 255 186 119
28 5 22 255 186 119
28 5 23 255 186 119
28 5 24 255 186 119
28 5 25 255 186 119
28 5 26 255 186 119
28 5 27 255 186 119
28 5 28 255 186 119
28 5 29 255 186 119
28 5 30 255 186 119
28 5 31 255 186 119
28 5 32 255 127 12
28 5 33 255 127 12
28 5 34 255 127 12
28 5 35 255 127 12
28 5 36 158 216 229
28 5 37 158 216 229
28 6 9 255 186 119
28 6 10 255 186 119
28 6 11 255 186 119
28 6 12 255 186 119
28 6 13 255 186 119
28 6 14 255 186 119
28 6 15 255 186 119
28 6 16 255 186 119
28 6 17 255 186 119
28 6 18 255 186 119
28 6 19 255 186 119
28 6 20 255 186 119
28 6 21 255 186 119
28 6 22 255 186 119
28 6 23 255 186 119
28 6 24 255 186 119
28 6 25 255 186 119
28 6 26 255 186 119
28 6 27 255 186 119
28 6 28 255 186 119
28 6 29 255 186 119
28 6 30 255 186 119
28 6 31 255 186 119
28 6 32 255 127 12
28 6 33 255 127 12
28 6 34 255 127 12
28 6 35 255 127 12
28 6 36 158 216 229
28 6 37 158 216 229
28 7 9 255 186 119
28 7 10 255 186 119
28 7 11 255 186 119
28 7 12 255 186 119
28 7 13 255 186 119
28 7 14 255 186 119
28 7 15 255 186 119
28 7 16 255 186 119
28 7 17 255 186 119
28 7 18 255 186 119
28 7 19 255 186 119
28 7 20 255 186 119
28 7 21 255 186 119
28 7 22 255 186 119
28 7 23 255 186 119
28 7 24 255 186 119
28 7 25 255 186 119
28 7 26 255 186 119
28 7 27 255 186 119
28 7 28 255 186 119
28 7 29 255 186 119
28 7 30 255 186 119
28 7 31 255 186 119
28 7 32 255 186 119
28 7 34 196 175 214
28 7 35 196 175 214
28 7 36 196 175 214
28 7 37 158 216 229
28 8 35 196 175 214
28 8 36 158 216 229
28 8 37 158 216 229
28 9 36 158 216 229
28 9 37 158 216 229
28 10 36 158 216 229
28 10 37 158 216 229
28 11 36 158 216 229
28 11 37 158 216 229
28 12 36 158 216 229
28 12 37 158 216 229
28 13 36 158 216 229
28 13 37 158 216 229
28 14 36 158 216 229
28 14 37 158 216 229
28 15 36 158 216 229
28 15 37 158 216 229
28 16 36 158 216 229
28 16 37 158 216 229
28 17 36 158 216 229
28 17 37 158 216 229
28 18 36 158 216 229
28 18 37 158 216 229
28 19 36 158 216 229
28 19 37 158 216 229
28 20 36 158 216 229
28 20 37 158 216 229
28 21 36 158 216 229
28 21 37 158 216 229
28 22 36 158 216 229
28 22 37 158 216 229
28 23 36 158 216 229
28 23 37 158 216 229
28 24 36 158 216 229
28 24 37 158 216 229
28 25 36 158 216 229
28 25 37 158 216 229
28 26 36 158 216 229
28 26 37 158 216 229
28 27 34 196 175 214
28 27 35 196 175 214
28 27 36 158 216 229
28 27 37 158 216 229
28 28 34 196 175 214
28 28 35 196 175 214
28 28 36 158 216 229
28 28 37 158 216 229
28 29 34 196 175 214
28 29 35 196 175 214
28 29 36 158 216 229
28 29 37 158 216 229
28 30 34 196 175 214
28 30 35 196 175 214
28 30 36 158 216 229
28 30 37 158 216 229
28 31 34 196 175 214
28 31 35 196 175 214
28 31 36 158 216 229
28 31 37 158 216 229
28 32 0 214 38 40
28 32 1 214 38 40
28 32 2 214 38 40
28 32 3 214 38 40
28 32 4 214 38 40
28 32 5 214 38 40
28 32 6 214 38 40
28 32 7 214 38 40
28 32 8 214 38 40
28 32 9 214 38 40
28 32 10 214 38 40
28 32 11 214 38 40
28 32 12 214 38 40
28 32 13 214 38 40
28 32 14 214 38 40
28 32 15 214 38 40
28 32 16 214 38 40
28 32 17 214 38 40
28 32 18 214 38 40
28 32 19 214 38 40
28 32 20 214 38 40
28 32 21 214 38 40
28 32 22 214 38 40
28 32 23 214 38 40
28 32 24 214 38 40
28 32 25 214 38 40
28 32 26 214 38 40
28 32 27 214 38 40
28 32 28 214 38 40
28 32 29 214 38 40
28 32 30 214 38 40
28 32 31 214 38 40
28 32 32 214 38 40
28 32 33 214 38 40
28 32 34 214 38 40
28 32 35 214 38 40
28 32 36 214 38 40
28 32 37 158 216 229
29 0 0 43 160 4
29 0 1 43 160 4
29 0 2 43 160 4
29 0 3 43 160 4
29 0 4 43 160 4
29 0 5 43 160 4
29 0 6 43 160 4
29 0 7 43 160 4
29 0 8 43 160 4
29 0 9 255 186 119
29 0 10 255 186 119
29 0 11 255 186 119
29 0 12 255 186 119
29 0 13 255 186 119
29 0 14 255 186 119
29 0 15 255 186 119
29 0 16 255 186 119
29 0 17 255 186 119
29 0 18 255 186 119
29 0 19 255 186 119
29 0 20 255 186 119
29 0 21 255 186 119
29 0 22 255 186 119
29 0 23 255 186 119
29 0 24 255 186 119
29 0 25 255 186 119
29 0 26 255 186 119
29 0 27 255 186 119
29 0 28 255 186 119
29 0 29 255 186 119
29 0 30 255 186 119
29 0 31 255 186 119
29 0 32 255 186 119
29 0 33 255 186 119
29 0 34 255 186 119
29 0 35 255 186 119
29 0 36 255 186 119
29 1 9 255 186 119
29 1 10 255 186 119
29 1 11 255 186 119
29 1 12 255 186 119
29 1 13 255 186 119
29 1 14 255 186 119
29 1 15 255 186 119
29 1 16 255 186 119
29 1 17 255 186 119
29 1 18 255 186 119
29 1 19 255 186 119
29 1 20 255 186 119
29 1 21 255 186 119
29 1 22 255 186 119
29 1 23 255 186 119
29 1 24 255 186 119
29 1 25 255 186 119
29 1 26 255 186 119
29 1 27 255 186 119
29 1 28 255 186 119
29 1 29 255 186 119
29 1 30 255 186 119
29 1 31 255 186 119
29 1 32 255 186 119
29 1 33 255 186 119
29 1 34 255 186 119
29 1 35 255 186 119
29 1 36 158 216 229
29 2 9 255 186 119
29 2 10 255 186 119
29 2 11 255 186 119
29 2 12 255 186 119
29 2 13 255 186 119
29 2 14 255 186 119
29 2 15 255 186 119
29 2 16 255 186 119
29 2 17 255 186 119
29 2 18 255 186 119
29 2 19 255 186 119
29 2 20 255 186 119
29 2 21 255 186 119
29 2 22 255 186 119
29 2 23 255 186 119
29 2 24 255 186 119
29 2 25 255 186 119
29 2 26 255 186 119
29 2 27 255 186 119
29 2 28 255 186 119
29 2 29 255 186 119
29 2 30 255 186 119
29 2 31 255 186 119
29 2 32 255 186 119
29 2 33 255 186 119
29 2 34 255 186 119
29 2 35 255 186 119
29 2 36 158 216 229
29 3 9 255 186 119
29 3 10 255 186 119
29 3 11 255 186 119
29 3 12 255 186 119
29 3 13 255 186 119
29 3 14 255 186 119
29 3 15 255 186 119
29 3 16 255 186 119
29 3 17 255 186 119
29 3 18 255 186 119
29 3 19 255 186 119
29 3 20 255 186 119
29 3 21 255 186 119
29 3 22 255 186 119
29 3 23 255 186 119
29 3 24 255 186 119
29 3 25 255 186 119
29 3 26 255 186 119
29 3 27 255 186 119
29 3 28 255 186 119
29 3 29 255 186 119
29 3 30 255 186 119
29 3 31 255 186 119
29 3 32 255 186 119
29 3 33 255 186 119
29 3 34 255 186 119
29 3 35 255 186 119
29 3 36 158 216 229
29 4 9 255 186 119
29 4 10 255 186 119
29 4 11 255 186 119
29 4 12 255 186 119
29 4 13 255 186 119
29 4 14 255 186 119
29 4 15 255 186 119
29 4 16 255 186 119
29 4 17 255 186 119
29 4 18 255 186 119
29 4 19 255 186 119
29 4 20 255 186 119
29 4 21 255 186 119
29 4 22 255 186 119
29 4 23 255 186 119
29 4 24 255 186 119
29 4 25 255 186 119
29 4 26 255 186 119
29 4 27 255 186 119
29 4 28 255 186 119
29 4 29 255 186 119
29 4 30 255 186 119
29 4 31 255 186 119
29 4 32 255 186 119
29 4 33 255 186 119
29 4 34 255 186 119
29 4 35 255 186 119
29 4 36 158 216 229
29 5 9 255 186 119
29 5 10 255 186 119
29 5 11 255 186 119
29 5 12 255 186 119
29 5 13 255 186 119
29 5 14 255 186 119
29 5 15 255 186 119
29 5 16 255 186 119
29 5 17 255 186 119
29 5 18 255 186 119
29 5 19 255 186 119
29 5 20 255 186 119
29 5 21 255 186 119
29 5 22 255 186 119
29 5 23 255 186 119
29 5 24 255 186 119
29 5 25 255 186 119
29 5 26 255 186 119
29 5 27 255 186 119
29 5 28 255 186 119
29 5 29 255 186 119
29 5 30 255 186 119
29 5 31 255 186 119
29 5 32 255 186 119
29 5 33 255 186 119
29 5 34 255 186 119
29 5 35 255 186 119
29 5 36 158 216 229
29 6 9 255 186 119
29 6 10 255 186 119
29 6 11 255 186 119
29 6 12 255 186 119
29 6 13 255 186 119
29 6 14 255 186 119
29 6 15 255 186 119
29 6 16 255 186 119
29 6 17 255 186 119
29 6 18 255 186 119
29 6 19 255 186 119
29 6 20 255 186 119
29 6 21 255 186 119
29 6 22 255 186 119
29 6 23 255 186 119
29 6 24 255 186 119
29 6 25 255 186 119
29 6 26 255 186 119
29 6 27 255 186 119
29 6 28 255 186 119
29 6 29 255 186 119
29 6 30 255 186 119
29 6 31 255 186 119
29 6 32 255 186 119
29 6 33 255 186 119
29 6 34 255 186 119
29 6 35 255 186 119
29 6 36 158 216 229
29 7 9 255 186 119
29 7 10 255 186 119
29 7 11 255 186 119
29 7 12 255 186 119
29 7 13 255 186 119
29 7 14 255 186 119
29 7 15 255 186 119
29 7 16 255 186 119
29 7 17 255 186 119
29 7 18 255 186 119
29 7 19 255 186 119
29 7 20 255 186 119
29 7 21 255 186 119
29 7 22 255 186 119
29 7 23 255 186 119
29 7 24 255 186 119
29 7 25 255 186 119
29 7 26 255 186 119
29 7 27 255 186 119
29 7 28 255 186 119
29 7 29 255 186 119
29 7 30 255 186 119
29 7 31 255 186 119
29 7 32 255 186 119
29 7 33 255 186 119
29 7 34 255 186 119
29 7 35 255 186 119
29 7 36 158 216 229
29 8 35 255 186 119
29 8 36 158 216 229
29 9 35 255 186 119
29 9 36 158 216 229
29 10 35 255 186 119
29 10 36 158 216 229
29 11 35 255 186 119
29 11 36 158 216 229
29 12 35 255 186 119
29 12 36 158 216 229
29 13 35 255 186 119
29 13 36 158 216 229
29 14 36 158 216 229
29 15 36 158 216 229
29 16 36 158 216 229
29 17 36 158 216 229
29 18 36 158 216 229
29 19 36 158 216 229
29 20 36 158 216 229
29 21 36 158 216 229
29 22 36 158 216 229
29 23 36 158 216 229
29 24 36 158 216 229
29 25 36 158 216 229
29 26 36 158 216 229
29 27 34 196 175 214
29 27 35 196 175 214
29 27 36 158 216 229
29 28 34 196 175 214
29 28 35 196 175 214
29 28 36 158 216 229
29 29 34 196 175 214
29 29 35 196 175 214
29 29 36 158 216 229
29 30 34 196 175 214
29 30 35 196 175 214
29 30 36 158 216 229
29 31 34 196 175 214
29 31 35 196 175 214
29 31 36 158 216 229
29 32 0 214 38 40
29 32 1 214 38 40
29 32 2 214 38 40
29 32 3 214 38 40
29 32 4 214 38 40
29 32 5 214 38 40
29 32 6 214 38 40
29 32 7 214 38 40
29 32 8 214 38 40
29 32 9 214 38 40
29 32 10 214 38 40
29 32 11 214 38 40
29 32 12 214 38 40
29 32 13 214 38 40
29 32 14 214 38 40
29 32 15 214 38 40
29 32 16 214 38 40
29 32 17 214 38 40
29 32 18 214 38 40
29 32 19 214 38 40
29 32 20 214 38 40
29 32 21 214 38 40
29 32 22 214 38 40
29 32 23 214 38 40
29 32 24 214 38 40
29 32 25 214 38 40
29 32 26 214 38 40
29 32 27 214 38 40
29 32 28 214 38 40
29 32 29 214 38 40
29 32 30 214 38 40
29 32 31 214 38 40
29 32 32 214 38 40
29 32 33 214 38 40
29 32 34 214 38 40
29 32 35 214 38 40
29 32 36 214 38 40
30 0 0 43 160 4
30 0 1 43 160 4
30 0 2 43 160 4
30 0 3 43 160 4
30 0 4 43 160 4
30 0 5 43 160 4
30 0 6 43 160 4
30 0 7 43 160 4
30 0 8 43 160 4
30 0 9 255 186 119
30 0 10 255 186 119
30 0 11 255 186 119
30 0 12 255 186 119
30 0 13 255 186 119
30 0 14 255 186 119
30 0 15 255 186 119
30 0 16 255 186 119
30 0 17 255 186 119
30 0 18 255 186 119
30 0 19 255 186 119
30 0 20 255 186 119
30 0 21 255 186 119
30 0 22 255 186 119
30 0 23 255 186 119
30 0 24 255 186 119
30 0 25 255 186 119
30 0 26 255 186 119
30 0 27 255 186 119
30 0 28 255 186 119
30 0 29 255 186 119
30 0 30 255 186 119
30 0 31 255 186 119
30 0 32 255 186 119
30 0 33 255 186 119
30 0 34 255 186 119
30 0 35 255 186 119
30 0 36 255 186 119
30 1 8 255 186 119
30 1 9 255 186 119
30 1 10 255 186 119
30 1 11 255 186 119
30 1 12 255 186 119
30 1 13 255 186 119
30 1 14 255 186 119
30 1 15 255 186 119
30 1 16 255 186 119
30 1 17 255 186 119
30 1 18 255 186 119
30 1 19 255 186 119
30 1 20 255 186 119
30 1 21 255 186 119
30 1 22 255 186 119
30 1 23 255 186 119
30 1 24 255 186 119
30 1 25 255 186 119
30 1 26 255 186 119
30 1 27 255 186 119
30 1 28 255 186 119
30 1 29 255 186 119
30 1 30 255 186 119
30 1 31 255 186 119
30 1 32 255 186 119
30 1 33 255 186 119
30 1 34 255 186 119
30 1 35 255 186 119
30 1 36 255 186 119
30 2 8 255 186 119
30 2 9 255 186 119
30 2 10 255 186 119
30 2 11 255 186 119
30 2 12 255 186 119
30 2 13 255 186 119
30 2 14 255 186 119
30 2 15 255 186 119
30 2 16 255 186 119
30 2 17 255 186 119
30 2 18 255 186 119
30 2 19 255 186 119
30 2 20 255 186 119
30 2 21 255 186 119
30 2 22 255 186 119
30 2 23 255 186 119
30 2 24 255 186 119
30 2 25 255 186 119
30 2 26 255 186 119
30 2 27 255 186 119
30 2 28 255 186 119
30 2 29 255 186 119
30 2 30 255 186 119
30 2 31 255 186 119
30 2 32 255 186 119
30 2 33 255 186 119
30 2 34 255 186 119
30 2 35 255 186 119
30 2 36 255 186 119
30 3 8 255 186 119
30 3 9 255 186 119
30 3 10 255 186 119
30 3 11 255 186 119
30 3 12 255 186 119
30 3 13 255 186 119
30 3 14 255 186 119
30 3 15 255 186 119
30 3 16 255 186 119
30 3 17 255 186 119
30 3 18 255 186 119
30 3 19 255 186 119
30 3 20 255 186 119
30 3 21 255 186 119
30 3 22 255 186 119
30 3 23 255 186 119
30 3 24 255 186 119
30 3 25 255 186 119
30 3 26 255 186 119
30 3 27 255 186 119
30 3 28 255 186 119
30 3 29 255 186 119
30 3 30 255 186 119
30 3 31 255 186 119
30 3 32 255 186 119
30 3 33 255 186 119
30 3 34 255 186 119
30 3 35 255 186 119
30 3 36 255 186 119
30 4 8 255 186 119
30 4 9 255 186 119
30 4 10 255 186 119
30 4 11 255 186 119
30 4 12 255 186 119
30 4 13 255 186 119
30 4 14 255 186 119
30 4 15 255 186 119
30 4 16 255 186 119
30 4 17 255 186 119
30 4 18 255 186 119
30 4 19 255 186 119
30 4 20 255 186 119
30 4 21 255 186 119
30 4 22 255 186 119
30 4 23 255 186 119
30 4 24 255 186 119
30 4 25 255 186 119
30 4 26 255 186 119
30 4 27 255 186 119
30 4 28 255 186 119
30 4 29 255 186 119
30 4 30 255 186 119
30 4 31 255 186 119
30 4 32 255 186 119
30 4 33 255 186 119
30 4 34 255 186 119
30 4 35 255 186 119
30 4 36 255 186 119
30 5 8 255 186 119
30 5 9 255 186 119
30 5 10 255 186 119
30 5 11 255 186 119
30 5 12 255 186 119
30 5 13 255 186 119
30 5 14 255 186 119
30 5 15 255 186 119
30 5 16 255 186 119
30 5 17 255 186 119
30 5 18 255 186 119
30 5 19 255 186 119
30 5 20 255 186 119
30 5 21 255 186 119
30 5 22 255 186 119
30 5 23 255 186 119
30 5 24 255 186 119
30 5 25 255 186 119
30 5 26 255 186 119
30 5 27 255 186 119
30 5 28 255 186 119
30 5 29 255 186 119
30 5 30 255 186 119
30 5 31 255 186 119
30 5 32 255 186 119
30 5 33 255 186 119
30 5 34 255 186 119
30 5 35 255 186 119
30 5 36 255 186 119
30 6 8 255 186 119
30 6 9 255 186 119
30 6 10 255 186 119
30 6 11 255 186 119
30 6 12 255 186 119
30 6 13 255 186 119
30 6 14 255 186 119
30 6 15 255 186 119
30 6 16 255 186 119
30 6 17 255 186 119
30 6 18 255 186 119
30 6 19 255 186 119
30 6 20 255 186 119
30 6 21 255 186 119
30 6 22 255 186 119
30 6 23 255 186 119
30 6 24 255 186 119
30 6 25 255 186 119
30 6 26 255 186 119
30 6 27 255 186 119
30 6 28 255 186 119
30 6 29 255 186 119
30 6 30 255 186 119
30 6 31 255 186 119
30 6 32 255 186 119
30 6 33 255 186 119
30 6 34 255 186 119
30 6 35 255 186 119
30 6 36 255 186 119
30 7 8 255 186 119
30 7 9 255 186 119
30 7 10 255 186 119
30 7 11 255 186 119
30 7 12 255 186 119
30 7 13 255 186 119
30 7 14 255 186 119
30 7 15 255 186 119
30 7 16 255 186 119
30 7 17 255 186 119
30 7 18 255 186 119
30 7 19 255 186 119
30 7 20 255 186 119
30 7 21 255 186 119
30 7 22 255 186 119
30 7 23 255 186 119
30 7 24 255 186 119
30 7 25 255 186 119
30 7 26 255 186 119
30 7 27 255 186 119
30 7 28 255 186 119
30 7 29 255 186 119
30 7 30 255 186 119
30 7 31 255 186 119
30 7 32 255 186 119
30 7 33 255 186 119
30 7 34 255 186 119
30 7 35 255 186 119
30 7 36 255 186 119
30 8 14 196 175 214
30 8 15 196 175 214
30 8 16 196 175 214
30 8 17 196 175 214
30 8 18 196 175 214
30 8 19 196 175 214
30 8 29 196 175 214
30 8 30 196 175 214
30 8 31 196 175 214
30 8 32 196 175 214
30 8 33 196 175 214
30 8 34 255 186 119
30 8 35 255 186 119
30 8 36 255 186 119
30 9 14 196 175 214
30 9 15 196 175 214
30 9 16 196 175 214
30 9 17 196 175 214
30 9 18 196 175 214
30 9 19 196 175 214
30 9 29 196 175 214
30 9 30 196 175 214
30 9 31 196 175 214
30 9 32 196 175 214
30 9 34 255 186 119
30 9 35 255 186 119
30 9 36 255 186 119
30 10 14 196 175 214
30 10 15 196 175 214
30 10 16 196 175 214
30 10 17 196 175 214
30 10 18 196 175 214
30 10 34 255 186 119
30 10 35 255 186 119
30 10 36 255 186 119
30 11 34 255 186 119
30 11 35 255 186 119
30 11 36 255 186 119
30 12 34 255 186 119
30 12 35 255 186 119
30 12 36 255 186 119
30 13 35 255 186 119
30 13 36 158 216 229
30 14 36 158 216 229
30 15 36 158 216 229
30 16 36 158 216 229
30 17 36 158 216 229
30 18 36 158 216 229
30 19 36 158 216 229
30 20 36 158 216 229
30 21 36 158 216 229
30 22 36 158 216 229
30 23 36 158 216 229
30 24 36 158 216 229
30 25 36 158 216 229
30 26 36 158 216 229
30 27 33 196 175 214
30 27 34 196 175 214
30 27 35 196 175 214
30 27 36 158 216 229
30 28 33 196 175 214
30 28 34 196 175 214
30 28 35 196 175 214
30 28 36 158 216 229
30 29 33 196 175 214
30 29 34 196 175 214
30 29 35 196 175 214
30 29 36 158 216 229
30 30 33 196 175 214
30 30 34 196 175 214
30 30 35 196 175 214
30 30 36 158 216 229
30 31 34 196 175 214
30 31 35 196 175 214
30 31 36 158 216 229
30 32 0 214 38 40
30 32 1 214 38 40
30 32 2 214 38 40
30 32 3 214 38 40
30 32 4 214 38 40
30 32 5 214 38 40
30 32 6 214 38 40
30 32 7 214 38 40
30 32 8 214 38 40
30 32 9 214 38 40
30 32 10 214 38 40
30 32 11 214 38 40
30 32 12 214 38 40
30 32 13 214 38 40
30 32 14 214 38 40
30 32 15 214 38 40
30 32 16 214 38 40
30 32 17 214 38 40
30 32 18 214 38 40
30 32 19 214 38 40
30 32 20 214 38 40
30 32 21 214 38 40
30 32 22 214 38 40
30 32 23 214 38 40
30 32 24 214 38 40
30 32 25 214 38 40
30 32 26 214 38 40
30 32 27 214 38 40
30 32 28 214 38 40
30 32 29 214 38 40
30 32 30 214 38 40
30 32 31 214 38 40
30 32 32 214 38 40
30 32 33 214 38 40
30 32 34 214 38 40
30 32 35 214 38 40
30 32 36 158 216 229
31 0 0 43 160 4
31 0 1 43 160 4
31 0 2 43 160 4
31 0 3 43 160 4
31 0 4 43 160 4
31 0 5 43 160 4
31 0 6 43 160 4
31 0 7 43 160 4
31 0 8 255 186 119
31 0 9 255 186 119
31 0 10 255 186 119
31 0 11 255 186 119
31 0 12 255 186 119
31 0 13 255 186 119
31 0 14 255 186 119
31 0 15 255 186 119
31 0 16 255 186 119
31 0 17 255 186 119
31 0 18 255 186 119
31 0 19 255 186 119
31 0 20 255 186 119
31 0 21 255 186 119
31 0 22 255 186 119
31 0 23 255 186 119
31 0 24 255 186 119
31 0 25 255 186 119
31 0 26 255 186 119
31 0 27 255 186 119
31 0 28 255 186 119
31 0 29 255 186 119
31 0 30 255 186 119
31 0 31 255 186 119
31 0 32 255 186 119
31 0 33 255 186 119
31 0 34 255 186 119
31 0 35 255 186 119
31 0 36 255 186 119
31 1 8 255 186 119
31 1 9 255 186 119
31 1 10 255 186 119
31 1 11 255 186 119
31 1 12 255 186 119
31 1 13 255 186 119
31 1 14 255 186 119
31 1 15 255 186 119
31 1 16 255 186 119
31 1 17 255 186 119
31 1 18 255 186 119
31 1 19 255 186 119
31 1 20 255 186 119
31 1 21 255 186 119
31 1 22 255 186 119
31 1 23 255 186 119
31 1 24 255 186 119
31 1 25 255 186 119
31 1 26 255 186 119
31 1 27 255 186 119
31 1 28 255 186 119
31 1 29 255 186 119
31 1 30 255 186 119
31 1 31 255 186 119
31 1 32 255 186 119
31 1 33 255 186 119
31 1 34 255 186 119
31 1 35 255 186 119
31 1 36 255 186 119
31 2 8 255 186 119
31 2 9 255 186 119
31 2 10 255 186 119
31 2 11 255 186 119
31 2 12 255 186 119
31 2 13 255 186 119
31 2 14 255 186 119
31 2 15 255 186 119
31 2 16 255 186 119
31 2 17 255 186 119
31 2 18 255 186 119
31 2 19 255 186 119
31 2 20 255 186 119
31 2 21 255 186 119
31 2 22 255 186 119
31 2 23 255 186 119
31 2 24 255 186 119
31 2 25 255 186 119
31 2 26 255 186 119
31 2 27 255 186 119
31 2 28 255 186 119
31 2 29 255 186 119
31 2 30 255 186 119
31 2 31 255 186 119
31 2 32 255 186 119
31 2 33 255 186 119
31 2 34 255 186 119
31 2 35 255 186 119
31 2 36 255 186 119
31 3 8 255 186 119
31 3 9 255 186 119
31 3 10 255 186 119
31 3 11 255 186 119
31 3 12 255 186 119
31 3 13 255 186 119
31 3 14 255 186 119
31 3 15 255 186 119
31 3 16 255 186 119
31 3 17 255 186 119
31 3 18 255 186 119
31 3 19 255 186 119
31 3 20 255 186 119
31 3 21 255 186 119
31 3 22 255 186 119
31 3 23 255 186 119
31 3 24 255 186 119
31 3 25 255 186 119
31 3 26 255 186 119
31 3 27 255 186 119
31 3 28 255 186 119
31 3 29 255 186 119
31 3 30 255 186 119
31 3 31 255 186 119
31 3 32 255 186 119
31 3 33 255 186 119
31 3 34 255 186 119
31 3 35 255 186 119
31 3 36 255 186 119
31 4 8 255 186 119
31 4 9 255 186 119
31 4 10 255 186 119
31 4 11 255 186 119
31 4 12 255 186 119
31 4 13 255 186 119
31 4 14 255 186 119
31 4 15 255 186 119
31 4 16 255 186 119
31 4 17 255 186 119
31 4 18 255 186 119
31 4 19 255 186 119
31 4 20 255 186 119
31 4 21 255 186 119
31 4 22 255 186 119
31 4 23 255 186 119
31 4 24 255 186 119
31 4 25 255 186 119
31 4 26 255 186 119
31 4 27 255 186 119
31 4 28 255 186 119
31 4 29 255 186 119
31 4 30 255 186 119
31 4 31 255 186 119
31 4 32 255 186 119
31 4 33 255 186 119
31 4 34 255 186 119
31 4 35 255 186 119
31 4 36 255 186 119
31 5 8 255 186 119
31 5 9 255 186 119
31 5 10 255 186 119
31 5 11 255 186 119
31 5 12 255 186 119
31 5 13 255 186 119
31 5 14 255 186 119
31 5 15 255 186 119
31 5 16 255 186 119
31 5 17 255 186 119
31 5 18 255 186 119
31 5 19 255 186 119
31 5 20 255 186 119
31 5 21 255 186 119
31 5 22 255 186 119
31 5 23 255 186 119
31 5 24 255 186 119
31 5 25 255 186 119
31 5 26 255 186 119
31 5 27 255 186 119
31 5 28 255 186 119
31 5 29 255 186 119
31 5 30 255 186 119
31 5 31 255 186 119
31 5 32 255 186 119
31 5 33 255 186 119
31 5 34 255 186 119
31 5 35 255 186 119
31 5 36 255 186 119
31 6 8 255 186 119
31 6 9 255 186 119
31 6 10 255 186 119
31 6 11 255 186 119
31 6 12 255 186 119
31 6 13 255 186 119
31 6 14 255 186 119
31 6 15 255 186 119
31 6 16 255 186 119
31 6 17 255 186 119
31 6 18 255 186 119
31 6 19 255 186 119
31 6 20 255 186 119
31 6 21 255 186 119
31 6 22 255 186 119
31 6 23 255 186 119
31 6 24 255 186 119
31 6 25 255 186 119
31 6 26 255 186 119
31 6 27 255 186 119
31 6 28 255 186 119
31 6 29 255 186 119
31 6 30 255 186 119
31 6 31 255 186 119
31 6 32 255 186 119
31 6 33 255 186 119
31 6 34 255 186 119
31 6 35 255 186 119
31 6 36 255 186 119
31 7 8 255 186 119
31 7 9 255 186 119
31 7 10 255 186 119
31 7 11 255 186 119
31 7 12 255 186 119
31 7 13 255 186 119
31 7 14 255 186 119
31 7 15 255 186 119
31 7 16 255 186 119
31 7 17 255 186 119
31 7 18 255 186 119
31 7 19 255 186 119
31 7 20 255 186 119
31 7 21 255 186 119
31 7 22 255 186 119
31 7 23 255 186 119
31 7 24 255 186 119
31 7 25 255 186 119
31 7 26 255 186 119
31 7 27 255 186 119
31 7 28 255 186 119
31 7 29 255 186 119
31 7 30 255 186 119
31 7 31 255 186 119
31 7 32 255 186 119
31 7 33 255 186 119
31 7 34 255 186 119
31 7 35 255 186 119
31 7 36 255 186 119
31 8 14 196 175 214
31 8 15 196 175 214
31 8 16 196 175 214
31 8 17 196 175 214
31 8 18 196 175 214
31 8 19 196 175 214
31 8 29 196 175 214
31 8 30 196 175 214
31 8 31 196 175 214
31 8 32 196 175 214
31 8 33 196 175 214
31 8 34 255 186 119
31 8 35 255 186 119
31 8 36 255 186 119
31 9 14 196 175 214
31 9 15 196 175 214
31 9 16 196 175 214
31 9 17 196 175 214
31 9 18 196 175 214
31 9 19 196 175 214
31 9 29 196 175 214
31 9 30 196 175 214
31 9 31 196 175 214
31 9 32 196 175 214
31 9 33 196 175 214
31 9 34 255 186 119
31 9 35 255 186 119
31 9 36 255 186 119
31 10 14 196 175 214
31 10 15 196 175 214
31 10 16 196 175 214
31 10 17 196 175 214
31 10 18 196 175 214
31 10 34 255 186 119
31 10 35 255 186 119
31 10 36 255 186 119
31 11 34 255 186 119
31 11 35 255 186 119
31 11 36 255 186 119
31 12 34 255 186 119
31 12 35 255 186 119
31 12 36 255 186 119
31 13 34 255 186 119
31 13 35 255 186 119
31 13 36 158 216 229
31 14 35 158 216 229
31 14 36 158 216 229
31 15 35 158 216 229
31 15 36 158 216 229
31 16 35 158 216 229
31 16 36 158 216 229
31 17 35 158 216 229
31 17 36 158 216 229
31 18 35 158 216 229
31 18 36 158 216 229
31 19 35 158 216 229
31 19 36 158 216 229
31 20 35 158 216 229
31 20 36 158 216 229
31 21 35 158 216 229
31 21 36 158 216 229
31 22 35 158 216 229
31 22 36 158 216 229
31 23 35 158 216 229
31 23 36 158 216 229
31 24 35 158 216 229
31 24 36 158 216 229
31 25 35 158 216 229
31 25 36 158 216 229
31 26 35 158 216 229
31 26 36 158 216 229
31 27 33 196 175 214
31 27 34 196 175 214
31 27 35 196 175 214
31 27 36 158 216 229
31 28 33 196 175 214
31 28 34 196 175 214
31 28 35 196 175 214
31 28 36 158 216 229
31 29 33 196 175 214
31 29 34 196 175 214
31 29 35 196 175 214
31 29 36 158 216 229
31 30 33 196 175 214
31 30 34 196 175 214
31 30 35 196 175 214
31 30 36 158 216 229
31 31 33 196 175 214
31 31 34 196 175 214
31 31 35 158 216 229
31 31 36 158 216 229
31 32 0 214 38 40
31 32 1 214 38 40
31 32 2 214 38 40
31 32 3 214 38 40
31 32 4 214 38 40
31 32 5 214 38 40
31 32 6 214 38 40
31 32 7 214 38 40
31 32 8 214 38 40
31 32 9 214 38 40
31 32 10 214 38 40
31 32 11 214 38 40
31 32 12 214 38 40
31 32 13 214 38 40
31 32 14 214 38 40
31 32 15 214 38 40
31 32 16 214 38 40
31 32 17 214 38 40
31 32 18 214 38 40
31 32 19 214 38 40
31 32 20 214 38 40
31 32 21 214 38 40
31 32 22 214 38 40
31 32 23 214 38 40
31 32 24 214 38 40
31 32 25 214 38 40
31 32 26 214 38 40
31 32 27 214 38 40
31 32 28 214 38 40
31 32 29 214 38 40
31 32 30 214 38 40
31 32 31 214 38 40
31 32 32 214 38 40
31 32 33 214 38 40
31 32 34 214 38 40
31 32 35 214 38 40
31 32 36 158 216 229
32 0 0 43 160 4
32 0 1 43 160 4
32 0 2 43 160 4
32 0 3 43 160 4
32 0 4 43 160 4
32 0 5 43 160 4
32 0 6 43 160 4
32 0 7 43 160 4
32 0 8 255 186 119
32 0 9 255 186 119
32 0 10 255 186 119
32 0 11 255 186 119
32 0 12 255 186 119
32 0 13 255 186 119
32 0 14 255 186 119
32 0 15 255 186 119
32 0 16 255 186 119
32 0 17 255 186 119
32 0 18 255 186 119
32 0 19 255 186 119
32 0 20 255 186 119
32 0 21 255 186 119
32 0 22 255 186 119
32 0 23 255 186 119
32 0 24 255 186 119
32 0 25 255 186 119
32 0 26 255 186 119
32 0 27 255 186 119
32 0 28 255 186 119
32 0 29 255 186 119
32 0 30 255 186 119
32 0 31 255 186 119
32 0 32 255 186 119
32 0 33 255 186 119
32 0 34 255 186 119
32 0 35 255 186 119
32 1 8 255 186 119
32 1 9 255 186 119
32 1 10 255 186 119
32 1 11 255 186 119
32 1 12 255 186 119
32 1 13 255 186 119
32 1 14 255 186 119
32 1 15 255 186 119
32 1 16 255 186 119
32 1 17 255 186 119
32 1 18 255 186 119
32 1 19 255 186 119
32 1 20 255 186 119
32 1 21 255 186 119
32 1 22 255 186 119
32 1 23 255 186 119
32 1 24 255 186 119
32 1 25 255 186 119
32 1 26 255 186 119
32 1 27 255 186 119
32 1 28 255 186 119
32 1 29 255 186 119
32 1 30 255 186 119
32 1 31 255 186 119
32 1 32 255 186 119
32 1 33 255 186 119
32 1 34 255 186 119
32 1 35 255 186 119
32 1 36 158 216 229
32 2 8 255 186 119
32 2 9 255 186 119
32 2 10 255 186 119
32 2 11 255 186 119
32 2 12 255 186 119
32 2 13 255 186 119
32 2 14 255 186 119
32 2 15 255 186 119
32 2 16 255 186 119
32 2 17 255 186 119
32 2 18 255 186 119
32 2 19 255 186 119
32 2 20 255 186 119
32 2 21 255 186 119
32 2 22 255 186 119
32 2 23 255 186 119
32 2 24 255 186 119
32 2 25 255 186 119
32 2 26 255 186 119
32 2 27 255 186 119
32 2 28 255 186 119
32 2 29 255 186 119
32 2 30 255 186 119
32 2 31 255 186 119
32 2 32 255 186 119
32 2 33 255 186 119
32 2 34 255 186 119
32 2 35 255 186 119
32 2 36 158 216 229
32 3 8 255 186 119
32 3 9 255 186 119
32 3 10 255 186 119
32 3 11 255 186 119
32 3 12 255 186 119
32 3 13 255 186 119
32 3 14 255 186 119
32 3 15 255 186 119
32 3 16 255 186 119
32 3 17 255 186 119
32 3 18 255 186 119
32 3 19 255 186 119
32 3 20 255 186 119
32 3 21 255 186 119
32 3 22 255 186 119
32 3 23 255 186 119
32 3 24 255 186 119
32 3 25 255 186 119
32 3 26 255 186 119
32 3 27 255 186 119
32 3 28 255 186 119
32 3 29 255 186 119
32 3 30 255 186 119
32 3 31 255 186 119
32 3 32 255 186 119
32 3 33 255 186 119
32 3 34 255 186 119
32 3 35 255 186 119
32 3 36 158 216 229
32 4 8 255 186 119
32 4 9 255 186 119
32 4 10 255 186 119
32 4 11 255 186 119
32 4 12 255 186 119
32 4 13 255 186 119
32 4 14 255 186 119
32 4 15 255 186 119
32 4 16 255 186 119
32 4 17 255 186 119
32 4 18 255 186 119
32 4 19 255 186 119
32 4 20 255 186 119
32 4 21 255 186 119
32 4 22 255 186 119
32 4 23 255 186 119
32 4 24 255 186 119
32 4 25 255 186 119
32 4 26 255 186 119
32 4 27 255 186 119
32 4 28 255 186 119
32 4 29 255 186 119
32 4 30 255 186 119
32 4 31 255 186 119
32 4 32 255 186 119
32 4 33 255 186 119
32 4 34 255 186 119
32 4 35 255 186 119
32 4 36 158 216 229
32 5 8 255 186 119
32 5 9 255 186 119
32 5 10 255 186 119
32 5 11 255 186 119
32 5 12 255 186 119
32 5 13 255 186 119
32 5 14 255 186 119
32 5 15 255 186 119
32 5 16 255 186 119
32 5 17 255 186 119
32 5 18 255 186 119
32 5 19 255 186 119
32 5 20 255 186 119
32 5 21 255 186 119
32 5 22 255 186 119
32 5 23 255 186 119
32 5 24 255 186 119
32 5 25 255 186 119
32 5 26 255 186 119
32 5 27 255 186 119
32 5 28 255 186 119
32 5 29 255 186 119
32 5 30 255 186 119
32 5 31 255 186 119
32 5 32 255 186 119
32 5 33 255 186 119
32 5 34 255 186 119
32 5 35 255 186 119
32 5 36 158 216 229
32 6 8 255 186 119
32 6 9 255 186 119
32 6 10 255 186 119
32 6 11 255 186 119
32 6 12 255 186 119
32 6 13 255 186 119
32 6 14 255 186 119
32 6 15 255 186 119
32 6 16 255 186 119
32 6 17 255 186 119
32 6 18 255 186 119
32 6 19 255 186 119
32 6 20 255 186 119
32 6 21 255 186 119
32 6 22 255 186 119
32 6 23 255 186 119
32 6 24 255 186 119
32 6 25 255 186 119
32 6 26 255 186 119
32 6 27 255 186 119
32 6 28 255 186 119
32 6 29 255 186 119
32 6 30 255 186 119
32 6 31 255 186 119
32 6 32 255 186 119
32 6 33 255 186 119
32 6 34 255 186 119
32 6 35 255 186 119
32 6 36 158 216 229
32 7 8 255 186 119
32 7 9 255 186 119
32 7 10 255 186 119
32 7 11 255 186 119
32 7 12 255 186 119
32 7 13 255 186 119
32 7 14 255 186 119
32 7 15 255 186 119
32 7 16 255 186 119
32 7 17 255 186 119
32 7 18 255 186 119
32 7 19 255 186 119
32 7 20 255 186 119
32 7 21 255 186 119
32 7 22 255 186 119
32 7 23 255 186 119
32 7 24 255 186 119
32 7 25 255 186 119
32 7 26 255 186 119
32 7 27 255 186 119
32 7 28 255 186 119
32 7 29 255 186 119
32 7 30 255 186 119
32 7 31 255 186 119
32 7 32 255 186 119
32 7 33 255 186 119
32 7 34 255 186 119
32 7 35 255 186 119
32 7 36 158 216 229
32 8 14 196 175 214
32 8 15 196 175 214
32 8 16 196 175 214
32 8 17 196 175 214
32 8 18 196 175 214
32 8 28 196 175 214
32 8 29 196 175 214
32 8 30 196 175 214
32 8 31 196 175 214
32 8 32 196 175 214
32 8 33 196 175 214
32 8 34 255 186 119
32 8 35 255 186 119
32 8 36 158 216 229
32 9 14 196 175 214
32 9 15 196 175 214
32 9 16 196 175 214
32 9 17 196 175 214
32 9 18 196 175 214
32 9 28 196 175 214
32 9 29 196 175 214
32 9 30 196 175 214
32 9 31 196 175 214
32 9 32 196 175 214
32 9 33 196 175 214
32 9 34 255 186 119
32 9 35 255 186 119
32 9 36 158 216 229
32 10 14 196 175 214
32 10 15 196 175 214
32 10 16 196 175 214
32 10 17 196 175 214
32 10 18 196 175 214
32 10 34 255 186 119
32 10 35 255 186 119
32 10 36 158 216 229
32 11 34 255 186 119
32 11 35 255 186 119
32 11 36 158 216 229
32 12 34 255 186 119
32 12 35 255 186 119
32 12 36 158 216 229
32 13 34 255 186 119
32 13 35 158 216 229
32 13 36 158 216 229
32 14 35 158 216 229
32 14 36 158 216 229
32 15 35 158 216 229
32 15 36 158 216 229
32 16 35 158 216 229
32 16 36 158 216 229
32 17 35 158 216 229
32 17 36 158 216 229
32 18 35 158 216 229
32 18 36 158 216 229
32 19 35 158 216 229
32 19 36 158 216 229
32 20 35 158 216 229
32 20 36 158 216 229
32 21 35 158 216 229
32 21 36 158 216 229
32 22 35 158 216 229
32 22 36 158 216 229
32 23 35 158 216 229
32 23 36 158 216 229
32 24 35 158 216 229
32 24 36 158 216 229
32 25 35 158 216 229
32 25 36 158 216 229
32 26 35 158 216 229
32 26 36 158 216 229
32 27 33 196 175 214
32 27 34 196 175 214
32 27 35 158 216 229
32 27 36 158 216 229
32 28 33 196 175 214
32 28 34 196 175 214
32 28 35 158 216 229
32 28 36 158 216 229
32 29 33 196 175 214
32 29 34 196 175 214
32 29 35 158 216 229
32 29 36 158 216 229
32 30 33 196 175 214
32 30 34 196 175 214
32 30 35 158 216 229
32 30 36 158 216 229
32 31 33 196 175 214
32 31 34 196 175 214
32 31 35 158 216 229
32 31 36 158 216 229
32 32 0 214 38 40
32 32 1 214 38 40
32 32 2 214 38 40
32 32 3 214 38 40
32 32 4 214 38 40
32 32 5 214 38 40
32 32 6 214 38 40
32 32 7 214 38 40
32 32 8 214 38 40
32 32 9 214 38 40
32 32 10 214 38 40
32 32 11 214 38 40
32 32 12 214 38 40
32 32 13 214 38 40
32 32 14 214 38 40
32 32 15 214 38 40
32 32 16 214 38 40
32 32 17 214 38 40
32 32 18 214 38 40
32 32 19 214 38 40
32 32 20 214 38 40
32 32 21 214 38 40
32 32 22 214 38 40
32 32 23 214 38 40
32 32 24 214 38 40
32 32 25 214 38 40
32 32 26 214 38 40
32 32 27 214 38 40
32 32 28 214 38 40
32 32 29 214 38 40
32 32 30 214 38 40
32 32 31 214 38 40
32 32 32 214 38 40
32 32 33 214 38 40
32 32 34 214 38 40
32 32 35 214 38 40
32 32 36 158 216 229
33 0 0 43 160 4
33 0 1 43 160 4
33 0 2 43 160 4
33 0 3 43 160 4
33 0 4 43 160 4
33 0 5 43 160 4
33 0 6 43 160 4
33 0 7 43 160 4
33 0 8 255 186 119
33 0 9 255 186 119
33 0 10 255 186 119
33 0 11 255 186 119
33 0 12 255 186 119
33 0 13 255 186 119
33 0 14 255 186 119
33 0 15 255 186 119
33 0 16 255 186 119
33 0 17 255 186 119
33 0 18 255 186 119
33 0 19 255 186 119
33 0 20 255 186 119
33 0 21 255 186 119
33 0 22 255 186 119
33 0 23 255 186 119
33 0 24 255 186 119
33 0 25 255 186 119
33 0 26 255 186 119
33 0 27 255 186 119
33 0 28 255 186 119
33 0 29 255 186 119
33 0 30 255 186 119
33 0 31 255 186 119
33 0 32 255 186 119
33 0 33 255 186 119
33 0 34 255 186 119
33 0 35 255 186 119
33 1 7 255 186 119
33 1 8 255 186 119
33 1 9 255 186 119
33 1 10 255 186 119
33 1 11 255 186 119
33 1 12 255 186 119
33 1 13 255 186 119
33 1 14 255 186 119
33 1 15 255 186 119
33 1 16 255 186 119
33 1 17 255 186 119
33 1 18 255 186 119
33 1 19 255 186 119
33 1 20 255 186 119
33 1 21 255 186 119
33 1 22 255 186 119
33 1 23 255 186 119
33 1 24 255 186 119
33 1 25 255 186 119
33 1 26 255 186 119
33 1 27 255 186 119
33 1 28 255 186 119
33 1 29 255 186 119
33 1 30 255 186 119
33 1 31 255 186 119
33 1 32 255 186 119
33 1 33 255 186 119
33 1 34 255 186 119
33 1 35 255 186 119
33 2 7 255 186 119
33 2 8 255 186 119
33 2 9 255 186 119
33 2 10 255 186 119
33 2 11 255 186 119
33 2 12 255 186 119
33 2 13 255 186 119
33 2 14 255 186 119
33 2 15 255 186 119
33 2 16 255 186 119
33 2 17 255 186 119
33 2 18 255 186 119
33 2 19 255 186 119
33 2 20 255 186 119
33 2 21 255 186 119
33 2 22 255 186 119
33 2 23 255 186 119
33 2 24 255 186 119
33 2 25 255 186 119
33 2 26 255 186 119
33 2 27 255 186 119
33 2 28 255 186 119
33 2 29 255 186 119
33 2 30 255 186 119
33 2 31 255 186 119
33 2 32 255 186 119
33 2 33 255 186 119
33 2 34 255 186 119
33 2 35 255 186 119
33 3 7 255 186 119
33 3 8 255 186 119
33 3 9 255 186 119
33 3 10 255 186 119
33 3 11 255 186 119
33 3 12 255 186 119
33 3 13 255 186 119
33 3 14 255 186 119
33 3 15 255 186 119
33 3 16 255 186 119
33 3 17 255 186 119
33 3 18 255 186 119
33 3 19 255 186 119
33 3 20 255 186 119
33 3 21 255 186 119
33 3 22 255 186 119
33 3 23 255 186 119
33 3 24 255 186 119
33 3 25 255 186 119
33 3 26 255 186 119
33 3 27 255 186 119
33 3 28 255 186 119
33 3 29 255 186 119
33 3 30 255 186 119
33 3 31 255 186 119
33 3 32 255 186 119
33 3 33 255 186 119
33 3 34 255 186 119
33 3 35 255 186 119
33 4 7 255 186 119
33 4 8 255 186 119
33 4 9 255 186 119
33 4 10 255 186 119
33 4 11 255 186 119
33 4 12 255 186 119
33 4 13 255 186 119
33 4 14 255 186 119
33 4 15 255 186 119
33 4 16 255 186 119
33 4 17 255 186 119
33 4 18 255 186 119
33 4 19 255 186 119
33 4 20 255 186 119
33 4 21 255 186 119
33 4 22 255 186 119
33 4 23 255 186 119
33 4 24 255 186 119
33 4 25 255 186 119
33 4 26 255 186 119
33 4 27 255 186 119
33 4 28 255 186 119
33 4 29 255 186 119
33 4 30 255 186 119
33 4 31 255 186 119
33 4 32 255 186 119
33 4 33 255 186 119
33 4 34 255 186 119
33 4 35 255 186 119
33 5 7 255 186 119
33 5 8 255 186 119
33 5 9 255 186 119
33 5 10 255 186 119
33 5 11 255 186 119
33 5 12 255 186 119
33 5 13 255 186 119
33 5 14 255 186 119
33 5 15 255 186 119
33 5 16 255 186 119
33 5 17 255 186 119
33 5 18 255 186 119
33 5 19 255 186 119
33 5 20 255 186 119
33 5 21 255 186 119
33 5 22 255 186 119
33 5 23 255 186 119
33 5 24 255 186 119
33 5 25 255 186 119
33 5 26 255 186 119
33 5 27 255 186 119
33 5 28 255 186 119
33 5 29 255 186 119
33 5 30 255 186 119
33 5 31 255 186 119
33 5 32 255 186 119
33 5 33 255 186 119
33 5 34 255 186 119
33 5 35 255 186 119
33 6 7 255 186 119
33 6 8 255 186 119
33 6 9 255 186 119
33 6 10 255 186 119
33 6 11 255 186 119
33 6 12 255 186 119
33 6 13 255 186 119
33 6 14 255 186 119
33 6 15 255 186 119
33 6 16 255 186 119
33 6 17 255 186 119
33 6 18 255 186 119
33 6 19 255 186 119
33 6 20 255 186 119
33 6 21 255 186 119
33 6 22 255 186 119
33 6 23 255 186 119
33 6 24 255 186 119
33 6 25 255 186 119
33 6 26 255 186 119
33 6 27 255 186 119
33 6 28 255 186 119
33 6 29 255 186 119
33 6 30 255 186 119
33 6 31 255 186 119
33 6 32 255 186 119
33 6 33 255 186 119
33 6 34 255 186 119
33 6 35 255 186 119
33 7 8 255 186 119
33 7 9 255 186 119
33 7 10 255 186 119
33 7 11 255 186 119
33 7 12 255 186 119
33 7 13 255 186 119
33 7 14 255 186 119
33 7 15 255 186 119
33 7 16 255 186 119
33 7 17 255 186 119
33 7 18 255 186 119
33 7 19 255 186 119
33 7 20 255 186 119
33 7 21 255 186 119
33 7 22 255 186 119
33 7 23 255 186 119
33 7 24 255 186 119
33 7 25 255 186 119
33 7 26 255 186 119
33 7 27 255 186 119
33 7 28 255 186 119
33 7 29 255 186 119
33 7 30 255 186 119
33 7 31 255 186 119
33 7 32 255 186 119
33 7 33 255 186 119
33 7 34 255 186 119
33 7 35 255 186 119
33 8 14 196 175 214
33 8 15 196 175 214
33 8 16 196 175 214
33 8 17 196 175 214
33 8 18 196 175 214
33 8 28 196 175 214
33 8 29 196 175 214
33 8 30 196 175 214
33 8 31 196 175 214
33 8 32 196 175 214
33 8 33 196 175 214
33 8 34 255 186 119
33 8 35 255 186 119
33 9 14 196 175 214
33 9 15 196 175 214
33 9 16 196 175 214
33 9 17 196 175 214
33 9 18 196 175 214
33 9 28 196 175 214
33 9 29 196 175 214
33 9 30 196 175 214
33 9 31 196 175 214
33 9 32 196 175 214
33 9 33 196 175 214
33 9 34 255 186 119
33 9 35 255 186 119
33 10 14 196 175 214
33 10 15 196 175 214
33 10 16 196 175 214
33 10 17 196 175 214
33 10 18 196 175 214
33 10 34 255 186 119
33 10 35 255 186 119
33 11 34 255 186 119
33 11 35 255 186 119
33 12 34 255 186 119
33 12 35 255 186 119
33 13 34 255 186 119
33 13 35 158 216 229
33 14 35 158 216 229
33 15 35 158 216 229
33 16 35 158 216 229
33 17 35 158 216 229
33 18 35 158 216 229
33 19 35 158 216 229
33 20 35 158 216 229
33 21 35 158 216 229
33 22 35 158 216 229
33 23 35 158 216 229
33 24 35 158 216 229
33 25 35 158 216 229
33 26 35 158 216 229
33 27 33 196 175 214
33 27 34 196 175 214
33 27 35 158 216 229
33 28 33 196 175 214
33 28 34 196 175 214
33 28 35 158 216 229
33 29 33 196 175 214
33 29 34 196 175 214
33 29 35 158 216 229
33 30 33 196 175 214
33 30 34 196 175 214
33 30 35 158 216 229
33 31 33 196 175 214
33 31 34 196 175 214
33 31 35 158 216 229
33 32 0 214 38 40
33 32 1 214 38 40
33 32 2 214 38 40
33 32 3 214 38 40
33 32 4 214 38 40
33 32 5 214 38 40
33 32 6 214 38 40
33 32 7 214 38 40
33 32 8 214 38 40
33 32 9 214 38 40
33 32 10 214 38 40
33 32 11 214 38 40
33 32 12 214 38 40
33 32 13 214 38 40
33 32 14 214 38 40
33 32 15 214 38 40
33 32 16 214 38 40
33 32 17 214 38 40
33 32 18 214 38 40
33 32 19 214 38 40
33 32 20 214 38 40
33 32 21 214 38 40
33 32 22 214 38 40
33 32 23 214 38 40
33 32 24 214 38 40
33 32 25 214 38 40
33 32 26 214 38 40
33 32 27 214 38 40
33 32 28 214 38 40
33 32 29 214 38 40
33 32 30 214 38 40
33 32 31 214 38 40
33 32 32 214 38 40
33 32 33 214 38 40
33 32 34 214 38 40
33 32 35 214 38 40
34 0 0 43 160 4
34 0 1 43 160 4
34 0 2 43 160 4
34 0 3 43 160 4
34 0 4 43 160 4
34 0 5 43 160 4
34 0 6 43 160 4
34 0 7 43 160 4
34 0 8 255 186 119
34 0 9 255 186 119
34 0 10 255 186 119
34 0 11 255 186 119
34 0 12 255 186 119
34 0 13 255 186 119
34 0 14 255 186 119
34 0 15 255 186 119
34 0 16 255 186 119
34 0 17 255 186 119
34 0 18 255 186 119
34 0 19 255 186 119
34 0 20 255 186 119
34 0 21 255 186 119
34 0 22 255 186 119
34 0 23 255 186 119
34 0 24 255 186 119
34 0 25 255 186 119
34 0 26 255 186 119
34 0 27 255 186 119
34 0 28 255 186 119
34 0 29 255 186 119
34 0 30 255 186 119
34 0 31 255 186 119
34 0 32 255 186 119
34 0 33 255 186 119
34 0 34 255 186 119
34 0 35 255 186 119
34 1 7 255 186 119
34 1 8 255 186 119
34 1 9 255 186 119
34 1 10 255 186 119
34 1 11 255 186 119
34 1 12 255 186 119
34 1 13 255 186 119
34 1 14 255 186 119
34 1 15 255 186 119
34 1 16 255 186 119
34 1 17 255 186 119
34 1 18 255 186 119
34 1 19 255 186 119
34 1 20 255 186 119
34 1 21 255 186 119
34 1 22 255 186 119
34 1 23 255 186 119
34 1 24 255 186 119
34 1 25 255 186 119
34 1 26 255 186 119
34 1 27 255 186 119
34 1 28 255 186 119
34 1 29 255 186 119
34 1 30 255 186 119
34 1 31 255 186 119
34 1 32 255 186 119
34 1 33 255 186 119
34 1 34 255 186 119
34 1 35 255 186 119
34 2 7 255 186 119
34 2 8 255 186 119
34 2 9 255 186 119
34 2 10 255 186 119
34 2 11 255 186 119
34 2 12 255 186 119
34 2 13 255 186 119
34 2 14 255 186 119
34 2 15 255 186 119
34 2 16 255 186 119
34 2 17 255 186 119
34 2 18 255 186 119
34 2 19 255 186 119
34 2 20 255 186 119
34 2 21 255 186 119
34 2 22 255 186 119
34 2 23 255 186 119
34 2 24 255 186 119
34 2 25 255 186 119
34 2 26 255 186 119
34 2 27 255 186 119
34 2 28 255 186 119
34 2 29 255 186 119
34 2 30 255 186 119
34 2 31 255 186 119
34 2 32 255 186 119
34 2 33 255 186 119
34 2 34 255 186 119
34 2 35 255 186 119
34 3 7 255 186 119
34 3 8 255 186 119
34 3 9 255 186 119
34 3 10 255 186 119
34 3 11 255 186 119
34 3 12 255 186 119
34 3 13 255 186 119
34 3 14 255 186 119
34 3 15 255 186 119
34 3 16 255 186 119
34 3 17 255 186 119
34 3 18 255 186 119
34 3 19 255 186 119
34 3 20 255 186 119
34 3 21 255 186 119
34 3 22 255 186 119
34 3 23 255 186 119
34 3 24 255 186 119
34 3 25 255 186 119
34 3 26 255 186 119
34 3 27 255 186 119
34 3 28 255 186 119
34 3 29 255 186 119
34 3 30 255 186 119
34 3 31 255 186 119
34 3 32 255 186 119
34 3 33 255 186 119
34 3 34 255 186 119
34 3 35 255 186 119
34 4 7 255 186 119
34 4 8 255 186 119
34 4 9 255 186 119
34 4 10 255 186 119
34 4 11 255 186 119
34 4 12 255 186 119
34 4 13 255 186 119
34 4 14 255 186 119
34 4 15 255 186 119
34 4 16 255 186 119
34 4 17 255 186 119
34 4 18 255 186 119
34 4 19 255 186 119
34 4 20 255 186 119
34 4 21 255 186 119
34 4 22 255 186 119
34 4 23 255 186 119
34 4 24 255 186 119
34 4 25 255 186 119
34 4 26 255 186 119
34 4 27 255 186 119
34 4 28 255 186 119
34 4 29 255 186 119
34 4 30 255 186 119
34 4 31 255 186 119
34 4 32 255 186 119
34 4 33 255 186 119
34 4 34 255 186 119
34 4 35 255 186 119
34 5 7 255 186 119
34 5 8 255 186 119
34 5 9 255 186 119
34 5 10 255 186 119
34 5 11 255 186 119
34 5 12 255 186 119
34 5 13 255 186 119
34 5 14 255 186 119
34 5 15 255 186 119
34 5 16 255 186 119
34 5 17 255 186 119
34 5 18 255 186 119
34 5 19 255 186 119
34 5 20 255 186 119
34 5 21 255 186 119
34 5 22 255 186 119
34 5 23 255 186 119
34 5 24 255 186 119
34 5 25 255 186 119
34 5 26 255 186 119
34 5 27 255 186 119
34 5 28 255 186 119
34 5 29 255 186 119
34 5 30 255 186 119
34 5 31 255 186 119
34 5 32 255 186 119
34 5 33 255 186 119
34 5 34 255 186 119
34 5 35 255 186 119
34 6 7 255 186 119
34 6 8 255 186 119
34 6 9 255 186 119
34 6 10 255 186 119
34 6 11 255 186 119
34 6 12 255 186 119
34 6 13 255 186 119
34 6 14 255 186 119
34 6 15 255 186 119
34 6 16 255 186 119
34 6 17 255 186 119
34 6 18 255 186 119
34 6 19 255 186 119
34 6 20 255 186 119
34 6 21 255 186 119
34 6 22 255 186 119
34 6 23 255 186 119
34 6 24 255 186 119
34 6 25 255 186 119
34 6 26 255 186 119
34 6 27 255 186 119
34 6 28 255 186 119
34 6 29 255 186 119
34 6 30 255 186 119
34 6 31 255 186 119
34 6 32 255 186 119
34 6 33 255 186 119
34 6 34 255 186 119
34 6 35 255 186 119
34 7 7 255 186 119
34 7 8 255 186 119
34 7 9 255 186 119
34 7 10 255 186 119
34 7 11 255 186 119
34 7 12 255 186 119
34 7 13 255 186 119
34 7 14 255 186 119
34 7 15 255 186 119
34 7 16 255 186 119
34 7 17 255 186 119
34 7 18 255 186 119
34 7 19 255 186 119
34 7 20 255 186 119
34 7 21 255 186 119
34 7 22 255 186 119
34 7 23 255 186 119
34 7 24 255 186 119
34 7 25 255 186 119
34 7 26 255 186 119
34 7 27 255 186 119
34 7 28 255 186 119
34 7 29 255 186 119
34 7 30 255 186 119
34 7 31 255 186 119
34 7 32 255 186 119
34 7 33 255 186 119
34 7 34 255 186 119
34 7 35 255 186 119
34 8 14 196 175 214
34 8 15 196 175 214
34 8 16 196 175 214
34 8 17 196 175 214
34 8 18 196 175 214
34 8 28 196 175 214
34 8 29 196 175 214
34 8 30 196 175 214
34 8 31 196 175 214
34 8 32 196 175 214
34 8 33 196 175 214
34 8 34 255 186 119
34 8 35 255 186 119
34 9 14 196 175 214
34 9 15 196 175 214
34 9 16 196 175 214
34 9 17 196 175 214
34 9 18 196 175 214
34 9 28 196 175 214
34 9 29 196 175 214
34 9 30 196 175 214
34 9 31 196 175 214
34 9 32 196 175 214
34 9 33 196 175 214
34 9 34 255 186 119
34 9 35 255 186 119
34 10 14 196 175 214
34 10 15 196 175 214
34 10 16 196 175 214
34 10 17 196 175 214
34 10 18 196 175 214
34 10 33 255 186 119
34 10 34 255 186 119
34 10 35 255 186 119
34 11 33 255 186 119
34 11 34 255 186 119
34 11 35 255 186 119
34 12 33 255 186 119
34 12 34 255 186 119
34 12 35 255 186 119
34 13 34 255 186 119
34 13 35 158 216 229
34 14 35 158 216 229
34 15 35 158 216 229
34 16 35 158 216 229
34 17 35 158 216 229
34 18 35 158 216 229
34 19 35 158 216 229
34 20 35 158 216 229
34 21 35 158 216 229
34 22 35 158 216 229
34 23 35 158 216 229
34 24 35 158 216 229
34 25 35 158 216 229
34 26 35 158 216 229
34 27 32 196 175 214
34 27 33 196 175 214
34 27 34 196 175 214
34 27 35 158 216 229
34 28 32 196 175 214
34 28 33 196 175 214
34 28 34 196 175 214
34 28 35 158 216 229
34 29 32 196 175 214
34 29 33 196 175 214
34 29 34 196 175 214
34 29 35 158 216 229
34 30 32 196 175 214
34 30 33 196 175 214
34 30 34 196 175 214
34 30 35 158 216 229
34 31 33 196 175 214
34 31 34 196 175 214
34 31 35 158 216 229
34 32 0 214 38 40
34 32 1 214 38 40
34 32 2 214 38 40
34 32 3 214 38 40
34 32 4 214 38 40
34 32 5 214 38 40
34 32 6 214 38 40
34 32 7 214 38 40
34 32 8 214 38 40
34 32 9 214 38 40
34 32 10 214 38 40
34 32 11 214 38 40
34 32 12 214 38 40
34 32 13 214 38 40
34 32 14 214 38 40
34 32 15 214 38 40
34 32 16 214 38 40
34 32 17 214 38 40
34 32 18 214 38 40
34 32 19 214 38 40
34 32 20 214 38 40
34 32 21 214 38 40
34 32 22 214 38 40
34 32 23 214 38 40
34 32 24 214 38 40
34 32 25 214 38 40
34 32 26 214 38 40
34 32 27 214 38 40
34 32 28 214 38 40
34 32 29 214 38 40
34 32 30 214 38 40
34 32 31 214 38 40
34 32 32 214 38 40
34 32 33 214 38 40
34 32 34 214 38 40
34 32 35 158 216 229
35 0 0 43 160 4
35 0 1 43 160 4
35 0 2 43 160 4
35 0 3 43 160 4
35 0 4 43 160 4
35 0 5 43 160 4
35 0 6 43 160 4
35 0 7 255 186 119
35 0 8 255 186 119
35 0 9 255 186 119
35 0 10 255 186 119
35 0 11 255 186 119
35 0 12 255 186 119
35 0 13 255 186 119
35 0 14 255 186 119
35 0 15 255 186 119
35 0 16 255 186 119
35 0 17 255 186 119
35 0 18 255 186 119
35 0 19 255 186 119
35 0 20 255 186 119
35 0 21 255 186 119
35 0 22 255 186 119
35 0 23 255 186 119
35 0 24 255 186 119
35 0 25 255 186 119
35 0 26 255 186 119
35 0 27 255 186 119
35 0 28 255 186 119
35 0 29 255 186 119
35 0 30 255 186 119
35 0 31 255 186 119
35 0 32 255 186 119
35 0 33 255 186 119
35 0 34 255 186 119
35 0 35 255 186 119
35 1 7 255 186 119
35 1 8 255 186 119
35 1 9 255 186 119
35 1 10 255 186 119
35 1 11 255 186 119
35 1 12 255 186 119
35 1 13 255 186 119
35 1 14 255 186 119
35 1 15 255 186 119
35 1 16 255 186 119
35 1 17 255 186 119
35 1 18 255 186 119
35 1 19 255 186 119
35 1 20 255 186 119
35 1 21 255 186 119
35 1 22 255 186 119
35 1 23 255 186 119
35 1 24 255 186 119
35 1 25 255 186 119
35 1 26 255 186 119
35 1 27 255 186 119
35 1 28 255 186 119
35 1 29 255 186 119
35 1 30 255 186 119
35 1 31 255 186 119
35 1 32 255 186 119
35 1 33 255 186 119
35 1 34 255 186 119
35 1 35 255 186 119
35 2 7 255 186 119
35 2 8 255 186 119
35 2 9 255 186 119
35 2 10 255 186 119
35 2 11 255 186 119
35 2 12 255 186 119
35 2 13 255 186 119
35 2 14 255 186 119
35 2 15 255 186 119
35 2 16 255 186 119
35 2 17 255 186 119
35 2 18 255 186 119
35 2 19 255 186 119
35 2 20 255 186 119
35 2 21 255 186 119
35 2 22 255 186 119
35 2 23 255 186 119
35 2 24 255 186 119
35 2 25 255 186 119
35 2 26 255 186 119
35 2 27 255 186 119
35 2 28 255 186 119
35 2 29 255 186 119
35 2 30 255 186 119
35 2 31 255 186 119
35 2 32 255 186 119
35 2 33 255 186 119
35 2 34 255 186 119
35 2 35 255 186 119
35 3 7 255 186 119
35 3 8 255 186 119
35 3 9 255 186 119
35 3 10 255 186 119
35 3 11 255 186 119
35 3 12 255 186 119
35 3 13 255 186 119
35 3 14 255 186 119
35 3 15 255 186 119
35 3 16 255 186 119
35 3 17 255 186 119
35 3 18 255 186 119
35 3 19 255 186 119
35 3 20 255 186 119
35 3 21 255 186 119
35 3 22 255 186 119
35 3 23 255 186 119
35 3 24 255 186 119
35 3 25 255 186 119
35 3 26 255 186 119
35 3 27 255 186 119
35 3 28 255 186 119
35 3 29 255 186 119
35 3 30 255 186 119
35 3 31 255 186 119
35 3 32 255 186 119
35 3 33 255 186 119
35 3 34 255 186 119
35 3 35 255 186 119
35 4 7 255 186 119
35 4 8 255 186 119
35 4 9 255 186 119
35 4 10 255 186 119
35 4 11 255 186 119
35 4 12 255 186 119
35 4 13 255 186 119
35 4 14 255 186 119
35 4 15 255 186 119
35 4 16 255 186 119
35 4 17 255 186 119
35 4 18 255 186 119
35 4 19 255 186 119
35 4 20 255 186 119
35 4 21 255 186 119
35 4 22 255 186 119
35 4 23 255 186 119
35 4 24 255 186 119
35 4 25 255 186 119
35 4 26 255 186 119
35 4 27 255 186 119
35 4 28 255 186 119
35 4 29 255 186 119
35 4 30 255 186 119
35 4 31 255 186 119
35 4 32 255 186 119
35 4 33 255 186 119
35 4 34 255 186 119
35 4 35 255 186 119
35 5 7 255 186 119
35 5 8 255 186 119
35 5 9 255 186 119
35 5 10 255 186 119
35 5 11 255 186 119
35 5 12 255 186 119
35 5 13 255 186 119
35 5 14 255 186 119
35 5 15 255 186 119
35 5 16 255 186 119
35 5 17 255 186 119
35 5 18 255 186 119
35 5 19 255 186 119
35 5 20 255 186 119
35 5 21 255 186 119
35 5 22 255 186 119
35 5 23 255 186 119
35 5 24 255 186 119
35 5 25 255 186 119
35 5 26 255 186 119
35 5 27 255 186 119
35 5 28 255 186 119
35 5 29 255 186 119
35 5 30 255 186 119
35 5 31 255 186 119
35 5 32 255 186 119
35 5 33 255 186 119
35 5 34 255 186 119
35 5 35 255 186 119
35 6 7 255 186 119
35 6 8 255 186 119
35 6 9 255 186 119
35 6 10 255 186 119
35 6 11 255 186 119
35 6 12 255 186 119
35 6 13 255 186 119
35 6 14 255 186 119
35 6 15 255 186 119
35 6 16 255 186 119
35 6 17 255 186 119
35 6 18 255 186 119
35 6 19 255 186 119
35 6 20 255 186 119
35 6 21 255 186 119
35 6 22 255 186 119
35 6 23 255 186 119
35 6 24 255 186 119
35 6 25 255 186 119
35 6 26 255 186 119
35 6 27 255 186 119
35 6 28 255 186 119
35 6 29 255 186 119
35 6 30 255 186 119
35 6 31 255 186 119
35 6 32 255 186 119
35 6 33 255 186 119
35 6 34 255 186 119
35 6 35 255 186 119
35 7 7 255 186 119
35 7 8 255 186 119
35 7 9 255 186 119
35 7 10 255 186 119
35 7 11 255 186 119
35 7 12 255 186 119
35 7 13 255 186 119
35 7 14 255 186 119
35 7 15 255 186 119
35 7 16 255 186 119
35 7 17 255 186 119
35 7 18 255 186 119
35 7 19 255 186 119
35 7 20 255 186 119
35 7 21 255 186 119
35 7 22 255 186 119
35 7 23 255 186 119
35 7 24 255 186 119
35 7 25 255 186 119
35 7 26 255 186 119
35 7 27 255 186 119
35 7 28 255 186 119
35 7 29 255 186 119
35 7 30 255 186 119
35 7 31 255 186 119
35 7 32 255 186 119
35 7 33 255 186 119
35 7 34 255 186 119
35 7 35 255 186 119
35 8 13 196 175 214
35 8 14 196 175 214
35 8 15 196 175 214
35 8 16 196 175 214
35 8 17 196 175 214
35 8 18 196 175 214
35 8 28 196 175 214
35 8 29 196 175 214
35 8 30 196 175 214
35 8 31 196 175 214
35 8 32 196 175 214
35 8 33 255 186 119
35 8 34 255 186 119
35 8 35 255 186 119
35 9 13 196 175 214
35 9 14 196 175 214
35 9 15 196 175 214
35 9 16 196 175 214
35 9 17 196 175 214
35 9 18 196 175 214
35 9 28 196 175 214
35 9 29 196 175 214
35 9 30 196 175 214
35 9 31 196 175 214
35 9 32 196 175 214
35 9 33 255 186 119
35 9 34 255 186 119
35 9 35 255 186 119
35 10 14 196 175 214
35 10 15 196 175 214
35 10 16 196 175 214
35 10 17 196 175 214
35 10 18 196 175 214
35 10 33 255 186 119
35 10 34 255 186 119
35 10 35 255 186 119
35 11 33 255 186 119
35 11 34 255 186 119
35 11 35 255 186 119
35 12 33 255 186 119
35 12 34 255 186 119
35 12 35 255 186 119
35 13 33 255 186 119
35 13 34 255 186 119
35 13 35 158 216 229
35 14 34 158 216 229
35 14 35 158 216 229
35 15 34 158 216 229
35 15 35 158 216 229
35 16 34 158 216 229
35 16 35 158 216 229
35 17 34 158 216 229
35 17 35 158 216 229
35 18 34 158 216 229
35 18 35 158 216 229
35 19 34 158 216 229
35 19 35 158 216 229
35 20 34 158 216 229
35 20 35 158 216 229
35 21 34 158 216 229
35 21 35 158 216 229
35 22 34 158 216 229
35 22 35 158 216 229
35 23 34 158 216 229
35 23 35 158 216 229
35 24 34 158 216 229
35 24 35 158 216 229
35 25 34 158 216 229
35 25 35 158 216 229
35 26 34 158 216 229
35 26 35 158 216 229
35 27 34 158 216 229
35 27 35 158 216 229
35 28 34 158 216 229
35 28 35 158 216 229
35 29 34 158 216 229
35 29 35 158 216 229
35 30 34 158 216 229
35 30 35 158 216 229
35 31 34 158 216 229
35 31 35 158 216 229
35 32 0 214 38 40
35 32 1 214 38 40
35 32 2 214 38 40
35 32 3 214 38 40
35 32 4 214 38 40
35 32 5 214 38 40
35 32 6 214 38 40
35 32 7 214 38 40
35 32 8 214 38 40
35 32 9 214 38 40
35 32 10 214 38 40
35 32 11 214 38 40
35 32 12 214 38 40
35 32 13 214 38 40
35 32 14 214 38 40
35 32 15 214 38 40
35 32 16 214 38 40
35 32 17 214 38 40
35 32 18 214 38 40
35 32 19 214 38 40
35 32 20 214 38 40
35 32 21 214 38 40
35 32 22 214 38 40
35 32 23 214 38 40
35 32 24 214 38 40
35 32 25 214 38 40
35 32 26 214 38 40
35 32 27 214 38 40
35 32 28 214 38 40
35 32 29 214 38 40
35 32 30 214 38 40
35 32 31 214 38 40
35 32 32 214 38 40
35 32 33 214 38 40
35 32 34 214 38 40
35 32 35 158 216 229
36 0 0 43 160 4
36 0 1 43 160 4
36 0 2 43 160 4
36 0 3 43 160 4
36 0 4 43 160 4
36 0 5 43 160 4
36 0 6 43 160 4
36 0 7 255 186 119
36 0 8 255 186 119
36 0 9 255 186 119
36 0 10 255 186 119
36 0 11 255 186 119
36 0 12 255 186 119
36 0 13 255 186 119
36 0 14 255 186 119
36 0 15 255 186 119
36 0 16 255 186 119
36 0 17 255 186 119
36 0 18 255 186 119
36 0 19 255 186 119
36 0 20 255 186 119
36 0 21 255 186 119
36 0 22 255 186 119
36 0 23 255 186 119
36 0 24 255 186 119
36 0 25 255 186 119
36 0 26 255 186 119
36 0 27 255 186 119
36 0 28 255 186 119
36 0 29 255 186 119
36 0 30 255 186 119
36 0 31 255 186 119
36 0 32 255 186 119
36 0 33 255 186 119
36 0 34 255 186 119
36 1 7 255 186 119
36 1 8 255 186 119
36 1 9 255 186 119
36 1 10 255 186 119
36 1 11 255 186 119
36 1 12 255 186 119
36 1 13 255 186 119
36 1 14 255 186 119
36 1 15 255 186 119
36 1 16 255 186 119
36 1 17 255 186 119
36 1 18 255 186 119
36 1 19 255 186 119
36 1 20 255 186 119
36 1 21 255 186 119
36 1 22 255 186 119
36 1 23 255 186 119
36 1 24 255 186 119
36 1 25 255 186 119
36 1 26 255 186 119
36 1 27 255 186 119
36 1 28 255 186 119
36 1 29 255 186 119
36 1 30 255 186 119
36 1 31 255 186 119
36 1 32 255 186 119
36 1 33 255 186 119
36 1 34 255 186 119
36 1 35 158 216 229
36 2 7 255 186 119
36 2 8 255 186 119
36 2 9 255 186 119
36 2 10 255 186 119
36 2 11 255 186 119
36 2 12 255 186 119
36 2 13 255 186 119
36 2 14 255 186 119
36 2 15 255 186 119
36 2 16 255 186 119
36 2 17 255 186 119
36 2 18 255 186 119
36 2 19 255 186 119
36 2 20 255 186 119
36 2 21 255 186 119
36 2 22 255 186 119
36 2 23 255 186 119
36 2 24 255 186 119
36 2 25 255 186 119
36 2 26 255 186 119
36 2 27 255 186 119
36 2 28 255 186 119
36 2 29 255 186 119
36 2 30 255 186 119
36 2 31 255 186 119
36 2 32 255 186 119
36 2 33 255 186 119
36 2 34 255 186 119
36 2 35 158 216 229
36 3 7 255 186 119
36 3 8 255 186 119
36 3 9 255 186 119
36 3 10 255 186 119
36 3 11 255 186 119
36 3 12 255 186 119
36 3 13 255 186 119
36 3 14 255 186 119
36 3 15 255 186 119
36 3 16 255 186 119
36 3 17 255 186 119
36 3 18 255 186 119
36 3 19 255 186 119
36 3 20 255 186 119
36 3 21 255 186 119
36 3 22 255 186 119
36 3 23 255 186 119
36 3 24 255 186 119
36 3 25 255 186 119
36 3 26 255 186 119
36 3 27 255 186 119
36 3 28 255 186 119
36 3 29 255 186 119
36 3 30 255 186 119
36 3 31 255 186 119
36 3 32 255 186 119
36 3 33 255 186 119
36 3 34 255 186 119
36 3 35 158 216 229
36 4 7 255 186 119
36 4 8 255 186 119
36 4 9 255 186 119
36 4 10 255 186 119
36 4 11 255 186 119
36 4 12 255 186 119
36 4 13 255 186 119
36 4 14 255 186 119
36 4 15 255 186 119
36 4 16 255 186 119
36 4 17 255 186 119
36 4 18 255 186 119
36 4 19 255 186 119
36 4 20 255 186 119
36 4 21 255 186 119
36 4 22 255 186 119
36 4 23 255 186 119
36 4 24 255 186 119
36 4 25 255 186 119
36 4 26 255 186 119
36 4 27 255 186 119
36 4 28 255 186 119
36 4 29 255 186 119
36 4 30 255 186 119
36 4 31 255 186 119
36 4 32 255 186 119
36 4 33 255 186 119
36 4 34 255 186 119
36 4 35 158 216 229
36 5 7 255 186 119
36 5 8 255 186 119
36 5 9 255 186 119
36 5 10 255 186 119
36 5 11 255 186 119
36 5 12 255 186 119
36 5 13 255 186 119
36 5 14 255 186 119
36 5 15 255 186 119
36 5 16 255 186 119
36 5 17 255 186 119
36 5 18 255 186 119
36 5 19 255 186 119
36 5 20 255 186 119
36 5 21 255 186 119
36 5 22 255 186 119
36 5 23 255 186 119
36 5 24 255 186 119
36 5 25 255 186 119
36 5 26 255 186 119
36 5 27 255 186 119
36 5 28 255 186 119
36 5 29 255 186 119
36 5 30 255 186 119
36 5 31 255 186 119
36 5 32 255 186 119
36 5 33 255 186 119
36 5 34 255 186 119
36 5 35 158 216 229
36 6 7 255 186 119
36 6 8 255 186 119
36 6 9 255 186 119
36 6 10 255 186 119
36 6 11 255 186 119
36 6 12 255 186 119
36 6 13 255 186 119
36 6 14 255 186 119
36 6 15 255 186 119
36 6 16 255 186 119
36 6 17 255 186 119
36 6 18 255 186 119
36 6 19 255 186 119
36 6 20 255 186 119
36 6 21 255 186 119
36 6 22 255 186 119
36 6 23 255 186 119
36 6 24 255 186 119
36 6 25 255 186 119
36 6 26 255 186 119
36 6 27 255 186 119
36 6 28 255 186 119
36 6 29 255 186 119
36 6 30 255 186 119
36 6 31 255 186 119
36 6 32 255 186 119
36 6 33 255 186 119
36 6 34 255 186 119
36 6 35 158 216 229
36 7 7 255 186 119
36 7 8 255 186 119
36 7 9 255 186 119
36 7 10 255 186 119
36 7 11 255 186 119
36 7 12 255 186 119
36 7 13 255 186 119
36 7 14 255 186 119
36 7 15 255 186 119
36 7 16 255 186 119
36 7 17 255 186 119
36 7 18 255 186 119
36 7 19 255 186 119
36 7 20 255 186 119
36 7 21 255 186 119
36 7 22 255 186 119
36 7 23 255 186 119
36 7 24 255 186 119
36 7 25 255 186 119
36 7 26 255 186 119
36 7 27 255 186 119
36 7 28 255 186 119
36 7 29 255 186 119
36 7 30 255 186 119
36 7 31 255 186 119
36 7 32 255 186 119
36 7 33 255 186 119
36 7 34 255 186 119
36 7 35 158 216 229
36 8 13 196 175 214
36 8 14 196 175 214
36 8 15 196 175 214
36 8 16 196 175 214
36 8 17 196 175 214
36 8 18 196 175 214
36 8 27 196 175 214
36 8 28 196 175 214
36 8 29 196 175 214
36 8 30 196 175 214
36 8 31 196 175 214
36 8 32 196 175 214
36 8 33 255 186 119
36 8 34 255 186 119
36 8 35 158 216 229
36 9 13 196 175 214
36 9 14 196 175 214
36 9 15 196 175 214
36 9 16 196 175 214
36 9 17 196 175 214
36 9 18 196 175 214
36 9 27 196 175 214
36 9 28 196 175 214
36 9 29 196 175 214
36 9 30 196 175 214
36 9 31 196 175 214
36 9 32 196 175 214
36 9 33 255 186 119
36 9 34 255 186 119
36 9 35 158 216 229
36 10 14 196 175 214
36 10 15 196 175 214
36 10 16 196 175 214
36 10 17 196 175 214
36 10 18 196 175 214
36 10 33 255 186 119
36 10 34 255 186 119
36 10 35 158 216 229
36 11 33 255 186 119
36 11 34 255 186 119
36 11 35 158 216 229
36 12 33 255 186 119
36 12 34 255 186 119
36 12 35 158 216 229
36 13 33 255 186 119
36 13 34 158 216 229
36 13 35 158 216 229
36 14 34 158 216 229
36 14 35 158 216 229
36 15 34 158 216 229
36 15 35 158 216 229
36 16 34 158 216 229
36 16 35 158 216 229
36 17 34 158 216 229
36 17 35 158 216 229
36 18 34 158 216 229
36 18 35 158 216 229
36 19 34 158 216 229
36 19 35 158 216 229
36 20 34 158 216 229
36 20 35 158 216 229
36 21 34 158 216 229
36 21 35 158 216 229
36 22 34 158 216 229
36 22 35 158 216 229
36 23 34 158 216 229
36 23 35 158 216 229
36 24 34 158 216 229
36 24 35 158 216 229
36 25 34 158 216 229
36 25 35 158 216 229
36 26 34 158 216 229
36 26 35 158 216 229
36 27 34 158 216 229
36 27 35 158 216 229
36 28 34 158 216 229
36 28 35 158 216 229
36 29 34 158 216 229
36 29 35 158 216 229
36 30 34 158 216 229
36 30 35 158 216 229
36 31 34 158 216 229
36 31 35 158 216 229
36 32 0 214 38 40
36 32 1 214 38 40
36 32 2 214 38 40
36 32 3 214 38 40
36 32 4 214 38 40
36 32 5 214 38 40
36 32 6 214 38 40
36 32 7 214 38 40
36 32 8 214 38 40
36 32 9 214 38 40
36 32 10 214 38 40
36 32 11 214 38 40
36 32 12 214 38 40
36 32 13 214 38 40
36 32 14 214 38 40
36 32 15 214 38 40
36 32 16 214 38 40
36 32 17 214 38 40
36 32 18 214 38 40
36 32 19 214 38 40
36 32 20 214 38 40
36 32 21 214 38 40
36 32 22 214 38 40
36 32 23 214 38 40
36 32 24 214 38 40
36 32 25 214 38 40
36 32 26 214 38 40
36 32 27 214 38 40
36 32 28 214 38 40
36 32 29 214 38 40
36 32 30 214 38 40
36 32 31 214 38 40
36 32 32 214 38 40
36 32 33 214 38 40
36 32 34 214 38 40
36 32 35 158 216 229
37 0 0 43 160 4
37 0 1 43 160 4
37 0 2 43 160 4
37 0 3 43 160 4
37 0 4 43 160 4
37 0 5 43 160 4
37 0 6 43 160 4
37 0 7 255 186 119
37 0 8 255 186 119
37 0 9 255 186 119
37 0 10 255 186 119
37 0 11 255 186 119
37 0 12 255 186 119
37 0 13 255 186 119
37 0 14 255 186 119
37 0 15 255 186 119
37 0 16 255 186 119
37 0 17 255 186 119
37 0 18 255 186 119
37 0 19 255 186 119
37 0 20 255 186 119
37 0 21 255 186 119
37 0 22 255 186 119
37 0 23 255 186 119
37 0 24 255 186 119
37 0 25 255 186 119
37 0 26 255 186 119
37 0 27 255 186 119
37 0 28 255 186 119
37 0 29 255 186 119
37 0 30 255 186 119
37 0 31 255 186 119
37 0 32 255 186 119
37 0 33 255 186 119
37 0 34 255 186 119
37 1 6 255 186 119
37 1 7 255 186 119
37 1 8 255 186 119
37 1 9 255 186 119
37 1 10 255 186 119
37 1 11 255 186 119
37 1 12 255 186 119
37 1 13 255 186 119
37 1 14 255 186 119
37 1 15 255 186 119
37 1 16 255 186 119
37 1 17 255 186 119
37 1 18 255 186 119
37 1 19 255 186 119
37 1 20 255 186 119
37 1 21 255 186 119
37 1 22 255 186 119
37 1 23 255 186 119
37 1 24 255 186 119
37 1 25 255 186 119
37 1 26 255 186 119
37 1 27 255 186 119
37 1 28 255 186 119
37 1 29 255 186 119
37 1 30 255 186 119
37 1 31 255 186 119
37 1 32 255 186 119
37 1 33 255 186 119
37 1 34 255 186 119
37 2 6 255 186 119
37 2 7 255 186 119
37 2 8 255 186 119
37 2 9 255 186 119
37 2 10 255 186 119
37 2 11 255 186 119
37 2 12 255 186 119
37 2 13 255 186 119
37 2 14 255 186 119
37 2 15 255 186 119
37 2 16 255 186 119
37 2 17 255 186 119
37 2 18 255 186 119
37 2 19 255 186 119
37 2 20 255 186 119
37 2 21 255 186 119
37 2 22 255 186 119
37 2 23 255 186 119
37 2 24 255 186 119
37 2 25 255 186 119
37 2 26 255 186 119
37 2 27 255 186 119
37 2 28 255 186 119
37 2 29 255 186 119
37 2 30 255 186 119
37 2 31 255 186 119
37 2 32 255 186 119
37 2 33 255 186 119
37 2 34 255 186 119
37 3 6 255 186 119
37 3 7 255 186 119
37 3 8 255 186 119
37 3 9 255 186 119
37 3 10 255 186 119
37 3 11 255 186 119
37 3 12 255 186 119
37 3 13 255 186 119
37 3 14 255 186 119
37 3 15 255 186 119
37 3 16 255 186 119
37 3 17 255 186 119
37 3 18 255 186 119
37 3 19 255 186 119
37 3 20 255 186 119
37 3 21 255 186 119
37 3 22 255 186 119
37 3 23 255 186 119
37 3 24 255 186 119
37 3 25 255 186 119
37 3 26 255 186 119
37 3 27 255 186 119
37 3 28 255 186 119
37 3 29 255 186 119
37 3 30 255 186 119
37 3 31 255 186 119
37 3 32 255 186 119
37 3 33 255 186 119
37 3 34 255 186 119
37 4 6 255 186 119
37 4 7 255 186 119
37 4 8 255 186 119
37 4 9 255 186 119
37 4 10 255 186 119
37 4 11 255 186 119
37 4 12 255 186 119
37 4 13 255 186 119
37 4 14 255 186 119
37 4 15 255 186 119
37 4 16 255 186 119
37 4 17 255 186 119
37 4 18 255 186 119
37 4 19 255 186 119
37 4 20 255 186 119
37 4 21 255 186 119
37 4 22 255 186 119
37 4 23 255 186 119
37 4 24 255 186 119
37 4 25 255 186 119
37 4 26 255 186 119
37 4 27 255 186 119
37 4 28 255 186 119
37 4 29 255 186 119
37 4 30 255 186 119
37 4 31 255 186 119
37 4 32 255 186 119
37 4 33 255 186 119
37 4 34 255 186 119
37 5 6 255 186 119
37 5 7 255 186 119
37 5 8 255 186 119
37 5 9 255 186 119
37 5 10 255 186 119
37 5 11 255 186 119
37 5 12 255 186 119
37 5 13 255 186 119
37 5 14 255 186 119
37 5 15 255 186 119
37 5 16 255 186 119
37 5 17 255 186 119
37 5 18 255 186 119
37 5 19 255 186 119
37 5 20 255 186 119
37 5 21 255 186 119
37 5 22 255 186 119
37 5 23 255 186 119
37 5 24 255 186 119
37 5 25 255 186 119
37 5 26 255 186 119
37 5 27 255 186 119
37 5 28 255 186 119
37 5 29 255 186 119
37 5 30 255 186 119
37 5 31 255 186 119
37 5 32 255 186 119
37 5 33 255 186 119
37 5 34 255 186 119
37 6 6 255 186 119
37 6 7 255 186 119
37 6 8 255 186 119
37 6 9 255 186 119
37 6 10 255 186 119
37 6 11 255 186 119
37 6 12 255 186 119
37 6 13 255 186 119
37 6 14 255 186 119
37 6 15 255 186 119
37 6 16 255 186 119
37 6 17 255 186 119
37 6 18 255 186 119
37 6 19 255 186 119
37 6 20 255 186 119
37 6 21 255 186 119
37 6 22 255 186 119
37 6 23 255 186 119
37 6 24 255 186 119
37 6 25 255 186 119
37 6 26 255 186 119
37 6 27 255 186 119
37 6 28 255 186 119
37 6 29 255 186 119
37 6 30 255 186 119
37 6 31 255 186 119
37 6 32 255 186 119
37 6 33 255 186 119
37 6 34 255 186 119
37 7 6 255 186 119
37 7 7 255 186 119
37 7 8 255 186 119
37 7 9 255 186 119
37 7 10 255 186 119
37 7 11 255 186 119
37 7 12 255 186 119
37 7 13 255 186 119
37 7 14 255 186 119
37 7 15 255 186 119
37 7 16 255 186 119
37 7 17 255 186 119
37 7 18 255 186 119
37 7 19 255 186 119
37 7 20 255 186 119
37 7 21 255 186 119
37 7 22 255 186 119
37 7 23 255 186 119
37 7 24 255 186 119
37 7 25 255 186 119
37 7 26 255 186 119
37 7 27 255 186 119
37 7 28 255 186 119
37 7 29 255 186 119
37 7 30 255 186 119
37 7 31 255 186 119
37 7 32 255 186 119
37 7 33 255 186 119
37 7 34 255 186 119
37 8 27 196 175 214
37 8 28 196 175 214
37 8 29 196 175 214
37 8 30 196 175 214
37 8 31 196 175 214
37 8 32 196 175 214
37 8 33 255 186 119
37 8 34 255 186 119
37 9 27 196 175 214
37 9 28 196 175 214
37 9 29 196 175 214
37 9 30 196 175 214
37 9 31 196 175 214
37 9 32 196 175 214
37 9 33 255 186 119
37 9 34 255 186 119
37 10 33 255 186 119
37 10 34 255 186 119
37 11 33 255 186 119
37 11 34 255 186 119
37 12 33 255 186 119
37 12 34 255 186 119
37 13 33 255 186 119
37 13 34 158 216 229
37 14 34 158 216 229
37 15 34 158 216 229
37 16 34 158 216 229
37 17 34 158 216 229
37 18 34 158 216 229
37 19 34 158 216 229
37 20 34 158 216 229
37 21 34 158 216 229
37 22 34 158 216 229
37 23 34 158 216 229
37 24 34 158 216 229
37 25 34 158 216 229
37 26 34 158 216 229
37 27 34 158 216 229
37 28 34 158 216 229
37 29 34 158 216 229
37 30 34 158 216 229
37 31 34 158 216 229
37 32 0 214 38 40
37 32 1 214 38 40
37 32 2 214 38 40
37 32 3 214 38 40
37 32 4 214 38 40
37 32 5 214 38 40
37 32 6 214 38 40
37 32 7 214 38 40
37 32 8 214 38 40
37 32 9 214 38 40
37 32 10 214 38 40
37 32 11 214 38 40
37 32 12 214 38 40
37 32 13 214 38 40
37 32 14 214 38 40
37 32 15 214 38 40
37 32 16 214 38 40
37 32 17 214 38 40
37 32 18 214 38 40
37 32 19 214 38 40
37 32 20 214 38 40
37 32 21 214 38 40
37 32 22 214 38 40
37 32 23 214 38 40
37 32 24 214 38 40
37 32 25 214 38 40
37 32 26 214 38 40
37 32 27 214 38 40
37 32 28 214 38 40
37 32 29 214 38 40
37 32 30 214 38 40
37 32 31 214 38 40
37 32 32 214 38 40
37 32 33 214 38 40
37 32 34 158 216 229
38 0 0 43 160 4
38 0 1 43 160 4
38 0 2 43 160 4
38 0 3 43 160 4
38 0 4 43 160 4
38 0 5 43 160 4
38 0 6 43 160 4
38 0 7 255 186 119
38 0 8 255 186 119
38 0 9 255 186 119
38 0 10 255 186 119
38 0 11 255 186 119
38 0 12 255 186 119
38 0 13 255 186 119
38 0 14 255 186 119
38 0 15 255 186 119
38 0 16 255 186 119
38 0 17 255 186 119
38 0 18 255 186 119
38 0 19 255 186 119
38 0 20 255 186 119
38 0 21 255 186 119
38 0 22 255 186 119
38 0 23 255 186 119
38 0 24 255 186 119
38 0 25 255 186 119
38 0 26 255 186 119
38 0 27 255 186 119
38 0 28 255 186 119
38 0 29 255 186 119
38 0 30 255 186 119
38 0 31 255 186 119
38 0 32 255 186 119
38 0 33 255 186 119
38 0 34 255 186 119
38 1 6 255 186 119
38 1 7 255 186 119
38 1 8 255 186 119
38 1 9 255 186 119
38 1 10 255 186 119
38 1 11 255 186 119
38 1 12 255 186 119
38 1 13 255 186 119
38 1 14 255 186 119
38 1 15 255 186 119
38 1 16 255 186 119
38 1 17 255 186 119
38 1 18 255 186 119
38 1 19 255 186 119
38 1 20 255 186 119
38 1 21 255 186 119
38 1 22 255 186 119
38 1 23 255 186 119
38 1 24 255 186 119
38 1 25 255 186 119
38 1 26 255 186 119
38 1 27 255 186 119
38 1 28 255 186 119
38 1 29 255 186 119
38 1 30 255 186 119
38 1 31 255 186 119
38 1 32 255 186 119
38 1 33 255 186 119
38 1 34 255 186 119
38 2 6 255 186 119
38 2 7 255 186 119
38 2 8 255 186 119
38 2 9 255 186 119
38 2 10 255 186 119
38 2 11 255 186 119
38 2 12 255 186 119
38 2 13 255 186 119
38 2 14 255 186 119
38 2 15 255 186 119
38 2 16 255 186 119
38 2 17 255 186 119
38 2 18 255 186 119
38 2 19 255 186 119
38 2 20 255 186 119
38 2 21 255 186 119
38 2 22 255 186 119
38 2 23 255 186 119
38 2 24 255 186 119
38 2 25 255 186 119
38 2 26 255 186 119
38 2 27 255 186 119
38 2 28 255 186 119
38 2 29 255 186 119
38 2 30 255 186 119
38 2 31 255 186 119
38 2 32 255 186 119
38 2 33 255 186 119
38 2 34 255 186 119
38 3 6 255 186 119
38 3 7 255 186 119
38 3 8 255 186 119
38 3 9 255 186 119
38 3 10 255 186 119
38 3 11 255 186 119
38 3 12 255 186 119
38 3 13 255 186 119
38 3 14 255 186 119
38 3 15 255 186 119
38 3 16 255 186 119
38 3 17 255 186 119
38 3 18 255 186 119
38 3 19 255 186 119
38 3 20 255 186 119
38 3 21 255 186 119
38 3 22 255 186 119
38 3 23 255 186 119
38 3 24 255 186 119
38 3 25 255 186 119
38 3 26 255 186 119
38 3 27 255 186 119
38 3 28 255 186 119
38 3 29 255 186 119
38 3 30 255 186 119
38 3 31 255 186 119
38 3 32 255 186 119
38 3 33 255 186 119
38 3 34 255 186 119
38 4 6 255 186 119
38 4 7 255 186 119
38 4 8 255 186 119
38 4 9 255 186 119
38 4 10 255 186 119
38 4 11 255 186 119
38 4 12 255 186 119
38 4 13 255 186 119
38 4 14 255 186 119
38 4 15 255 186 119
38 4 16 255 186 119
38 4 17 255 186 119
38 4 18 255 186 119
38 4 19 255 186 119
38 4 20 255 186 119
38 4 21 255 186 119
38 4 22 255 186 119
38 4 23 255 186 119
38 4 24 255 186 119
38 4 25 255 186 119
38 4 26 255 186 119
38 4 27 255 186 119
38 4 28 255 186 119
38 4 29 255 186 119
38 4 30 255 186 119
38 4 31 255 186 119
38 4 32 255 186 119
38 4 33 255 186 119
38 4 34 255 186 119
38 5 6 255 186 119
38 5 7 255 186 119
38 5 8 255 186 119
38 5 9 255 186 119
38 5 10 255 186 119
38 5 11 255 186 119
38 5 12 255 186 119
38 5 13 255 186 119
38 5 14 255 186 119
38 5 15 255 186 119
38 5 16 255 186 119
38 5 17 255 186 119
38 5 18 255 186 119
38 5 19 255 186 119
38 5 20 255 186 119
38 5 21 255 186 119
38 5 22 255 186 119
38 5 23 255 186 119
38 5 24 255 186 119
38 5 25 255 186 119
38 5 26 255 186 119
38 5 27 255 186 119
38 5 28 255 186 119
38 5 29 255 186 119
38 5 30 255 186 119
38 5 31 255 186 119
38 5 32 255 186 119
38 5 33 255 186 119
38 5 34 255 186 119
38 6 6 255 186 119
38 6 7 255 186 119
38 6 8 255 186 119
38 6 9 255 186 119
38 6 10 255 186 119
38 6 11 255 186 119
38 6 12 255 186 119
38 6 13 255 186 119
38 6 14 255 186 119
38 6 15 255 186 119
38 6 16 255 186 119
38 6 17 255 186 119
38 6 18 255 186 119
38 6 19 255 186 119
38 6 20 255 186 119
38 6 21 255 186 119
38 6 22 255 186 119
38 6 23 255 186 119
38 6 24 255 186 119
38 6 25 255 186 119
38 6 26 255 186 119
38 6 27 255 186 119
38 6 28 255 186 119
38 6 29 255 186 119
38 6 30 255 186 119
38 6 31 255 186 119
38 6 32 255 186 119
38 6 33 255 186 119
38 6 34 255 186 119
38 7 6 255 186 119
38 7 7 255 186 119
38 7 8 255 186 119
38 7 9 255 186 119
38 7 10 255 186 119
38 7 11 255 186 119
38 7 12 255 186 119
38 7 13 255 186 119
38 7 14 255 186 119
38 7 15 255 186 119
38 7 16 255 186 119
38 7 17 255 186 119
38 7 18 255 186 119
38 7 19 255 186 119
38 7 20 255 186 119
38 7 21 255 186 119
38 7 22 255 186 119
38 7 23 255 186 119
38 7 24 255 186 119
38 7 25 255 186 119
38 7 26 255 186 119
38 7 27 255 186 119
38 7 28 255 186 119
38 7 29 255 186 119
38 7 30 255 186 119
38 7 31 255 186 119
38 7 32 255 186 119
38 7 33 255 186 119
38 7 34 255 186 119
38 8 27 196 175 214
38 8 28 196 175 214
38 8 29 196 175 214
38 8 30 196 175 214
38 8 31 196 175 214
38 8 32 196 175 214
38 8 33 255 186 119
38 8 34 255 186 119
38 9 27 196 175 214
38 9 28 196 175 214
38 9 29 196 175 214
38 9 30 196 175 214
38 9 31 196 175 214
38 9 32 196 175 214
38 9 33 255 186 119
38 9 34 255 186 119
38 10 32 255 186 119
38 10 33 255 186 119
38 10 34 255 186 119
38 11 32 255 186 119
38 11 33 255 186 119
38 11 34 255 186 119
38 12 32 255 186 119
38 12 33 255 186 119
38 12 34 255 186 119
38 13 33 255 186 119
38 13 34 158 216 229
38 14 34 158 216 229
38 15 34 158 216 229
38 16 34 158 216 229
38 17 34 158 216 229
38 18 34 158 216 229
38 19 34 158 216 229
38 20 34 158 216 229
38 21 34 158 216 229
38 22 34 158 216 229
38 23 34 158 216 229
38 24 34 158 216 229
38 25 34 158 216 229
38 26 34 158 216 229
38 27 34 158 216 229
38 28 34 158 216 229
38 29 34 158 216 229
38 30 34 158 216 229
38 31 34 158 216 229
38 32 0 214 38 40
38 32 1 214 38 40
38 32 2 214 38 40
38 32 3 214 38 40
38 32 4 214 38 40
38 32 5 214 38 40
38 32 6 214 38 40
38 32 7 214 38 40
38 32 8 214 38 40
38 32 9 214 38 40
38 32 10 214 38 40
38 32 11 214 38 40
38 32 12 214 38 40
38 32 13 214 38 40
38 32 14 214 38 40
38 32 15 214 38 40
38 32 16 214 38 40
38 32 17 214 38 40
38 32 18 214 38 40
38 32 19 214 38 40
38 32 20 214 38 40
38 32 21 214 38 40
38 32 22 214 38 40
38 32 23 214 38 40
38 32 24 214 38 40
38 32 25 214 38 40
38 32 26 214 38 40
38 32 27 214 38 40
38 32 28 214 38 40
38 32 29 214 38 40
38 32 30 214 38 40
38 32 31 214 38 40
38 32 32 214 38 40
38 32 33 214 38 40
38 32 34 158 216 229
39 0 0 43 160 4
39 0 1 43 160 4
39 0 2 43 160 4
39 0 3 43 160 4
39 0 4 43 160 4
39 0 5 43 160 4
39 0 6 255 186 119
39 0 7 255 186 119
39 0 8 255 186 119
39 0 9 255 186 119
39 0 10 255 186 119
39 0 11 255 186 119
39 0 12 255 186 119
39 0 13 255 186 119
39 0 14 255 186 119
39 0 15 255 186 119
39 0 16 255 186 119
39 0 17 255 186 119
39 0 18 255 186 119
39 0 19 255 186 119
39 0 20 255 186 119
39 0 21 255 186 119
39 0 22 255 186 119
39 0 23 255 186 119
39 0 24 255 186 119
39 0 25 255 186 119
39 0 26 255 186 119
39 0 27 255 186 119
39 0 28 255 186 119
39 0 29 255 186 119
39 0 30 255 186 119
39 0 31 255 186 119
39 0 32 255 186 119
39 0 33 255 186 119
39 0 34 255 186 119
39 1 6 255 186 119
39 1 7 255 186 119
39 1 8 255 186 119
39 1 9 255 186 119
39 1 10 255 186 119
39 1 11 255 186 119
39 1 12 255 186 119
39 1 13 255 186 119
39 1 14 255 186 119
39 1 15 255 186 119
39 1 16 255 186 119
39 1 17 255 186 119
39 1 18 255 186 119
39 1 19 255 186 119
39 1 20 255 186 119
39 1 21 255 186 119
39 1 22 255 186 119
39 1 23 255 186 119
39 1 24 255 186 119
39 1 25 255 186 119
39 1 26 255 186 119
39 1 27 255 186 119
39 1 28 255 186 119
39 1 29 255 186 119
39 1 30 255 186 119
39 1 31 255 186 119
39 1 32 255 186 119
39 1 33 255 186 119
39 1 34 255 186 119
39 2 6 255 186 119
39 2 7 255 186 119
39 2 8 255 186 119
39 2 9 255 186 119
39 2 10 255 186 119
39 2 11 255 186 119
39 2 12 255 186 119
39 2 13 255 186 119
39 2 14 255 186 119
39 2 15 255 186 119
39 2 16 255 186 119
39 2 17 255 186 119
39 2 18 255 186 119
39 2 19 255 186 119
39 2 20 255 186 119
39 2 21 255 186 119
39 2 22 255 186 119
39 2 23 255 186 119
39 2 24 255 186 119
39 2 25 255 186 119
39 2 26 255 186 119
39 2 27 255 186 119
39 2 28 255 186 119
39 2 29 255 186 119
39 2 30 255 186 119
39 2 31 255 186 119
39 2 32 255 186 119
39 2 33 255 186 119
39 2 34 255 186 119
39 3 6 255 186 119
39 3 7 255 186 119
39 3 8 255 186 119
39 3 9 255 186 119
39 3 10 255 186 119
39 3 11 255 186 119
39 3 12 255 186 119
39 3 13 255 186 119
39 3 14 255 186 119
39 3 15 255 186 119
39 3 16 255 186 119
39 3 17 255 186 119
39 3 18 255 186 119
39 3 19 255 186 119
39 3 20 255 186 119
39 3 21 255 186 119
39 3 22 255 186 119
39 3 23 255 186 119
39 3 24 255 186 119
39 3 25 255 186 119
39 3 26 255 186 119
39 3 27 255 186 119
39 3 28 255 186 119
39 3 29 255 186 119
39 3 30 255 186 119
39 3 31 255 186 119
39 3 32 255 186 119
39 3 33 255 186 119
39 3 34 255 186 119
39 4 6 255 186 119
39 4 7 255 186 119
39 4 8 255 186 119
39 4 9 255 186 119
39 4 10 255 186 119
39 4 11 255 186 119
39 4 12 255 186 119
39 4 13 255 186 119
39 4 14 255 186 119
39 4 15 255 186 119
39 4 16 255 186 119
39 4 17 255 186 119
39 4 18 255 186 119
39 4 19 255 186 119
39 4 20 255 186 119
39 4 21 255 186 119
39 4 22 255 186 119
39 4 23 255 186 119
39 4 24 255 186 119
39 4 25 255 186 119
39 4 26 255 186 119
39 4 27 255 186 119
39 4 28 255 186 119
39 4 29 255 186 119
39 4 30 255 186 119
39 4 31 255 186 119
39 4 32 255 186 119
39 4 33 255 186 119
39 4 34 255 186 119
39 5 6 255 186 119
39 5 7 255 186 119
39 5 8 255 186 119
39 5 9 255 186 119
39 5 10 255 186 119
39 5 11 255 186 119
39 5 12 255 186 119
39 5 13 255 186 119
39 5 14 255 186 119
39 5 15 255 186 119
39 5 16 255 186 119
39 5 17 255 186 119
39 5 18 255 186 119
39 5 19 255 186 119
39 5 20 255 186 119
39 5 21 255 186 119
39 5 22 255 186 119
39 5 23 255 186 119
39 5 24 255 186 119
39 5 25 255 186 119
39 5 26 255 186 119
39 5 27 255 186 119
39 5 28 255 186 119
39 5 29 255 186 119
39 5 30 255 186 119
39 5 31 255 186 119
39 5 32 255 186 119
39 5 33 255 186 119
39 5 34 255 186 119
39 6 6 255 186 119
39 6 7 255 186 119
39 6 8 255 186 119
39 6 9 255 186 119
39 6 10 255 186 119
39 6 11 255 186 119
39 6 12 255 186 119
39 6 13 255 186 119
39 6 14 255 186 119
39 6 15 255 186 119
39 6 16 255 186 119
39 6 17 255 186 119
39 6 18 255 186 119
39 6 19 255 186 119
39 6 20 255 186 119
39 6 21 255 186 119
39 6 22 255 186 119
39 6 23 255 186 119
39 6 24 255 186 119
39 6 25 255 186 119
39 6 26 255 186 119
39 6 27 255 186 119
39 6 28 255 186 119
39 6 29 255 186 119
39 6 30 255 186 119
39 6 31 255 186 119
39 6 32 255 186 119
39 6 33 255 186 119
39 6 34 255 186 119
39 7 6 255 186 119
39 7 7 255 186 119
39 7 8 255 186 119
39 7 9 255 186 119
39 7 10 255 186 119
39 7 11 255 186 119
39 7 12 255 186 119
39 7 13 255 186 119
39 7 14 255 186 119
39 7 15 255 186 119
39 7 16 255 186 119
39 7 17 255 186 119
39 7 18 255 186 119
39 7 19 255 186 119
39 7 20 255 186 119
39 7 21 255 186 119
39 7 22 255 186 119
39 7 23 255 186 119
39 7 24 255 186 119
39 7 25 255 186 119
39 7 26 255 186 119
39 7 27 255 186 119
39 7 28 255 186 119
39 7 29 255 186 119
39 7 30 255 186 119
39 7 31 255 186 119
39 7 32 255 186 119
39 7 33 255 186 119
39 7 34 255 186 119
39 8 26 196 175 214
39 8 27 196 175 214
39 8 28 196 175 214
39 8 29 196 175 214
39 8 30 196 175 214
39 8 31 196 175 214
39 8 32 255 186 119
39 8 33 255 186 119
39 8 34 255 186 119
39 9 27 196 175 214
39 9 28 196 175 214
39 9 29 196 175 214
39 9 30 196 175 214
39 9 31 196 175 214
39 9 32 255 186 119
39 9 33 255 186 119
39 9 34 255 186 119
39 10 32 255 186 119
39 10 33 255 186 119
39 10 34 255 186 119
39 11 32 255 186 119
39 11 33 255 186 119
39 11 34 255 186 119
39 12 32 255 186 119
39 12 33 255 186 119
39 12 34 255 186 119
39 13 32 255 186 119
39 13 33 255 186 119
39 13 34 158 216 229
39 14 33 158 216 229
39 14 34 158 216 229
39 15 33 158 216 229
39 15 34 158 216 229
39 16 33 158 216 229
39 16 34 158 216 229
39 17 33 158 216 229
39 17 34 158 216 229
39 18 33 158 216 229
39 18 34 158 216 229
39 19 33 158 216 229
39 19 34 158 216 229
39 20 33 158 216 229
39 20 34 158 216 229
39 21 33 158 216 229
39 21 34 158 216 229
39 22 33 158 216 229
39 22 34 158 216 229
39 23 33 158 216 229
39 23 34 158 216 229
39 24 33 158 216 229
39 24 34 158 216 229
39 25 33 158 216 229
39 25 34 158 216 229
39 26 33 158 216 229
39 26 34 158 216 229
39 27 33 158 216 229
39 27 34 158 216 229
39 28 33 158 216 229
39 28 34 158 216 229
39 29 33 158 216 229
39 29 34 158 216 229
39 30 33 158 216 229
39 30 34 158 216 229
39 31 33 158 216 229
39 31 34 158 216 229
39 32 0 214 38 40
39 32 1 214 38 40
39 32 2 214 38 40
39 32 3 214 38 40
39 32 4 214 38 40
39 32 5 214 38 40
39 32 6 214 38 40
39 32 7 214 38 40
39 32 8 214 38 40
39 32 9 214 38 40
39 32 10 214 38 40
39 32 11 214 38 40
39 32 12 214 38 40
39 32 13 214 38 40
39 32 14 214 38 40
39 32 15 214 38 40
39 32 16 214 38 40
39 32 17 214 38 40
39 32 18 214 38 40
39 32 19 214 38 40
39 32 20 214 38 40
39 32 21 214 38 40
39 32 22 214 38 40
39 32 23 214 38 40
39 32 24 214 38 40
39 32 25 214 38 40
39 32 26 214 38 40
39 32 27 214 38 40
39 32 28 214 38 40
39 32 29 214 38 40
39 32 30 214 38 40
39 32 31 214 38 40
39 32 32 214 38 40
39 32 33 214 38 40
39 32 34 158 216 229
40 0 0 43 160 4
40 0 1 43 160 4
40 0 2 43 160 4
40 0 3 43 160 4
40 0 4 43 160 4
40 0 5 43 160 4
40 0 6 255 186 119
40 0 7 255 186 119
40 0 8 255 186 119
40 0 9 255 186 119
40 0 10 255 186 119
40 0 11 255 186 119
40 0 12 255 186 119
40 0 13 255 186 119
40 0 14 255 186 119
40 0 15 255 186 119
40 0 16 255 186 119
40 0 17 255 186 119
40 0 18 255 186 119
40 0 19 255 186 119
40 0 20 255 186 119
40 0 21 255 186 119
40 0 22 255 186 119
40 0 23 255 186 119
40 0 24 255 186 119
40 0 25 255 186 119
40 0 26 255 186 119
40 0 27 255 186 119
40 0 28 255 186 119
40 0 29 255 186 119
40 0 30 255 186 119
40 0 31 255 186 119
40 0 32 255 186 119
40 0 33 255 186 119
40 1 6 255 186 119
40 1 7 255 186 119
40 1 8 255 186 119
40 1 9 255 186 119
40 1 10 255 186 119
40 1 11 255 186 119
40 1 12 255 186 119
40 1 13 255 186 119
40 1 14 255 186 119
40 1 15 255 186 119
40 1 16 255 186 119
40 1 17 255 186 119
40 1 18 255 186 119
40 1 19 255 186 119
40 1 20 255 186 119
40 1 21 255 186 119
40 1 22 255 186 119
40 1 23 255 186 119
40 1 24 255 186 119
40 1 25 255 186 119
40 1 26 255 186 119
40 1 27 255 186 119
40 1 28 255 186 119
40 1 29 255 186 119
40 1 30 255 186 119
40 1 31 255 186 119
40 1 32 255 186 119
40 1 33 255 186 119
40 1 34 158 216 229
40 2 6 255 186 119
40 2 7 255 186 119
40 2 8 255 186 119
40 2 9 255 186 119
40 2 10 255 186 119
40 2 11 255 186 119
40 2 12 255 186 119
40 2 13 255 186 119
40 2 14 255 186 119
40 2 15 255 186 119
40 2 16 255 186 119
40 2 17 255 186 119
40 2 18 255 186 119
40 2 19 255 186 119
40 2 20 255 186 119
40 2 21 255 186 119
40 2 22 255 186 119
40 2 23 255 186 119
40 2 24 255 186 119
40 2 25 255 186 119
40 2 26 255 186 119
40 2 27 255 186 119
40 2 28 255 186 119
40 2 29 255 186 119
40 2 30 255 186 119
40 2 31 255 186 119
40 2 32 255 186 119
40 2 33 255 186 119
40 2 34 158 216 229
40 3 6 255 186 119
40 3 7 255 186 119
40 3 8 255 186 119
40 3 9 255 186 119
40 3 10 255 186 119
40 3 11 255 186 119
40 3 12 255 186 119
40 3 13 255 186 119
40 3 14 255 186 119
40 3 15 255 186 119
40 3 16 255 186 119
40 3 17 255 186 119
40 3 18 255 186 119
40 3 19 255 186 119
40 3 20 255 186 119
40 3 21 255 186 119
40 3 22 255 186 119
40 3 23 255 186 119
40 3 24 255 186 119
40 3 25 255 186 119
40 3 26 255 186 119
40 3 27 255 186 119
40 3 28 255 186 119
40 3 29 255 186 119
40 3 30 255 186 119
40 3 31 255 186 119
40 3 32 255 186 119
40 3 33 255 186 119
40 3 34 158 216 229
40 4 6 255 186 119
40 4 7 255 186 119
40 4 8 255 186 119
40 4 9 255 186 119
40 4 10 255 186 119
40 4 11 255 186 119
40 4 12 255 186 119
40 4 13 255 186 119
40 4 14 255 186 119
40 4 15 255 186 119
40 4 16 255 186 119
40 4 17 255 186 119
40 4 18 255 186 119
40 4 19 255 186 119
40 4 20 255 186 119
40 4 21 255 186 119
40 4 22 255 186 119
40 4 23 255 186 119
40 4 24 255 186 119
40 4 25 255 186 119
40 4 26 255 186 119
40 4 27 255 186 119
40 4 28 255 186 119
40 4 29 255 186 119
40 4 30 255 186 119
40 4 31 255 186 119
40 4 32 255 186 119
40 4 33 255 186 119
40 4 34 158 216 229
40 5 6 255 186 119
40 5 7 255 186 119
40 5 8 255 186 119
40 5 9 255 186 119
40 5 10 255 186 119
40 5 11 255 186 119
40 5 12 255 186 119
40 5 13 255 186 119
40 5 14 255 186 119
40 5 15 255 186 119
40 5 16 255 186 119
40 5 17 255 186 119
40 5 18 255 186 119
40 5 19 255 186 119
40 5 20 255 186 119
40 5 21 255 186 119
40 5 22 255 186 119
40 5 23 255 186 119
40 5 24 255 186 119
40 5 25 255 186 119
40 5 26 255 186 119
40 5 27 255 186 119
40 5 28 255 186 119
40 5 29 255 186 119
40 5 30 255 186 119
40 5 31 255 186 119
40 5 32 255 186 119
40 5 33 255 186 119
40 5 34 158 216 229
40 6 6 255 186 119
40 6 7 255 186 119
40 6 8 255 186 119
40 6 9 255 186 119
40 6 10 255 186 119
40 6 11 255 186 119
40 6 12 255 186 119
40 6 13 255 186 119
40 6 14 255 186 119
40 6 15 255 186 119
40 6 16 255 186 119
40 6 17 255 186 119
40 6 18 255 186 119
40 6 19 255 186 119
40 6 20 255 186 119
40 6 21 255 186 119
40 6 22 255 186 119
40 6 23 255 186 119
40 6 24 255 186 119
40 6 25 255 186 119
40 6 26 255 186 119
40 6 27 255 186 119
40 6 28 255 186 119
40 6 29 255 186 119
40 6 30 255 186 119
40 6 31 255 186 119
40 6 32 255 186 119
40 6 33 255 186 119
40 6 34 158 216 229
40 7 6 255 186 119
40 7 7 255 186 119
40 7 8 255 186 119
40 7 9 255 186 119
40 7 10 255 186 119
40 7 11 255 186 119
40 7 12 255 186 119
40 7 13 255 186 119
40 7 14 255 186 119
40 7 15 255 186 119
40 7 16 255 186 119
40 7 17 255 186 119
40 7 18 255 186 119
40 7 19 255 186 119
40 7 20 255 186 119
40 7 21 255 186 119
40 7 22 255 186 119
40 7 23 255 186 119
40 7 24 255 186 119
40 7 25 255 186 119
40 7 26 255 186 119
40 7 27 255 186 119
40 7 28 255 186 119
40 7 29 255 186 119
40 7 30 255 186 119
40 7 31 255 186 119
40 7 32 255 186 119
40 7 33 255 186 119
40 7 34 158 216 229
40 8 26 196 175 214
40 8 27 196 175 214
40 8 28 196 175 214
40 8 29 196 175 214
40 8 30 196 175 214
40 8 31 196 175 214
40 8 32 255 186 119
40 8 33 255 186 119
40 8 34 158 216 229
40 9 26 196 175 214
40 9 27 196 175 214
40 9 28 196 175 214
40 9 29 196 175 214
40 9 30 196 175 214
40 9 31 196 175 214
40 9 32 255 186 119
40 9 33 255 186 119
40 9 34 158 216 229
40 10 32 255 186 119
40 10 33 255 186 119
40 10 34 158 216 229
40 11 32 255 186 119
40 11 33 255 186 119
40 11 34 158 216 229
40 12 32 255 186 119
40 12 33 255 186 119
40 12 34 158 216 229
40 13 32 255 186 119
40 13 33 158 216 229
40 13 34 158 216 229
40 14 33 158 216 229
40 14 34 158 216 229
40 15 33 158 216 229
40 15 34 158 216 229
40 16 33 158 216 229
40 16 34 158 216 229
40 17 11 188 188 33
40 17 12 188 188 33
40 17 13 188 188 33
40 17 33 158 216 229
40 17 34 158 216 229
40 18 11 188 188 33
40 18 12 188 188 33
40 18 13 188 188 33
40 18 33 158 216 229
40 18 34 158 216 229
40 19 11 188 188 33
40 19 12 188 188 33
40 19 13 188 188 33
40 19 33 158 216 229
40 19 34 158 216 229
40 20 11 188 188 33
40 20 12 188 188 33
40 20 13 188 188 33
40 20 33 158 216 229
40 20 34 158 216 229
40 21 11 188 188 33
40 21 12 188 188 33
40 21 13 188 188 33
40 21 33 158 216 229
40 21 34 158 216 229
40 22 11 188 188 33
40 22 12 188 188 33
40 22 13 188 188 33
40 22 33 158 216 229
40 22 34 158 216 229
40 23 11 188 188 33
40 23 12 188 188 33
40 23 13 188 188 33
40 23 33 158 216 229
40 23 34 158 216 229
40 24 11 188 188 33
40 24 12 188 188 33
40 24 13 188 188 33
40 24 33 158 216 229
40 24 34 158 216 229
40 25 33 158 216 229
40 25 34 158 216 229
40 26 33 158 216 229
40 26 34 158 216 229
40 27 33 158 216 229
40 27 34 158 216 229
40 28 33 158 216 229
40 28 34 158 216 229
40 29 33 158 216 229
40 29 34 158 216 229
40 30 33 158 216 229
40 30 34 158 216 229
40 31 33 158 216 229
40 31 34 158 216 229
40 32 0 214 38 40
40 32 1 214 38 40
40 32 2 214 38 40
40 32 3 214 38 40
40 32 4 214 38 40
40 32 5 214 38 40
40 32 6 214 38 40
40 32 7 214 38 40
40 32 8 214 38 40
40 32 9 214 38 40
40 32 10 214 38 40
40 32 11 214 38 40
40 32 12 214 38 40
40 32 13 214 38 40
40 32 14 214 38 40
40 32 15 214 38 40
40 32 16 214 38 40
40 32 17 214 38 40
40 32 18 214 38 40
40 32 19 214 38 40
40 32 20 214 38 40
40 32 21 214 38 40
40 32 22 214 38 40
40 32 23 214 38 40
40 32 24 214 38 40
40 32 25 214 38 40
40 32 26 214 38 40
40 32 27 214 38 40
40 32 28 214 38 40
40 32 29 214 38 40
40 32 30 214 38 40
40 32 31 214 38 40
40 32 32 214 38 40
40 32 33 214 38 40
41 0 0 43 160 4
41 0 1 43 160 4
41 0 2 43 160 4
41 0 3 43 160 4
41 0 4 43 160 4
41 0 5 43 160 4
41 0 6 255 186 119
41 0 7 255 186 119
41 0 8 255 186 119
41 0 9 255 186 119
41 0 10 255 186 119
41 0 11 255 186 119
41 0 12 255 186 119
41 0 13 255 186 119
41 0 14 255 186 119
41 0 15 255 186 119
41 0 16 255 186 119
41 0 17 255 186 119
41 0 18 255 186 119
41 0 19 255 186 119
41 0 20 255 186 119
41 0 21 255 186 119
41 0 22 255 186 119
41 0 23 255 186 119
41 0 24 255 186 119
41 0 25 255 186 119
41 0 26 255 186 119
41 0 27 255 186 119
41 0 28 255 186 119
41 0 29 255 186 119
41 0 30 255 186 119
41 0 31 255 186 119
41 0 32 255 186 119
41 0 33 255 186 119
41 1 5 255 186 119
41 1 6 255 186 119
41 1 7 255 186 119
41 1 8 255 186 119
41 1 9 255 186 119
41 1 10 255 186 119
41 1 11 255 186 119
41 1 12 255 186 119
41 1 13 255 186 119
41 1 14 255 186 119
41 1 15 255 186 119
41 1 16 255 186 119
41 1 17 255 186 119
41 1 18 255 186 119
41 1 19 255 186 119
41 1 20 255 186 119
41 1 21 255 186 119
41 1 22 255 186 119
41 1 23 255 186 119
41 1 24 255 186 119
41 1 25 255 186 119
41 1 26 255 186 119
41 1 27 255 186 119
41 1 28 255 186 119
41 1 29 255 186 119
41 1 30 255 186 119
41 1 31 255 186 119
41 1 32 255 186 119
41 1 33 255 186 119
41 2 5 255 186 119
41 2 6 255 186 119
41 2 7 255 186 119
41 2 8 255 186 119
41 2 9 255 186 119
41 2 10 255 186 119
41 2 11 255 186 119
41 2 12 255 186 119
41 2 13 255 186 119
41 2 14 255 186 119
41 2 15 255 186 119
41 2 16 255 186 119
41 2 17 255 186 119
41 2 18 255 186 119
41 2 19 255 186 119
41 2 20 255 186 119
41 2 21 255 186 119
41 2 22 255 186 119
41 2 23 255 186 119
41 2 24 255 186 119
41 2 25 255 186 119
41 2 26 255 186 119
41 2 27 255 186 119
41 2 28 255 186 119
41 2 29 255 186 119
41 2 30 255 186 119
41 2 31 255 186 119
41 2 32 255 186 119
41 2 33 255 186 119
41 3 5 255 186 119
41 3 6 255 186 119
41 3 7 255 186 119
41 3 8 255 186 119
41 3 9 255 186 119
41 3 10 255 186 119
41 3 11 255 186 119
41 3 12 255 186 119
41 3 13 255 186 119
41 3 14 255 186 119
41 3 15 255 186 119
41 3 16 255 186 119
41 3 17 255 186 119
41 3 18 255 186 119
41 3 19 255 186 119
41 3 20 255 186 119
41 3 21 255 186 119
41 3 22 255 186 119
41 3 23 255 186 119
41 3 24 255 186 119
41 3 25 255 186 119
41 3 26 255 186 119
41 3 27 255 186 119
41 3 28 255 186 119
41 3 29 255 186 119
41 3 30 255 186 119
41 3 31 255 186 119
41 3 32 255 186 119
41 3 33 255 186 119
41 4 5 255 186 119
41 4 6 255 186 119
41 4 7 255 186 119
41 4 8 255 186 119
41 4 9 255 186 119
41 4 10 255 186 119
41 4 11 255 186 119
41 4 12 255 186 119
41 4 13 255 186 119
41 4 14 255 186 119
41 4 15 255 186 119
41 4 16 255 186 119
41 4 17 255 186 119
41 4 18 255 186 119
41 4 19 255 186 119
41 4 20 255 186 119
41 4 21 255 186 119
41 4 22 255 186 119
41 4 23 255 186 119
41 4 24 255 186 119
41 4 25 255 186 119
41 4 26 255 186 119
41 4 27 255 186 119
41 4 28 255 186 119
41 4 29 255 186 119
41 4 30 255 186 119
41 4 31 255 186 119
41 4 32 255 186 119
41 4 33 255 186 119
41 5 5 255 186 119
41 5 6 255 186 119
41 5 7 255 186 119
41 5 8 255 186 119
41 5 9 255 186 119
41 5 10 255 186 119
41 5 11 255 186 119
41 5 12 255 186 119
41 5 13 255 186 119
41 5 14 255 186 119
41 5 15 255 186 119
41 5 16 255 186 119
41 5 17 255 186 119
41 5 18 255 186 119
41 5 19 255 186 119
41 5 20 255 186 119
41 5 21 255 186 119
41 5 22 255 186 119
41 5 23 255 186 119
41 5 24 255 186 119
41 5 25 255 186 119
41 5 26 255 186 119
41 5 27 255 186 119
41 5 28 255 186 119
41 5 29 255 186 119
41 5 30 255 186 119
41 5 31 255 186 119
41 5 32 255 186 119
41 5 33 255 186 119
41 6 5 255 186 119
41 6 6 255 186 119
41 6 7 255 186 119
41 6 8 255 186 119
41 6 9 255 186 119
41 6 10 255 186 119
41 6 11 255 186 119
41 6 12 255 186 119
41 6 13 255 186 119
41 6 14 255 186 119
41 6 15 255 186 119
41 6 16 255 186 119
41 6 17 255 186 119
41 6 18 255 186 119
41 6 19 255 186 119
41 6 20 255 186 119
41 6 21 255 186 119
41 6 22 255 186 119
41 6 23 255 186 119
41 6 24 255 186 119
41 6 25 255 186 119
41 6 26 255 186 119
41 6 27 255 186 119
41 6 28 255 186 119
41 6 29 255 186 119
41 6 30 255 186 119
41 6 31 255 186 119
41 6 32 255 186 119
41 6 33 255 186 119
41 7 5 255 186 119
41 7 6 255 186 119
41 7 7 255 186 119
41 7 8 255 186 119
41 7 9 255 186 119
41 7 10 255 186 119
41 7 11 255 186 119
41 7 12 255 186 119
41 7 13 255 186 119
41 7 14 255 186 119
41 7 15 255 186 119
41 7 16 255 186 119
41 7 17 255 186 119
41 7 18 255 186 119
41 7 19 255 186 119
41 7 20 255 186 119
41 7 21 255 186 119
41 7 22 255 186 119
41 7 23 255 186 119
41 7 24 255 186 119
41 7 25 255 186 119
41 7 26 255 186 119
41 7 27 255 186 119
41 7 28 255 186 119
41 7 29 255 186 119
41 7 30 255 186 119
41 7 31 255 186 119
41 7 32 255 186 119
41 7 33 255 186 119
41 8 26 196 175 214
41 8 27 196 175 214
41 8 28 196 175 214
41 8 29 196 175 214
41 8 30 196 175 214
41 8 31 196 175 214
41 8 32 255 186 119
41 8 33 255 186 119
41 9 26 196 175 214
41 9 27 196 175 214
41 9 28 196 175 214
41 9 29 196 175 214
41 9 30 196 175 214
41 9 31 196 175 214
41 9 32 255 186 119
41 9 33 255 186 119
41 10 32 255 186 119
41 10 33 255 186 119
41 11 32 255 186 119
41 11 33 255 186 119
41 12 32 255 186 119
41 12 33 255 186 119
41 13 32 255 186 119
41 13 33 158 216 229
41 14 33 158 216 229
41 15 33 158 216 229
41 16 33 158 216 229
41 17 11 188 188 33
41 17 12 188 188 33
41 17 13 188 188 33
41 17 33 158 216 229
41 18 11 188 188 33
41 18 12 188 188 33
41 18 13 188 188 33
41 18 33 158 216 229
41 19 11 188 188 33
41 19 12 188 188 33
41 19 13 188 188 33
41 19 33 158 216 229
41 20 11 188 188 33
41 20 12 188 188 33
41 20 13 188 188 33
41 20 33 158 216 229
41 21 11 188 188 33
41 21 12 188 188 33
41 21 13 188 188 33
41 21 33 158 216 229
41 22 11 188 188 33
41 22 12 188 188 33
41 22 13 188 188 33
41 22 33 158 216 229
41 23 11 188 188 33
41 23 12 188 188 33
41 23 13 188 188 33
41 23 33 158 216 229
41 24 11 188 188 33
41 24 12 188 188 33
41 24 13 188 188 33
41 24 33 158 216 229
41 25 33 158 216 229
41 26 33 158 216 229
41 27 33 158 216 229
41 28 33 158 216 229
41 29 33 158 216 229
41 30 33 158 216 229
41 31 33 158 216 229
41 32 0 214 38 40
41 32 1 214 38 40
41 32 2 214 38 40
41 32 3 214 38 40
41 32 4 214 38 40
41 32 5 214 38 40
41 32 6 214 38 40
41 32 7 214 38 40
41 32 8 214 38 40
41 32 9 214 38 40
41 32 10 214 38 40
41 32 11 214 38 40
41 32 12 214 38 40
41 32 13 214 38 40
41 32 14 214 38 40
41 32 15 214 38 40
41 32 16 214 38 40
41 32 17 214 38 40
41 32 18 214 38 40
41 32 19 214 38 40
41 32 20 214 38 40
41 32 21 214 38 40
41 32 22 214 38 40
41 32 23 214 38 40
41 32 24 214 38 40
41 32 25 214 38 40
41 32 26 214 38 40
41 32 27 214 38 40
41 32 28 214 38 40
41 32 29 214 38 40
41 32 30 214 38 40
41 32 31 214 38 40
41 32 32 214 38 40
41 32 33 158 216 229
42 0 0 43 160 4
42 0 1 43 160 4
42 0 2 43 160 4
42 0 3 43 160 4
42 0 4 43 160 4
42 0 5 43 160 4
42 0 6 255 186 119
42 0 7 255 186 119
42 0 8 255 186 119
42 0 9 255 186 119
42 0 10 255 186 119
42 0 11 255 186 119
42 0 12 255 186 119
42 0 13 255 186 119
42 0 14 255 186 119
42 0 15 255 186 119
42 0 16 255 186 119
42 0 17 255 186 119
42 0 18 255 186 119
42 0 19 255 186 119
42 0 20 255 186 119
42 0 21 255 186 119
42 0 22 255 186 119
42 0 23 255 186 119
42 0 24 255 186 119
42 0 25 255 186 119
42 0 26 255 186 119
42 0 27 255 186 119
42 0 28 255 186 119
42 0 29 255 186 119
42 0 30 255 186 119
42 0 31 255 186 119
42 0 32 255 186 119
42 0 33 255 186 119
42 1 5 255 186 119
42 1 6 255 186 119
42 1 7 255 186 119
42 1 8 255 186 119
42 1 9 255 186 119
42 1 10 255 186 119
42 1 11 255 186 119
42 1 12 255 186 119
42 1 13 255 186 119
42 1 14 255 186 119
42 1 15 255 186 119
42 1 16 255 186 119
42 1 17 255 186 119
42 1 18 255 186 119
42 1 19 255 186 119
42 1 20 255 186 119
42 1 21 255 186 119
42 1 22 255 186 119
42 1 23 255 186 119
42 1 24 255 186 119
42 1 25 255 186 119
42 1 26 255 186 119
42 1 27 255 186 119
42 1 28 255 186 119
42 1 29 255 186 119
42 1 30 255 186 119
42 1 31 255 186 119
42 1 32 255 186 119
42 1 33 255 186 119
42 2 5 255 186 119
42 2 6 255 186 119
42 2 7 255 186 119
42 2 8 255 186 119
42 2 9 255 186 119
42 2 10 255 186 119
42 2 11 255 186 119
42 2 12 255 186 119
42 2 13 255 186 119
42 2 14 255 186 119
42 2 15 255 186 119
42 2 16 255 186 119
42 2 17 255 186 119
42 2 18 255 186 119
42 2 19 255 186 119
42 2 20 255 186 119
42 2 21 255 186 119
42 2 22 255 186 119
42 2 23 255 186 119
42 2 24 255 186 119
42 2 25 255 186 119
42 2 26 255 186 119
42 2 27 255 186 119
42 2 28 255 186 119
42 2 29 255 186 119
42 2 30 255 186 119
42 2 31 255 186 119
42 2 32 255 186 119
42 2 33 255 186 119
42 3 5 255 186 119
42 3 6 255 186 119
42 3 7 255 186 119
42 3 8 255 186 119
42 3 9 255 186 119
42 3 10 255 186 119
42 3 11 255 186 119
42 3 12 255 186 119
42 3 13 255 186 119
42 3 14 255 186 119
42 3 15 255 186 119
42 3 16 255 186 119
42 3 17 255 186 119
42 3 18 255 186 119
42 3 19 255 186 119
42 3 20 255 186 119
42 3 21 255 186 119
42 3 22 255 186 119
42 3 23 255 186 119
42 3 24 255 186 119
42 3 25 255 186 119
42 3 26 255 186 119
42 3 27 255 186 119
42 3 28 255 186 119
42 3 29 255 186 119
42 3 30 255 186 119
42 3 31 255 186 119
42 3 32 255 186 119
42 3 33 255 186 119
42 4 5 255 186 119
42 4 6 255 186 119
42 4 7 255 186 119
42 4 8 255 186 119
42 4 9 255 186 119
42 4 10 255 186 119
42 4 11 255 186 119
42 4 12 255 186 119
42 4 13 255 186 119
42 4 14 255 186 119
42 4 15 255 186 119
42 4 16 255 186 119
42 4 17 255 186 119
42 4 18 255 186 119
42 4 19 255 186 119
42 4 20 255 186 119
42 4 21 255 186 119
42 4 22 255 186 119
42 4 23 255 186 119
42 4 24 255 186 119
42 4 25 255 186 119
42 4 26 255 186 119
42 4 27 255 186 119
42 4 28 255 186 119
42 4 29 255 186 119
42 4 30 255 186 119
42 4 31 255 186 119
42 4 32 255 186 119
42 4 33 255 186 119
42 5 5 255 186 119
42 5 6 255 186 119
42 5 7 255 186 119
42 5 8 255 186 119
42 5 9 255 186 119
42 5 10 255 186 119
42 5 11 255 186 119
42 5 12 255 186 119
42 5 13 255 186 119
42 5 14 255 186 119
42 5 15 255 186 119
42 5 16 255 186 119
42 5 17 255 186 119
42 5 18 255 186 119
42 5 19 255 186 119
42 5 20 255 186 119
42 5 21 255 186 119
42 5 22 255 186 119
42 5 23 255 186 119
42 5 24 255 186 119
42 5 25 255 186 119
42 5 26 255 186 119
42 5 27 255 186 119
42 5 28 255 186 119
42 5 29 255 186 119
42 5 30 255 186 119
42 5 31 255 186 119
42 5 32 255 186 119
42 5 33 255 186 119
42 6 5 255 186 119
42 6 6 255 186 119
42 6 7 255 186 119
42 6 8 255 186 119
42 6 9 255 186 119
42 6 10 255 186 119
42 6 11 255 186 119
42 6 12 255 186 119
42 6 13 255 186 119
42 6 14 255 186 119
42 6 15 255 186 119
42 6 16 255 186 119
42 6 17 255 186 119
42 6 18 255 186 119
42 6 19 255 186 119
42 6 20 255 186 119
42 6 21 255 186 119
42 6 22 255 186 119
42 6 23 255 186 119
42 6 24 255 186 119
42 6 25 255 186 119
42 6 26 255 186 119
42 6 27 255 186 119
42 6 28 255 186 119
42 6 29 255 186 119
42 6 30 255 186 119
42 6 31 255 186 119
42 6 32 255 186 119
42 6 33 255 186 119
42 7 5 255 186 119
42 7 6 255 186 119
42 7 7 255 186 119
42 7 8 255 186 119
42 7 9 255 186 119
42 7 10 255 186 119
42 7 11 255 186 119
42 7 12 255 186 119
42 7 13 255 186 119
42 7 14 255 186 119
42 7 15 255 186 119
42 7 16 255 186 119
42 7 17 255 186 119
42 7 18 255 186 119
42 7 19 255 186 119
42 7 20 255 186 119
42 7 21 255 186 119
42 7 22 255 186 119
42 7 23 255 186 119
42 7 24 255 186 119
42 7 25 255 186 119
42 7 26 255 186 119
42 7 27 255 186 119
42 7 28 255 186 119
42 7 29 255 186 119
42 7 30 255 186 119
42 7 31 255 186 119
42 7 32 255 186 119
42 7 33 255 186 119
42 8 26 196 175 214
42 8 27 196 175 214
42 8 28 196 175 214
42 8 29 196 175 214
42 8 30 196 175 214
42 8 31 196 175 214
42 8 32 255 186 119
42 8 33 255 186 119
42 9 26 196 175 214
42 9 27 196 175 214
42 9 28 196 175 214
42 9 29 196 175 214
42 9 30 196 175 214
42 9 31 196 175 214
42 9 32 255 186 119
42 9 33 255 186 119
42 10 31 255 186 119
42 10 32 255 186 119
42 10 33 255 186 119
42 11 31 255 186 119
42 11 32 255 186 119
42 11 33 255 186 119
42 12 31 255 186 119
42 12 32 255 186 119
42 12 33 255 186 119
42 13 32 255 186 119
42 13 33 158 216 229
42 14 33 158 216 229
42 15 33 158 216 229
42 16 33 158 216 229
42 17 11 188 188 33
42 17 12 188 188 33
42 17 13 188 188 33
42 17 33 158 216 229
42 18 11 188 188 33
42 18 12 188 188 33
42 18 13 188 188 33
42 18 33 158 216 229
42 19 11 188 188 33
42 19 12 188 188 33
42 19 13 188 188 33
42 19 33 158 216 229
42 20 11 188 188 33
42 20 12 188 188 33
42 20 13 188 188 33
42 20 33 158 216 229
42 21 11 188 188 33
42 21 12 188 188 33
42 21 13 188 188 33
42 21 33 158 216 229
42 22 11 188 188 33
42 22 12 188 188 33
42 22 13 188 188 33
42 22 33 158 216 229
42 23 11 188 188 33
42 23 12 188 188 33
42 23 13 188 188 33
42 23 33 158 216 229
42 24 11 188 188 33
42 24 12 188 188 33
42 24 13 188 188 33
42 24 33 158 216 229
42 25 33 158 216 229
42 26 33 158 216 229
42 27 33 158 216 229
42 28 33 158 216 229
42 29 33 158 216 229
42 30 33 158 216 229
42 31 33 158 216 229
42 32 0 214 38 40
42 32 1 214 38 40
42 32 2 214 38 40
42 32 3 214 38 40
42 32 4 214 38 40
42 32 5 214 38 40
42 32 6 214 38 40
42 32 7 214 38 40
42 32 8 214 38 40
42 32 9 214 38 40
42 32 10 214 38 40
42 32 11 214 38 40
42 32 12 214 38 40
42 32 13 214 38 40
42 32 14 214 38 40
42 32 15 214 38 40
42 32 16 214 38 40
42 32 17 214 38 40
42 32 18 214 38 40
42 32 19 214 38 40
42 32 20 214 38 40
42 32 21 214 38 40
42 32 22 214 38 40
42 32 23 214 38 40
42 32 24 214 38 40
42 32 25 214 38 40
42 32 26 214 38 40
42 32 27 214 38 40
42 32 28 214 38 40
42 32 29 214 38 40
42 32 30 214 38 40
42 32 31 214 38 40
42 32 32 214 38 40
42 32 33 158 216 229
43 0 0 43 160 4
43 0 1 43 160 4
43 0 2 43 160 4
43 0 3 43 160 4
43 0 4 43 160 4
43 0 5 43 160 4
43 0 6 43 160 4
43 0 7 43 160 4
43 0 8 255 186 119
43 0 9 255 186 119
43 0 10 255 186 119
43 0 11 255 186 119
43 0 12 255 186 119
43 0 13 255 186 119
43 0 14 255 186 119
43 0 15 255 186 119
43 0 16 255 186 119
43 0 17 255 186 119
43 0 18 255 186 119
43 0 19 255 186 119
43 0 20 255 186 119
43 0 21 255 186 119
43 0 22 255 186 119
43 0 23 255 186 119
43 0 24 255 186 119
43 0 25 255 186 119
43 0 26 255 186 119
43 0 27 255 186 119
43 0 28 255 186 119
43 0 29 255 186 119
43 0 30 255 186 119
43 0 31 255 186 119
43 0 32 255 186 119
43 0 33 255 186 119
43 1 6 255 186 119
43 1 7 255 186 119
43 1 8 255 186 119
43 1 9 255 186 119
43 1 10 255 186 119
43 1 11 255 186 119
43 1 12 255 186 119
43 1 13 255 186 119
43 1 14 255 186 119
43 1 15 255 186 119
43 1 16 255 186 119
43 1 17 255 186 119
43 1 18 255 186 119
43 1 19 255 186 119
43 1 20 255 186 119
43 1 21 255 186 119
43 1 22 255 186 119
43 1 23 255 186 119
43 1 24 255 186 119
43 1 25 255 186 119
43 1 26 255 186 119
43 1 27 255 186 119
43 1 28 255 186 119
43 1 29 255 186 119
43 1 30 255 186 119
43 1 31 255 186 119
43 1 32 255 186 119
43 1 33 255 186 119
43 2 6 255 186 119
43 2 7 255 186 119
43 2 8 255 186 119
43 2 9 255 186 119
43 2 10 255 186 119
43 2 11 255 186 119
43 2 12 255 186 119
43 2 13 255 186 119
43 2 14 255 186 119
43 2 15 255 186 119
43 2 16 255 186 119
43 2 17 255 186 119
43 2 18 255 186 119
43 2 19 255 186 119
43 2 20 255 186 119
43 2 21 255 186 119
43 2 22 255 186 119
43 2 23 255 186 119
43 2 24 255 186 119
43 2 25 255 186 119
43 2 26 255 186 119
43 2 27 255 186 119
43 2 28 255 186 119
43 2 29 255 186 119
43 2 30 255 186 119
43 2 31 255 186 119
43 2 32 255 186 119
43 2 33 255 186 119
43 3 6 255 186 119
43 3 7 255 186 119
43 3 8 255 186 119
43 3 9 255 186 119
43 3 10 255 186 119
43 3 11 255 186 119
43 3 12 255 186 119
43 3 13 255 186 119
43 3 14 255 186 119
43 3 15 255 186 119
43 3 16 255 186 119
43 3 17 255 186 119
43 3 18 255 186 119
43 3 19 255 186 119
43 3 20 255 186 119
43 3 21 255 186 119
43 3 22 255 186 119
43 3 23 255 186 119
43 3 24 255 186 119
43 3 25 255 186 119
43 3 26 255 186 119
43 3 27 255 186 119
43 3 28 255 186 119
43 3 29 255 186 119
43 3 30 255 186 119
43 3 31 255 186 119
43 3 32 255 186 119
43 3 33 255 186 119
43 4 6 255 186 119
43 4 7 255 186 119
43 4 8 255 186 119
43 4 9 255 186 119
43 4 10 255 186 119
43 4 11 255 186 119
43 4 12 255 186 119
43 4 13 255 186 119
43 4 14 255 186 119
43 4 15 255 186 119
43 4 16 255 186 119
43 4 17 255 186 119
43 4 18 255 186 119
43 4 19 255 186 119
43 4 20 255 186 119
43 4 21 255 186 119
43 4 22 255 186 119
43 4 23 255 186 119
43 4 24 255 186 119
43 4 25 255 186 119
43 4 26 255 186 119
43 4 27 255 186 119
43 4 28 255 186 119
43 4 29 255 186 119
43 4 30 255 186 119
43 4 31 255 186 119
43 4 32 255 186 119
43 4 33 255 186 119
43 5 6 255 186 119
43 5 7 255 186 119
43 5 8 255 186 119
43 5 9 255 186 119
43 5 10 255 186 119
43 5 11 255 186 119
43 5 12 255 186 119
43 5 13 255 186 119
43 5 14 255 186 119
43 5 15 255 186 119
43 5 16 255 186 119
43 5 17 255 186 119
43 5 18 255 186 119
43 5 19 255 186 119
43 5 20 255 186 119
43 5 21 255 186 119
43 5 22 255 186 119
43 5 23 255 186 119
43 5 24 255 186 119
43 5 25 255 186 119
43 5 26 255 186 119
43 5 27 255 186 119
43 5 28 255 186 119
43 5 29 255 186 119
43 5 30 255 186 119
43 5 31 255 186 119
43 5 32 255 186 119
43 5 33 255 186 119
43 6 6 255 186 119
43 6 7 255 186 119
43 6 8 255 186 119
43 6 9 255 186 119
43 6 10 255 186 119
43 6 11 255 186 119
43 6 12 255 186 119
43 6 13 255 186 119
43 6 14 255 186 119
43 6 15 255 186 119
43 6 16 255 186 119
43 6 17 255 186 119
43 6 18 255 186 119
43 6 19 255 186 119
43 6 20 255 186 119
43 6 21 255 186 119
43 6 22 255 186 119
43 6 23 255 186 119
43 6 24 255 186 119
43 6 25 255 186 119
43 6 26 255 186 119
43 6 27 255 186 119
43 6 28 255 186 119
43 6 29 255 186 119
43 6 30 255 186 119
43 6 31 255 186 119
43 6 32 255 186 119
43 6 33 255 186 119
43 7 6 255 186 119
43 7 7 255 186 119
43 7 8 255 186 119
43 7 9 255 186 119
43 7 10 255 186 119
43 7 11 255 186 119
43 7 12 255 186 119
43 7 13 255 186 119
43 7 14 255 186 119
43 7 15 255 186 119
43 7 16 255 186 119
43 7 17 255 186 119
43 7 18 255 186 119
43 7 19 255 186 119
43 7 20 255 186 119
43 7 21 255 186 119
43 7 22 255 186 119
43 7 23 255 186 119
43 7 24 255 186 119
43 7 25 255 186 119
43 7 26 255 186 119
43 7 27 255 186 119
43 7 28 255 186 119
43 7 29 255 186 119
43 7 30 255 186 119
43 7 31 255 186 119
43 7 32 255 186 119
43 7 33 255 186 119
43 8 25 196 175 214
43 8 26 196 175 214
43 8 27 196 175 214
43 8 28 196 175 214
43 8 29 196 175 214
43 8 30 196 175 214
43 8 31 255 186 119
43 8 32 255 186 119
43 8 33 255 186 119
43 9 25 196 175 214
43 9 26 196 175 214
43 9 27 196 175 214
43 9 28 196 175 214
43 9 29 196 175 214
43 9 30 196 175 214
43 9 31 255 186 119
43 9 32 255 186 119
43 9 33 255 186 119
43 10 31 255 186 119
43 10 32 255 186 119
43 10 33 255 186 119
43 11 31 255 186 119
43 11 32 255 186 119
43 11 33 255 186 119
43 12 31 255 186 119
43 12 32 255 186 119
43 12 33 255 186 119
43 13 31 255 186 119
43 13 32 255 186 119
43 13 33 158 216 229
43 14 32 158 216 229
43 14 33 158 216 229
43 15 32 158 216 229
43 15 33 158 216 229
43 16 32 158 216 229
43 16 33 158 216 229
43 17 11 188 188 33
43 17 12 188 188 33
43 17 13 188 188 33
43 17 32 158 216 229
43 17 33 158 216 229
43 18 11 188 188 33
43 18 12 188 188 33
43 18 13 188 188 33
43 18 32 158 216 229
43 18 33 158 216 229
43 19 11 188 188 33
43 19 12 188 188 33
43 19 13 188 188 33
43 19 32 158 216 229
43 19 33 158 216 229
43 20 11 188 188 33
43 20 12 188 188 33
43 20 13 188 188 33
43 20 32 158 216 229
43 20 33 158 216 229
43 21 11 188 188 33
43 21 12 188 188 33
43 21 13 188 188 33
43 21 32 158 216 229
43 21 33 158 216 229
43 22 11 188 188 33
43 22 12 188 188 33
43 22 13 188 188 33
43 22 32 158 216 229
43 22 33 158 216 229
43 23 11 188 188 33
43 23 12 188 188 33
43 23 13 188 188 33
43 23 32 158 216 229
43 23 33 158 216 229
43 24 11 188 188 33
43 24 12 188 188 33
43 24 13 188 188 33
43 24 32 158 216 229
43 24 33 158 216 229
43 25 32 158 216 229
43 25 33 158 216 229
43 26 32 158 216 229
43 26 33 158 216 229
43 27 32 158 216 229
43 27 33 158 216 229
43 28 32 158 216 229
43 28 33 158 216 229
43 29 32 158 216 229
43 29 33 158 216 229
43 30 32 158 216 229
43 30 33 158 216 229
43 31 32 158 216 229
43 31 33 158 216 229
43 32 0 214 38 40
43 32 1 214 38 40
43 32 2 214 38 40
43 32 3 214 38 40
43 32 4 214 38 40
43 32 5 214 38 40
43 32 6 214 38 40
43 32 7 214 38 40
43 32 8 214 38 40
43 32 9 214 38 40
43 32 10 214 38 40
43 32 11 214 38 40
43 32 12 214 38 40
43 32 13 214 38 40
43 32 14 214 38 40
43 32 15 214 38 40
43 32 16 214 38 40
43 32 17 214 38 40
43 32 18 214 38 40
43 32 19 214 38 40
43 32 20 214 38 40
43 32 21 214 38 40
43 32 22 214 38 40
43 32 23 214 38 40
43 32 24 214 38 40
43 32 25 214 38 40
43 32 26 214 38 40
43 32 27 214 38 40
43 32 28 214 38 40
43 32 29 214 38 40
43 32 30 214 38 40
43 32 31 214 38 40
43 32 32 214 38 40
43 32 33 158 216 229
44 0 0 43 160 4
44 0 1 43 160 4
44 0 2 43 160 4
44 0 3 43 160 4
44 0 4 43 160 4
44 0 5 43 160 4
44 0 6 43 160 4
44 0 7 43 160 4
44 0 8 43 160 4
44 0 9 43 160 4
44 0 10 43 160 4
44 0 11 43 160 4
44 0 12 255 186 119
44 0 13 255 186 119
44 0 14 255 186 119
44 0 15 255 186 119
44 0 16 255 186 119
44 0 17 255 186 119
44 0 18 255 186 119
44 0 19 255 186 119
44 0 20 255 186 119
44 0 21 255 186 119
44 0 22 255 186 119
44 0 23 255 186 119
44 0 24 255 186 119
44 0 25 255 186 119
44 0 26 255 186 119
44 0 27 255 186 119
44 0 28 255 186 119
44 0 29 255 186 119
44 0 30 255 186 119
44 0 31 255 186 119
44 0 32 255 186 119
44 1 10 255 186 119
44 1 11 255 186 119
44 1 12 255 186 119
44 1 13 255 186 119
44 1 14 255 186 119
44 1 15 255 186 119
44 1 16 255 186 119
44 1 17 255 186 119
44 1 18 255 186 119
44 1 19 255 186 119
44 1 20 255 186 119
44 1 21 255 186 119
44 1 22 255 186 119
44 1 23 255 186 119
44 1 24 255 186 119
44 1 25 255 186 119
44 1 26 255 186 119
44 1 27 255 186 119
44 1 28 255 186 119
44 1 29 255 186 119
44 1 30 255 186 119
44 1 31 255 186 119
44 1 32 255 186 119
44 1 33 158 216 229
44 2 10 255 186 119
44 2 11 255 186 119
44 2 12 255 186 119
44 2 13 255 186 119
44 2 14 255 186 119
44 2 15 255 186 119
44 2 16 255 186 119
44 2 17 255 186 119
44 2 18 255 186 119
44 2 19 255 186 119
44 2 20 255 186 119
44 2 21 255 186 119
44 2 22 255 186 119
44 2 23 255 186 119
44 2 24 255 186 119
44 2 25 255 186 119
44 2 26 255 186 119
44 2 27 255 186 119
44 2 28 255 186 119
44 2 29 255 186 119
44 2 30 255 186 119
44 2 31 255 186 119
44 2 32 255 186 119
44 2 33 158 216 229
44 3 10 255 186 119
44 3 11 255 186 119
44 3 12 255 186 119
44 3 13 255 186 119
44 3 14 255 186 119
44 3 15 255 186 119
44 3 16 255 186 119
44 3 17 255 186 119
44 3 18 255 186 119
44 3 19 255 186 119
44 3 20 255 186 119
44 3 21 255 186 119
44 3 22 255 186 119
44 3 23 255 186 119
44 3 24 255 186 119
44 3 25 255 186 119
44 3 26 255 186 119
44 3 27 255 186 119
44 3 28 255 186 119
44 3 29 255 186 119
44 3 30 255 186 119
44 3 31 255 186 119
44 3 32 255 186 119
44 3 33 158 216 229
44 4 10 255 186 119
44 4 11 255 186 119
44 4 12 255 186 119
44 4 13 255 186 119
44 4 14 255 186 119
44 4 15 255 186 119
44 4 16 255 186 119
44 4 17 255 186 119
44 4 18 255 186 119
44 4 19 255 186 119
44 4 20 255 186 119
44 4 21 255 186 119
44 4 22 255 186 119
44 4 23 255 186 119
44 4 24 255 186 119
44 4 25 255 186 119
44 4 26 255 186 119
44 4 27 255 186 119
44 4 28 255 186 119
44 4 29 255 186 119
44 4 30 255 186 119
44 4 31 255 186 119
44 4 32 255 186 119
44 4 33 158 216 229
44 5 10 255 186 119
44 5 11 255 186 119
44 5 12 255 186 119
44 5 13 255 186 119
44 5 14 255 186 119
44 5 15 255 186 119
44 5 16 255 186 119
44 5 17 255 186 119
44 5 18 255 186 119
44 5 19 255 186 119
44 5 20 255 186 119
44 5 21 255 186 119
44 5 22 255 186 119
44 5 23 255 186 119
44 5 24 255 186 119
44 5 25 255 186 119
44 5 26 255 186 119
44 5 27 255 186 119
44 5 28 255 186 119
44 5 29 255 186 119
44 5 30 255 186 119
44 5 31 255 186 119
44 5 32 255 186 119
44 5 33 158 216 229
44 6 10 255 186 119
44 6 11 255 186 119
44 6 12 255 186 119
44 6 13 255 186 119
44 6 14 255 186 119
44 6 15 255 186 119
44 6 16 255 186 119
44 6 17 255 186 119
44 6 18 255 186 119
44 6 19 255 186 119
44 6 20 255 186 119
44 6 21 255 186 119
44 6 22 255 186 119
44 6 23 255 186 119
44 6 24 255 186 119
44 6 25 255 186 119
44 6 26 255 186 119
44 6 27 255 186 119
44 6 28 255 186 119
44 6 29 255 186 119
44 6 30 255 186 119
44 6 31 255 186 119
44 6 32 255 186 119
44 6 33 158 216 229
44 7 10 255 186 119
44 7 11 255 186 119
44 7 12 255 186 119
44 7 13 255 186 119
44 7 14 255 186 119
44 7 15 255 186 119
44 7 16 255 186 119
44 7 17 255 186 119
44 7 18 255 186 119
44 7 19 255 186 119
44 7 20 255 186 119
44 7 21 255 186 119
44 7 22 255 186 119
44 7 23 255 186 119
44 7 24 255 186 119
44 7 25 255 186 119
44 7 26 255 186 119
44 7 27 255 186 119
44 7 28 255 186 119
44 7 29 255 186 119
44 7 30 255 186 119
44 7 31 255 186 119
44 7 32 255 186 119
44 7 33 158 216 229
44 8 25 196 175 214
44 8 26 196 175 214
44 8 27 196 175 214
44 8 28 196 175 214
44 8 29 196 175 214
44 8 30 196 175 214
44 8 31 255 186 119
44 8 32 255 186 119
44 8 33 158 216 229
44 9 25 196 175 214
44 9 26 196 175 214
44 9 27 196 175 214
44 9 28 196 175 214
44 9 29 196 175 214
44 9 30 196 175 214
44 9 31 255 186 119
44 9 32 255 186 119
44 9 33 158 216 229
44 10 31 255 186 119
44 10 32 255 186 119
44 10 33 158 216 229
44 11 31 255 186 119
44 11 32 255 186 119
44 11 33 158 216 229
44 12 31 255 186 119
44 12 32 255 186 119
44 12 33 158 216 229
44 13 31 255 186 119
44 13 32 158 216 229
44 13 33 158 216 229
44 14 32 158 216 229
44 14 33 158 216 229
44 15 32 158 216 229
44 15 33 158 216 229
44 16 32 158 216 229
44 16 33 158 216 229
44 17 11 188 188 33
44 17 12 188 188 33
44 17 13 188 188 33
44 17 32 158 216 229
44 17 33 158 216 229
44 18 11 188 188 33
44 18 12 188 188 33
44 18 13 188 188 33
44 18 32 158 216 229
44 18 33 158 216 229
44 19 11 188 188 33
44 19 12 188 188 33
44 19 13 188 188 33
44 19 32 158 216 229
44 19 33 158 216 229
44 20 11 188 188 33
44 20 12 188 188 33
44 20 13 188 188 33
44 20 32 158 216 229
44 20 33 158 216 229
44 21 11 188 188 33
44 21 12 188 188 33
44 21 13 188 188 33
44 21 32 158 216 229
44 21 33 158 216 229
44 22 11 188 188 33
44 22 12 188 188 33
44 22 13 188 188 33
44 22 32 158 216 229
44 22 33 158 216 229
44 23 11 188 188 33
44 23 12 188 188 33
44 23 13 188 188 33
44 23 32 158 216 229
44 23 33 158 216 229
44 24 11 188 188 33
44 24 12 188 188 33
44 24 13 188 188 33
44 24 32 158 216 229
44 24 33 158 216 229
44 25 32 158 216 229
44 25 33 158 216 229
44 26 32 158 216 229
44 26 33 158 216 229
44 27 32 158 216 229
44 27 33 158 216 229
44 28 32 158 216 229
44 28 33 158 216 229
44 29 32 158 216 229
44 29 33 158 216 229
44 30 32 158 216 229
44 30 33 158 216 229
44 31 32 158 216 229
44 31 33 158 216 229
44 32 0 214 38 40
44 32 1 214 38 40
44 32 2 214 38 40
44 32 3 214 38 40
44 32 4 214 38 40
44 32 5 214 38 40
44 32 6 214 38 40
44 32 7 214 38 40
44 32 8 214 38 40
44 32 9 214 38 40
44 32 10 214 38 40
44 32 11 214 38 40
44 32 12 214 38 40
44 32 13 214 38 40
44 32 14 214 38 40
44 32 15 214 38 40
44 32 16 214 38 40
44 32 17 214 38 40
44 32 18 214 38 40
44 32 19 214 38 40
44 32 20 214 38 40
44 32 21 214 38 40
44 32 22 214 38 40
44 32 23 214 38 40
44 32 24 214 38 40
44 32 25 214 38 40
44 32 26 214 38 40
44 32 27 214 38 40
44 32 28 214 38 40
44 32 29 214 38 40
44 32 30 214 38 40
44 32 31 214 38 40
44 32 32 214 38 40
45 0 0 43 160 4
45 0 1 43 160 4
45 0 2 43 160 4
45 0 3 43 160 4
45 0 4 43 160 4
45 0 5 43 160 4
45 0 6 43 160 4
45 0 7 43 160 4
45 0 8 43 160 4
45 0 9 43 160 4
45 0 10 43 160 4
45 0 11 43 160 4
45 0 12 43 160 4
45 0 13 43 160 4
45 0 14 43 160 4
45 0 15 43 160 4
45 0 16 255 186 119
45 0 17 255 186 119
45 0 18 255 186 119
45 0 19 255 186 119
45 0 20 255 186 119
45 0 21 255 186 119
45 0 22 255 186 119
45 0 23 255 186 119
45 0 24 255 186 119
45 0 25 255 186 119
45 0 26 255 186 119
45 0 27 255 186 119
45 0 28 255 186 119
45 0 29 255 186 119
45 0 30 255 186 119
45 0 31 255 186 119
45 0 32 255 186 119
45 1 14 255 186 119
45 1 15 255 186 119
45 1 16 255 186 119
45 1 17 255 186 119
45 1 18 255 186 119
45 1 19 255 186 119
45 1 20 255 186 119
45 1 21 255 186 119
45 1 22 255 186 119
45 1 23 255 186 119
45 1 24 255 186 119
45 1 25 255 186 119
45 1 26 255 186 119
45 1 27 255 186 119
45 1 28 255 186 119
45 1 29 255 186 119
45 1 30 255 186 119
45 1 31 255 186 119
45 1 32 255 186 119
45 2 14 255 186 119
45 2 15 255 186 119
45 2 16 255 186 119
45 2 17 255 186 119
45 2 18 255 186 119
45 2 19 255 186 119
45 2 20 255 186 119
45 2 21 255 186 119
45 2 22 255 186 119
45 2 23 255 186 119
45 2 24 255 186 119
45 2 25 255 186 119
45 2 26 255 186 119
45 2 27 255 186 119
45 2 28 255 186 119
45 2 29 255 186 119
45 2 30 255 186 119
45 2 31 255 186 119
45 2 32 255 186 119
45 3 14 255 186 119
45 3 15 255 186 119
45 3 16 255 186 119
45 3 17 255 186 119
45 3 18 255 186 119
45 3 19 255 186 119
45 3 20 255 186 119
45 3 21 255 186 119
45 3 22 255 186 119
45 3 23 255 186 119
45 3 24 255 186 119
45 3 25 255 186 119
45 3 26 255 186 119
45 3 27 255 186 119
45 3 28 255 186 119
45 3 29 255 186 119
45 3 30 255 186 119
45 3 31 255 186 119
45 3 32 255 186 119
45 4 14 255 186 119
45 4 15 255 186 119
45 4 16 255 186 119
45 4 17 255 186 119
45 4 18 255 186 119
45 4 19 255 186 119
45 4 20 255 186 119
45 4 21 255 186 119
45 4 22 255 186 119
45 4 23 255 186 119
45 4 24 255 186 119
45 4 25 255 186 119
45 4 26 255 186 119
45 4 27 255 186 119
45 4 28 255 186 119
45 4 29 255 186 119
45 4 30 255 186 119
45 4 31 255 186 119
45 4 32 255 186 119
45 5 14 255 186 119
45 5 15 255 186 119
45 5 16 255 186 119
45 5 17 255 186 119
45 5 18 255 186 119
45 5 19 255 186 119
45 5 20 255 186 119
45 5 21 255 186 119
45 5 22 255 186 119
45 5 23 255 186 119
45 5 24 255 186 119
45 5 25 255 186 119
45 5 26 255 186 119
45 5 27 255 186 119
45 5 28 255 186 119
45 5 29 255 186 119
45 5 30 255 186 119
45 5 31 255 186 119
45 5 32 255 186 119
45 6 14 255 186 119
45 6 15 255 186 119
45 6 16 255 186 119
45 6 17 255 186 119
45 6 18 255 186 119
45 6 19 255 186 119
45 6 20 255 186 119
45 6 21 255 186 119
45 6 22 255 186 119
45 6 23 255 186 119
45 6 24 255 186 119
45 6 25 255 186 119
45 6 26 255 186 119
45 6 27 255 186 119
45 6 28 255 186 119
45 6 29 255 186 119
45 6 30 255 186 119
45 6 31 255 186 119
45 6 32 255 186 119
45 7 14 255 186 119
45 7 15 255 186 119
45 7 16 255 186 119
45 7 17 255 186 119
45 7 18 255 186 119
45 7 19 255 186 119
45 7 20 255 186 119
45 7 21 255 186 119
45 7 22 255 186 119
45 7 23 255 186 119
45 7 24 255 186 119
45 7 25 255 186 119
45 7 26 255 186 119
45 7 27 255 186 119
45 7 28 255 186 119
45 7 29 255 186 119
45 7 30 255 186 119
45 7 31 255 186 119
45 7 32 255 186 119
45 8 25 196 175 214
45 8 26 196 175 214
45 8 27 196 175 214
45 8 28 196 175 214
45 8 29 196 175 214
45 8 30 196 175 214
45 8 31 255 186 119
45 8 32 255 186 119
45 9 25 196 175 214
45 9 26 196 175 214
45 9 27 196 175 214
45 9 28 196 175 214
45 9 29 196 175 214
45 9 30 196 175 214
45 9 31 255 186 119
45 9 32 255 186 119
45 10 31 255 186 119
45 10 32 255 186 119
45 11 31 255 186 119
45 11 32 255 186 119
45 12 31 255 186 119
45 12 32 255 186 119
45 13 31 255 186 119
45 13 32 158 216 229
45 14 32 158 216 229
45 15 32 158 216 229
45 16 32 158 216 229
45 17 11 188 188 33
45 17 12 188 188 33
45 17 13 188 188 33
45 17 32 158 216 229
45 18 11 188 188 33
45 18 12 188 188 33
45 18 13 188 188 33
45 18 32 158 216 229
45 19 11 188 188 33
45 19 12 188 188 33
45 19 13 188 188 33
45 19 32 158 216 229
45 20 11 188 188 33
45 20 12 188 188 33
45 20 13 188 188 33
45 20 32 158 216 229
45 21 11 188 188 33
45 21 12 188 188 33
45 21 13 188 188 33
45 21 32 158 216 229
45 22 11 188 188 33
45 22 12 188 188 33
45 22 13 188 188 33
45 22 32 158 216 229
45 23 11 188 188 33
45 23 12 188 188 33
45 23 13 188 188 33
45 23 32 158 216 229
45 24 11 188 188 33
45 24 12 188 188 33
45 24 13 188 188 33
45 24 32 158 216 229
45 25 32 158 216 229
45 26 32 158 216 229
45 27 32 158 216 229
45 28 32 158 216 229
45 29 32 158 216 229
45 30 32 158 216 229
45 31 32 158 216 229
45 32 0 214 38 40
45 32 1 214 38 40
45 32 2 214 38 40
45 32 3 214 38 40
45 32 4 214 38 40
45 32 5 214 38 40
45 32 6 214 38 40
45 32 7 214 38 40
45 32 8 214 38 40
45 32 9 214 38 40
45 32 10 214 38 40
45 32 11 214 38 40
45 32 12 214 38 40
45 32 13 214 38 40
45 32 14 214 38 40
45 32 15 214 38 40
45 32 16 214 38 40
45 32 17 214 38 40
45 32 18 214 38 40
45 32 19 214 38 40
45 32 20 214 38 40
45 32 21 214 38 40
45 32 22 214 38 40
45 32 23 214 38 40
45 32 24 214 38 40
45 32 25 214 38 40
45 32 26 214 38 40
45 32 27 214 38 40
45 32 28 214 38 40
45 32 29 214 38 40
45 32 30 214 38 40
45 32 31 214 38 40
45 32 32 158 216 229
46 0 0 43 160 4
46 0 1 43 160 4
46 0 2 43 160 4
46 0 3 43 160 4
46 0 4 43 160 4
46 0 5 43 160 4
46 0 6 43 160 4
46 0 7 43 160 4
46 0 8 43 160 4
46 0 9 43 160 4
46 0 10 43 160 4
46 0 11 43 160 4
46 0 12 43 160 4
46 0 13 43 160 4
46 0 14 43 160 4
46 0 15 43 160 4
46 0 16 43 160 4
46 0 17 43 160 4
46 0 18 43 160 4
46 0 19 255 186 119
46 0 20 255 186 119
46 0 21 255 186 119
46 0 22 255 186 119
46 0 23 255 186 119
46 0 24 255 186 119
46 0 25 255 186 119
46 0 26 255 186 119
46 0 27 255 186 119
46 0 28 255 186 119
46 0 29 255 186 119
46 0 30 255 186 119
46 0 31 255 186 119
46 0 32 255 186 119
46 1 17 255 186 119
46 1 18 255 186 119
46 1 19 255 186 119
46 1 20 255 186 119
46 1 21 255 186 119
46 1 22 255 186 119
46 1 23 255 186 119
46 1 24 255 186 119
46 1 25 255 186 119
46 1 26 255 186 119
46 1 27 255 186 119
46 1 28 255 186 119
46 1 29 255 186 119
46 1 30 255 186 119
46 1 31 255 186 119
46 1 32 255 186 119
46 2 17 255 186 119
46 2 18 255 186 119
46 2 19 255 186 119
46 2 20 255 186 119
46 2 21 255 186 119
46 2 22 255 186 119
46 2 23 255 186 119
46 2 24 255 186 119
46 2 25 255 186 119
46 2 26 255 186 119
46 2 27 255 186 119
46 2 28 255 186 119
46 2 29 255 186 119
46 2 30 255 186 119
46 2 31 255 186 119
46 2 32 255 186 119
46 3 17 255 186 119
46 3 18 255 186 119
46 3 19 255 186 119
46 3 20 255 186 119
46 3 21 255 186 119
46 3 22 255 186 119
46 3 23 255 186 119
46 3 24 255 186 119
46 3 25 255 186 119
46 3 26 255 186 119
46 3 27 255 186 119
46 3 28 255 186 119
46 3 29 255 186 119
46 3 30 255 186 119
46 3 31 255 186 119
46 3 32 255 186 119
46 4 17 255 186 119
46 4 18 255 186 119
46 4 19 255 186 119
46 4 20 255 186 119
46 4 21 255 186 119
46 4 22 255 186 119
46 4 23 255 186 119
46 4 24 255 186 119
46 4 25 255 186 119
46 4 26 255 186 119
46 4 27 255 186 119
46 4 28 255 186 119
46 4 29 255 186 119
46 4 30 255 186 119
46 4 31 255 186 119
46 4 32 255 186 119
46 5 17 255 186 119
46 5 18 255 186 119
46 5 19 255 186 119
46 5 20 255 186 119
46 5 21 255 186 119
46 5 22 255 186 119
46 5 23 255 186 119
46 5 24 255 186 119
46 5 25 255 186 119
46 5 26 255 186 119
46 5 27 255 186 119
46 5 28 255 186 119
46 5 29 255 186 119
46 5 30 255 186 119
46 5 31 255 186 119
46 5 32 255 186 119
46 6 17 255 186 119
46 6 18 255 186 119
46 6 19 255 186 119
46 6 20 255 186 119
46 6 21 255 186 119
46 6 22 255 186 119
46 6 23 255 186 119
46 6 24 255 186 119
46 6 25 255 186 119
46 6 26 255 186 119
46 6 27 255 186 119
46 6 28 255 186 119
46 6 29 255 186 119
46 6 30 255 186 119
46 6 31 255 186 119
46 6 32 255 186 119
46 7 18 255 186 119
46 7 19 255 186 119
46 7 20 255 186 119
46 7 21 255 186 119
46 7 22 255 186 119
46 7 23 255 186 119
46 7 24 255 186 119
46 7 25 255 186 119
46 7 26 255 186 119
46 7 27 255 186 119
46 7 28 255 186 119
46 7 29 255 186 119
46 7 30 255 186 119
46 7 31 255 186 119
46 7 32 255 186 119
46 8 25 196 175 214
46 8 26 196 175 214
46 8 27 196 175 214
46 8 28 196 175 214
46 8 29 196 175 214
46 8 30 196 175 214
46 8 31 255 186 119
46 8 32 255 186 119
46 9 25 196 175 214
46 9 26 196 175 214
46 9 27 196 175 214
46 9 28 196 175 214
46 9 29 196 175 214
46 9 30 255 186 119
46 9 31 255 186 119
46 9 32 255 186 119
46 10 30 255 186 119
46 10 31 255 186 119
46 10 32 255 186 119
46 11 30 255 186 119
46 11 31 255 186 119
46 11 32 255 186 119
46 12 30 255 186 119
46 12 31 255 186 119
46 12 32 255 186 119
46 13 31 255 186 119
46 13 32 158 216 229
46 14 32 158 216 229
46 15 32 158 216 229
46 16 32 158 216 229
46 17 11 188 188 33
46 17 12 188 188 33
46 17 13 188 188 33
46 17 32 158 216 229
46 18 11 188 188 33
46 18 12 188 188 33
46 18 13 188 188 33
46 18 32 158 216 229
46 19 11 188 188 33
46 19 12 188 188 33
46 19 13 188 188 33
46 19 32 158 216 229
46 20 11 188 188 33
46 20 12 188 188 33
46 20 13 188 188 33
46 20 32 158 216 229
46 21 11 188 188 33
46 21 12 188 188 33
46 21 13 188 188 33
46 21 32 158 216 229
46 22 11 188 188 33
46 22 12 188 188 33
46 22 13 188 188 33
46 22 32 158 216 229
46 23 11 188 188 33
46 23 12 188 188 33
46 23 13 188 188 33
46 23 32 158 216 229
46 24 11 188 188 33
46 24 12 188 188 33
46 24 13 188 188 33
46 24 32 158 216 229
46 25 4 255 127 12
46 25 5 255 127 12
46 25 6 255 127 12
46 25 7 255 127 12
46 25 32 158 216 229
46 26 4 255 127 12
46 26 5 196 175 214
46 26 6 255 127 12
46 26 32 158 216 229
46 27 4 196 175 214
46 27 5 196 175 214
46 27 32 158 216 229
46 28 4 196 175 214
46 28 5 196 175 214
46 28 32 158 216 229
46 29 32 158 216 229
46 30 32 158 216 229
46 31 32 158 216 229
46 32 0 214 38 40
46 32 1 214 38 40
46 32 2 214 38 40
46 32 3 214 38 40
46 32 4 214 38 40
46 32 5 214 38 40
46 32 6 214 38 40
46 32 7 214 38 40
46 32 8 214 38 40
46 32 9 214 38 40
46 32 10 214 38 40
46 32 11 214 38 40
46 32 12 214 38 40
46 32 13 214 38 40
46 32 14 214 38 40
46 32 15 214 38 40
46 32 16 214 38 40
46 32 17 214 38 40
46 32 18 214 38 40
46 32 19 214 38 40
46 32 20 214 38 40
46 32 21 214 38 40
46 32 22 214 38 40
46 32 23 214 38 40
46 32 24 214 38 40
46 32 25 214 38 40
46 32 26 214 38 40
46 32 27 214 38 40
46 32 28 214 38 40
46 32 29 214 38 40
46 32 30 214 38 40
46 32 31 214 38 40
46 32 32 158 216 229
47 0 0 43 160 4
47 0 1 43 160 4
47 0 2 43 160 4
47 0 3 43 160 4
47 0 4 43 160 4
47 0 5 43 160 4
47 0 6 43 160 4
47 0 7 43 160 4
47 0 8 43 160 4
47 0 9 43 160 4
47 0 10 43 160 4
47 0 11 43 160 4
47 0 12 43 160 4
47 0 13 43 160 4
47 0 14 43 160 4
47 0 15 43 160 4
47 0 16 43 160 4
47 0 17 43 160 4
47 0 18 43 160 4
47 0 19 43 160 4
47 0 20 43 160 4
47 0 21 43 160 4
47 0 22 43 160 4
47 0 23 255 186 119
47 0 24 255 186 119
47 0 25 255 186 119
47 0 26 255 186 119
47 0 27 255 186 119
47 0 28 255 186 119
47 0 29 255 186 119
47 0 30 255 186 119
47 0 31 255 186 119
47 0 32 255 186 119
47 1 0 158 216 229
47 1 21 255 186 119
47 1 22 255 186 119
47 1 23 255 186 119
47 1 24 255 186 119
47 1 25 255 186 119
47 1 26 255 186 119
47 1 27 255 186 119
47 1 28 255 186 119
47 1 29 255 186 119
47 1 30 255 186 119
47 1 31 255 186 119
47 1 32 158 216 229
47 2 0 158 216 229
47 2 21 255 186 119
47 2 22 255 186 119
47 2 23 255 186 119
47 2 24 255 186 119
47 2 25 255 186 119
47 2 26 255 186 119
47 2 27 255 186 119
47 2 28 255 186 119
47 2 29 255 186 119
47 2 30 255 186 119
47 2 31 255 186 119
47 2 32 158 216 229
47 3 0 158 216 229
47 3 21 255 186 119
47 3 22 255 186 119
47 3 23 255 186 119
47 3 24 255 186 119
47 3 25 255 186 119
47 3 26 255 186 119
47 3 27 255 186 119
47 3 28 255 186 119
47 3 29 255 186 119
47 3 30 255 186 119
47 3 31 255 186 119
47 3 32 158 216 229
47 4 0 158 216 229
47 4 21 255 186 119
47 4 22 255 186 119
47 4 23 255 186 119
47 4 24 255 186 119
47 4 25 255 186 119
47 4 26 255 186 119
47 4 27 255 186 119
47 4 28 255 186 119
47 4 29 255 186 119
47 4 30 255 186 119
47 4 31 255 186 119
47 4 32 158 216 229
47 5 0 158 216 229
47 5 21 255 186 119
47 5 22 255 186 119
47 5 23 255 186 119
47 5 24 255 186 119
47 5 25 255 186 119
47 5 26 255 186 119
47 5 27 255 186 119
47 5 28 255 186 119
47 5 29 255 186 119
47 5 30 255 186 119
47 5 31 255 186 119
47 5 32 158 216 229
47 6 0 158 216 229
47 6 21 255 186 119
47 6 22 255 186 119
47 6 23 255 186 119
47 6 24 255 186 119
47 6 25 255 186 119
47 6 26 255 186 119
47 6 27 255 186 119
47 6 28 255 186 119
47 6 29 255 186 119
47 6 30 255 186 119
47 6 31 255 186 119
47 6 32 158 216 229
47 7 0 158 216 229
47 7 21 255 186 119
47 7 22 255 186 119
47 7 23 255 186 119
47 7 24 255 186 119
47 7 25 255 186 119
47 7 26 255 186 119
47 7 27 255 186 119
47 7 28 255 186 119
47 7 29 255 186 119
47 7 30 255 186 119
47 7 31 255 186 119
47 7 32 158 216 229
47 8 0 158 216 229
47 8 26 196 175 214
47 8 27 196 175 214
47 8 28 196 175 214
47 8 29 196 175 214
47 8 30 255 186 119
47 8 31 255 186 119
47 8 32 158 216 229
47 9 0 158 216 229
47 9 26 196 175 214
47 9 27 196 175 214
47 9 28 196 175 214
47 9 29 196 175 214
47 9 30 255 186 119
47 9 31 255 186 119
47 9 32 158 216 229
47 10 0 158 216 229
47 10 30 255 186 119
47 10 31 255 186 119
47 10 32 158 216 229
47 11 0 158 216 229
47 11 30 255 186 119
47 11 31 255 186 119
47 11 32 158 216 229
47 12 0 158 216 229
47 12 30 255 186 119
47 12 31 255 186 119
47 12 32 158 216 229
47 13 0 158 216 229
47 13 30 255 186 119
47 13 31 255 186 119
47 13 32 158 216 229
47 14 0 158 216 229
47 14 31 158 216 229
47 14 32 158 216 229
47 15 0 158 216 229
47 15 31 158 216 229
47 15 32 158 216 229
47 16 0 158 216 229
47 16 31 158 216 229
47 16 32 158 216 229
47 17 0 158 216 229
47 17 11 188 188 33
47 17 12 188 188 33
47 17 13 188 188 33
47 17 31 158 216 229
47 17 32 158 216 229
47 18 0 158 216 229
47 18 11 196 175 214
47 18 12 188 188 33
47 18 13 188 188 33
47 18 31 158 216 229
47 18 32 158 216 229
47 19 0 158 216 229
47 19 11 188 188 33
47 19 12 188 188 33
47 19 13 188 188 33
47 19 31 158 216 229
47 19 32 158 216 229
47 20 0 158 216 229
47 20 11 188 188 33
47 20 12 188 188 33
47 20 13 188 188 33
47 20 31 158 216 229
47 20 32 158 216 229
47 21 0 158 216 229
47 21 11 188 188 33
47 21 12 188 188 33
47 21 13 188 188 33
47 21 31 158 216 229
47 21 32 158 216 229
47 22 0 158 216 229
47 22 11 188 188 33
47 22 12 188 188 33
47 22 13 188 188 33
47 22 31 158 216 229
47 22 32 158 216 229
47 23 0 158 216 229
47 23 11 188 188 33
47 23 12 188 188 33
47 23 13 188 188 33
47 23 31 158 216 229
47 23 32 158 216 229
47 24 0 158 216 229
47 24 11 188 188 33
47 24 12 188 188 33
47 24 13 188 188 33
47 24 31 158 216 229
47 24 32 158 216 229
47 25 0 158 216 229
47 25 3 255 127 12
47 25 4 255 127 12
47 25 5 255 127 12
47 25 6 255 127 12
47 25 7 255 127 12
47 25 8 255 127 12
47 25 9 255 127 12
47 25 10 255 127 12
47 25 11 255 127 12
47 25 31 158 216 229
47 25 32 158 216 229
47 26 0 158 216 229
47 26 4 196 175 214
47 26 5 196 175 214
47 26 6 255 127 12
47 26 7 255 127 12
47 26 8 255 127 12
47 26 9 255 127 12
47 26 10 255 127 12
47 26 31 158 216 229
47 26 32 158 216 229
47 27 0 158 216 229
47 27 4 196 175 214
47 27 5 196 175 214
47 27 6 196 175 214
47 27 31 158 216 229
47 27 32 158 216 229
47 28 0 158 216 229
47 28 4 196 175 214
47 28 5 196 175 214
47 28 6 196 175 214
47 28 31 158 216 229
47 28 32 158 216 229
47 29 0 158 216 229
47 29 31 158 216 229
47 29 32 158 216 229
47 30 0 158 216 229
47 30 31 158 216 229
47 30 32 158 216 229
47 31 0 158 216 229
47 31 31 158 216 229
47 31 32 158 216 229
47 32 0 214 38 40
47 32 1 214 38 40
47 32 2 214 38 40
47 32 3 214 38 40
47 32 4 214 38 40
47 32 5 214 38 40
47 32 6 214 38 40
47 32 7 214 38 40
47 32 8 214 38 40
47 32 9 214 38 40
47 32 10 214 38 40
47 32 11 214 38 40
47 32 12 214 38 40
47 32 13 214 38 40
47 32 14 214 38 40
47 32 15 214 38 40
47 32 16 214 38 40
47 32 17 214 38 40
47 32 18 214 38 40
47 32 19 214 38 40
47 32 20 214 38 40
47 32 21 214 38 40
47 32 22 214 38 40
47 32 23 214 38 40
47 32 24 214 38 40
47 32 25 214 38 40
47 32 26 214 38 40
47 32 27 214 38 40
47 32 28 214 38 40
47 32 29 214 38 40
47 32 30 214 38 40
47 32 31 214 38 40
47 32 32 158 216 229
48 0 0 158 216 229
48 0 1 43 160 4
48 0 2 43 160 4
48 0 3 43 160 4
48 0 4 43 160 4
48 0 5 43 160 4
48 0 6 43 160 4
48 0 7 43 160 4
48 0 8 43 160 4
48 0 9 43 160 4
48 0 10 43 160 4
48 0 11 43 160 4
48 0 12 43 160 4
48 0 13 43 160 4
48 0 14 43 160 4
48 0 15 43 160 4
48 0 16 43 160 4
48 0 17 43 160 4
48 0 18 43 160 4
48 0 19 43 160 4
48 0 20 43 160 4
48 0 21 43 160 4
48 0 22 43 160 4
48 0 23 43 160 4
48 0 24 43 160 4
48 0 25 43 160 4
48 0 26 255 186 119
48 0 27 255 186 119
48 0 28 255 186 119
48 0 29 255 186 119
48 0 30 255 186 119
48 0 31 255 186 119
48 1 0 158 216 229
48 1 1 158 216 229
48 1 2 158 216 229
48 1 3 158 216 229
48 1 4 158 216 229
48 1 25 255 127 12
48 1 26 255 186 119
48 1 27 255 186 119
48 1 28 255 186 119
48 1 29 255 186 119
48 1 30 255 186 119
48 1 31 255 186 119
48 2 0 158 216 229
48 2 1 158 216 229
48 2 2 158 216 229
48 2 3 158 216 229
48 2 4 158 216 229
48 2 25 255 127 12
48 2 26 255 186 119
48 2 27 255 186 119
48 2 28 255 186 119
48 2 29 255 186 119
48 2 30 255 186 119
48 2 31 255 186 119
48 3 0 158 216 229
48 3 1 158 216 229
48 3 2 158 216 229
48 3 3 158 216 229
48 3 4 158 216 229
48 3 25 255 127 12
48 3 26 255 186 119
48 3 27 255 186 119
48 3 28 255 186 119
48 3 29 255 186 119
48 3 30 255 186 119
48 3 31 255 186 119
48 4 0 158 216 229
48 4 1 158 216 229
48 4 2 158 216 229
48 4 3 158 216 229
48 4 4 158 216 229
48 4 25 255 127 12
48 4 26 255 186 119
48 4 27 255 186 119
48 4 28 255 186 119
48 4 29 255 186 119
48 4 30 255 186 119
48 4 31 255 186 119
48 5 0 158 216 229
48 5 1 158 216 229
48 5 2 158 216 229
48 5 3 158 216 229
48 5 4 158 216 229
48 5 25 255 127 12
48 5 26 255 186 119
48 5 27 255 186 119
48 5 28 255 186 119
48 5 29 255 186 119
48 5 30 255 186 119
48 5 31 255 186 119
48 6 0 158 216 229
48 6 1 158 216 229
48 6 2 158 216 229
48 6 3 158 216 229
48 6 4 158 216 229
48 6 25 255 127 12
48 6 26 255 186 119
48 6 27 255 186 119
48 6 28 255 186 119
48 6 29 255 186 119
48 6 30 255 186 119
48 6 31 255 186 119
48 7 0 158 216 229
48 7 1 158 216 229
48 7 2 158 216 229
48 7 3 158 216 229
48 7 4 158 216 229
48 7 25 255 186 119
48 7 26 255 186 119
48 7 27 255 186 119
48 7 28 255 186 119
48 7 29 255 186 119
48 7 30 255 186 119
48 7 31 255 186 119
48 8 0 158 216 229
48 8 1 158 216 229
48 8 2 158 216 229
48 8 3 158 216 229
48 8 4 158 216 229
48 8 30 255 186 119
48 8 31 255 186 119
48 9 0 158 216 229
48 9 1 158 216 229
48 9 2 158 216 229
48 9 3 158 216 229
48 9 4 158 216 229
48 9 30 255 186 119
48 9 31 255 186 119
48 10 0 158 216 229
48 10 1 158 216 229
48 10 2 158 216 229
48 10 3 158 216 229
48 10 4 158 216 229
48 10 30 255 186 119
48 10 31 255 186 119
48 11 0 158 216 229
48 11 1 158 216 229
48 11 2 158 216 229
48 11 3 158 216 229
48 11 4 158 216 229
48 11 30 255 186 119
48 11 31 255 186 119
48 12 0 158 216 229
48 12 1 158 216 229
48 12 2 158 216 229
48 12 3 158 216 229
48 12 4 158 216 229
48 12 30 255 186 119
48 12 31 255 186 119
48 13 0 158 216 229
48 13 1 158 216 229
48 13 2 158 216 229
48 13 3 158 216 229
48 13 4 158 216 229
48 13 30 255 186 119
48 13 31 158 216 229
48 14 0 158 216 229
48 14 1 158 216 229
48 14 2 158 216 229
48 14 3 158 216 229
48 14 4 158 216 229
48 14 31 158 216 229
48 15 0 158 216 229
48 15 1 158 216 229
48 15 2 158 216 229
48 15 3 158 216 229
48 15 4 158 216 229
48 15 31 158 216 229
48 16 0 158 216 229
48 16 1 158 216 229
48 16 2 158 216 229
48 16 3 158 216 229
48 16 4 158 216 229
48 16 31 158 216 229
48 17 0 158 216 229
48 17 1 158 216 229
48 17 2 158 216 229
48 17 3 158 216 229
48 17 4 158 216 229
48 17 31 158 216 229
48 18 0 158 216 229
48 18 1 158 216 229
48 18 2 158 216 229
48 18 3 158 216 229
48 18 4 158 216 229
48 18 11 196 175 214
48 18 12 196 175 214
48 18 31 158 216 229
48 19 0 158 216 229
48 19 1 158 216 229
48 19 2 158 216 229
48 19 3 158 216 229
48 19 4 158 216 229
48 19 11 196 175 214
48 19 12 196 175 214
48 19 31 158 216 229
48 20 0 158 216 229
48 20 1 158 216 229
48 20 2 158 216 229
48 20 3 158 216 229
48 20 4 158 216 229
48 20 11 196 175 214
48 20 12 196 175 214
48 20 31 158 216 229
48 21 0 158 216 229
48 21 1 158 216 229
48 21 2 158 216 229
48 21 3 158 216 229
48 21 4 158 216 229
48 21 11 196 175 214
48 21 12 196 175 214
48 21 31 158 216 229
48 22 0 158 216 229
48 22 1 158 216 229
48 22 2 158 216 229
48 22 3 158 216 229
48 22 4 158 216 229
48 22 31 158 216 229
48 23 0 158 216 229
48 23 1 158 216 229
48 23 2 158 216 229
48 23 3 158 216 229
48 23 4 158 216 229
48 23 31 158 216 229
48 24 0 158 216 229
48 24 1 158 216 229
48 24 2 158 216 229
48 24 3 158 216 229
48 24 4 158 216 229
48 24 31 158 216 229
48 25 0 158 216 229
48 25 1 158 216 229
48 25 2 158 216 229
48 25 3 158 216 229
48 25 4 255 127 12
48 25 5 255 127 12
48 25 6 255 127 12
48 25 7 255 127 12
48 25 8 255 127 12
48 25 9 255 127 12
48 25 10 255 127 12
48 25 11 255 127 12
48 25 12 255 127 12
48 25 13 255 127 12
48 25 14 255 127 12
48 25 31 158 216 229
48 26 0 158 216 229
48 26 1 158 216 229
48 26 2 158 216 229
48 26 3 158 216 229
48 26 4 255 127 12
48 26 5 255 127 12
48 26 6 255 127 12
48 26 7 255 127 12
48 26 8 255 127 12
48 26 9 255 127 12
48 26 10 255 127 12
48 26 11 255 127 12
48 26 12 255 127 12
48 26 13 255 127 12
48 26 14 255 127 12
48 26 31 158 216 229
48 27 0 158 216 229
48 27 1 158 216 229
48 27 2 158 216 229
48 27 3 158 216 229
48 27 4 158 216 229
48 27 5 196 175 214
48 27 6 196 175 214
48 27 31 158 216 229
48 28 0 158 216 229
48 28 1 158 216 229
48 28 2 158 216 229
48 28 3 158 216 229
48 28 4 158 216 229
48 28 31 158 216 229
48 29 0 158 216 229
48 29 1 158 216 229
48 29 2 158 216 229
48 29 3 158 216 229
48 29 4 158 216 229
48 29 31 158 216 229
48 30 0 158 216 229
48 30 1 158 216 229
48 30 2 158 216 229
48 30 3 158 216 229
48 30 4 158 216 229
48 30 31 158 216 229
48 31 0 158 216 229
48 31 1 158 216 229
48 31 2 158 216 229
48 31 3 158 216 229
48 31 4 158 216 229
48 31 31 158 216 229
48 32 0 158 216 229
48 32 1 158 216 229
48 32 2 214 38 40
48 32 3 214 38 40
48 32 4 214 38 40
48 32 5 214 38 40
48 32 6 214 38 40
48 32 7 214 38 40
48 32 8 214 38 40
48 32 9 214 38 40
48 32 10 214 38 40
48 32 11 214 38 40
48 32 12 214 38 40
48 32 13 214 38 40
48 32 14 214 38 40
48 32 15 214 38 40
48 32 16 214 38 40
48 32 17 214 38 40
48 32 18 214 38 40
48 32 19 214 38 40
48 32 20 214 38 40
48 32 21 214 38 40
48 32 22 214 38 40
48 32 23 214 38 40
48 32 24 214 38 40
48 32 25 214 38 40
48 32 26 214 38 40
48 32 27 214 38 40
48 32 28 214 38 40
48 32 29 214 38 40
48 32 30 214 38 40
48 32 31 214 38 40
49 0 4 158 216 229
49 0 5 43 160 4
49 0 6 43 160 4
49 0 7 43 160 4
49 0 8 43 160 4
49 0 9 43 160 4
49 0 10 43 160 4
49 0 11 43 160 4
49 0 12 43 160 4
49 0 13 43 160 4
49 0 14 43 160 4
49 0 15 43 160 4
49 0 16 43 160 4
49 0 17 43 160 4
49 0 18 43 160 4
49 0 19 43 160 4
49 0 20 43 160 4
49 0 21 43 160 4
49 0 22 43 160 4
49 0 23 43 160 4
49 0 24 43 160 4
49 0 25 255 127 12
49 0 26 255 127 12
49 0 27 255 127 12
49 0 28 255 127 12
49 0 29 43 160 4
49 0 30 255 186 119
49 0 31 255 186 119
49 1 3 158 216 229
49 1 4 158 216 229
49 1 5 158 216 229
49 1 6 158 216 229
49 1 7 158 216 229
49 1 8 158 216 229
49 1 25 255 127 12
49 1 26 255 127 12
49 1 27 255 127 12
49 1 28 255 127 12
49 1 29 255 127 12
49 1 30 255 186 119
49 1 31 255 186 119
49 2 3 158 216 229
49 2 4 158 216 229
49 2 5 158 216 229
49 2 6 158 216 229
49 2 7 158 216 229
49 2 8 158 216 229
49 2 25 255 127 12
49 2 26 255 127 12
49 2 27 255 127 12
49 2 28 255 127 12
49 2 29 255 127 12
49 2 30 255 186 119
49 2 31 255 186 119
49 3 3 158 216 229
49 3 4 158 216 229
49 3 5 158 216 229
49 3 6 158 216 229
49 3 7 158 216 229
49 3 8 158 216 229
49 3 25 255 127 12
49 3 26 255 127 12
49 3 27 255 127 12
49 3 28 255 127 12
49 3 29 255 127 12
49 3 30 255 186 119
49 3 31 255 186 119
49 4 3 158 216 229
49 4 4 158 216 229
49 4 5 158 216 229
49 4 6 158 216 229
49 4 7 158 216 229
49 4 8 158 216 229
49 4 25 255 127 12
49 4 26 255 127 12
49 4 27 255 127 12
49 4 28 255 127 12
49 4 29 255 127 12
49 4 30 255 186 119
49 4 31 255 186 119
49 5 3 158 216 229
49 5 4 158 216 229
49 5 5 158 216 229
49 5 6 158 216 229
49 5 7 158 216 229
49 5 8 158 216 229
49 5 25 255 127 12
49 5 26 255 127 12
49 5 27 255 127 12
49 5 28 255 127 12
49 5 29 255 127 12
49 5 30 255 186 119
49 5 31 255 186 119
49 6 3 158 216 229
49 6 4 158 216 229
49 6 5 158 216 229
49 6 6 158 216 229
49 6 7 158 216 229
49 6 8 158 216 229
49 6 25 255 127 12
49 6 26 255 127 12
49 6 27 255 127 12
49 6 28 255 127 12
49 6 29 255 127 12
49 6 30 255 186 119
49 6 31 255 186 119
49 7 3 158 216 229
49 7 4 158 216 229
49 7 5 158 216 229
49 7 6 158 216 229
49 7 7 158 216 229
49 7 8 158 216 229
49 7 28 196 175 214
49 7 29 196 175 214
49 7 30 255 186 119
49 7 31 255 186 119
49 8 3 158 216 229
49 8 4 158 216 229
49 8 5 158 216 229
49 8 6 158 216 229
49 8 7 158 216 229
49 8 8 158 216 229
49 8 28 196 175 214
49 8 29 196 175 214
49 8 30 255 186 119
49 8 31 255 186 119
49 9 3 158 216 229
49 9 4 158 216 229
49 9 5 158 216 229
49 9 6 158 216 229
49 9 7 158 216 229
49 9 8 158 216 229
49 9 30 255 186 119
49 9 31 255 186 119
49 10 3 158 216 229
49 10 4 158 216 229
49 10 5 158 216 229
49 10 6 158 216 229
49 10 7 158 216 229
49 10 8 158 216 229
49 10 30 255 186 119
49 10 31 255 186 119
49 11 3 158 216 229
49 11 4 158 216 229
49 11 5 158 216 229
49 11 6 158 216 229
49 11 7 158 216 229
49 11 8 158 216 229
49 11 30 255 186 119
49 11 31 255 186 119
49 12 3 158 216 229
49 12 4 158 216 229
49 12 5 158 216 229
49 12 6 158 216 229
49 12 7 158 216 229
49 12 8 158 216 229
49 12 30 255 186 119
49 12 31 255 186 119
49 13 3 158 216 229
49 13 4 158 216 229
49 13 5 158 216 229
49 13 6 158 216 229
49 13 7 158 216 229
49 13 8 158 216 229
49 13 30 255 186 119
49 13 31 158 216 229
49 14 3 158 216 229
49 14 4 158 216 229
49 14 5 158 216 229
49 14 6 158 216 229
49 14 7 158 216 229
49 14 8 158 216 229
49 14 31 158 216 229
49 15 3 158 216 229
49 15 4 158 216 229
49 15 5 158 216 229
49 15 6 158 216 229
49 15 7 158 216 229
49 15 8 158 216 229
49 15 31 158 216 229
49 16 3 158 216 229
49 16 4 158 216 229
49 16 5 158 216 229
49 16 6 158 216 229
49 16 7 158 216 229
49 16 8 158 216 229
49 16 31 158 216 229
49 17 3 158 216 229
49 17 4 158 216 229
49 17 5 158 216 229
49 17 6 158 216 229
49 17 7 158 216 229
49 17 8 158 216 229
49 17 31 158 216 229
49 18 3 158 216 229
49 18 4 158 216 229
49 18 5 158 216 229
49 18 6 158 216 229
49 18 7 158 216 229
49 18 8 158 216 229
49 18 10 196 175 214
49 18 11 196 175 214
49 18 12 196 175 214
49 18 31 158 216 229
49 19 3 158 216 229
49 19 4 158 216 229
49 19 5 158 216 229
49 19 6 158 216 229
49 19 7 158 216 229
49 19 8 158 216 229
49 19 10 196 175 214
49 19 11 196 175 214
49 19 31 158 216 229
49 20 3 158 216 229
49 20 4 158 216 229
49 20 5 158 216 229
49 20 6 158 216 229
49 20 7 158 216 229
49 20 8 158 216 229
49 20 10 196 175 214
49 20 11 196 175 214
49 20 12 196 175 214
49 20 31 158 216 229
49 21 3 158 216 229
49 21 4 158 216 229
49 21 5 158 216 229
49 21 6 158 216 229
49 21 7 158 216 229
49 21 8 158 216 229
49 21 10 196 175 214
49 21 11 196 175 214
49 21 12 196 175 214
49 21 31 158 216 229
49 22 3 158 216 229
49 22 4 158 216 229
49 22 5 158 216 229
49 22 6 158 216 229
49 22 7 158 216 229
49 22 8 158 216 229
49 22 31 158 216 229
49 23 3 158 216 229
49 23 4 158 216 229
49 23 5 158 216 229
49 23 6 158 216 229
49 23 7 158 216 229
49 23 8 158 216 229
49 23 31 158 216 229
49 24 3 158 216 229
49 24 4 158 216 229
49 24 5 158 216 229
49 24 6 158 216 229
49 24 7 158 216 229
49 24 8 158 216 229
49 24 31 158 216 229
49 25 3 158 216 229
49 25 4 158 216 229
49 25 5 158 216 229
49 25 6 158 216 229
49 25 7 255 127 12
49 25 8 255 127 12
49 25 9 255 127 12
49 25 10 255 127 12
49 25 11 255 127 12
49 25 12 255 127 12
49 25 13 255 127 12
49 25 14 255 127 12
49 25 15 255 127 12
49 25 16 255 127 12
49 25 31 158 216 229
49 26 3 158 216 229
49 26 4 158 216 229
49 26 5 158 216 229
49 26 6 158 216 229
49 26 7 158 216 229
49 26 8 255 127 12
49 26 9 255 127 12
49 26 10 255 127 12
49 26 11 255 127 12
49 26 12 255 127 12
49 26 13 255 127 12
49 26 14 196 175 214
49 26 15 196 175 214
49 26 16 196 175 214
49 26 31 158 216 229
49 27 3 158 216 229
49 27 4 158 216 229
49 27 5 158 216 229
49 27 6 158 216 229
49 27 7 158 216 229
49 27 8 158 216 229
49 27 14 196 175 214
49 27 15 196 175 214
49 27 16 196 175 214
49 27 31 158 216 229
49 28 3 158 216 229
49 28 4 158 216 229
49 28 5 158 216 229
49 28 6 158 216 229
49 28 7 158 216 229
49 28 8 158 216 229
49 28 14 196 175 214
49 28 15 196 175 214
49 28 16 196 175 214
49 28 31 158 216 229
49 29 3 158 216 229
49 29 4 158 216 229
49 29 5 158 216 229
49 29 6 158 216 229
49 29 7 158 216 229
49 29 8 158 216 229
49 29 14 196 175 214
49 29 15 196 175 214
49 29 16 196 175 214
49 29 31 158 216 229
49 30 3 158 216 229
49 30 4 158 216 229
49 30 5 158 216 229
49 30 6 158 216 229
49 30 7 158 216 229
49 30 8 158 216 229
49 30 14 196 175 214
49 30 15 196 175 214
49 30 16 196 175 214
49 30 31 158 216 229
49 31 3 158 216 229
49 31 4 158 216 229
49 31 5 158 216 229
49 31 6 158 216 229
49 31 7 158 216 229
49 31 8 158 216 229
49 31 31 158 216 229
49 32 3 158 216 229
49 32 4 158 216 229
49 32 5 158 216 229
49 32 6 214 38 40
49 32 7 214 38 40
49 32 8 214 38 40
49 32 9 214 38 40
49 32 10 214 38 40
49 32 11 214 38 40
49 32 12 214 38 40
49 32 13 214 38 40
49 32 14 214 38 40
49 32 15 214 38 40
49 32 16 214 38 40
49 32 17 214 38 40
49 32 18 214 38 40
49 32 19 214 38 40
49 32 20 214 38 40
49 32 21 214 38 40
49 32 22 214 38 40
49 32 23 214 38 40
49 32 24 214 38 40
49 32 25 214 38 40
49 32 26 214 38 40
49 32 27 214 38 40
49 32 28 214 38 40
49 32 29 214 38 40
49 32 30 214 38 40
49 32 31 158 216 229
50 0 8 158 216 229
50 0 9 43 160 4
50 0 10 43 160 4
50 0 11 43 160 4
50 0 12 43 160 4
50 0 13 43 160 4
50 0 14 43 160 4
50 0 15 43 160 4
50 0 16 43 160 4
50 0 17 43 160 4
50 0 18 43 160 4
50 0 19 43 160 4
50 0 20 43 160 4
50 0 21 43 160 4
50 0 22 43 160 4
50 0 23 43 160 4
50 0 24 43 160 4
50 0 25 255 127 12
50 0 26 255 127 12
50 0 27 255 127 12
50 0 28 255 127 12
50 0 29 255 127 12
50 0 30 43 160 4
50 0 31 158 216 229
50 1 7 158 216 229
50 1 8 158 216 229
50 1 9 158 216 229
50 1 10 158 216 229
50 1 11 158 216 229
50 1 12 158 216 229
50 1 24 255 127 12
50 1 25 255 127 12
50 1 26 255 127 12
50 1 27 255 127 12
50 1 28 255 127 12
50 1 29 255 127 12
50 1 30 255 127 12
50 1 31 158 216 229
50 2 7 158 216 229
50 2 8 158 216 229
50 2 9 158 216 229
50 2 10 158 216 229
50 2 11 158 216 229
50 2 12 158 216 229
50 2 24 255 127 12
50 2 25 255 127 12
50 2 26 255 127 12
50 2 27 255 127 12
50 2 28 255 127 12
50 2 29 255 127 12
50 2 30 255 127 12
50 2 31 158 216 229
50 3 7 158 216 229
50 3 8 158 216 229
50 3 9 158 216 229
50 3 10 158 216 229
50 3 11 158 216 229
50 3 12 158 216 229
50 3 24 255 127 12
50 3 25 255 127 12
50 3 26 255 127 12
50 3 27 255 127 12
50 3 28 255 127 12
50 3 29 255 127 12
50 3 30 255 127 12
50 3 31 158 216 229
50 4 7 158 216 229
50 4 8 158 216 229
50 4 9 158 216 229
50 4 10 158 216 229
50 4 11 158 216 229
50 4 12 158 216 229
50 4 24 255 127 12
50 4 25 255 127 12
50 4 26 255 127 12
50 4 27 255 127 12
50 4 28 255 127 12
50 4 29 255 127 12
50 4 30 255 127 12
50 4 31 158 216 229
50 5 7 158 216 229
50 5 8 158 216 229
50 5 9 158 216 229
50 5 10 158 216 229
50 5 11 158 216 229
50 5 12 158 216 229
50 5 24 255 127 12
50 5 25 255 127 12
50 5 26 255 127 12
50 5 27 255 127 12
50 5 28 255 127 12
50 5 29 255 127 12
50 5 30 255 127 12
50 5 31 158 216 229
50 6 7 158 216 229
50 6 8 158 216 229
50 6 9 158 216 229
50 6 10 158 216 229
50 6 11 158 216 229
50 6 12 158 216 229
50 6 24 255 127 12
50 6 25 255 127 12
50 6 26 255 127 12
50 6 27 255 127 12
50 6 28 255 127 12
50 6 29 255 127 12
50 6 30 255 127 12
50 6 31 158 216 229
50 7 7 158 216 229
50 7 8 158 216 229
50 7 9 158 216 229
50 7 10 158 216 229
50 7 11 158 216 229
50 7 12 158 216 229
50 7 28 196 175 214
50 7 29 196 175 214
50 7 31 158 216 229
50 8 7 158 216 229
50 8 8 158 216 229
50 8 9 158 216 229
50 8 10 158 216 229
50 8 11 158 216 229
50 8 12 158 216 229
50 8 28 196 175 214
50 8 29 196 175 214
50 8 31 158 216 229
50 9 7 158 216 229
50 9 8 158 216 229
50 9 9 158 216 229
50 9 10 158 216 229
50 9 11 158 216 229
50 9 12 158 216 229
50 9 28 196 175 214
50 9 31 158 216 229
50 10 7 158 216 229
50 10 8 158 216 229
50 10 9 158 216 229
50 10 10 158 216 229
50 10 11 158 216 229
50 10 12 158 216 229
50 10 31 158 216 229
50 11 7 158 216 229
50 11 8 158 216 229
50 11 9 158 216 229
50 11 10 158 216 229
50 11 11 158 216 229
50 11 12 158 216 229
50 11 31 158 216 229
50 12 7 158 216 229
50 12 8 158 216 229
50 12 9 158 216 229
50 12 10 158 216 229
50 12 11 158 216 229
50 12 12 158 216 229
50 12 31 158 216 229
50 13 7 158 216 229
50 13 8 158 216 229
50 13 9 158 216 229
50 13 10 158 216 229
50 13 11 158 216 229
50 13 12 158 216 229
50 13 31 158 216 229
50 14 7 158 216 229
50 14 8 158 216 229
50 14 9 158 216 229
50 14 10 158 216 229
50 14 11 158 216 229
50 14 12 158 216 229
50 14 31 158 216 229
50 15 7 158 216 229
50 15 8 158 216 229
50 15 9 158 216 229
50 15 10 158 216 229
50 15 11 158 216 229
50 15 12 158 216 229
50 15 31 158 216 229
50 16 7 158 216 229
50 16 8 158 216 229
50 16 9 158 216 229
50 16 10 158 216 229
50 16 11 158 216 229
50 16 12 158 216 229
50 16 31 158 216 229
50 17 7 158 216 229
50 17 8 158 216 229
50 17 9 158 216 229
50 17 10 158 216 229
50 17 11 158 216 229
50 17 12 158 216 229
50 17 31 158 216 229
50 18 7 158 216 229
50 18 8 158 216 229
50 18 9 158 216 229
50 18 10 158 216 229
50 18 11 196 175 214
50 18 12 158 216 229
50 18 31 158 216 229
50 19 7 158 216 229
50 19 8 158 216 229
50 19 9 158 216 229
50 19 10 158 216 229
50 19 11 158 216 229
50 19 12 158 216 229
50 19 31 158 216 229
50 20 7 158 216 229
50 20 8 158 216 229
50 20 9 158 216 229
50 20 10 158 216 229
50 20 11 196 175 214
50 20 12 158 216 229
50 20 31 158 216 229
50 21 7 158 216 229
50 21 8 158 216 229
50 21 9 158 216 229
50 21 10 158 216 229
50 21 11 158 216 229
50 21 12 158 216 229
50 21 31 158 216 229
50 22 7 158 216 229
50 22 8 158 216 229
50 22 9 158 216 229
50 22 10 158 216 229
50 22 11 158 216 229
50 22 12 158 216 229
50 22 31 158 216 229
50 23 7 158 216 229
50 23 8 158 216 229
50 23 9 158 216 229
50 23 10 158 216 229
50 23 11 158 216 229
50 23 12 158 216 229
50 23 31 158 216 229
50 24 7 158 216 229
50 24 8 158 216 229
50 24 9 158 216 229
50 24 10 158 216 229
50 24 11 158 216 229
50 24 12 158 216 229
50 24 31 158 216 229
50 25 7 158 216 229
50 25 8 158 216 229
50 25 9 158 216 229
50 25 10 158 216 229
50 25 11 255 127 12
50 25 12 255 127 12
50 25 13 255 127 12
50 25 14 255 127 12
50 25 15 255 127 12
50 25 16 255 127 12
50 25 31 158 216 229
50 26 7 158 216 229
50 26 8 158 216 229
50 26 9 158 216 229
50 26 10 158 216 229
50 26 11 158 216 229
50 26 12 255 127 12
50 26 13 255 127 12
50 26 14 196 175 214
50 26 15 196 175 214
50 26 16 196 175 214
50 26 31 158 216 229
50 27 7 158 216 229
50 27 8 158 216 229
50 27 9 158 216 229
50 27 10 158 216 229
50 27 11 158 216 229
50 27 12 158 216 229
50 27 13 196 175 214
50 27 14 196 175 214
50 27 15 196 175 214
50 27 16 196 175 214
50 27 31 158 216 229
50 28 7 158 216 229
50 28 8 158 216 229
50 28 9 158 216 229
50 28 10 158 216 229
50 28 11 158 216 229
50 28 12 158 216 229
50 28 13 196 175 214
50 28 14 196 175 214
50 28 15 196 175 214
50 28 16 196 175 214
50 28 31 158 216 229
50 29 7 158 216 229
50 29 8 158 216 229
50 29 9 158 216 229
50 29 10 158 216 229
50 29 11 158 216 229
50 29 12 158 216 229
50 29 13 196 175 214
50 29 14 196 175 214
50 29 15 196 175 214
50 29 16 196 175 214
50 29 31 158 216 229
50 30 7 158 216 229
50 30 8 158 216 229
50 30 9 158 216 229
50 30 10 158 216 229
50 30 11 158 216 229
50 30 12 158 216 229
50 30 13 196 175 214
50 30 14 196 175 214
50 30 15 196 175 214
50 30 16 196 175 214
50 30 31 158 216 229
50 31 7 158 216 229
50 31 8 158 216 229
50 31 9 158 216 229
50 31 10 158 216 229
50 31 11 158 216 229
50 31 12 158 216 229
50 31 31 158 216 229
50 32 7 158 216 229
50 32 8 158 216 229
50 32 9 158 216 229
50 32 10 214 38 40
50 32 11 214 38 40
50 32 12 214 38 40
50 32 13 214 38 40
50 32 14 214 38 40
50 32 15 214 38 40
50 32 16 214 38 40
50 32 17 214 38 40
50 32 18 214 38 40
50 32 19 214 38 40
50 32 20 214 38 40
50 32 21 214 38 40
50 32 22 214 38 40
50 32 23 214 38 40
50 32 24 214 38 40
50 32 25 214 38 40
50 32 26 214 38 40
50 32 27 214 38 40
50 32 28 214 38 40
50 32 29 214 38 40
50 32 30 214 38 40
50 32 31 158 216 229
51 0 12 158 216 229
51 0 13 43 160 4
51 0 14 43 160 4
51 0 15 43 160 4
51 0 16 43 160 4
51 0 17 43 160 4
51 0 18 43 160 4
51 0 19 43 160 4
51 0 20 43 160 4
51 0 21 43 160 4
51 0 22 43 160 4
51 0 23 43 160 4
51 0 24 43 160 4
51 0 25 255 127 12
51 0 26 255 127 12
51 0 27 255 127 12
51 0 28 255 127 12
51 0 29 255 127 12
51 0 30 43 160 4
51 0 31 158 216 229
51 1 11 158 216 229
51 1 12 158 216 229
51 1 13 158 216 229
51 1 14 158 216 229
51 1 15 158 216 229
51 1 16 158 216 229
51 1 24 255 127 12
51 1 25 255 127 12
51 1 26 255 127 12
51 1 27 255 127 12
51 1 28 255 127 12
51 1 29 255 127 12
51 1 30 158 216 229
51 1 31 158 216 229
51 2 11 158 216 229
51 2 12 158 216 229
51 2 13 158 216 229
51 2 14 158 216 229
51 2 15 158 216 229
51 2 16 158 216 229
51 2 24 255 127 12
51 2 25 255 127 12
51 2 26 255 127 12
51 2 27 255 127 12
51 2 28 255 127 12
51 2 29 255 127 12
51 2 30 158 216 229
51 2 31 158 216 229
51 3 11 158 216 229
51 3 12 158 216 229
51 3 13 158 216 229
51 3 14 158 216 229
51 3 15 158 216 229
51 3 16 158 216 229
51 3 24 255 127 12
51 3 25 255 127 12
51 3 26 255 127 12
51 3 27 255 127 12
51 3 28 255 127 12
51 3 29 255 127 12
51 3 30 158 216 229
51 3 31 158 216 229
51 4 11 158 216 229
51 4 12 158 216 229
51 4 13 158 216 229
51 4 14 158 216 229
51 4 15 158 216 229
51 4 16 158 216 229
51 4 24 255 127 12
51 4 25 255 127 12
51 4 26 255 127 12
51 4 27 255 127 12
51 4 28 255 127 12
51 4 29 255 127 12
51 4 30 158 216 229
51 4 31 158 216 229
51 5 11 158 216 229
51 5 12 158 216 229
51 5 13 158 216 229
51 5 14 158 216 229
51 5 15 158 216 229
51 5 16 158 216 229
51 5 24 255 127 12
51 5 25 255 127 12
51 5 26 255 127 12
51 5 27 255 127 12
51 5 28 255 127 12
51 5 29 255 127 12
51 5 30 158 216 229
51 5 31 158 216 229
51 6 11 158 216 229
51 6 12 158 216 229
51 6 13 158 216 229
51 6 14 158 216 229
51 6 15 158 216 229
51 6 16 158 216 229
51 6 24 255 127 12
51 6 25 255 127 12
51 6 26 255 127 12
51 6 27 255 127 12
51 6 28 255 127 12
51 6 29 255 127 12
51 6 30 158 216 229
51 6 31 158 216 229
51 7 11 158 216 229
51 7 12 158 216 229
51 7 13 158 216 229
51 7 14 158 216 229
51 7 15 158 216 229
51 7 16 158 216 229
51 7 28 196 175 214
51 7 29 196 175 214
51 7 30 158 216 229
51 7 31 158 216 229
51 8 11 158 216 229
51 8 12 158 216 229
51 8 13 158 216 229
51 8 14 158 216 229
51 8 15 158 216 229
51 8 16 158 216 229
51 8 28 196 175 214
51 8 29 196 175 214
51 8 30 158 216 229
51 8 31 158 216 229
51 9 11 158 216 229
51 9 12 158 216 229
51 9 13 158 216 229
51 9 14 158 216 229
51 9 15 158 216 229
51 9 16 158 216 229
51 9 28 196 175 214
51 9 29 196 175 214
51 9 30 158 216 229
51 9 31 158 216 229
51 10 11 158 216 229
51 10 12 158 216 229
51 10 13 158 216 229
51 10 14 158 216 229
51 10 15 158 216 229
51 10 16 158 216 229
51 10 30 158 216 229
51 10 31 158 216 229
51 11 11 158 216 229
51 11 12 158 216 229
51 11 13 158 216 229
51 11 14 158 216 229
51 11 15 158 216 229
51 11 16 158 216 229
51 11 30 158 216 229
51 11 31 158 216 229
51 12 11 158 216 229
51 12 12 158 216 229
51 12 13 158 216 229
51 12 14 158 216 229
51 12 15 158 216 229
51 12 16 158 216 229
51 12 30 158 216 229
51 12 31 158 216 229
51 13 11 158 216 229
51 13 12 158 216 229
51 13 13 158 216 229
51 13 14 158 216 229
51 13 15 158 216 229
51 13 16 158 216 229
51 13 30 158 216 229
51 13 31 158 216 229
51 14 11 158 216 229
51 14 12 158 216 229
51 14 13 158 216 229
51 14 14 158 216 229
51 14 15 158 216 229
51 14 16 158 216 229
51 14 30 158 216 229
51 14 31 158 216 229
51 15 11 158 216 229
51 15 12 158 216 229
51 15 13 158 216 229
51 15 14 158 216 229
51 15 15 158 216 229
51 15 16 158 216 229
51 15 30 158 216 229
51 15 31 158 216 229
51 16 11 158 216 229
51 16 12 158 216 229
51 16 13 158 216 229
51 16 14 158 216 229
51 16 15 158 216 229
51 16 16 158 216 229
51 16 30 158 216 229
51 16 31 158 216 229
51 17 11 158 216 229
51 17 12 158 216 229
51 17 13 158 216 229
51 17 14 158 216 229
51 17 15 158 216 229
51 17 16 158 216 229
51 17 30 158 216 229
51 17 31 158 216 229
51 18 11 158 216 229
51 18 12 158 216 229
51 18 13 158 216 229
51 18 14 158 216 229
51 18 15 158 216 229
51 18 16 158 216 229
51 18 30 158 216 229
51 18 31 158 216 229
51 19 11 158 216 229
51 19 12 158 216 229
51 19 13 158 216 229
51 19 14 158 216 229
51 19 15 158 216 229
51 19 16 158 216 229
51 19 30 158 216 229
51 19 31 158 216 229
51 20 11 158 216 229
51 20 12 158 216 229
51 20 13 158 216 229
51 20 14 158 216 229
51 20 15 158 216 229
51 20 16 158 216 229
51 20 30 158 216 229
51 20 31 158 216 229
51 21 11 158 216 229
51 21 12 158 216 229
51 21 13 158 216 229
51 21 14 158 216 229
51 21 15 158 216 229
51 21 16 158 216 229
51 21 30 158 216 229
51 21 31 158 216 229
51 22 11 158 216 229
51 22 12 158 216 229
51 22 13 158 216 229
51 22 14 158 216 229
51 22 15 158 216 229
51 22 16 158 216 229
51 22 30 158 216 229
51 22 31 158 216 229
51 23 11 158 216 229
51 23 12 158 216 229
51 23 13 158 216 229
51 23 14 158 216 229
51 23 15 158 216 229
51 23 16 158 216 229
51 23 30 158 216 229
51 23 31 158 216 229
51 24 11 158 216 229
51 24 12 158 216 229
51 24 13 158 216 229
51 24 14 158 216 229
51 24 15 158 216 229
51 24 16 158 216 229
51 24 30 158 216 229
51 24 31 158 216 229
51 25 11 158 216 229
51 25 12 158 216 229
51 25 13 158 216 229
51 25 14 158 216 229
51 25 15 255 127 12
51 25 16 255 127 12
51 25 30 158 216 229
51 25 31 158 216 229
51 26 11 158 216 229
51 26 12 158 216 229
51 26 13 158 216 229
51 26 14 158 216 229
51 26 15 196 175 214
51 26 16 255 127 12
51 26 30 158 216 229
51 26 31 158 216 229
51 27 11 158 216 229
51 27 12 158 216 229
51 27 13 158 216 229
51 27 14 158 216 229
51 27 15 196 175 214
51 27 16 158 216 229
51 27 30 158 216 229
51 27 31 158 216 229
51 28 11 158 216 229
51 28 12 158 216 229
51 28 13 158 216 229
51 28 14 158 216 229
51 28 15 196 175 214
51 28 16 158 216 229
51 28 30 158 216 229
51 28 31 158 216 229
51 29 11 158 216 229
51 29 12 158 216 229
51 29 13 158 216 229
51 29 14 158 216 229
51 29 15 196 175 214
51 29 16 158 216 229
51 29 30 158 216 229
51 29 31 158 216 229
51 30 11 158 216 229
51 30 12 158 216 229
51 30 13 158 216 229
51 30 14 158 216 229
51 30 15 196 175 214
51 30 16 158 216 229
51 30 30 158 216 229
51 30 31 158 216 229
51 31 11 158 216 229
51 31 12 158 216 229
51 31 13 158 216 229
51 31 14 158 216 229
51 31 15 158 216 229
51 31 16 158 216 229
51 31 30 158 216 229
51 31 31 158 216 229
51 32 11 158 216 229
51 32 12 158 216 229
51 32 13 158 216 229
51 32 14 214 38 40
51 32 15 214 38 40
51 32 16 214 38 40
51 32 17 214 38 40
51 32 18 214 38 40
51 32 19 214 38 40
51 32 20 214 38 40
51 32 21 214 38 40
51 32 22 214 38 40
51 32 23 214 38 40
51 32 24 214 38 40
51 32 25 214 38 40
51 32 26 214 38 40
51 32 27 214 38 40
51 32 28 214 38 40
51 32 29 214 38 40
51 32 30 214 38 40
51 32 31 158 216 229
52 0 16 158 216 229
52 0 17 43 160 4
52 0 18 43 160 4
52 0 19 43 160 4
52 0 20 43 160 4
52 0 21 43 160 4
52 0 22 43 160 4
52 0 23 43 160 4
52 0 24 255 127 12
52 0 25 255 127 12
52 0 26 255 127 12
52 0 27 255 127 12
52 0 28 255 127 12
52 0 29 255 127 12
52 0 30 43 160 4
52 1 15 158 216 229
52 1 16 158 216 229
52 1 17 158 216 229
52 1 18 158 216 229
52 1 19 158 216 229
52 1 24 255 127 12
52 1 25 255 127 12
52 1 26 255 127 12
52 1 27 255 127 12
52 1 28 255 127 12
52 1 29 255 127 12
52 1 30 158 216 229
52 2 15 158 216 229
52 2 16 158 216 229
52 2 17 158 216 229
52 2 18 158 216 229
52 2 19 158 216 229
52 2 24 255 127 12
52 2 25 255 127 12
52 2 26 255 127 12
52 2 27 255 127 12
52 2 28 255 127 12
52 2 29 255 127 12
52 2 30 158 216 229
52 3 15 158 216 229
52 3 16 158 216 229
52 3 17 158 216 229
52 3 18 158 216 229
52 3 19 158 216 229
52 3 24 255 127 12
52 3 25 255 127 12
52 3 26 255 127 12
52 3 27 255 127 12
52 3 28 255 127 12
52 3 29 255 127 12
52 3 30 158 216 229
52 4 15 158 216 229
52 4 16 158 216 229
52 4 17 158 216 229
52 4 18 158 216 229
52 4 19 158 216 229
52 4 24 255 127 12
52 4 25 255 127 12
52 4 26 255 127 12
52 4 27 255 127 12
52 4 28 255 127 12
52 4 29 255 127 12
52 4 30 158 216 229
52 5 15 158 216 229
52 5 16 158 216 229
52 5 17 158 216 229
52 5 18 158 216 229
52 5 19 158 216 229
52 5 24 255 127 12
52 5 25 255 127 12
52 5 26 255 127 12
52 5 27 255 127 12
52 5 28 255 127 12
52 5 29 255 127 12
52 5 30 158 216 229
52 6 15 158 216 229
52 6 16 158 216 229
52 6 17 158 216 229
52 6 18 158 216 229
52 6 19 158 216 229
52 6 24 255 127 12
52 6 25 255 127 12
52 6 26 255 127 12
52 6 27 255 127 12
52 6 28 255 127 12
52 6 29 255 127 12
52 6 30 158 216 229
52 7 15 158 216 229
52 7 16 158 216 229
52 7 17 158 216 229
52 7 18 158 216 229
52 7 19 158 216 229
52 7 30 158 216 229
52 8 15 158 216 229
52 8 16 158 216 229
52 8 17 158 216 229
52 8 18 158 216 229
52 8 19 158 216 229
52 8 30 158 216 229
52 9 15 158 216 229
52 9 16 158 216 229
52 9 17 158 216 229
52 9 18 158 216 229
52 9 19 158 216 229
52 9 30 158 216 229
52 10 15 158 216 229
52 10 16 158 216 229
52 10 17 158 216 229
52 10 18 158 216 229
52 10 19 158 216 229
52 10 30 158 216 229
52 11 15 158 216 229
52 11 16 158 216 229
52 11 17 158 216 229
52 11 18 158 216 229
52 11 19 158 216 229
52 11 30 158 216 229
52 12 15 158 216 229
52 12 16 158 216 229
52 12 17 158 216 229
52 12 18 158 216 229
52 12 19 158 216 229
52 12 30 158 216 229
52 13 15 158 216 229
52 13 16 158 216 229
52 13 17 158 216 229
52 13 18 158 216 229
52 13 19 158 216 229
52 13 30 158 216 229
52 14 15 158 216 229
52 14 16 158 216 229
52 14 17 158 216 229
52 14 18 158 216 229
52 14 19 158 216 229
52 14 30 158 216 229
52 15 15 158 216 229
52 15 16 158 216 229
52 15 17 158 216 229
52 15 18 158 216 229
52 15 19 158 216 229
52 15 30 158 216 229
52 16 15 158 216 229
52 16 16 158 216 229
52 16 17 158 216 229
52 16 18 158 216 229
52 16 19 158 216 229
52 16 30 158 216 229
52 17 15 158 216 229
52 17 16 158 216 229
52 17 17 158 216 229
52 17 18 158 216 229
52 17 19 158 216 229
52 17 30 158 216 229
52 18 15 158 216 229
52 18 16 158 216 229
52 18 17 158 216 229
52 18 18 158 216 229
52 18 19 158 216 229
52 18 30 158 216 229
52 19 15 158 216 229
52 19 16 158 216 229
52 19 17 158 216 229
52 19 18 158 216 229
52 19 19 158 216 229
52 19 30 158 216 229
52 20 15 158 216 229
52 20 16 158 216 229
52 20 17 158 216 229
52 20 18 158 216 229
52 20 19 158 216 229
52 20 30 158 216 229
52 21 15 158 216 229
52 21 16 158 216 229
52 21 17 158 216 229
52 21 18 158 216 229
52 21 19 158 216 229
52 21 30 158 216 229
52 22 15 158 216 229
52 22 16 158 216 229
52 22 17 158 216 229
52 22 18 158 216 229
52 22 19 158 216 229
52 22 30 158 216 229
52 23 15 158 216 229
52 23 16 158 216 229
52 23 17 158 216 229
52 23 18 158 216 229
52 23 19 158 216 229
52 23 30 158 216 229
52 24 15 158 216 229
52 24 16 158 216 229
52 24 17 158 216 229
52 24 18 158 216 229
52 24 19 158 216 229
52 24 30 158 216 229
52 25 15 158 216 229
52 25 16 158 216 229
52 25 17 158 216 229
52 25 18 158 216 229
52 25 19 158 216 229
52 25 30 158 216 229
52 26 15 158 216 229
52 26 16 158 216 229
52 26 17 158 216 229
52 26 18 158 216 229
52 26 19 158 216 229
52 26 30 158 216 229
52 27 15 158 216 229
52 27 16 158 216 229
52 27 17 158 216 229
52 27 18 158 216 229
52 27 19 158 216 229
52 27 30 158 216 229
52 28 15 158 216 229
52 28 16 158 216 229
52 28 17 158 216 229
52 28 18 158 216 229
52 28 19 158 216 229
52 28 30 158 216 229
52 29 15 158 216 229
52 29 16 158 216 229
52 29 17 158 216 229
52 29 18 158 216 229
52 29 19 158 216 229
52 29 30 158 216 229
52 30 15 158 216 229
52 30 16 158 216 229
52 30 17 158 216 229
52 30 18 158 216 229
52 30 19 158 216 229
52 30 30 158 216 229
52 31 15 158 216 229
52 31 16 158 216 229
52 31 17 158 216 229
52 31 18 158 216 229
52 31 19 158 216 229
52 31 30 158 216 229
52 32 15 158 216 229
52 32 16 158 216 229
52 32 17 158 216 229
52 32 18 214 38 40
52 32 19 214 38 40
52 32 20 214 38 40
52 32 21 214 38 40
52 32 22 214 38 40
52 32 23 214 38 40
52 32 24 214 38 40
52 32 25 214 38 40
52 32 26 214 38 40
52 32 27 214 38 40
52 32 28 214 38 40
52 32 29 214 38 40
52 32 30 214 38 40
53 0 19 158 216 229
53 0 20 158 216 229
53 0 21 43 160 4
53 0 22 43 160 4
53 0 23 43 160 4
53 0 24 255 127 12
53 0 25 255 127 12
53 0 26 255 127 12
53 0 27 255 127 12
53 0 28 255 127 12
53 0 29 43 160 4
53 0 30 43 160 4
53 1 19 158 216 229
53 1 20 158 216 229
53 1 21 158 216 229
53 1 22 158 216 229
53 1 23 158 216 229
53 1 24 255 127 12
53 1 25 255 127 12
53 1 26 255 127 12
53 1 27 255 127 12
53 1 28 255 127 12
53 1 29 255 127 12
53 1 30 158 216 229
53 2 19 158 216 229
53 2 20 158 216 229
53 2 21 158 216 229
53 2 22 158 216 229
53 2 23 158 216 229
53 2 24 255 127 12
53 2 25 255 127 12
53 2 26 255 127 12
53 2 27 255 127 12
53 2 28 255 127 12
53 2 29 255 127 12
53 2 30 158 216 229
53 3 19 158 216 229
53 3 20 158 216 229
53 3 21 158 216 229
53 3 22 158 216 229
53 3 23 158 216 229
53 3 24 255 127 12
53 3 25 255 127 12
53 3 26 255 127 12
53 3 27 255 127 12
53 3 28 255 127 12
53 3 29 255 127 12
53 3 30 158 216 229
53 4 19 158 216 229
53 4 20 158 216 229
53 4 21 158 216 229
53 4 22 158 216 229
53 4 23 158 216 229
53 4 24 255 127 12
53 4 25 255 127 12
53 4 26 255 127 12
53 4 27 255 127 12
53 4 28 255 127 12
53 4 29 255 127 12
53 4 30 158 216 229
53 5 19 158 216 229
53 5 20 158 216 229
53 5 21 158 216 229
53 5 22 158 216 229
53 5 23 158 216 229
53 5 24 255 127 12
53 5 25 255 127 12
53 5 26 255 127 12
53 5 27 255 127 12
53 5 28 255 127 12
53 5 29 255 127 12
53 5 30 158 216 229
53 6 19 158 216 229
53 6 20 158 216 229
53 6 21 158 216 229
53 6 22 158 216 229
53 6 23 158 216 229
53 6 24 255 127 12
53 6 25 255 127 12
53 6 26 255 127 12
53 6 27 255 127 12
53 6 28 255 127 12
53 6 29 255 127 12
53 6 30 158 216 229
53 7 19 158 216 229
53 7 20 158 216 229
53 7 21 158 216 229
53 7 22 158 216 229
53 7 23 158 216 229
53 7 30 158 216 229
53 8 19 158 216 229
53 8 20 158 216 229
53 8 21 158 216 229
53 8 22 158 216 229
53 8 23 158 216 229
53 8 30 158 216 229
53 9 19 158 216 229
53 9 20 158 216 229
53 9 21 158 216 229
53 9 22 158 216 229
53 9 23 158 216 229
53 9 30 158 216 229
53 10 19 158 216 229
53 10 20 158 216 229
53 10 21 158 216 229
53 10 22 158 216 229
53 10 23 158 216 229
53 10 30 158 216 229
53 11 19 158 216 229
53 11 20 158 216 229
53 11 21 158 216 229
53 11 22 158 216 229
53 11 23 158 216 229
53 11 30 158 216 229
53 12 19 158 216 229
53 12 20 158 216 229
53 12 21 158 216 229
53 12 22 158 216 229
53 12 23 158 216 229
53 12 30 158 216 229
53 13 19 158 216 229
53 13 20 158 216 229
53 13 21 158 216 229
53 13 22 158 216 229
53 13 23 158 216 229
53 13 30 158 216 229
53 14 19 158 216 229
53 14 20 158 216 229
53 14 21 158 216 229
53 14 22 158 216 229
53 14 23 158 216 229
53 14 30 158 216 229
53 15 19 158 216 229
53 15 20 158 216 229
53 15 21 158 216 229
53 15 22 158 216 229
53 15 23 158 216 229
53 15 30 158 216 229
53 16 19 158 216 229
53 16 20 158 216 229
53 16 21 158 216 229
53 16 22 158 216 229
53 16 23 158 216 229
53 16 30 158 216 229
53 17 19 158 216 229
53 17 20 158 216 229
53 17 21 158 216 229
53 17 22 158 216 229
53 17 23 158 216 229
53 17 30 158 216 229
53 18 19 158 216 229
53 18 20 158 216 229
53 18 21 158 216 229
53 18 22 158 216 229
53 18 23 158 216 229
53 18 30 158 216 229
53 19 19 158 216 229
53 19 20 158 216 229
53 19 21 158 216 229
53 19 22 158 216 229
53 19 23 158 216 229
53 19 30 158 216 229
53 20 19 158 216 229
53 20 20 158 216 229
53 20 21 158 216 229
53 20 22 158 216 229
53 20 23 158 216 229
53 20 30 158 216 229
53 21 19 158 216 229
53 21 20 158 216 229
53 21 21 158 216 229
53 21 22 158 216 229
53 21 23 158 216 229
53 21 30 158 216 229
53 22 19 158 216 229
53 22 20 158 216 229
53 22 21 158 216 229
53 22 22 158 216 229
53 22 23 158 216 229
53 22 30 158 216 229
53 23 19 158 216 229
53 23 20 158 216 229
53 23 21 158 216 229
53 23 22 158 216 229
53 23 23 158 216 229
53 23 30 158 216 229
53 24 19 158 216 229
53 24 20 158 216 229
53 24 21 158 216 229
53 24 22 158 216 229
53 24 23 158 216 229
53 24 30 158 216 229
53 25 19 158 216 229
53 25 20 158 216 229
53 25 21 158 216 229
53 25 22 158 216 229
53 25 23 158 216 229
53 25 30 158 216 229
53 26 19 158 216 229
53 26 20 158 216 229
53 26 21 158 216 229
53 26 22 158 216 229
53 26 23 158 216 229
53 26 30 158 216 229
53 27 19 158 216 229
53 27 20 158 216 229
53 27 21 158 216 229
53 27 22 158 216 229
53 27 23 158 216 229
53 27 30 158 216 229
53 28 19 158 216 229
53 28 20 158 216 229
53 28 21 158 216 229
53 28 22 158 216 229
53 28 23 158 216 229
53 28 30 158 216 229
53 29 19 158 216 229
53 29 20 158 216 229
53 29 21 158 216 229
53 29 22 158 216 229
53 29 23 158 216 229
53 29 30 158 216 229
53 30 19 158 216 229
53 30 20 158 216 229
53 30 21 158 216 229
53 30 22 158 216 229
53 30 23 158 216 229
53 30 30 158 216 229
53 31 19 158 216 229
53 31 20 158 216 229
53 31 21 158 216 229
53 31 22 158 216 229
53 31 23 158 216 229
53 31 30 158 216 229
53 32 19 158 216 229
53 32 20 158 216 229
53 32 21 158 216 229
53 32 22 214 38 40
53 32 23 214 38 40
53 32 24 214 38 40
53 32 25 214 38 40
53 32 26 214 38 40
53 32 27 214 38 40
53 32 28 214 38 40
53 32 29 214 38 40
53 32 30 158 216 229
54 0 23 158 216 229
54 0 24 158 216 229
54 0 25 43 160 4
54 0 26 43 160 4
54 0 27 255 127 12
54 0 28 255 127 12
54 0 29 43 160 4
54 0 30 158 216 229
54 1 23 158 216 229
54 1 24 158 216 229
54 1 25 158 216 229
54 1 26 158 216 229
54 1 27 255 127 12
54 1 28 255 127 12
54 1 29 158 216 229
54 1 30 158 216 229
54 2 23 158 216 229
54 2 24 158 216 229
54 2 25 158 216 229
54 2 26 158 216 229
54 2 27 255 127 12
54 2 28 255 127 12
54 2 29 158 216 229
54 2 30 158 216 229
54 3 23 158 216 229
54 3 24 158 216 229
54 3 25 158 216 229
54 3 26 158 216 229
54 3 27 255 127 12
54 3 28 255 127 12
54 3 29 158 216 229
54 3 30 158 216 229
54 4 23 158 216 229
54 4 24 158 216 229
54 4 25 158 216 229
54 4 26 158 216 229
54 4 27 255 127 12
54 4 28 255 127 12
54 4 29 158 216 229
54 4 30 158 216 229
54 5 23 158 216 229
54 5 24 158 216 229
54 5 25 158 216 229
54 5 26 158 216 229
54 5 27 255 127 12
54 5 28 255 127 12
54 5 29 158 216 229
54 5 30 158 216 229
54 6 23 158 216 229
54 6 24 158 216 229
54 6 25 158 216 229
54 6 26 158 216 229
54 6 27 255 127 12
54 6 28 255 127 12
54 6 29 158 216 229
54 6 30 158 216 229
54 7 23 158 216 229
54 7 24 158 216 229
54 7 25 158 216 229
54 7 26 158 216 229
54 7 27 158 216 229
54 7 29 158 216 229
54 7 30 158 216 229
54 8 23 158 216 229
54 8 24 158 216 229
54 8 25 158 216 229
54 8 26 158 216 229
54 8 27 158 216 229
54 8 29 158 216 229
54 8 30 158 216 229
54 9 23 158 216 229
54 9 24 158 216 229
54 9 25 158 216 229
54 9 26 158 216 229
54 9 27 158 216 229
54 9 29 158 216 229
54 9 30 158 216 229
54 10 23 158 216 229
54 10 24 158 216 229
54 10 25 158 216 229
54 10 26 158 216 229
54 10 27 158 216 229
54 10 29 158 216 229
54 10 30 158 216 229
54 11 23 158 216 229
54 11 24 158 216 229
54 11 25 158 216 229
54 11 26 158 216 229
54 11 27 158 216 229
54 11 29 158 216 229
54 11 30 158 216 229
54 12 23 158 216 229
54 12 24 158 216 229
54 12 25 158 216 229
54 12 26 158 216 229
54 12 27 158 216 229
54 12 29 158 216 229
54 12 30 158 216 229
54 13 23 158 216 229
54 13 24 158 216 229
54 13 25 158 216 229
54 13 26 158 216 229
54 13 27 158 216 229
54 13 29 158 216 229
54 13 30 158 216 229
54 14 23 158 216 229
54 14 24 158 216 229
54 14 25 158 216 229
54 14 26 158 216 229
54 14 27 158 216 229
54 14 29 158 216 229
54 14 30 158 216 229
54 15 23 158 216 229
54 15 24 158 216 229
54 15 25 158 216 229
54 15 26 158 216 229
54 15 27 158 216 229
54 15 29 158 216 229
54 15 30 158 216 229
54 16 23 158 216 229
54 16 24 158 216 229
54 16 25 158 216 229
54 16 26 158 216 229
54 16 27 158 216 229
54 16 29 158 216 229
54 16 30 158 216 229
54 17 23 158 216 229
54 17 24 158 216 229
54 17 25 158 216 229
54 17 26 158 216 229
54 17 27 158 216 229
54 17 29 158 216 229
54 17 30 158 216 229
54 18 23 158 216 229
54 18 24 158 216 229
54 18 25 158 216 229
54 18 26 158 216 229
54 18 27 158 216 229
54 18 29 158 216 229
54 18 30 158 216 229
54 19 23 158 216 229
54 19 24 158 216 229
54 19 25 158 216 229
54 19 26 158 216 229
54 19 27 158 216 229
54 19 29 158 216 229
54 19 30 158 216 229
54 20 23 158 216 229
54 20 24 158 216 229
54 20 25 158 216 229
54 20 26 158 216 229
54 20 27 158 216 229
54 20 29 158 216 229
54 20 30 158 216 229
54 21 23 158 216 229
54 21 24 158 216 229
54 21 25 158 216 229
54 21 26 158 216 229
54 21 27 158 216 229
54 21 29 158 216 229
54 21 30 158 216 229
54 22 23 158 216 229
54 22 24 158 216 229
54 22 25 158 216 229
54 22 26 158 216 229
54 22 27 158 216 229
54 22 29 158 216 229
54 22 30 158 216 229
54 23 23 158 216 229
54 23 24 158 216 229
54 23 25 158 216 229
54 23 26 158 216 229
54 23 27 158 216 229
54 23 29 158 216 229
54 23 30 158 216 229
54 24 23 158 216 229
54 24 24 158 216 229
54 24 25 158 216 229
54 24 26 158 216 229
54 24 27 158 216 229
54 24 29 158 216 229
54 24 30 158 216 229
54 25 23 158 216 229
54 25 24 158 216 229
54 25 25 158 216 229
54 25 26 158 216 229
54 25 27 158 216 229
54 25 29 158 216 229
54 25 30 158 216 229
54 26 23 158 216 229
54 26 24 158 216 229
54 26 25 158 216 229
54 26 26 158 216 229
54 26 27 158 216 229
54 26 29 158 216 229
54 26 30 158 216 229
54 27 23 158 216 229
54 27 24 158 216 229
54 27 25 158 216 229
54 27 26 158 216 229
54 27 27 158 216 229
54 27 29 158 216 229
54 27 30 158 216 229
54 28 23 158 216 229
54 28 24 158 216 229
54 28 25 158 216 229
54 28 26 158 216 229
54 28 27 158 216 229
54 28 29 158 216 229
54 28 30 158 216 229
54 29 23 158 216 229
54 29 24 158 216 229
54 29 25 158 216 229
54 29 26 158 216 229
54 29 27 158 216 229
54 29 29 158 216 229
54 29 30 158 216 229
54 30 23 158 216 229
54 30 24 158 216 229
54 30 25 158 216 229
54 30 26 158 216 229
54 30 27 158 216 229
54 30 29 158 216 229
54 30 30 158 216 229
54 31 23 158 216 229
54 31 24 158 216 229
54 31 25 158 216 229
54 31 26 158 216 229
54 31 27 158 216 229
54 31 29 158 216 229
54 31 30 158 216 229
54 32 23 158 216 229
54 32 24 158 216 229
54 32 25 158 216 229
54 32 26 214 38 40
54 32 27 214 38 40
54 32 28 214 38 40
54 32 29 214 38 40
54 32 30 158 216 229
55 0 27 158 216 229
55 0 28 158 216 229
55 0 29 43 160 4
55 1 26 158 216 229
55 1 27 158 216 229
55 1 28 158 216 229
55 1 29 158 216 229
55 1 30 158 216 229
55 2 26 158 216 229
55 2 27 158 216 229
55 2 28 158 216 229
55 2 29 158 216 229
55 2 30 158 216 229
55 3 26 158 216 229
55 3 27 158 216 229
55 3 28 158 216 229
55 3 29 158 216 229
55 3 30 158 216 229
55 4 26 158 216 229
55 4 27 158 216 229
55 4 28 158 216 229
55 4 29 158 216 229
55 4 30 158 216 229
55 5 26 158 216 229
55 5 27 158 216 229
55 5 28 158 216 229
55 5 29 158 216 229
55 5 30 158 216 229
55 6 26 158 216 229
55 6 27 158 216 229
55 6 28 158 216 229
55 6 29 158 216 229
55 6 30 158 216 229
55 7 26 158 216 229
55 7 27 158 216 229
55 7 28 158 216 229
55 7 29 158 216 229
55 7 30 158 216 229
55 8 26 158 216 229
55 8 27 158 216 229
55 8 28 158 216 229
55 8 29 158 216 229
55 8 30 158 216 229
55 9 26 158 216 229
55 9 27 158 216 229
55 9 28 158 216 229
55 9 29 158 216 229
55 9 30 158 216 229
55 10 26 158 216 229
55 10 27 158 216 229
55 10 28 158 216 229
55 10 29 158 216 229
55 10 30 158 216 229
55 11 26 158 216 229
55 11 27 158 216 229
55 11 28 158 216 229
55 11 29 158 216 229
55 11 30 158 216 229
55 12 26 158 216 229
55 12 27 158 216 229
55 12 28 158 216 229
55 12 29 158 216 229
55 12 30 158 216 229
55 13 26 158 216 229
55 13 27 158 216 229
55 13 28 158 216 229
55 13 29 158 216 229
55 13 30 158 216 229
55 14 26 158 216 229
55 14 27 158 216 229
55 14 28 158 216 229
55 14 29 158 216 229
55 14 30 158 216 229
55 15 26 158 216 229
55 15 27 158 216 229
55 15 28 158 216 229
55 15 29 158 216 229
55 15 30 158 216 229
55 16 26 158 216 229
55 16 27 158 216 229
55 16 28 158 216 229
55 16 29 158 216 229
55 16 30 158 216 229
55 17 26 158 216 229
55 17 27 158 216 229
55 17 28 158 216 229
55 17 29 158 216 229
55 17 30 158 216 229
55 18 26 158 216 229
55 18 27 158 216 229
55 18 28 158 216 229
55 18 29 158 216 229
55 18 30 158 216 229
55 19 26 158 216 229
55 19 27 158 216 229
55 19 28 158 216 229
55 19 29 158 216 229
55 19 30 158 216 229
55 20 26 158 216 229
55 20 27 158 216 229
55 20 28 158 216 229
55 20 29 158 216 229
55 20 30 158 216 229
55 21 26 158 216 229
55 21 27 158 216 229
55 21 28 158 216 229
55 21 29 158 216 229
55 21 30 158 216 229
55 22 26 158 216 229
55 22 27 158 216 229
55 22 28 158 216 229
55 22 29 158 216 229
55 22 30 158 216 229
55 23 26 158 216 229
55 23 27 158 216 229
55 23 28 158 216 229
55 23 29 158 216 229
55 23 30 158 216 229
55 24 26 158 216 229
55 24 27 158 216 229
55 24 28 158 216 229
55 24 29 158 216 229
55 24 30 158 216 229
55 25 26 158 216 229
55 25 27 158 216 229
55 25 28 158 216 229
55 25 29 158 216 229
55 25 30 158 216 229
55 26 26 158 216 229
55 26 27 158 216 229
55 26 28 158 216 229
55 26 29 158 216 229
55 26 30 158 216 229
55 27 26 158 216 229
55 27 27 158 216 229
55 27 28 158 216 229
55 27 29 158 216 229
55 27 30 158 216 229
55 28 26 158 216 229
55 28 27 158 216 229
55 28 28 158 216 229
55 28 29 158 216 229
55 28 30 158 216 229
55 29 26 158 216 229
55 29 27 158 216 229
55 29 28 158 216 229
55 29 29 158 216 229
55 29 30 158 216 229
55 30 26 158 216 229
55 30 27 158 216 229
55 30 28 158 216 229
55 30 29 158 216 229
55 30 30 158 216 229
55 31 26 158 216 229
55 31 27 158 216 229
55 31 28 158 216 229
55 31 29 158 216 229
55 31 30 158 216 229
55 32 27 158 216 229
55 32 28 158 216 229
55 32 29 158 216 229
55 32 30 158 216 229
