ply
format ascii 1.0
element vertex 5886
property float x
property float y
property float z
property uchar red
property uchar green
property uchar blue
end_header
0 0 47 43 160 4
0 0 48 43 160 4
0 0 49 43 160 4
0 0 50 43 160 4
0 0 51 43 160 4
0 0 52 43 160 4
0 0 53 43 160 4
0 0 54 43 160 4
0 0 55 43 160 4
0 0 56 43 160 4
0 0 57 43 160 4
0 0 58 43 160 4
0 0 59 43 160 4
1 0 45 43 160 4
1 0 46 43 160 4
1 0 47 43 160 4
1 0 48 43 160 4
1 0 49 43 160 4
1 0 50 43 160 4
1 0 51 43 160 4
1 0 52 43 160 4
1 0 53 43 160 4
1 0 54 43 160 4
1 0 55 43 160 4
1 0 56 43 160 4
1 0 57 43 160 4
1 0 58 43 160 4
1 0 59 43 160 4
2 0 44 43 160 4
2 0 45 43 160 4
2 0 46 43 160 4
2 0 47 43 160 4
2 0 48 43 160 4
2 0 49 43 160 4
2 0 50 43 160 4
2 0 51 43 160 4
2 0 52 43 160 4
2 0 53 43 160 4
2 0 54 43 160 4
2 0 55 43 160 4
2 0 56 43 160 4
2 0 57 43 160 4
2 0 58 43 160 4
2 0 59 43 160 4
3 0 42 43 160 4
3 0 43 43 160 4
3 0 44 43 160 4
3 0 45 43 160 4
3 0 46 43 160 4
3 0 47 43 160 4
3 0 48 43 160 4
3 0 49 43 160 4
3 0 50 43 160 4
3 0 51 43 160 4
3 0 52 43 160 4
3 0 53 43 160 4
3 0 54 43 160 4
3 0 55 43 160 4
3 0 56 43 160 4
3 0 57 43 160 4
3 0 58 43 160 4
3 0 59 43 160 4
4 0 41 43 160 4
4 0 42 43 160 4
4 0 43 43 160 4
4 0 44 43 160 4
4 0 45 43 160 4
4 0 46 43 160 4
4 0 47 43 160 4
4 0 48 43 160 4
4 0 49 43 160 4
4 0 50 43 160 4
4 0 51 43 160 4
4 0 52 43 160 4
4 0 53 43 160 4
4 0 54 43 160 4
4 0 55 43 160 4
4 0 56 43 160 4
4 0 57 43 160 4
4 0 58 43 160 4
4 0 59 43 160 4
5 0 39 43 160 4
5 0 40 43 160 4
5 0 41 43 160 4
5 0 42 43 160 4
5 0 43 43 160 4
5 0 44 43 160 4
5 0 45 43 160 4
5 0 46 43 160 4
5 0 47 43 160 4
5 0 48 43 160 4
5 0 49 43 160 4
5 0 50 43 160 4
5 0 51 43 160 4
5 0 52 43 160 4
5 0 53 43 160 4
5 0 54 43 160 4
5 0 55 43 160 4
5 0 56 43 160 4
5 0 57 43 160 4
5 0 58 43 160 4
5 0 59 43 160 4
6 0 37 43 160 4
6 0 38 43 160 4
6 0 39 43 160 4
6 0 40 43 160 4
6 0 41 43 160 4
6 0 42 43 160 4
6 0 43 43 160 4
6 0 44 43 160 4
6 0 45 43 160 4
6 0 46 43 160 4
6 0 47 43 160 4
6 0 48 43 160 4
6 0 49 43 160 4
6 0 50 43 160 4
6 0 51 43 160 4
6 0 52 43 160 4
6 0 53 43 160 4
6 0 54 43 160 4
6 0 55 43 160 4
6 0 56 43 160 4
6 0 57 43 160 4
6 0 58 43 160 4
6 0 59 43 160 4
7 0 36 43 160 4
7 0 37 43 160 4
7 0 38 43 160 4
7 0 39 43 160 4
7 0 40 43 160 4
7 0 41 43 160 4
7 0 42 43 160 4
7 0 43 43 160 4
7 0 44 43 160 4
7 0 45 43 160 4
7 0 46 43 160 4
7 0 47 43 160 4
7 0 48 43 160 4
7 0 49 43 160 4
7 0 50 43 160 4
7 0 51 43 160 4
7 0 52 43 160 4
7 0 53 43 160 4
7 0 54 43 160 4
7 0 55 43 160 4
7 0 56 43 160 4
7 0 57 43 160 4
7 0 58 43 160 4
7 0 59 43 160 4
8 0 34 43 160 4
8 0 35 43 160 4
8 0 36 43 160 4
8 0 37 43 160 4
8 0 38 43 160 4
8 0 39 43 160 4
8 0 40 43 160 4
8 0 41 43 160 4
8 0 42 43 160 4
8 0 43 43 160 4
8 0 44 43 160 4
8 0 45 43 160 4
8 0 46 43 160 4
8 0 47 43 160 4
8 0 48 43 160 4
8 0 49 43 160 4
8 0 50 43 160 4
8 0 51 43 160 4
8 0 52 43 160 4
8 0 53 43 160 4
8 0 54 43 160 4
8 0 55 43 160 4
8 0 56 43 160 4
8 0 57 43 160 4
8 0 58 43 160 4
8 0 59 43 160 4
9 0 33 43 160 4
9 0 34 43 160 4
9 0 35 43 160 4
9 0 36 43 160 4
9 0 37 43 160 4
9 0 38 43 160 4
9 0 39 43 160 4
9 0 40 43 160 4
9 0 41 43 160 4
9 0 42 43 160 4
9 0 43 43 160 4
9 0 44 43 160 4
9 0 45 43 160 4
9 0 46 43 160 4
9 0 47 43 160 4
9 0 48 43 160 4
9 0 49 43 160 4
9 0 50 43 160 4
9 0 51 43 160 4
9 0 52 43 160 4
9 0 53 43 160 4
9 0 54 43 160 4
9 0 55 43 160 4
9 0 56 43 160 4
9 0 57 43 160 4
9 0 58 43 160 4
9 0 59 43 160 4
9 31 37 214 38 40
10 0 31 43 160 4
10 0 32 43 160 4
10 0 33 43 160 4
10 0 34 43 160 4
10 0 35 43 160 4
10 0 36 43 160 4
10 0 37 43 160 4
10 0 38 43 160 4
10 0 39 43 160 4
10 0 40 43 160 4
10 0 41 43 160 4
10 0 42 43 160 4
10 0 43 43 160 4
10 0 44 43 160 4
10 0 45 43 160 4
10 0 46 43 160 4
10 0 47 43 160 4
10 0 48 43 160 4
10 0 49 43 160 4
10 0 50 43 160 4
10 0 51 43 160 4
10 0 52 43 160 4
10 0 53 43 160 4
10 0 54 43 160 4
10 0 55 43 160 4
10 0 56 43 160 4
10 0 57 43 160 4
10 0 58 43 160 4
10 0 59 43 160 4
11 0 30 43 160 4
11 0 31 43 160 4
11 0 32 43 160 4
11 0 33 43 160 4
11 0 34 43 160 4
11 0 35 43 160 4
11 0 36 43 160 4
11 0 37 43 160 4
11 0 38 43 160 4
11 0 39 43 160 4
11 0 40 43 160 4
11 0 41 43 160 4
11 0 42 43 160 4
11 0 43 43 160 4
11 0 44 43 160 4
11 0 45 43 160 4
11 0 46 43 160 4
11 0 47 43 160 4
11 0 48 43 160 4
11 0 49 43 160 4
11 0 50 43 160 4
11 0 51 43 160 4
11 0 52 43 160 4
11 0 53 43 160 4
11 0 54 43 160 4
11 0 55 43 160 4
11 0 56 43 160 4
11 0 57 43 160 4
11 0 58 43 160 4
11 0 59 43 160 4
12 0 28 43 160 4
12 0 29 43 160 4
12 0 30 43 160 4
12 0 31 43 160 4
12 0 32 43 160 4
12 0 33 43 160 4
12 0 34 43 160 4
12 0 35 43 160 4
12 0 36 43 160 4
12 0 37 43 160 4
12 0 38 43 160 4
12 0 39 43 160 4
12 0 40 43 160 4
12 0 41 43 160 4
12 0 42 43 160 4
12 0 43 43 160 4
12 0 44 43 160 4
12 0 45 43 160 4
12 0 46 43 160 4
12 0 47 43 160 4
12 0 48 43 160 4
12 0 49 43 160 4
12 0 50 43 160 4
12 0 51 43 160 4
12 0 52 43 160 4
12 0 53 43 160 4
12 0 54 43 160 4
12 0 55 43 160 4
12 0 56 43 160 4
12 0 57 43 160 4
12 0 58 43 160 4
12 0 59 43 160 4
13 0 27 43 160 4
13 0 28 43 160 4
13 0 29 43 160 4
13 0 30 43 160 4
13 0 31 43 160 4
13 0 32 43 160 4
13 0 33 43 160 4
13 0 34 43 160 4
13 0 35 43 160 4
13 0 36 43 160 4
13 0 37 43 160 4
13 0 38 43 160 4
13 0 39 43 160 4
13 0 40 43 160 4
13 0 41 43 160 4
13 0 42 43 160 4
13 0 43 43 160 4
13 0 44 43 160 4
13 0 45 43 160 4
13 0 46 43 160 4
13 0 47 43 160 4
13 0 48 43 160 4
13 0 49 43 160 4
13 0 50 43 160 4
13 0 51 43 160 4
13 0 52 43 160 4
13 0 53 43 160 4
13 0 54 43 160 4
13 0 55 43 160 4
13 0 56 43 160 4
13 0 57 43 160 4
13 0 58 43 160 4
13 0 59 43 160 4
14 0 26 43 160 4
14 0 27 43 160 4
14 0 28 43 160 4
14 0 29 43 160 4
14 0 30 43 160 4
14 0 31 43 160 4
14 0 32 43 160 4
14 0 33 43 160 4
14 0 34 43 160 4
14 0 35 43 160 4
14 0 36 43 160 4
14 0 37 43 160 4
14 0 38 43 160 4
14 0 39 43 160 4
14 0 40 43 160 4
14 0 41 43 160 4
14 0 42 43 160 4
14 0 43 43 160 4
14 0 44 43 160 4
14 0 45 43 160 4
14 0 46 43 160 4
14 0 47 43 160 4
14 0 48 43 160 4
14 0 49 43 160 4
14 0 50 43 160 4
14 0 51 43 160 4
14 0 52 43 160 4
14 0 53 43 160 4
14 0 54 43 160 4
14 0 55 43 160 4
14 0 56 43 160 4
14 0 57 43 160 4
14 0 58 43 160 4
14 0 59 43 160 4
15 0 25 43 160 4
15 0 26 43 160 4
15 0 27 43 160 4
15 0 28 43 160 4
15 0 29 43 160 4
15 0 30 43 160 4
15 0 31 43 160 4
15 0 32 43 160 4
15 0 33 43 160 4
15 0 34 43 160 4
15 0 35 43 160 4
15 0 36 43 160 4
15 0 37 43 160 4
15 0 38 43 160 4
15 0 39 43 160 4
15 0 40 43 160 4
15 0 41 43 160 4
15 0 42 43 160 4
15 0 43 43 160 4
15 0 44 43 160 4
15 0 45 43 160 4
15 0 46 43 160 4
15 0 47 43 160 4
15 0 48 43 160 4
15 0 49 43 160 4
15 0 50 43 160 4
15 0 51 43 160 4
15 0 52 43 160 4
15 0 53 43 160 4
15 0 54 43 160 4
15 0 55 43 160 4
15 0 56 43 160 4
15 0 57 43 160 4
15 0 58 43 160 4
15 0 59 43 160 4
15 33 41 214 38 40
16 0 25 43 160 4
16 0 26 43 160 4
16 0 27 43 160 4
16 0 28 43 160 4
16 0 29 43 160 4
16 0 30 43 160 4
16 0 31 43 160 4
16 0 32 43 160 4
16 0 33 43 160 4
16 0 34 43 160 4
16 0 35 43 160 4
16 0 36 43 160 4
16 0 37 43 160 4
16 0 38 43 160 4
16 0 39 43 160 4
16 0 40 43 160 4
16 0 41 43 160 4
16 0 42 43 160 4
16 0 43 43 160 4
16 0 44 43 160 4
16 0 45 43 160 4
16 0 46 43 160 4
16 0 47 43 160 4
16 0 48 43 160 4
16 0 49 43 160 4
16 0 50 43 160 4
16 0 51 43 160 4
16 0 52 43 160 4
16 0 53 43 160 4
16 0 54 43 160 4
16 0 55 43 160 4
16 0 56 43 160 4
16 0 57 43 160 4
16 0 58 43 160 4
16 0 59 43 160 4
17 0 25 43 160 4
17 0 26 43 160 4
17 0 27 43 160 4
17 0 28 43 160 4
17 0 29 43 160 4
17 0 30 43 160 4
17 0 31 43 160 4
17 0 32 43 160 4
17 0 33 43 160 4
17 0 34 43 160 4
17 0 35 43 160 4
17 0 36 43 160 4
17 0 37 43 160 4
17 0 38 43 160 4
17 0 39 43 160 4
17 0 40 43 160 4
17 0 41 43 160 4
17 0 42 43 160 4
17 0 43 43 160 4
17 0 44 43 160 4
17 0 45 43 160 4
17 0 46 43 160 4
17 0 47 43 160 4
17 0 48 43 160 4
17 0 49 43 160 4
17 0 50 43 160 4
17 0 51 43 160 4
17 0 52 43 160 4
17 0 53 43 160 4
17 0 54 43 160 4
17 0 55 43 160 4
17 0 56 43 160 4
17 0 57 43 160 4
17 0 58 43 160 4
17 0 59 43 160 4
17 17 21 114 158 206
17 18 21 114 158 206
17 19 20 114 158 206
17 19 21 114 158 206
17 20 21 114 158 206
17 20 22 114 158 206
17 21 21 114 158 206
17 21 22 114 158 206
18 0 25 43 160 4
18 0 26 43 160 4
18 0 27 43 160 4
18 0 28 43 160 4
18 0 29 43 160 4
18 0 30 43 160 4
18 0 31 43 160 4
18 0 32 43 160 4
18 0 33 43 160 4
18 0 34 43 160 4
18 0 35 43 160 4
18 0 36 43 160 4
18 0 37 43 160 4
18 0 38 43 160 4
18 0 39 43 160 4
18 0 40 43 160 4
18 0 41 43 160 4
18 0 42 43 160 4
18 0 43 43 160 4
18 0 44 43 160 4
18 0 45 43 160 4
18 0 46 43 160 4
18 0 47 43 160 4
18 0 48 43 160 4
18 0 49 43 160 4
18 0 50 43 160 4
18 0 51 43 160 4
18 0 52 43 160 4
18 0 53 43 160 4
18 0 54 43 160 4
18 0 55 43 160 4
18 0 56 43 160 4
18 0 57 43 160 4
18 0 58 43 160 4
18 0 59 43 160 4
18 6 18 158 216 229
18 7 19 158 216 229
18 8 18 158 216 229
18 8 19 158 216 229
18 8 20 114 158 206
18 8 24 114 158 206
18 8 25 114 158 206
18 9 18 158 216 229
18 9 19 114 158 206
18 9 20 114 158 206
18 10 19 114 158 206
18 10 20 114 158 206
18 11 19 114 158 206
18 11 20 114 158 206
18 11 24 114 158 206
18 12 19 114 158 206
18 13 19 114 158 206
18 13 20 114 158 206
18 14 19 114 158 206
18 14 20 114 158 206
18 15 19 114 158 206
18 15 20 114 158 206
18 16 19 114 158 206
18 16 20 114 158 206
18 17 19 114 158 206
18 17 20 114 158 206
18 17 25 114 158 206
18 18 19 114 158 206
18 18 20 114 158 206
18 18 25 114 158 206
18 19 19 114 158 206
18 19 20 114 158 206
18 20 19 114 158 206
18 20 20 114 158 206
18 20 25 114 158 206
18 21 25 114 158 206
18 22 25 114 158 206
18 23 25 114 158 206
19 0 25 43 160 4
19 0 26 43 160 4
19 0 27 43 160 4
19 0 28 43 160 4
19 0 29 43 160 4
19 0 30 43 160 4
19 0 31 43 160 4
19 0 32 43 160 4
19 0 33 43 160 4
19 0 34 43 160 4
19 0 35 43 160 4
19 0 36 43 160 4
19 0 37 43 160 4
19 0 38 43 160 4
19 0 39 43 160 4
19 0 40 43 160 4
19 0 41 43 160 4
19 0 42 43 160 4
19 0 43 43 160 4
19 0 44 43 160 4
19 0 45 43 160 4
19 0 46 43 160 4
19 0 47 43 160 4
19 0 48 43 160 4
19 0 49 43 160 4
19 0 50 43 160 4
19 0 51 43 160 4
19 0 52 43 160 4
19 0 53 43 160 4
19 0 54 43 160 4
19 0 55 43 160 4
19 0 56 43 160 4
19 0 57 43 160 4
19 0 58 43 160 4
19 0 59 43 160 4
19 7 19 158 216 229
19 8 18 158 216 229
19 8 19 158 216 229
19 8 20 114 158 206
19 8 21 114 158 206
19 8 22 114 158 206
19 8 23 114 158 206
19 8 24 114 158 206
19 8 25 114 158 206
19 9 18 114 158 206
19 9 19 114 158 206
19 9 20 114 158 206
19 9 21 114 158 206
19 9 22 114 158 206
19 9 23 114 158 206
19 9 24 114 158 206
19 10 18 114 158 206
19 10 19 114 158 206
19 10 20 114 158 206
19 10 21 114 158 206
19 10 22 114 158 206
19 10 23 114 158 206
19 10 24 114 158 206
19 10 25 114 158 206
19 11 18 114 158 206
19 11 19 114 158 206
19 11 20 114 158 206
19 11 21 114 158 206
19 11 22 114 158 206
19 11 23 114 158 206
19 11 24 114 158 206
19 12 18 114 158 206
19 12 19 114 158 206
19 12 20 114 158 206
19 12 21 114 158 206
19 12 22 114 158 206
19 12 23 114 158 206
19 12 24 114 158 206
19 12 25 114 158 206
19 13 18 114 158 206
19 13 19 114 158 206
19 13 20 114 158 206
19 13 21 114 158 206
19 13 22 114 158 206
19 13 23 114 158 206
19 13 24 114 158 206
19 14 18 114 158 206
19 14 19 114 158 206
19 14 20 114 158 206
19 14 21 114 158 206
19 14 22 114 158 206
19 14 23 114 158 206
19 14 24 114 158 206
19 14 25 114 158 206
19 15 18 114 158 206
19 15 19 114 158 206
19 15 20 114 158 206
19 15 21 114 158 206
19 15 22 114 158 206
19 15 23 114 158 206
19 15 24 114 158 206
19 16 18 114 158 206
19 16 19 114 158 206
19 16 20 114 158 206
19 16 21 114 158 206
19 16 22 114 158 206
19 16 23 114 158 206
19 16 24 114 158 206
19 17 18 114 158 206
19 17 19 114 158 206
19 17 20 114 158 206
19 17 21 114 158 206
19 17 22 114 158 206
19 17 23 114 158 206
19 17 24 114 158 206
19 18 18 114 158 206
19 18 19 114 158 206
19 18 20 114 158 206
19 18 21 114 158 206
19 18 22 114 158 206
19 18 23 114 158 206
19 18 24 114 158 206
19 19 18 114 158 206
19 19 19 114 158 206
19 19 20 114 158 206
19 19 21 114 158 206
19 19 22 114 158 206
19 19 23 114 158 206
19 19 24 114 158 206
19 19 25 114 158 206
19 20 19 114 158 206
19 20 20 114 158 206
19 20 21 114 158 206
19 20 22 114 158 206
19 20 23 114 158 206
19 20 24 114 158 206
19 20 25 114 158 206
19 21 21 114 158 206
19 21 22 114 158 206
19 21 23 114 158 206
19 21 24 114 158 206
19 21 27 114 158 206
19 22 23 114 158 206
19 22 24 114 158 206
19 22 27 114 158 206
19 25 28 114 158 206
20 0 25 43 160 4
20 0 26 43 160 4
20 0 27 43 160 4
20 0 28 43 160 4
20 0 29 43 160 4
20 0 30 43 160 4
20 0 31 43 160 4
20 0 32 43 160 4
20 0 33 43 160 4
20 0 34 43 160 4
20 0 35 43 160 4
20 0 36 43 160 4
20 0 37 43 160 4
20 0 38 43 160 4
20 0 39 43 160 4
20 0 40 43 160 4
20 0 41 43 160 4
20 0 42 43 160 4
20 0 43 43 160 4
20 0 44 43 160 4
20 0 45 43 160 4
20 0 46 43 160 4
20 0 47 43 160 4
20 0 48 43 160 4
20 0 49 43 160 4
20 0 50 43 160 4
20 0 51 43 160 4
20 0 52 43 160 4
20 0 53 43 160 4
20 0 54 43 160 4
20 0 55 43 160 4
20 0 56 43 160 4
20 0 57 43 160 4
20 0 58 43 160 4
20 0 59 43 160 4
20 3 16 158 216 229
20 6 26 114 158 206
20 7 27 114 158 206
20 7 28 114 158 206
20 7 29 114 158 206
20 8 18 158 216 229
20 8 19 114 158 206
20 8 20 114 158 206
20 8 21 114 158 206
20 8 22 114 158 206
20 8 23 114 158 206
20 8 24 114 158 206
20 8 25 114 158 206
20 8 26 114 158 206
20 8 27 114 158 206
20 9 20 114 158 206
20 9 21 114 158 206
20 9 22 114 158 206
20 9 23 114 158 206
20 9 24 114 158 206
20 9 25 114 158 206
20 9 26 114 158 206
20 9 31 114 158 206
20 10 19 114 158 206
20 10 20 114 158 206
20 10 21 114 158 206
20 10 22 114 158 206
20 10 23 114 158 206
20 10 24 114 158 206
20 10 25 114 158 206
20 10 26 114 158 206
20 11 20 114 158 206
20 11 21 114 158 206
20 11 22 114 158 206
20 11 23 114 158 206
20 11 24 114 158 206
20 11 25 114 158 206
20 11 26 114 158 206
20 12 20 114 158 206
20 12 21 114 158 206
20 12 22 114 158 206
20 12 23 114 158 206
20 12 24 114 158 206
20 12 25 114 158 206
20 12 26 114 158 206
20 13 20 114 158 206
20 13 21 114 158 206
20 13 22 114 158 206
20 13 23 114 158 206
20 13 24 114 158 206
20 13 25 114 158 206
20 13 26 114 158 206
20 14 20 114 158 206
20 14 21 114 158 206
20 14 22 114 158 206
20 14 23 114 158 206
20 14 24 114 158 206
20 14 25 114 158 206
20 14 26 114 158 206
20 14 31 114 158 206
20 15 20 114 158 206
20 15 21 114 158 206
20 15 22 114 158 206
20 15 23 114 158 206
20 15 24 114 158 206
20 15 25 114 158 206
20 15 26 114 158 206
20 15 31 114 158 206
20 16 20 114 158 206
20 16 21 114 158 206
20 16 22 114 158 206
20 16 23 114 158 206
20 16 24 114 158 206
20 16 25 114 158 206
20 16 26 114 158 206
20 16 31 114 158 206
20 17 20 114 158 206
20 17 21 114 158 206
20 17 22 114 158 206
20 17 23 114 158 206
20 17 24 114 158 206
20 17 25 114 158 206
20 17 26 114 158 206
20 17 31 114 158 206
20 18 20 114 158 206
20 18 21 114 158 206
20 18 22 114 158 206
20 18 23 114 158 206
20 18 24 114 158 206
20 18 25 114 158 206
20 18 26 114 158 206
20 18 31 114 158 206
20 19 20 114 158 206
20 19 21 114 158 206
20 19 22 114 158 206
20 19 23 114 158 206
20 19 24 114 158 206
20 19 25 114 158 206
20 19 26 114 158 206
20 19 31 114 158 206
20 20 19 114 158 206
20 20 20 114 158 206
20 20 21 114 158 206
20 20 22 114 158 206
20 20 23 114 158 206
20 20 24 114 158 206
20 20 25 114 158 206
20 20 26 114 158 206
20 20 31 114 158 206
20 21 21 114 158 206
20 21 22 114 158 206
20 21 23 114 158 206
20 21 24 114 158 206
20 21 25 114 158 206
20 21 26 114 158 206
20 21 31 114 158 206
20 22 23 114 158 206
20 22 24 114 158 206
20 22 25 114 158 206
20 22 26 114 158 206
20 22 31 114 158 206
20 23 25 114 158 206
20 23 26 114 158 206
20 23 31 114 158 206
20 24 26 114 158 206
20 24 30 114 158 206
20 24 31 114 158 206
20 25 30 114 158 206
20 25 31 114 158 206
21 0 25 43 160 4
21 0 26 43 160 4
21 0 27 43 160 4
21 0 28 43 160 4
21 0 29 43 160 4
21 0 30 43 160 4
21 0 31 43 160 4
21 0 32 43 160 4
21 0 33 43 160 4
21 0 34 43 160 4
21 0 35 43 160 4
21 0 36 43 160 4
21 0 37 43 160 4
21 0 38 43 160 4
21 0 39 43 160 4
21 0 40 43 160 4
21 0 41 43 160 4
21 0 42 43 160 4
21 0 43 43 160 4
21 0 44 43 160 4
21 0 45 43 160 4
21 0 46 43 160 4
21 0 47 43 160 4
21 0 48 43 160 4
21 0 49 43 160 4
21 0 50 43 160 4
21 0 51 43 160 4
21 0 52 43 160 4
21 0 53 43 160 4
21 0 54 43 160 4
21 0 55 43 160 4
21 0 56 43 160 4
21 0 57 43 160 4
21 0 58 43 160 4
21 0 59 43 160 4
21 2 19 158 216 229
21 3 16 255 186 119
21 4 14 255 186 119
21 4 15 255 186 119
21 5 25 114 158 206
21 5 26 114 158 206
21 5 27 114 158 206
21 5 28 114 158 206
21 5 29 114 158 206
21 5 30 114 158 206
21 6 24 114 158 206
21 6 25 114 158 206
21 6 26 114 158 206
21 6 27 114 158 206
21 6 28 114 158 206
21 6 29 114 158 206
21 6 30 114 158 206
21 6 31 114 158 206
21 7 23 114 158 206
21 7 30 114 158 206
21 7 31 114 158 206
21 7 32 114 158 206
21 8 16 158 216 229
21 8 17 158 216 229
21 8 18 114 158 206
21 8 19 114 158 206
21 8 20 114 158 206
21 8 21 114 158 206
21 8 22 114 158 206
21 8 23 114 158 206
21 8 24 114 158 206
21 8 25 114 158 206
21 8 26 114 158 206
21 8 27 114 158 206
21 9 25 114 158 206
21 9 26 114 158 206
21 9 27 114 158 206
21 9 28 114 158 206
21 9 29 114 158 206
21 9 30 114 158 206
21 9 33 114 158 206
21 10 25 114 158 206
21 10 26 114 158 206
21 10 27 114 158 206
21 10 28 114 158 206
21 10 29 114 158 206
21 10 30 114 158 206
21 10 31 114 158 206
21 11 24 114 158 206
21 11 25 114 158 206
21 11 26 114 158 206
21 11 27 114 158 206
21 11 28 114 158 206
21 11 29 114 158 206
21 11 30 114 158 206
21 11 31 114 158 206
21 12 25 114 158 206
21 12 26 114 158 206
21 12 27 114 158 206
21 12 28 114 158 206
21 12 29 114 158 206
21 12 30 114 158 206
21 12 31 114 158 206
21 13 25 114 158 206
21 13 26 114 158 206
21 13 27 114 158 206
21 13 28 114 158 206
21 13 29 114 158 206
21 13 30 114 158 206
21 14 25 114 158 206
21 14 26 114 158 206
21 14 27 114 158 206
21 14 28 114 158 206
21 14 29 114 158 206
21 14 30 114 158 206
21 14 31 114 158 206
21 14 32 114 158 206
21 15 25 114 158 206
21 15 26 114 158 206
21 15 27 114 158 206
21 15 28 114 158 206
21 15 29 114 158 206
21 15 30 114 158 206
21 15 32 114 158 206
21 16 25 114 158 206
21 16 26 114 158 206
21 16 27 114 158 206
21 16 28 114 158 206
21 16 29 114 158 206
21 16 30 114 158 206
21 16 32 114 158 206
21 17 25 114 158 206
21 17 26 114 158 206
21 17 27 114 158 206
21 17 28 114 158 206
21 17 29 114 158 206
21 17 30 114 158 206
21 17 32 114 158 206
21 18 25 114 158 206
21 18 26 114 158 206
21 18 27 114 158 206
21 18 28 114 158 206
21 18 29 114 158 206
21 18 30 114 158 206
21 18 33 114 158 206
21 19 25 114 158 206
21 19 26 114 158 206
21 19 27 114 158 206
21 19 28 114 158 206
21 19 29 114 158 206
21 19 30 114 158 206
21 19 33 114 158 206
21 20 25 114 158 206
21 20 26 114 158 206
21 20 27 114 158 206
21 20 28 114 158 206
21 20 29 114 158 206
21 20 30 114 158 206
21 20 33 114 158 206
21 21 25 114 158 206
21 21 26 114 158 206
21 21 27 114 158 206
21 21 28 114 158 206
21 21 29 114 158 206
21 21 30 114 158 206
21 21 33 114 158 206
21 22 25 114 158 206
21 22 26 114 158 206
21 22 27 114 158 206
21 22 28 114 158 206
21 22 29 114 158 206
21 22 30 114 158 206
21 22 33 114 158 206
21 23 25 114 158 206
21 23 26 114 158 206
21 23 27 114 158 206
21 23 28 114 158 206
21 23 29 114 158 206
21 23 30 114 158 206
21 23 32 114 158 206
21 23 33 114 158 206
21 24 26 114 158 206
21 24 27 114 158 206
21 24 28 114 158 206
21 24 29 114 158 206
21 24 30 114 158 206
21 24 32 114 158 206
21 24 33 114 158 206
21 24 34 114 158 206
21 25 28 114 158 206
21 25 29 114 158 206
21 25 30 114 158 206
21 25 32 114 158 206
21 25 33 114 158 206
21 25 34 114 158 206
21 26 30 114 158 206
21 26 32 114 158 206
21 26 33 114 158 206
21 26 34 114 158 206
21 26 35 114 158 206
21 27 32 114 158 206
21 27 33 114 158 206
21 28 34 114 158 206
22 0 24 43 160 4
22 0 25 43 160 4
22 0 26 43 160 4
22 0 27 43 160 4
22 0 28 43 160 4
22 0 29 43 160 4
22 0 30 43 160 4
22 0 31 43 160 4
22 0 32 43 160 4
22 0 33 43 160 4
22 0 34 43 160 4
22 0 35 43 160 4
22 0 36 43 160 4
22 0 37 43 160 4
22 0 38 43 160 4
22 0 39 43 160 4
22 0 40 43 160 4
22 0 41 43 160 4
22 0 42 43 160 4
22 0 43 43 160 4
22 0 44 43 160 4
22 0 45 43 160 4
22 0 46 43 160 4
22 0 47 43 160 4
22 0 48 43 160 4
22 0 49 43 160 4
22 0 50 43 160 4
22 0 51 43 160 4
22 0 52 43 160 4
22 0 53 43 160 4
22 0 54 43 160 4
22 0 55 43 160 4
22 0 56 43 160 4
22 0 57 43 160 4
22 0 58 43 160 4
22 0 59 43 160 4
22 3 16 255 186 119
22 3 17 255 186 119
22 4 13 255 186 119
22 4 14 255 186 119
22 4 15 255 186 119
22 4 16 255 186 119
22 5 12 255 186 119
22 5 13 255 186 119
22 5 14 255 186 119
22 5 15 255 186 119
22 5 26 114 158 206
22 5 27 114 158 206
22 5 28 114 158 206
22 5 29 114 158 206
22 6 25 114 158 206
22 6 26 114 158 206
22 6 27 114 158 206
22 6 28 114 158 206
22 6 29 114 158 206
22 6 30 114 158 206
22 7 12 196 175 214
22 7 25 114 158 206
22 7 31 114 158 206
22 7 32 114 158 206
22 7 33 114 158 206
22 8 12 196 175 214
22 8 13 147 102 188
22 8 14 147 102 188
22 8 15 147 102 188
22 8 16 147 102 188
22 8 19 114 158 206
22 8 20 114 158 206
22 8 21 114 158 206
22 8 22 114 158 206
22 8 23 114 158 206
22 8 24 114 158 206
22 8 25 114 158 206
22 8 26 114 158 206
22 8 30 114 158 206
22 8 31 114 158 206
22 9 26 114 158 206
22 9 27 114 158 206
22 9 28 114 158 206
22 9 29 114 158 206
22 9 30 114 158 206
22 9 31 114 158 206
22 9 33 114 158 206
22 9 34 114 158 206
22 10 26 114 158 206
22 10 27 114 158 206
22 10 28 114 158 206
22 10 29 114 158 206
22 10 30 114 158 206
22 10 31 114 158 206
22 11 26 114 158 206
22 11 27 114 158 206
22 11 28 114 158 206
22 11 29 114 158 206
22 11 30 114 158 206
22 11 31 114 158 206
22 11 33 114 158 206
22 11 38 158 216 229
22 12 26 114 158 206
22 12 27 114 158 206
22 12 28 114 158 206
22 12 29 114 158 206
22 12 30 114 158 206
22 12 31 114 158 206
22 12 34 114 158 206
22 13 26 114 158 206
22 13 27 114 158 206
22 13 28 114 158 206
22 13 29 114 158 206
22 13 30 114 158 206
22 13 31 114 158 206
22 13 34 114 158 206
22 14 27 114 158 206
22 14 28 114 158 206
22 14 29 114 158 206
22 14 30 114 158 206
22 14 31 114 158 206
22 15 27 114 158 206
22 15 28 114 158 206
22 15 29 114 158 206
22 15 30 114 158 206
22 15 31 114 158 206
22 16 27 114 158 206
22 16 28 114 158 206
22 16 29 114 158 206
22 16 30 114 158 206
22 16 31 114 158 206
22 16 34 114 158 206
22 17 27 114 158 206
22 17 28 114 158 206
22 17 29 114 158 206
22 17 30 114 158 206
22 17 31 114 158 206
22 18 27 114 158 206
22 18 28 114 158 206
22 18 29 114 158 206
22 18 30 114 158 206
22 18 31 114 158 206
22 18 32 114 158 206
22 18 38 158 216 229
22 19 27 114 158 206
22 19 28 114 158 206
22 19 29 114 158 206
22 19 30 114 158 206
22 19 31 114 158 206
22 19 32 114 158 206
22 20 27 114 158 206
22 20 28 114 158 206
22 20 29 114 158 206
22 20 30 114 158 206
22 20 31 114 158 206
22 20 32 114 158 206
22 21 27 114 158 206
22 21 28 114 158 206
22 21 29 114 158 206
22 21 30 114 158 206
22 21 31 114 158 206
22 21 32 114 158 206
22 22 27 114 158 206
22 22 28 114 158 206
22 22 29 114 158 206
22 22 30 114 158 206
22 22 31 114 158 206
22 22 32 114 158 206
22 23 27 114 158 206
22 23 28 114 158 206
22 23 29 114 158 206
22 23 30 114 158 206
22 23 31 114 158 206
22 23 32 114 158 206
22 24 27 114 158 206
22 24 28 114 158 206
22 24 29 114 158 206
22 24 30 114 158 206
22 24 31 114 158 206
22 25 28 114 158 206
22 25 29 114 158 206
22 25 30 114 158 206
22 25 31 114 158 206
22 26 30 114 158 206
22 26 31 114 158 206
22 26 32 114 158 206
22 27 32 114 158 206
22 27 38 158 216 229
22 29 36 114 158 206
23 0 24 43 160 4
23 0 25 43 160 4
23 0 26 43 160 4
23 0 27 43 160 4
23 0 28 43 160 4
23 0 29 43 160 4
23 0 30 43 160 4
23 0 31 43 160 4
23 0 32 43 160 4
23 0 33 43 160 4
23 0 34 43 160 4
23 0 35 43 160 4
23 0 36 43 160 4
23 0 37 43 160 4
23 0 38 43 160 4
23 0 39 43 160 4
23 0 40 43 160 4
23 0 41 43 160 4
23 0 42 43 160 4
23 0 43 43 160 4
23 0 44 43 160 4
23 0 45 43 160 4
23 0 46 43 160 4
23 0 47 43 160 4
23 0 48 43 160 4
23 0 49 43 160 4
23 0 50 43 160 4
23 0 51 43 160 4
23 0 52 43 160 4
23 0 53 43 160 4
23 0 54 43 160 4
23 0 55 43 160 4
23 0 56 43 160 4
23 0 57 43 160 4
23 0 58 43 160 4
23 0 59 43 160 4
23 1 38 158 216 229
23 2 35 158 216 229
23 2 38 158 216 229
23 3 16 255 186 119
23 3 17 255 186 119
23 3 34 158 216 229
23 3 35 158 216 229
23 3 36 158 216 229
23 3 37 158 216 229
23 3 38 158 216 229
23 4 13 255 186 119
23 4 14 255 186 119
23 4 15 255 186 119
23 4 16 255 186 119
23 4 17 255 186 119
23 4 34 158 216 229
23 4 35 158 216 229
23 4 36 158 216 229
23 5 12 255 186 119
23 5 13 255 186 119
23 5 14 255 186 119
23 5 15 255 186 119
23 5 16 255 186 119
23 5 34 158 216 229
23 5 35 158 216 229
23 5 36 158 216 229
23 5 37 158 216 229
23 6 29 114 158 206
23 6 36 158 216 229
23 7 11 255 186 119
23 7 27 114 158 206
23 7 28 114 158 206
23 7 29 114 158 206
23 7 34 158 216 229
23 7 35 158 216 229
23 7 36 158 216 229
23 7 38 158 216 229
23 8 11 196 175 214
23 8 12 147 102 188
23 8 13 147 102 188
23 8 14 147 102 188
23 8 15 147 102 188
23 8 26 114 158 206
23 8 27 114 158 206
23 8 28 114 158 206
23 8 34 158 216 229
23 8 35 158 216 229
23 9 30 114 158 206
23 9 31 114 158 206
23 9 32 114 158 206
23 9 33 114 158 206
23 9 34 158 216 229
23 9 35 158 216 229
23 9 38 158 216 229
23 10 30 114 158 206
23 10 31 114 158 206
23 10 32 114 158 206
23 10 33 114 158 206
23 10 34 158 216 229
23 10 35 158 216 229
23 10 36 158 216 229
23 11 30 114 158 206
23 11 31 114 158 206
23 11 32 114 158 206
23 11 33 114 158 206
23 11 34 158 216 229
23 11 35 158 216 229
23 11 36 158 216 229
23 11 37 158 216 229
23 12 30 114 158 206
23 12 31 114 158 206
23 12 32 114 158 206
23 12 33 114 158 206
23 12 34 158 216 229
23 12 35 158 216 229
23 12 36 158 216 229
23 12 37 158 216 229
23 12 38 158 216 229
23 13 30 114 158 206
23 13 31 114 158 206
23 13 32 114 158 206
23 13 33 114 158 206
23 13 34 158 216 229
23 13 35 158 216 229
23 13 36 158 216 229
23 13 37 158 216 229
23 13 38 158 216 229
23 14 30 114 158 206
23 14 31 114 158 206
23 14 32 114 158 206
23 14 33 114 158 206
23 14 34 158 216 229
23 14 35 158 216 229
23 14 36 158 216 229
23 14 37 158 216 229
23 14 38 158 216 229
23 15 30 114 158 206
23 15 31 114 158 206
23 15 32 114 158 206
23 15 33 114 158 206
23 15 34 158 216 229
23 15 35 158 216 229
23 15 36 158 216 229
23 15 37 158 216 229
23 15 38 158 216 229
23 16 30 114 158 206
23 16 31 114 158 206
23 16 32 114 158 206
23 16 33 114 158 206
23 16 34 158 216 229
23 16 35 158 216 229
23 16 36 158 216 229
23 16 37 158 216 229
23 16 38 158 216 229
23 17 30 114 158 206
23 17 31 114 158 206
23 17 32 114 158 206
23 17 33 114 158 206
23 17 34 114 158 206
23 17 35 158 216 229
23 17 36 158 216 229
23 17 37 158 216 229
23 17 38 158 216 229
23 18 30 114 158 206
23 18 31 114 158 206
23 18 32 114 158 206
23 18 33 114 158 206
23 18 34 114 158 206
23 18 35 158 216 229
23 18 36 158 216 229
23 18 37 158 216 229
23 19 30 114 158 206
23 19 31 114 158 206
23 19 32 114 158 206
23 19 33 114 158 206
23 19 34 114 158 206
23 19 35 114 158 206
23 19 36 158 216 229
23 19 37 158 216 229
23 19 38 158 216 229
23 20 30 114 158 206
23 20 31 114 158 206
23 20 32 114 158 206
23 20 33 114 158 206
23 20 34 114 158 206
23 20 35 114 158 206
23 20 36 158 216 229
23 20 37 158 216 229
23 20 38 158 216 229
23 21 30 114 158 206
23 21 31 114 158 206
23 21 32 114 158 206
23 21 33 114 158 206
23 21 34 114 158 206
23 21 35 114 158 206
23 21 36 158 216 229
23 21 37 158 216 229
23 21 38 158 216 229
23 22 30 114 158 206
23 22 31 114 158 206
23 22 32 114 158 206
23 22 33 114 158 206
23 22 34 114 158 206
23 22 35 114 158 206
23 22 36 158 216 229
23 22 37 158 216 229
23 22 38 158 216 229
23 22 39 158 216 229
23 23 30 114 158 206
23 23 31 114 158 206
23 23 32 114 158 206
23 23 33 114 158 206
23 23 34 114 158 206
23 23 35 114 158 206
23 23 36 158 216 229
23 23 37 158 216 229
23 23 38 158 216 229
23 23 39 158 216 229
23 24 30 114 158 206
23 24 31 114 158 206
23 24 32 114 158 206
23 24 33 114 158 206
23 24 34 114 158 206
23 24 35 114 158 206
23 24 36 158 216 229
23 24 37 158 216 229
23 24 38 158 216 229
23 24 39 158 216 229
23 25 30 114 158 206
23 25 31 114 158 206
23 25 32 114 158 206
23 25 33 114 158 206
23 25 34 114 158 206
23 25 35 114 158 206
23 25 36 158 216 229
23 25 37 158 216 229
23 25 38 158 216 229
23 25 39 158 216 229
23 26 30 114 158 206
23 26 31 114 158 206
23 26 32 114 158 206
23 26 33 114 158 206
23 26 34 114 158 206
23 26 35 114 158 206
23 26 36 114 158 206
23 26 37 158 216 229
23 27 32 114 158 206
23 27 33 114 158 206
23 27 34 114 158 206
23 27 35 114 158 206
23 27 36 114 158 206
23 27 37 158 216 229
23 27 38 158 216 229
23 28 33 114 158 206
23 28 34 114 158 206
23 28 35 114 158 206
23 28 36 114 158 206
23 28 37 158 216 229
23 28 38 158 216 229
23 29 35 114 158 206
24 0 24 43 160 4
24 0 25 43 160 4
24 0 26 43 160 4
24 0 27 43 160 4
24 0 28 43 160 4
24 0 29 43 160 4
24 0 30 43 160 4
24 0 31 43 160 4
24 0 32 43 160 4
24 0 33 43 160 4
24 0 34 43 160 4
24 0 35 43 160 4
24 0 36 43 160 4
24 0 37 43 160 4
24 0 38 43 160 4
24 0 39 43 160 4
24 0 40 43 160 4
24 0 41 43 160 4
24 0 42 43 160 4
24 0 43 43 160 4
24 0 44 43 160 4
24 0 45 43 160 4
24 0 46 43 160 4
24 0 47 43 160 4
24 0 48 43 160 4
24 0 49 43 160 4
24 0 50 43 160 4
24 0 51 43 160 4
24 0 52 43 160 4
24 0 53 43 160 4
24 0 54 43 160 4
24 0 55 43 160 4
24 0 56 43 160 4
24 0 57 43 160 4
24 0 58 43 160 4
24 0 59 43 160 4
24 3 16 255 186 119
24 3 17 255 186 119
24 4 13 255 186 119
24 4 14 255 186 119
24 4 15 255 186 119
24 4 16 255 186 119
24 4 17 255 186 119
24 4 18 255 186 119
24 4 35 158 216 229
24 4 36 158 216 229
24 5 10 255 186 119
24 5 12 255 186 119
24 5 13 255 186 119
24 5 14 255 186 119
24 5 15 255 186 119
24 5 16 255 186 119
24 5 34 158 216 229
24 5 35 158 216 229
24 5 36 158 216 229
24 6 9 255 186 119
24 6 10 255 186 119
24 6 12 147 102 188
24 6 35 158 216 229
24 6 36 158 216 229
24 7 9 255 186 119
24 7 10 255 186 119
24 7 11 255 186 119
24 7 36 158 216 229
24 7 38 158 216 229
24 8 10 196 175 214
24 8 11 196 175 214
24 8 12 147 102 188
24 8 13 147 102 188
24 8 14 147 102 188
24 8 31 158 216 229
24 8 32 158 216 229
24 8 33 158 216 229
24 8 34 158 216 229
24 8 35 158 216 229
24 8 38 158 216 229
24 9 31 158 216 229
24 9 32 158 216 229
24 9 33 158 216 229
24 9 34 158 216 229
24 9 35 158 216 229
24 9 36 158 216 229
24 9 38 158 216 229
24 10 31 158 216 229
24 10 32 114 158 206
24 10 33 158 216 229
24 10 34 158 216 229
24 10 35 158 216 229
24 10 36 158 216 229
24 10 37 158 216 229
24 11 32 158 216 229
24 11 33 158 216 229
24 11 34 158 216 229
24 11 35 158 216 229
24 11 36 158 216 229
24 11 37 158 216 229
24 11 38 158 216 229
24 12 31 158 216 229
24 12 32 158 216 229
24 12 33 158 216 229
24 12 34 158 216 229
24 12 35 158 216 229
24 12 36 158 216 229
24 12 37 158 216 229
24 12 38 158 216 229
24 13 32 158 216 229
24 13 33 158 216 229
24 13 34 158 216 229
24 13 35 158 216 229
24 13 36 158 216 229
24 13 37 158 216 229
24 13 38 158 216 229
24 14 32 114 158 206
24 14 33 158 216 229
24 14 34 158 216 229
24 14 35 158 216 229
24 14 36 158 216 229
24 14 37 158 216 229
24 14 38 158 216 229
24 15 32 114 158 206
24 15 33 158 216 229
24 15 34 158 216 229
24 15 35 158 216 229
24 15 36 158 216 229
24 15 37 158 216 229
24 15 38 158 216 229
24 16 32 114 158 206
24 16 33 114 158 206
24 16 34 158 216 229
24 16 35 158 216 229
24 16 36 158 216 229
24 16 37 158 216 229
24 16 38 158 216 229
24 16 39 158 216 229
24 17 32 114 158 206
24 17 33 114 158 206
24 17 34 158 216 229
24 17 35 158 216 229
24 17 36 158 216 229
24 17 37 158 216 229
24 17 38 158 216 229
24 18 32 114 158 206
24 18 33 114 158 206
24 18 34 158 216 229
24 18 35 158 216 229
24 18 36 158 216 229
24 18 37 158 216 229
24 18 38 158 216 229
24 19 33 114 158 206
24 19 34 158 216 229
24 19 35 114 158 206
24 19 36 158 216 229
24 19 37 158 216 229
24 19 38 158 216 229
24 19 39 158 216 229
24 20 32 114 158 206
24 20 33 114 158 206
24 20 34 114 158 206
24 20 35 114 158 206
24 20 36 158 216 229
24 20 37 158 216 229
24 20 38 158 216 229
24 20 39 158 216 229
24 21 33 114 158 206
24 21 34 114 158 206
24 21 35 114 158 206
24 21 36 158 216 229
24 21 37 158 216 229
24 21 38 158 216 229
24 22 33 114 158 206
24 22 34 114 158 206
24 22 35 114 158 206
24 22 36 158 216 229
24 22 37 158 216 229
24 22 38 158 216 229
24 23 32 114 158 206
24 23 33 114 158 206
24 23 34 114 158 206
24 23 35 114 158 206
24 23 36 158 216 229
24 23 37 158 216 229
24 23 38 158 216 229
24 24 33 114 158 206
24 24 34 114 158 206
24 24 35 158 216 229
24 24 36 158 216 229
24 24 37 158 216 229
24 24 38 158 216 229
24 25 33 114 158 206
24 25 34 114 158 206
24 25 35 114 158 206
24 25 36 158 216 229
24 25 37 158 216 229
24 25 38 158 216 229
24 25 39 158 216 229
24 26 33 114 158 206
24 26 34 114 158 206
24 26 35 114 158 206
24 26 36 158 216 229
24 26 37 158 216 229
24 26 38 158 216 229
24 27 32 114 158 206
24 27 33 114 158 206
24 27 34 114 158 206
24 27 35 114 158 206
24 27 36 114 158 206
24 27 37 158 216 229
24 27 38 158 216 229
24 28 34 114 158 206
24 28 35 114 158 206
24 28 36 114 158 206
24 28 37 158 216 229
24 28 38 158 216 229
24 29 35 114 158 206
24 29 36 114 158 206
24 29 37 158 216 229
24 29 38 158 216 229
25 0 24 43 160 4
25 0 25 43 160 4
25 0 26 43 160 4
25 0 27 43 160 4
25 0 28 43 160 4
25 0 29 43 160 4
25 0 30 43 160 4
25 0 31 43 160 4
25 0 32 43 160 4
25 0 33 43 160 4
25 0 34 43 160 4
25 0 35 43 160 4
25 0 36 43 160 4
25 0 37 43 160 4
25 0 38 43 160 4
25 0 39 43 160 4
25 0 40 43 160 4
25 0 41 43 160 4
25 0 42 43 160 4
25 0 43 43 160 4
25 0 44 43 160 4
25 0 45 43 160 4
25 0 46 43 160 4
25 0 47 43 160 4
25 0 48 43 160 4
25 0 49 43 160 4
25 0 50 43 160 4
25 0 51 43 160 4
25 0 52 43 160 4
25 0 53 43 160 4
25 0 54 43 160 4
25 0 55 43 160 4
25 0 56 43 160 4
25 0 57 43 160 4
25 0 58 43 160 4
25 0 59 43 160 4
25 2 18 255 186 119
25 3 16 255 186 119
25 3 17 255 186 119
25 3 18 255 186 119
25 3 19 255 186 119
25 3 38 158 216 229
25 4 13 255 186 119
25 4 14 255 186 119
25 4 15 255 186 119
25 4 16 255 186 119
25 4 17 255 186 119
25 4 18 255 186 119
25 4 19 255 186 119
25 4 20 255 186 119
25 5 10 255 186 119
25 5 11 255 186 119
25 5 12 255 186 119
25 5 13 255 186 119
25 5 14 255 186 119
25 5 15 255 186 119
25 5 16 255 186 119
25 6 9 255 186 119
25 6 10 255 186 119
25 6 12 147 102 188
25 6 14 255 186 119
25 7 9 255 186 119
25 7 10 255 186 119
25 7 11 147 102 188
25 8 10 147 102 188
25 8 11 147 102 188
25 8 12 147 102 188
25 8 13 147 102 188
25 8 14 147 102 188
25 8 15 147 102 188
25 8 33 158 216 229
25 8 34 158 216 229
25 9 35 158 216 229
25 9 36 158 216 229
25 9 38 158 216 229
25 10 36 158 216 229
25 10 37 158 216 229
25 11 36 158 216 229
25 11 37 158 216 229
25 11 38 158 216 229
25 12 36 158 216 229
25 12 37 158 216 229
25 12 38 158 216 229
25 12 40 158 216 229
25 13 37 158 216 229
25 13 38 158 216 229
25 14 37 158 216 229
25 14 38 158 216 229
25 14 39 158 216 229
25 15 37 158 216 229
25 15 38 158 216 229
25 16 37 158 216 229
25 16 38 158 216 229
25 17 36 158 216 229
25 17 37 158 216 229
25 17 38 158 216 229
25 18 36 158 216 229
25 18 37 158 216 229
25 18 38 158 216 229
25 19 36 158 216 229
25 19 37 158 216 229
25 19 38 158 216 229
25 20 36 158 216 229
25 20 37 158 216 229
25 20 38 158 216 229
25 21 36 158 216 229
25 21 37 158 216 229
25 21 38 158 216 229
25 22 37 158 216 229
25 22 38 158 216 229
25 23 36 158 216 229
25 23 37 158 216 229
25 23 38 158 216 229
25 24 36 158 216 229
25 24 37 158 216 229
25 24 38 158 216 229
25 25 36 158 216 229
25 25 37 158 216 229
25 25 38 158 216 229
25 26 36 158 216 229
25 26 37 158 216 229
25 26 38 158 216 229
25 27 36 114 158 206
25 27 37 158 216 229
25 27 38 158 216 229
25 28 35 114 158 206
25 28 36 114 158 206
25 28 37 158 216 229
25 28 38 158 216 229
25 29 35 114 158 206
25 29 36 158 216 229
26 0 24 43 160 4
26 0 25 43 160 4
26 0 26 43 160 4
26 0 27 43 160 4
26 0 28 43 160 4
26 0 29 43 160 4
26 0 30 43 160 4
26 0 31 43 160 4
26 0 32 43 160 4
26 0 33 43 160 4
26 0 34 43 160 4
26 0 35 43 160 4
26 0 36 43 160 4
26 0 37 43 160 4
26 0 38 43 160 4
26 0 39 43 160 4
26 0 40 43 160 4
26 0 41 43 160 4
26 0 42 43 160 4
26 0 43 43 160 4
26 0 44 43 160 4
26 0 45 43 160 4
26 0 46 43 160 4
26 0 47 43 160 4
26 0 48 43 160 4
26 0 49 43 160 4
26 0 50 43 160 4
26 0 51 43 160 4
26 0 52 43 160 4
26 0 53 43 160 4
26 0 54 43 160 4
26 0 55 43 160 4
26 0 56 43 160 4
26 0 57 43 160 4
26 0 58 43 160 4
26 0 59 43 160 4
26 2 18 255 186 119
26 3 15 255 186 119
26 3 16 255 186 119
26 3 17 255 186 119
26 3 18 255 186 119
26 3 19 255 186 119
26 4 13 255 186 119
26 4 14 255 186 119
26 4 15 255 186 119
26 4 16 255 186 119
26 4 17 255 186 119
26 4 18 255 186 119
26 4 19 255 186 119
26 4 20 255 186 119
26 5 10 255 186 119
26 5 11 255 186 119
26 5 12 255 186 119
26 5 13 255 186 119
26 5 14 255 186 119
26 5 15 255 186 119
26 5 16 255 186 119
26 5 19 255 186 119
26 6 8 255 186 119
26 6 9 255 186 119
26 6 10 147 102 188
26 6 12 147 102 188
26 6 13 147 102 188
26 6 14 147 102 188
26 7 9 255 186 119
26 7 10 147 102 188
26 7 14 147 102 188
26 8 10 147 102 188
26 8 11 147 102 188
26 8 12 147 102 188
26 8 13 147 102 188
26 8 14 147 102 188
26 8 30 147 102 188
26 8 31 147 102 188
26 8 32 147 102 188
26 8 33 196 175 214
26 8 34 158 216 229
26 8 35 158 216 229
26 8 36 158 216 229
26 9 33 196 175 214
26 9 34 158 216 229
26 9 35 158 216 229
26 9 36 158 216 229
26 9 37 158 216 229
26 10 36 158 216 229
26 10 37 158 216 229
26 10 38 158 216 229
26 11 36 158 216 229
26 11 37 158 216 229
26 11 38 158 216 229
26 11 39 158 216 229
26 12 36 158 216 229
26 12 37 158 216 229
26 12 38 158 216 229
26 12 39 158 216 229
26 13 36 158 216 229
26 13 37 158 216 229
26 13 38 158 216 229
26 13 40 158 216 229
26 14 37 158 216 229
26 14 38 158 216 229
26 14 39 158 216 229
26 15 36 158 216 229
26 15 37 158 216 229
26 15 38 158 216 229
26 16 36 158 216 229
26 16 37 158 216 229
26 16 38 158 216 229
26 17 36 158 216 229
26 17 37 158 216 229
26 18 36 158 216 229
26 18 37 158 216 229
26 18 38 158 216 229
26 19 36 158 216 229
26 19 37 158 216 229
26 19 38 158 216 229
26 20 36 158 216 229
26 20 37 158 216 229
26 20 38 158 216 229
26 20 39 158 216 229
26 21 36 158 216 229
26 21 37 158 216 229
26 21 38 158 216 229
26 22 36 158 216 229
26 22 37 158 216 229
26 22 38 158 216 229
26 23 36 158 216 229
26 23 37 158 216 229
26 23 38 158 216 229
26 24 36 158 216 229
26 24 37 158 216 229
26 24 38 158 216 229
26 25 36 158 216 229
26 25 37 158 216 229
26 25 38 158 216 229
26 26 36 158 216 229
26 26 37 158 216 229
26 27 36 158 216 229
26 27 37 158 216 229
26 27 38 158 216 229
26 28 35 214 38 40
26 28 36 158 216 229
26 28 37 158 216 229
26 29 35 214 38 40
26 29 36 158 216 229
26 29 37 158 216 229
27 0 24 43 160 4
27 0 25 43 160 4
27 0 26 43 160 4
27 0 27 43 160 4
27 0 28 43 160 4
27 0 29 43 160 4
27 0 30 43 160 4
27 0 31 43 160 4
27 0 32 43 160 4
27 0 33 43 160 4
27 0 34 43 160 4
27 0 35 43 160 4
27 0 36 43 160 4
27 0 37 43 160 4
27 0 38 43 160 4
27 0 39 43 160 4
27 0 40 43 160 4
27 0 41 43 160 4
27 0 42 43 160 4
27 0 43 43 160 4
27 0 44 43 160 4
27 0 45 43 160 4
27 0 46 43 160 4
27 0 47 43 160 4
27 0 48 43 160 4
27 0 49 43 160 4
27 0 50 43 160 4
27 0 51 43 160 4
27 0 52 43 160 4
27 0 53 43 160 4
27 0 54 43 160 4
27 0 55 43 160 4
27 0 56 43 160 4
27 0 57 43 160 4
27 0 58 43 160 4
27 0 59 43 160 4
27 3 15 255 186 119
27 3 16 255 186 119
27 3 17 255 186 119
27 3 18 255 186 119
27 3 19 255 186 119
27 4 13 255 186 119
27 4 14 255 186 119
27 4 15 255 186 119
27 4 16 255 186 119
27 4 17 255 186 119
27 4 18 255 186 119
27 4 19 255 186 119
27 4 20 255 186 119
27 5 11 255 186 119
27 5 12 255 186 119
27 5 13 255 186 119
27 5 14 255 186 119
27 5 15 255 186 119
27 5 16 255 186 119
27 5 19 255 186 119
27 6 8 255 186 119
27 6 9 255 186 119
27 6 11 147 102 188
27 6 12 147 102 188
27 6 13 147 102 188
27 6 14 147 102 188
27 7 8 255 186 119
27 7 9 255 186 119
27 7 10 147 102 188
27 7 14 147 102 188
27 8 9 147 102 188
27 8 10 147 102 188
27 8 11 147 102 188
27 8 12 147 102 188
27 8 13 147 102 188
27 8 30 147 102 188
27 8 31 147 102 188
27 8 32 147 102 188
27 8 33 196 175 214
27 8 34 158 216 229
27 8 35 158 216 229
27 8 37 158 216 229
27 9 29 147 102 188
27 9 30 147 102 188
27 9 31 196 175 214
27 9 32 196 175 214
27 10 36 158 216 229
27 10 37 158 216 229
27 10 38 158 216 229
27 11 36 158 216 229
27 11 37 158 216 229
27 11 38 158 216 229
27 11 39 158 216 229
27 13 36 158 216 229
27 13 37 158 216 229
27 13 38 158 216 229
27 14 36 158 216 229
27 14 37 158 216 229
27 14 38 158 216 229
27 14 40 158 216 229
27 15 36 158 216 229
27 15 37 158 216 229
27 15 38 158 216 229
27 16 35 158 216 229
27 16 36 158 216 229
27 16 37 158 216 229
27 17 36 158 216 229
27 17 37 158 216 229
27 18 36 158 216 229
27 18 37 158 216 229
27 18 38 158 216 229
27 19 36 158 216 229
27 19 37 158 216 229
27 19 38 158 216 229
27 20 36 158 216 229
27 20 37 158 216 229
27 20 38 158 216 229
27 21 36 158 216 229
27 21 37 158 216 229
27 21 38 158 216 229
27 22 36 158 216 229
27 22 37 158 216 229
27 23 36 158 216 229
27 23 37 158 216 229
27 24 36 158 216 229
27 24 37 158 216 229
27 25 35 196 175 214
27 25 36 158 216 229
27 25 37 158 216 229
27 26 36 158 216 229
27 26 37 158 216 229
27 27 36 158 216 229
27 27 37 158 216 229
27 27 38 158 216 229
27 28 34 214 38 40
27 28 35 196 175 214
27 28 36 158 216 229
27 28 37 158 216 229
27 29 36 158 216 229
27 29 37 158 216 229
28 0 24 43 160 4
28 0 25 43 160 4
28 0 26 43 160 4
28 0 27 43 160 4
28 0 28 43 160 4
28 0 29 43 160 4
28 0 30 43 160 4
28 0 31 43 160 4
28 0 32 43 160 4
28 0 33 43 160 4
28 0 34 43 160 4
28 0 35 43 160 4
28 0 36 43 160 4
28 0 37 43 160 4
28 0 38 43 160 4
28 0 39 43 160 4
28 0 40 43 160 4
28 0 41 43 160 4
28 0 42 43 160 4
28 0 43 43 160 4
28 0 44 43 160 4
28 0 45 43 160 4
28 0 46 43 160 4
28 0 47 43 160 4
28 0 48 43 160 4
28 0 49 43 160 4
28 0 50 43 160 4
28 0 51 43 160 4
28 0 52 43 160 4
28 0 53 43 160 4
28 0 54 43 160 4
28 0 55 43 160 4
28 0 56 43 160 4
28 0 57 43 160 4
28 0 58 43 160 4
28 0 59 43 160 4
28 3 15 255 186 119
28 3 16 255 186 119
28 3 17 255 186 119
28 3 18 255 186 119
28 3 19 255 186 119
28 4 12 255 186 119
28 4 13 255 186 119
28 4 14 255 186 119
28 4 15 255 186 119
28 4 16 255 186 119
28 4 17 255 186 119
28 4 18 255 186 119
28 4 19 255 186 119
28 4 20 255 186 119
28 5 11 255 186 119
28 5 12 255 186 119
28 5 13 255 186 119
28 5 14 255 186 119
28 5 15 255 186 119
28 5 18 255 186 119
28 6 7 147 102 188
28 6 8 255 186 119
28 6 9 255 186 119
28 6 11 147 102 188
28 6 12 147 102 188
28 6 13 147 102 188
28 6 14 147 102 188
28 7 8 255 186 119
28 7 9 147 102 188
28 7 10 147 102 188
28 7 13 196 175 214
28 7 14 147 102 188
28 8 9 147 102 188
28 8 10 147 102 188
28 8 11 196 175 214
28 8 12 196 175 214
28 8 13 196 175 214
28 8 15 147 102 188
28 8 16 147 102 188
28 9 16 196 175 214
28 9 28 204 204 91
28 9 29 196 175 214
28 9 30 30 119 181
28 9 31 196 175 214
28 9 32 158 216 229
28 9 33 158 216 229
28 9 34 158 216 229
28 9 35 158 216 229
28 9 36 158 216 229
28 9 37 158 216 229
28 9 38 158 216 229
28 10 16 196 175 214
28 10 36 158 216 229
28 10 37 158 216 229
28 10 38 158 216 229
28 11 35 158 216 229
28 11 36 158 216 229
28 11 37 158 216 229
28 11 38 158 216 229
28 12 39 158 216 229
28 14 36 158 216 229
28 14 37 158 216 229
28 15 36 158 216 229
28 15 37 158 216 229
28 16 36 158 216 229
28 16 37 158 216 229
28 17 36 158 216 229
28 17 37 158 216 229
28 18 36 158 216 229
28 18 37 158 216 229
28 19 36 158 216 229
28 19 37 158 216 229
28 19 38 158 216 229
28 20 36 158 216 229
28 20 37 158 216 229
28 20 38 158 216 229
28 21 36 158 216 229
28 21 37 158 216 229
28 21 38 158 216 229
28 22 36 158 216 229
28 22 37 158 216 229
28 22 38 158 216 229
28 23 35 158 216 229
28 23 36 158 216 229
28 23 37 158 216 229
28 24 36 158 216 229
28 24 37 158 216 229
28 25 35 196 175 214
28 25 36 158 216 229
28 25 37 158 216 229
28 26 36 158 216 229
28 26 37 158 216 229
28 27 35 158 216 229
28 27 36 158 216 229
28 27 37 158 216 229
28 27 38 158 216 229
28 28 34 214 38 40
28 28 35 158 216 229
28 28 36 158 216 229
28 28 37 158 216 229
28 29 36 158 216 229
29 0 23 43 160 4
29 0 24 43 160 4
29 0 25 43 160 4
29 0 26 43 160 4
29 0 27 43 160 4
29 0 28 43 160 4
29 0 29 43 160 4
29 0 30 43 160 4
29 0 31 43 160 4
29 0 32 43 160 4
29 0 33 43 160 4
29 0 34 43 160 4
29 0 35 43 160 4
29 0 36 43 160 4
29 0 37 43 160 4
29 0 38 43 160 4
29 0 39 43 160 4
29 0 40 43 160 4
29 0 41 43 160 4
29 0 42 43 160 4
29 0 43 43 160 4
29 0 44 43 160 4
29 0 45 43 160 4
29 0 46 43 160 4
29 0 47 43 160 4
29 0 48 43 160 4
29 0 49 43 160 4
29 0 50 43 160 4
29 0 51 43 160 4
29 0 52 43 160 4
29 0 53 43 160 4
29 0 54 43 160 4
29 0 55 43 160 4
29 0 56 43 160 4
29 0 57 43 160 4
29 0 58 43 160 4
29 0 59 43 160 4
29 3 15 255 186 119
29 3 16 255 186 119
29 3 17 255 186 119
29 3 18 255 186 119
29 3 19 255 186 119
29 3 20 255 186 119
29 4 12 255 186 119
29 4 13 255 186 119
29 4 14 255 186 119
29 4 15 255 186 119
29 4 16 255 186 119
29 4 17 255 186 119
29 4 18 255 186 119
29 4 19 255 186 119
29 4 20 255 186 119
29 4 21 255 186 119
29 5 9 255 186 119
29 5 10 255 186 119
29 5 11 255 186 119
29 5 12 255 186 119
29 5 13 255 186 119
29 5 14 255 186 119
29 5 15 255 186 119
29 5 16 255 186 119
29 5 17 255 186 119
29 5 18 255 186 119
29 5 19 255 186 119
29 5 20 255 186 119
29 6 7 147 102 188
29 6 8 255 186 119
29 6 10 147 102 188
29 6 11 147 102 188
29 6 12 147 102 188
29 6 13 147 102 188
29 6 14 147 102 188
29 6 15 147 102 188
29 7 8 255 186 119
29 7 9 147 102 188
29 7 12 196 175 214
29 7 13 196 175 214
29 8 8 147 102 188
29 8 9 147 102 188
29 8 10 147 102 188
29 8 11 196 175 214
29 8 12 196 175 214
29 8 14 196 175 214
29 8 15 196 175 214
29 8 16 196 175 214
29 9 10 147 102 188
29 9 11 196 175 214
29 9 12 196 175 214
29 9 13 196 175 214
29 9 14 196 175 214
29 9 16 196 175 214
29 9 17 196 175 214
29 9 18 196 175 214
29 9 19 255 186 119
29 9 20 255 186 119
29 9 21 255 186 119
29 9 22 255 186 119
29 9 36 158 216 229
29 9 37 158 216 229
29 10 14 196 175 214
29 10 15 196 175 214
29 10 16 196 175 214
29 10 17 196 175 214
29 10 36 158 216 229
29 10 37 158 216 229
29 10 38 158 216 229
29 11 15 196 175 214
29 11 16 196 175 214
29 11 17 196 175 214
29 11 18 196 175 214
29 11 37 158 216 229
29 14 35 158 216 229
29 14 36 158 216 229
29 14 37 158 216 229
29 15 36 158 216 229
29 15 37 158 216 229
29 16 35 158 216 229
29 16 36 158 216 229
29 16 37 158 216 229
29 17 35 158 216 229
29 17 36 158 216 229
29 17 37 158 216 229
29 18 35 158 216 229
29 18 36 158 216 229
29 18 37 158 216 229
29 19 36 158 216 229
29 19 37 158 216 229
29 19 38 158 216 229
29 20 36 158 216 229
29 20 37 158 216 229
29 20 38 158 216 229
29 21 36 158 216 229
29 21 37 158 216 229
29 21 38 158 216 229
29 22 36 158 216 229
29 22 37 158 216 229
29 22 38 158 216 229
29 23 36 158 216 229
29 23 37 158 216 229
29 23 38 158 216 229
29 24 36 158 216 229
29 24 37 158 216 229
29 24 38 158 216 229
29 25 35 158 216 229
29 25 36 158 216 229
29 25 37 158 216 229
29 26 35 158 216 229
29 26 36 158 216 229
29 26 37 158 216 229
29 27 35 158 216 229
29 27 36 158 216 229
29 27 37 158 216 229
29 28 34 214 38 40
29 28 35 158 216 229
29 28 36 158 216 229
29 28 37 158 216 229
29 29 37 214 38 40
30 0 23 43 160 4
30 0 24 43 160 4
30 0 25 43 160 4
30 0 26 43 160 4
30 0 27 43 160 4
30 0 28 43 160 4
30 0 29 43 160 4
30 0 30 43 160 4
30 0 31 43 160 4
30 0 32 43 160 4
30 0 33 43 160 4
30 0 34 43 160 4
30 0 35 43 160 4
30 0 36 43 160 4
30 0 37 43 160 4
30 0 38 43 160 4
30 0 39 43 160 4
30 0 40 43 160 4
30 0 41 43 160 4
30 0 42 43 160 4
30 0 43 43 160 4
30 0 44 43 160 4
30 0 45 43 160 4
30 0 46 43 160 4
30 0 47 43 160 4
30 0 48 43 160 4
30 0 49 43 160 4
30 0 50 43 160 4
30 0 51 43 160 4
30 0 52 43 160 4
30 0 53 43 160 4
30 0 54 43 160 4
30 0 55 43 160 4
30 0 56 43 160 4
30 0 57 43 160 4
30 0 58 43 160 4
30 0 59 43 160 4
30 2 18 255 186 119
30 3 15 255 186 119
30 3 16 255 186 119
30 3 17 255 186 119
30 3 18 255 186 119
30 3 19 255 186 119
30 3 20 255 186 119
30 3 23 255 186 119
30 4 12 255 186 119
30 4 13 255 186 119
30 4 14 255 186 119
30 4 15 255 186 119
30 4 16 255 186 119
30 4 17 255 186 119
30 4 18 255 186 119
30 4 19 255 186 119
30 4 20 255 186 119
30 4 21 255 186 119
30 4 22 255 186 119
30 4 23 255 186 119
30 4 24 255 186 119
30 5 10 255 186 119
30 5 11 255 186 119
30 5 12 255 186 119
30 5 13 255 186 119
30 5 14 255 186 119
30 5 15 255 186 119
30 5 16 255 186 119
30 5 17 255 186 119
30 5 18 255 186 119
30 5 19 255 186 119
30 5 20 255 186 119
30 6 7 147 102 188
30 6 8 255 186 119
30 6 10 255 186 119
30 6 11 255 186 119
30 6 12 255 186 119
30 6 13 255 186 119
30 6 14 255 186 119
30 6 15 255 186 119
30 7 8 147 102 188
30 7 9 147 102 188
30 7 12 196 175 214
30 7 13 196 175 214
30 8 8 147 102 188
30 8 9 147 102 188
30 8 10 196 175 214
30 8 11 196 175 214
30 8 12 196 175 214
30 8 13 196 175 214
30 8 14 196 175 214
30 8 15 196 175 214
30 8 16 196 175 214
30 9 14 196 175 214
30 9 15 196 175 214
30 10 14 196 175 214
30 10 15 196 175 214
30 11 14 196 175 214
30 11 15 196 175 214
30 11 16 196 175 214
30 11 17 196 175 214
30 12 23 196 175 214
30 14 34 158 216 229
30 14 35 158 216 229
30 14 36 158 216 229
30 14 37 158 216 229
30 15 36 158 216 229
30 15 37 158 216 229
30 16 35 158 216 229
30 16 36 158 216 229
30 16 37 158 216 229
30 17 35 158 216 229
30 17 36 158 216 229
30 17 37 158 216 229
30 17 38 158 216 229
30 18 35 158 216 229
30 18 36 158 216 229
30 18 37 158 216 229
30 19 36 158 216 229
30 19 37 158 216 229
30 20 35 158 216 229
30 20 36 158 216 229
30 20 37 158 216 229
30 21 35 158 216 229
30 21 36 158 216 229
30 21 37 158 216 229
30 21 38 158 216 229
30 22 36 158 216 229
30 22 37 158 216 229
30 22 38 158 216 229
30 23 36 158 216 229
30 23 37 158 216 229
30 23 38 158 216 229
30 24 35 158 216 229
30 24 36 158 216 229
30 24 37 158 216 229
30 24 38 158 216 229
30 25 35 158 216 229
30 25 36 158 216 229
30 25 37 158 216 229
30 26 34 158 216 229
30 26 35 158 216 229
30 26 36 158 216 229
30 26 37 158 216 229
30 27 34 158 216 229
30 27 35 158 216 229
30 27 36 158 216 229
30 27 37 158 216 229
30 28 34 158 216 229
30 28 35 158 216 229
30 28 36 158 216 229
31 0 23 43 160 4
31 0 24 43 160 4
31 0 25 43 160 4
31 0 26 43 160 4
31 0 27 43 160 4
31 0 28 43 160 4
31 0 29 43 160 4
31 0 30 43 160 4
31 0 31 43 160 4
31 0 32 43 160 4
31 0 33 43 160 4
31 0 34 43 160 4
31 0 35 43 160 4
31 0 36 43 160 4
31 0 37 43 160 4
31 0 38 43 160 4
31 0 39 43 160 4
31 0 40 43 160 4
31 0 41 43 160 4
31 0 42 43 160 4
31 0 43 43 160 4
31 0 44 43 160 4
31 0 45 43 160 4
31 0 46 43 160 4
31 0 47 43 160 4
31 0 48 43 160 4
31 0 49 43 160 4
31 0 50 43 160 4
31 0 51 43 160 4
31 0 52 43 160 4
31 0 53 43 160 4
31 0 54 43 160 4
31 0 55 43 160 4
31 0 56 43 160 4
31 0 57 43 160 4
31 0 58 43 160 4
31 0 59 43 160 4
31 1 20 255 186 119
31 2 18 255 186 119
31 3 15 255 186 119
31 3 16 255 186 119
31 3 17 255 186 119
31 3 18 255 186 119
31 3 19 255 186 119
31 3 20 255 186 119
31 3 21 255 186 119
31 3 22 255 186 119
31 3 23 255 186 119
31 3 24 255 186 119
31 4 12 255 186 119
31 4 13 255 186 119
31 4 14 255 186 119
31 4 15 255 186 119
31 4 16 255 186 119
31 4 17 255 186 119
31 4 18 255 186 119
31 4 19 255 186 119
31 4 20 255 186 119
31 4 21 255 186 119
31 4 22 255 186 119
31 4 23 255 186 119
31 4 24 255 186 119
31 5 10 255 186 119
31 5 11 255 186 119
31 5 12 255 186 119
31 5 13 255 186 119
31 5 14 255 186 119
31 5 15 255 186 119
31 5 16 255 186 119
31 5 17 255 186 119
31 5 18 255 186 119
31 5 19 255 186 119
31 5 20 255 186 119
31 5 21 255 186 119
31 5 22 255 186 119
31 5 23 255 186 119
31 5 24 255 186 119
31 6 7 255 186 119
31 6 8 255 186 119
31 6 10 255 186 119
31 6 11 255 186 119
31 6 12 255 186 119
31 6 13 255 186 119
31 6 14 255 186 119
31 6 15 255 186 119
31 7 8 255 186 119
31 7 9 255 186 119
31 7 11 196 175 214
31 7 12 196 175 214
31 7 13 196 175 214
31 8 8 147 102 188
31 8 9 196 175 214
31 8 10 196 175 214
31 8 11 196 175 214
31 8 12 196 175 214
31 8 13 196 175 214
31 8 14 196 175 214
31 8 15 196 175 214
31 9 14 196 175 214
31 9 15 196 175 214
31 10 14 196 175 214
31 10 15 196 175 214
31 11 14 196 175 214
31 11 15 196 175 214
31 11 16 196 175 214
31 11 17 196 175 214
31 12 23 196 175 214
31 13 29 196 175 214
31 13 37 158 216 229
31 14 34 158 216 229
31 14 35 158 216 229
31 14 36 158 216 229
31 15 35 158 216 229
31 15 36 158 216 229
31 15 37 158 216 229
31 16 35 158 216 229
31 16 36 158 216 229
31 16 37 158 216 229
31 17 34 158 216 229
31 17 35 158 216 229
31 17 36 158 216 229
31 18 34 158 216 229
31 18 35 158 216 229
31 18 36 158 216 229
31 19 35 158 216 229
31 19 36 158 216 229
31 19 37 158 216 229
31 20 35 158 216 229
31 20 36 158 216 229
31 21 35 158 216 229
31 21 36 158 216 229
31 21 37 158 216 229
31 22 34 158 216 229
31 22 35 158 216 229
31 22 36 158 216 229
31 22 37 158 216 229
31 22 38 158 216 229
31 23 35 158 216 229
31 23 36 158 216 229
31 23 37 158 216 229
31 23 38 158 216 229
31 24 35 158 216 229
31 24 36 158 216 229
31 24 37 158 216 229
31 25 35 158 216 229
31 25 36 158 216 229
31 26 35 158 216 229
31 26 36 158 216 229
31 27 35 158 216 229
31 27 36 158 216 229
31 28 34 158 216 229
31 28 35 158 216 229
31 28 36 158 216 229
31 29 36 158 216 229
32 0 23 43 160 4
32 0 24 43 160 4
32 0 25 43 160 4
32 0 26 43 160 4
32 0 27 43 160 4
32 0 28 43 160 4
32 0 29 43 160 4
32 0 30 43 160 4
32 0 31 43 160 4
32 0 32 43 160 4
32 0 33 43 160 4
32 0 34 43 160 4
32 0 35 43 160 4
32 0 36 43 160 4
32 0 37 43 160 4
32 0 38 43 160 4
32 0 39 43 160 4
32 0 40 43 160 4
32 0 41 43 160 4
32 0 42 43 160 4
32 0 43 43 160 4
32 0 44 43 160 4
32 0 45 43 160 4
32 0 46 43 160 4
32 0 47 43 160 4
32 0 48 43 160 4
32 0 49 43 160 4
32 0 50 43 160 4
32 0 51 43 160 4
32 0 52 43 160 4
32 0 53 43 160 4
32 0 54 43 160 4
32 0 55 43 160 4
32 0 56 43 160 4
32 0 57 43 160 4
32 0 58 43 160 4
32 0 59 43 160 4
32 1 20 255 186 119
32 2 17 255 186 119
32 2 18 255 186 119
32 2 19 255 186 119
32 2 22 255 186 119
32 2 23 255 186 119
32 2 24 255 186 119
32 3 15 255 186 119
32 3 16 255 186 119
32 3 17 255 186 119
32 3 18 255 186 119
32 3 19 255 186 119
32 3 20 255 186 119
32 3 21 255 186 119
32 3 22 255 186 119
32 3 23 255 186 119
32 3 24 255 186 119
32 3 25 255 186 119
32 4 12 255 186 119
32 4 13 255 186 119
32 4 14 255 186 119
32 4 15 255 186 119
32 4 16 255 186 119
32 4 17 255 186 119
32 4 18 255 186 119
32 4 19 255 186 119
32 4 20 255 186 119
32 4 21 255 186 119
32 4 22 255 186 119
32 4 23 255 186 119
32 4 24 255 186 119
32 4 25 255 186 119
32 5 10 255 186 119
32 5 11 255 186 119
32 5 12 255 186 119
32 5 13 255 186 119
32 5 14 255 186 119
32 5 15 255 186 119
32 5 16 255 186 119
32 5 17 255 186 119
32 5 18 255 186 119
32 5 19 255 186 119
32 5 20 255 186 119
32 5 21 255 186 119
32 5 22 255 186 119
32 5 23 255 186 119
32 5 24 255 186 119
32 5 25 255 186 119
32 6 6 196 175 214
32 6 7 255 186 119
32 6 8 255 186 119
32 6 10 255 186 119
32 6 11 255 186 119
32 6 12 255 186 119
32 6 13 255 186 119
32 6 14 255 186 119
32 6 15 255 186 119
32 6 23 255 186 119
32 6 24 255 186 119
32 7 7 255 186 119
32 7 8 255 186 119
32 7 11 196 175 214
32 7 12 255 186 119
32 7 13 196 175 214
32 8 8 255 186 119
32 8 9 196 175 214
32 8 10 196 175 214
32 8 12 196 175 214
32 8 13 196 175 214
32 8 14 196 175 214
32 8 15 196 175 214
32 9 14 196 175 214
32 9 15 196 175 214
32 10 14 196 175 214
32 10 15 196 175 214
32 11 14 196 175 214
32 11 15 196 175 214
32 11 16 196 175 214
32 11 17 196 175 214
32 12 23 196 175 214
32 13 29 196 175 214
32 13 37 158 216 229
32 14 34 158 216 229
32 14 35 158 216 229
32 14 36 158 216 229
32 14 37 158 216 229
32 15 35 158 216 229
32 15 36 158 216 229
32 15 37 158 216 229
32 16 34 158 216 229
32 16 35 158 216 229
32 16 36 158 216 229
32 16 37 158 216 229
32 17 33 158 216 229
32 17 34 158 216 229
32 17 35 158 216 229
32 17 36 158 216 229
32 18 34 158 216 229
32 18 35 158 216 229
32 18 36 158 216 229
32 19 35 158 216 229
32 19 36 158 216 229
32 20 35 158 216 229
32 20 36 158 216 229
32 21 34 158 216 229
32 21 35 158 216 229
32 21 36 158 216 229
32 21 37 158 216 229
32 22 34 158 216 229
32 22 35 158 216 229
32 22 36 158 216 229
32 22 37 158 216 229
32 23 34 158 216 229
32 23 35 158 216 229
32 23 36 158 216 229
32 23 37 158 216 229
32 24 35 158 216 229
32 24 36 158 216 229
32 24 37 158 216 229
32 25 34 158 216 229
32 25 35 158 216 229
32 25 36 158 216 229
32 26 34 158 216 229
32 26 35 158 216 229
32 26 36 158 216 229
32 27 34 158 216 229
32 27 35 158 216 229
32 27 36 158 216 229
32 28 34 158 216 229
32 28 35 158 216 229
32 28 36 158 216 229
32 29 36 158 216 229
33 0 23 43 160 4
33 0 24 43 160 4
33 0 25 43 160 4
33 0 26 43 160 4
33 0 27 43 160 4
33 0 28 43 160 4
33 0 29 43 160 4
33 0 30 43 160 4
33 0 31 43 160 4
33 0 32 43 160 4
33 0 33 43 160 4
33 0 34 43 160 4
33 0 35 43 160 4
33 0 36 43 160 4
33 0 37 43 160 4
33 0 38 43 160 4
33 0 39 43 160 4
33 0 40 43 160 4
33 0 41 43 160 4
33 0 42 43 160 4
33 0 43 43 160 4
33 0 44 43 160 4
33 0 45 43 160 4
33 0 46 43 160 4
33 0 47 43 160 4
33 0 48 43 160 4
33 0 49 43 160 4
33 0 50 43 160 4
33 0 51 43 160 4
33 0 52 43 160 4
33 0 53 43 160 4
33 0 54 43 160 4
33 0 55 43 160 4
33 0 56 43 160 4
33 0 57 43 160 4
33 0 58 43 160 4
33 0 59 43 160 4
33 1 20 255 186 119
33 1 21 255 186 119
33 1 23 255 186 119
33 1 24 255 186 119
33 2 17 255 186 119
33 2 18 255 186 119
33 2 19 255 186 119
33 2 20 255 186 119
33 2 21 255 186 119
33 2 22 255 186 119
33 2 23 255 186 119
33 2 24 255 186 119
33 2 25 255 186 119
33 3 14 255 186 119
33 3 15 255 186 119
33 3 16 255 186 119
33 3 17 255 186 119
33 3 18 255 186 119
33 3 19 255 186 119
33 3 20 255 186 119
33 3 21 255 186 119
33 3 22 255 186 119
33 3 23 255 186 119
33 3 24 255 186 119
33 3 25 255 186 119
33 3 26 255 186 119
33 4 12 255 186 119
33 4 13 255 186 119
33 4 14 255 186 119
33 4 15 255 186 119
33 4 16 255 186 119
33 4 17 255 186 119
33 4 18 255 186 119
33 4 19 255 186 119
33 4 20 255 186 119
33 4 21 255 186 119
33 4 22 255 186 119
33 4 23 255 186 119
33 4 24 255 186 119
33 4 25 255 186 119
33 5 10 255 186 119
33 5 11 255 186 119
33 5 12 255 186 119
33 5 13 255 186 119
33 5 14 255 186 119
33 5 15 255 186 119
33 5 16 255 186 119
33 5 17 255 186 119
33 5 18 255 186 119
33 5 19 255 186 119
33 5 20 255 186 119
33 5 21 255 186 119
33 5 22 255 186 119
33 5 23 255 186 119
33 5 24 255 186 119
33 5 25 255 186 119
33 6 7 255 186 119
33 6 8 255 186 119
33 6 10 255 186 119
33 6 11 255 186 119
33 6 12 255 186 119
33 6 13 255 186 119
33 6 14 255 186 119
33 6 15 255 186 119
33 6 20 255 186 119
33 6 21 255 186 119
33 6 22 255 186 119
33 6 23 255 186 119
33 6 24 255 186 119
33 7 7 255 186 119
33 7 8 255 186 119
33 7 10 196 175 214
33 7 11 255 186 119
33 8 7 196 175 214
33 8 8 255 186 119
33 8 9 196 175 214
33 8 10 196 175 214
33 8 13 196 175 214
33 8 14 196 175 214
33 8 24 255 186 119
33 9 9 196 175 214
33 9 14 196 175 214
33 10 14 196 175 214
33 11 14 196 175 214
33 11 15 196 175 214
33 11 16 196 175 214
33 11 17 196 175 214
33 12 23 196 175 214
33 14 34 158 216 229
33 14 35 158 216 229
33 14 36 158 216 229
33 14 37 158 216 229
33 15 34 158 216 229
33 15 35 158 216 229
33 15 36 158 216 229
33 15 37 158 216 229
33 16 34 158 216 229
33 16 35 158 216 229
33 16 36 158 216 229
33 17 34 158 216 229
33 17 35 158 216 229
33 17 36 158 216 229
33 18 34 158 216 229
33 18 35 158 216 229
33 18 36 158 216 229
33 19 34 158 216 229
33 19 35 158 216 229
33 19 36 158 216 229
33 20 34 158 216 229
33 20 35 158 216 229
33 20 36 158 216 229
33 21 34 158 216 229
33 21 35 158 216 229
33 21 36 158 216 229
33 22 34 158 216 229
33 22 35 158 216 229
33 22 36 158 216 229
33 23 34 158 216 229
33 23 35 158 216 229
33 23 36 158 216 229
33 24 34 158 216 229
33 24 35 158 216 229
33 24 36 158 216 229
33 25 34 158 216 229
33 25 35 158 216 229
33 25 36 158 216 229
33 26 34 158 216 229
33 26 35 158 216 229
33 26 36 158 216 229
33 27 34 158 216 229
33 27 35 158 216 229
33 27 36 158 216 229
33 28 34 158 216 229
33 28 35 158 216 229
34 0 23 43 160 4
34 0 24 43 160 4
34 0 25 43 160 4
34 0 26 43 160 4
34 0 27 43 160 4
34 0 28 43 160 4
34 0 29 43 160 4
34 0 30 43 160 4
34 0 31 43 160 4
34 0 32 43 160 4
34 0 33 43 160 4
34 0 34 43 160 4
34 0 35 43 160 4
34 0 36 43 160 4
34 0 37 43 160 4
34 0 38 43 160 4
34 0 39 43 160 4
34 0 40 43 160 4
34 0 41 43 160 4
34 0 42 43 160 4
34 0 43 43 160 4
34 0 44 43 160 4
34 0 45 43 160 4
34 0 46 43 160 4
34 0 47 43 160 4
34 0 48 43 160 4
34 0 49 43 160 4
34 0 50 43 160 4
34 0 51 43 160 4
34 0 52 43 160 4
34 0 53 43 160 4
34 0 54 43 160 4
34 0 55 43 160 4
34 0 56 43 160 4
34 0 57 43 160 4
34 0 58 43 160 4
34 0 59 43 160 4
34 1 20 255 186 119
34 1 21 255 186 119
34 1 22 255 186 119
34 1 23 255 186 119
34 1 24 255 186 119
34 2 17 255 186 119
34 2 18 255 186 119
34 2 19 255 186 119
34 2 20 255 186 119
34 2 21 255 186 119
34 2 22 255 186 119
34 2 23 255 186 119
34 2 24 255 186 119
34 2 25 255 186 119
34 2 26 255 186 119
34 2 27 255 186 119
34 3 14 255 186 119
34 3 15 255 186 119
34 3 16 255 186 119
34 3 17 255 186 119
34 3 18 255 186 119
34 3 19 255 186 119
34 3 20 255 186 119
34 3 21 255 186 119
34 3 22 255 186 119
34 3 23 255 186 119
34 3 24 255 186 119
34 3 25 255 186 119
34 3 26 255 186 119
34 3 27 255 186 119
34 3 28 255 186 119
34 3 29 255 186 119
34 3 31 255 186 119
34 3 32 255 186 119
34 4 12 255 186 119
34 4 13 255 186 119
34 4 14 255 186 119
34 4 15 255 186 119
34 4 16 255 186 119
34 4 17 255 186 119
34 4 18 255 186 119
34 4 19 255 186 119
34 4 20 255 186 119
34 4 21 255 186 119
34 4 22 255 186 119
34 4 23 255 186 119
34 4 24 255 186 119
34 4 25 255 186 119
34 4 26 255 186 119
34 4 27 255 186 119
34 4 28 255 186 119
34 4 31 255 186 119
34 4 32 255 186 119
34 5 10 255 186 119
34 5 11 255 186 119
34 5 12 255 186 119
34 5 13 255 186 119
34 5 14 255 186 119
34 5 15 255 186 119
34 5 16 255 186 119
34 5 17 255 186 119
34 5 18 255 186 119
34 5 19 255 186 119
34 5 20 255 186 119
34 5 21 255 186 119
34 5 22 255 186 119
34 5 23 255 186 119
34 5 24 255 186 119
34 5 25 255 186 119
34 5 26 255 186 119
34 5 27 255 186 119
34 5 28 255 186 119
34 5 31 255 186 119
34 5 32 255 186 119
34 6 8 255 186 119
34 6 9 255 186 119
34 6 10 255 186 119
34 6 11 255 186 119
34 6 12 255 186 119
34 6 13 255 186 119
34 6 14 255 186 119
34 6 15 255 186 119
34 6 19 255 186 119
34 6 20 255 186 119
34 6 21 255 186 119
34 6 22 255 186 119
34 6 23 255 186 119
34 6 24 255 186 119
34 6 25 255 186 119
34 6 26 255 186 119
34 6 27 255 186 119
34 7 8 255 186 119
34 7 10 255 186 119
34 7 11 255 186 119
34 7 22 255 186 119
34 7 23 255 186 119
34 7 24 255 186 119
34 8 8 255 186 119
34 8 9 196 175 214
34 8 11 196 175 214
34 8 13 196 175 214
34 8 14 196 175 214
34 8 23 255 186 119
34 8 24 255 186 119
34 9 7 147 102 188
34 9 13 196 175 214
34 9 14 196 175 214
34 9 15 196 175 214
34 10 13 196 175 214
34 10 14 196 175 214
34 11 16 196 175 214
34 12 23 196 175 214
34 13 34 158 216 229
34 14 34 158 216 229
34 14 35 158 216 229
34 14 36 158 216 229
34 15 34 158 216 229
34 15 35 158 216 229
34 15 36 158 216 229
34 16 34 158 216 229
34 16 35 158 216 229
34 16 37 158 216 229
34 17 34 158 216 229
34 17 35 158 216 229
34 17 36 158 216 229
34 18 34 158 216 229
34 18 35 158 216 229
34 18 36 158 216 229
34 19 34 158 216 229
34 19 35 158 216 229
34 19 36 158 216 229
34 20 34 158 216 229
34 20 35 158 216 229
34 20 36 158 216 229
34 21 34 158 216 229
34 21 35 158 216 229
34 21 36 158 216 229
34 22 34 158 216 229
34 22 35 158 216 229
34 22 36 158 216 229
34 23 34 158 216 229
34 23 35 158 216 229
34 24 34 158 216 229
34 24 35 158 216 229
34 25 34 158 216 229
34 25 35 158 216 229
34 25 36 158 216 229
34 26 34 158 216 229
34 26 35 158 216 229
34 26 36 158 216 229
34 27 34 158 216 229
34 27 35 158 216 229
34 27 36 158 216 229
34 28 35 158 216 229
35 0 23 43 160 4
35 0 24 43 160 4
35 0 25 43 160 4
35 0 26 43 160 4
35 0 27 43 160 4
35 0 28 43 160 4
35 0 29 43 160 4
35 0 30 43 160 4
35 0 31 43 160 4
35 0 32 43 160 4
35 0 33 43 160 4
35 0 34 43 160 4
35 0 35 43 160 4
35 0 36 43 160 4
35 0 37 43 160 4
35 0 38 43 160 4
35 0 39 43 160 4
35 0 40 43 160 4
35 0 41 43 160 4
35 0 42 43 160 4
35 0 43 43 160 4
35 0 44 43 160 4
35 0 45 43 160 4
35 0 46 43 160 4
35 0 47 43 160 4
35 0 48 43 160 4
35 0 49 43 160 4
35 0 50 43 160 4
35 0 51 43 160 4
35 0 52 43 160 4
35 0 53 43 160 4
35 0 54 43 160 4
35 0 55 43 160 4
35 0 56 43 160 4
35 0 57 43 160 4
35 0 58 43 160 4
35 0 59 43 160 4
35 1 20 255 186 119
35 1 21 255 186 119
35 1 22 255 186 119
35 1 23 255 186 119
35 1 24 255 186 119
35 1 25 255 186 119
35 2 17 255 186 119
35 2 18 255 186 119
35 2 19 255 186 119
35 2 20 255 186 119
35 2 21 255 186 119
35 2 22 255 186 119
35 2 23 255 186 119
35 2 24 255 186 119
35 2 25 255 186 119
35 2 26 255 186 119
35 2 27 255 186 119
35 2 28 255 186 119
35 2 30 255 186 119
35 3 14 255 186 119
35 3 15 255 186 119
35 3 16 255 186 119
35 3 17 255 186 119
35 3 18 255 186 119
35 3 19 255 186 119
35 3 20 255 186 119
35 3 21 255 186 119
35 3 22 255 186 119
35 3 23 255 186 119
35 3 24 255 186 119
35 3 25 255 186 119
35 3 26 255 186 119
35 3 27 255 186 119
35 3 28 255 186 119
35 3 29 255 186 119
35 3 30 255 186 119
35 3 31 255 186 119
35 3 32 255 186 119
35 4 11 255 186 119
35 4 12 255 186 119
35 4 13 255 186 119
35 4 14 255 186 119
35 4 15 255 186 119
35 4 16 255 186 119
35 4 17 255 186 119
35 4 18 255 186 119
35 4 19 255 186 119
35 4 20 255 186 119
35 4 21 255 186 119
35 4 22 255 186 119
35 4 23 255 186 119
35 4 24 255 186 119
35 4 25 255 186 119
35 4 26 255 186 119
35 4 27 255 186 119
35 4 28 255 186 119
35 4 29 255 186 119
35 4 30 255 186 119
35 4 31 255 186 119
35 4 32 255 186 119
35 5 10 255 186 119
35 5 11 255 186 119
35 5 12 255 186 119
35 5 13 255 186 119
35 5 14 255 186 119
35 5 15 255 186 119
35 5 16 255 186 119
35 5 17 255 186 119
35 5 18 255 186 119
35 5 19 255 186 119
35 5 20 255 186 119
35 5 21 255 186 119
35 5 22 255 186 119
35 5 23 255 186 119
35 5 24 255 186 119
35 5 25 255 186 119
35 5 26 255 186 119
35 5 27 255 186 119
35 5 28 255 186 119
35 5 29 255 186 119
35 5 30 255 186 119
35 5 31 255 186 119
35 5 32 255 186 119
35 6 10 255 186 119
35 6 11 255 186 119
35 6 12 255 186 119
35 6 13 255 186 119
35 6 14 255 186 119
35 6 15 255 186 119
35 6 18 255 186 119
35 6 19 255 186 119
35 6 20 255 186 119
35 6 21 255 186 119
35 6 22 255 186 119
35 6 23 255 186 119
35 6 24 255 186 119
35 6 25 255 186 119
35 6 26 255 186 119
35 6 27 255 186 119
35 6 31 255 186 119
35 6 32 255 186 119
35 7 10 255 186 119
35 7 14 255 186 119
35 7 15 255 186 119
35 7 23 255 186 119
35 8 9 255 186 119
35 8 23 255 186 119
35 9 9 255 186 119
35 9 17 255 186 119
35 9 18 255 186 119
35 9 19 255 186 119
35 9 23 255 186 119
35 12 23 196 175 214
35 13 34 158 216 229
35 14 34 158 216 229
35 14 35 158 216 229
35 15 33 158 216 229
35 15 34 158 216 229
35 15 35 158 216 229
35 16 33 158 216 229
35 16 34 158 216 229
35 16 35 158 216 229
35 16 36 158 216 229
35 17 34 158 216 229
35 17 35 158 216 229
35 17 36 158 216 229
35 18 34 158 216 229
35 18 35 158 216 229
35 18 36 158 216 229
35 19 34 158 216 229
35 19 35 158 216 229
35 20 33 158 216 229
35 20 34 158 216 229
35 20 35 158 216 229
35 21 34 158 216 229
35 21 35 158 216 229
35 21 36 158 216 229
35 22 34 158 216 229
35 22 35 158 216 229
35 23 34 158 216 229
35 23 35 158 216 229
35 24 34 158 216 229
35 24 35 158 216 229
35 25 34 158 216 229
35 25 35 158 216 229
35 25 36 158 216 229
35 26 34 158 216 229
35 26 35 158 216 229
35 26 36 158 216 229
35 27 34 158 216 229
35 27 35 158 216 229
35 28 35 158 216 229
35 29 36 158 216 229
36 0 22 43 160 4
36 0 23 43 160 4
36 0 24 43 160 4
36 0 25 43 160 4
36 0 26 43 160 4
36 0 27 43 160 4
36 0 28 43 160 4
36 0 29 43 160 4
36 0 30 43 160 4
36 0 31 43 160 4
36 0 32 43 160 4
36 0 33 43 160 4
36 0 34 43 160 4
36 0 35 43 160 4
36 0 36 43 160 4
36 0 37 43 160 4
36 0 38 43 160 4
36 0 39 43 160 4
36 0 40 43 160 4
36 0 41 43 160 4
36 0 42 43 160 4
36 0 43 43 160 4
36 0 44 43 160 4
36 0 45 43 160 4
36 0 46 43 160 4
36 0 47 43 160 4
36 0 48 43 160 4
36 0 49 43 160 4
36 0 50 43 160 4
36 0 51 43 160 4
36 0 52 43 160 4
36 0 53 43 160 4
36 0 54 43 160 4
36 0 55 43 160 4
36 0 56 43 160 4
36 0 57 43 160 4
36 0 58 43 160 4
36 0 59 43 160 4
36 1 22 255 186 119
36 1 23 255 186 119
36 1 24 255 186 119
36 1 25 255 186 119
36 1 31 255 186 119
36 1 32 255 186 119
36 2 17 255 186 119
36 2 18 255 186 119
36 2 19 255 186 119
36 2 20 255 186 119
36 2 21 255 186 119
36 2 22 255 186 119
36 2 23 255 186 119
36 2 24 255 186 119
36 2 25 255 186 119
36 2 26 255 186 119
36 2 27 255 186 119
36 2 28 255 186 119
36 2 29 255 186 119
36 2 30 255 186 119
36 2 31 255 186 119
36 2 32 255 186 119
36 3 14 255 186 119
36 3 15 255 186 119
36 3 16 255 186 119
36 3 17 255 186 119
36 3 18 255 186 119
36 3 19 255 186 119
36 3 20 255 186 119
36 3 21 255 186 119
36 3 22 255 186 119
36 3 23 255 186 119
36 3 24 255 186 119
36 3 25 255 186 119
36 3 26 255 186 119
36 3 27 255 186 119
36 3 28 255 186 119
36 3 29 255 186 119
36 3 30 255 186 119
36 3 31 255 186 119
36 3 32 255 186 119
36 3 33 255 186 119
36 4 12 255 186 119
36 4 13 255 186 119
36 4 14 255 186 119
36 4 15 255 186 119
36 4 16 255 186 119
36 4 17 255 186 119
36 4 18 255 186 119
36 4 19 255 186 119
36 4 20 255 186 119
36 4 21 255 186 119
36 4 22 255 186 119
36 4 23 255 186 119
36 4 24 255 186 119
36 4 25 255 186 119
36 4 26 255 186 119
36 4 27 255 186 119
36 4 28 255 186 119
36 4 29 255 186 119
36 4 30 255 186 119
36 4 31 255 186 119
36 4 32 255 186 119
36 4 33 255 186 119
36 5 11 255 186 119
36 5 12 255 186 119
36 5 13 255 186 119
36 5 14 255 186 119
36 5 15 255 186 119
36 5 16 255 186 119
36 5 17 255 186 119
36 5 18 255 186 119
36 5 19 255 186 119
36 5 20 255 186 119
36 5 21 255 186 119
36 5 22 255 186 119
36 5 23 255 186 119
36 5 24 255 186 119
36 5 25 255 186 119
36 5 26 255 186 119
36 5 27 255 186 119
36 5 28 255 186 119
36 5 29 255 186 119
36 5 30 255 186 119
36 5 31 255 186 119
36 5 32 255 186 119
36 5 33 255 186 119
36 6 11 255 186 119
36 6 12 255 186 119
36 6 13 255 186 119
36 6 14 255 186 119
36 6 15 255 186 119
36 6 16 255 186 119
36 6 17 255 186 119
36 6 18 255 186 119
36 6 19 255 186 119
36 6 20 255 186 119
36 6 21 255 186 119
36 6 22 255 186 119
36 6 23 255 186 119
36 6 24 255 186 119
36 6 25 255 186 119
36 6 26 255 186 119
36 6 27 255 186 119
36 6 28 255 186 119
36 6 29 255 186 119
36 6 30 255 186 119
36 6 31 255 186 119
36 6 32 255 186 119
36 7 24 255 186 119
36 9 22 255 186 119
36 9 25 255 186 119
36 12 23 196 175 214
36 13 34 158 216 229
36 14 33 158 216 229
36 14 34 158 216 229
36 14 35 158 216 229
36 14 36 158 216 229
36 15 33 158 216 229
36 15 34 158 216 229
36 15 35 158 216 229
36 16 33 158 216 229
36 16 34 158 216 229
36 16 35 158 216 229
36 17 34 158 216 229
36 17 35 158 216 229
36 17 36 158 216 229
36 18 34 158 216 229
36 18 35 158 216 229
36 18 36 158 216 229
36 19 33 158 216 229
36 19 34 158 216 229
36 19 35 158 216 229
36 20 33 158 216 229
36 20 34 158 216 229
36 20 35 158 216 229
36 21 33 158 216 229
36 21 34 158 216 229
36 21 35 158 216 229
36 22 33 158 216 229
36 22 34 158 216 229
36 22 35 158 216 229
36 23 33 158 216 229
36 23 34 158 216 229
36 23 35 158 216 229
36 24 33 158 216 229
36 24 34 158 216 229
36 24 35 158 216 229
36 25 33 158 216 229
36 25 34 158 216 229
36 25 35 158 216 229
36 25 36 158 216 229
36 26 33 158 216 229
36 26 34 158 216 229
36 26 35 158 216 229
36 26 36 158 216 229
36 27 33 158 216 229
36 27 34 158 216 229
36 27 35 158 216 229
36 28 35 158 216 229
36 29 36 158 216 229
37 0 22 43 160 4
37 0 23 43 160 4
37 0 24 43 160 4
37 0 25 43 160 4
37 0 26 43 160 4
37 0 27 43 160 4
37 0 28 43 160 4
37 0 29 43 160 4
37 0 30 43 160 4
37 0 31 43 160 4
37 0 32 43 160 4
37 0 33 43 160 4
37 0 34 43 160 4
37 0 35 43 160 4
37 0 36 43 160 4
37 0 37 43 160 4
37 0 38 43 160 4
37 0 39 43 160 4
37 0 40 43 160 4
37 0 41 43 160 4
37 0 42 43 160 4
37 0 43 43 160 4
37 0 44 43 160 4
37 0 45 43 160 4
37 0 46 43 160 4
37 0 47 43 160 4
37 0 48 43 160 4
37 0 49 43 160 4
37 0 50 43 160 4
37 0 51 43 160 4
37 0 52 43 160 4
37 0 53 43 160 4
37 0 54 43 160 4
37 0 55 43 160 4
37 0 56 43 160 4
37 0 57 43 160 4
37 0 58 43 160 4
37 0 59 43 160 4
37 1 21 255 186 119
37 1 22 255 186 119
37 1 23 255 186 119
37 1 24 255 186 119
37 1 25 255 186 119
37 1 26 255 186 119
37 1 27 255 186 119
37 1 29 255 186 119
37 1 30 255 186 119
37 1 31 255 186 119
37 1 32 255 186 119
37 2 17 255 186 119
37 2 18 255 186 119
37 2 19 255 186 119
37 2 20 255 186 119
37 2 21 255 186 119
37 2 22 255 186 119
37 2 23 255 186 119
37 2 24 255 186 119
37 2 25 255 186 119
37 2 26 255 186 119
37 2 27 255 186 119
37 2 28 255 186 119
37 2 29 255 186 119
37 2 30 255 186 119
37 2 31 255 186 119
37 2 32 255 186 119
37 3 14 255 186 119
37 3 15 255 186 119
37 3 16 255 186 119
37 3 17 255 186 119
37 3 18 255 186 119
37 3 19 255 186 119
37 3 20 255 186 119
37 3 21 255 186 119
37 3 22 255 186 119
37 3 23 255 186 119
37 3 24 255 186 119
37 3 25 255 186 119
37 3 26 255 186 119
37 3 27 255 186 119
37 3 28 255 186 119
37 3 29 255 186 119
37 3 30 255 186 119
37 3 31 255 186 119
37 3 32 255 186 119
37 3 33 255 186 119
37 4 13 255 186 119
37 4 14 255 186 119
37 4 15 255 186 119
37 4 16 255 186 119
37 4 17 255 186 119
37 4 18 255 186 119
37 4 19 255 186 119
37 4 20 255 186 119
37 4 21 255 186 119
37 4 22 255 186 119
37 4 23 255 186 119
37 4 24 255 186 119
37 4 25 255 186 119
37 4 26 255 186 119
37 4 27 255 186 119
37 4 28 255 186 119
37 4 29 255 186 119
37 4 30 255 186 119
37 4 31 255 186 119
37 4 32 255 186 119
37 4 33 255 186 119
37 5 13 255 186 119
37 5 14 255 186 119
37 5 15 255 186 119
37 5 16 255 186 119
37 5 17 255 186 119
37 5 18 255 186 119
37 5 19 255 186 119
37 5 20 255 186 119
37 5 21 255 186 119
37 5 22 255 186 119
37 5 23 255 186 119
37 5 24 255 186 119
37 5 25 255 186 119
37 5 26 255 186 119
37 5 27 255 186 119
37 5 28 255 186 119
37 5 29 255 186 119
37 5 30 255 186 119
37 5 31 255 186 119
37 5 32 255 186 119
37 5 33 255 186 119
37 6 13 255 186 119
37 6 14 255 186 119
37 6 15 255 186 119
37 6 16 255 186 119
37 6 17 255 186 119
37 6 18 255 186 119
37 6 19 255 186 119
37 6 20 255 186 119
37 6 21 255 186 119
37 6 22 255 186 119
37 6 23 255 186 119
37 6 24 255 186 119
37 6 25 255 186 119
37 6 26 255 186 119
37 6 27 255 186 119
37 6 28 255 186 119
37 6 29 255 186 119
37 6 30 255 186 119
37 6 31 255 186 119
37 6 32 255 186 119
37 7 24 255 186 119
37 7 25 255 186 119
37 8 23 255 186 119
37 8 24 255 186 119
37 9 25 255 186 119
37 9 28 255 186 119
37 10 26 255 186 119
37 12 24 196 175 214
37 13 29 196 175 214
37 13 34 158 216 229
37 14 33 158 216 229
37 14 34 158 216 229
37 14 35 158 216 229
37 15 33 158 216 229
37 15 34 158 216 229
37 15 35 158 216 229
37 16 33 158 216 229
37 16 34 158 216 229
37 16 35 158 216 229
37 17 33 158 216 229
37 17 34 158 216 229
37 17 35 158 216 229
37 17 36 158 216 229
37 18 32 158 216 229
37 18 33 158 216 229
37 18 34 158 216 229
37 18 35 158 216 229
37 18 36 158 216 229
37 18 37 158 216 229
37 19 33 158 216 229
37 19 34 158 216 229
37 19 35 158 216 229
37 20 33 158 216 229
37 20 34 158 216 229
37 21 33 158 216 229
37 21 34 158 216 229
37 22 33 158 216 229
37 22 34 158 216 229
37 22 35 158 216 229
37 23 33 158 216 229
37 23 34 158 216 229
37 23 35 158 216 229
37 24 33 158 216 229
37 24 34 158 216 229
37 24 35 158 216 229
37 25 33 158 216 229
37 25 34 158 216 229
37 25 35 158 216 229
37 26 33 158 216 229
37 26 34 158 216 229
37 26 35 158 216 229
37 26 36 158 216 229
37 27 33 158 216 229
37 27 34 158 216 229
37 27 35 158 216 229
37 28 35 158 216 229
38 0 22 43 160 4
38 0 23 43 160 4
38 0 24 43 160 4
38 0 25 43 160 4
38 0 26 43 160 4
38 0 27 43 160 4
38 0 28 43 160 4
38 0 29 43 160 4
38 0 30 43 160 4
38 0 31 43 160 4
38 0 32 43 160 4
38 0 33 43 160 4
38 0 34 43 160 4
38 0 35 43 160 4
38 0 36 43 160 4
38 0 37 43 160 4
38 0 38 43 160 4
38 0 39 43 160 4
38 0 40 43 160 4
38 0 41 43 160 4
38 0 42 43 160 4
38 0 43 43 160 4
38 0 44 43 160 4
38 0 45 43 160 4
38 0 46 43 160 4
38 0 47 43 160 4
38 0 48 43 160 4
38 0 49 43 160 4
38 0 50 43 160 4
38 0 51 43 160 4
38 0 52 43 160 4
38 0 53 43 160 4
38 0 54 43 160 4
38 0 55 43 160 4
38 0 56 43 160 4
38 0 57 43 160 4
38 0 58 43 160 4
38 0 59 43 160 4
38 1 19 255 186 119
38 1 20 255 186 119
38 1 21 255 186 119
38 1 22 255 186 119
38 1 23 255 186 119
38 1 24 255 186 119
38 1 25 255 186 119
38 1 26 255 186 119
38 1 27 255 186 119
38 1 28 255 186 119
38 1 29 255 186 119
38 1 30 255 186 119
38 1 31 255 186 119
38 1 32 255 186 119
38 2 17 255 186 119
38 2 18 255 186 119
38 2 19 255 186 119
38 2 20 255 186 119
38 2 21 255 186 119
38 2 22 255 186 119
38 2 23 255 186 119
38 2 24 255 186 119
38 2 25 255 186 119
38 2 26 255 186 119
38 2 27 255 186 119
38 2 28 255 186 119
38 2 29 255 186 119
38 2 30 255 186 119
38 2 31 255 186 119
38 2 32 255 186 119
38 2 33 255 186 119
38 3 15 255 186 119
38 3 16 255 186 119
38 3 17 255 186 119
38 3 18 255 186 119
38 3 19 255 186 119
38 3 20 255 186 119
38 3 21 255 186 119
38 3 22 255 186 119
38 3 23 255 186 119
38 3 24 255 186 119
38 3 25 255 186 119
38 3 26 255 186 119
38 3 27 255 186 119
38 3 28 255 186 119
38 3 29 255 186 119
38 3 30 255 186 119
38 3 31 255 186 119
38 3 32 255 186 119
38 3 33 255 186 119
38 4 15 255 186 119
38 4 16 255 186 119
38 4 17 255 186 119
38 4 18 255 186 119
38 4 19 255 186 119
38 4 20 255 186 119
38 4 21 255 186 119
38 4 22 255 186 119
38 4 23 255 186 119
38 4 24 255 186 119
38 4 25 255 186 119
38 4 26 255 186 119
38 4 27 255 186 119
38 4 28 255 186 119
38 4 29 255 186 119
38 4 30 255 186 119
38 4 31 255 186 119
38 4 32 255 186 119
38 4 33 255 186 119
38 5 15 255 186 119
38 5 16 255 186 119
38 5 17 255 186 119
38 5 18 255 186 119
38 5 19 255 186 119
38 5 20 255 186 119
38 5 21 255 186 119
38 5 22 255 186 119
38 5 23 255 186 119
38 5 24 255 186 119
38 5 25 255 186 119
38 5 26 255 186 119
38 5 27 255 186 119
38 5 28 255 186 119
38 5 29 255 186 119
38 5 30 255 186 119
38 5 31 255 186 119
38 5 32 255 186 119
38 5 33 255 186 119
38 6 14 255 186 119
38 6 15 255 186 119
38 6 17 255 186 119
38 6 18 255 186 119
38 6 19 255 186 119
38 6 20 255 186 119
38 6 21 255 186 119
38 6 22 255 186 119
38 6 23 255 186 119
38 6 24 255 186 119
38 6 25 255 186 119
38 6 26 255 186 119
38 6 27 255 186 119
38 6 28 255 186 119
38 6 29 255 186 119
38 6 30 255 186 119
38 6 31 255 186 119
38 6 32 255 186 119
38 6 33 255 186 119
38 7 22 255 186 119
38 7 25 255 186 119
38 7 31 255 186 119
38 7 32 255 186 119
38 8 23 255 186 119
38 8 24 255 186 119
38 8 25 255 186 119
38 8 26 255 186 119
38 8 27 255 186 119
38 9 23 255 186 119
38 9 24 255 186 119
38 9 28 255 186 119
38 9 30 255 186 119
38 9 31 255 186 119
38 10 30 255 186 119
38 13 29 196 175 214
38 13 31 196 175 214
38 13 32 158 216 229
38 13 33 158 216 229
38 13 34 158 216 229
38 14 33 158 216 229
38 14 34 158 216 229
38 15 33 158 216 229
38 15 34 158 216 229
38 16 33 158 216 229
38 16 34 158 216 229
38 16 35 158 216 229
38 17 32 158 216 229
38 17 33 158 216 229
38 17 34 158 216 229
38 17 35 158 216 229
38 18 32 158 216 229
38 18 33 158 216 229
38 18 34 158 216 229
38 18 35 158 216 229
38 19 33 158 216 229
38 19 34 158 216 229
38 19 35 158 216 229
38 20 32 158 216 229
38 20 33 158 216 229
38 20 34 158 216 229
38 21 32 158 216 229
38 21 33 158 216 229
38 21 34 158 216 229
38 22 33 158 216 229
38 22 34 158 216 229
38 22 35 158 216 229
38 23 33 158 216 229
38 23 34 158 216 229
38 23 35 158 216 229
38 24 33 158 216 229
38 24 34 158 216 229
38 24 35 158 216 229
38 25 32 158 216 229
38 25 33 158 216 229
38 25 34 158 216 229
38 25 35 158 216 229
38 26 31 158 216 229
38 26 32 158 216 229
38 26 33 158 216 229
38 26 34 158 216 229
38 27 33 158 216 229
38 27 34 158 216 229
38 28 35 158 216 229
39 0 22 43 160 4
39 0 23 43 160 4
39 0 24 43 160 4
39 0 25 43 160 4
39 0 26 43 160 4
39 0 27 43 160 4
39 0 28 43 160 4
39 0 29 43 160 4
39 0 30 43 160 4
39 0 31 43 160 4
39 0 32 43 160 4
39 0 33 43 160 4
39 0 34 43 160 4
39 0 35 43 160 4
39 0 36 43 160 4
39 0 37 43 160 4
39 0 38 43 160 4
39 0 39 43 160 4
39 0 40 43 160 4
39 0 41 43 160 4
39 0 42 43 160 4
39 0 43 43 160 4
39 0 44 43 160 4
39 0 45 43 160 4
39 0 46 43 160 4
39 0 47 43 160 4
39 0 48 43 160 4
39 0 49 43 160 4
39 0 50 43 160 4
39 0 51 43 160 4
39 0 52 43 160 4
39 0 53 43 160 4
39 0 54 43 160 4
39 0 55 43 160 4
39 0 56 43 160 4
39 0 57 43 160 4
39 0 58 43 160 4
39 0 59 43 160 4
39 1 19 255 186 119
39 1 20 255 186 119
39 1 21 255 186 119
39 1 22 255 186 119
39 1 23 255 186 119
39 1 24 255 186 119
39 1 25 255 186 119
39 1 26 255 186 119
39 1 27 255 186 119
39 1 28 255 186 119
39 1 29 255 186 119
39 1 30 255 186 119
39 1 31 255 186 119
39 1 32 255 186 119
39 1 33 255 186 119
39 2 17 255 186 119
39 2 18 255 186 119
39 2 19 255 186 119
39 2 20 255 186 119
39 2 21 255 186 119
39 2 22 255 186 119
39 2 23 255 186 119
39 2 24 255 186 119
39 2 25 255 186 119
39 2 26 255 186 119
39 2 27 255 186 119
39 2 28 255 186 119
39 2 29 255 186 119
39 2 30 255 186 119
39 2 31 255 186 119
39 2 32 255 186 119
39 2 33 255 186 119
39 3 17 255 186 119
39 3 18 255 186 119
39 3 19 255 186 119
39 3 20 255 186 119
39 3 21 255 186 119
39 3 22 255 186 119
39 3 23 255 186 119
39 3 24 255 186 119
39 3 25 255 186 119
39 3 26 255 186 119
39 3 27 255 186 119
39 3 28 255 186 119
39 3 29 255 186 119
39 3 30 255 186 119
39 3 31 255 186 119
39 3 32 255 186 119
39 3 33 255 186 119
39 3 35 158 216 229
39 4 16 255 186 119
39 4 17 255 186 119
39 4 18 255 186 119
39 4 19 255 186 119
39 4 20 255 186 119
39 4 21 255 186 119
39 4 22 255 186 119
39 4 23 255 186 119
39 4 24 255 186 119
39 4 25 255 186 119
39 4 26 255 186 119
39 4 27 255 186 119
39 4 28 255 186 119
39 4 29 255 186 119
39 4 30 255 186 119
39 4 31 255 186 119
39 4 32 255 186 119
39 4 33 255 186 119
39 5 16 255 186 119
39 5 17 255 186 119
39 5 18 255 186 119
39 5 19 255 186 119
39 5 20 255 186 119
39 5 21 255 186 119
39 5 22 255 186 119
39 5 23 255 186 119
39 5 24 255 186 119
39 5 25 255 186 119
39 5 26 255 186 119
39 5 27 255 186 119
39 5 28 255 186 119
39 5 29 255 186 119
39 5 30 255 186 119
39 5 31 255 186 119
39 5 32 255 186 119
39 5 33 255 186 119
39 6 16 255 186 119
39 6 17 255 186 119
39 6 18 255 186 119
39 6 19 255 186 119
39 6 20 255 186 119
39 6 21 255 186 119
39 6 22 255 186 119
39 6 23 255 186 119
39 6 24 255 186 119
39 6 25 255 186 119
39 6 26 255 186 119
39 6 27 255 186 119
39 6 28 255 186 119
39 6 29 255 186 119
39 6 30 255 186 119
39 6 31 255 186 119
39 6 32 255 186 119
39 6 33 158 216 229
39 7 21 255 186 119
39 7 22 255 186 119
39 7 24 255 186 119
39 7 25 255 186 119
39 7 31 255 186 119
39 7 32 255 186 119
39 7 33 158 216 229
39 8 23 255 186 119
39 8 24 255 186 119
39 8 25 255 186 119
39 8 26 255 186 119
39 8 27 255 186 119
39 8 32 255 186 119
39 8 33 158 216 229
39 9 23 255 186 119
39 9 24 255 186 119
39 9 25 255 186 119
39 9 26 255 186 119
39 9 27 255 186 119
39 9 28 255 186 119
39 9 33 158 216 229
39 10 27 255 186 119
39 10 31 255 186 119
39 10 33 158 216 229
39 11 33 158 216 229
39 13 30 196 175 214
39 13 31 196 175 214
39 13 32 158 216 229
39 13 33 158 216 229
39 14 32 158 216 229
39 14 33 158 216 229
39 14 34 158 216 229
39 15 32 158 216 229
39 15 33 158 216 229
39 15 34 158 216 229
39 16 33 158 216 229
39 16 34 158 216 229
39 17 32 158 216 229
39 17 33 158 216 229
39 17 34 158 216 229
39 18 33 158 216 229
39 18 34 158 216 229
39 19 33 158 216 229
39 19 34 158 216 229
39 20 33 158 216 229
39 20 34 158 216 229
39 21 32 158 216 229
39 21 33 158 216 229
39 21 34 158 216 229
39 22 32 158 216 229
39 22 33 158 216 229
39 22 34 158 216 229
39 23 32 158 216 229
39 23 33 158 216 229
39 23 34 158 216 229
39 24 33 158 216 229
39 24 34 158 216 229
39 25 32 158 216 229
39 25 33 158 216 229
39 25 34 158 216 229
39 26 32 158 216 229
39 26 33 158 216 229
39 26 34 158 216 229
39 27 33 158 216 229
39 27 34 158 216 229
40 0 22 43 160 4
40 0 23 43 160 4
40 0 24 43 160 4
40 0 25 43 160 4
40 0 26 43 160 4
40 0 27 43 160 4
40 0 28 43 160 4
40 0 29 43 160 4
40 0 30 43 160 4
40 0 31 43 160 4
40 0 32 43 160 4
40 0 33 43 160 4
40 0 34 43 160 4
40 0 35 43 160 4
40 0 36 43 160 4
40 0 37 43 160 4
40 0 38 43 160 4
40 0 39 43 160 4
40 0 40 43 160 4
40 0 41 43 160 4
40 0 42 43 160 4
40 0 43 43 160 4
40 0 44 43 160 4
40 0 45 43 160 4
40 0 46 43 160 4
40 0 47 43 160 4
40 0 48 43 160 4
40 0 49 43 160 4
40 0 50 43 160 4
40 0 51 43 160 4
40 0 52 43 160 4
40 0 53 43 160 4
40 0 54 43 160 4
40 0 55 43 160 4
40 0 56 43 160 4
40 0 57 43 160 4
40 0 58 43 160 4
40 0 59 43 160 4
40 1 19 255 186 119
40 1 20 255 186 119
40 1 21 255 186 119
40 1 22 255 186 119
40 1 23 255 186 119
40 1 24 255 186 119
40 1 25 255 186 119
40 1 26 255 186 119
40 1 27 255 186 119
40 1 28 255 186 119
40 1 29 255 186 119
40 1 30 255 186 119
40 1 31 255 186 119
40 1 32 255 186 119
40 2 18 255 186 119
40 2 19 255 186 119
40 2 20 255 186 119
40 2 21 255 186 119
40 2 22 255 186 119
40 2 23 255 186 119
40 2 24 255 186 119
40 2 25 255 186 119
40 2 26 255 186 119
40 2 27 255 186 119
40 2 28 255 186 119
40 2 29 255 186 119
40 2 30 255 186 119
40 2 31 255 186 119
40 2 32 255 186 119
40 3 18 255 186 119
40 3 19 255 186 119
40 3 20 255 186 119
40 3 21 255 186 119
40 3 22 255 186 119
40 3 23 255 186 119
40 3 24 255 186 119
40 3 25 255 186 119
40 3 26 255 186 119
40 3 27 255 186 119
40 3 28 255 186 119
40 3 29 255 186 119
40 3 30 255 186 119
40 3 31 255 186 119
40 3 32 255 186 119
40 3 33 255 186 119
40 4 18 255 186 119
40 4 19 255 186 119
40 4 20 255 186 119
40 4 21 255 186 119
40 4 22 255 186 119
40 4 23 255 186 119
40 4 24 255 186 119
40 4 25 255 186 119
40 4 26 255 186 119
40 4 27 255 186 119
40 4 28 255 186 119
40 4 29 255 186 119
40 4 30 255 186 119
40 4 31 255 186 119
40 4 32 255 186 119
40 4 33 255 186 119
40 4 34 255 186 119
40 5 18 255 186 119
40 5 19 255 186 119
40 5 20 255 186 119
40 5 21 255 186 119
40 5 22 255 186 119
40 5 23 255 186 119
40 5 24 255 186 119
40 5 25 255 186 119
40 5 26 255 186 119
40 5 27 255 186 119
40 5 28 255 186 119
40 5 29 255 186 119
40 5 30 255 186 119
40 5 31 255 186 119
40 5 32 255 186 119
40 5 33 255 186 119
40 6 19 255 186 119
40 6 20 255 186 119
40 6 21 255 186 119
40 6 22 255 186 119
40 6 23 255 186 119
40 6 24 255 186 119
40 6 25 255 186 119
40 6 26 255 186 119
40 6 27 255 186 119
40 6 28 255 186 119
40 6 29 255 186 119
40 6 30 255 186 119
40 6 31 255 186 119
40 6 32 255 186 119
40 7 21 255 186 119
40 7 24 255 186 119
40 7 32 255 186 119
40 8 17 255 186 119
40 8 22 255 186 119
40 8 23 255 186 119
40 8 24 255 186 119
40 8 26 255 186 119
40 8 27 255 186 119
40 9 23 255 186 119
40 9 24 255 186 119
40 9 25 255 186 119
40 9 26 255 186 119
40 9 27 255 186 119
40 9 28 255 186 119
40 9 29 255 186 119
40 9 30 255 186 119
40 9 31 255 186 119
40 10 28 255 186 119
40 10 29 255 186 119
40 10 30 255 186 119
40 12 30 196 175 214
40 13 31 196 175 214
40 13 34 158 216 229
40 14 32 158 216 229
40 14 33 158 216 229
40 14 34 158 216 229
40 15 33 158 216 229
40 15 34 158 216 229
40 16 33 158 216 229
40 16 34 158 216 229
40 17 32 158 216 229
40 17 33 158 216 229
40 17 34 158 216 229
40 18 32 158 216 229
40 18 33 158 216 229
40 18 34 158 216 229
40 19 32 158 216 229
40 19 33 158 216 229
40 19 34 158 216 229
40 20 32 158 216 229
40 20 33 158 216 229
40 20 34 158 216 229
40 21 32 158 216 229
40 21 33 158 216 229
40 21 34 158 216 229
40 22 32 158 216 229
40 22 33 158 216 229
40 22 34 158 216 229
40 23 32 158 216 229
40 23 33 158 216 229
40 23 34 158 216 229
40 24 32 158 216 229
40 24 33 158 216 229
40 24 34 158 216 229
40 25 32 158 216 229
40 25 33 158 216 229
40 25 34 158 216 229
40 26 32 158 216 229
40 26 33 158 216 229
40 26 34 158 216 229
40 26 35 158 216 229
40 27 33 158 216 229
40 27 34 158 216 229
41 0 22 43 160 4
41 0 23 43 160 4
41 0 24 43 160 4
41 0 25 43 160 4
41 0 26 43 160 4
41 0 27 43 160 4
41 0 28 43 160 4
41 0 29 43 160 4
41 0 30 43 160 4
41 0 31 43 160 4
41 0 32 43 160 4
41 0 33 43 160 4
41 0 34 43 160 4
41 0 35 43 160 4
41 0 36 43 160 4
41 0 37 43 160 4
41 0 38 43 160 4
41 0 39 43 160 4
41 0 40 43 160 4
41 0 41 43 160 4
41 0 42 43 160 4
41 0 43 43 160 4
41 0 44 43 160 4
41 0 45 43 160 4
41 0 46 43 160 4
41 0 47 43 160 4
41 0 48 43 160 4
41 0 49 43 160 4
41 0 50 43 160 4
41 0 51 43 160 4
41 0 52 43 160 4
41 0 53 43 160 4
41 0 54 43 160 4
41 0 55 43 160 4
41 0 56 43 160 4
41 0 57 43 160 4
41 0 58 43 160 4
41 0 59 43 160 4
41 1 20 255 186 119
41 1 21 255 186 119
41 1 22 255 186 119
41 1 23 255 186 119
41 1 24 255 186 119
41 1 25 255 186 119
41 1 26 255 186 119
41 1 27 255 186 119
41 1 28 255 186 119
41 1 29 255 186 119
41 1 30 255 186 119
41 1 31 255 186 119
41 1 32 255 186 119
41 1 33 255 186 119
41 2 20 255 186 119
41 2 21 255 186 119
41 2 22 255 186 119
41 2 23 255 186 119
41 2 24 255 186 119
41 2 25 255 186 119
41 2 26 255 186 119
41 2 27 255 186 119
41 2 28 255 186 119
41 2 29 255 186 119
41 2 30 255 186 119
41 2 31 255 186 119
41 2 32 255 186 119
41 2 33 255 186 119
41 3 20 255 186 119
41 3 21 255 186 119
41 3 22 255 186 119
41 3 23 255 186 119
41 3 24 255 186 119
41 3 25 255 186 119
41 3 26 255 186 119
41 3 27 255 186 119
41 3 28 255 186 119
41 3 29 255 186 119
41 3 30 255 186 119
41 3 31 255 186 119
41 3 32 255 186 119
41 3 33 255 186 119
41 4 20 255 186 119
41 4 21 255 186 119
41 4 22 255 186 119
41 4 23 255 186 119
41 4 24 255 186 119
41 4 25 255 186 119
41 4 26 255 186 119
41 4 27 255 186 119
41 4 28 255 186 119
41 4 29 255 186 119
41 4 30 255 186 119
41 4 31 255 186 119
41 4 32 255 186 119
41 4 33 255 186 119
41 5 20 255 186 119
41 5 21 255 186 119
41 5 22 255 186 119
41 5 23 255 186 119
41 5 24 255 186 119
41 5 25 255 186 119
41 5 26 255 186 119
41 5 27 255 186 119
41 5 28 255 186 119
41 5 29 255 186 119
41 5 30 255 186 119
41 5 31 255 186 119
41 5 32 255 186 119
41 5 33 255 186 119
41 6 19 255 186 119
41 6 20 255 186 119
41 6 21 255 186 119
41 6 22 255 186 119
41 6 23 255 186 119
41 6 24 255 186 119
41 6 25 255 186 119
41 6 26 255 186 119
41 6 27 255 186 119
41 6 28 255 186 119
41 6 29 255 186 119
41 6 30 255 186 119
41 6 31 255 186 119
41 6 32 255 186 119
41 6 33 158 216 229
41 7 19 255 186 119
41 7 21 255 186 119
41 7 24 255 186 119
41 7 25 255 186 119
41 7 31 255 186 119
41 7 32 255 186 119
41 8 22 255 186 119
41 8 23 255 186 119
41 8 24 255 186 119
41 8 32 158 216 229
41 8 33 158 216 229
41 9 22 255 186 119
41 9 23 255 186 119
41 9 24 255 186 119
41 9 25 255 186 119
41 9 26 255 186 119
41 9 27 255 186 119
41 9 28 255 186 119
41 9 29 255 186 119
41 9 30 255 186 119
41 9 31 255 186 119
41 9 34 158 216 229
41 10 28 255 186 119
41 10 29 255 186 119
41 10 30 255 186 119
41 10 31 255 186 119
41 10 32 255 186 119
41 11 30 196 175 214
41 11 31 196 175 214
41 11 32 158 216 229
41 12 30 196 175 214
41 12 31 196 175 214
41 12 32 158 216 229
41 13 30 196 175 214
41 13 31 196 175 214
41 13 32 158 216 229
41 13 33 158 216 229
41 14 32 158 216 229
41 14 33 158 216 229
41 14 34 158 216 229
41 15 32 158 216 229
41 15 33 158 216 229
41 15 34 158 216 229
41 16 32 158 216 229
41 16 33 158 216 229
41 16 34 158 216 229
41 17 32 158 216 229
41 17 33 158 216 229
41 18 32 158 216 229
41 18 33 158 216 229
41 18 34 158 216 229
41 19 32 158 216 229
41 19 33 158 216 229
41 20 32 158 216 229
41 20 33 158 216 229
41 21 32 158 216 229
41 21 33 158 216 229
41 21 34 158 216 229
41 22 32 158 216 229
41 22 33 158 216 229
41 22 34 158 216 229
41 23 32 158 216 229
41 23 33 158 216 229
41 23 34 158 216 229
41 24 32 158 216 229
41 24 33 158 216 229
41 24 34 158 216 229
41 25 31 158 216 229
41 25 32 158 216 229
41 25 33 158 216 229
41 25 34 158 216 229
41 26 32 158 216 229
41 26 33 158 216 229
41 26 34 158 216 229
41 26 35 158 216 229
41 27 33 158 216 229
42 0 22 43 160 4
42 0 23 43 160 4
42 0 24 43 160 4
42 0 25 43 160 4
42 0 26 43 160 4
42 0 27 43 160 4
42 0 28 43 160 4
42 0 29 43 160 4
42 0 30 43 160 4
42 0 31 43 160 4
42 0 32 43 160 4
42 0 33 43 160 4
42 0 34 43 160 4
42 0 35 43 160 4
42 0 36 43 160 4
42 0 37 43 160 4
42 0 38 43 160 4
42 0 39 43 160 4
42 0 40 43 160 4
42 0 41 43 160 4
42 0 42 43 160 4
42 0 43 43 160 4
42 0 44 43 160 4
42 0 45 43 160 4
42 0 46 43 160 4
42 0 47 43 160 4
42 0 48 43 160 4
42 0 49 43 160 4
42 0 50 43 160 4
42 0 51 43 160 4
42 0 52 43 160 4
42 0 53 43 160 4
42 0 54 43 160 4
42 0 55 43 160 4
42 0 56 43 160 4
42 0 57 43 160 4
42 0 58 43 160 4
42 0 59 43 160 4
42 1 22 255 186 119
42 1 23 255 186 119
42 1 24 255 186 119
42 1 25 255 186 119
42 1 26 255 186 119
42 1 27 255 186 119
42 1 28 255 186 119
42 1 29 255 186 119
42 1 30 255 186 119
42 1 31 255 186 119
42 1 32 255 186 119
42 1 33 255 186 119
42 2 22 255 186 119
42 2 23 255 186 119
42 2 24 255 186 119
42 2 25 255 186 119
42 2 26 255 186 119
42 2 27 255 186 119
42 2 28 255 186 119
42 2 29 255 186 119
42 2 30 255 186 119
42 2 31 255 186 119
42 2 32 255 186 119
42 2 33 255 186 119
42 3 22 255 186 119
42 3 23 255 186 119
42 3 24 255 186 119
42 3 25 255 186 119
42 3 26 255 186 119
42 3 27 255 186 119
42 3 28 255 186 119
42 3 29 255 186 119
42 3 30 255 186 119
42 3 31 255 186 119
42 3 32 255 186 119
42 3 33 255 186 119
42 4 21 255 186 119
42 4 22 255 186 119
42 4 23 255 186 119
42 4 24 255 186 119
42 4 25 255 186 119
42 4 26 255 186 119
42 4 27 255 186 119
42 4 28 255 186 119
42 4 29 255 186 119
42 4 30 255 186 119
42 4 31 255 186 119
42 4 32 255 186 119
42 4 33 255 186 119
42 5 21 255 186 119
42 5 22 255 186 119
42 5 23 255 186 119
42 5 24 255 186 119
42 5 25 255 186 119
42 5 26 255 186 119
42 5 27 255 186 119
42 5 28 255 186 119
42 5 29 255 186 119
42 5 30 255 186 119
42 5 31 255 186 119
42 5 32 255 186 119
42 5 33 255 186 119
42 6 21 255 186 119
42 6 22 255 186 119
42 6 23 255 186 119
42 6 24 255 186 119
42 6 25 255 186 119
42 6 26 255 186 119
42 6 27 255 186 119
42 6 28 255 186 119
42 6 29 255 186 119
42 6 30 255 186 119
42 6 31 255 186 119
42 6 32 255 186 119
42 6 33 158 216 229
42 7 21 255 186 119
42 7 22 255 186 119
42 7 23 255 186 119
42 7 24 255 186 119
42 7 25 255 186 119
42 7 26 255 186 119
42 7 27 255 186 119
42 7 28 255 186 119
42 7 29 255 186 119
42 7 30 255 186 119
42 7 31 255 186 119
42 7 32 255 186 119
42 8 23 255 186 119
42 8 24 255 186 119
42 8 25 255 186 119
42 8 32 158 216 229
42 9 23 255 186 119
42 9 24 255 186 119
42 9 25 255 186 119
42 9 26 255 186 119
42 9 27 255 186 119
42 9 28 255 186 119
42 9 29 255 186 119
42 9 30 255 186 119
42 9 31 255 186 119
42 10 27 255 186 119
42 10 28 255 186 119
42 10 29 255 186 119
42 10 30 255 186 119
42 10 31 255 186 119
42 11 30 196 175 214
42 11 31 158 216 229
42 12 30 196 175 214
42 12 31 196 175 214
42 12 33 158 216 229
42 13 30 196 175 214
42 13 31 158 216 229
42 13 32 158 216 229
42 14 31 158 216 229
42 14 32 158 216 229
42 14 33 158 216 229
42 15 32 158 216 229
42 15 33 158 216 229
42 16 31 158 216 229
42 16 32 158 216 229
42 16 33 158 216 229
42 17 31 158 216 229
42 17 32 158 216 229
42 17 33 158 216 229
42 18 32 158 216 229
42 18 33 158 216 229
42 19 32 158 216 229
42 19 33 158 216 229
42 20 32 158 216 229
42 20 33 158 216 229
42 21 32 158 216 229
42 21 33 158 216 229
42 21 34 158 216 229
42 22 32 158 216 229
42 22 33 158 216 229
42 22 34 158 216 229
42 23 32 158 216 229
42 23 33 158 216 229
42 23 34 158 216 229
42 24 32 158 216 229
42 24 33 158 216 229
42 25 32 158 216 229
42 25 33 158 216 229
42 25 34 158 216 229
42 26 32 158 216 229
42 26 33 158 216 229
43 0 24 43 160 4
43 0 25 43 160 4
43 0 26 43 160 4
43 0 27 43 160 4
43 0 28 43 160 4
43 0 29 43 160 4
43 0 30 43 160 4
43 0 31 43 160 4
43 0 32 43 160 4
43 0 33 43 160 4
43 0 34 43 160 4
43 0 35 43 160 4
43 0 36 43 160 4
43 0 37 43 160 4
43 0 38 43 160 4
43 0 39 43 160 4
43 0 40 43 160 4
43 0 41 43 160 4
43 0 42 43 160 4
43 0 43 43 160 4
43 0 44 43 160 4
43 0 45 43 160 4
43 0 46 43 160 4
43 0 47 43 160 4
43 0 48 43 160 4
43 0 49 43 160 4
43 0 50 43 160 4
43 0 51 43 160 4
43 0 52 43 160 4
43 0 53 43 160 4
43 0 54 43 160 4
43 0 55 43 160 4
43 0 56 43 160 4
43 0 57 43 160 4
43 0 58 43 160 4
43 0 59 43 160 4
43 1 24 255 186 119
43 1 25 255 186 119
43 1 26 255 186 119
43 1 27 255 186 119
43 1 28 255 186 119
43 1 29 255 186 119
43 1 30 255 186 119
43 1 31 255 186 119
43 1 32 255 186 119
43 1 33 255 186 119
43 1 35 158 216 229
43 2 23 255 186 119
43 2 24 255 186 119
43 2 25 255 186 119
43 2 26 255 186 119
43 2 27 255 186 119
43 2 28 255 186 119
43 2 29 255 186 119
43 2 30 255 186 119
43 2 31 255 186 119
43 2 32 255 186 119
43 2 33 255 186 119
43 2 34 158 216 229
43 2 35 158 216 229
43 3 23 255 186 119
43 3 24 255 186 119
43 3 25 255 186 119
43 3 26 255 186 119
43 3 27 255 186 119
43 3 28 255 186 119
43 3 29 255 186 119
43 3 30 255 186 119
43 3 31 255 186 119
43 3 32 255 186 119
43 3 33 255 186 119
43 4 23 255 186 119
43 4 24 255 186 119
43 4 25 255 186 119
43 4 26 255 186 119
43 4 27 255 186 119
43 4 28 255 186 119
43 4 29 255 186 119
43 4 30 255 186 119
43 4 31 255 186 119
43 4 32 255 186 119
43 4 33 255 186 119
43 5 23 255 186 119
43 5 24 255 186 119
43 5 25 255 186 119
43 5 26 255 186 119
43 5 27 255 186 119
43 5 28 255 186 119
43 5 29 255 186 119
43 5 30 255 186 119
43 5 31 255 186 119
43 5 32 255 186 119
43 5 33 255 186 119
43 6 23 255 186 119
43 6 24 255 186 119
43 6 25 255 186 119
43 6 26 255 186 119
43 6 27 255 186 119
43 6 28 255 186 119
43 6 29 255 186 119
43 6 30 255 186 119
43 6 31 255 186 119
43 6 32 255 186 119
43 6 33 158 216 229
43 7 23 255 186 119
43 7 24 255 186 119
43 7 25 255 186 119
43 7 26 255 186 119
43 7 27 255 186 119
43 7 28 255 186 119
43 7 29 255 186 119
43 7 30 255 186 119
43 7 31 255 186 119
43 7 32 255 186 119
43 7 33 158 216 229
43 8 25 255 186 119
43 8 31 255 186 119
43 8 32 255 186 119
43 9 24 255 186 119
43 9 25 255 186 119
43 9 26 255 186 119
43 9 27 255 186 119
43 9 28 255 186 119
43 9 29 255 186 119
43 9 30 255 186 119
43 9 33 158 216 229
43 10 26 255 186 119
43 10 27 255 186 119
43 10 28 255 186 119
43 10 29 255 186 119
43 10 30 255 186 119
43 10 31 255 186 119
43 11 30 196 175 214
43 11 31 158 216 229
43 12 30 196 175 214
43 12 31 158 216 229
43 13 30 196 175 214
43 13 31 158 216 229
43 13 32 158 216 229
43 14 31 158 216 229
43 14 32 158 216 229
43 14 33 158 216 229
43 15 31 158 216 229
43 15 32 158 216 229
43 15 33 158 216 229
43 16 31 158 216 229
43 16 32 158 216 229
43 16 33 158 216 229
43 17 31 158 216 229
43 17 32 158 216 229
43 17 33 158 216 229
43 18 31 158 216 229
43 18 32 158 216 229
43 18 33 158 216 229
43 19 31 158 216 229
43 19 32 158 216 229
43 19 33 158 216 229
43 20 32 158 216 229
43 20 33 158 216 229
43 21 32 158 216 229
43 21 33 158 216 229
43 22 32 158 216 229
43 22 33 158 216 229
43 23 32 158 216 229
43 23 33 158 216 229
43 24 31 158 216 229
43 24 32 158 216 229
43 24 33 158 216 229
43 25 32 158 216 229
43 25 33 158 216 229
43 25 34 158 216 229
43 26 32 158 216 229
43 26 33 158 216 229
44 0 25 43 160 4
44 0 26 43 160 4
44 0 27 43 160 4
44 0 28 43 160 4
44 0 29 43 160 4
44 0 30 43 160 4
44 0 31 43 160 4
44 0 32 43 160 4
44 0 33 43 160 4
44 0 34 43 160 4
44 0 35 43 160 4
44 0 36 43 160 4
44 0 37 43 160 4
44 0 38 43 160 4
44 0 39 43 160 4
44 0 40 43 160 4
44 0 41 43 160 4
44 0 42 43 160 4
44 0 43 43 160 4
44 0 44 43 160 4
44 0 45 43 160 4
44 0 46 43 160 4
44 0 47 43 160 4
44 0 48 43 160 4
44 0 49 43 160 4
44 0 50 43 160 4
44 0 51 43 160 4
44 0 52 43 160 4
44 0 53 43 160 4
44 0 54 43 160 4
44 0 55 43 160 4
44 0 56 43 160 4
44 0 57 43 160 4
44 0 58 43 160 4
44 0 59 43 160 4
44 1 25 255 186 119
44 1 26 255 186 119
44 1 27 255 186 119
44 1 28 255 186 119
44 1 29 255 186 119
44 1 30 255 186 119
44 1 31 255 186 119
44 1 32 255 186 119
44 1 33 255 186 119
44 2 25 255 186 119
44 2 26 255 186 119
44 2 27 255 186 119
44 2 28 255 186 119
44 2 29 255 186 119
44 2 30 255 186 119
44 2 31 255 186 119
44 2 32 255 186 119
44 2 33 255 186 119
44 3 25 255 186 119
44 3 26 255 186 119
44 3 27 255 186 119
44 3 28 255 186 119
44 3 29 255 186 119
44 3 30 255 186 119
44 3 31 255 186 119
44 3 32 255 186 119
44 3 33 255 186 119
44 4 25 255 186 119
44 4 26 255 186 119
44 4 27 255 186 119
44 4 28 255 186 119
44 4 29 255 186 119
44 4 30 255 186 119
44 4 31 255 186 119
44 4 32 255 186 119
44 4 33 255 186 119
44 5 25 255 186 119
44 5 26 255 186 119
44 5 27 255 186 119
44 5 28 255 186 119
44 5 29 255 186 119
44 5 30 255 186 119
44 5 31 255 186 119
44 5 32 255 186 119
44 5 33 255 186 119
44 6 25 255 186 119
44 6 26 255 186 119
44 6 27 255 186 119
44 6 28 255 186 119
44 6 29 255 186 119
44 6 30 255 186 119
44 6 31 255 186 119
44 6 32 255 186 119
44 6 33 158 216 229
44 7 25 255 186 119
44 7 26 255 186 119
44 7 27 255 186 119
44 7 28 255 186 119
44 7 29 255 186 119
44 7 30 255 186 119
44 7 31 255 186 119
44 7 32 255 186 119
44 8 25 255 186 119
44 8 26 255 186 119
44 8 31 255 186 119
44 8 32 255 186 119
44 9 24 255 186 119
44 9 25 255 186 119
44 9 26 255 186 119
44 9 27 255 186 119
44 9 28 255 186 119
44 9 29 255 186 119
44 10 26 255 186 119
44 10 27 255 186 119
44 10 28 255 186 119
44 10 29 255 186 119
44 10 30 255 186 119
44 10 31 255 186 119
44 11 30 196 175 214
44 11 31 158 216 229
44 12 30 196 175 214
44 12 31 158 216 229
44 13 30 196 175 214
44 13 31 158 216 229
44 14 30 196 175 214
44 14 31 196 175 214
44 14 32 158 216 229
44 14 33 158 216 229
44 15 31 158 216 229
44 15 32 158 216 229
44 15 33 158 216 229
44 16 31 158 216 229
44 16 32 158 216 229
44 16 33 158 216 229
44 17 31 158 216 229
44 17 32 158 216 229
44 17 33 158 216 229
44 18 31 158 216 229
44 18 32 158 216 229
44 18 33 158 216 229
44 19 31 158 216 229
44 19 32 158 216 229
44 19 33 158 216 229
44 19 34 158 216 229
44 20 31 158 216 229
44 20 32 158 216 229
44 20 33 158 216 229
44 21 31 158 216 229
44 21 32 158 216 229
44 21 33 158 216 229
44 22 30 158 216 229
44 22 31 158 216 229
44 22 32 158 216 229
44 22 33 158 216 229
44 23 30 158 216 229
44 23 31 158 216 229
44 23 32 158 216 229
44 23 33 158 216 229
44 24 31 158 216 229
44 24 32 158 216 229
44 24 33 158 216 229
44 25 30 158 216 229
44 25 32 158 216 229
44 25 33 158 216 229
44 26 32 158 216 229
44 26 33 158 216 229
45 0 27 43 160 4
45 0 28 43 160 4
45 0 29 43 160 4
45 0 30 43 160 4
45 0 31 43 160 4
45 0 32 43 160 4
45 0 33 43 160 4
45 0 34 43 160 4
45 0 35 43 160 4
45 0 36 43 160 4
45 0 37 43 160 4
45 0 38 43 160 4
45 0 39 43 160 4
45 0 40 43 160 4
45 0 41 43 160 4
45 0 42 43 160 4
45 0 43 43 160 4
45 0 44 43 160 4
45 0 45 43 160 4
45 0 46 43 160 4
45 0 47 43 160 4
45 0 48 43 160 4
45 0 49 43 160 4
45 0 50 43 160 4
45 0 51 43 160 4
45 0 52 43 160 4
45 0 53 43 160 4
45 0 54 43 160 4
45 0 55 43 160 4
45 0 56 43 160 4
45 0 57 43 160 4
45 0 58 43 160 4
45 0 59 43 160 4
45 1 27 255 186 119
45 1 28 255 186 119
45 1 29 255 186 119
45 1 30 255 186 119
45 1 31 255 186 119
45 1 32 255 186 119
45 1 33 255 186 119
45 1 35 158 216 229
45 2 27 255 186 119
45 2 28 255 186 119
45 2 29 255 186 119
45 2 30 255 186 119
45 2 31 255 186 119
45 2 32 255 186 119
45 2 33 255 186 119
45 2 34 158 216 229
45 2 35 158 216 229
45 3 27 255 186 119
45 3 28 255 186 119
45 3 29 255 186 119
45 3 30 255 186 119
45 3 31 255 186 119
45 3 32 255 186 119
45 3 33 255 186 119
45 4 26 255 186 119
45 4 27 255 186 119
45 4 28 255 186 119
45 4 29 255 186 119
45 4 30 255 186 119
45 4 31 255 186 119
45 4 32 255 186 119
45 4 33 255 186 119
45 5 26 255 186 119
45 5 27 255 186 119
45 5 28 255 186 119
45 5 29 255 186 119
45 5 30 255 186 119
45 5 31 255 186 119
45 5 32 255 186 119
45 5 33 255 186 119
45 6 26 255 186 119
45 6 27 255 186 119
45 6 28 255 186 119
45 6 29 255 186 119
45 6 30 255 186 119
45 6 31 255 186 119
45 6 32 255 186 119
45 6 33 158 216 229
45 7 26 255 186 119
45 7 27 255 186 119
45 7 28 255 186 119
45 7 29 255 186 119
45 7 30 255 186 119
45 7 31 255 186 119
45 7 32 255 186 119
45 8 28 255 186 119
45 8 29 255 186 119
45 8 30 255 186 119
45 8 31 255 186 119
45 9 26 255 186 119
45 9 27 255 186 119
45 9 28 255 186 119
45 9 29 255 186 119
45 9 30 255 186 119
45 9 32 255 186 119
45 10 25 255 186 119
45 10 26 255 186 119
45 10 27 255 186 119
45 10 28 255 186 119
45 10 29 255 186 119
45 10 30 255 186 119
45 10 31 255 186 119
45 11 29 196 175 214
45 11 30 196 175 214
45 11 31 158 216 229
45 12 29 196 175 214
45 12 30 196 175 214
45 12 31 158 216 229
45 13 30 196 175 214
45 13 31 158 216 229
45 14 30 196 175 214
45 14 31 158 216 229
45 14 32 158 216 229
45 14 33 158 216 229
45 15 31 158 216 229
45 15 32 158 216 229
45 15 33 158 216 229
45 16 31 158 216 229
45 16 32 158 216 229
45 16 33 158 216 229
45 17 31 158 216 229
45 17 32 158 216 229
45 17 33 158 216 229
45 18 31 158 216 229
45 18 32 158 216 229
45 18 33 158 216 229
45 19 31 158 216 229
45 19 32 158 216 229
45 19 33 158 216 229
45 20 31 158 216 229
45 20 32 158 216 229
45 20 33 158 216 229
45 21 31 158 216 229
45 21 32 158 216 229
45 21 33 158 216 229
45 22 30 158 216 229
45 22 31 158 216 229
45 22 32 158 216 229
45 23 30 158 216 229
45 23 31 158 216 229
45 23 32 158 216 229
45 24 30 158 216 229
45 24 31 158 216 229
45 24 32 158 216 229
45 24 33 158 216 229
45 25 30 158 216 229
45 25 31 158 216 229
45 25 32 158 216 229
45 25 33 158 216 229
45 26 32 158 216 229
45 26 33 158 216 229
46 0 29 43 160 4
46 0 30 43 160 4
46 0 31 43 160 4
46 0 32 43 160 4
46 0 33 43 160 4
46 0 34 43 160 4
46 0 35 43 160 4
46 0 36 43 160 4
46 0 37 43 160 4
46 0 38 43 160 4
46 0 39 43 160 4
46 0 40 43 160 4
46 0 41 43 160 4
46 0 42 43 160 4
46 0 43 43 160 4
46 0 44 43 160 4
46 0 45 43 160 4
46 0 46 43 160 4
46 0 47 43 160 4
46 0 48 43 160 4
46 0 49 43 160 4
46 0 50 43 160 4
46 0 51 43 160 4
46 0 52 43 160 4
46 0 53 43 160 4
46 0 54 43 160 4
46 0 55 43 160 4
46 0 56 43 160 4
46 0 57 43 160 4
46 0 58 43 160 4
46 0 59 43 160 4
46 1 29 255 186 119
46 1 30 255 186 119
46 1 31 255 186 119
46 1 32 255 186 119
46 1 33 255 186 119
46 2 28 255 186 119
46 2 29 255 186 119
46 2 30 255 186 119
46 2 31 255 186 119
46 2 32 255 186 119
46 2 33 255 186 119
46 2 34 158 216 229
46 2 35 158 216 229
46 3 28 255 186 119
46 3 29 255 186 119
46 3 30 255 186 119
46 3 31 255 186 119
46 3 32 255 186 119
46 3 33 255 186 119
46 3 34 158 216 229
46 3 35 158 216 229
46 4 28 255 186 119
46 4 29 255 186 119
46 4 30 255 186 119
46 4 31 255 186 119
46 4 32 255 186 119
46 4 33 255 186 119
46 5 28 255 186 119
46 5 29 255 186 119
46 5 30 255 186 119
46 5 31 255 186 119
46 5 32 255 186 119
46 5 33 255 186 119
46 6 28 255 186 119
46 6 29 255 186 119
46 6 30 255 186 119
46 6 31 255 186 119
46 6 32 255 186 119
46 6 33 158 216 229
46 7 28 255 186 119
46 7 29 255 186 119
46 7 30 255 186 119
46 7 31 255 186 119
46 7 32 255 186 119
46 8 28 255 186 119
46 8 29 255 186 119
46 8 30 255 186 119
46 8 31 255 186 119
46 9 27 255 186 119
46 9 28 255 186 119
46 9 29 255 186 119
46 9 30 255 186 119
46 9 32 158 216 229
46 10 27 255 186 119
46 10 28 255 186 119
46 10 29 255 186 119
46 10 30 255 186 119
46 10 32 158 216 229
46 11 29 196 175 214
46 11 30 255 186 119
46 11 32 158 216 229
46 12 29 196 175 214
46 12 30 196 175 214
46 12 32 158 216 229
46 13 29 196 175 214
46 13 30 196 175 214
46 13 31 158 216 229
46 14 30 158 216 229
46 14 31 158 216 229
46 14 32 158 216 229
46 15 30 158 216 229
46 15 31 158 216 229
46 15 32 158 216 229
46 15 33 158 216 229
46 16 30 158 216 229
46 16 31 158 216 229
46 16 32 158 216 229
46 17 31 158 216 229
46 17 32 158 216 229
46 18 31 158 216 229
46 18 32 158 216 229
46 19 30 158 216 229
46 19 31 158 216 229
46 19 32 158 216 229
46 19 33 158 216 229
46 20 30 158 216 229
46 20 31 158 216 229
46 20 32 158 216 229
46 20 33 158 216 229
46 21 30 158 216 229
46 21 31 158 216 229
46 21 32 158 216 229
46 21 33 158 216 229
46 22 30 158 216 229
46 22 31 158 216 229
46 22 32 158 216 229
46 23 30 158 216 229
46 23 31 158 216 229
46 23 32 158 216 229
46 24 31 158 216 229
46 24 32 158 216 229
46 25 30 158 216 229
46 25 31 158 216 229
46 25 32 158 216 229
46 25 34 158 216 229
46 26 32 158 216 229
46 26 33 158 216 229
47 0 30 43 160 4
47 0 31 43 160 4
47 0 32 43 160 4
47 0 33 43 160 4
47 0 34 43 160 4
47 0 35 43 160 4
47 0 36 43 160 4
47 0 37 43 160 4
47 0 38 43 160 4
47 0 39 43 160 4
47 0 40 43 160 4
47 0 41 43 160 4
47 0 42 43 160 4
47 0 43 43 160 4
47 0 44 43 160 4
47 0 45 43 160 4
47 0 46 43 160 4
47 0 47 43 160 4
47 0 48 43 160 4
47 0 49 43 160 4
47 0 50 43 160 4
47 0 51 43 160 4
47 0 52 43 160 4
47 0 53 43 160 4
47 0 54 43 160 4
47 0 55 43 160 4
47 0 56 43 160 4
47 0 57 43 160 4
47 0 58 43 160 4
47 0 59 43 160 4
47 1 30 255 186 119
47 1 31 255 186 119
47 1 32 255 186 119
47 1 33 255 186 119
47 1 34 158 216 229
47 1 35 158 216 229
47 2 30 255 186 119
47 2 31 255 186 119
47 2 32 255 186 119
47 2 33 255 186 119
47 2 34 158 216 229
47 2 35 158 216 229
47 3 30 255 186 119
47 3 31 255 186 119
47 3 32 255 186 119
47 3 33 255 186 119
47 4 30 255 186 119
47 4 31 255 186 119
47 4 32 255 186 119
47 4 33 255 186 119
47 5 30 255 186 119
47 5 31 255 186 119
47 5 32 255 186 119
47 5 33 255 186 119
47 6 29 255 186 119
47 6 30 255 186 119
47 6 31 255 186 119
47 6 32 255 186 119
47 7 29 255 186 119
47 7 30 255 186 119
47 7 31 255 186 119
47 8 30 255 186 119
47 9 29 255 186 119
47 10 29 255 186 119
47 10 30 255 186 119
47 10 32 158 216 229
47 11 29 255 186 119
47 11 30 255 186 119
47 12 28 196 175 214
47 12 29 196 175 214
47 12 30 158 216 229
47 13 28 196 175 214
47 13 29 158 216 229
47 13 30 158 216 229
47 13 31 158 216 229
47 14 30 158 216 229
47 14 31 158 216 229
47 14 32 158 216 229
47 15 30 158 216 229
47 15 31 158 216 229
47 15 32 158 216 229
47 16 30 158 216 229
47 16 31 158 216 229
47 16 32 158 216 229
47 17 30 158 216 229
47 17 31 158 216 229
47 17 32 158 216 229
47 18 30 158 216 229
47 18 31 158 216 229
47 18 32 158 216 229
47 19 30 158 216 229
47 19 31 158 216 229
47 19 32 158 216 229
47 20 30 158 216 229
47 20 31 158 216 229
47 20 32 158 216 229
47 21 30 158 216 229
47 21 31 158 216 229
47 21 32 158 216 229
47 22 30 158 216 229
47 22 31 158 216 229
47 22 32 158 216 229
47 23 30 158 216 229
47 23 31 158 216 229
47 23 32 158 216 229
47 24 30 158 216 229
47 24 31 158 216 229
47 24 32 158 216 229
47 25 31 158 216 229
47 25 32 158 216 229
47 26 32 158 216 229
48 0 32 43 160 4
48 0 33 43 160 4
48 0 34 43 160 4
48 0 35 43 160 4
48 0 36 43 160 4
48 0 37 43 160 4
48 0 38 43 160 4
48 0 39 43 160 4
48 0 40 43 160 4
48 0 41 43 160 4
48 0 42 43 160 4
48 0 43 43 160 4
48 0 44 43 160 4
48 0 45 43 160 4
48 0 46 43 160 4
48 0 47 43 160 4
48 0 48 43 160 4
48 0 49 43 160 4
48 0 50 43 160 4
48 0 51 43 160 4
48 0 52 43 160 4
48 0 53 43 160 4
48 0 54 43 160 4
48 0 55 43 160 4
48 0 56 43 160 4
48 0 57 43 160 4
48 0 58 43 160 4
48 0 59 43 160 4
48 1 32 255 186 119
48 2 32 255 186 119
48 3 32 255 186 119
48 3 33 255 186 119
48 4 31 255 186 119
48 4 32 255 186 119
48 4 33 255 186 119
48 5 31 255 186 119
48 5 32 255 186 119
48 5 33 255 186 119
48 6 31 255 186 119
48 6 32 255 186 119
48 7 31 255 186 119
48 8 31 255 186 119
48 10 30 255 186 119
48 11 30 158 216 229
48 11 31 158 216 229
48 12 30 158 216 229
48 12 31 158 216 229
48 13 30 158 216 229
48 13 32 158 216 229
48 14 30 158 216 229
48 14 31 158 216 229
48 15 30 158 216 229
48 15 31 158 216 229
48 15 32 158 216 229
48 16 30 158 216 229
48 16 31 158 216 229
48 16 32 158 216 229
48 17 29 158 216 229
48 17 30 158 216 229
48 17 31 158 216 229
48 17 32 158 216 229
48 18 30 158 216 229
48 18 31 158 216 229
48 19 30 158 216 229
48 19 31 158 216 229
48 20 30 158 216 229
48 20 31 158 216 229
48 21 30 158 216 229
48 21 31 158 216 229
48 22 30 158 216 229
48 22 31 158 216 229
48 22 32 158 216 229
48 23 30 158 216 229
48 23 31 158 216 229
48 23 32 158 216 229
48 24 29 158 216 229
48 24 30 158 216 229
48 24 31 158 216 229
48 24 32 158 216 229
48 25 31 158 216 229
48 25 32 158 216 229
48 26 32 158 216 229
48 26 33 158 216 229
49 0 34 43 160 4
49 0 35 43 160 4
49 0 36 43 160 4
49 0 37 43 160 4
49 0 38 43 160 4
49 0 39 43 160 4
49 0 40 43 160 4
49 0 41 43 160 4
49 0 42 43 160 4
49 0 43 43 160 4
49 0 44 43 160 4
49 0 45 43 160 4
49 0 46 43 160 4
49 0 47 43 160 4
49 0 48 43 160 4
49 0 49 43 160 4
49 0 50 43 160 4
49 0 51 43 160 4
49 0 52 43 160 4
49 0 53 43 160 4
49 0 54 43 160 4
49 0 55 43 160 4
49 0 56 43 160 4
49 0 57 43 160 4
49 0 58 43 160 4
49 0 59 43 160 4
49 1 34 158 216 229
49 2 33 255 186 119
49 3 33 255 186 119
49 4 33 255 186 119
49 5 33 255 186 119
49 8 32 158 216 229
49 9 32 158 216 229
49 10 32 158 216 229
49 13 32 158 216 229
49 14 31 158 216 229
49 15 31 158 216 229
49 15 32 158 216 229
49 16 31 158 216 229
49 17 31 158 216 229
49 18 31 158 216 229
49 19 31 158 216 229
49 19 32 158 216 229
49 20 31 158 216 229
49 21 30 158 216 229
49 21 31 158 216 229
49 22 30 158 216 229
49 22 31 158 216 229
49 23 30 158 216 229
49 23 31 158 216 229
49 24 30 158 216 229
49 24 31 158 216 229
49 25 31 158 216 229
50 0 35 43 160 4
50 0 36 43 160 4
50 0 37 43 160 4
50 0 38 43 160 4
50 0 39 43 160 4
50 0 40 43 160 4
50 0 41 43 160 4
50 0 42 43 160 4
50 0 43 43 160 4
50 0 44 43 160 4
50 0 45 43 160 4
50 0 46 43 160 4
50 0 47 43 160 4
50 0 48 43 160 4
50 0 49 43 160 4
50 0 50 43 160 4
50 0 51 43 160 4
50 0 52 43 160 4
50 0 53 43 160 4
50 0 54 43 160 4
50 0 55 43 160 4
50 0 56 43 160 4
50 0 57 43 160 4
50 0 58 43 160 4
50 0 59 43 160 4
50 2 35 158 216 229
50 18 32 158 216 229
50 19 32 158 216 229
50 24 32 158 216 229
50 31 41 214 38 40
51 0 37 43 160 4
51 0 38 43 160 4
51 0 39 43 160 4
51 0 40 43 160 4
51 0 41 43 160 4
51 0 42 43 160 4
51 0 43 43 160 4
51 0 44 43 160 4
51 0 45 43 160 4
51 0 46 43 160 4
51 0 47 43 160 4
51 0 48 43 160 4
51 0 49 43 160 4
51 0 50 43 160 4
51 0 51 43 160 4
51 0 52 43 160 4
51 0 53 43 160 4
51 0 54 43 160 4
51 0 55 43 160 4
51 0 56 43 160 4
51 0 57 43 160 4
51 0 58 43 160 4
51 0 59 43 160 4
51 31 41 214 38 40
52 0 39 43 160 4
52 0 40 43 160 4
52 0 41 43 160 4
52 0 42 43 160 4
52 0 43 43 160 4
52 0 44 43 160 4
52 0 45 43 160 4
52 0 46 43 160 4
52 0 47 43 160 4
52 0 48 43 160 4
52 0 49 43 160 4
52 0 50 43 160 4
52 0 51 43 160 4
52 0 52 43 160 4
52 0 53 43 160 4
52 0 54 43 160 4
52 0 55 43 160 4
52 0 56 43 160 4
52 0 57 43 160 4
52 0 58 43 160 4
52 0 59 43 160 4
52 31 41 214 38 40
53 0 40 43 160 4
53 0 41 43 160 4
53 0 42 43 160 4
53 0 43 43 160 4
53 0 44 43 160 4
53 0 45 43 160 4
53 0 46 43 160 4
53 0 47 43 160 4
53 0 48 43 160 4
53 0 49 43 160 4
53 0 50 43 160 4
53 0 51 43 160 4
53 0 52 43 160 4
53 0 53 43 160 4
53 0 54 43 160 4
53 0 55 43 160 4
53 0 56 43 160 4
53 0 57 43 160 4
53 0 58 43 160 4
53 0 59 43 160 4
54 0 42 43 160 4
54 0 43 43 160 4
54 0 44 43 160 4
54 0 45 43 160 4
54 0 46 43 160 4
54 0 47 43 160 4
54 0 48 43 160 4
54 0 49 43 160 4
54 0 50 43 160 4
54 0 51 43 160 4
54 0 52 43 160 4
54 0 53 43 160 4
54 0 54 43 160 4
54 0 55 43 160 4
54 0 56 43 160 4
54 0 57 43 160 4
54 0 58 43 160 4
54 0 59 43 160 4
55 0 44 43 160 4
55 0 45 43 160 4
55 0 46 43 160 4
55 0 47 43 160 4
55 0 48 43 160 4
55 0 49 43 160 4
55 0 50 43 160 4
55 0 51 43 160 4
55 0 52 43 160 4
55 0 53 43 160 4
55 0 54 43 160 4
55 0 55 43 160 4
55 0 56 43 160 4
55 0 57 43 160 4
55 0 58 43 160 4
55 0 59 43 160 4
56 0 45 43 160 4
56 0 46 43 160 4
56 0 47 43 160 4
56 0 48 43 160 4
56 0 49 43 160 4
56 0 50 43 160 4
56 0 51 43 160 4
56 0 52 43 160 4
56 0 53 43 160 4
56 0 54 43 160 4
56 0 55 43 160 4
56 0 56 43 160 4
56 0 57 43 160 4
56 0 58 43 160 4
56 0 59 43 160 4
57 0 47 43 160 4
57 0 48 43 160 4
57 0 49 43 160 4
57 0 50 43 160 4
57 0 51 43 160 4
57 0 52 43 160 4
57 0 53 43 160 4
57 0 54 43 160 4
57 0 55 43 160 4
57 0 56 43 160 4
57 0 57 43 160 4
57 0 58 43 160 4
57 0 59 43 160 4
58 0 49 43 160 4
58 0 50 43 160 4
58 0 51 43 160 4
58 0 52 43 160 4
58 0 53 43 160 4
58 0 54 43 160 4
58 0 55 43 160 4
58 0 56 43 160 4
58 0 57 43 160 4
58 0 58 43 160 4
58 0 59 43 160 4
59 0 50 43 160 4
59 0 51 43 160 4
59 0 52 43 160 4
59 0 53 43 160 4
59 0 54 43 160 4
59 0 55 43 160 4
59 0 56 43 160 4
59 0 57 43 160 4
59 0 58 43 160 4
59 0 59 43 160 4
